truc,pair,bien,lag,n,F,q,p_tiem_can,p_hac,cot_manh,he_so,t_manh,dau,p_hoan_vi,p_wy,q_fdr
bien_do,AUDUSD,DGS2,1,3050,4.424535460162145,6,0.0001835615911964794,0.003929359230696927,DGS2_ad1_L1,-0.022167515138630065,-3.2352698901781594,-1,0.061938061938061936,1.0,0.2543171114599686
bien_do,AUDUSD,DGS2,2,3050,3.9053220875433343,6,0.0006851773445450959,0.0018792942139755908,DGS2_ad1_L2,-0.021989318223536298,-3.329481767463474,-1,0.1038961038961039,1.0,0.35467980295566504
bien_do,AUDUSD,DGS2,5,3050,3.837887473312398,6,0.000811460620152249,0.0592452568546844,DGS2_ad1_L5,0.020196051384002482,3.0255610348087814,1,0.11288711288711288,1.0,0.36566676566676565
bien_do,AUDUSD,DGS10,1,3050,5.807095426696297,6,4.998626997543276e-06,1.969085714481622e-07,DGS10_rv20_L1,0.03386355338520615,3.214698654113755,1,0.029970029970029972,0.99000999000999,0.17625938418017625
bien_do,AUDUSD,DGS10,2,3050,5.330801706324126,6,1.752108950081599e-05,6.446123474446175e-06,DGS10_rv20_L2,0.034096654899676025,3.252597189303741,1,0.04295704295704296,0.997002997002997,0.21442423123095394
bien_do,AUDUSD,DGS10,5,3050,10.654396739095345,6,9.563350111818636e-12,1.5278112108774167e-11,DGS10_ad1_L5,0.05960128088726447,6.789961745930023,1,0.000999000999000999,0.2757242757242757,0.016483516483516484
bien_do,AUDUSD,T10Y2Y,1,3050,2.9663616626473805,6,0.006866394563463718,0.009013256526923086,T10Y2Y_ad1_L1,-0.02369971598411201,-2.58125149849568,-1,0.21678321678321677,1.0,0.49526627218934915
bien_do,AUDUSD,T10Y2Y,2,3050,3.0414829217355854,6,0.00573672835861172,0.0301690069754319,T10Y2Y_ad1_L2,-0.025462558932914908,-2.8331767515913677,-1,0.2017982017982018,1.0,0.48529608043778083
bien_do,AUDUSD,T10Y2Y,5,3050,10.640197056064112,6,9.945599899197077e-12,1.8627832609752204e-10,T10Y2Y_ad1_L5,0.06146958450646195,6.840819724654341,1,0.000999000999000999,0.27672327672327673,0.016483516483516484
bien_do,AUDUSD,DFII10,1,3050,9.801464387581289,6,1.0028156083308204e-10,3.790812108661612e-11,DFII10_ad5_L1,0.04240296267768822,4.572596764540385,1,0.000999000999000999,0.3946053946053946,0.016483516483516484
bien_do,AUDUSD,DFII10,2,3050,7.478990877799884,6,5.6831856776184964e-08,1.4597451591935595e-07,DFII10_ad1_L2,-0.030907873713353195,-3.644757722333263,-1,0.002997002997002997,0.8601398601398601,0.03787701660042085
bien_do,AUDUSD,DFII10,5,3050,10.097800050536206,6,4.4368064777700056e-11,2.6930080387899125e-10,DFII10_ad1_L5,0.04912686164880536,5.845913035368292,1,0.001998001998001998,0.34565434565434566,0.02967032967032967
bien_do,AUDUSD,VIXCLS,1,3050,15.711901672141055,6,1.1102230246251565e-16,1.790487647035377e-09,VIXCLS_lv_L1,0.09499205749445888,5.894688230823678,1,0.000999000999000999,0.04195804195804196,0.016483516483516484
bien_do,AUDUSD,VIXCLS,2,3050,10.272526954736852,6,2.741740168232809e-11,1.7440482391606338e-10,VIXCLS_lv_L2,0.0807484884553997,4.953179782925973,1,0.000999000999000999,0.3196803196803197,0.016483516483516484
bien_do,AUDUSD,VIXCLS,5,3050,10.283538515564544,6,2.65978350455498e-11,1.823212304463695e-07,VIXCLS_ad1_L5,0.06004855609808015,4.732347888697098,1,0.002997002997002997,0.3196803196803197,0.03787701660042085
bien_do,AUDUSD,GVZCLS,1,3050,9.414509958785294,6,2.903193241365898e-10,1.0671441064147302e-08,GVZCLS_lv_L1,0.09383787707657873,5.548424902891278,1,0.000999000999000999,0.4565434565434565,0.016483516483516484
bien_do,AUDUSD,GVZCLS,2,3050,7.258091567794166,6,1.0322379884186716e-07,3.6497974409410716e-07,GVZCLS_lv_L2,0.08049432091175322,4.745156293402246,1,0.006993006993006993,0.8751248751248751,0.06923076923076923
bien_do,AUDUSD,GVZCLS,5,3050,7.0178113457404505,6,1.9724886946015374e-07,8.622213457654127e-07,GVZCLS_lv_L5,0.06885575871425378,4.080791683482471,1,0.00999000999000999,0.9020979020979021,0.08241758241758242
bien_do,AUDUSD,OVXCLS,1,3050,7.902189618906695,6,1.8050201222585827e-08,0.011504054872893965,OVXCLS_lv_L1,0.08495108955866917,5.397558387861547,1,0.004995004995004995,0.8121878121878122,0.055981754094961644
bien_do,AUDUSD,OVXCLS,2,3050,5.446402348894816,6,1.2936748899128325e-05,0.023272107435175937,OVXCLS_lv_L2,0.0743179706581201,4.708402161729484,1,0.04295704295704296,0.996003996003996,0.21442423123095394
bien_do,AUDUSD,OVXCLS,5,3050,5.046381015175784,6,3.68356409280457e-05,0.28226362121851034,OVXCLS_lv_L5,0.06394734603856066,4.068482285216753,1,0.03796203796203796,0.997002997002997,0.20133437990580846
bien_do,AUDUSD,DCOILBRENTEU,1,3050,4.544663993961434,6,0.00013489406618738542,0.0018004304902025092,DCOILBRENTEU_ad1_L1,-0.032878813694212,-4.051691757965441,-1,0.07692307692307693,1.0,0.28737300435413643
bien_do,AUDUSD,DCOILBRENTEU,2,3050,5.094921093374846,6,3.245957617270534e-05,0.009323268633968707,DCOILBRENTEU_ad1_L2,-0.03157276611268587,-3.9970856782478204,-1,0.03496503496503497,0.997002997002997,0.19410496046010065
bien_do,AUDUSD,DCOILBRENTEU,5,3050,8.251968934349804,6,6.972524002613056e-09,3.6019266499653924e-05,DCOILBRENTEU_ad1_L5,0.04789898557132255,5.954965548746153,1,0.002997002997002997,0.7262737262737263,0.03787701660042085
bien_do,AUDUSD,NIKKEI225,1,3045,3.1843175458323363,6,0.004065817008425565,0.03571552267242051,NIKKEI225_d5_L1,-0.021319557859482436,-2.469371817401157,-1,0.20279720279720279,1.0,0.48573200992555826
bien_do,AUDUSD,NIKKEI225,2,3044,3.879628486682164,6,0.0007308780271070292,0.00018790140966984392,NIKKEI225_ad1_L2,-0.028583821743491458,-3.383676509672258,-1,0.13886113886113885,1.0,0.4043309631544926
bien_do,AUDUSD,NIKKEI225,5,3044,5.283603837514421,6,1.9829333949061834e-05,0.0026043871555864184,NIKKEI225_ad1_L5,0.03557837730520935,4.187812850115411,1,0.04495504495504495,0.997002997002997,0.21709997319753416
bien_do,AUDUSD,chenh_ls,1,3050,3.047081053914392,5,0.009521869628771107,0.01622127598073353,abs_d_ls_usd_L1,0.1257071093857265,3.5580745191987133,1,0.4935064935064935,1.0,0.7515479444413454
bien_do,AUDUSD,chenh_ls,2,3050,3.047081053914392,5,0.009521869628771107,0.01622127598073353,abs_d_ls_usd_L2,0.1257071093857265,3.5580745191987133,1,0.5174825174825175,1.0,0.762740981103264
bien_do,AUDUSD,chenh_ls,5,3050,3.047081053914392,5,0.009521869628771107,0.01622127598073353,abs_d_ls_usd_L5,0.1257071093857265,3.5580745191987133,1,0.5064935064935064,1.0,0.7574134408305263
bien_do,AUDUSD,su_kien_phi_nhtw,1,3050,56.45308727078483,3,1.1102230246251565e-16,0.0,sk_ngay_L1,-0.19577611391112662,-11.42095796647057,-1,0.000999000999000999,0.003996003996003996,0.016483516483516484
bien_do,AUDUSD,su_kien_phi_nhtw,2,3050,19.731204753329887,3,1.1501910535116622e-12,9.992007221626409e-16,sk_ngay_L2,-0.12612270821861904,-6.778655827585612,-1,0.000999000999000999,0.02097902097902098,0.016483516483516484
bien_do,AUDUSD,su_kien_phi_nhtw,5,3050,18.606480910007797,3,5.8585358786444885e-12,7.993605777301127e-15,sk_ngay_L5,0.09920595939550109,5.723467503427524,1,0.000999000999000999,0.023976023976023976,0.016483516483516484
bien_do,EURUSD,DGS2,1,3050,2.7826566690093073,6,0.010612326541438177,0.03670286237249176,DGS2_d1_L1,0.015450588846151029,2.1489758665178154,1,0.26373626373626374,1.0,0.5598571040267153
bien_do,EURUSD,DGS2,2,3050,5.3742091122832125,6,1.5636237330807212e-05,3.8637754606662966e-05,DGS2_ad5_L2,0.033382798316497875,4.575609498914081,1,0.03296703296703297,0.997002997002997,0.18649921507064365
bien_do,EURUSD,DGS2,5,3050,3.883518549439385,6,0.0007237337620399353,0.0012216303452113886,DGS2_ad1_L5,0.028345376186396497,3.9572414076871816,1,0.1028971028971029,1.0,0.35329987931143997
bien_do,EURUSD,DGS10,1,3050,1.953630334207468,6,0.06883509167541713,0.14381909523789738,DGS10_d1_L1,0.018395775857063763,1.8131181744794937,1,0.4255744255744256,1.0,0.7002526559313264
bien_do,EURUSD,DGS10,2,3050,4.531793230194199,6,0.00013942824739643367,5.8366040311730316e-05,DGS10_ad1_L2,-0.03657346008200837,-3.8505108058276973,-1,0.06593406593406594,1.0,0.2576633892423366
bien_do,EURUSD,DGS10,5,3050,7.180223183187867,6,1.2735092658200386e-07,7.293209480785379e-09,DGS10_ad1_L5,0.05749182803874447,6.082779922529767,1,0.008991008991008992,0.8891108891108891,0.07971133344267674
bien_do,EURUSD,T10Y2Y,1,3050,0.8477613961585367,6,0.5328744444745513,0.5244120137973463,T10Y2Y_lv_L1,-0.009426469111754522,-1.0491105518400663,-1,0.8371628371628371,1.0,0.9499018092173985
bien_do,EURUSD,T10Y2Y,2,3050,1.8895832715045293,6,0.07886820693858299,0.1915121193854039,T10Y2Y_ad1_L2,-0.026331900822616095,-2.722625523180902,-1,0.4485514485514486,1.0,0.7194257355547677
bien_do,EURUSD,T10Y2Y,5,3050,6.064222520937098,6,2.5282330656795082e-06,8.583295962871773e-09,T10Y2Y_ad1_L5,0.05184879068006626,5.353606372069207,1,0.008991008991008992,0.988011988011988,0.07971133344267674
bien_do,EURUSD,DFII10,1,3050,2.126348154289847,6,0.047359568440464184,0.12120707845317391,DFII10_ad5_L1,0.021299703405301823,2.1304405634649863,1,0.4125874125874126,1.0,0.6920290976629004
bien_do,EURUSD,DFII10,2,3050,4.760887238183961,6,7.726460484502873e-05,0.000869268358838382,DFII10_ad1_L2,-0.03993731848165638,-4.365958203134451,-1,0.04995004995004995,1.0,0.2282333051563821
bien_do,EURUSD,DFII10,5,3050,6.982141373892128,6,2.1711976239124908e-07,6.34224808448991e-07,DFII10_ad1_L5,0.052980413413372104,5.859175381774972,1,0.005994005994005994,0.9100899100899101,0.06246385193753615
bien_do,EURUSD,VIXCLS,1,3050,9.865872428556191,6,8.400213857839844e-11,1.6891625653769893e-08,VIXCLS_lv_L1,0.0727957597280996,4.487961360910346,1,0.000999000999000999,0.3856143856143856,0.016483516483516484
bien_do,EURUSD,VIXCLS,2,3050,9.426809568046945,6,2.8068336543896066e-10,1.8279600055848277e-11,VIXCLS_lv_L2,0.06300261123929053,3.8668645046180132,1,0.002997002997002997,0.4565434565434565,0.03787701660042085
bien_do,EURUSD,VIXCLS,5,3050,5.681671755573874,6,6.962616422190315e-06,1.6839514282995793e-06,VIXCLS_ad1_L5,0.04768329572682774,3.485944159304584,1,0.01998001998001998,0.99000999000999,0.13041903151793263
bien_do,EURUSD,GVZCLS,1,3050,6.346879049333491,6,1.1911862400904027e-06,8.261237696149948e-07,GVZCLS_d5_L1,0.042149326289285194,3.555678353382691,1,0.013986013986013986,0.9690309690309691,0.10256410256410257
bien_do,EURUSD,GVZCLS,2,3050,6.934412454704179,6,2.468592590343377e-07,4.688036436828469e-08,GVZCLS_d5_L2,0.04443852753636282,3.817523628306701,1,0.00999000999000999,0.919080919080919,0.08241758241758242
bien_do,EURUSD,GVZCLS,5,3050,5.587298293440254,6,8.929861753492752e-06,4.4971642022550995e-06,GVZCLS_ad1_L5,0.056270637208865416,4.576131370804868,1,0.01898101898101898,0.9920079920079921,0.12527472527472527
bien_do,EURUSD,OVXCLS,1,3050,6.758127778184903,6,3.9635356863243487e-07,0.00870230411609585,OVXCLS_lv_L1,0.06877693531810752,4.3229904307561915,1,0.012987012987012988,0.932067932067932,0.0989010989010989
bien_do,EURUSD,OVXCLS,2,3050,6.632200018219806,6,5.555180595528952e-07,0.051626200808535194,OVXCLS_lv_L2,0.05962614113092283,3.7453363837313867,1,0.013986013986013986,0.9500499500499501,0.10256410256410257
bien_do,EURUSD,OVXCLS,5,3050,4.94798771071196,6,4.7578123022584684e-05,0.005836089834122871,OVXCLS_ad5_L5,-0.07152521246524139,-4.118372621991023,-1,0.03896103896103896,0.999000999000999,0.20480404551201012
bien_do,EURUSD,DCOILBRENTEU,1,3050,1.7146895186868787,6,0.1134407965544284,0.34541063278549733,DCOILBRENTEU_d5_L1,-0.015024648128133833,-1.6416506180103867,-1,0.5374625374625375,1.0,0.7801125703564727
bien_do,EURUSD,DCOILBRENTEU,2,3050,3.6189440959000527,6,0.001400534893943095,0.005082499187363587,DCOILBRENTEU_ad1_L2,-0.032698996079369866,-3.846407501066312,-1,0.12987012987012986,1.0,0.39164835164835166
bien_do,EURUSD,DCOILBRENTEU,5,3050,6.927378493220808,6,2.51572306098069e-07,1.4105212442494519e-08,DCOILBRENTEU_ad1_L5,0.050119049082235516,5.798648363230438,1,0.011988011988011988,0.919080919080919,0.09494505494505494
bien_do,EURUSD,NIKKEI225,1,3045,1.803585825797736,6,0.0944491180233934,0.10483759198149634,NIKKEI225_d5_L1,-0.025895689106530076,-2.7907812630077586,-1,0.4965034965034965,1.0,0.7515479444413454
bien_do,EURUSD,NIKKEI225,2,3044,3.637163634122458,6,0.0013387003912374018,0.0001683964048228015,NIKKEI225_ad1_L2,-0.03382770836639225,-3.7228679842594694,-1,0.13186813186813187,1.0,0.39164835164835166
bien_do,EURUSD,NIKKEI225,5,3044,5.415125190972367,6,1.4046108257503853e-05,1.1246921253205144e-06,NIKKEI225_ad1_L5,0.050581837135024295,5.550438989469728,1,0.04395604395604396,0.997002997002997,0.2157842157842158
bien_do,EURUSD,chenh_ls,1,3050,5.799463900770266,5,2.4542606818500623e-05,0.0030384377704454346,d_chenh_ls_L1,-0.10518757740653809,-3.3557870194773076,-1,0.15484515484515485,0.99000999000999,0.4219175320092752
bien_do,EURUSD,chenh_ls,2,3050,5.799463900770266,5,2.4542606818500623e-05,0.0030384377704454346,d_chenh_ls_L2,-0.10518757740653809,-3.3557870194773076,-1,0.15784215784215785,0.99000999000999,0.4261738261738262
bien_do,EURUSD,chenh_ls,5,3050,5.799463900770266,5,2.4542606818500623e-05,0.0030384377704454346,d_chenh_ls_L5,-0.10518757740653809,-3.3557870194773076,-1,0.13786213786213786,0.99000999000999,0.4043309631544926
bien_do,EURUSD,su_kien_phi_nhtw,1,3050,67.51753582315649,3,1.1102230246251565e-16,0.0,sk_ngay_L1,-0.20344382770312155,-11.105088719122755,-1,0.000999000999000999,0.002997002997002997,0.016483516483516484
bien_do,EURUSD,su_kien_phi_nhtw,2,3050,39.6230330143908,3,1.1102230246251565e-16,0.0,sk_ngay_L2,-0.19064486404737357,-9.632559029043515,-1,0.000999000999000999,0.006993006993006993,0.016483516483516484
bien_do,EURUSD,su_kien_phi_nhtw,5,3050,22.316343324829194,3,2.731148640577885e-14,4.440892098500626e-16,sk_ngay_L5,0.13302528648070502,7.16401127255015,1,0.000999000999000999,0.013986013986013986,0.016483516483516484
bien_do,GBPUSD,DGS2,1,3050,3.616233461670498,6,0.001409981499925217,0.025532473954502533,DGS2_d1_L1,0.019020358428970784,2.8187004914635496,1,0.13186813186813187,1.0,0.39164835164835166
bien_do,GBPUSD,DGS2,2,3050,5.299966778883599,6,1.899527974114079e-05,4.460468422717856e-05,DGS2_ad5_L2,0.029029747724900325,4.236397769819889,1,0.03296703296703297,0.997002997002997,0.18649921507064365
bien_do,GBPUSD,DGS2,5,3050,2.0888099398446385,6,0.05141169901196552,0.20492511664804636,DGS2_ad1_L5,0.01144359749559433,1.6981537946918417,1,0.45054945054945056,1.0,0.7194257355547677
bien_do,GBPUSD,DGS10,1,3050,2.720320179809442,6,0.012284115898123948,0.03445704816015627,DGS10_d1_L1,0.028911005955439783,3.0348770862678225,1,0.2997002997002997,1.0,0.5779934351362923
bien_do,GBPUSD,DGS10,2,3050,3.865205996968064,6,0.0007577592156703394,0.0004754766051038306,DGS10_ad1_L2,-0.033513436540566266,-3.7670326309563995,-1,0.11288711288711288,1.0,0.36566676566676565
bien_do,GBPUSD,DGS10,5,3050,4.05536351996482,6,0.0004694849681684543,4.3948976040653065e-05,DGS10_ad1_L5,0.04041114722723911,4.538970452680736,1,0.1088911088911089,1.0,0.36543117899050104
bien_do,GBPUSD,T10Y2Y,1,3050,2.8035928892671618,6,0.010101796529501161,0.02929055441532369,T10Y2Y_lv_L1,-0.03487527459951458,-3.767091565855907,-1,0.2807192807192807,1.0,0.5652449245669584
bien_do,GBPUSD,T10Y2Y,2,3050,3.538613289804785,6,0.0017086370269933093,0.010343287675946167,T10Y2Y_lv_L2,-0.03440330490885854,-3.7145960255421575,-1,0.15784215784215785,1.0,0.4261738261738262
bien_do,GBPUSD,T10Y2Y,5,3050,6.327037902395074,6,1.2559359513497625e-06,5.7451894241999923e-08,T10Y2Y_ad1_L5,0.041174058418390946,4.527404311372391,1,0.015984015984015984,0.972027972027972,0.11439163246392162
bien_do,GBPUSD,DFII10,1,3050,5.822840297314423,6,4.794693450382859e-06,0.0007832419023403592,DFII10_d1_L1,0.027841824586812586,3.0690936048603334,1,0.030969030969030968,0.99000999000999,0.178598100928198
bien_do,GBPUSD,DFII10,2,3050,5.624565823099333,6,8.094512379708263e-06,3.53879758940856e-07,DFII10_ad1_L2,-0.03767488435459692,-4.398275540055622,-1,0.03796203796203796,0.991008991008991,0.20133437990580846
bien_do,GBPUSD,DFII10,5,3050,5.121952008901242,6,3.025023933589388e-05,9.882292721918873e-07,DFII10_ad1_L5,0.036637319973554815,4.306522498566501,1,0.04595404595404595,0.997002997002997,0.22013470400567173
bien_do,GBPUSD,VIXCLS,1,3050,13.351305632341331,6,5.440092820663267e-15,7.402825551450221e-07,VIXCLS_lv_L1,0.08116363684627276,5.215189008697541,1,0.000999000999000999,0.08091908091908091,0.016483516483516484
bien_do,GBPUSD,VIXCLS,2,3050,11.345436704087184,6,1.4163115125143122e-12,1.2037815189103185e-11,VIXCLS_lv_L2,0.07235932066547549,4.621631139406179,1,0.000999000999000999,0.1958041958041958,0.016483516483516484
bien_do,GBPUSD,VIXCLS,5,3050,7.027032691131365,6,1.9241345095011297e-07,3.594921609229029e-05,VIXCLS_ad1_L5,0.04597726775833375,3.583423046491978,1,0.008991008991008992,0.9020979020979021,0.07971133344267674
bien_do,GBPUSD,GVZCLS,1,3050,7.342048783716394,6,8.228861969605816e-08,2.3046700206030835e-06,GVZCLS_d5_L1,0.035051033290530074,3.152404916477712,1,0.012987012987012988,0.8731268731268731,0.0989010989010989
bien_do,GBPUSD,GVZCLS,2,3050,6.736766490460273,6,4.1972995545869196e-07,3.4604447196606714e-07,GVZCLS_ad1_L2,-0.048519894899504624,-4.090467744683519,-1,0.02197802197802198,0.9330669330669331,0.13888239420154316
bien_do,GBPUSD,GVZCLS,5,3050,5.35950389013868,6,1.625108834613087e-05,0.0003549385380451353,GVZCLS_ad1_L5,0.046064320057970565,3.9880235097898296,1,0.04095904095904096,0.997002997002997,0.2097385373247442
bien_do,GBPUSD,OVXCLS,1,3050,6.777816589397505,6,3.759570160744019e-07,0.04962793835558399,OVXCLS_lv_L1,0.06919162408337935,4.532284007463281,1,0.023976023976023976,0.932067932067932,0.1468222499150334
bien_do,GBPUSD,OVXCLS,2,3050,4.715347164885311,6,8.691112022829461e-05,0.2871963270361826,OVXCLS_lv_L2,0.06277413165490923,4.100222860776689,1,0.07092907092907093,1.0,0.2718185040765686
bien_do,GBPUSD,OVXCLS,5,3050,4.080604226144415,6,0.0004404615181810012,0.17980721670780175,OVXCLS_lv_L5,0.05585944125969634,3.6467205214227465,1,0.0959040959040959,1.0,0.3351001939237233
bien_do,GBPUSD,DCOILBRENTEU,1,3050,3.4577992508745945,6,0.0020853192925487374,0.0036434659100692546,DCOILBRENTEU_lv_L1,-0.03222194814477427,-3.070615679333899,-1,0.16583416583416583,1.0,0.43394490971583477
bien_do,GBPUSD,DCOILBRENTEU,2,3050,4.797212985388645,6,7.033615364049339e-05,0.0010045489561366638,DCOILBRENTEU_ad1_L2,-0.03240637921248924,-4.062116889504252,-1,0.060939060939060936,1.0,0.2543171114599686
bien_do,GBPUSD,DCOILBRENTEU,5,3050,7.057657156521861,6,1.771860144161863e-07,1.3431519013118454e-05,DCOILBRENTEU_ad1_L5,0.03759415906052387,4.632070292029103,1,0.006993006993006993,0.9000999000999002,0.06923076923076923
bien_do,GBPUSD,NIKKEI225,1,3045,1.9575999856308037,6,0.06825431323711273,0.5037526465627593,NIKKEI225_d5_L1,-0.023988113856438457,-2.75330825895933,-1,0.4695304695304695,1.0,0.7355118565644883
bien_do,GBPUSD,NIKKEI225,2,3044,2.712547371549446,6,0.012509886764049405,0.01587024623290556,NIKKEI225_ad1_L2,-0.027836551370669503,-3.2609681030529822,-1,0.2807192807192807,1.0,0.5652449245669584
bien_do,GBPUSD,NIKKEI225,5,3044,3.123152810431273,6,0.004713599467907503,0.0058978398878621885,NIKKEI225_ad1_L5,0.032008311079667284,3.7307724990647304,1,0.21678321678321677,1.0,0.49526627218934915
bien_do,GBPUSD,chenh_ls,1,3050,5.413813512323688,5,5.800569785752163e-05,0.012296996831973162,abs_d_ls_usd_L1,0.12908721509667329,3.2263799251886205,1,0.1938061938061938,0.997002997002997,0.4757061120697484
bien_do,GBPUSD,chenh_ls,2,3050,5.413813512323688,5,5.800569785752163e-05,0.012296996831973162,abs_d_ls_usd_L2,0.12908721509667329,3.2263799251886205,1,0.1938061938061938,0.997002997002997,0.4757061120697484
bien_do,GBPUSD,chenh_ls,5,3050,5.413813512323688,5,5.800569785752163e-05,0.012296996831973162,abs_d_ls_usd_L5,0.12908721509667329,3.2263799251886205,1,0.17882117882117882,0.997002997002997,0.46182513139034875
bien_do,GBPUSD,su_kien_phi_nhtw,1,3050,42.36739741607658,3,1.1102230246251565e-16,0.0,sk_ngay_L1,-0.14643670371915182,-8.4247049971076,-1,0.000999000999000999,0.006993006993006993,0.016483516483516484
bien_do,GBPUSD,su_kien_phi_nhtw,2,3050,23.130093371406527,3,8.43769498715119e-15,9.992007221626409e-16,sk_ngay_L2,-0.1488182225760404,-7.946031056640375,-1,0.000999000999000999,0.012987012987012988,0.016483516483516484
bien_do,GBPUSD,su_kien_phi_nhtw,5,3050,14.119837784961126,3,3.868733999823348e-09,1.3458436587399092e-09,sk_ngay_L5,0.08731523013158742,4.98749834348866,1,0.000999000999000999,0.06593406593406594,0.016483516483516484
bien_do,USDCAD,DGS2,1,3050,2.286435978341431,6,0.03321306336557672,0.18275672788387665,DGS2_d1_L1,0.019079726237220877,2.8018953109679083,1,0.3696303696303696,1.0,0.6527472527472528
bien_do,USDCAD,DGS2,2,3050,4.429713294821811,6,0.00018114464112939377,7.943623476069916e-05,DGS2_ad1_L2,-0.029115967494050845,-4.339247833763953,-1,0.06293706293706294,1.0,0.2543171114599686
bien_do,USDCAD,DGS2,5,3050,4.061333872706665,6,0.0004624542478703919,0.0008424475358083106,DGS2_ad1_L5,0.03113168507084837,4.591826548274076,1,0.07492507492507493,1.0,0.2816803449714842
bien_do,USDCAD,DGS10,1,3050,2.2030332426580865,6,0.03999382912196947,0.0976455645741161,DGS10_d1_L1,0.02995867938922139,3.1192890853881337,1,0.3386613386613387,1.0,0.6170700465178993
bien_do,USDCAD,DGS10,2,3050,4.360912169119912,6,0.0002159908982343195,3.077554255581649e-05,DGS10_ad1_L2,-0.033870313906197956,-3.774615451383136,-1,0.06293706293706294,1.0,0.2543171114599686
bien_do,USDCAD,DGS10,5,3050,7.047608487645054,6,1.820453874312733e-07,7.551322511734071e-08,DGS10_ad1_L5,0.056160382778122755,6.275598508374089,1,0.004995004995004995,0.9010989010989011,0.055981754094961644
bien_do,USDCAD,T10Y2Y,1,3050,0.8128760151875366,6,0.5597409604953725,0.6500468596554447,T10Y2Y_ad5_L1,0.012610170228638702,1.330262476795476,1,0.8511488511488512,1.0,0.9575424575424576
bien_do,USDCAD,T10Y2Y,2,3050,2.8736903124789968,6,0.008559467511579988,0.04062107425735506,T10Y2Y_ad1_L2,-0.0319343065205534,-3.4926885763879434,-1,0.2137862137862138,1.0,0.49450549450549447
bien_do,USDCAD,T10Y2Y,5,3050,8.999709157525716,6,9.049951898987274e-10,2.8765878568037806e-12,T10Y2Y_ad1_L5,0.06437209621795197,7.041275878572969,1,0.000999000999000999,0.5494505494505495,0.016483516483516484
bien_do,USDCAD,DFII10,1,3050,4.168469087290451,6,0.00035255844673187653,0.03429958300731828,DFII10_ad5_L1,0.031231401236742076,3.3115269778556096,1,0.07792207792207792,1.0,0.28928571428571426
bien_do,USDCAD,DFII10,2,3050,5.860005854505182,6,4.345503444636023e-06,2.4075357929476127e-07,DFII10_ad1_L2,-0.04352978342107078,-5.040651925402135,-1,0.017982017982017984,0.99000999000999,0.12137862137862139
bien_do,USDCAD,DFII10,5,3050,6.893114450800466,6,2.758432712246517e-07,2.0957858637427051e-07,DFII10_ad1_L5,0.04934812083314864,5.764312514698952,1,0.00999000999000999,0.9240759240759241,0.08241758241758242
bien_do,USDCAD,VIXCLS,1,3050,10.331721046796048,6,2.329003656598161e-11,1.6726687570134402e-05,VIXCLS_d5_L1,0.051932439215779065,4.514395739015341,1,0.002997002997002997,0.31368631368631367,0.03787701660042085
bien_do,USDCAD,VIXCLS,2,3050,9.814908323840386,6,9.664191669145339e-11,1.970926311045673e-09,VIXCLS_d5_L2,0.04204285401971389,3.7611239490913726,1,0.000999000999000999,0.3936063936063936,0.016483516483516484
bien_do,USDCAD,VIXCLS,5,3050,6.35495147429901,6,1.1658028487016026e-06,8.496478916319994e-06,VIXCLS_ad1_L5,0.06264448432220732,4.840667492285858,1,0.007992007992007992,0.9690309690309691,0.07782381552873356
bien_do,USDCAD,GVZCLS,1,3050,9.259547946256767,6,4.4409953492419163e-10,2.6059850521953365e-07,GVZCLS_lv_L1,0.0629393083865569,4.020676250811921,1,0.000999000999000999,0.4835164835164835,0.016483516483516484
bien_do,USDCAD,GVZCLS,2,3050,7.952002838352453,6,1.5766158045771306e-08,2.4704996492985742e-08,GVZCLS_lv_L2,0.05402512859685588,3.4389693396743017,1,0.003996003996003996,0.7982017982017982,0.04654169360051713
bien_do,USDCAD,GVZCLS,5,3050,9.762973441405224,6,1.1147671674649473e-10,9.219985885877691e-10,GVZCLS_ad1_L5,0.07312781483883125,6.307281078822682,1,0.000999000999000999,0.39760239760239763,0.016483516483516484
bien_do,USDCAD,OVXCLS,1,3050,8.506368543470705,6,3.485176480744201e-09,0.015559452656081607,OVXCLS_lv_L1,0.08660905499366468,5.5514741655430235,1,0.002997002997002997,0.6703296703296703,0.03787701660042085
bien_do,USDCAD,OVXCLS,2,3050,7.9291800882729735,6,1.6774482025638804e-08,0.003201788649176418,OVXCLS_lv_L2,0.07963145661408558,5.093708917970689,1,0.001998001998001998,0.8071928071928072,0.02967032967032967
bien_do,USDCAD,OVXCLS,5,3050,4.792879327458685,6,7.112927498753585e-05,0.04999793497074112,OVXCLS_lv_L5,0.060464572492507196,3.843803733132764,1,0.03596403596403597,1.0,0.19420579420579423
bien_do,USDCAD,DCOILBRENTEU,1,3050,4.989092297384356,6,4.27573434328421e-05,0.023796173519183617,DCOILBRENTEU_lv_L1,-0.03573969428610915,-3.553104650356031,-1,0.04395604395604396,0.999000999000999,0.2157842157842158
bien_do,USDCAD,DCOILBRENTEU,2,3050,7.311792756292706,6,8.929456973838512e-08,0.00032355979066012175,DCOILBRENTEU_ad1_L2,-0.03681612988619536,-4.589313853421357,-1,0.003996003996003996,0.8731268731268731,0.04654169360051713
bien_do,USDCAD,DCOILBRENTEU,5,3050,9.4349083343725,6,2.745134120019088e-10,3.295170192263441e-08,DCOILBRENTEU_ad1_L5,0.044811348798404455,5.489913053738671,1,0.002997002997002997,0.45554445554445555,0.03787701660042085
bien_do,USDCAD,NIKKEI225,1,3045,2.8891588104300188,6,0.008251382092046122,0.24541649430542123,NIKKEI225_d5_L1,-0.02737162964286223,-3.1164985007404877,-1,0.21478521478521478,1.0,0.49450549450549447
bien_do,USDCAD,NIKKEI225,2,3044,7.290518607797867,6,9.459737293493475e-08,2.1207842668680144e-06,NIKKEI225_ad1_L2,-0.040557320525107764,-4.734193711545178,-1,0.005994005994005994,0.8731268731268731,0.06246385193753615
bien_do,USDCAD,NIKKEI225,5,3044,7.7106949944157055,6,3.0355633784395764e-08,8.326811873349271e-08,NIKKEI225_ad1_L5,0.0536258502076344,6.2301951834701175,1,0.006993006993006993,0.8451548451548452,0.06923076923076923
bien_do,USDCAD,chenh_ls,1,3050,4.213493100089768,5,0.0008082243670781697,0.1249463390456439,d_chenh_ls_L1,0.12734537259695924,3.246048046299118,1,0.27172827172827174,1.0,0.5604395604395604
bien_do,USDCAD,chenh_ls,2,3050,4.213493100089768,5,0.0008082243670781697,0.1249463390456439,d_chenh_ls_L2,0.12734537259695924,3.246048046299118,1,0.2807192807192807,1.0,0.5652449245669584
bien_do,USDCAD,chenh_ls,5,3050,4.213493100089768,5,0.0008082243670781697,0.1249463390456439,d_chenh_ls_L5,0.12734537259695924,3.246048046299118,1,0.25074925074925075,1.0,0.5475921137685844
bien_do,USDCAD,su_kien_phi_nhtw,1,3050,57.870781096788164,3,1.1102230246251565e-16,0.0,sk_ngay_L1,-0.20875247159217325,-11.982664480658253,-1,0.000999000999000999,0.003996003996003996,0.016483516483516484
bien_do,USDCAD,su_kien_phi_nhtw,2,3050,19.16690718964588,3,2.603028903536142e-12,2.55351295663786e-15,sk_ngay_L2,-0.12096216124719628,-6.396602720060189,-1,0.000999000999000999,0.02197802197802198,0.016483516483516484
bien_do,USDCAD,su_kien_phi_nhtw,5,3050,10.935055552179822,3,3.845134919355786e-07,6.784215298427654e-07,sk_ngay_L5,0.09415108827460755,5.326327236777003,1,0.000999000999000999,0.23676323676323677,0.016483516483516484
bien_do,USDCHF,DGS2,1,3050,2.661761947511284,6,0.014083720016018209,0.03148031862835177,DGS2_ad5_L1,0.017978539749536324,2.532079132139666,1,0.2987012987012987,1.0,0.5779934351362923
bien_do,USDCHF,DGS2,2,3050,3.652218282798796,6,0.0012895113089019805,0.0004378569787421016,DGS2_ad5_L2,0.029564997388003784,4.25946498258796,1,0.1258741258741259,1.0,0.3894230769230769
bien_do,USDCHF,DGS2,5,3050,1.2854978161795618,6,0.26026329761190214,0.26121906881539336,DGS2_ad1_L5,0.014920328279993792,2.188026911128628,1,0.7092907092907093,1.0,0.8976852934299744
bien_do,USDCHF,DGS10,1,3050,1.5565157806806469,6,0.15580500578218281,0.24008515786715867,DGS10_ad5_L1,0.016005583292454,1.690503587669311,1,0.5664335664335665,1.0,0.808801775147929
bien_do,USDCHF,DGS10,2,3050,2.3708381815572523,6,0.027467667438533794,0.0314314694700949,DGS10_ad5_L2,0.028133267124960004,3.0779974267431776,1,0.35664335664335667,1.0,0.647681586705977
bien_do,USDCHF,DGS10,5,3050,3.1921455774303236,6,0.003989324492320256,0.0014571801095601966,DGS10_ad1_L5,0.035737331328876465,3.9665146426801674,1,0.1968031968031968,1.0,0.479102864348766
bien_do,USDCHF,T10Y2Y,1,3050,0.5945143298328269,6,0.7349900080987197,0.6877350744747137,T10Y2Y_rv20_L1,0.008389943446882993,0.8665749512273639,1,0.9250749250749251,1.0,0.9708383489302217
bien_do,USDCHF,T10Y2Y,2,3050,1.3688330219081704,6,0.22330456830542034,0.39830347885227824,T10Y2Y_ad1_L2,-0.02218148420314751,-2.41377791994218,-1,0.6403596403596403,1.0,0.8561056920607483
bien_do,USDCHF,T10Y2Y,5,3050,4.776073105824909,6,7.428964993105858e-05,5.632242170794388e-05,T10Y2Y_ad1_L5,0.04040668479093806,4.388196041782857,1,0.061938061938061936,1.0,0.2543171114599686
bien_do,USDCHF,DFII10,1,3050,2.075427725066152,6,0.05293294036354579,0.4714568283082118,DFII10_ad5_L1,0.01721472144531464,1.8096460736500124,1,0.3876123876123876,1.0,0.6673674151935021
bien_do,USDCHF,DFII10,2,3050,1.9729814552388247,6,0.06604357248688775,0.09076399364723464,DFII10_ad5_L2,0.02065643122230154,2.2410175704721342,1,0.4775224775224775,1.0,0.7444838625940988
bien_do,USDCHF,DFII10,5,3050,3.4158831258395432,6,0.002311560427024184,0.006196271490771843,DFII10_ad1_L5,0.033682403710403534,3.9088715298036987,1,0.1878121878121878,1.0,0.46874134269092255
bien_do,USDCHF,VIXCLS,1,3050,11.664009518379116,6,5.863087793045452e-13,6.263675900175514e-08,VIXCLS_d5_L1,0.0527857821818477,4.589394738087821,1,0.000999000999000999,0.16683316683316685,0.016483516483516484
bien_do,USDCHF,VIXCLS,2,3050,10.637855067635444,6,1.0010103856927799e-11,1.0390598381704308e-09,VIXCLS_lv_L2,0.06179719963380829,4.082506066345784,1,0.000999000999000999,0.27672327672327673,0.016483516483516484
bien_do,USDCHF,VIXCLS,5,3050,4.247187881383534,6,0.0002886405340576381,0.0017934836047436287,VIXCLS_rv20_L5,-0.0414348887309878,-2.574491494950642,-1,0.08391608391608392,1.0,0.3076923076923077
bien_do,USDCHF,GVZCLS,1,3050,6.985779843047167,6,2.1500479152614105e-07,2.9605709395141844e-07,GVZCLS_lv_L1,0.06179041254193327,3.9181815310184396,1,0.008991008991008992,0.9100899100899101,0.07971133344267674
bien_do,USDCHF,GVZCLS,2,3050,5.991501261329225,6,3.0666998215300723e-06,2.1742187605866548e-08,GVZCLS_lv_L2,0.055808095496089005,3.531216770300158,1,0.01898101898101898,0.99000999000999,0.12527472527472527
bien_do,USDCHF,GVZCLS,5,3050,3.728837429526159,6,0.0010656591728610554,0.0009625105882856699,GVZCLS_ad1_L5,0.037702952785362946,3.2232157452050765,1,0.11388611388611389,1.0,0.36566676566676565
bien_do,USDCHF,OVXCLS,1,3050,5.148846265015851,6,2.820008757797865e-05,0.00289852352552622,OVXCLS_d5_L1,0.03182551290370483,2.9381807220002623,1,0.04295704295704296,0.997002997002997,0.21442423123095394
bien_do,USDCHF,OVXCLS,2,3050,4.15579212161049,6,0.0003640815346138693,0.0445020150125669,OVXCLS_d1_L2,0.025080329659284924,2.5386481927502795,1,0.09490509490509491,1.0,0.3351001939237233
bien_do,USDCHF,OVXCLS,5,3050,2.3707986053285834,6,0.02747012578002961,0.07830675788275665,OVXCLS_ad5_L5,-0.04044781062317269,-2.4450577866353687,-1,0.2937062937062937,1.0,0.5776872134488028
bien_do,USDCHF,DCOILBRENTEU,1,3050,3.34242877545353,6,0.0027672536095877387,0.0234546024541451,DCOILBRENTEU_d5_L1,-0.0256286640134899,-2.95399936056174,-1,0.15284715284715283,1.0,0.42032967032967034
bien_do,USDCHF,DCOILBRENTEU,2,3050,2.7841065935648985,6,0.010576181886799985,0.08904158527315242,DCOILBRENTEU_ad1_L2,-0.02217107975188166,-2.748611530902386,-1,0.26573426573426573,1.0,0.5598571040267153
bien_do,USDCHF,DCOILBRENTEU,5,3050,4.8081680689036075,6,6.837003193194136e-05,6.143053032070522e-05,DCOILBRENTEU_ad1_L5,0.037228336176221025,4.526722891756839,1,0.04895104895104895,1.0,0.22716346153846154
bien_do,USDCHF,NIKKEI225,1,3045,3.150666669547072,6,0.0044106324172038525,0.005761074957412737,NIKKEI225_d5_L1,-0.03068990568797924,-3.487579984354936,-1,0.1848151848151848,1.0,0.4671498714051905
bien_do,USDCHF,NIKKEI225,2,3044,3.8118581046442204,6,0.0008661507551593894,0.00016480637229754347,NIKKEI225_ad1_L2,-0.02288970059508065,-2.656896004271774,-1,0.12687312687312688,1.0,0.39047998633490866
bien_do,USDCHF,NIKKEI225,5,3044,3.160039951005408,6,0.004311850655586924,2.519573584203183e-05,NIKKEI225_ad1_L5,0.03286489814684764,3.790390960743105,1,0.2077922077922078,1.0,0.49061175045427013
bien_do,USDCHF,chenh_ls,1,3050,7.429368678152488,5,6.157331163825219e-07,0.0012082359879405091,chenh_ls_L1,-0.09117863284182828,-4.717439603298114,-1,0.061938061938061936,0.8731268731268731,0.2543171114599686
bien_do,USDCHF,chenh_ls,2,3050,7.429368678152488,5,6.157331163825219e-07,0.0012082359879405091,chenh_ls_L2,-0.09117863284182828,-4.717439603298114,-1,0.059940059940059943,0.8731268731268731,0.2543171114599686
bien_do,USDCHF,chenh_ls,5,3050,7.429368678152488,5,6.157331163825219e-07,0.0012082359879405091,chenh_ls_L5,-0.09117863284182828,-4.717439603298114,-1,0.057942057942057944,0.8731268731268731,0.2530704589528119
bien_do,USDCHF,su_kien_phi_nhtw,1,3050,38.285048881796406,3,1.1102230246251565e-16,0.0,sk_ke_tiep_L1,-0.1536900073226038,-8.024988995171356,-1,0.000999000999000999,0.006993006993006993,0.016483516483516484
bien_do,USDCHF,su_kien_phi_nhtw,2,3050,28.409153823522697,3,1.1102230246251565e-16,0.0,sk_ngay_L2,-0.15680593086565542,-8.300349950724451,-1,0.000999000999000999,0.00999000999000999,0.016483516483516484
bien_do,USDCHF,su_kien_phi_nhtw,5,3050,11.644767617206371,3,1.3817312494168732e-07,1.7563175136459108e-08,sk_ngay_L5,0.0924831519484482,5.218082598567181,1,0.000999000999000999,0.16783216783216784,0.016483516483516484
bien_do,USDJPY,DGS2,1,3050,4.096304474054335,6,0.0004233076948093606,0.0016158668776010687,DGS2_ad5_L1,0.02768710057232728,3.1462356320940574,1,0.1018981018981019,1.0,0.35190391004344496
bien_do,USDJPY,DGS2,2,3050,4.104637728188471,6,0.00041447207359268656,0.00975527140595911,DGS2_ad5_L2,0.031861449939798,3.7016080338617523,1,0.11388611388611389,1.0,0.36566676566676565
bien_do,USDJPY,DGS2,5,3050,4.239476166285525,6,0.0002943598328913888,0.0020216409667721535,DGS2_ad1_L5,0.02777385208093079,3.293957245386772,1,0.09290709290709291,1.0,0.3304599592024742
bien_do,USDJPY,DGS10,1,3050,2.3204929835555705,6,0.030769680384049702,0.11143439400276045,DGS10_lv_L1,0.02561345526088091,2.5433399213181582,1,0.3706293706293706,1.0,0.6527472527472528
bien_do,USDJPY,DGS10,2,3050,3.8188317189730614,6,0.0008511167702763833,0.0030961306667398603,DGS10_ad1_L2,-0.03455023811018734,-3.094112577688243,-1,0.10589410589410589,1.0,0.35943485086342225
bien_do,USDJPY,DGS10,5,3050,5.40366926446274,6,1.4473039074314187e-05,1.3308611701678963e-05,DGS10_ad1_L5,0.051909610933439924,4.655646797852855,1,0.028971028971028972,0.997002997002997,0.17208791208791208
bien_do,USDJPY,T10Y2Y,1,3050,1.4660104678963033,6,0.1857884333298243,0.22181468172791807,T10Y2Y_ad1_L1,-0.021752228512267522,-1.8730545326339498,-1,0.5914085914085914,1.0,0.8131868131868132
bien_do,USDJPY,T10Y2Y,2,3050,2.480393922759206,6,0.02140814756503484,0.08656748240575407,T10Y2Y_ad1_L2,-0.0350084148891333,-3.075033181546955,-1,0.3126873126873127,1.0,0.5896389324960754
bien_do,USDJPY,T10Y2Y,5,3050,4.611780032115638,6,0.00011350962908096562,7.009962275084103e-05,T10Y2Y_ad1_L5,0.04892318511682199,4.28401724562867,1,0.06593406593406594,1.0,0.2576633892423366
bien_do,USDJPY,DFII10,1,3050,2.3603875295596395,6,0.02812413664893687,0.07486375356173791,DFII10_lv_L1,0.019644334571696464,2.0036511270744293,1,0.3996003996003996,1.0,0.6818224755187505
bien_do,USDJPY,DFII10,2,3050,4.01978126712093,6,0.0005136235049342242,0.0011691218395010194,DFII10_ad1_L2,-0.03448693824885076,-3.203034487783065,-1,0.11688311688311688,1.0,0.37048665620094196
bien_do,USDJPY,DFII10,5,3050,4.971377701829043,6,4.477254428036925e-05,0.0005900974068107079,DFII10_ad1_L5,0.048097194226000776,4.508436964595331,1,0.054945054945054944,0.999000999000999,0.24539370404032057
bien_do,USDJPY,VIXCLS,1,3050,6.212029116905201,6,1.706409414992116e-06,3.1326178994373066e-05,VIXCLS_d1_L1,0.04247910641913991,3.0742015503841023,1,0.011988011988011988,0.98001998001998,0.09494505494505494
bien_do,USDJPY,VIXCLS,2,3050,3.997746614521508,6,0.0005429795246838509,0.0002711976839578911,VIXCLS_ad1_L2,-0.038063746677802504,-2.4491035229494407,-1,0.09290709290709291,1.0,0.3304599592024742
bien_do,USDJPY,VIXCLS,5,3050,2.6248082009047318,6,0.015347093478707552,0.028366256420275793,VIXCLS_rv20_L5,-0.050059516364930584,-2.5063646415906833,-1,0.29270729270729273,1.0,0.5776349895951225
bien_do,USDJPY,GVZCLS,1,3050,2.413884040261357,6,0.024914091096188917,0.04993351255562839,GVZCLS_lv_L1,0.0421418330455034,2.228850759692868,1,0.3226773226773227,1.0,0.5971038307486906
bien_do,USDJPY,GVZCLS,2,3050,2.0917711533894687,6,0.051080638993280636,0.026193690501499334,GVZCLS_lv_L2,0.03636953864008841,1.9203849544062428,1,0.44955044955044954,1.0,0.7194257355547677
bien_do,USDJPY,GVZCLS,5,3050,3.8110153869080716,6,0.0008679284126436038,0.00023089179786450753,GVZCLS_ad1_L5,0.05376444982047949,3.7068103832603816,1,0.0959040959040959,1.0,0.3351001939237233
bien_do,USDJPY,OVXCLS,1,3050,4.3399617351965025,6,0.00022786044478684264,0.0032933377211331605,OVXCLS_ad1_L1,-0.04238171909849326,-2.735546640050177,-1,0.06893106893106893,1.0,0.2676147382029735
bien_do,USDJPY,OVXCLS,2,3050,1.7551605243249688,6,0.1044047334000302,0.11333600123394172,OVXCLS_lv_L2,0.02985958865767781,1.7197519586366659,1,0.4955044955044955,1.0,0.7515479444413454
bien_do,USDJPY,OVXCLS,5,3050,2.2936227347058002,6,0.032682650744343844,0.10564672041281165,OVXCLS_d5_L5,0.029349002364615625,2.015652273861617,1,0.35764235764235763,1.0,0.647681586705977
bien_do,USDJPY,DCOILBRENTEU,1,3050,3.675260840124667,6,0.0012177346577441073,8.283011696419429e-06,DCOILBRENTEU_d1_L1,-0.029101213477850087,-2.7249436324349054,-1,0.14285714285714285,1.0,0.4099378881987577
bien_do,USDJPY,DCOILBRENTEU,2,3050,3.1041570214600873,6,0.004934292691394004,0.0036056131409194503,DCOILBRENTEU_ad1_L2,-0.03614950204506589,-3.61550845025154,-1,0.2597402597402597,1.0,0.5590062111801242
bien_do,USDJPY,DCOILBRENTEU,5,3050,4.022453766285267,6,0.0005101710466692833,0.00173636956835177,DCOILBRENTEU_ad1_L5,0.038170113651253994,3.7384711942535276,1,0.11788211788211789,1.0,0.37048665620094196
bien_do,USDJPY,NIKKEI225,1,3045,0.6070479112182396,6,0.7249240088564722,0.6940370676817184,NIKKEI225_ad5_L1,0.014773420877238014,1.2959412681800704,1,0.9230769230769231,1.0,0.9708383489302217
bien_do,USDJPY,NIKKEI225,2,3044,2.1047082355503557,6,0.04965814220516829,0.029718441805553497,NIKKEI225_ad1_L2,-0.03141214180127089,-2.934244657735867,-1,0.4045954045954046,1.0,0.6863905325443787
bien_do,USDJPY,NIKKEI225,5,3044,3.7610378094427666,6,0.000983457014192779,0.02753811423075625,NIKKEI225_ad1_L5,0.05035838599641575,4.6821885998315445,1,0.13086913086913088,1.0,0.39164835164835166
bien_do,USDJPY,chenh_ls,1,3050,7.675538440307019,5,3.509747350527448e-07,0.0013607641201540677,d_chenh_ls_L1,0.1357145902812874,3.810597774819757,1,0.053946053946053944,0.8491508491508492,0.24275724275724275
bien_do,USDJPY,chenh_ls,2,3050,7.675538440307019,5,3.509747350527448e-07,0.0013607641201540677,d_chenh_ls_L2,0.1357145902812874,3.810597774819757,1,0.06493506493506493,0.8491508491508492,0.2571428571428571
bien_do,USDJPY,chenh_ls,5,3050,7.675538440307019,5,3.509747350527448e-07,0.0013607641201540677,d_chenh_ls_L5,0.1357145902812874,3.810597774819757,1,0.07492507492507493,0.8491508491508492,0.2816803449714842
bien_do,USDJPY,su_kien_phi_nhtw,1,3050,32.282541532611454,3,1.1102230246251565e-16,0.0,sk_ngay_L1,-0.18498460123609342,-8.430773294688237,-1,0.000999000999000999,0.008991008991008992,0.016483516483516484
bien_do,USDJPY,su_kien_phi_nhtw,2,3050,12.172790702088685,3,6.448458678143254e-08,1.7973337262944256e-08,sk_ngay_L2,-0.13004242040663033,-5.508014934332575,-1,0.000999000999000999,0.12787212787212787,0.016483516483516484
bien_do,USDJPY,su_kien_phi_nhtw,5,3050,7.492202446629189,3,5.390989693654369e-05,1.9655029046550254e-06,sk_ngay_L5,0.08738510885897927,3.967533863030463,1,0.000999000999000999,0.8571428571428571,0.016483516483516484
huong,AUDUSD,DGS2,1,3050,0.8335489826910976,6,0.5437526882419302,0.31334272493485715,DGS2_d1_L1,0.024486644151810955,1.8314109305399817,1,0.5064935064935064,1.0,0.7574134408305263
huong,AUDUSD,DGS2,2,3050,0.6310056484717897,6,0.7055873045237655,0.5159982108705383,DGS2_d1_L2,-0.019192189868587107,-1.4639444302813969,-1,0.6973026973026973,1.0,0.8926676771504358
huong,AUDUSD,DGS2,5,3050,1.2265013518743872,6,0.2892647976494972,0.239895478264063,DGS2_ad5_L5,-0.026530750505080213,-1.9147847463567256,-1,0.26573426573426573,1.0,0.5598571040267153
huong,AUDUSD,DGS10,1,3050,1.3522663553995393,6,0.23028870889160358,0.14163101514289433,DGS10_d1_L1,0.04574145800320911,2.426914453460863,1,0.2097902097902098,1.0,0.49061175045427013
huong,AUDUSD,DGS10,2,3050,1.4172899439225548,6,0.20387511219854337,0.1537953658164548,DGS10_ad5_L2,-0.028877588646818882,-1.6159179547553857,-1,0.18281718281718282,1.0,0.4640743871513103
huong,AUDUSD,DGS10,5,3050,1.4870257616783247,6,0.17841813406829343,0.1558663687234173,DGS10_ad1_L5,-0.03225736795497465,-1.828443470195007,-1,0.16083916083916083,1.0,0.4323007309432649
huong,AUDUSD,T10Y2Y,1,3050,0.7629492573209585,6,0.5990560696732998,0.6144534507504282,T10Y2Y_ad1_L1,-0.028672131012022737,-1.5641817019202713,-1,0.5874125874125874,1.0,0.812319930649397
huong,AUDUSD,T10Y2Y,2,3050,0.24464652725771585,6,0.9615601193594548,0.929782631212861,T10Y2Y_ad1_L2,-0.012908215664221116,-0.7184720329543985,-1,0.9530469530469531,1.0,0.9862541639545124
huong,AUDUSD,T10Y2Y,5,3050,1.1211246441333544,6,0.34715315817517345,0.13843189599417316,T10Y2Y_ad5_L5,-0.033322943875581885,-1.8407490659878625,-1,0.32167832167832167,1.0,0.5971038307486906
huong,AUDUSD,DFII10,1,3050,0.65287084057988,6,0.6878700059211154,0.6680975604022421,DFII10_d1_L1,0.03142848722515896,1.7446882514754964,1,0.6823176823176823,1.0,0.8836598184424271
huong,AUDUSD,DFII10,2,3050,0.9904105756134474,6,0.4298805913579188,0.359849030999124,DFII10_d1_L2,-0.03256175854183081,-1.8481348267107534,-1,0.4255744255744256,1.0,0.7002526559313264
huong,AUDUSD,DFII10,5,3050,1.5299495834226429,6,0.1641390796930141,0.10298112932877845,DFII10_ad5_L5,-0.038934400830712666,-2.1677568317011233,-1,0.15284715284715283,1.0,0.42032967032967034
huong,AUDUSD,VIXCLS,1,3050,2.450914627213719,6,0.022899800448291208,0.0012609301335215761,VIXCLS_ad1_L1,-0.05373220015847488,-2.119703428592624,-1,0.02097902097902098,1.0,0.13399503722084366
huong,AUDUSD,VIXCLS,2,3050,1.77552235817092,6,0.100108337077217,0.037028120238677076,VIXCLS_d5_L2,-0.04636635900586809,-2.092980639946433,-1,0.1018981018981019,1.0,0.35190391004344496
huong,AUDUSD,VIXCLS,5,3050,2.319217548906267,6,0.030858118115291266,0.0032740933859111143,VIXCLS_ad1_L5,-0.04507947242830623,-1.7693016856311627,-1,0.022977022977022976,1.0,0.14366685945633315
huong,AUDUSD,GVZCLS,1,3050,1.9890841921918376,6,0.063800929549092,0.061521913311758714,GVZCLS_ad1_L1,-0.04817008074633904,-2.103236278259479,-1,0.061938061938061936,1.0,0.2543171114599686
huong,AUDUSD,GVZCLS,2,3050,1.2477536783349106,6,0.2785400955041095,0.18292800117271246,GVZCLS_d5_L2,-0.04988496900928055,-2.2909440188846797,-1,0.25574425574425574,1.0,0.5564545344765125
huong,AUDUSD,GVZCLS,5,3050,2.5994806967820536,6,0.016275165089210786,0.0042674409983400885,GVZCLS_ad1_L5,-0.07130341706155881,-3.114722944768397,-1,0.013986013986013986,1.0,0.10256410256410257
huong,AUDUSD,OVXCLS,1,3050,1.538134706356367,6,0.16153115272271745,0.004694356477389694,OVXCLS_lv_L1,0.06452254345909704,2.043797098786918,1,0.14885114885114886,1.0,0.4190406749648456
huong,AUDUSD,OVXCLS,2,3050,1.006523318506411,6,0.41904502077205097,0.02357603842931255,OVXCLS_lv_L2,0.050059001817966416,1.5843890842211792,1,0.3926073926073926,1.0,0.6720714444057383
huong,AUDUSD,OVXCLS,5,3050,1.4346722652589883,6,0.19725911896834436,0.028958464622809488,OVXCLS_lv_L5,0.07292261305182823,2.3197461611363193,1,0.1918081918081918,1.0,0.4747252747252747
huong,AUDUSD,DCOILBRENTEU,1,3050,1.1201544829135843,6,0.3477228466661719,0.34845757634874275,DCOILBRENTEU_lv_L1,-0.034514233743296846,-1.8250255445066548,-1,0.32667332667332666,1.0,0.600755281869833
huong,AUDUSD,DCOILBRENTEU,2,3050,1.0257249190516842,6,0.4063614974674734,0.5068899143873578,DCOILBRENTEU_lv_L2,-0.032038234478912526,-1.696063364029043,-1,0.4125874125874126,1.0,0.6920290976629004
huong,AUDUSD,DCOILBRENTEU,5,3050,1.6334603264826355,6,0.133714406106213,0.09159338832008379,DCOILBRENTEU_lv_L5,-0.034485684887880286,-1.829815858418289,-1,0.13886113886113885,1.0,0.4043309631544926
huong,AUDUSD,NIKKEI225,1,3045,0.5831011154125694,6,0.7441166940771498,0.5308338971006301,NIKKEI225_rv20_L1,0.03281942781397241,1.4484271753197344,1,0.7452547452547452,1.0,0.9070643642072214
huong,AUDUSD,NIKKEI225,2,3044,0.9007890842950919,6,0.49319774273306827,0.280433264924693,NIKKEI225_d1_L2,0.027320813405277977,1.5871732292316096,1,0.4595404595404595,1.0,0.7294945054945056
huong,AUDUSD,NIKKEI225,5,3044,1.105928413936206,6,0.35615415434545206,0.2992982622832192,NIKKEI225_d5_L5,-0.03070483581221455,-1.828744312926385,-1,0.32867132867132864,1.0,0.6025641025641025
huong,AUDUSD,chenh_ls,1,3050,0.4995068959314276,5,0.776835320603208,0.7341121527085847,abs_d_chenh_ls_L1,-0.1262646169927973,-1.1700868192525904,-1,0.7372627372627373,1.0,0.9070643642072214
huong,AUDUSD,chenh_ls,2,3050,0.4995068959314276,5,0.776835320603208,0.7341121527085847,abs_d_chenh_ls_L2,-0.1262646169927973,-1.1700868192525904,-1,0.7182817182817183,1.0,0.8994794679005205
huong,AUDUSD,chenh_ls,5,3050,0.4995068959314276,5,0.776835320603208,0.7341121527085847,abs_d_chenh_ls_L5,-0.1262646169927973,-1.1700868192525904,-1,0.7462537462537463,1.0,0.9070643642072214
huong,AUDUSD,su_kien_phi_nhtw,1,3050,0.6511033466348359,3,0.5822179099328094,0.5676145235513128,sk_dem5_L1,0.011792180263823032,0.9203048352156132,1,0.5844155844155844,1.0,0.812319930649397
huong,AUDUSD,su_kien_phi_nhtw,2,3050,1.5189247970120257,3,0.20751385970309044,0.22944387963565538,sk_ke_tiep_L2,0.06801794815420611,1.8894901093041447,1,0.23376623376623376,1.0,0.5242501859043212
huong,AUDUSD,su_kien_phi_nhtw,5,3050,1.7034271639105492,3,0.16413923182327872,0.19143557835466507,sk_ngay_L5,-0.07446246278784942,-2.1387682051401145,-1,0.14285714285714285,1.0,0.4099378881987577
huong,EURUSD,DGS2,1,3050,0.42129968323327627,6,0.8652747516810955,0.8685762649296631,DGS2_rv20_L1,-0.018700674568489346,-1.4051387093254322,-1,0.8731268731268731,1.0,0.9658051445760941
huong,EURUSD,DGS2,2,3050,0.3912988044224957,6,0.8850301788554018,0.8634099006891357,DGS2_d1_L2,-0.014857090680452687,-1.1094496883301406,-1,0.8591408591408591,1.0,0.9620715105789733
huong,EURUSD,DGS2,5,3050,0.4357959801914638,6,0.8553389740433878,0.7062657193657665,DGS2_lv_L5,0.014788723062123173,1.1192993537923923,1,0.8681318681318682,1.0,0.9620715105789733
huong,EURUSD,DGS10,1,3050,0.39102517776233114,6,0.8852050083911694,0.8828925079155899,DGS10_rv20_L1,-0.020393557397127636,-1.010327911051029,-1,0.8681318681318682,1.0,0.9620715105789733
huong,EURUSD,DGS10,2,3050,0.6281418171862806,6,0.70790395492131,0.7025077670807557,DGS10_d5_L2,0.027887420495073718,1.5023254996632214,1,0.7092907092907093,1.0,0.8976852934299744
huong,EURUSD,DGS10,5,3050,0.7771916603803993,6,0.5877504614798625,0.5030969541367989,DGS10_d1_L5,0.029206383883171014,1.5551741788268754,1,0.5754245754245755,1.0,0.812319930649397
huong,EURUSD,T10Y2Y,1,3050,0.21517784314617394,6,0.9721165824099494,0.9604132943201209,T10Y2Y_ad5_L1,0.013189610507053489,0.693874084634943,1,0.9690309690309691,1.0,0.9876561794370013
huong,EURUSD,T10Y2Y,2,3050,0.46794060893875017,6,0.8325068322868967,0.7854429935493481,T10Y2Y_d5_L2,0.019339730382694667,1.033587822729433,1,0.8351648351648352,1.0,0.9499018092173985
huong,EURUSD,T10Y2Y,5,3050,1.2668432483669656,6,0.2691740788576915,0.1640833525443126,T10Y2Y_d1_L5,0.03582258152531631,1.8805732608144314,1,0.23676323676323677,1.0,0.526731695271021
huong,EURUSD,DFII10,1,3050,0.6151382938052479,6,0.7184063474137143,0.7077634558938838,DFII10_rv20_L1,-0.022858396757889518,-1.2828339998450813,-1,0.7052947052947053,1.0,0.8976852934299744
huong,EURUSD,DFII10,2,3050,0.49216928820026634,6,0.8146571300496003,0.8208914014102404,DFII10_d5_L2,0.02130271227382937,1.187339120602484,1,0.8001998001998002,1.0,0.9331609566903684
huong,EURUSD,DFII10,5,3050,0.6833396905726854,6,0.6631496650460345,0.5413110527370015,DFII10_d1_L5,0.021027694994482753,1.1858934500246856,1,0.6493506493506493,1.0,0.8642230252968507
huong,EURUSD,VIXCLS,1,3050,1.01023941732842,6,0.4165707965662794,0.24071884875705374,VIXCLS_d5_L1,-0.04304615917480121,-1.8517547888984722,-1,0.41358641358641357,1.0,0.6920290976629004
huong,EURUSD,VIXCLS,2,3050,1.0027173380875913,6,0.4215887610059542,0.2714852446744409,VIXCLS_d5_L2,-0.041184487640734325,-1.8233970759620861,-1,0.4385614385614386,1.0,0.7098242357097944
huong,EURUSD,VIXCLS,5,3050,1.91644780347462,6,0.07450669769522722,0.028033236777295967,VIXCLS_ad1_L5,-0.0691841514950856,-2.657675925461762,-1,0.08191808191808192,1.0,0.3022319295611221
huong,EURUSD,GVZCLS,1,3050,0.4754506683882266,6,0.8270283654566553,0.6294418083780615,GVZCLS_rv20_L1,0.02548447042024488,0.8669624788284329,1,0.8331668331668332,1.0,0.9499018092173985
huong,EURUSD,GVZCLS,2,3050,1.2248322506794456,6,0.29012045043320933,0.1732840917933386,GVZCLS_d1_L2,0.03895946677119555,1.762364368878409,1,0.2977022977022977,1.0,0.5779934351362923
huong,EURUSD,GVZCLS,5,3050,1.686816695423288,6,0.1200654206578955,0.024715123684106555,GVZCLS_ad1_L5,-0.058346123523293825,-2.4923116752607215,-1,0.11188811188811189,1.0,0.36566676566676565
huong,EURUSD,OVXCLS,1,3050,0.2787726148111713,6,0.9471657553399018,0.35689861146835966,OVXCLS_ad1_L1,-0.023855405500676413,-0.9523594298538124,-1,0.9500499500499501,1.0,0.9862541639545124
huong,EURUSD,OVXCLS,2,3050,0.5332375963700331,6,0.7833783695035035,0.2768879084783247,OVXCLS_ad5_L2,0.040528561279482844,1.3659615154236113,1,0.7982017982017982,1.0,0.9331609566903684
huong,EURUSD,OVXCLS,5,3050,0.6599029450565784,6,0.6821649148318083,0.221653636583504,OVXCLS_d5_L5,0.03949868012630583,1.6809697432663864,1,0.6593406593406593,1.0,0.8703296703296703
huong,EURUSD,DCOILBRENTEU,1,3050,0.9282605832074667,6,0.4732610919729391,0.315999334429767,DCOILBRENTEU_lv_L1,-0.025978862875267808,-1.3769298363116567,-1,0.46353646353646355,1.0,0.7303465765004227
huong,EURUSD,DCOILBRENTEU,2,3050,0.9148442318680022,6,0.48294180432364986,0.47425449825656296,DCOILBRENTEU_lv_L2,-0.026387584203009965,-1.3992647169518158,-1,0.46253746253746253,1.0,0.7303465765004227
huong,EURUSD,DCOILBRENTEU,5,3050,0.9547637925942234,6,0.4544609573169429,0.33572463932499397,DCOILBRENTEU_lv_L5,-0.030312996522228235,-1.6093978013528352,-1,0.43756243756243757,1.0,0.7098242357097944
huong,EURUSD,NIKKEI225,1,3045,0.25293782625900446,6,0.9582732719590199,0.9382538805913911,NIKKEI225_d1_L1,-0.017453211448394575,-0.9976484906235163,-1,0.9630369630369631,1.0,0.9876561794370013
huong,EURUSD,NIKKEI225,2,3044,0.19574327553695803,6,0.9781012366962907,0.9796451465715925,NIKKEI225_d5_L2,0.012587562938727821,0.7293300508004794,1,0.971028971028971,1.0,0.9876561794370013
huong,EURUSD,NIKKEI225,5,3044,0.31506542404601046,6,0.9294409931324712,0.8701530716587684,NIKKEI225_d1_L5,-0.020366910287014848,-1.1668212183404847,-1,0.9330669330669331,1.0,0.973395026026605
huong,EURUSD,chenh_ls,1,3050,1.5230150789931862,5,0.1791225603876614,0.0797227087714164,d_chenh_ls_L1,0.13836131506565105,2.317506737068207,1,0.16183816183816183,1.0,0.433026433026433
huong,EURUSD,chenh_ls,2,3050,1.5230150789931862,5,0.1791225603876614,0.0797227087714164,d_chenh_ls_L2,0.13836131506565105,2.317506737068207,1,0.18081918081918083,1.0,0.46295945433876473
huong,EURUSD,chenh_ls,5,3050,1.5230150789931862,5,0.1791225603876614,0.0797227087714164,d_chenh_ls_L5,0.13836131506565105,2.317506737068207,1,0.18081918081918083,1.0,0.46295945433876473
huong,EURUSD,su_kien_phi_nhtw,1,3050,0.9289593160304681,3,0.4257997592530379,0.49158009616740717,sk_dem5_L1,0.013407084452695377,1.0232575663152697,1,0.42157842157842157,1.0,0.6975420123052435
huong,EURUSD,su_kien_phi_nhtw,2,3050,0.6301976805163331,3,0.5954809183458631,0.5937992290701897,sk_ngay_L2,0.040811798879884904,1.0671255721142259,1,0.5854145854145855,1.0,0.812319930649397
huong,EURUSD,su_kien_phi_nhtw,5,3050,3.0717167781200336,3,0.026713321656695377,0.05747767577737373,sk_ngay_L5,-0.07996741292968998,-2.24992644280334,-1,0.023976023976023976,1.0,0.1468222499150334
huong,GBPUSD,DGS2,1,3050,0.7114580578968865,6,0.6403836063069008,0.5274894655328537,DGS2_d5_L1,0.01694656381971254,1.2315583281254416,1,0.6093906093906094,1.0,0.8283249930847185
huong,GBPUSD,DGS2,2,3050,0.621013776392936,6,0.7136646263835045,0.7316777776885848,DGS2_d5_L2,0.020595311949222997,1.5298260613864232,1,0.6843156843156843,1.0,0.8836598184424271
huong,GBPUSD,DGS2,5,3050,0.398883045892648,6,0.880144607236429,0.7297427695208543,DGS2_ad5_L5,-0.014206265401828238,-0.9682110895040702,-1,0.8821178821178821,1.0,0.9670722837091352
huong,GBPUSD,DGS10,1,3050,1.2275430488940176,6,0.2887317682549184,0.1565052321876832,DGS10_ad5_L1,0.028739483603698875,1.4698858182466543,1,0.2647352647352647,1.0,0.5598571040267153
huong,GBPUSD,DGS10,2,3050,2.032276953603215,6,0.058128783086382696,0.03674247332864089,DGS10_d5_L2,0.045244601356856776,2.3552018769395224,1,0.06293706293706294,1.0,0.2543171114599686
huong,GBPUSD,DGS10,5,3050,0.18542612196613287,6,0.9809600327188529,0.9709534552469329,DGS10_d1_L5,0.014621982885074209,0.7515659660453682,1,0.98001998001998,1.0,0.9910293787844808
huong,GBPUSD,T10Y2Y,1,3050,0.4925661183148392,6,0.8143606998306351,0.5969787587754058,T10Y2Y_ad5_L1,0.026074446332403366,1.325492776900087,1,0.8111888111888111,1.0,0.9392712550607287
huong,GBPUSD,T10Y2Y,2,3050,0.8299096131461212,6,0.5465535085788784,0.4998637780792462,T10Y2Y_ad1_L2,-0.028349021437842285,-1.4930460905499563,-1,0.5154845154845155,1.0,0.762740981103264
huong,GBPUSD,T10Y2Y,5,3050,0.881359026519965,6,0.5075603935170205,0.3483879204892659,T10Y2Y_rv20_L5,0.027247695946597966,1.4311309875662832,1,0.48151848151848153,1.0,0.7467416304625607
huong,GBPUSD,DFII10,1,3050,0.5753932247303953,6,0.7502557704394452,0.8101124767737746,DFII10_d1_L1,0.023283628310218216,1.2207042626245648,1,0.7622377622377622,1.0,0.9183960056171009
huong,GBPUSD,DFII10,2,3050,0.6579342264115019,6,0.6837622929684943,0.7569154150141252,DFII10_ad1_L2,-0.027475944299890392,-1.5265877464609219,-1,0.6683316683316683,1.0,0.8763554326468234
huong,GBPUSD,DFII10,5,3050,0.3864898664928999,6,0.8880879849643792,0.8870361050515243,DFII10_d5_L5,-0.025205206826416138,-1.343055886748093,-1,0.8861138861138861,1.0,0.9670722837091352
huong,GBPUSD,VIXCLS,1,3050,3.2334115246045947,6,0.0036093244659159973,0.04369476401149175,VIXCLS_d5_L1,-0.05381125647067581,-2.230375633633918,-1,0.003996003996003996,1.0,0.04654169360051713
huong,GBPUSD,VIXCLS,2,3050,1.0365776075697755,6,0.39930453946878364,0.29780417737107023,VIXCLS_d5_L2,-0.03850113558162008,-1.640022940305178,-1,0.36163836163836166,1.0,0.6506024096385542
huong,GBPUSD,VIXCLS,5,3050,1.7355922690328391,6,0.10868981080080564,0.010569263602484669,VIXCLS_ad1_L5,-0.05587399952749076,-2.071903113977641,-1,0.1068931068931069,1.0,0.3607642357642358
huong,GBPUSD,GVZCLS,1,3050,1.5580516165103233,6,0.15533478910171905,0.2205405127492024,GVZCLS_d5_L1,-0.05580512821443664,-2.385565531263688,-1,0.15084915084915085,1.0,0.42032967032967034
huong,GBPUSD,GVZCLS,2,3050,1.8572962308774443,6,0.08441940160252603,0.04513680287236199,GVZCLS_d5_L2,-0.06008303186580284,-2.6137920808139996,-1,0.0919080919080919,1.0,0.3304599592024742
huong,GBPUSD,GVZCLS,5,3050,1.650227056880818,6,0.12928416776721752,0.07583538738120144,GVZCLS_ad1_L5,-0.05819885142161542,-2.399089384822966,-1,0.11688311688311688,1.0,0.37048665620094196
huong,GBPUSD,OVXCLS,1,3050,0.4810136632119304,6,0.8229380527913239,0.8081515151204715,OVXCLS_d5_L1,-0.027121734092844536,-1.202061393676064,-1,0.8181818181818182,1.0,0.9418604651162792
huong,GBPUSD,OVXCLS,2,3050,0.7594038159238068,6,0.6018802662940581,0.15350396293665391,OVXCLS_ad5_L2,0.05133258148204382,1.6677963118596761,1,0.6093906093906094,1.0,0.8283249930847185
huong,GBPUSD,OVXCLS,5,3050,0.16031492395049246,6,0.9869986435936502,0.7209127105128958,OVXCLS_d5_L5,0.0229078057825593,0.9392151339157498,1,0.991008991008991,1.0,0.9943569943569943
huong,GBPUSD,DCOILBRENTEU,1,3050,0.9457769333404751,6,0.4607867886181787,0.40530632400132793,DCOILBRENTEU_rv20_L1,-0.019047459600785223,-1.2600177375054271,-1,0.44955044955044954,1.0,0.7194257355547677
huong,GBPUSD,DCOILBRENTEU,2,3050,1.0120249626720612,6,0.4153852866900112,0.4598174527862654,DCOILBRENTEU_ad1_L2,-0.02468694932627029,-1.4740224607579273,-1,0.41358641358641357,1.0,0.6920290976629004
huong,GBPUSD,DCOILBRENTEU,5,3050,0.6480349572384356,6,0.6917919710173592,0.3751902879996556,DCOILBRENTEU_rv20_L5,-0.017129124854311204,-1.1637368650532003,-1,0.6843156843156843,1.0,0.8836598184424271
huong,GBPUSD,NIKKEI225,1,3045,0.38292105953467814,6,0.8903366344467551,0.9626405864425612,NIKKEI225_d5_L1,0.022958765204800724,1.2579442520728619,1,0.8891108891108891,1.0,0.9670722837091352
huong,GBPUSD,NIKKEI225,2,3044,0.8180695862361742,6,0.5557068878674121,0.45624749615004545,NIKKEI225_ad1_L2,-0.03374382375223324,-1.8879493672693521,-1,0.5554445554445554,1.0,0.7969421882465361
huong,GBPUSD,NIKKEI225,5,3044,0.05554200188508764,6,0.9993179977912877,0.9989935447518764,NIKKEI225_d1_L5,-0.00705770406090493,-0.39054590892905944,-1,0.999000999000999,1.0,0.999000999000999
huong,GBPUSD,chenh_ls,1,3050,0.4936233372457418,5,0.7812565708549547,0.7670809783244114,abs_d_chenh_ls_L1,-0.1741313510517238,-1.1865819276696106,-1,0.7782217782217782,1.0,0.9238665526090677
huong,GBPUSD,chenh_ls,2,3050,0.4936233372457418,5,0.7812565708549547,0.7670809783244114,abs_d_chenh_ls_L2,-0.1741313510517238,-1.1865819276696106,-1,0.7752247752247752,1.0,0.9238665526090677
huong,GBPUSD,chenh_ls,5,3050,0.4936233372457418,5,0.7812565708549547,0.7670809783244114,abs_d_chenh_ls_L5,-0.1741313510517238,-1.1865819276696106,-1,0.7792207792207793,1.0,0.9238665526090677
huong,GBPUSD,su_kien_phi_nhtw,1,3050,1.309648779546162,3,0.2694490658322475,0.2921825137270091,sk_dem5_L1,0.02422536087146124,1.7871729795360785,1,0.24775224775224775,1.0,0.5470811716164875
huong,GBPUSD,su_kien_phi_nhtw,2,3050,1.9696760312821375,3,0.11636175219472733,0.11180182647472048,sk_ke_tiep_L2,0.08971280037828744,2.355206381875729,1,0.11388611388611389,1.0,0.36566676566676565
huong,GBPUSD,su_kien_phi_nhtw,5,3050,1.7970127528118847,3,0.14554599500335608,0.1786944614455721,sk_ngay_L5,-0.05510702885632166,-1.4947821928471794,-1,0.12787212787212787,1.0,0.39152599977342245
huong,USDCAD,DGS2,1,3050,0.8156507983108796,6,0.5575841493296556,0.4103838472158956,DGS2_ad5_L1,0.02406109289928408,1.7474216618330254,1,0.5404595404595405,1.0,0.781102109569263
huong,USDCAD,DGS2,2,3050,0.8689217031673989,6,0.5168628213255735,0.4322308385644016,DGS2_ad5_L2,0.021486274318128447,1.5946575417960067,1,0.4865134865134865,1.0,0.7467416304625607
huong,USDCAD,DGS2,5,3050,2.027178778144046,6,0.05877303734851136,0.08954208982839751,DGS2_ad5_L5,0.04663251514889899,3.402416078434571,1,0.06393606393606394,1.0,0.2566082566082566
huong,USDCAD,DGS10,1,3050,0.8885747486998542,6,0.5022018601871412,0.3029434834797381,DGS10_ad5_L1,0.0225584604769021,1.233127936937214,1,0.4935064935064935,1.0,0.7515479444413454
huong,USDCAD,DGS10,2,3050,2.5894484932656674,6,0.01665743969336808,0.010764810765011346,DGS10_ad1_L2,0.03593746217487407,2.059112993492506,1,0.017982017982017984,1.0,0.12137862137862139
huong,USDCAD,DGS10,5,3050,0.8605696106870812,6,0.5231555017544429,0.3355230847939201,DGS10_lv_L5,0.025898279014540632,1.6006704904866271,1,0.4985014985014985,1.0,0.7515479444413454
huong,USDCAD,T10Y2Y,1,3050,0.215610580752397,6,0.9719744296353712,0.9789556067929578,T10Y2Y_d5_L1,0.014182456679659563,0.7657994293299818,1,0.971028971028971,1.0,0.9876561794370013
huong,USDCAD,T10Y2Y,2,3050,0.47194843736498154,6,0.8295895157210913,0.7511717252203249,T10Y2Y_ad1_L2,0.017365861151619467,0.9758974593637493,1,0.8481518481518482,1.0,0.9559814000041704
huong,USDCAD,T10Y2Y,5,3050,1.0573393126423916,6,0.38603179674841415,0.3259911075656523,T10Y2Y_ad5_L5,0.037243591204583947,2.0793913360554814,1,0.37162837162837165,1.0,0.6527472527472528
huong,USDCAD,DFII10,1,3050,0.9108891713540354,6,0.48581605010951356,0.4191819911913788,DFII10_ad5_L1,0.0324138342797109,1.7647218931191575,1,0.4905094905094905,1.0,0.7509346323779313
huong,USDCAD,DFII10,2,3050,1.8374120265921432,6,0.0880133278671772,0.030884592427056323,DFII10_ad1_L2,0.029665046012126998,1.7618793135569155,1,0.09290709290709291,1.0,0.3304599592024742
huong,USDCAD,DFII10,5,3050,0.23094616631734818,6,0.9666881698851256,0.9343902299704457,DFII10_lv_L5,0.012642418566868529,0.8279478116014563,1,0.971028971028971,1.0,0.9876561794370013
huong,USDCAD,VIXCLS,1,3050,1.4461926845536877,6,0.19297465218064103,0.13697012963972044,VIXCLS_ad1_L1,0.04837636465905418,1.9252619920737553,1,0.2077922077922078,1.0,0.49061175045427013
huong,USDCAD,VIXCLS,2,3050,0.621952380612369,6,0.7129065541151014,0.6312499920445809,VIXCLS_d5_L2,0.02843209943606671,1.2983236682497894,1,0.7342657342657343,1.0,0.9070643642072214
huong,USDCAD,VIXCLS,5,3050,1.1962487353669442,6,0.3050776531293533,0.057220666224170214,VIXCLS_ad5_L5,0.0476494743616431,1.9724319676659774,1,0.2807192807192807,1.0,0.5652449245669584
huong,USDCAD,GVZCLS,1,3050,2.7734591619864273,6,0.01084444800963158,0.00027431577063530277,GVZCLS_rv20_L1,-0.07423260659373758,-2.605895440626351,-1,0.008991008991008992,1.0,0.07971133344267674
huong,USDCAD,GVZCLS,2,3050,1.4041749417342675,6,0.20898915529952156,0.01807051279414229,GVZCLS_rv20_L2,-0.060497309663404115,-2.14271054593643,-1,0.1958041958041958,1.0,0.47863247863247865
huong,USDCAD,GVZCLS,5,3050,0.9716785600715591,6,0.44269427904520975,0.2979715706293553,GVZCLS_rv20_L5,-0.05451480456053599,-1.9476227177049146,-1,0.42857142857142855,1.0,0.7010022944088878
huong,USDCAD,OVXCLS,1,3050,0.8593238781780181,6,0.5240971492201414,0.10411717441260904,OVXCLS_lv_L1,-0.04002957358122471,-1.311443491887325,-1,0.4865134865134865,1.0,0.7467416304625607
huong,USDCAD,OVXCLS,2,3050,0.6160426878940432,6,0.7176768997431173,0.26256737179668543,OVXCLS_d1_L2,0.021661695197664012,1.1284119318656178,1,0.7152847152847153,1.0,0.8994794679005205
huong,USDCAD,OVXCLS,5,3050,1.5720910627053328,6,0.15109215712130686,0.0027782095197765866,OVXCLS_ad1_L5,-0.06684075986755052,-2.270203249751486,-1,0.12387612387612387,1.0,0.3872758820127241
huong,USDCAD,DCOILBRENTEU,1,3050,1.3194053745763354,6,0.24467076007732225,0.16570259486201067,DCOILBRENTEU_ad1_L1,-0.03318977975386932,-2.06617026638338,-1,0.2137862137862138,1.0,0.49450549450549447
huong,USDCAD,DCOILBRENTEU,2,3050,0.6031060240890223,6,0.7280942346633736,0.6978516718780139,DCOILBRENTEU_lv_L2,0.025526122554171925,1.302583758315235,1,0.7462537462537463,1.0,0.9070643642072214
huong,USDCAD,DCOILBRENTEU,5,3050,1.4256521915957412,6,0.20066940864316207,0.18896731537897093,DCOILBRENTEU_ad1_L5,-0.026130675160782876,-1.6360098352265031,-1,0.1918081918081918,1.0,0.4747252747252747
huong,USDCAD,NIKKEI225,1,3045,0.3588413617683794,6,0.9050335793912241,0.892254983479536,NIKKEI225_d1_L1,-0.019057967337771615,-1.1244863571861496,-1,0.9050949050949051,1.0,0.9670722837091352
huong,USDCAD,NIKKEI225,2,3044,0.31462320284664247,6,0.929671208637755,0.9504937768292206,NIKKEI225_ad5_L2,0.015488922603533743,0.8902204678927096,1,0.9120879120879121,1.0,0.9674646781789639
huong,USDCAD,NIKKEI225,5,3044,1.1337834383258558,6,0.339781926528393,0.19898697639857743,NIKKEI225_ad1_L5,-0.03676418984205461,-2.185643085065522,-1,0.3066933066933067,1.0,0.5838968723584108
huong,USDCAD,chenh_ls,1,3050,0.7240041521312164,5,0.6053650724871219,0.5260838170496784,chenh_ls_L1,-0.07043737820081354,-1.6973059444697787,-1,0.5864135864135864,1.0,0.812319930649397
huong,USDCAD,chenh_ls,2,3050,0.7240041521312164,5,0.6053650724871219,0.5260838170496784,chenh_ls_L2,-0.07043737820081354,-1.6973059444697787,-1,0.5834165834165834,1.0,0.812319930649397
huong,USDCAD,chenh_ls,5,3050,0.7240041521312164,5,0.6053650724871219,0.5260838170496784,chenh_ls_L5,-0.07043737820081354,-1.6973059444697787,-1,0.5864135864135864,1.0,0.812319930649397
huong,USDCAD,su_kien_phi_nhtw,1,3050,1.3043486276670955,3,0.2712167355927948,0.2851586895632632,sk_ke_tiep_L1,0.06166347594688931,1.6347469175231628,1,0.26573426573426573,1.0,0.5598571040267153
huong,USDCAD,su_kien_phi_nhtw,2,3050,1.27726189442026,3,0.28041530280870064,0.2944174482772619,sk_ngay_L2,0.06922406193154367,1.8691492224036108,1,0.2867132867132867,1.0,0.5734265734265734
huong,USDCAD,su_kien_phi_nhtw,5,3050,0.10134782960828954,3,0.9592596580778329,0.9577662057666647,sk_ngay_L5,0.014002998956246522,0.40588042497300914,1,0.952047952047952,1.0,0.9862541639545124
huong,USDCHF,DGS2,1,3050,0.7188412527210075,6,0.6344230394030441,0.24872564724296853,DGS2_ad5_L1,-0.02412052364273139,-1.5858821361451643,-1,0.6013986013986014,1.0,0.8225843122394847
huong,USDCHF,DGS2,2,3050,0.49355701820782266,6,0.8136199598452951,0.659214075141243,DGS2_d1_L2,0.013576718982989643,0.9471001430779962,1,0.7752247752247752,1.0,0.9238665526090677
huong,USDCHF,DGS2,5,3050,0.24898602072162832,6,0.9598569980243614,0.8642725948433803,DGS2_ad1_L5,-0.015765587054757037,-1.0804906999509365,-1,0.9440559440559441,1.0,0.9820827158830661
huong,USDCHF,DGS10,1,3050,0.32435619791910875,6,0.9245262984565971,0.8505654007153644,DGS10_ad5_L1,-0.027526388660922652,-1.3570087212384798,-1,0.9200799200799201,1.0,0.9708383489302217
huong,USDCHF,DGS10,2,3050,0.5099755568699267,6,0.8012381306679444,0.7848506536356068,DGS10_d1_L2,0.029151441833043534,1.4466109654608457,1,0.7722277722277723,1.0,0.9238665526090677
huong,USDCHF,DGS10,5,3050,1.241214736866045,6,0.2818063589900316,0.2842659849290693,DGS10_ad1_L5,-0.04075962251512441,-2.11224049394029,-1,0.3036963036963037,1.0,0.5800501749054803
huong,USDCHF,T10Y2Y,1,3050,0.5199759915642712,6,0.7936026830411177,0.6131817341992152,T10Y2Y_ad5_L1,-0.016908075816474796,-0.8312575224219892,-1,0.7712287712287712,1.0,0.9238665526090677
huong,USDCHF,T10Y2Y,2,3050,0.4350960984135458,6,0.8558241203479705,0.7492312606187443,T10Y2Y_d5_L2,-0.016942254273488302,-0.8458050277406227,-1,0.8311688311688312,1.0,0.9494505494505495
huong,USDCHF,T10Y2Y,5,3050,2.22286692549057,6,0.03827226069521861,0.20208434975041578,T10Y2Y_ad1_L5,-0.04073545752903177,-2.0636141773505097,-1,0.04895104895104895,1.0,0.22716346153846154
huong,USDCHF,DFII10,1,3050,0.8279111288868264,6,0.5480940924818256,0.2586018493839909,DFII10_d1_L1,-0.028129412061317634,-1.427151666334224,-1,0.5194805194805194,1.0,0.7637906647807637
huong,USDCHF,DFII10,2,3050,0.19883163238724266,6,0.9772025838909792,0.9597278394512981,DFII10_lv_L2,-0.011047585564443624,-0.6578538639821527,-1,0.975024975024975,1.0,0.9900253592561284
huong,USDCHF,DFII10,5,3050,0.9985106377161219,6,0.4244116688954378,0.21407219570591018,DFII10_ad1_L5,-0.03165827639707239,-1.7146949982539372,-1,0.4005994005994006,1.0,0.6818224755187505
huong,USDCHF,VIXCLS,1,3050,1.3035234996307614,6,0.25187792110313656,0.04858708994854266,VIXCLS_d5_L1,0.04868753297051637,1.96027291117718,1,0.22577422577422576,1.0,0.5118698095797333
huong,USDCHF,VIXCLS,2,3050,2.3145881972053437,6,0.03118082599236427,0.013755111199492243,VIXCLS_d5_L2,0.07555381726642126,3.1324727922022433,1,0.03596403596403597,1.0,0.19420579420579423
huong,USDCHF,VIXCLS,5,3050,1.3281844276070949,6,0.24075892750531025,0.18302545488735322,VIXCLS_d1_L5,0.0610470944972362,2.5739348073296924,1,0.2037962037962038,1.0,0.4861644379716669
huong,USDCHF,GVZCLS,1,3050,0.6341916421227412,6,0.703008745068638,0.7003463861325956,GVZCLS_d5_L1,0.032584850094892565,1.3464471946799896,1,0.6623376623376623,1.0,0.8723471650300919
huong,USDCHF,GVZCLS,2,3050,0.9949239909236264,6,0.42682786181498233,0.24064569207017616,GVZCLS_d5_L2,0.05373657555160668,2.260906283253608,1,0.45454545454545453,1.0,0.7238605898123325
huong,USDCHF,GVZCLS,5,3050,0.5865176424552937,6,0.7413890305611718,0.8310806122480325,GVZCLS_d1_L5,0.027406083186975252,1.1852785206876142,1,0.7102897102897103,1.0,0.8976852934299744
huong,USDCHF,OVXCLS,1,3050,0.662125945918208,6,0.6803611101012527,0.1776784531093255,OVXCLS_lv_L1,-0.04992261204294791,-1.5693038881028942,-1,0.5684315684315684,1.0,0.8091908091908092
huong,USDCHF,OVXCLS,2,3050,0.5427556819679628,6,0.7759766774262399,0.09319592609353611,OVXCLS_ad5_L2,-0.03623745299436344,-1.140946566147809,-1,0.6813186813186813,1.0,0.8836598184424271
huong,USDCHF,OVXCLS,5,3050,0.40720878060152543,6,0.8746950360511843,0.12824981940692082,OVXCLS_ad1_L5,-0.038279793829193276,-1.175551661763411,-1,0.8231768231768232,1.0,0.9450973736688022
huong,USDCHF,DCOILBRENTEU,1,3050,0.5541689061753895,6,0.7670380223635924,0.7105545913641012,DCOILBRENTEU_lv_L1,0.025012470773997035,1.2444607776092234,1,0.7452547452547452,1.0,0.9070643642072214
huong,USDCHF,DCOILBRENTEU,2,3050,0.5393140725594341,6,0.7786588174388746,0.5932353889132107,DCOILBRENTEU_lv_L2,0.024206590989396013,1.20484958837169,1,0.7652347652347652,1.0,0.9201405881567825
huong,USDCHF,DCOILBRENTEU,5,3050,1.287243135431357,6,0.2594418820305817,0.06513808970476809,DCOILBRENTEU_ad1_L5,-0.03212660191401263,-1.8201225203608586,-1,0.25874125874125875,1.0,0.5588811188811189
huong,USDCHF,NIKKEI225,1,3045,0.35284695048523007,6,0.908557901066004,0.7835483060080961,NIKKEI225_d1_L1,0.021821996495266713,1.166186241497988,1,0.9090909090909091,1.0,0.9670722837091352
huong,USDCHF,NIKKEI225,2,3044,0.44916724393752105,6,0.8459688289517494,0.7277835670849733,NIKKEI225_d5_L2,-0.02215828913221692,-1.1994061509490208,-1,0.8391608391608392,1.0,0.9499018092173985
huong,USDCHF,NIKKEI225,5,3044,1.2450329772425945,6,0.2798962016715616,0.10489286819166854,NIKKEI225_ad1_L5,-0.04823520164985235,-2.5965070690037106,-1,0.28771228771228774,1.0,0.5734936204734863
huong,USDCHF,chenh_ls,1,3050,0.4667731849644582,5,0.8012426318278101,0.6510806248255008,d_chenh_ls_L1,0.06818079292285062,1.1236269729322863,1,0.7932067932067932,1.0,0.9311558007210181
huong,USDCHF,chenh_ls,2,3050,0.4667731849644582,5,0.8012426318278101,0.6510806248255008,d_chenh_ls_L2,0.06818079292285062,1.1236269729322863,1,0.7832167832167832,1.0,0.9249120660651475
huong,USDCHF,chenh_ls,5,3050,0.4667731849644582,5,0.8012426318278101,0.6510806248255008,d_chenh_ls_L5,0.06818079292285062,1.1236269729322863,1,0.7972027972027972,1.0,0.9331609566903684
huong,USDCHF,su_kien_phi_nhtw,1,3050,0.4983954942672102,3,0.6834098202359924,0.7527686039443969,sk_ngay_L1,0.04088000539638067,1.0650385963184976,1,0.6873126873126874,1.0,0.885604633977736
huong,USDCHF,su_kien_phi_nhtw,2,3050,1.3503455644837077,3,0.2562205185858456,0.2227272588497562,sk_ke_tiep_L2,0.06356377663100593,1.6152578007790654,1,0.25074925074925075,1.0,0.5475921137685844
huong,USDCHF,su_kien_phi_nhtw,5,3050,1.5287050448042778,3,0.20496933108309234,0.1405252444664825,sk_dem5_L5,0.029594217147380864,2.0721301510961996,1,0.18581418581418582,1.0,0.46768485751536604
huong,USDJPY,DGS2,1,3050,0.7356096408475065,6,0.6209234129579905,0.6048455744755714,DGS2_ad5_L1,-0.023343024000459078,-1.5401368895612984,-1,0.6153846153846154,1.0,0.8326616435955844
huong,USDJPY,DGS2,2,3050,0.8383078669001368,6,0.5400995572690663,0.6044686330454836,DGS2_ad5_L2,-0.022010778055318286,-1.484481771849826,-1,0.4985014985014985,1.0,0.7515479444413454
huong,USDJPY,DGS2,5,3050,1.6390349198215592,6,0.13222676826223512,0.11811364690153625,DGS2_ad1_L5,-0.03882492233863542,-2.675586451638062,-1,0.14285714285714285,1.0,0.4099378881987577
huong,USDJPY,DGS10,1,3050,0.7632136006026814,6,0.5988456522924415,0.5665628797994728,DGS10_ad5_L1,-0.026946360445389943,-1.3309242777461985,-1,0.5834165834165834,1.0,0.812319930649397
huong,USDJPY,DGS10,2,3050,0.3780600698770263,6,0.8933711414744813,0.9165731639317269,DGS10_ad1_L2,0.018586948345176192,0.9664054622929339,1,0.8931068931068931,1.0,0.9670722837091352
huong,USDJPY,DGS10,5,3050,1.013001207952879,6,0.414738025467406,0.3570420017118696,DGS10_ad1_L5,-0.039338524213541795,-2.0464049679172516,-1,0.4175824175824176,1.0,0.6948009973220057
huong,USDJPY,T10Y2Y,1,3050,1.425644892408167,6,0.20067218825122157,0.19089444424191138,T10Y2Y_d5_L1,-0.046087203146989164,-2.263102774193702,-1,0.18681318681318682,1.0,0.46821532897482265
huong,USDJPY,T10Y2Y,2,3050,0.5374445173744856,6,0.780113098461784,0.7646016221351292,T10Y2Y_d5_L2,-0.02067872131803287,-1.0359761308131987,-1,0.7872127872127872,1.0,0.9277864992150707
huong,USDJPY,T10Y2Y,5,3050,0.782101515067351,6,0.5838685803675158,0.4482880354802631,T10Y2Y_d1_L5,-0.028372809222975137,-1.397714381045401,-1,0.5694305694305695,1.0,0.8091908091908092
huong,USDJPY,DFII10,1,3050,1.5310671731502399,6,0.16378086258825864,0.077155464047717,DFII10_lv_L1,-0.03903790785232438,-2.3158293864796176,-1,0.15384615384615385,1.0,0.4211272598369373
huong,USDJPY,DFII10,2,3050,0.9702419346247976,6,0.44368649261354076,0.4255626733139257,DFII10_lv_L2,-0.037761514018049114,-2.23806746506263,-1,0.42957042957042957,1.0,0.7010022944088878
huong,USDJPY,DFII10,5,3050,2.0167035099569617,6,0.060117656064712754,0.08255750910380333,DFII10_ad1_L5,-0.04158928029144362,-2.2637989548522213,-1,0.04795204795204795,1.0,0.22605965463108318
huong,USDJPY,VIXCLS,1,3050,0.9199958947874475,6,0.4792118275191316,0.12721302464723305,VIXCLS_d1_L1,-0.04323209236626323,-1.8120625562818,-1,0.4675324675324675,1.0,0.7346938775510204
huong,USDJPY,VIXCLS,2,3050,0.6552851370489635,6,0.6859115172341883,0.5988964409589608,VIXCLS_d5_L2,0.029285664624010634,1.216185065091803,1,0.6763236763236763,1.0,0.8810005783689994
huong,USDJPY,VIXCLS,5,3050,1.4934734289702185,6,0.1762075129152496,0.05719147405093694,VIXCLS_d1_L5,0.05999092959331895,2.5422506195170347,1,0.16783216783216784,1.0,0.43724696356275305
huong,USDJPY,GVZCLS,1,3050,0.7551083593996094,6,0.6053068287403311,0.45836528609594973,GVZCLS_d5_L1,0.04065266234075744,1.688522982713699,1,0.5894105894105894,1.0,0.812319930649397
huong,USDJPY,GVZCLS,2,3050,1.2176768192001595,6,0.2938107774454275,0.23985655906015713,GVZCLS_d1_L2,-0.050477029887434376,-2.1415635473742802,-1,0.2997002997002997,1.0,0.5779934351362923
huong,USDJPY,GVZCLS,5,3050,0.9790604523825255,6,0.43761714564404897,0.40175545381212685,GVZCLS_d1_L5,0.03670980964404985,1.5948917394509827,1,0.4155844155844156,1.0,0.6934189406099519
huong,USDJPY,OVXCLS,1,3050,0.19704198363328482,6,0.977725779508659,0.9340612144200506,OVXCLS_lv_L1,-0.026490558533642933,-0.8894023434685013,-1,0.978021978021978,1.0,0.9910293787844808
huong,USDJPY,OVXCLS,2,3050,0.21167879608272472,6,0.9732518051477392,0.8377615990056507,OVXCLS_lv_L2,-0.018626771903194585,-0.6239119851412657,-1,0.965034965034965,1.0,0.9876561794370013
huong,USDJPY,OVXCLS,5,3050,0.3488017309103429,6,0.9109048401174415,0.8946807052782192,OVXCLS_lv_L5,-0.03569430693219344,-1.1889118876377667,-1,0.8991008991008991,1.0,0.9670722837091352
huong,USDJPY,DCOILBRENTEU,1,3050,2.8949962838521137,6,0.00813769338253556,0.014105372512969283,DCOILBRENTEU_lv_L1,0.05931617220488837,2.9907373015227234,1,0.008991008991008992,1.0,0.07971133344267674
huong,USDJPY,DCOILBRENTEU,2,3050,3.6214338994500506,6,0.001391924528686861,0.0022304700835615865,DCOILBRENTEU_lv_L2,0.05838158584443585,2.946260763550967,1,0.003996003996003996,1.0,0.04654169360051713
huong,USDJPY,DCOILBRENTEU,5,3050,3.512265594781431,6,0.0018234831877641522,0.00210257793905666,DCOILBRENTEU_lv_L5,0.058224177379595385,2.935792729659678,1,0.001998001998001998,1.0,0.02967032967032967
huong,USDJPY,NIKKEI225,1,3045,0.5922653081653131,6,0.7367916023688226,0.6989712643398553,NIKKEI225_d5_L1,-0.02910454897697956,-1.5492172386852447,-1,0.7132867132867133,1.0,0.8994794679005205
huong,USDJPY,NIKKEI225,2,3044,0.8644620084797209,6,0.5202186231760052,0.5319637487670157,NIKKEI225_d1_L2,-0.019289383655561765,-1.029460184203187,-1,0.5164835164835165,1.0,0.762740981103264
huong,USDJPY,NIKKEI225,5,3044,0.2985317357453844,6,0.9378130609609786,0.9666350250838097,NIKKEI225_rv20_L5,0.019997134929445493,0.8524745544413459,1,0.9340659340659341,1.0,0.973395026026605
huong,USDJPY,chenh_ls,1,3050,2.7935689506093286,5,0.015977242928342572,0.0030619273526795165,abs_d_chenh_ls_L1,-3.7940871032201278,-3.4877057906383846,-1,0.011988011988011988,1.0,0.09494505494505494
huong,USDJPY,chenh_ls,2,3050,2.7935689506093286,5,0.015977242928342572,0.0030619273526795165,abs_d_chenh_ls_L2,-3.7940871032201278,-3.4877057906383846,-1,0.012987012987012988,1.0,0.0989010989010989
huong,USDJPY,chenh_ls,5,3050,2.7935689506093286,5,0.015977242928342572,0.0030619273526795165,abs_d_chenh_ls_L5,-3.7940871032201278,-3.4877057906383846,-1,0.005994005994005994,1.0,0.06246385193753615
huong,USDJPY,su_kien_phi_nhtw,1,3050,2.043717858038283,3,0.10563872590158341,0.13429917255395574,sk_ngay_L1,0.06903629539479487,1.805384599378669,1,0.13086913086913088,1.0,0.39164835164835166
huong,USDJPY,su_kien_phi_nhtw,2,3050,1.2395263091983189,3,0.29369877598470717,0.2873245084292041,sk_ke_tiep_L2,0.07142311179963816,1.823029708551104,1,0.32167832167832167,1.0,0.5971038307486906
huong,USDJPY,su_kien_phi_nhtw,5,3050,1.2426070212325855,3,0.29259352003831574,0.29159704140470144,sk_ke_tiep_L5,-0.050047265427557316,-1.2282581368713017,-1,0.3206793206793207,1.0,0.5971038307486906
rui_ro,AUDUSD,DGS2,1,3050,1.1265485453997928,6,0.343980557990509,0.12400862620836273,DGS2_rv20_L1,0.011738530062164663,1.4547861167239793,1,0.3226773226773227,1.0,0.5971038307486906
rui_ro,AUDUSD,DGS2,2,3050,1.9402980208493164,6,0.07082139500237827,0.011343309398329171,DGS2_d5_L2,0.016661978740192842,2.1360227299912866,1,0.056943056943056944,1.0,0.25054945054945055
rui_ro,AUDUSD,DGS2,5,3050,1.4736364629154852,6,0.1830845558895996,0.06090533479434712,DGS2_rv20_L5,0.012275544314988774,1.5291021917328473,1,0.16583416583416583,1.0,0.43394490971583477
rui_ro,AUDUSD,DGS10,1,3050,1.2690346582283283,6,0.2681149679011303,0.2076068051031279,DGS10_rv20_L1,0.023154377432783146,1.7898469418747844,1,0.26673326673326675,1.0,0.5598571040267153
rui_ro,AUDUSD,DGS10,2,3050,2.086556845706462,6,0.05166504077902845,0.028163821539631817,DGS10_d5_L2,0.026870439005154758,2.4123997497185505,1,0.04495504495504495,1.0,0.21709997319753416
rui_ro,AUDUSD,DGS10,5,3050,1.2782759708514435,6,0.2636848421757617,0.24805109353075627,DGS10_d1_L5,0.016185285357490718,1.4358817606413559,1,0.23476523476523475,1.0,0.5242501859043212
rui_ro,AUDUSD,T10Y2Y,1,3050,0.6616745349182609,6,0.680727404889573,0.6134949956531257,T10Y2Y_lv_L1,-0.011735437880371482,-1.1456728804943404,-1,0.6713286713286714,1.0,0.878346323280244
rui_ro,AUDUSD,T10Y2Y,2,3050,1.4586568932764208,6,0.18842807407339035,0.1606723692523916,T10Y2Y_ad1_L2,-0.01807080467490444,-1.6422916858446623,-1,0.14385614385614387,1.0,0.4108199492814878
rui_ro,AUDUSD,T10Y2Y,5,3050,1.5572463078754706,6,0.15558126294531127,0.15991902411198633,T10Y2Y_ad1_L5,0.020807187642743887,1.8775957917146264,1,0.14785214785214784,1.0,0.4182103610675039
rui_ro,AUDUSD,DFII10,1,3050,1.425441251794317,6,0.20074974980268223,0.13894650497607075,DFII10_rv20_L1,0.01709556463958079,1.5082159319982915,1,0.16883116883116883,1.0,0.43792888334373054
rui_ro,AUDUSD,DFII10,2,3050,2.567732930884123,6,0.017514611429010785,0.01918415428276643,DFII10_d5_L2,0.02874346137221216,2.6716817375410105,1,0.016983016983016984,1.0,0.11868131868131868
rui_ro,AUDUSD,DFII10,5,3050,1.694888000055413,6,0.11811246659706565,0.1342307765978903,DFII10_ad1_L5,0.020599647767146984,1.9889126912208788,1,0.11288711288711288,1.0,0.36566676566676565
rui_ro,AUDUSD,VIXCLS,1,3050,2.0415196198768597,6,0.05697749648717576,0.03987181360749548,VIXCLS_lv_L1,0.05518725728749884,2.761698822907436,1,0.053946053946053944,1.0,0.24275724275724275
rui_ro,AUDUSD,VIXCLS,2,3050,2.335118756826681,6,0.029773599083069202,0.006672958473591728,VIXCLS_lv_L2,0.06169408665600685,3.0691095770583905,1,0.027972027972027972,1.0,0.16783216783216784
rui_ro,AUDUSD,VIXCLS,5,3050,1.8590431337267403,6,0.08411015103692776,0.055206043030274765,VIXCLS_lv_L5,0.05509808163459641,2.7429070883227964,1,0.07392607392607392,1.0,0.28148774302620455
rui_ro,AUDUSD,GVZCLS,1,3050,1.1927556218698607,6,0.30694508073848414,0.2634041188246805,GVZCLS_lv_L1,0.029574913206510532,1.418764983495254,1,0.2887112887112887,1.0,0.5735602190451689
rui_ro,AUDUSD,GVZCLS,2,3050,0.80593385733384,6,0.5651512212719966,0.4699066316472037,GVZCLS_lv_L2,0.03354039126827082,1.606914484525532,1,0.5244755244755245,1.0,0.7687977047582958
rui_ro,AUDUSD,GVZCLS,5,3050,1.2403744922488316,6,0.28222822529932545,0.19650940902888303,GVZCLS_ad1_L5,0.01807872887639168,1.2850408112650533,1,0.2817182817182817,1.0,0.5653400653400654
rui_ro,AUDUSD,OVXCLS,1,3050,2.0276530295132424,6,0.05871282776040987,0.018246656649427928,OVXCLS_ad1_L1,-0.03671291765873168,-2.4431920268523797,-1,0.060939060939060936,1.0,0.2543171114599686
rui_ro,AUDUSD,OVXCLS,2,3050,1.1165808768023382,6,0.3498270941030551,0.18552599082289434,OVXCLS_ad5_L2,0.01740792854331424,0.974918626897833,1,0.3006993006993007,1.0,0.5780433159073936
rui_ro,AUDUSD,OVXCLS,5,3050,1.4004734235847214,6,0.2104517545996738,0.11963066095194197,OVXCLS_d5_L5,0.020684208650189172,1.4661156969287406,1,0.19880119880119881,1.0,0.4819914779098453
rui_ro,AUDUSD,DCOILBRENTEU,1,3050,1.0149142092903207,6,0.41347156353856374,0.632214189458973,DCOILBRENTEU_ad1_L1,-0.016817585429113237,-1.6894864790462414,-1,0.40559440559440557,1.0,0.6863905325443787
rui_ro,AUDUSD,DCOILBRENTEU,2,3050,0.7572778906428826,6,0.6035754919919424,0.6989518357264051,DCOILBRENTEU_rv20_L2,0.013969310187762311,1.618875872644746,1,0.5624375624375625,1.0,0.8050311134648485
rui_ro,AUDUSD,DCOILBRENTEU,5,3050,1.9151133628353825,6,0.0747180136649167,0.07249272314489108,DCOILBRENTEU_ad5_L5,0.018406760262359805,1.7491915859313172,1,0.06493506493506493,1.0,0.2571428571428571
rui_ro,AUDUSD,NIKKEI225,1,3045,1.3412105684587385,6,0.235049000598611,0.14647767983651216,NIKKEI225_ad5_L1,0.019187519048944945,1.7388714703275259,1,0.23476523476523475,1.0,0.5242501859043212
rui_ro,AUDUSD,NIKKEI225,2,3044,1.6750160271299417,6,0.12297338702215055,0.1059632373396796,NIKKEI225_ad1_L2,-0.024738323015556982,-2.388181417413336,-1,0.12487512487512488,1.0,0.38835510039698523
rui_ro,AUDUSD,NIKKEI225,5,3044,1.3512629735541841,6,0.23071816676687118,0.12285639458912079,NIKKEI225_ad1_L5,0.011905334323143321,1.1429566933949986,1,0.2007992007992008,1.0,0.48485660680782633
rui_ro,AUDUSD,chenh_ls,1,3050,0.9677188174940035,5,0.43607846561460084,0.12946843389248663,abs_d_chenh_ls_L1,-0.06972392215301915,-1.0532500687370219,-1,0.36363636363636365,1.0,0.6506024096385542
rui_ro,AUDUSD,chenh_ls,2,3050,0.9677188174940035,5,0.43607846561460084,0.12946843389248663,abs_d_chenh_ls_L2,-0.06972392215301915,-1.0532500687370219,-1,0.3836163836163836,1.0,0.66433857687502
rui_ro,AUDUSD,chenh_ls,5,3050,0.9677188174940035,5,0.43607846561460084,0.12946843389248663,abs_d_chenh_ls_L5,-0.06972392215301915,-1.0532500687370219,-1,0.3626373626373626,1.0,0.6506024096385542
rui_ro,AUDUSD,su_kien_phi_nhtw,1,3050,5.684281261134231,3,0.0007040543122398546,0.00017571331413002156,sk_ngay_L1,-0.0802913724170047,-3.7398685275757875,-1,0.000999000999000999,0.99000999000999,0.016483516483516484
rui_ro,AUDUSD,su_kien_phi_nhtw,2,3050,2.9246728742583956,3,0.03261608681690964,0.035925182448597215,sk_dem5_L2,0.01977054578925945,2.619261476204298,1,0.03596403596403597,1.0,0.19420579420579423
rui_ro,AUDUSD,su_kien_phi_nhtw,5,3050,2.1495880794648445,3,0.09193772135356193,0.06875949398899173,sk_ngay_L5,0.05129852154498129,2.4014819498995035,1,0.08891108891108891,1.0,0.32400728106249577
rui_ro,EURUSD,DGS2,1,3050,1.1618596335856142,6,0.3238392866710329,0.2861709159240563,DGS2_ad1_L1,0.017836303538210373,2.0437418273245527,1,0.24875124875124874,1.0,0.5472527472527472
rui_ro,EURUSD,DGS2,2,3050,1.2077957651257416,6,0.29896598974075983,0.18444482885267832,DGS2_ad1_L2,-0.0180490322698504,-2.1408213885890452,-1,0.23376623376623376,1.0,0.5242501859043212
rui_ro,EURUSD,DGS2,5,3050,0.7709557154898422,6,0.5926925220556545,0.2790112262586866,DGS2_rv20_L5,0.009187400589212094,1.1146355199299827,1,0.5074925074925075,1.0,0.7574134408305263
rui_ro,EURUSD,DGS10,1,3050,0.684262097807696,6,0.6624016624384274,0.46146503223028745,DGS10_lv_L1,0.012711855329484222,1.2486176353791054,1,0.6363636363636364,1.0,0.8532731376975169
rui_ro,EURUSD,DGS10,2,3050,1.1379984932605005,6,0.3373520795314059,0.19740436192621513,DGS10_ad1_L2,-0.01974619370880936,-1.7500705223108548,-1,0.2777222777222777,1.0,0.5652449245669584
rui_ro,EURUSD,DGS10,5,3050,0.3430615796837359,6,0.9141906687916111,0.8107480562072701,DGS10_lv_L5,0.012349744285471097,1.2101404824767725,1,0.9040959040959041,1.0,0.9670722837091352
rui_ro,EURUSD,T10Y2Y,1,3050,0.9628074432737561,6,0.4488425058218892,0.6696049155285808,T10Y2Y_ad1_L1,0.018351829503023796,1.570782944886645,1,0.3866133866133866,1.0,0.6673674151935021
rui_ro,EURUSD,T10Y2Y,2,3050,0.9719454234374506,6,0.44251011602327706,0.25233213758123973,T10Y2Y_ad1_L2,-0.020336722741005123,-1.774210019895966,-1,0.3726273726273726,1.0,0.6527472527472528
rui_ro,EURUSD,T10Y2Y,5,3050,0.8211251920551013,6,0.553338570228544,0.39747094313088394,T10Y2Y_d1_L5,-0.014662248795423728,-1.2331173554901438,-1,0.5154845154845155,1.0,0.762740981103264
rui_ro,EURUSD,DFII10,1,3050,0.5376849115146437,6,0.7799262104681594,0.5967672621501565,DFII10_lv_L1,0.01171707567664945,1.196953782260648,1,0.7242757242757243,1.0,0.9038230676886139
rui_ro,EURUSD,DFII10,2,3050,1.7599432428862074,6,0.10338098842879206,0.03189524131427057,DFII10_ad1_L2,-0.02839345099018546,-2.614148103470089,-1,0.058941058941058944,1.0,0.2543171114599686
rui_ro,EURUSD,DFII10,5,3050,0.7872086922278811,6,0.579839664851868,0.33699500975673735,DFII10_ad1_L5,0.01394556822732395,1.2947988228726317,1,0.5344655344655345,1.0,0.7781189398836458
rui_ro,EURUSD,VIXCLS,1,3050,0.7197602608955787,6,0.6336817596854952,0.6201940287918568,VIXCLS_ad5_L1,0.01605003703301877,0.9874735131004116,1,0.5424575424575424,1.0,0.7820868451936412
rui_ro,EURUSD,VIXCLS,2,3050,0.8328069270034237,6,0.5443232723362099,0.2668399934079224,VIXCLS_ad1_L2,-0.020919180249535502,-1.3329413543844564,-1,0.46053946053946054,1.0,0.7294945054945056
rui_ro,EURUSD,VIXCLS,5,3050,0.32611039556370786,6,0.9235817652419832,0.8079949342524231,VIXCLS_d5_L5,0.011359681047232522,0.8102389562316521,1,0.9020979020979021,1.0,0.9670722837091352
rui_ro,EURUSD,GVZCLS,1,3050,1.8870946822772392,6,0.07928399777404505,0.004743328692047855,GVZCLS_d5_L1,0.030429476952335596,2.1531099949127523,1,0.04995004995004995,1.0,0.2282333051563821
rui_ro,EURUSD,GVZCLS,2,3050,1.8987500662578938,6,0.07735438514734949,0.015818187887348567,GVZCLS_ad5_L2,0.02652334478230816,1.751192709766781,1,0.055944055944055944,1.0,0.24799081515499427
rui_ro,EURUSD,GVZCLS,5,3050,0.556301122651335,6,0.7653610049094075,0.6229449280806916,GVZCLS_d1_L5,-0.01574852438753312,-1.1667779057733456,-1,0.7332667332667333,1.0,0.9070643642072214
rui_ro,EURUSD,OVXCLS,1,3050,0.6840401585112762,6,0.6625816335693825,0.022281397805467673,OVXCLS_rv20_L1,-0.03280400294580695,-1.669759961178734,-1,0.5944055944055944,1.0,0.8154201456741872
rui_ro,EURUSD,OVXCLS,2,3050,1.1175157829131093,6,0.34927571357761744,0.006672368746310942,OVXCLS_ad1_L2,-0.02928620554593835,-1.5902522932032181,-1,0.2957042957042957,1.0,0.5779934351362923
rui_ro,EURUSD,OVXCLS,5,3050,0.35762755248879646,6,0.9057517801712404,0.27805231864711866,OVXCLS_d5_L5,0.013178118949876045,0.8980967846033779,1,0.8611388611388612,1.0,0.9620715105789733
rui_ro,EURUSD,DCOILBRENTEU,1,3050,0.1534900991823709,6,0.9884169029901823,0.9716935196076488,DCOILBRENTEU_ad5_L1,0.006701953129783314,0.601513284327573,1,0.988011988011988,1.0,0.9943569943569943
rui_ro,EURUSD,DCOILBRENTEU,2,3050,0.42959098267235946,6,0.8596211685572674,0.7226762808907761,DCOILBRENTEU_ad1_L2,-0.012449252765815908,-1.2327535269952075,-1,0.8171828171828172,1.0,0.9418604651162792
rui_ro,EURUSD,DCOILBRENTEU,5,3050,0.7173142792643749,6,0.6356550383887298,0.5240098528374832,DCOILBRENTEU_ad1_L5,0.019526636636294052,1.8964531860494303,1,0.5814185814185814,1.0,0.812319930649397
rui_ro,EURUSD,NIKKEI225,1,3045,0.5411984758902042,6,0.7771909578252914,0.6103670568877979,NIKKEI225_lv_L1,0.015899891969595285,1.2833272396701207,1,0.7482517482517482,1.0,0.9070643642072214
rui_ro,EURUSD,NIKKEI225,2,3044,1.4437124892431525,6,0.19389114920552364,0.06718957831552608,NIKKEI225_ad1_L2,-0.025858320120955625,-2.3990303324831412,-1,0.16383616383616384,1.0,0.43394490971583477
rui_ro,EURUSD,NIKKEI225,5,3044,0.3857607776624561,6,0.8885486916803729,0.8883190308126744,NIKKEI225_ad1_L5,0.010165243714972634,0.9373134576858172,1,0.8671328671328671,1.0,0.9620715105789733
rui_ro,EURUSD,chenh_ls,1,3050,0.2569567607661897,5,0.9364527162096656,0.8971625388291099,ls_usd_L1,0.014014592457978562,1.1141117204417368,1,0.9080919080919081,1.0,0.9670722837091352
rui_ro,EURUSD,chenh_ls,2,3050,0.2569567607661897,5,0.9364527162096656,0.8971625388291099,ls_usd_L2,0.014014592457978562,1.1141117204417368,1,0.9210789210789211,1.0,0.9708383489302217
rui_ro,EURUSD,chenh_ls,5,3050,0.2569567607661897,5,0.9364527162096656,0.8971625388291099,ls_usd_L5,0.014014592457978562,1.1141117204417368,1,0.8991008991008991,1.0,0.9670722837091352
rui_ro,EURUSD,su_kien_phi_nhtw,1,3050,7.499797642661604,3,5.332899329624219e-05,6.680773235623327e-06,sk_ngay_L1,-0.09244687558095872,-4.140819986826765,-1,0.000999000999000999,0.8571428571428571,0.016483516483516484
rui_ro,EURUSD,su_kien_phi_nhtw,2,3050,4.19511395429666,3,0.005687663794057607,0.004846507524862709,sk_dem5_L2,0.020916572687705855,2.6676246972262243,1,0.00999000999000999,1.0,0.08241758241758242
rui_ro,EURUSD,su_kien_phi_nhtw,5,3050,3.214834295241414,3,0.021979442515071335,0.021932017137313964,sk_ngay_L5,0.06346214579186707,2.8599507884475917,1,0.03396603396603397,1.0,0.19033796392286959
rui_ro,GBPUSD,DGS2,1,3050,0.6719611401526301,6,0.6723802179992511,0.6065319261533211,DGS2_ad1_L1,0.012881226322825491,1.3675099358684846,1,0.6763236763236763,1.0,0.8810005783689994
rui_ro,GBPUSD,DGS2,2,3050,1.530126521590871,6,0.16408232123575262,0.03377410008819848,DGS2_ad5_L2,0.02293100961130152,2.4514284134048414,1,0.14985014985014986,1.0,0.4198631557122123
rui_ro,GBPUSD,DGS2,5,3050,1.3570943626088816,6,0.22823509645719797,0.06081786688964341,DGS2_ad1_L5,-0.018914394270486735,-2.0621489802049036,-1,0.21978021978021978,1.0,0.5001894657067071
rui_ro,GBPUSD,DGS10,1,3050,0.2492657553607458,6,0.9597459191089358,0.9573251197646288,DGS10_rv20_L1,-0.012181915994712047,-0.8923858055642502,-1,0.964035964035964,1.0,0.9876561794370013
rui_ro,GBPUSD,DGS10,2,3050,1.1431578905984499,6,0.3343958393347707,0.16820674885187648,DGS10_ad5_L2,0.026194650974767388,2.131326309269582,1,0.3086913086913087,1.0,0.5839574438300552
rui_ro,GBPUSD,DGS10,5,3050,0.6601774179331537,6,0.6819422053140076,0.6243653150125366,DGS10_d5_L5,-0.019158349035273782,-1.511594920837626,-1,0.6533466533466533,1.0,0.866267660910518
rui_ro,GBPUSD,T10Y2Y,1,3050,1.0646409487743935,6,0.381435517954008,0.25907109622557356,T10Y2Y_ad5_L1,0.0181048928147293,1.415870474462068,1,0.3836163836163836,1.0,0.66433857687502
rui_ro,GBPUSD,T10Y2Y,2,3050,0.4829879303041279,6,0.8214800438543103,0.7322154911130059,T10Y2Y_lv_L2,-0.016292000108988076,-1.2892454617056492,-1,0.8241758241758241,1.0,0.9450973736688022
rui_ro,GBPUSD,T10Y2Y,5,3050,0.8134801628716469,6,0.5592711086372346,0.5082639164299434,T10Y2Y_rv20_L5,-0.018180049641717325,-1.4673841780433066,-1,0.5544455544455544,1.0,0.7969421882465361
rui_ro,GBPUSD,DFII10,1,3050,0.785577491935679,6,0.581125461340259,0.4065256803680324,DFII10_lv_L1,0.015392616501517192,1.4544863665222938,1,0.6023976023976024,1.0,0.8225843122394847
rui_ro,GBPUSD,DFII10,2,3050,0.6268773351978707,6,0.7089264592509916,0.47077243330039664,DFII10_lv_L2,0.015084573322110653,1.4249948893702473,1,0.7072927072927073,1.0,0.8976852934299744
rui_ro,GBPUSD,DFII10,5,3050,1.1969138000854762,6,0.30472308666992776,0.18899884915111964,DFII10_ad1_L5,0.019716325432442356,1.697438063803857,1,0.3026973026973027,1.0,0.5800070896845091
rui_ro,GBPUSD,VIXCLS,1,3050,3.079357425531174,6,0.005237863147683486,0.0013924612955338311,VIXCLS_ad5_L1,0.046026727106944616,2.6295316981360664,1,0.00999000999000999,1.0,0.08241758241758242
rui_ro,GBPUSD,VIXCLS,2,3050,0.8311972733305614,6,0.5455618445290884,0.4542651001523772,VIXCLS_lv_L2,0.03160075028208538,1.4685751070686637,1,0.5254745254745254,1.0,0.7687977047582958
rui_ro,GBPUSD,VIXCLS,5,3050,1.089764355006792,6,0.36590762627761253,0.23628550655309255,VIXCLS_rv20_L5,-0.026161610272646026,-1.2031448605780712,-1,0.36563436563436563,1.0,0.6522126522126522
rui_ro,GBPUSD,GVZCLS,1,3050,1.7067499770570527,6,0.11529378372996413,0.03942032755473324,GVZCLS_d5_L1,0.02444873676340656,1.6066587618577675,1,0.11788211788211789,1.0,0.37048665620094196
rui_ro,GBPUSD,GVZCLS,2,3050,0.9642416093238095,6,0.4478450993223485,0.4142333305059205,GVZCLS_d5_L2,0.015188996201957326,1.015319250886282,1,0.43356643356643354,1.0,0.7055848261327714
rui_ro,GBPUSD,GVZCLS,5,3050,2.04971160262188,6,0.05597484730802904,0.04097808868294117,GVZCLS_ad1_L5,0.037686602931102854,2.3906301023120067,1,0.04695304695304695,1.0,0.22312087912087913
rui_ro,GBPUSD,OVXCLS,1,3050,0.6246915190754965,6,0.7106934079886642,0.0658205494788563,OVXCLS_ad1_L1,-0.02080249874890756,-1.233071399295338,-1,0.6583416583416584,1.0,0.8703296703296703
rui_ro,GBPUSD,OVXCLS,2,3050,0.21002503101934433,6,0.9737795435352173,0.8456895403169777,OVXCLS_rv20_L2,-0.01863814160014663,-0.8984785012017396,-1,0.962037962037962,1.0,0.9876561794370013
rui_ro,GBPUSD,OVXCLS,5,3050,0.4906024424432141,6,0.8158263346281148,0.37037854482600174,OVXCLS_d5_L5,0.02262797647158312,1.4269689039693654,1,0.7772227772227772,1.0,0.9238665526090677
rui_ro,GBPUSD,DCOILBRENTEU,1,3050,0.6278618101832479,6,0.7081303989234158,0.35994689758140797,DCOILBRENTEU_d1_L1,-0.016180300201665734,-1.392538896543441,-1,0.7102897102897103,1.0,0.8976852934299744
rui_ro,GBPUSD,DCOILBRENTEU,2,3050,0.3219280567423384,6,0.9258250842314879,0.9221057610400535,DCOILBRENTEU_d5_L2,0.008141972866239574,0.7052749644387227,1,0.9200799200799201,1.0,0.9708383489302217
rui_ro,GBPUSD,DCOILBRENTEU,5,3050,1.1755256110555476,6,0.31628290457338193,0.3644397786275696,DCOILBRENTEU_ad1_L5,0.025581726151250574,2.3038626891986977,1,0.3206793206793207,1.0,0.5971038307486906
rui_ro,GBPUSD,NIKKEI225,1,3045,1.5573850932689375,6,0.1555394507601422,0.2819260497234697,NIKKEI225_ad5_L1,0.03601334503844475,2.917627609629147,1,0.18181818181818182,1.0,0.463519313304721
rui_ro,GBPUSD,NIKKEI225,2,3044,0.3668563610957816,6,0.9002359806900722,0.8259206399043887,NIKKEI225_d5_L2,-0.01347954019736652,-1.1600354916449616,-1,0.8931068931068931,1.0,0.9670722837091352
rui_ro,GBPUSD,NIKKEI225,5,3044,1.0384280719139094,6,0.3981098772129623,0.42832639833827746,NIKKEI225_ad1_L5,0.021064948007554214,1.801850145685682,1,0.4205794205794206,1.0,0.6975420123052435
rui_ro,GBPUSD,chenh_ls,1,3050,0.4584677519080064,5,0.8073523651990507,0.8197224840733397,abs_d_chenh_ls_L1,-0.11851841310161498,-1.2416036213079524,-1,0.8081918081918081,1.0,0.9376287774725274
rui_ro,GBPUSD,chenh_ls,2,3050,0.4584677519080064,5,0.8073523651990507,0.8197224840733397,abs_d_chenh_ls_L2,-0.11851841310161498,-1.2416036213079524,-1,0.8081918081918081,1.0,0.9376287774725274
rui_ro,GBPUSD,chenh_ls,5,3050,0.4584677519080064,5,0.8073523651990507,0.8197224840733397,abs_d_chenh_ls_L5,-0.11851841310161498,-1.2416036213079524,-1,0.8011988011988012,1.0,0.9331609566903684
rui_ro,GBPUSD,su_kien_phi_nhtw,1,3050,5.043547995090301,3,0.0017367141887247861,0.002418483819344952,sk_ngay_L1,-0.07546150035105917,-3.131887935897632,-1,0.001998001998001998,0.997002997002997,0.02967032967032967
rui_ro,GBPUSD,su_kien_phi_nhtw,2,3050,1.2901756363796124,3,0.2759952676503199,0.23490257798938852,sk_ngay_L2,-0.03813143306725342,-1.4810094156516282,-1,0.26873126873126874,1.0,0.5600925390399075
rui_ro,GBPUSD,su_kien_phi_nhtw,5,3050,3.315416472107085,3,0.01915602476708811,0.006832015770045441,sk_ngay_L5,0.04848957180534397,2.025159514473788,1,0.017982017982017984,1.0,0.12137862137862139
rui_ro,USDCAD,DGS2,1,3050,0.7278531646319171,6,0.6271607784852636,0.6029061300456289,DGS2_d1_L1,-0.016278381157019316,-1.9620824899101506,-1,0.6303696303696303,1.0,0.8490692980488899
rui_ro,USDCAD,DGS2,2,3050,1.4792667929926502,6,0.18110974430846571,0.10902053902101383,DGS2_d1_L2,-0.02026677342887409,-2.4928834423688757,-1,0.16383616383616384,1.0,0.43394490971583477
rui_ro,USDCAD,DGS2,5,3050,0.5398836943886836,6,0.7782153395217357,0.8314559035919761,DGS2_d1_L5,0.010300950800009237,1.2773120931191329,1,0.7482517482517482,1.0,0.9070643642072214
rui_ro,USDCAD,DGS10,1,3050,1.1009876009400175,6,0.35911536472076877,0.35998733112887626,DGS10_d1_L1,-0.02882798309839249,-2.464720811939995,-1,0.3596403596403596,1.0,0.6493202845786432
rui_ro,USDCAD,DGS10,2,3050,0.4205648733459442,6,0.8657719273295432,0.7376893385481496,DGS10_d5_L2,0.013725903642743276,1.2172809260481634,1,0.8411588411588412,1.0,0.9499018092173985
rui_ro,USDCAD,DGS10,5,3050,0.47710927608311793,6,0.8258116516136288,0.7750163991520849,DGS10_ad5_L5,-0.012665434856152378,-1.1215971529802538,-1,0.8141858141858141,1.0,0.9409073416855518
rui_ro,USDCAD,T10Y2Y,1,3050,0.4245350172621703,6,0.8630781576915804,0.6850197092771697,T10Y2Y_d1_L1,-0.012534645356555242,-1.056207476591891,-1,0.8671328671328671,1.0,0.9620715105789733
rui_ro,USDCAD,T10Y2Y,2,3050,0.5756365075530183,6,0.7500623364823343,0.6824404634372011,T10Y2Y_d1_L2,0.01789951811798597,1.5159398088339995,1,0.7352647352647352,1.0,0.9070643642072214
rui_ro,USDCAD,T10Y2Y,5,3050,0.3406670263120004,6,0.9155458069361438,0.7798335848861176,T10Y2Y_rv20_L5,-0.01120273984236937,-0.9938553484912689,-1,0.906093906093906,1.0,0.9670722837091352
rui_ro,USDCAD,DFII10,1,3050,2.1531002152740903,6,0.04465645870866952,0.046492305864491934,DFII10_d1_L1,-0.03585906905436908,-3.213478555672575,-1,0.030969030969030968,1.0,0.178598100928198
rui_ro,USDCAD,DFII10,2,3050,2.352605280283474,6,0.028622718780516254,0.02676148928737998,DFII10_d5_L2,0.027975928194702453,2.570911239596091,1,0.027972027972027972,1.0,0.16783216783216784
rui_ro,USDCAD,DFII10,5,3050,0.9049447023201143,6,0.4901532635981455,0.1448568605913395,DFII10_d1_L5,0.01637208704465725,1.5219810440590933,1,0.47052947052947053,1.0,0.7355118565644883
rui_ro,USDCAD,VIXCLS,1,3050,1.6565545535289095,6,0.12764636304473043,0.26264001348886523,VIXCLS_lv_L1,0.03443461237932562,1.836769390118513,1,0.13486513486513488,1.0,0.3985566672133837
rui_ro,USDCAD,VIXCLS,2,3050,1.5833872331313246,6,0.14775228349435343,0.013020723713790705,VIXCLS_d1_L2,0.02755843650307829,2.1347630991808177,1,0.12887112887112886,1.0,0.39164835164835166
rui_ro,USDCAD,VIXCLS,5,3050,1.137887105293855,6,0.3374161123197561,0.02601631624966816,VIXCLS_d1_L5,-0.02316845135384662,-1.7221405590532883,-1,0.3086913086913087,1.0,0.5839574438300552
rui_ro,USDCAD,GVZCLS,1,3050,1.2825448072909575,6,0.26165814339130455,0.09805708447530492,GVZCLS_lv_L1,0.0435583465615449,2.2683214395541462,1,0.2707292707292707,1.0,0.5604395604395604
rui_ro,USDCAD,GVZCLS,2,3050,1.21054541653362,6,0.2975245173790264,0.09094824415016467,GVZCLS_lv_L2,0.038262590887520806,1.9880018408775708,1,0.25674325674325676,1.0,0.5565893960054544
rui_ro,USDCAD,GVZCLS,5,3050,0.7122664524520422,6,0.6397305449836489,0.4147071256610695,GVZCLS_lv_L5,0.027295345081651816,1.4123607928316677,1,0.6263736263736264,1.0,0.8456043956043956
rui_ro,USDCAD,OVXCLS,1,3050,2.1170251264905873,6,0.04833720770265415,0.007636716455637682,OVXCLS_ad1_L1,-0.03808873706360428,-2.507364977699708,-1,0.03996003996003996,1.0,0.20821283979178717
rui_ro,USDCAD,OVXCLS,2,3050,1.2250550412274492,6,0.2900061255473624,0.016501015380402384,OVXCLS_d1_L2,0.011958157333060129,0.9949849755441442,1,0.27172827172827174,1.0,0.5604395604395604
rui_ro,USDCAD,OVXCLS,5,3050,1.6561034253370275,6,0.12776252057622317,0.002518058175037252,OVXCLS_d1_L5,-0.021139326248912158,-1.6136965432624895,-1,0.11388611388611389,1.0,0.36566676566676565
rui_ro,USDCAD,DCOILBRENTEU,1,3050,1.0108237790316217,6,0.4161825724653756,0.2696585419712163,DCOILBRENTEU_d1_L1,-0.016973990676836134,-1.6207700262325426,-1,0.3696303696303696,1.0,0.6527472527472528
rui_ro,USDCAD,DCOILBRENTEU,2,3050,0.8481146015865553,6,0.5326053744262553,0.49643623562109973,DCOILBRENTEU_rv20_L2,0.013665556681708536,1.598307735371655,1,0.4835164835164835,1.0,0.7467416304625607
rui_ro,USDCAD,DCOILBRENTEU,5,3050,1.1457138227443795,6,0.33293837422660033,0.17239897630029255,DCOILBRENTEU_lv_L5,-0.02110470553116585,-1.7257865766022846,-1,0.2917082917082917,1.0,0.5775824175824176
rui_ro,USDCAD,NIKKEI225,1,3045,1.3869984408528429,6,0.21584904328826116,0.14091338039891077,NIKKEI225_d1_L1,-0.01666768193555571,-1.5709670955154116,-1,0.21478521478521478,1.0,0.49450549450549447
rui_ro,USDCAD,NIKKEI225,2,3044,1.1674348599082864,6,0.3207411264390343,0.1401603686325068,NIKKEI225_ad1_L2,-0.01914463531910248,-1.8258001748594186,-1,0.2997002997002997,1.0,0.5779934351362923
rui_ro,USDCAD,NIKKEI225,5,3044,0.3560771629986618,6,0.9066655926748026,0.9541781159409009,NIKKEI225_d5_L5,0.009620485437427398,0.9222930098763762,1,0.8961038961038961,1.0,0.9670722837091352
rui_ro,USDCAD,chenh_ls,1,3050,0.5120079357034863,5,0.7673990733862598,0.670448933810463,abs_d_ls_usd_L1,0.053934084639294576,1.4330231654027423,1,0.7422577422577422,1.0,0.9070643642072214
rui_ro,USDCAD,chenh_ls,2,3050,0.5120079357034863,5,0.7673990733862598,0.670448933810463,abs_d_ls_usd_L2,0.053934084639294576,1.4330231654027423,1,0.7332667332667333,1.0,0.9070643642072214
rui_ro,USDCAD,chenh_ls,5,3050,0.5120079357034863,5,0.7673990733862598,0.670448933810463,abs_d_ls_usd_L5,0.053934084639294576,1.4330231654027423,1,0.7462537462537463,1.0,0.9070643642072214
rui_ro,USDCAD,su_kien_phi_nhtw,1,3050,2.7703009731438812,3,0.040184862573857005,0.028897255754580686,sk_ngay_L1,-0.06128590491571209,-2.815871138959904,-1,0.04095904095904096,1.0,0.2097385373247442
rui_ro,USDCAD,su_kien_phi_nhtw,2,3050,0.5348548374501745,3,0.65839138229893,0.6888612507521734,sk_dem5_L2,0.00855651636097697,1.1201655929076215,1,0.6413586413586414,1.0,0.8561056920607483
rui_ro,USDCAD,su_kien_phi_nhtw,5,3050,0.22478967489612886,3,0.8792069748199145,0.842819404890241,sk_dem5_L5,0.0041556437934830125,0.5125668413535972,1,0.8931068931068931,1.0,0.9670722837091352
rui_ro,USDCHF,DGS2,1,3050,0.9280393297574884,6,0.47341986161339233,0.277318592711957,DGS2_ad1_L1,0.02297541627986801,2.148169157398038,1,0.3706293706293706,1.0,0.6527472527472528
rui_ro,USDCHF,DGS2,2,3050,0.19264091329113678,6,0.9789841354729751,0.969269947664559,DGS2_ad5_L2,0.009799135678704001,0.921170945847076,1,0.961038961038961,1.0,0.9876561794370013
rui_ro,USDCHF,DGS2,5,3050,0.29075136724604367,6,0.941582282371192,0.826276532813562,DGS2_ad1_L5,-0.009376150458536056,-0.8991193427114904,-1,0.8961038961038961,1.0,0.9670722837091352
rui_ro,USDCHF,DGS10,1,3050,0.10581145428302276,6,0.9957838627978358,0.9781841080743273,DGS10_rv20_L1,-0.008349405112616492,-0.5343193569455618,-1,0.99000999000999,1.0,0.9943569943569943
rui_ro,USDCHF,DGS10,2,3050,0.5107772492962751,6,0.8006285357541134,0.4879669148567912,DGS10_d1_L2,-0.01615893797077779,-1.1223347635808145,-1,0.7382617382617382,1.0,0.9070643642072214
rui_ro,USDCHF,DGS10,5,3050,1.0987643099179603,6,0.3604537835318491,0.4640835558699138,DGS10_ad1_L5,0.021458179085139185,1.5560640011833076,1,0.3336663336663337,1.0,0.609839391377853
rui_ro,USDCHF,T10Y2Y,1,3050,0.5050507480790571,6,0.804972932041216,0.527471210226746,T10Y2Y_lv_L1,0.012078938510856152,0.9206136304467758,1,0.7602397602397603,1.0,0.9178504422406861
rui_ro,USDCHF,T10Y2Y,2,3050,0.8222081630778042,6,0.552500233047645,0.45118725326302367,T10Y2Y_d1_L2,-0.01877093277583748,-1.263149828780426,-1,0.5024975024975025,1.0,0.7556544721101682
rui_ro,USDCHF,T10Y2Y,5,3050,3.0858536833631214,6,0.005156639639795069,0.3236756564248007,T10Y2Y_ad1_L5,0.03903062005086428,2.770279899324732,1,0.016983016983016984,1.0,0.11868131868131868
rui_ro,USDCHF,DFII10,1,3050,0.16865152706127162,6,0.9851376516138877,0.9521562571196742,DFII10_ad1_L1,0.010152456611889103,0.7502951250450686,1,0.981018981018981,1.0,0.9910293787844808
rui_ro,USDCHF,DFII10,2,3050,0.5701724479415585,6,0.7544013277062873,0.5254679992035245,DFII10_ad1_L2,-0.019589714572557357,-1.4712219527287491,-1,0.6943056943056943,1.0,0.8926676771504358
rui_ro,USDCHF,DFII10,5,3050,0.2981546081771133,6,0.937998413474957,0.6606595569979405,DFII10_ad1_L5,0.013392906894245372,1.0143510358469656,1,0.8981018981018981,1.0,0.9670722837091352
rui_ro,USDCHF,VIXCLS,1,3050,1.1357551955074978,6,0.3386433745515446,0.13042800169987423,VIXCLS_ad5_L1,0.029929334625097198,1.503012492790638,1,0.24675324675324675,1.0,0.546908315565032
rui_ro,USDCHF,VIXCLS,2,3050,1.355785886001445,6,0.22879017249556566,0.06499528219458406,VIXCLS_d1_L2,0.028732838202999614,1.7665507014742456,1,0.15284715284715283,1.0,0.42032967032967034
rui_ro,USDCHF,VIXCLS,5,3050,0.9933703860219544,6,0.4278771378373928,0.46438818147353456,VIXCLS_ad1_L5,0.03339718167411764,1.6758404916272058,1,0.3246753246753247,1.0,0.5989352262644189
rui_ro,USDCHF,GVZCLS,1,3050,1.7487921595494615,6,0.10578237981809024,0.006697403810197122,GVZCLS_d1_L1,0.025137725772274147,1.5184841109803442,1,0.07092907092907093,1.0,0.2718185040765686
rui_ro,USDCHF,GVZCLS,2,3050,0.8380402585211706,6,0.540304703873563,0.08041465720084406,GVZCLS_lv_L2,0.03442994017559071,1.4187698463461844,1,0.44755244755244755,1.0,0.7194257355547677
rui_ro,USDCHF,GVZCLS,5,3050,1.2509532797212322,6,0.2769526817615361,0.37706238063116615,GVZCLS_ad1_L5,0.03344100421291391,1.8671549853840042,1,0.2087912087912088,1.0,0.49061175045427013
rui_ro,USDCHF,OVXCLS,1,3050,0.35090255865805636,6,0.909689240279788,0.5669318356199735,OVXCLS_lv_L1,0.028287799055825857,1.2441163300468285,1,0.7832167832167832,1.0,0.9249120660651475
rui_ro,USDCHF,OVXCLS,2,3050,0.4263366083795682,6,0.8618497003815604,0.19657784780356402,OVXCLS_rv20_L2,-0.029097045381944,-1.227444197188061,-1,0.6963036963036963,1.0,0.8926676771504358
rui_ro,USDCHF,OVXCLS,5,3050,0.3001315642206903,6,0.9370244511751319,0.3161202061407584,OVXCLS_lv_L5,0.018912095709117414,0.8296602055827813,1,0.8411588411588412,1.0,0.9499018092173985
rui_ro,USDCHF,DCOILBRENTEU,1,3050,0.7584071731264186,6,0.6026748318843399,0.22497062615241892,DCOILBRENTEU_d1_L1,-0.024956773238030194,-1.8917231957279963,-1,0.5384615384615384,1.0,0.7801125703564727
rui_ro,USDCHF,DCOILBRENTEU,2,3050,0.29485609186565775,6,0.9396076179005417,0.7327924118405686,DCOILBRENTEU_ad5_L2,0.01527251942995546,1.144979375982134,1,0.9240759240759241,1.0,0.9708383489302217
rui_ro,USDCHF,DCOILBRENTEU,5,3050,1.1204189156952231,6,0.3475675025100816,0.1998271177219394,DCOILBRENTEU_d5_L5,-0.024285245710291545,-1.8802852125046943,-1,0.2677322677322677,1.0,0.5599752360315741
rui_ro,USDCHF,NIKKEI225,1,3045,0.5512589413538321,6,0.7693231628533214,0.4674577816224076,NIKKEI225_rv20_L1,-0.02239301144097646,-1.3390074468831044,-1,0.7192807192807192,1.0,0.8994794679005205
rui_ro,USDCHF,NIKKEI225,2,3044,0.8404581616137052,6,0.538452604137563,0.3126053862534671,NIKKEI225_ad5_L2,0.022310235283360687,1.6222148991265413,1,0.5134865134865135,1.0,0.762740981103264
rui_ro,USDCHF,NIKKEI225,5,3044,0.6162274476235937,6,0.7175278114001082,0.4120887430111163,NIKKEI225_ad1_L5,0.021740075121643238,1.636428344022206,1,0.6503496503496503,1.0,0.8642230252968507
rui_ro,USDCHF,chenh_ls,1,3050,0.9179592158173632,5,0.4681175740073552,0.6637737620587382,chenh_ls_L1,-0.05250994746924154,-1.768579550709333,-1,0.37362637362637363,1.0,0.6527472527472528
rui_ro,USDCHF,chenh_ls,2,3050,0.9179592158173632,5,0.4681175740073552,0.6637737620587382,chenh_ls_L2,-0.05250994746924154,-1.768579550709333,-1,0.3916083916083916,1.0,0.6720714444057383
rui_ro,USDCHF,chenh_ls,5,3050,0.9179592158173632,5,0.4681175740073552,0.6637737620587382,chenh_ls_L5,-0.05250994746924154,-1.768579550709333,-1,0.37662337662337664,1.0,0.6560536237955593
rui_ro,USDCHF,su_kien_phi_nhtw,1,3050,4.669286155636122,3,0.00293522339032104,2.7079336198720938e-05,sk_ke_tiep_L1,-0.0818561897073804,-2.7531509093658015,-1,0.000999000999000999,1.0,0.016483516483516484
rui_ro,USDCHF,su_kien_phi_nhtw,2,3050,3.4878163875135937,3,0.015123229874209332,0.0010587021653852835,sk_ngay_L2,-0.07819471007793413,-2.6767121578290896,-1,0.014985014985014986,1.0,0.10854998659876709
rui_ro,USDCHF,su_kien_phi_nhtw,5,3050,3.131353207875485,3,0.0246301039889808,0.025318469566031232,sk_ngay_L5,0.07576401105496905,2.7865110144797236,1,0.02097902097902098,1.0,0.13399503722084366
rui_ro,USDJPY,DGS2,1,3050,0.5139867355909069,6,0.7981836483224187,0.8266897700646622,DGS2_d5_L1,-0.009435250634121577,-1.0348519051087341,-1,0.7912087912087912,1.0,0.9306495484713306
rui_ro,USDJPY,DGS2,2,3050,1.3453171290418886,6,0.2332711409865419,0.26814750480690897,DGS2_ad5_L2,0.020294977183366723,2.1276757943506976,1,0.2097902097902098,1.0,0.49061175045427013
rui_ro,USDJPY,DGS2,5,3050,0.4034606931687071,6,0.8771593213371386,0.8775253738390401,DGS2_ad5_L5,0.009701878917929466,0.9953484941309173,1,0.8621378621378621,1.0,0.9620715105789733
rui_ro,USDJPY,DGS10,1,3050,0.15901543955656666,6,0.9872759623982347,0.9816961422372822,DGS10_lv_L1,0.008031992794657822,0.7201910739519362,1,0.989010989010989,1.0,0.9943569943569943
rui_ro,USDJPY,DGS10,2,3050,0.4547872400730317,6,0.8419752005587418,0.8383803466843178,DGS10_d1_L2,-0.013490741902583056,-1.0443703236988058,-1,0.8311688311688312,1.0,0.9494505494505495
rui_ro,USDJPY,DGS10,5,3050,0.9638443217665165,6,0.4481212648598131,0.3004332456300157,DGS10_ad5_L5,-0.02701880018126814,-2.110946451152248,-1,0.4275724275724276,1.0,0.7010022944088878
rui_ro,USDJPY,T10Y2Y,1,3050,0.556498307500559,6,0.7652058085111043,0.7436981414571027,T10Y2Y_ad1_L1,-0.014755543654978455,-1.1482028604822707,-1,0.7582417582417582,1.0,0.9173026566101922
rui_ro,USDJPY,T10Y2Y,2,3050,0.8990227522222267,6,0.49449435914796025,0.38461208326705965,T10Y2Y_ad5_L2,-0.016928499252657776,-1.333045203906738,-1,0.4825174825174825,1.0,0.7467416304625607
rui_ro,USDJPY,T10Y2Y,5,3050,0.6879313027229863,6,0.6594267806054539,0.7787016941010859,T10Y2Y_ad1_L5,0.011392197318666386,0.8991846699206595,1,0.6663336663336663,1.0,0.8756685792084021
rui_ro,USDJPY,DFII10,1,3050,0.11249449913135756,6,0.9950079537277599,0.9932106814974327,DFII10_d1_L1,-0.00975690896964507,-0.7718813798008126,-1,0.997002997002997,1.0,0.9986842836758519
rui_ro,USDJPY,DFII10,2,3050,0.764630584127604,6,0.5977180950636092,0.509281276850539,DFII10_ad1_L2,-0.020319424997024344,-1.7022716180092414,-1,0.5854145854145855,1.0,0.812319930649397
rui_ro,USDJPY,DFII10,5,3050,0.23689300005155062,6,0.9645089321881709,0.9492458354076747,DFII10_ad1_L5,0.008955493133351304,0.756141896042922,1,0.962037962037962,1.0,0.9876561794370013
rui_ro,USDJPY,VIXCLS,1,3050,1.2493389506501218,6,0.2777527092679818,0.2016238986679808,VIXCLS_rv20_L1,-0.050312288418783865,-2.2751331502928904,-1,0.2757242757242757,1.0,0.5647593785524819
rui_ro,USDJPY,VIXCLS,2,3050,0.8435270975260565,6,0.5361053301262444,0.3524965697344755,VIXCLS_rv20_L2,-0.04204029841673602,-1.9053639232932944,-1,0.5284715284715285,1.0,0.7712827712827712
rui_ro,USDJPY,VIXCLS,5,3050,1.2167328835674867,6,0.29430028555772314,0.4455374926086647,VIXCLS_rv20_L5,-0.03558035284390416,-1.6091928358289058,-1,0.26673326673326675,1.0,0.5598571040267153
rui_ro,USDJPY,GVZCLS,1,3050,0.3610041619289559,6,0.9037486103134257,0.8584757053722953,GVZCLS_lv_L1,0.019545279008393715,0.9333496849431205,1,0.9010989010989011,1.0,0.9670722837091352
rui_ro,USDJPY,GVZCLS,2,3050,0.6147364470218091,6,0.7187304082419059,0.5397167559414369,GVZCLS_d5_L2,0.022225083234321912,1.4577295138005262,1,0.7172827172827173,1.0,0.8994794679005205
rui_ro,USDJPY,GVZCLS,5,3050,0.36031643926422496,6,0.9041580049015048,0.8097829157283447,GVZCLS_ad1_L5,0.01197395281218109,0.7445369475934119,1,0.9100899100899101,1.0,0.9670722837091352
rui_ro,USDJPY,OVXCLS,1,3050,1.2566897655147267,6,0.27412439918920817,8.171797971634476e-08,OVXCLS_ad5_L1,-0.03248770619161688,-1.6179851994041583,-1,0.2757242757242757,1.0,0.5647593785524819
rui_ro,USDJPY,OVXCLS,2,3050,0.6950082070288668,6,0.6536920992366846,0.08731391988594805,OVXCLS_d5_L2,0.021903618564047076,1.4160039200240855,1,0.5814185814185814,1.0,0.812319930649397
rui_ro,USDJPY,OVXCLS,5,3050,0.7139754623998331,6,0.6383502604814577,0.24178338369508012,OVXCLS_d1_L5,0.01836133400794942,1.241483676140613,1,0.5894105894105894,1.0,0.812319930649397
rui_ro,USDJPY,DCOILBRENTEU,1,3050,0.8919402979458491,6,0.4997123940593764,0.3945248973908069,DCOILBRENTEU_lv_L1,0.020222870154394192,1.5827267695743314,1,0.48451548451548454,1.0,0.7467416304625607
rui_ro,USDJPY,DCOILBRENTEU,2,3050,0.7644905617175545,6,0.5978294898497507,0.5194297582820944,DCOILBRENTEU_lv_L2,0.020238586454995065,1.583896886361728,1,0.6123876123876124,1.0,0.8304982688544332
rui_ro,USDJPY,DCOILBRENTEU,5,3050,1.5335290207530015,6,0.16299415923152794,0.12813350775333554,DCOILBRENTEU_ad1_L5,0.019379783675971606,1.7134755923504927,1,0.16583416583416583,1.0,0.43394490971583477
rui_ro,USDJPY,NIKKEI225,1,3045,0.4264717347752186,6,0.8617572965654337,0.8917710088742532,NIKKEI225_ad5_L1,0.016423142609551078,1.3034882445495473,1,0.8761238761238761,1.0,0.9670722837091352
rui_ro,USDJPY,NIKKEI225,2,3044,0.2873995502453505,6,0.9431715487312382,0.9066187618386499,NIKKEI225_ad5_L2,0.008487484057236283,0.6873684198938705,1,0.9310689310689311,1.0,0.973395026026605
rui_ro,USDJPY,NIKKEI225,5,3044,0.30580123449850133,6,0.9341920299686972,0.9595322908469939,NIKKEI225_d5_L5,-0.010320465653799375,-0.8767584558126006,-1,0.9330669330669331,1.0,0.973395026026605
rui_ro,USDJPY,chenh_ls,1,3050,0.35072144896944807,5,0.8820320155666874,0.9266401124237879,d_chenh_ls_L1,0.02527749572396584,0.6384293808092274,1,0.8791208791208791,1.0,0.9670722837091352
rui_ro,USDJPY,chenh_ls,2,3050,0.35072144896944807,5,0.8820320155666874,0.9266401124237879,d_chenh_ls_L2,0.02527749572396584,0.6384293808092274,1,0.8661338661338661,1.0,0.9620715105789733
rui_ro,USDJPY,chenh_ls,5,3050,0.35072144896944807,5,0.8820320155666874,0.9266401124237879,d_chenh_ls_L5,0.02527749572396584,0.6384293808092274,1,0.8861138861138861,1.0,0.9670722837091352
rui_ro,USDJPY,su_kien_phi_nhtw,1,3050,4.13723997503944,3,0.006164127601648195,0.003808918397325667,sk_ngay_L1,-0.07708616321593147,-3.135802347382367,-1,0.005994005994005994,1.0,0.06246385193753615
rui_ro,USDJPY,su_kien_phi_nhtw,2,3050,1.764305123029888,3,0.1518055430633265,0.1307981920998782,sk_ngay_L2,-0.04551675113614368,-1.7341601991358102,-1,0.14785214785214784,1.0,0.4182103610675039
rui_ro,USDJPY,su_kien_phi_nhtw,5,3050,0.5402325338017017,3,0.6547432492576488,0.6893341470070045,sk_dem5_L5,0.010002069470626377,1.0919896444586183,1,0.6323676323676324,1.0,0.849833424494058
