date,DCOILBRENTEU,DFII10,DGS10,DGS2,GVZCLS,NIKKEI225,OVXCLS,T10Y2Y,VIXCLS
2009-01-02,42.94,2.29,2.46,0.88,41.86,,87.67,1.58,39.19
2009-01-05,45.84,2.34,2.49,0.78,40.31,9043.12,82.11,1.71,39.08
2009-01-06,48.89,2.09,2.51,0.8,39.87,9080.84,79.58,1.71,38.56
2009-01-07,46.23,2.05,2.52,0.82,39.72,9239.24,85.46,1.7,43.39
2009-01-08,42.94,1.97,2.47,0.83,39.68,8876.42,85.46,1.64,42.56
2009-01-09,42.34,1.87,2.43,0.75,37.82,8836.8,80.66,1.68,42.82
2009-01-12,40.86,1.75,2.34,0.74,36.93,,80.66,1.6,45.84
2009-01-13,43.05,1.74,2.33,0.76,35.24,8413.91,81.54,1.57,43.27
2009-01-14,42.27,1.79,2.24,0.73,35.03,8438.45,76.68,1.51,49.14
2009-01-15,42.32,1.78,2.23,0.73,35.25,8023.31,76.22,1.5,51.0
2009-01-16,43.42,1.81,2.36,0.73,34.45,8230.15,74.4,1.63,46.11
2009-01-19,,,,,,8256.85,,,
2009-01-20,41.22,1.82,2.4,0.73,37.81,8065.79,81.83,1.67,56.65
2009-01-21,39.9,1.98,2.56,0.78,35.95,7901.64,79.85,1.78,46.42
2009-01-22,42.42,1.97,2.62,0.75,35.18,8051.74,81.81,1.87,47.29
2009-01-23,43.13,1.93,2.65,0.83,39.56,7745.25,81.31,1.82,47.27
2009-01-26,48.0,1.92,2.7,0.85,40.27,7682.14,80.91,1.85,45.69
2009-01-27,42.86,1.77,2.59,0.87,37.28,8061.07,83.76,1.72,42.25
2009-01-28,42.86,1.81,2.71,0.89,37.77,8106.29,81.57,1.82,39.66
2009-01-29,43.13,1.83,2.87,0.95,38.7,8251.24,79.41,1.92,42.63
2009-01-30,44.17,1.73,2.87,0.94,39.9,7994.05,77.1,1.93,44.84
2009-02-02,42.96,1.69,2.76,0.89,40.17,7873.98,77.89,1.87,45.52
2009-02-03,43.15,1.76,2.89,0.96,39.2,7825.51,72.98,1.93,43.06
2009-02-04,43.68,1.78,2.95,0.98,38.81,8038.94,70.92,1.97,43.85
2009-02-05,43.92,1.84,2.95,0.98,38.56,7949.65,69.23,1.97,43.73
2009-02-06,44.49,1.82,3.05,0.99,37.9,8076.62,70.09,2.06,43.37
2009-02-09,47.23,1.66,3.07,1.05,37.24,7969.03,68.81,2.02,43.64
2009-02-10,45.88,1.65,2.9,0.92,37.04,7945.94,69.82,1.98,46.67
2009-02-11,44.24,1.66,2.78,0.93,39.18,,69.46,1.85,44.53
2009-02-12,47.23,1.61,2.75,0.89,39.5,7705.36,68.49,1.86,41.25
2009-02-13,43.36,1.68,2.89,0.97,37.51,7779.4,66.06,1.92,42.93
2009-02-16,,,,,,7750.17,,,
2009-02-17,39.69,1.53,2.64,0.87,42.83,7645.51,76.12,1.77,48.66
2009-02-18,39.41,1.63,2.74,0.97,43.09,7534.44,76.8,1.77,48.46
2009-02-19,42.36,1.73,2.85,1.01,39.21,7557.65,76.71,1.84,47.08
2009-02-20,42.19,1.67,2.78,0.96,40.73,7416.38,74.89,1.82,49.3
2009-02-23,41.27,1.7,2.78,0.96,42.23,7376.16,76.36,1.82,52.62
2009-02-24,40.18,1.82,2.8,1.03,40.87,7268.56,72.48,1.77,45.49
2009-02-25,42.37,1.98,2.95,1.09,41.15,7461.22,69.11,1.86,44.67
2009-02-26,45.15,2.02,2.98,1.08,39.95,7457.93,67.7,1.9,44.66
2009-02-27,44.41,2.06,3.02,1.0,39.06,7568.42,68.54,2.02,46.35
2009-03-02,42.6,2.0,2.91,0.89,41.41,7280.15,76.61,2.02,52.65
2009-03-03,42.72,2.02,2.93,0.91,38.27,7229.72,73.1,2.02,50.93
2009-03-04,46.07,2.09,3.01,0.97,37.05,7290.96,72.08,2.04,47.56
2009-03-05,44.45,1.98,2.83,0.9,37.8,7433.49,72.6,1.93,50.17
2009-03-06,43.48,2.02,2.83,0.91,38.9,7173.1,72.36,1.92,49.33
2009-03-09,44.55,2.06,2.89,0.96,37.71,7086.03,71.35,1.93,49.68
2009-03-10,44.99,2.15,2.99,1.01,35.95,7054.98,78.02,1.98,44.37
2009-03-11,43.2,2.03,2.95,1.03,35.58,7376.12,69.24,1.92,43.61
2009-03-12,42.19,1.88,2.89,1.03,33.85,7198.25,69.64,1.86,41.18
2009-03-13,44.97,1.87,2.89,0.98,33.65,7569.28,65.0,1.91,42.36
2009-03-16,44.12,1.88,2.97,1.0,35.27,7704.15,69.68,1.97,43.74
2009-03-17,45.53,1.9,3.02,1.05,22.58,7949.13,67.71,1.97,40.8
2009-03-18,45.22,1.28,2.51,0.82,25.69,7972.17,65.36,1.69,40.06
2009-03-19,48.03,1.31,2.61,0.87,41.52,7945.96,79.59,1.74,43.68
2009-03-20,49.27,1.43,2.65,0.89,38.9,,62.99,1.76,45.89
2009-03-23,51.84,1.4,2.68,0.93,29.76,8215.53,66.42,1.75,43.23
2009-03-24,51.32,1.36,2.68,0.93,36.28,8488.3,60.82,1.75,42.93
2009-03-25,51.46,1.44,2.81,0.96,36.28,8479.99,60.96,1.85,42.25
2009-03-26,51.89,1.3,2.76,0.9,35.19,8636.33,59.08,1.86,40.36
2009-03-27,50.81,1.38,2.78,0.9,33.25,8626.97,59.28,1.88,41.04
2009-03-30,49.05,1.39,2.73,0.84,33.62,8236.08,64.31,1.89,45.54
2009-03-31,46.13,1.43,2.71,0.81,31.39,8109.53,78.01,1.9,44.14
2009-04-01,45.92,1.37,2.68,0.83,32.33,8351.91,65.06,1.85,42.28
2009-04-02,50.89,1.44,2.77,0.88,34.39,8719.78,62.97,1.89,42.04
2009-04-03,50.48,1.53,2.91,0.96,36.42,8749.84,61.86,1.95,39.7
2009-04-06,50.91,1.52,2.95,0.94,32.95,8857.93,58.62,2.01,40.93
2009-04-07,50.62,1.61,2.93,0.91,32.07,8832.85,58.58,2.02,40.39
2009-04-08,52.06,1.57,2.86,0.93,30.42,8595.01,56.84,1.93,38.85
2009-04-09,52.33,1.62,2.96,0.96,28.0,8916.06,54.97,2.0,36.53
2009-04-10,,,,,,8964.11,,,
2009-04-13,50.73,1.55,2.88,0.89,29.09,8924.43,57.85,1.99,37.81
2009-04-14,52.06,1.52,2.8,0.86,28.88,8842.68,67.77,1.94,37.67
2009-04-15,51.31,1.55,2.82,0.86,27.47,8742.96,55.57,1.96,36.17
2009-04-16,51.83,1.59,2.86,0.91,27.42,8755.26,69.95,1.95,35.79
2009-04-17,52.02,1.7,2.98,0.99,27.41,8907.58,50.12,1.99,33.94
2009-04-20,49.06,1.66,2.88,0.93,28.45,8924.75,60.84,1.95,39.18
2009-04-21,48.69,1.69,2.94,0.96,29.0,8711.33,54.75,1.98,37.14
2009-04-22,48.5,1.65,2.98,1.0,28.67,8727.3,53.6,1.98,38.1
2009-04-23,48.29,1.52,2.96,0.97,29.92,8847.01,53.88,1.99,37.15
2009-04-24,50.29,1.53,3.03,0.99,30.08,8707.99,52.81,2.04,36.82
2009-04-27,48.67,1.48,2.95,0.9,30.24,8726.34,56.75,2.05,38.32
2009-04-28,48.64,1.54,3.05,0.95,28.53,8493.77,55.41,2.1,37.95
2009-04-29,50.22,1.59,3.12,0.94,27.98,,53.71,2.18,36.08
2009-04-30,50.3,1.69,3.16,0.91,26.7,8828.26,52.75,2.25,36.5
2009-05-01,51.75,1.8,3.21,0.92,26.44,8977.37,50.2,2.29,35.3
2009-05-04,53.26,1.77,3.19,0.94,28.26,,49.01,2.25,34.53
2009-05-05,53.16,1.77,3.2,0.98,27.49,,47.4,2.22,33.36
2009-05-06,55.07,1.74,3.18,0.96,26.77,,46.88,2.22,32.45
2009-05-07,56.63,1.74,3.29,1.0,26.75,9385.7,47.4,2.29,33.44
2009-05-08,56.02,1.77,3.29,1.0,25.93,9432.83,44.89,2.29,32.05
2009-05-11,55.99,1.7,3.17,0.92,23.6,9451.98,45.23,2.25,32.87
2009-05-12,56.52,1.69,3.17,0.9,23.8,9298.61,44.98,2.27,31.8
2009-05-13,56.84,1.67,3.11,0.89,25.41,9340.49,46.85,2.22,33.65
2009-05-14,56.25,1.68,3.1,0.87,23.08,9093.73,45.66,2.23,31.37
2009-05-15,56.33,1.66,3.14,0.88,22.6,9265.02,46.01,2.26,33.12
2009-05-18,56.51,1.66,3.22,0.93,22.46,9038.69,42.21,2.29,30.24
2009-05-19,57.12,1.65,3.25,0.91,22.41,9290.29,41.25,2.34,28.8
2009-05-20,59.1,1.56,3.19,0.87,24.74,9344.64,40.74,2.32,29.03
2009-05-21,58.02,1.67,3.35,0.89,27.94,9264.15,41.56,2.46,31.35
2009-05-22,58.7,1.72,3.45,0.92,28.34,9225.81,40.95,2.53,32.63
2009-05-25,,,,,,9347.0,,,
2009-05-26,59.05,1.72,3.5,0.96,26.33,9310.81,41.97,2.54,30.62
2009-05-27,61.28,1.83,3.71,0.96,25.82,9438.77,41.94,2.75,32.36
2009-05-28,63.47,1.87,3.67,0.97,26.7,9451.39,40.81,2.7,31.67
2009-05-29,64.98,1.67,3.47,0.92,28.44,9522.5,41.32,2.55,28.92
2009-06-01,66.6,1.8,3.71,0.97,29.5,9677.75,42.46,2.74,30.04
2009-06-02,67.67,1.69,3.65,0.96,28.69,9704.31,42.15,2.69,29.63
2009-06-03,66.15,1.68,3.56,0.91,27.64,9741.67,45.29,2.65,31.02
2009-06-04,67.68,1.83,3.72,0.96,28.16,9668.96,46.14,2.76,30.18
2009-06-05,67.77,1.88,3.84,1.32,26.82,9768.01,45.75,2.52,29.62
2009-06-08,67.61,1.94,3.91,1.42,27.09,9865.63,46.6,2.49,29.77
2009-06-09,68.94,1.88,3.86,1.33,25.03,9786.82,45.89,2.53,28.27
2009-06-10,70.52,1.91,3.98,1.38,24.78,9991.49,46.97,2.6,28.46
2009-06-11,71.71,1.89,3.88,1.35,24.44,9981.33,47.25,2.53,28.11
2009-06-12,70.62,1.91,3.81,1.3,24.79,10135.82,46.39,2.51,28.15
2009-06-15,68.49,1.9,3.76,1.26,25.31,10039.67,46.84,2.5,30.81
2009-06-16,70.52,1.88,3.67,1.23,23.12,9752.88,47.4,2.44,32.68
2009-06-17,68.95,1.95,3.68,1.19,22.8,9840.85,47.32,2.49,31.54
2009-06-18,69.96,1.98,3.86,1.28,22.43,9703.72,46.64,2.58,30.03
2009-06-19,70.48,1.91,3.79,1.25,21.64,9786.26,45.16,2.54,27.99
2009-06-22,66.13,1.89,3.72,1.17,22.1,9826.27,46.95,2.55,31.17
2009-06-23,66.36,1.84,3.65,1.14,21.93,9549.61,45.55,2.51,30.58
2009-06-24,68.47,1.93,3.72,1.19,22.74,9590.32,44.46,2.53,29.05
2009-06-25,68.82,1.82,3.55,1.12,22.72,9796.08,41.0,2.43,26.36
2009-06-26,68.1,1.85,3.52,1.1,21.97,9877.39,40.33,2.42,25.93
2009-06-29,69.75,1.83,3.51,1.11,21.72,9783.47,41.26,2.4,25.35
2009-06-30,68.11,1.78,3.53,1.11,20.9,9958.44,42.78,2.42,26.35
2009-07-01,68.52,1.83,3.55,1.05,20.29,9939.93,43.01,2.5,26.22
2009-07-02,65.74,1.87,3.51,0.98,19.93,9876.15,45.67,2.53,27.95
2009-07-03,,,,,,9816.07,,,
2009-07-06,63.12,2.03,3.52,0.96,20.6,9680.87,49.37,2.56,29.0
2009-07-07,61.54,1.87,3.47,0.98,20.71,9647.79,50.25,2.49,30.85
2009-07-08,59.71,1.79,3.33,0.91,23.58,9420.75,52.66,2.42,31.3
2009-07-09,59.17,1.87,3.44,0.94,21.02,9291.06,51.51,2.5,29.78
2009-07-10,58.43,1.8,3.32,0.91,20.79,9287.28,50.88,2.41,29.02
2009-07-13,58.25,1.84,3.38,0.92,19.27,9050.33,49.58,2.46,26.31
2009-07-14,60.48,1.86,3.5,0.97,18.8,9261.81,48.0,2.53,25.02
2009-07-15,61.25,1.87,3.63,1.03,19.36,9269.25,46.79,2.6,25.89
2009-07-16,62.02,1.82,3.59,1.0,18.26,9344.16,45.63,2.59,25.42
2009-07-17,63.54,1.81,3.67,1.02,18.1,9395.32,44.79,2.65,24.34
2009-07-20,64.64,1.73,3.61,0.99,18.55,,44.65,2.62,24.4
2009-07-21,65.93,1.71,3.5,0.96,18.05,9652.02,44.24,2.54,23.87
2009-07-22,65.36,1.75,3.58,0.98,17.46,9723.16,44.36,2.6,23.47
2009-07-23,68.06,1.8,3.72,1.08,18.44,9792.94,42.34,2.64,23.43
2009-07-24,68.82,1.81,3.7,1.05,18.04,9944.55,40.72,2.65,23.09
2009-07-27,69.78,1.85,3.75,1.08,18.72,10088.66,42.46,2.67,24.28
2009-07-28,68.53,1.86,3.72,1.12,19.26,10087.26,42.97,2.6,25.01
2009-07-29,65.79,1.84,3.69,1.17,19.39,10113.24,46.14,2.52,25.61
2009-07-30,68.82,1.78,3.67,1.19,18.85,10165.21,45.57,2.48,25.4
2009-07-31,70.08,1.71,3.52,1.13,20.51,10356.83,45.72,2.39,25.92
2009-08-03,72.9,1.78,3.66,1.18,21.11,10352.47,47.92,2.48,25.56
2009-08-04,73.82,1.81,3.7,1.2,23.58,10375.01,47.18,2.5,24.89
2009-08-05,74.39,1.85,3.8,1.23,22.12,10252.53,46.7,2.57,24.9
2009-08-06,74.61,1.87,3.79,1.22,21.13,10388.09,46.02,2.57,25.67
2009-08-07,74.21,1.88,3.89,1.32,20.95,10412.09,45.38,2.57,24.76
2009-08-10,73.79,1.83,3.8,1.24,20.33,10524.26,45.7,2.56,24.99
2009-08-11,71.58,1.8,3.71,1.21,19.61,10585.46,46.23,2.5,25.99
2009-08-12,74.03,1.84,3.72,1.18,19.83,10435.0,45.44,2.54,25.45
2009-08-13,73.76,1.8,3.59,1.12,19.97,10517.19,44.79,2.47,24.71
2009-08-14,71.33,1.85,3.55,1.07,19.56,10597.33,45.88,2.48,24.27
2009-08-17,68.65,1.79,3.48,1.04,19.83,10268.61,46.92,2.44,27.89
2009-08-18,68.66,1.78,3.51,1.06,18.93,10284.96,44.5,2.45,26.18
2009-08-19,72.81,1.7,3.45,1.01,19.38,10204.0,45.14,2.44,26.26
2009-08-20,73.75,1.6,3.42,1.03,18.12,10383.41,45.72,2.39,25.09
2009-08-21,73.71,1.69,3.56,1.13,19.11,10238.2,45.68,2.43,25.01
2009-08-24,74.34,1.67,3.48,1.05,19.65,10581.05,45.39,2.43,25.14
2009-08-25,73.1,1.72,3.45,1.05,19.56,10497.36,45.51,2.4,24.92
2009-08-26,70.74,1.72,3.44,1.06,19.6,10639.71,45.97,2.38,24.95
2009-08-27,70.68,1.75,3.47,1.04,19.52,10473.97,43.98,2.43,24.68
2009-08-28,72.8,1.76,3.46,1.01,19.32,10534.14,43.21,2.45,24.76
2009-08-31,69.02,1.76,3.4,0.97,20.43,10492.53,47.09,2.43,26.01
2009-09-01,68.78,1.74,3.38,0.92,21.4,10530.06,46.53,2.46,29.15
2009-09-02,67.6,1.71,3.29,0.89,25.58,10280.46,45.81,2.4,28.9
2009-09-03,66.78,1.69,3.33,0.91,28.86,10214.64,44.6,2.42,27.1
2009-09-04,65.84,1.7,3.45,0.94,27.23,10187.11,44.24,2.51,25.26
2009-09-07,,,,,,10320.94,,,
2009-09-08,69.2,1.66,3.47,0.93,26.97,10393.23,45.91,2.54,25.62
2009-09-09,69.76,1.66,3.48,0.93,24.71,10312.14,46.37,2.55,24.32
2009-09-10,68.96,1.59,3.36,0.9,24.22,10513.67,44.83,2.46,23.55
2009-09-11,68.76,1.59,3.34,0.9,25.67,10444.33,45.07,2.44,24.15
2009-09-14,66.91,1.65,3.42,0.94,24.78,10202.06,45.38,2.48,23.86
2009-09-15,66.53,1.64,3.47,0.96,24.43,10217.62,43.93,2.51,23.42
2009-09-16,68.51,1.62,3.48,1.01,25.09,10270.77,42.4,2.47,23.69
2009-09-17,71.56,1.62,3.42,0.98,23.53,10443.8,42.36,2.44,23.65
2009-09-18,70.72,1.68,3.49,1.03,22.62,10370.54,41.67,2.46,23.92
2009-09-21,68.11,1.69,3.49,1.02,23.22,,41.4,2.47,24.06
2009-09-22,69.65,1.65,3.46,1.02,24.53,,40.38,2.44,23.08
2009-09-23,67.43,1.63,3.44,0.96,23.98,,41.23,2.48,23.49
2009-09-24,64.99,1.64,3.4,0.93,22.0,10544.22,44.28,2.47,24.95
2009-09-25,64.6,1.6,3.34,0.98,21.79,10265.98,44.27,2.36,25.61
2009-09-28,65.43,1.57,3.31,0.98,20.4,10009.52,43.91,2.33,24.88
2009-09-29,64.63,1.59,3.31,1.0,20.45,10100.2,43.74,2.31,25.19
2009-09-30,65.82,1.56,3.31,0.95,21.54,10133.23,45.23,2.36,25.61
2009-10-01,67.12,1.5,3.21,0.87,21.46,9978.64,45.59,2.34,28.27
2009-10-02,66.5,1.54,3.24,0.88,21.38,9731.87,45.22,2.36,28.68
2009-10-05,65.26,1.51,3.24,0.88,22.78,9674.49,45.14,2.36,26.84
2009-10-06,68.51,1.53,3.27,0.91,25.36,9691.8,45.47,2.36,25.7
2009-10-07,67.65,1.45,3.21,0.87,24.01,9799.6,45.25,2.34,24.68
2009-10-08,68.47,1.49,3.27,0.9,24.88,9832.47,43.36,2.37,24.18
2009-10-09,69.45,1.56,3.4,0.98,23.19,10016.39,43.6,2.42,23.12
2009-10-12,70.75,,,,22.47,,43.2,,23.01
2009-10-13,70.81,1.46,3.34,0.91,22.34,10076.56,41.54,2.43,22.99
2009-10-14,72.16,1.51,3.45,0.96,20.57,10060.21,42.09,2.49,22.86
2009-10-15,73.14,1.5,3.49,0.97,20.35,10238.65,40.09,2.52,21.72
2009-10-16,74.58,1.45,3.43,0.97,20.76,10257.56,36.91,2.46,21.43
2009-10-19,75.86,1.38,3.41,0.99,20.9,10236.51,38.41,2.42,21.49
2009-10-20,76.51,1.37,3.35,0.95,20.09,10336.84,39.06,2.4,20.9
2009-10-21,77.74,1.43,3.42,1.0,21.53,10333.39,39.96,2.42,22.22
2009-10-22,78.36,1.49,3.44,0.97,19.75,10267.17,40.47,2.47,20.69
2009-10-23,77.72,1.51,3.51,1.04,19.98,10282.99,39.5,2.47,22.27
2009-10-26,76.45,1.59,3.59,1.06,20.87,10362.62,40.57,2.53,24.31
2009-10-27,76.69,1.49,3.49,0.99,20.52,10212.46,39.82,2.5,24.83
2009-10-28,75.11,1.48,3.44,0.95,21.19,10075.05,41.24,2.49,27.91
2009-10-29,77.18,1.5,3.53,0.98,20.72,9891.1,39.41,2.55,24.76
2009-10-30,74.91,1.41,3.41,0.9,21.2,10034.74,41.13,2.51,30.69
2009-11-02,75.56,1.41,3.45,0.92,22.3,9802.95,41.78,2.53,29.78
2009-11-03,75.68,1.45,3.5,0.92,25.25,,41.58,2.58,28.81
2009-11-04,78.21,1.45,3.57,0.91,25.13,9844.31,40.6,2.66,27.72
2009-11-05,78.02,1.41,3.57,0.9,22.76,9717.44,38.98,2.67,25.43
2009-11-06,75.51,1.37,3.54,0.86,21.45,9789.35,38.7,2.68,24.19
2009-11-09,77.18,1.3,3.52,0.87,21.92,9808.99,39.06,2.65,23.15
2009-11-10,77.07,1.31,3.5,0.85,22.04,9870.73,38.12,2.65,22.84
2009-11-11,76.99,,,,22.45,9871.68,37.89,,23.04
2009-11-12,75.18,1.33,3.45,0.82,23.06,9804.49,38.78,2.63,24.24
2009-11-13,74.81,1.31,3.43,0.82,21.9,9770.31,38.67,2.61,23.36
2009-11-16,77.14,1.21,3.33,0.78,24.34,9791.18,37.56,2.55,22.89
2009-11-17,77.36,1.2,3.33,0.78,23.03,9729.93,37.01,2.55,22.41
2009-11-18,78.64,1.21,3.36,0.77,24.1,9676.8,35.69,2.59,21.63
2009-11-19,76.45,1.21,3.35,0.73,23.96,9549.47,36.99,2.62,22.63
2009-11-20,75.61,1.21,3.36,0.75,24.65,9497.68,36.8,2.61,22.19
2009-11-23,78.14,1.2,3.37,0.77,25.64,,35.67,2.6,21.16
2009-11-24,75.35,1.21,3.32,0.73,23.56,9401.58,37.06,2.59,20.47
2009-11-25,76.57,1.16,3.28,0.73,25.39,9441.64,36.57,2.55,20.48
2009-11-26,,,,,,9383.24,,,
2009-11-27,76.0,1.15,3.21,0.68,27.14,9081.52,43.36,2.53,24.85
2009-11-30,77.77,1.13,3.21,0.67,26.27,9345.55,41.17,2.54,24.51
2009-12-01,78.68,1.14,3.28,0.67,26.69,9572.2,40.23,2.61,21.92
2009-12-02,76.96,1.18,3.32,0.72,26.74,9608.94,40.29,2.6,21.12
2009-12-03,77.76,1.24,3.39,0.74,26.81,9977.67,40.56,2.65,22.46
2009-12-04,77.74,1.34,3.48,0.84,29.82,10022.59,41.18,2.64,21.25
2009-12-07,76.18,1.31,3.44,0.78,29.12,10167.6,42.49,2.66,22.1
2009-12-08,74.93,1.31,3.4,0.73,29.2,10140.47,42.19,2.67,23.69
2009-12-09,73.63,1.36,3.45,0.76,28.99,10004.72,43.08,2.69,22.66
2009-12-10,70.91,1.4,3.49,0.78,27.86,9862.82,42.9,2.71,22.32
2009-12-11,70.07,1.41,3.55,0.83,27.82,10107.87,43.05,2.72,21.59
2009-12-14,71.19,1.37,3.56,0.87,25.48,10105.68,42.16,2.69,21.15
2009-12-15,71.33,1.37,3.6,0.88,26.05,10083.48,41.54,2.72,21.49
2009-12-16,73.34,1.34,3.61,0.85,24.9,10177.41,39.89,2.76,20.54
2009-12-17,71.28,1.28,3.5,0.77,27.16,10163.8,39.08,2.73,22.51
2009-12-18,71.87,1.31,3.55,0.82,26.59,10142.05,40.58,2.73,21.68
2009-12-21,72.74,1.39,3.69,0.89,25.88,10183.47,39.25,2.8,20.49
2009-12-22,71.64,1.43,3.76,0.95,25.22,10378.03,37.81,2.81,19.54
2009-12-23,73.87,1.46,3.77,0.96,23.36,,36.0,2.81,19.71
2009-12-24,75.15,1.5,3.82,1.0,23.1,10536.92,35.18,2.82,19.47
2009-12-25,,,,,,10494.71,,,
2009-12-28,76.59,1.5,3.85,1.09,26.02,10634.23,36.48,2.76,19.93
2009-12-29,76.65,1.46,3.82,1.09,24.85,10638.06,35.78,2.73,20.01
2009-12-30,77.62,1.44,3.8,1.08,24.53,10546.44,34.95,2.72,19.96
2009-12-31,77.91,1.48,3.85,1.14,23.71,,36.26,2.71,21.68
2010-01-04,79.05,1.47,3.85,1.09,24.59,10654.79,35.44,2.76,20.04
2010-01-05,79.27,1.43,3.77,1.01,23.34,10681.83,34.27,2.76,19.35
2010-01-06,80.14,1.48,3.85,1.01,23.9,10731.45,34.4,2.84,19.16
2010-01-07,80.57,1.44,3.85,1.03,23.32,10681.66,33.61,2.82,19.06
2010-01-08,80.06,1.41,3.83,0.96,22.04,10798.32,31.34,2.87,18.13
2010-01-11,80.14,1.47,3.85,0.95,20.97,,30.0,2.9,17.55
2010-01-12,79.38,1.35,3.74,0.92,21.97,10879.14,31.61,2.82,18.25
2010-01-13,77.57,1.43,3.8,0.97,20.63,10735.03,32.75,2.83,17.85
2010-01-14,77.61,1.4,3.76,0.94,21.34,10907.68,30.86,2.82,17.63
2010-01-15,76.85,1.34,3.7,0.89,21.48,10982.1,29.8,2.81,17.91
2010-01-18,,,,,,10855.08,,,
2010-01-19,75.18,1.35,3.73,0.93,21.31,10764.9,28.52,2.8,17.58
2010-01-20,75.09,1.31,3.68,0.92,22.85,10737.52,31.15,2.76,18.68
2010-01-21,74.13,1.29,3.62,0.87,24.82,10868.41,32.51,2.75,22.27
2010-01-22,72.73,1.31,3.62,0.84,26.01,10590.55,34.85,2.78,27.31
2010-01-25,72.18,1.33,3.66,0.86,24.73,10512.69,33.33,2.8,25.41
2010-01-26,72.63,1.31,3.65,0.87,24.35,10325.28,33.78,2.78,24.55
2010-01-27,72.75,1.35,3.66,0.9,24.08,10252.08,34.23,2.76,23.14
2010-01-28,70.65,1.35,3.68,0.87,23.35,10414.29,33.28,2.81,23.73
2010-01-29,71.2,1.3,3.63,0.82,23.87,10198.04,34.05,2.81,24.62
2010-02-01,71.58,1.29,3.68,0.86,23.84,10205.02,32.45,2.82,22.59
2010-02-02,73.94,1.26,3.67,0.86,22.75,10371.09,32.44,2.81,21.48
2010-02-03,75.77,1.3,3.73,0.88,22.09,10404.33,34.65,2.85,21.6
2010-02-04,71.3,1.27,3.62,0.8,27.19,10355.98,38.51,2.82,26.08
2010-02-05,70.11,1.32,3.59,0.77,27.59,10057.09,39.99,2.82,26.11
2010-02-08,69.62,1.35,3.62,0.79,26.88,9951.82,39.53,2.83,26.51
2010-02-09,70.4,1.37,3.67,0.84,25.45,9932.9,38.74,2.83,26.0
2010-02-10,70.4,1.44,3.72,0.91,26.02,9963.99,37.91,2.81,25.4
2010-02-11,72.35,1.47,3.73,0.91,25.48,,36.04,2.82,23.96
2010-02-12,71.49,1.46,3.69,0.84,24.29,10092.19,36.04,2.85,22.73
2010-02-15,,,,,,10013.3,,,
2010-02-16,74.82,1.42,3.66,0.82,25.38,10034.25,36.15,2.84,22.25
2010-02-17,74.89,1.46,3.74,0.87,24.88,10306.83,35.38,2.87,21.72
2010-02-18,76.61,1.48,3.79,0.9,24.0,10335.69,33.36,2.89,20.63
2010-02-19,76.88,1.52,3.78,0.95,24.05,10123.58,34.63,2.83,20.02
2010-02-22,76.95,1.55,3.8,0.91,23.53,10400.47,33.68,2.89,19.94
2010-02-23,76.44,1.5,3.69,0.87,23.89,10352.1,34.88,2.82,21.37
2010-02-24,77.0,1.51,3.7,0.87,22.68,10198.83,33.46,2.83,20.27
2010-02-25,74.38,1.51,3.64,0.82,21.85,10101.96,33.56,2.82,20.1
2010-02-26,76.36,1.48,3.61,0.81,21.31,10126.03,32.82,2.8,19.5
2010-03-01,76.07,1.46,3.61,0.8,21.13,10172.06,34.29,2.81,19.26
2010-03-02,77.5,1.46,3.62,0.8,21.76,10221.84,34.88,2.82,19.06
2010-03-03,78.66,1.46,3.63,0.82,21.37,10253.14,34.53,2.81,18.83
2010-03-04,77.88,1.44,3.61,0.86,20.06,10145.72,33.54,2.75,18.72
2010-03-05,79.2,1.48,3.69,0.91,19.29,10368.96,32.67,2.78,17.42
2010-03-08,78.94,1.49,3.72,0.9,19.89,10585.92,33.22,2.82,17.79
2010-03-09,78.77,1.48,3.71,0.89,19.88,10567.65,33.19,2.82,17.92
2010-03-10,80.29,1.49,3.73,0.92,20.93,10563.92,33.28,2.81,18.57
2010-03-11,79.44,1.49,3.73,0.97,20.19,10664.95,32.7,2.76,18.06
2010-03-12,79.38,1.45,3.71,0.97,20.16,10751.26,32.11,2.74,17.58
2010-03-15,77.08,1.46,3.71,0.96,20.9,10751.98,33.38,2.75,18.0
2010-03-16,79.45,1.42,3.66,0.93,20.32,10721.71,33.22,2.73,17.69
2010-03-17,80.28,1.4,3.65,0.95,19.8,10846.98,32.47,2.7,16.91
2010-03-18,80.09,1.45,3.68,0.98,19.23,10744.03,31.73,2.7,16.62
2010-03-19,78.37,1.5,3.7,1.02,19.71,10824.72,31.85,2.68,16.97
2010-03-22,78.09,1.48,3.67,1.01,19.06,,29.57,2.66,16.87
2010-03-23,79.17,1.49,3.69,1.02,18.52,10774.15,29.23,2.67,16.35
2010-03-24,78.03,1.6,3.84,1.08,20.81,10815.03,29.34,2.76,17.55
2010-03-25,78.64,1.65,3.91,1.1,20.27,10828.85,30.13,2.81,18.4
2010-03-26,77.98,1.62,3.86,1.04,19.73,10996.37,30.1,2.82,17.77
2010-03-29,79.89,1.66,3.88,1.04,19.07,10986.47,30.17,2.84,17.59
2010-03-30,79.46,1.66,3.88,1.06,18.16,11097.14,29.56,2.82,17.13
2010-03-31,80.37,1.6,3.84,1.02,18.14,11089.94,29.61,2.82,17.59
2010-04-01,82.63,1.61,3.89,1.05,17.49,11244.4,29.24,2.84,17.47
2010-04-02,,1.69,3.96,1.11,,11286.09,,2.85,
2010-04-05,84.48,1.7,4.01,1.18,18.06,11339.3,29.65,2.83,17.02
2010-04-06,85.05,1.68,3.98,1.14,17.93,11282.32,28.8,2.84,16.23
2010-04-07,84.49,1.55,3.89,1.06,19.13,11292.83,29.04,2.83,16.62
2010-04-08,82.63,1.58,3.91,1.09,18.86,11168.2,29.25,2.82,16.48
2010-04-09,82.77,1.56,3.9,1.08,19.4,11204.34,29.15,2.82,16.14
2010-04-12,85.21,1.52,3.87,1.07,18.27,11251.9,27.02,2.8,15.58
2010-04-13,83.44,1.5,3.84,1.07,17.51,11161.23,27.26,2.77,16.2
2010-04-14,85.81,1.54,3.88,1.07,17.31,11204.9,27.14,2.81,15.59
2010-04-15,86.9,1.49,3.86,1.04,17.44,11273.79,26.9,2.82,15.89
2010-04-16,84.81,1.46,3.79,0.98,18.85,11102.18,27.16,2.81,18.36
2010-04-19,83.09,1.49,3.83,1.01,18.94,10908.77,29.02,2.82,17.34
2010-04-20,84.73,1.47,3.82,1.05,17.69,10900.68,27.8,2.77,15.73
2010-04-21,84.55,1.42,3.77,1.03,17.8,11090.05,27.67,2.74,16.32
2010-04-22,84.58,1.46,3.8,1.07,17.77,10949.09,27.65,2.73,16.47
2010-04-23,86.09,1.47,3.84,1.1,17.9,10914.46,26.68,2.74,16.62
2010-04-26,86.72,1.46,3.83,1.09,17.73,11165.79,28.02,2.74,17.47
2010-04-27,85.59,1.37,3.71,1.03,17.73,11212.66,28.02,2.68,22.81
2010-04-28,84.59,1.4,3.8,1.03,20.13,10924.79,30.68,2.77,21.08
2010-04-29,86.82,1.31,3.76,1.01,19.35,,29.53,2.75,18.44
2010-04-30,86.19,1.29,3.69,0.97,20.42,11057.4,30.25,2.72,22.05
2010-05-03,88.09,1.32,3.72,1.0,20.93,,30.18,2.72,20.19
2010-05-04,85.39,1.31,3.63,0.96,21.71,,32.67,2.67,23.84
2010-05-05,82.31,1.3,3.58,0.88,21.79,,35.61,2.7,24.91
2010-05-06,80.21,1.25,3.41,0.75,26.31,10695.69,39.73,2.66,32.8
2010-05-07,76.48,1.3,3.45,0.83,26.24,10364.59,42.61,2.62,40.95
2010-05-10,78.08,1.33,3.57,0.87,24.35,10530.7,40.05,2.7,28.84
2010-05-11,79.0,1.31,3.56,0.85,25.96,10411.1,38.87,2.71,28.32
2010-05-12,78.7,1.28,3.56,0.89,25.34,10394.03,36.96,2.67,25.52
2010-05-13,79.41,1.28,3.55,0.87,24.41,10620.55,36.46,2.68,26.68
2010-05-14,76.43,1.26,3.44,0.79,26.21,10462.51,40.46,2.65,31.24
2010-05-17,73.87,1.31,3.47,0.81,26.46,10235.76,41.13,2.66,30.84
2010-05-18,75.12,1.25,3.38,0.76,26.25,10242.64,42.96,2.62,33.55
2010-05-19,71.86,1.32,3.36,0.8,27.05,10186.84,44.03,2.56,35.32
2010-05-20,69.56,1.36,3.25,0.76,30.73,10030.31,46.46,2.49,45.79
2010-05-21,70.45,1.33,3.2,0.76,27.78,9784.54,44.57,2.44,40.1
2010-05-24,69.62,1.35,3.23,0.77,25.72,9758.4,44.9,2.46,38.32
2010-05-25,67.18,1.33,3.18,0.81,25.72,9459.89,45.8,2.37,34.61
2010-05-26,70.59,1.3,3.21,0.82,24.74,9522.66,43.45,2.39,35.02
2010-05-27,73.56,1.33,3.34,0.87,23.0,9639.72,40.7,2.47,29.68
2010-05-28,73.0,1.32,3.31,0.76,22.28,9762.98,40.49,2.55,32.07
2010-05-31,,,,,,9768.7,,,
2010-06-01,73.08,1.32,3.29,0.78,23.15,9711.83,46.06,2.51,35.54
2010-06-02,72.78,1.36,3.35,0.82,21.55,9603.24,42.92,2.53,30.17
2010-06-03,73.12,1.34,3.39,0.82,21.7,9914.19,41.72,2.57,29.46
2010-06-04,71.84,1.26,3.2,0.72,23.15,9901.19,47.15,2.48,35.48
2010-06-07,71.09,1.25,3.17,0.74,24.95,9520.8,46.78,2.43,36.57
2010-06-08,71.43,1.29,3.18,0.74,24.98,9537.94,43.85,2.44,33.7
2010-06-09,73.68,1.28,3.2,0.74,24.58,9439.13,42.55,2.46,33.73
2010-06-10,74.33,1.35,3.33,0.79,23.29,9542.65,38.91,2.54,30.57
2010-06-11,73.28,1.29,3.24,0.75,21.62,9705.25,39.37,2.49,28.79
2010-06-14,75.11,1.31,3.28,0.77,21.79,9879.85,39.72,2.51,28.58
2010-06-15,75.29,1.32,3.32,0.79,21.26,9887.89,37.72,2.53,25.87
2010-06-16,76.12,1.28,3.27,0.75,20.85,10067.15,37.38,2.52,25.92
2010-06-17,77.52,1.22,3.21,0.72,22.78,9999.4,36.29,2.49,25.05
2010-06-18,77.05,1.25,3.24,0.74,22.04,9995.02,35.25,2.5,23.95
2010-06-21,78.53,1.24,3.26,0.74,22.25,10238.01,35.36,2.52,24.88
2010-06-22,78.08,1.2,3.18,0.71,22.37,10112.89,35.47,2.47,27.05
2010-06-23,75.22,1.19,3.13,0.66,22.38,9923.7,36.76,2.47,26.91
2010-06-24,75.17,1.23,3.14,0.67,22.27,9928.34,37.41,2.47,29.74
2010-06-25,76.21,1.21,3.12,0.65,22.06,9737.48,35.82,2.47,28.53
2010-06-28,76.66,1.17,3.05,0.62,22.8,9693.94,36.71,2.43,29.0
2010-06-29,74.21,1.14,2.97,0.61,24.07,9570.67,39.16,2.36,34.13
2010-06-30,74.94,1.15,2.97,0.61,23.46,9382.64,39.5,2.36,34.54
2010-07-01,71.73,1.21,2.96,0.63,25.13,9191.6,41.22,2.33,32.86
2010-07-02,71.75,1.27,3.0,0.63,22.95,9203.71,39.19,2.37,30.12
2010-07-05,,,,,,9266.78,,,
2010-07-06,73.08,1.26,2.95,0.62,23.7,9338.04,40.24,2.33,29.65
2010-07-07,72.97,1.3,3.0,0.63,22.0,9279.65,37.75,2.37,26.84
2010-07-08,74.56,1.25,3.04,0.63,20.26,9535.74,35.78,2.41,25.71
2010-07-09,75.2,1.26,3.07,0.63,19.68,9585.32,34.57,2.44,24.98
2010-07-12,74.35,1.26,3.08,0.65,18.51,9548.11,33.2,2.43,24.43
2010-07-13,76.45,1.28,3.15,0.67,18.99,9537.23,32.87,2.48,24.56
2010-07-14,76.63,1.23,3.07,0.62,18.24,9795.24,33.16,2.45,24.89
2010-07-15,75.52,1.21,3.0,0.61,17.18,9685.53,33.24,2.39,25.14
2010-07-16,75.55,1.25,2.96,0.61,20.13,9408.36,34.13,2.35,26.25
2010-07-19,76.29,1.29,2.99,0.61,20.31,,34.03,2.38,25.97
2010-07-20,76.31,1.28,2.98,0.61,20.41,9300.46,32.43,2.37,23.93
2010-07-21,75.75,1.19,2.9,0.58,20.5,9278.83,33.88,2.32,25.64
2010-07-22,77.59,1.21,2.96,0.6,19.81,9220.88,33.59,2.36,24.63
2010-07-23,77.27,1.24,3.02,0.6,20.28,9430.96,32.44,2.42,23.47
2010-07-26,77.9,1.24,3.03,0.62,20.98,9503.66,33.07,2.41,22.73
2010-07-27,75.52,1.26,3.08,0.65,22.12,9496.85,32.91,2.43,23.19
2010-07-28,76.66,1.22,3.03,0.61,21.29,9753.27,33.79,2.42,24.25
2010-07-29,78.6,1.21,3.03,0.59,19.74,9696.02,31.57,2.44,24.13
2010-07-30,77.5,1.14,2.94,0.55,18.86,9537.3,31.52,2.39,23.5
2010-08-02,81.93,1.13,2.99,0.56,18.79,9570.31,31.62,2.43,22.01
2010-08-03,83.6,1.07,2.94,0.53,18.42,9694.01,32.09,2.41,22.63
2010-08-04,83.76,1.12,2.98,0.56,18.11,9489.34,31.76,2.42,22.21
2010-08-05,82.9,1.07,2.94,0.53,18.0,9653.92,31.32,2.41,22.1
2010-08-06,81.28,1.04,2.86,0.5,17.82,9642.12,30.9,2.36,21.74
2010-08-09,81.54,1.04,2.86,0.54,17.61,9572.49,31.31,2.32,22.14
2010-08-10,79.89,0.95,2.79,0.52,18.11,9551.05,32.08,2.27,22.37
2010-08-11,77.83,0.95,2.72,0.54,19.0,9292.85,34.18,2.18,25.39
2010-08-12,76.63,1.05,2.74,0.55,18.74,9212.59,34.84,2.19,25.73
2010-08-13,75.14,1.0,2.68,0.54,18.37,9253.46,34.62,2.14,26.24
2010-08-16,74.56,0.95,2.58,0.51,18.5,9196.67,35.41,2.07,26.1
2010-08-17,76.74,1.01,2.64,0.52,17.37,9161.68,33.56,2.12,24.33
2010-08-18,75.1,1.02,2.64,0.51,17.79,9240.54,33.9,2.13,24.59
2010-08-19,74.84,1.02,2.58,0.49,18.14,9362.68,34.18,2.09,26.44
2010-08-20,73.48,1.05,2.62,0.49,18.87,9179.38,33.73,2.13,25.49
2010-08-23,73.08,1.05,2.6,0.49,18.42,9116.69,33.56,2.11,25.66
2010-08-24,70.61,1.01,2.5,0.5,19.11,8995.14,34.84,2.0,27.46
2010-08-25,70.74,1.01,2.54,0.53,19.6,8845.39,33.24,2.01,26.7
2010-08-26,74.5,0.95,2.5,0.51,18.81,8906.48,33.08,1.99,27.37
2010-08-27,75.16,1.05,2.66,0.56,18.39,8991.06,32.13,2.1,24.45
2010-08-30,76.05,0.99,2.54,0.5,18.52,9149.26,32.99,2.04,27.21
2010-08-31,75.51,0.95,2.47,0.47,19.39,8824.06,34.51,2.0,26.05
2010-09-01,75.53,1.02,2.58,0.5,17.98,8927.02,33.25,2.08,23.89
2010-09-02,74.93,1.05,2.63,0.5,17.83,9062.84,32.66,2.13,23.19
2010-09-03,75.03,1.1,2.72,0.52,17.51,9114.13,32.11,2.2,21.31
2010-09-06,,,,,,9301.32,,,
2010-09-07,75.78,0.98,2.61,0.49,17.77,9226.0,33.28,2.12,23.8
2010-09-08,77.48,1.02,2.66,0.52,17.88,9024.6,32.82,2.14,23.25
2010-09-09,77.87,1.05,2.77,0.57,17.41,9098.39,31.81,2.2,22.81
2010-09-10,77.54,1.02,2.81,0.58,17.3,9239.17,31.37,2.23,21.99
2010-09-13,78.52,0.94,2.74,0.53,16.69,9321.82,31.72,2.21,21.21
2010-09-14,78.89,0.93,2.68,0.5,18.24,9299.31,32.07,2.18,21.56
2010-09-15,78.46,0.97,2.74,0.5,17.56,9516.56,31.97,2.24,22.1
2010-09-16,78.89,1.0,2.77,0.48,18.26,9509.5,31.69,2.29,21.72
2010-09-17,77.43,1.0,2.75,0.48,18.08,9626.09,31.08,2.27,22.01
2010-09-20,79.42,0.94,2.72,0.47,17.92,,31.85,2.25,21.5
2010-09-21,78.76,0.78,2.61,0.43,17.94,9602.11,32.81,2.18,22.35
2010-09-22,77.29,0.74,2.56,0.44,17.36,9566.32,31.67,2.12,22.51
2010-09-23,77.69,0.77,2.56,0.45,17.56,,31.4,2.11,23.87
2010-09-24,78.73,0.81,2.62,0.45,17.81,9471.67,29.88,2.17,21.71
2010-09-27,77.71,0.79,2.54,0.44,18.22,9603.14,30.87,2.1,22.54
2010-09-28,79.14,0.69,2.48,0.37,18.2,9495.76,30.82,2.11,22.6
2010-09-29,78.79,0.74,2.52,0.44,18.65,9559.38,30.8,2.08,23.25
2010-09-30,80.77,0.75,2.53,0.42,18.65,9369.35,30.04,2.11,23.7
2010-10-01,82.69,0.75,2.54,0.42,18.41,9404.23,30.46,2.12,22.5
2010-10-04,83.42,0.72,2.5,0.41,18.88,9381.06,31.37,2.09,23.53
2010-10-05,83.35,0.65,2.5,0.41,19.58,9518.76,31.88,2.09,21.76
2010-10-06,85.01,0.52,2.41,0.38,19.84,9691.43,30.93,2.03,21.49
2010-10-07,83.67,0.53,2.41,0.36,21.43,9684.81,32.29,2.05,21.56
2010-10-08,83.88,0.45,2.41,0.35,20.65,9588.88,32.22,2.06,20.71
2010-10-11,83.08,,,,20.13,,33.26,,18.96
2010-10-12,82.99,0.49,2.44,0.37,20.01,9388.64,33.26,2.07,18.93
2010-10-13,84.01,0.44,2.46,0.37,20.85,9403.51,33.19,2.09,19.07
2010-10-14,83.55,0.41,2.52,0.38,22.61,9583.51,32.46,2.14,19.88
2010-10-15,81.94,0.5,2.59,0.37,21.05,9500.25,33.42,2.22,19.03
2010-10-18,82.3,0.47,2.52,0.38,20.89,9498.49,32.2,2.14,19.09
2010-10-19,81.12,0.44,2.5,0.37,21.16,9539.45,33.99,2.13,20.63
2010-10-20,81.68,0.47,2.51,0.35,20.51,9381.6,32.39,2.16,19.79
2010-10-21,81.28,0.5,2.57,0.37,21.11,9376.48,33.65,2.2,19.27
2010-10-22,80.75,0.5,2.59,0.35,20.45,9426.71,32.45,2.24,18.78
2010-10-25,81.91,0.45,2.59,0.37,20.06,9401.16,33.05,2.22,19.85
2010-10-26,82.62,0.52,2.67,0.4,20.16,9377.38,31.89,2.27,20.22
2010-10-27,81.27,0.62,2.75,0.4,20.42,9387.03,32.0,2.35,20.71
2010-10-28,82.97,0.57,2.69,0.37,20.81,9366.03,31.56,2.32,20.88
2010-10-29,82.47,0.5,2.63,0.34,21.24,9202.45,32.12,2.29,21.2
2010-11-01,84.06,0.49,2.66,0.34,22.45,9154.72,32.83,2.32,21.83
2010-11-02,84.71,0.49,2.63,0.34,21.87,9159.98,33.33,2.29,21.57
2010-11-03,85.33,0.5,2.67,0.34,20.68,,31.89,2.33,19.56
2010-11-04,86.83,0.44,2.53,0.33,21.48,9358.78,30.78,2.2,18.52
2010-11-05,87.05,0.48,2.58,0.38,21.06,9625.99,29.86,2.2,18.26
2010-11-08,87.15,0.48,2.6,0.41,22.38,9732.92,30.82,2.19,18.29
2010-11-09,87.93,0.58,2.72,0.46,24.65,9694.49,30.93,2.26,19.08
2010-11-10,87.92,0.56,2.65,0.44,24.02,9830.52,30.25,2.21,18.47
2010-11-11,88.08,,,,23.22,9861.46,30.27,,18.64
2010-11-12,86.07,0.71,2.76,0.51,23.67,9724.81,30.92,2.25,20.61
2010-11-15,85.49,0.87,2.92,0.53,23.32,9827.51,31.13,2.39,20.2
2010-11-16,83.98,0.87,2.85,0.51,23.56,9797.1,33.43,2.34,22.58
2010-11-17,83.36,0.84,2.89,0.5,22.09,9811.66,33.69,2.39,21.76
2010-11-18,83.7,0.83,2.9,0.52,21.31,10013.63,31.49,2.38,18.75
2010-11-19,83.17,0.77,2.88,0.52,20.13,10022.39,30.64,2.36,18.04
2010-11-22,82.34,0.7,2.8,0.49,20.23,10115.19,30.84,2.31,18.37
2010-11-23,82.37,0.69,2.77,0.45,21.33,,31.6,2.32,20.63
2010-11-24,84.53,0.8,2.93,0.53,20.59,10030.11,30.03,2.4,19.56
2010-11-25,,,,,,10079.76,,,
2010-11-26,84.78,0.75,2.87,0.51,15.92,10039.56,28.82,2.36,22.22
2010-11-29,85.9,0.73,2.84,0.52,21.51,10125.99,30.75,2.32,21.53
2010-11-30,86.02,0.74,2.81,0.45,22.61,9937.04,31.89,2.36,23.54
2010-12-01,88.56,0.83,2.97,0.53,22.64,9988.05,31.17,2.44,21.36
2010-12-02,89.37,0.84,3.01,0.55,21.69,10168.52,30.9,2.46,19.39
2010-12-03,90.65,0.86,3.03,0.49,20.95,10178.32,31.7,2.54,18.01
2010-12-06,91.25,0.79,2.95,0.42,20.74,10167.23,31.5,2.53,18.02
2010-12-07,90.78,0.92,3.15,0.54,20.97,10141.1,32.17,2.61,17.99
2010-12-08,89.74,1.07,3.26,0.63,21.13,10232.33,30.96,2.63,17.74
2010-12-09,89.93,1.09,3.23,0.64,20.04,10285.88,30.41,2.59,17.25
2010-12-10,89.54,1.16,3.32,0.64,19.63,10211.95,30.36,2.68,17.61
2010-12-13,90.4,1.11,3.29,0.61,17.35,10293.89,29.25,2.68,17.55
2010-12-14,90.63,1.27,3.49,0.66,16.77,10316.77,29.0,2.83,17.61
2010-12-15,91.33,1.22,3.53,0.68,16.87,10309.78,28.46,2.85,17.94
2010-12-16,91.09,1.15,3.47,0.66,17.31,10311.29,27.93,2.81,17.39
2010-12-17,91.11,1.05,3.33,0.61,16.41,10303.83,26.82,2.72,16.11
2010-12-20,91.31,1.07,3.36,0.62,16.3,10216.41,26.61,2.74,16.41
2010-12-21,93.11,1.06,3.35,0.63,16.66,10370.53,25.83,2.72,16.49
2010-12-22,93.55,1.03,3.36,0.65,16.32,10346.48,25.5,2.71,15.45
2010-12-23,93.63,1.08,3.41,0.67,16.23,,25.42,2.74,16.47
2010-12-24,,,,,,10279.19,,,
2010-12-27,93.08,1.06,3.36,0.71,17.31,10355.99,27.48,2.65,17.67
2010-12-28,93.52,1.17,3.5,0.75,18.7,10292.63,27.88,2.75,17.52
2010-12-29,93.52,1.06,3.35,0.64,19.54,10344.54,27.78,2.71,17.28
2010-12-30,92.5,1.08,3.38,0.66,19.67,10228.92,29.27,2.72,17.52
2010-12-31,93.23,1.0,3.3,0.61,19.53,,29.48,2.69,17.75
2011-01-03,95.82,1.05,3.36,0.61,18.95,,28.21,2.75,17.61
2011-01-04,93.52,1.01,3.36,0.63,18.84,10398.1,30.26,2.73,17.38
2011-01-05,95.07,1.08,3.5,0.71,18.83,10380.77,29.32,2.79,17.02
2011-01-06,94.95,1.03,3.44,0.68,19.24,10529.76,30.21,2.76,17.4
2011-01-07,94.25,0.98,3.34,0.6,18.5,10541.04,29.64,2.74,17.14
2011-01-10,95.05,0.96,3.32,0.59,18.32,,29.09,2.73,17.54
2011-01-11,96.8,0.97,3.37,0.6,17.52,10510.68,28.01,2.77,16.89
2011-01-12,97.86,0.98,3.4,0.61,16.92,10512.8,27.53,2.79,16.24
2011-01-13,97.86,0.97,3.34,0.59,18.46,10589.76,27.73,2.75,16.39
2011-01-14,97.86,1.0,3.35,0.59,18.72,10499.04,26.5,2.76,15.46
2011-01-17,,,,,,10502.86,,,
2011-01-18,97.83,0.99,3.39,0.6,17.66,10518.98,26.52,2.79,15.87
2011-01-19,98.42,0.99,3.37,0.6,17.95,10557.1,27.28,2.77,17.31
2011-01-20,96.27,1.22,3.47,0.65,18.53,10437.31,27.4,2.82,17.99
2011-01-21,96.84,1.2,3.44,0.63,19.06,10274.52,26.53,2.81,18.47
2011-01-24,96.76,1.18,3.43,0.65,18.99,10345.11,27.1,2.78,17.65
2011-01-25,96.76,1.11,3.35,0.62,18.73,10464.42,29.98,2.73,17.59
2011-01-26,96.04,1.16,3.45,0.62,18.86,10401.9,28.0,2.83,16.64
2011-01-27,96.48,1.16,3.42,0.59,18.87,10478.66,29.79,2.83,16.15
2011-01-28,97.06,1.09,3.36,0.54,18.65,10360.34,33.26,2.82,20.04
2011-01-31,98.97,1.08,3.42,0.58,18.33,10237.92,35.18,2.84,19.53
2011-02-01,100.4,1.11,3.48,0.61,17.7,10274.5,33.38,2.87,17.63
2011-02-02,101.3,1.16,3.52,0.67,17.22,10457.36,31.83,2.85,17.3
2011-02-03,101.69,1.23,3.58,0.71,17.74,10431.36,32.19,2.87,16.69
2011-02-04,99.43,1.3,3.68,0.77,17.0,10543.52,32.24,2.91,15.93
2011-02-07,99.44,1.32,3.68,0.78,16.14,10592.04,31.56,2.9,16.28
2011-02-08,99.25,1.39,3.75,0.86,15.61,10635.98,31.07,2.89,15.81
2011-02-09,100.16,1.34,3.65,0.81,15.84,10617.83,30.29,2.84,15.87
2011-02-10,100.74,1.39,3.7,0.85,15.49,10605.65,29.86,2.85,16.09
2011-02-11,99.93,1.36,3.64,0.85,15.87,,29.58,2.79,15.69
2011-02-14,103.12,1.34,3.62,0.87,15.56,10725.54,30.12,2.75,15.95
2011-02-15,102.48,1.33,3.61,0.84,15.23,10746.67,30.47,2.77,16.37
2011-02-16,102.78,1.37,3.62,0.86,15.13,10808.29,31.42,2.76,16.72
2011-02-17,103.45,1.31,3.58,0.8,15.3,10836.64,31.04,2.78,16.59
2011-02-18,102.2,1.25,3.59,0.78,16.17,10842.8,30.82,2.81,16.43
2011-02-21,,,,,,10857.53,,,
2011-02-22,106.82,1.12,3.46,0.74,16.83,10664.7,38.54,2.72,20.8
2011-02-23,109.77,1.1,3.49,0.74,18.02,10579.1,41.92,2.75,22.13
2011-02-24,113.91,1.05,3.46,0.73,16.62,10452.71,42.62,2.73,21.32
2011-02-25,111.47,1.02,3.42,0.72,15.69,10526.76,42.49,2.7,19.22
2011-02-28,112.27,1.03,3.42,0.69,15.98,10624.09,39.05,2.73,18.35
2011-03-01,113.34,1.0,3.41,0.66,17.46,10754.03,41.85,2.75,21.01
2011-03-02,116.89,1.01,3.46,0.69,17.91,10492.38,42.25,2.77,20.7
2011-03-03,114.42,1.09,3.58,0.79,17.56,10586.02,40.42,2.79,18.6
2011-03-04,115.71,1.0,3.49,0.68,17.5,10693.66,44.87,2.81,19.06
2011-03-07,116.58,1.0,3.51,0.7,17.79,10505.02,45.16,2.81,20.66
2011-03-08,112.32,1.01,3.56,0.73,17.35,10525.19,44.21,2.83,19.82
2011-03-09,115.19,0.98,3.48,0.7,16.65,10589.5,43.0,2.78,20.22
2011-03-10,114.07,0.91,3.37,0.65,17.18,10434.38,42.86,2.72,21.88
2011-03-11,114.07,0.96,3.4,0.64,17.65,10254.43,41.36,2.76,20.08
2011-03-14,112.95,0.93,3.36,0.61,17.95,9620.49,40.99,2.75,21.13
2011-03-15,111.11,0.93,3.33,0.63,19.04,8605.15,42.34,2.7,24.32
2011-03-16,110.96,0.85,3.22,0.58,18.74,9093.72,42.82,2.64,29.4
2011-03-17,114.18,0.82,3.25,0.6,18.16,8962.67,43.1,2.65,26.37
2011-03-18,114.13,0.85,3.28,0.61,18.1,9206.75,41.9,2.67,24.44
2011-03-21,114.92,0.9,3.34,0.67,17.01,,39.1,2.67,20.61
2011-03-22,115.63,0.95,3.34,0.68,16.63,9608.32,37.9,2.66,20.21
2011-03-23,115.65,0.98,3.36,0.69,16.83,9449.47,36.36,2.67,19.17
2011-03-24,115.41,0.95,3.42,0.72,17.61,9435.01,35.98,2.7,18.0
2011-03-25,115.45,1.02,3.46,0.79,16.95,9536.13,34.7,2.67,17.91
2011-03-28,115.95,1.01,3.47,0.81,17.09,9478.53,34.29,2.66,19.44
2011-03-29,115.58,1.03,3.5,0.81,16.4,9459.08,33.49,2.69,18.16
2011-03-30,115.35,1.0,3.47,0.8,15.91,9708.79,33.07,2.67,17.71
2011-03-31,116.94,0.99,3.47,0.8,17.16,9755.1,34.62,2.67,17.74
2011-04-01,118.63,0.94,3.46,0.8,16.24,9708.39,33.91,2.66,17.4
2011-04-04,120.07,0.91,3.45,0.77,15.82,9718.89,33.32,2.68,17.5
2011-04-05,122.87,0.94,3.5,0.84,16.41,9615.55,32.15,2.66,17.25
2011-04-06,123.01,0.99,3.56,0.85,16.05,9584.37,32.4,2.71,16.9
2011-04-07,122.9,0.99,3.58,0.81,15.74,9590.93,32.77,2.77,17.11
2011-04-08,126.3,0.95,3.59,0.83,15.59,9768.08,35.5,2.76,17.87
2011-04-11,126.46,0.96,3.59,0.85,15.26,9719.7,33.86,2.74,16.59
2011-04-12,121.33,0.9,3.52,0.77,15.65,9555.26,34.48,2.75,17.09
2011-04-13,122.7,0.88,3.49,0.75,14.72,9641.18,32.78,2.74,16.92
2011-04-14,122.74,0.89,3.51,0.77,15.06,9653.92,32.38,2.74,16.27
2011-04-15,124.63,0.82,3.43,0.71,15.78,9591.52,31.58,2.72,15.32
2011-04-18,121.69,0.8,3.4,0.69,16.73,9556.65,30.72,2.71,16.96
2011-04-19,121.35,0.76,3.39,0.68,16.31,9441.03,30.0,2.71,15.83
2011-04-20,124.26,0.82,3.43,0.69,16.38,9606.82,30.36,2.74,15.07
2011-04-21,123.64,0.83,3.42,0.68,15.7,9685.77,30.15,2.74,14.69
2011-04-22,,,,,,9682.21,,,
2011-04-25,,0.79,3.39,0.67,18.32,9671.96,31.22,2.72,15.77
2011-04-26,124.55,0.76,3.34,0.65,17.3,9558.69,30.68,2.69,15.62
2011-04-27,124.94,0.81,3.39,0.65,17.76,9691.84,30.39,2.74,15.35
2011-04-28,126.59,0.78,3.34,0.62,17.82,9849.74,30.21,2.72,14.62
2011-04-29,,0.75,3.32,0.61,20.25,,30.39,2.71,14.75
2011-05-02,126.64,0.75,3.31,0.61,21.11,10004.2,31.82,2.7,15.99
2011-05-03,124.01,0.73,3.28,0.61,19.61,,31.82,2.67,16.7
2011-05-04,121.55,0.7,3.25,0.6,19.8,,31.85,2.65,17.08
2011-05-05,111.93,0.7,3.18,0.58,22.06,,42.51,2.6,18.2
2011-05-06,113.69,0.71,3.19,0.57,21.4,9859.2,41.44,2.62,18.4
2011-05-09,113.21,0.69,3.17,0.57,19.95,9794.38,42.09,2.6,17.16
2011-05-10,117.82,0.74,3.23,0.59,19.14,9818.76,40.45,2.64,15.91
2011-05-11,115.66,0.76,3.19,0.56,19.47,9864.26,42.83,2.63,16.95
2011-05-12,112.87,0.79,3.22,0.57,19.23,9716.65,42.34,2.65,16.03
2011-05-13,113.08,0.79,3.18,0.57,19.77,9648.77,39.73,2.61,17.07
2011-05-16,113.72,0.81,3.15,0.54,19.33,9558.3,40.51,2.61,18.24
2011-05-17,109.39,0.82,3.12,0.55,19.0,9567.02,38.67,2.57,17.55
2011-05-18,112.54,0.82,3.18,0.58,18.15,9662.08,38.6,2.6,16.23
2011-05-19,113.2,0.91,3.17,0.55,17.44,9620.82,37.29,2.62,15.52
2011-05-20,111.25,0.85,3.15,0.55,17.55,9607.08,37.18,2.6,17.43
2011-05-23,110.13,0.84,3.13,0.55,18.3,9460.63,38.73,2.58,18.27
2011-05-24,112.52,0.79,3.12,0.56,17.84,9477.17,36.58,2.56,17.82
2011-05-25,114.47,0.8,3.13,0.54,17.53,9422.88,35.53,2.59,17.07
2011-05-26,115.06,0.76,3.07,0.48,16.66,9562.05,34.01,2.59,16.09
2011-05-27,114.85,0.79,3.07,0.48,16.62,9521.94,33.47,2.59,15.98
2011-05-30,,,,,,9504.97,,,
2011-05-31,117.18,0.8,3.05,0.45,16.74,9693.73,33.51,2.6,15.45
2011-06-01,116.15,0.74,2.96,0.44,17.74,9719.61,34.77,2.52,18.3
2011-06-02,114.3,0.78,3.04,0.45,17.38,9555.04,33.26,2.59,18.09
2011-06-03,115.09,0.75,2.99,0.42,16.79,9492.21,32.37,2.57,17.95
2011-06-06,115.4,0.76,3.01,0.43,18.12,9380.35,34.03,2.58,18.49
2011-06-07,116.14,0.76,3.01,0.39,16.84,9442.95,33.62,2.62,18.07
2011-06-08,118.43,0.76,2.98,0.39,16.56,9449.46,32.83,2.59,18.79
2011-06-09,119.95,0.8,3.01,0.43,16.06,9467.15,32.16,2.58,17.77
2011-06-10,118.71,0.79,2.99,0.41,16.51,9514.44,33.47,2.58,18.86
2011-06-13,120.49,0.8,3.0,0.4,16.95,9448.21,34.69,2.6,19.61
2011-06-14,120.35,0.83,3.11,0.45,15.33,9547.79,32.57,2.66,18.26
2011-06-15,114.67,0.74,2.98,0.38,17.32,9574.32,35.75,2.6,21.32
2011-06-16,114.69,0.73,2.93,0.38,17.61,9411.28,35.59,2.55,22.73
2011-06-17,113.74,0.75,2.94,0.38,17.03,9351.4,36.31,2.56,21.85
2011-06-20,112.21,0.79,2.97,0.38,16.64,9354.32,35.91,2.59,19.99
2011-06-21,112.02,0.78,2.99,0.4,15.99,9459.66,35.72,2.59,18.86
2011-06-22,113.59,0.82,3.01,0.39,16.1,9629.43,34.29,2.62,18.52
2011-06-23,108.27,0.71,2.93,0.35,16.97,9596.74,34.48,2.58,19.29
2011-06-24,104.79,0.64,2.88,0.35,17.79,9678.71,35.08,2.53,21.1
2011-06-27,104.57,0.67,2.95,0.41,17.52,9578.31,34.66,2.54,20.56
2011-06-28,107.57,0.73,3.05,0.48,16.84,9648.98,32.88,2.57,19.17
2011-06-29,111.49,0.74,3.14,0.47,15.79,9797.26,32.29,2.67,17.27
2011-06-30,111.71,0.75,3.18,0.45,15.34,9816.09,31.36,2.73,16.52
2011-07-01,109.82,0.77,3.22,0.5,15.06,9868.07,30.57,2.72,15.87
2011-07-04,,,,,,9965.09,,,
2011-07-05,113.21,0.77,3.16,0.44,15.15,9972.46,30.79,2.72,16.06
2011-07-06,113.55,0.74,3.12,0.43,15.81,10082.48,31.04,2.69,16.34
2011-07-07,117.4,0.75,3.17,0.49,15.29,10071.14,30.96,2.68,15.95
2011-07-08,117.4,0.69,3.03,0.4,15.18,10137.73,30.86,2.63,15.95
2011-07-11,117.35,0.63,2.94,0.37,16.3,10069.53,33.98,2.57,18.39
2011-07-12,117.36,0.6,2.92,0.37,17.63,9925.92,33.3,2.55,19.87
2011-07-13,118.46,0.59,2.92,0.37,18.22,9963.14,33.6,2.55,19.91
2011-07-14,117.38,0.68,2.98,0.38,17.9,9936.12,33.57,2.6,20.8
2011-07-15,118.06,0.61,2.94,0.37,16.91,9974.47,31.88,2.57,19.53
2011-07-18,117.05,0.58,2.94,0.37,18.96,,32.85,2.57,20.95
2011-07-19,118.18,0.54,2.91,0.39,18.14,9889.72,31.46,2.52,19.21
2011-07-20,118.52,0.62,2.96,0.4,17.91,10005.9,31.18,2.56,19.09
2011-07-21,118.25,0.68,3.03,0.4,17.4,10010.39,31.08,2.63,17.56
2011-07-22,118.99,0.61,2.99,0.4,16.98,10132.11,30.63,2.59,17.52
2011-07-25,118.27,0.58,3.03,0.42,18.69,10050.01,31.23,2.61,19.35
2011-07-26,118.14,0.57,2.99,0.41,18.58,10097.72,31.17,2.58,20.23
2011-07-27,117.99,0.56,3.01,0.44,19.24,10047.19,32.34,2.57,22.98
2011-07-28,118.16,0.52,2.98,0.42,18.99,9901.35,33.13,2.56,23.74
2011-07-29,115.93,0.38,2.82,0.36,19.53,9833.03,33.64,2.46,25.25
2011-08-01,116.37,0.33,2.77,0.38,19.58,9965.01,34.29,2.39,23.66
2011-08-02,116.02,0.29,2.66,0.33,20.09,9844.59,35.27,2.33,24.79
2011-08-03,113.74,0.36,2.64,0.33,19.95,9637.14,34.02,2.31,23.38
2011-08-04,110.22,0.24,2.47,0.27,22.28,9659.18,42.94,2.2,31.66
2011-08-05,106.92,0.32,2.58,0.28,21.74,9299.88,42.37,2.3,32.0
2011-08-08,103.06,0.2,2.4,0.27,28.21,9097.56,56.17,2.13,48.0
2011-08-09,103.63,0.0,2.2,0.19,31.13,8944.48,61.82,2.01,35.06
2011-08-10,103.84,-0.13,2.17,0.19,32.2,9038.74,59.45,1.98,42.99
2011-08-11,107.82,0.06,2.34,0.19,29.76,8981.94,50.25,2.15,39.0
2011-08-12,108.17,-0.02,2.24,0.2,25.91,8963.72,49.06,2.04,36.36
2011-08-15,108.89,0.06,2.29,0.19,24.81,9086.41,44.66,2.1,31.87
2011-08-16,109.69,0.05,2.23,0.2,26.68,9107.43,43.95,2.03,32.85
2011-08-17,111.37,0.01,2.17,0.19,25.12,9057.26,42.67,1.98,31.58
2011-08-18,108.36,0.09,2.08,0.2,26.81,8943.76,57.42,1.88,42.67
2011-08-19,109.37,0.02,2.07,0.2,28.91,8719.24,55.29,1.87,43.05
2011-08-22,108.83,0.03,2.1,0.22,33.09,8628.13,52.4,1.88,42.44
2011-08-23,110.35,0.13,2.15,0.22,33.42,8733.01,47.67,1.93,36.27
2011-08-24,111.91,0.25,2.29,0.23,33.29,8639.61,47.89,2.06,35.9
2011-08-25,111.91,0.13,2.23,0.22,34.42,8772.36,51.42,2.01,39.76
2011-08-26,112.29,0.15,2.19,0.2,33.03,8797.78,48.12,1.99,35.59
2011-08-29,,0.22,2.28,0.2,32.55,8851.35,45.63,2.08,32.28
2011-08-30,115.59,0.14,2.19,0.2,32.12,8953.9,44.74,1.99,32.89
2011-08-31,116.48,0.18,2.23,0.2,30.42,8955.2,44.33,2.03,31.62
2011-09-01,116.43,0.07,2.15,0.19,28.06,9060.8,42.77,1.96,31.82
2011-09-02,115.92,0.0,2.02,0.2,30.16,8950.74,45.33,1.82,33.92
2011-09-05,,,,,,8784.46,,,
2011-09-06,113.29,0.05,1.98,0.21,34.17,8590.57,47.41,1.77,37.0
2011-09-07,117.5,0.09,2.05,0.21,34.11,8763.41,44.9,1.84,33.38
2011-09-08,117.99,0.0,2.0,0.19,34.43,8793.12,45.7,1.81,34.32
2011-09-09,115.1,-0.03,1.93,0.17,37.58,8737.66,49.45,1.76,38.52
2011-09-12,114.75,0.0,1.94,0.21,37.2,8535.67,48.14,1.73,38.59
2011-09-13,114.08,0.07,2.0,0.21,32.49,8616.55,45.14,1.79,36.91
2011-09-14,113.1,0.12,2.03,0.19,29.83,8518.57,43.72,1.84,34.6
2011-09-15,116.71,0.13,2.09,0.21,29.46,8668.86,42.05,1.88,31.97
2011-09-16,116.26,0.13,2.08,0.18,28.86,8864.16,41.7,1.9,30.98
2011-09-19,112.89,0.09,1.97,0.16,30.7,,45.93,1.81,32.73
2011-09-20,114.39,0.04,1.95,0.18,30.63,8721.24,45.8,1.77,32.86
2011-09-21,114.26,0.02,1.88,0.21,29.68,8741.16,47.35,1.67,37.32
2011-09-22,109.21,0.01,1.72,0.2,32.19,8560.26,55.61,1.52,41.35
2011-09-23,109.17,0.1,1.84,0.23,39.17,,54.63,1.61,41.25
2011-09-26,107.9,0.12,1.91,0.25,39.86,8374.13,54.31,1.66,39.02
2011-09-27,109.54,0.12,2.0,0.25,36.55,8609.95,50.13,1.75,37.71
2011-09-28,108.52,0.16,2.03,0.27,39.95,8615.65,53.51,1.76,41.08
2011-09-29,107.08,0.17,1.99,0.27,37.08,8701.23,50.62,1.72,38.84
2011-09-30,105.42,0.17,1.92,0.25,37.03,8700.29,55.68,1.67,42.96
2011-10-03,103.61,0.07,1.8,0.24,36.92,8545.48,58.65,1.56,45.45
2011-10-04,101.84,0.05,1.81,0.25,37.74,8456.12,57.09,1.56,40.82
2011-10-05,103.77,0.12,1.92,0.25,36.94,8382.98,52.79,1.67,37.81
2011-10-06,104.38,0.13,2.01,0.29,35.22,8522.02,50.04,1.72,36.27
2011-10-07,106.56,0.16,2.1,0.3,33.16,8605.62,49.71,1.8,36.2
2011-10-10,109.49,,,,31.26,,47.21,,33.02
2011-10-11,109.22,0.23,2.18,0.32,30.62,8773.68,47.07,1.86,32.86
2011-10-12,112.44,0.26,2.24,0.29,29.51,8738.9,47.53,1.95,31.26
2011-10-13,112.45,0.27,2.19,0.29,28.48,8823.25,47.76,1.9,30.7
2011-10-14,114.33,0.28,2.26,0.28,26.61,8747.96,45.35,1.98,28.24
2011-10-17,112.92,0.24,2.18,0.28,28.93,8879.6,50.14,1.9,33.39
2011-10-18,112.08,0.22,2.19,0.28,29.17,8741.91,47.8,1.91,31.56
2011-10-19,111.76,0.23,2.18,0.28,31.13,8772.54,50.01,1.9,34.44
2011-10-20,109.0,0.22,2.2,0.28,32.08,8682.15,49.52,1.92,34.78
2011-10-21,111.6,0.23,2.23,0.3,28.89,8678.89,48.03,1.93,31.32
2011-10-24,111.67,0.23,2.25,0.3,26.98,8843.98,45.6,1.95,29.26
2011-10-25,112.11,0.12,2.14,0.26,29.92,8762.31,48.27,1.88,32.22
2011-10-26,110.43,0.15,2.23,0.28,30.79,8748.47,47.59,1.95,29.86
2011-10-27,112.45,0.24,2.42,0.31,27.58,8926.54,43.82,2.11,25.46
2011-10-28,110.01,0.19,2.34,0.28,25.84,9050.47,41.58,2.06,24.53
2011-10-31,108.43,0.08,2.17,0.25,27.45,8988.39,43.26,1.92,29.96
2011-11-01,106.97,-0.04,2.01,0.23,29.7,8835.52,46.63,1.78,34.77
2011-11-02,110.82,-0.07,2.03,0.23,30.16,8640.42,45.56,1.8,32.74
2011-11-03,110.76,0.0,2.09,0.24,30.12,,43.85,1.85,30.5
2011-11-04,112.22,-0.06,2.06,0.22,28.37,8801.4,42.45,1.84,30.16
2011-11-07,114.75,-0.1,2.04,0.25,30.24,8767.09,43.3,1.79,29.85
2011-11-08,115.61,-0.03,2.1,0.25,29.21,8655.51,43.35,1.85,27.48
2011-11-09,115.29,-0.04,2.0,0.24,29.85,8755.44,48.97,1.76,36.16
2011-11-10,113.32,-0.04,2.04,0.24,28.81,8500.8,47.84,1.8,32.81
2011-11-11,114.43,,,,27.85,8514.47,46.6,,30.04
2011-11-14,112.57,-0.01,2.04,0.24,27.85,8603.7,46.41,1.8,31.13
2011-11-15,111.9,0.04,2.06,0.26,26.75,8541.93,43.05,1.8,31.22
2011-11-16,111.91,0.05,2.01,0.26,26.94,8463.16,43.29,1.75,33.51
2011-11-17,109.25,0.06,1.96,0.27,28.86,8479.63,42.94,1.69,34.51
2011-11-18,107.82,0.05,2.01,0.29,27.59,8374.91,42.94,1.72,32.0
2011-11-21,105.98,0.07,1.97,0.27,30.07,8348.27,44.82,1.7,32.91
2011-11-22,107.77,0.05,1.94,0.26,27.56,8314.74,42.94,1.68,31.97
2011-11-23,106.83,-0.01,1.89,0.26,27.81,,45.19,1.63,33.98
2011-11-24,,,,,,8165.18,,,
2011-11-25,106.08,0.05,1.97,0.28,20.46,8160.01,69.12,1.69,34.47
2011-11-28,109.38,0.02,1.97,0.26,26.61,8287.49,44.52,1.71,32.13
2011-11-29,111.25,0.01,2.0,0.27,25.74,8477.82,42.7,1.73,30.64
2011-11-30,111.22,0.03,2.08,0.25,25.32,8434.61,41.0,1.83,27.8
2011-12-01,108.83,0.06,2.11,0.27,24.55,8597.38,40.89,1.84,27.41
2011-12-02,109.59,0.0,2.05,0.25,23.51,8643.75,39.8,1.8,27.52
2011-12-05,110.18,-0.01,2.04,0.27,24.97,8695.98,39.34,1.77,27.84
2011-12-06,110.16,0.01,2.08,0.25,24.52,8575.16,38.23,1.83,28.13
2011-12-07,110.07,-0.01,2.02,0.24,24.15,8722.17,38.34,1.78,28.67
2011-12-08,108.23,0.01,1.99,0.22,25.18,8664.58,40.27,1.77,30.59
2011-12-09,107.91,0.05,2.07,0.22,23.13,8536.46,38.87,1.85,26.38
2011-12-12,107.82,-0.01,2.03,0.24,23.66,8653.82,40.45,1.79,25.67
2011-12-13,109.25,-0.05,1.96,0.24,24.1,8552.81,39.39,1.72,25.41
2011-12-14,105.72,-0.04,1.92,0.25,28.63,8519.13,43.82,1.67,26.04
2011-12-15,104.52,-0.01,1.92,0.26,27.28,8377.37,45.04,1.66,25.11
2011-12-16,104.0,-0.05,1.86,0.24,24.8,8401.72,41.73,1.62,24.29
2011-12-19,104.55,-0.12,1.82,0.24,23.42,8296.12,41.27,1.58,24.92
2011-12-20,107.8,-0.1,1.94,0.26,21.33,8336.48,38.96,1.68,23.22
2011-12-21,108.0,-0.07,1.98,0.28,21.22,8459.98,36.37,1.7,21.43
2011-12-22,108.98,-0.07,1.97,0.28,20.23,8395.16,35.81,1.69,21.16
2011-12-23,109.28,-0.04,2.03,0.28,19.67,,35.74,1.75,20.73
2011-12-26,,,,,,8479.34,,,
2011-12-27,,-0.02,2.02,0.3,20.81,8440.56,36.95,1.72,21.91
2011-12-28,107.54,-0.07,1.93,0.28,24.33,8423.62,38.73,1.65,23.52
2011-12-29,106.89,-0.05,1.91,0.28,23.12,8398.89,38.66,1.63,22.65
2011-12-30,108.09,-0.07,1.89,0.25,23.24,8455.35,38.74,1.64,23.4
2012-01-03,111.12,-0.04,1.97,0.27,22.9,,40.07,1.7,22.97
2012-01-04,113.37,-0.08,2.0,0.25,22.08,8560.11,39.04,1.75,22.22
2012-01-05,113.59,-0.1,2.02,0.27,22.34,8488.71,38.7,1.75,21.48
2012-01-06,111.96,-0.11,1.98,0.25,21.3,8390.35,37.12,1.73,20.63
2012-01-09,111.07,-0.13,1.98,0.26,21.47,,36.52,1.72,21.07
2012-01-10,113.3,-0.08,2.0,0.24,21.51,8422.26,35.44,1.76,20.69
2012-01-11,111.66,-0.1,1.93,0.24,22.34,8447.88,35.52,1.69,21.05
2012-01-12,112.97,-0.1,1.94,0.22,21.6,8385.59,36.59,1.72,20.47
2012-01-13,109.88,-0.14,1.89,0.24,21.2,8500.02,35.62,1.65,20.91
2012-01-16,,,,,,8378.36,,,
2012-01-17,110.55,-0.17,1.87,0.21,21.6,8466.4,33.97,1.66,22.2
2012-01-18,109.81,-0.15,1.92,0.24,21.14,8550.58,32.59,1.68,20.89
2012-01-19,109.54,0.0,2.01,0.26,20.34,8639.68,33.51,1.75,19.87
2012-01-20,108.5,0.01,2.05,0.26,19.58,8766.36,33.35,1.79,18.28
2012-01-23,109.46,0.02,2.09,0.26,20.18,8765.9,33.16,1.83,18.67
2012-01-24,108.38,-0.01,2.08,0.24,20.08,8785.33,33.23,1.84,18.91
2012-01-25,108.48,-0.12,2.01,0.22,22.24,8883.69,31.93,1.79,18.31
2012-01-26,109.08,-0.16,1.96,0.22,21.71,8849.47,31.97,1.74,18.57
2012-01-27,110.5,-0.18,1.93,0.22,20.82,8841.22,31.57,1.71,18.53
2012-01-30,110.24,-0.24,1.87,0.22,21.23,8793.05,31.74,1.65,19.4
2012-01-31,110.26,-0.28,1.83,0.22,20.93,8802.51,32.31,1.61,19.44
2012-02-01,111.96,-0.28,1.87,0.23,21.54,8809.79,32.18,1.64,18.55
2012-02-02,110.96,-0.3,1.86,0.23,21.93,8876.82,31.81,1.63,17.98
2012-02-03,112.56,-0.21,1.97,0.23,21.05,8831.93,30.71,1.74,17.1
2012-02-06,115.47,-0.26,1.93,0.24,21.2,8929.2,31.2,1.69,17.76
2012-02-07,116.86,-0.21,2.0,0.25,20.45,8917.52,32.41,1.75,17.65
2012-02-08,117.18,-0.21,2.01,0.27,20.69,9015.59,32.32,1.74,18.16
2012-02-09,118.4,-0.17,2.04,0.27,20.03,9002.24,32.43,1.77,18.63
2012-02-10,118.13,-0.24,1.96,0.27,19.73,8947.17,32.83,1.69,20.79
2012-02-13,118.73,-0.22,1.99,0.29,19.07,8999.18,33.3,1.7,19.04
2012-02-14,118.3,-0.27,1.92,0.29,19.24,9052.07,33.64,1.63,19.54
2012-02-15,120.25,-0.26,1.93,0.29,19.28,9260.34,34.85,1.64,21.14
2012-02-16,121.0,-0.24,1.99,0.29,19.21,9238.1,33.99,1.7,19.22
2012-02-17,120.69,-0.23,2.01,0.29,18.61,9384.17,33.05,1.72,17.78
2012-02-20,,,,,,9485.09,,,
2012-02-21,120.85,-0.22,2.05,0.31,19.94,9463.02,34.68,1.74,18.19
2012-02-22,123.07,-0.27,2.01,0.29,19.84,9554.0,33.67,1.72,18.19
2012-02-23,124.53,-0.3,1.99,0.31,19.76,9595.57,33.21,1.68,16.8
2012-02-24,124.89,-0.29,1.98,0.31,19.01,9647.38,33.8,1.67,17.31
2012-02-27,126.46,-0.32,1.92,0.3,19.1,9633.93,34.12,1.62,18.19
2012-02-28,124.02,-0.31,1.94,0.3,20.12,9722.52,33.52,1.64,17.96
2012-02-29,122.23,-0.28,1.98,0.3,22.9,9723.24,32.52,1.68,18.43
2012-03-01,125.76,-0.23,2.03,0.3,19.53,9707.37,33.2,1.73,17.26
2012-03-02,125.93,-0.24,1.99,0.28,18.96,9777.03,32.91,1.71,17.29
2012-03-05,126.68,-0.2,2.0,0.31,19.4,9698.59,33.34,1.69,18.05
2012-03-06,125.03,-0.21,1.96,0.3,20.23,9637.63,34.34,1.66,20.87
2012-03-07,125.37,-0.22,1.98,0.3,19.18,9576.06,32.93,1.68,19.07
2012-03-08,127.96,-0.21,2.03,0.32,19.26,9768.96,32.12,1.71,17.95
2012-03-09,128.08,-0.24,2.04,0.33,19.41,9929.74,31.42,1.71,17.11
2012-03-12,127.27,-0.24,2.04,0.33,19.21,9889.86,30.0,1.71,15.64
2012-03-13,128.14,-0.2,2.14,0.35,20.47,9899.08,29.45,1.79,14.8
2012-03-14,126.98,-0.07,2.29,0.4,20.6,10050.52,29.31,1.89,15.31
2012-03-15,123.63,-0.08,2.29,0.37,18.24,10123.28,29.44,1.92,15.42
2012-03-16,125.09,-0.09,2.31,0.37,18.99,10129.83,28.68,1.94,14.47
2012-03-19,125.76,-0.03,2.39,0.39,17.83,10141.99,26.85,2.0,15.04
2012-03-20,124.38,-0.04,2.38,0.41,18.42,,27.87,1.97,15.58
2012-03-21,123.89,-0.08,2.31,0.39,18.04,10086.49,26.93,1.92,15.13
2012-03-22,122.49,-0.08,2.29,0.37,18.51,10127.08,27.51,1.92,15.57
2012-03-23,125.21,-0.11,2.25,0.37,18.3,10011.47,28.17,1.88,14.82
2012-03-26,125.85,-0.08,2.26,0.36,19.22,10018.24,27.89,1.9,14.26
2012-03-27,125.25,-0.13,2.2,0.33,18.62,10255.15,27.53,1.87,15.59
2012-03-28,124.41,-0.11,2.21,0.34,18.18,10182.57,28.03,1.87,15.47
2012-03-29,123.23,-0.13,2.18,0.33,17.43,10114.79,28.94,1.85,15.48
2012-03-30,123.41,-0.09,2.23,0.33,17.01,10083.56,29.0,1.9,15.5
2012-04-02,124.44,-0.14,2.22,0.33,17.1,10109.87,28.46,1.89,15.64
2012-04-03,,-0.06,2.3,0.36,18.05,10050.39,27.95,1.94,15.66
2012-04-04,123.04,-0.05,2.25,0.35,18.88,9819.99,28.73,1.9,16.44
2012-04-05,123.58,-0.08,2.19,0.35,18.02,9767.61,28.03,1.84,16.7
2012-04-06,,-0.16,2.07,0.32,,9688.45,,1.75,
2012-04-09,,-0.17,2.06,0.32,19.21,9546.26,29.84,1.74,18.81
2012-04-10,121.89,-0.24,2.01,0.28,19.94,9538.02,31.62,1.73,20.39
2012-04-11,120.41,-0.25,2.05,0.3,20.02,9458.74,30.69,1.75,20.02
2012-04-12,120.57,-0.22,2.08,0.29,18.64,9524.79,29.41,1.79,17.2
2012-04-13,120.62,-0.25,2.02,0.27,18.44,9637.99,29.61,1.75,19.55
2012-04-16,118.23,-0.26,2.0,0.27,18.8,9470.64,29.78,1.73,19.55
2012-04-17,117.41,-0.26,2.03,0.27,18.03,9464.71,28.74,1.76,18.46
2012-04-18,115.18,-0.26,2.0,0.27,17.54,9667.26,28.36,1.73,18.64
2012-04-19,117.0,-0.21,1.98,0.27,17.33,9588.38,28.31,1.71,18.36
2012-04-20,118.08,-0.24,1.99,0.29,16.72,9561.36,27.1,1.7,17.44
2012-04-23,116.66,-0.26,1.96,0.27,17.11,9542.17,26.91,1.69,18.97
2012-04-24,117.74,-0.25,2.0,0.27,17.64,9468.04,26.11,1.73,18.1
2012-04-25,117.45,-0.24,2.01,0.26,17.45,9561.01,25.68,1.75,16.82
2012-04-26,119.33,-0.29,1.98,0.26,16.94,9561.83,24.62,1.72,16.24
2012-04-27,119.3,-0.3,1.96,0.26,16.61,9520.89,24.34,1.7,16.32
2012-04-30,118.66,-0.3,1.95,0.27,16.93,,25.15,1.68,17.15
2012-05-01,119.57,-0.28,1.98,0.27,16.47,9350.95,25.12,1.71,16.6
2012-05-02,117.57,-0.28,1.96,0.27,16.55,9380.25,25.03,1.69,16.88
2012-05-03,115.91,-0.27,1.96,0.28,17.45,,27.46,1.68,17.56
2012-05-04,111.66,-0.3,1.91,0.27,16.32,,29.79,1.64,19.16
2012-05-07,,-0.27,1.92,0.27,16.38,9119.14,29.07,1.65,18.94
2012-05-08,110.48,-0.28,1.88,0.27,17.93,9181.65,29.06,1.61,19.05
2012-05-09,111.89,-0.27,1.87,0.27,19.32,9045.06,29.27,1.6,20.08
2012-05-10,112.24,-0.25,1.89,0.27,18.25,9009.65,28.61,1.62,18.83
2012-05-11,112.5,-0.28,1.84,0.27,18.46,8953.31,28.79,1.57,19.89
2012-05-14,110.79,-0.33,1.78,0.29,20.05,8973.84,30.96,1.49,21.87
2012-05-15,111.4,-0.36,1.76,0.29,20.75,8900.74,32.13,1.47,21.97
2012-05-16,109.8,-0.33,1.76,0.3,22.2,8801.17,31.48,1.46,22.27
2012-05-17,109.31,-0.35,1.7,0.32,22.59,8876.59,32.62,1.38,24.49
2012-05-18,108.03,-0.39,1.71,0.32,23.29,8611.31,33.18,1.39,25.1
2012-05-21,109.02,-0.41,1.75,0.3,20.69,8633.89,30.01,1.45,22.01
2012-05-22,109.76,-0.38,1.79,0.3,20.04,8729.29,29.75,1.49,22.48
2012-05-23,106.88,-0.41,1.73,0.28,21.79,8556.6,30.9,1.45,22.33
2012-05-24,107.2,-0.37,1.77,0.29,21.93,8563.38,30.12,1.48,21.54
2012-05-25,107.86,-0.38,1.75,0.3,21.11,8580.39,30.19,1.45,21.76
2012-05-28,,,,,,8593.15,,,
2012-05-29,107.55,-0.37,1.74,0.3,21.72,8657.08,30.72,1.44,21.03
2012-05-30,103.85,-0.45,1.63,0.27,23.46,8633.19,33.32,1.36,24.14
2012-05-31,103.86,-0.5,1.59,0.27,23.11,8542.73,34.79,1.32,24.06
2012-06-01,98.63,-0.59,1.47,0.25,25.3,8440.25,41.63,1.22,26.66
2012-06-04,97.74,-0.56,1.53,0.25,25.36,8295.63,38.58,1.28,26.12
2012-06-05,98.65,-0.56,1.57,0.25,23.99,8382.0,36.67,1.32,24.68
2012-06-06,101.14,-0.5,1.66,0.26,23.14,8533.53,35.58,1.4,22.16
2012-06-07,100.05,-0.49,1.66,0.27,22.92,8639.72,36.9,1.39,21.72
2012-06-08,97.57,-0.5,1.65,0.28,22.03,8459.26,37.57,1.37,21.23
2012-06-11,98.6,-0.53,1.6,0.27,22.19,8624.9,42.31,1.33,23.56
2012-06-12,96.59,-0.48,1.67,0.3,22.9,8536.72,39.45,1.37,22.09
2012-06-13,97.29,-0.51,1.61,0.3,23.96,8587.84,39.07,1.31,24.27
2012-06-14,96.46,-0.47,1.64,0.3,24.1,8568.89,36.19,1.34,21.68
2012-06-15,97.13,-0.54,1.6,0.29,22.94,8569.32,36.28,1.31,21.11
2012-06-18,95.21,-0.54,1.59,0.29,20.64,8721.02,35.04,1.3,18.32
2012-06-19,95.14,-0.53,1.64,0.3,20.51,8655.87,32.92,1.34,18.38
2012-06-20,93.5,-0.51,1.65,0.32,19.88,8752.31,34.66,1.33,17.24
2012-06-21,89.22,-0.47,1.63,0.32,21.07,8824.07,37.52,1.31,20.08
2012-06-22,89.22,-0.42,1.69,0.31,20.29,8798.35,35.08,1.38,18.11
2012-06-25,88.69,-0.47,1.63,0.31,20.46,8734.62,36.84,1.32,20.38
2012-06-26,90.19,-0.45,1.66,0.31,20.47,8663.99,34.42,1.35,19.72
2012-06-27,92.06,-0.45,1.65,0.31,19.96,8730.49,33.45,1.34,19.45
2012-06-28,91.02,-0.48,1.6,0.31,20.56,8874.11,34.58,1.29,19.71
2012-06-29,94.17,-0.46,1.67,0.33,19.53,9006.78,35.0,1.34,17.08
2012-07-02,95.28,-0.5,1.61,0.3,19.34,9003.48,36.38,1.31,16.8
2012-07-03,99.89,-0.48,1.65,0.3,25.23,9066.59,36.38,1.35,16.66
2012-07-04,,,,,,9104.17,,,
2012-07-05,101.54,-0.51,1.62,0.28,18.94,9079.8,38.22,1.34,17.5
2012-07-06,98.5,-0.53,1.57,0.27,19.46,9020.75,37.51,1.3,17.1
2012-07-09,99.94,-0.57,1.53,0.27,19.04,8896.88,37.28,1.26,17.98
2012-07-10,99.15,-0.59,1.53,0.27,20.28,8857.73,37.68,1.26,18.72
2012-07-11,99.23,-0.57,1.54,0.27,19.22,8851.0,35.97,1.27,17.95
2012-07-12,99.18,-0.58,1.5,0.25,19.31,8720.01,34.46,1.25,18.33
2012-07-13,101.91,-0.59,1.52,0.25,18.52,8724.12,33.86,1.27,16.74
2012-07-16,102.1,-0.61,1.5,0.24,18.03,,34.01,1.26,17.11
2012-07-17,104.21,-0.59,1.53,0.25,17.7,8755.0,35.36,1.28,16.48
2012-07-18,105.92,-0.6,1.52,0.22,17.35,8726.74,34.93,1.3,16.16
2012-07-19,107.79,-0.62,1.54,0.22,16.83,8795.55,36.74,1.32,15.45
2012-07-20,106.98,-0.67,1.49,0.22,16.88,8669.87,35.33,1.27,16.27
2012-07-23,103.91,-0.68,1.47,0.22,18.34,8508.32,37.23,1.25,18.62
2012-07-24,103.57,-0.68,1.44,0.22,19.6,8488.09,36.27,1.22,20.47
2012-07-25,102.35,-0.67,1.43,0.22,19.64,8365.9,34.86,1.21,19.34
2012-07-26,104.77,-0.66,1.45,0.23,19.37,8443.1,34.1,1.22,17.53
2012-07-27,106.3,-0.61,1.58,0.25,19.11,8566.64,32.99,1.33,16.7
2012-07-30,106.54,-0.64,1.53,0.23,19.43,8635.44,33.09,1.3,18.03
2012-07-31,105.93,-0.69,1.51,0.23,19.51,8695.06,34.53,1.28,18.93
2012-08-01,106.78,-0.67,1.56,0.24,19.01,8641.85,33.98,1.32,18.96
2012-08-02,107.55,-0.69,1.51,0.24,18.05,8653.18,33.6,1.27,17.57
2012-08-03,109.57,-0.66,1.6,0.24,16.65,8555.11,33.23,1.36,15.64
2012-08-06,110.01,-0.68,1.59,0.24,16.35,8726.29,32.07,1.35,15.95
2012-08-07,112.39,-0.65,1.66,0.27,16.48,8803.31,32.15,1.39,15.99
2012-08-08,113.42,-0.61,1.68,0.29,16.25,8881.16,31.42,1.39,15.32
2012-08-09,113.52,-0.58,1.69,0.29,16.19,8978.6,30.78,1.4,15.28
2012-08-10,113.13,-0.6,1.65,0.27,16.16,8891.44,30.59,1.38,14.74
2012-08-13,114.48,-0.58,1.65,0.27,15.13,8885.15,29.45,1.38,13.7
2012-08-14,113.9,-0.53,1.73,0.27,14.96,8929.88,29.84,1.46,14.85
2012-08-15,115.51,-0.45,1.8,0.27,14.87,8925.04,31.18,1.53,14.63
2012-08-16,116.12,-0.42,1.83,0.29,15.17,9092.76,31.73,1.54,14.29
2012-08-17,115.2,-0.43,1.81,0.29,14.7,9162.5,31.19,1.52,13.45
2012-08-20,115.5,-0.43,1.82,0.29,14.78,9171.16,30.5,1.53,14.02
2012-08-21,116.03,-0.45,1.8,0.31,16.29,9156.92,30.64,1.49,15.02
2012-08-22,115.77,-0.55,1.71,0.26,17.15,9131.74,31.07,1.45,15.11
2012-08-23,117.45,-0.62,1.68,0.26,17.94,9178.12,31.76,1.42,15.96
2012-08-24,115.76,-0.6,1.68,0.28,16.88,9070.76,32.01,1.4,15.18
2012-08-27,113.74,-0.64,1.65,0.28,16.9,9085.39,33.42,1.37,16.35
2012-08-28,112.62,-0.68,1.64,0.27,16.54,9033.29,33.06,1.37,16.49
2012-08-29,112.53,-0.64,1.66,0.27,16.5,9069.81,32.59,1.39,17.06
2012-08-30,112.28,-0.63,1.63,0.27,17.14,8983.78,31.95,1.36,17.83
2012-08-31,113.93,-0.68,1.57,0.22,17.89,8839.91,31.4,1.35,17.47
2012-09-03,,,,,,8783.89,,,
2012-09-04,114.98,-0.68,1.59,0.23,17.97,8775.51,33.61,1.36,17.98
2012-09-05,113.32,-0.69,1.6,0.25,18.18,8679.82,33.64,1.35,17.74
2012-09-06,114.5,-0.63,1.68,0.27,17.8,8680.57,34.07,1.41,15.6
2012-09-07,113.64,-0.68,1.67,0.25,18.95,8871.65,32.77,1.42,14.38
2012-09-10,113.84,-0.68,1.68,0.25,19.08,8869.37,32.71,1.43,16.28
2012-09-11,114.86,-0.68,1.7,0.25,19.59,8807.38,32.38,1.45,16.41
2012-09-12,114.86,-0.61,1.77,0.25,20.15,8959.96,33.33,1.52,15.8
2012-09-13,116.0,-0.72,1.75,0.24,19.03,8995.15,32.96,1.51,14.05
2012-09-14,117.48,-0.76,1.88,0.27,17.87,9159.39,34.07,1.61,14.51
2012-09-17,116.7,-0.74,1.85,0.25,18.08,,35.64,1.6,14.59
2012-09-18,113.29,-0.73,1.82,0.25,17.89,9123.77,35.81,1.57,14.18
2012-09-19,108.49,-0.75,1.79,0.27,17.69,9232.21,36.58,1.52,13.88
2012-09-20,109.41,-0.7,1.8,0.27,17.29,9086.98,33.58,1.53,14.07
2012-09-21,111.27,-0.71,1.77,0.27,17.09,9110.0,33.21,1.5,13.98
2012-09-24,109.2,-0.73,1.74,0.27,16.94,9069.29,34.23,1.47,14.15
2012-09-25,110.77,-0.74,1.7,0.27,16.74,9091.54,34.35,1.43,15.43
2012-09-26,108.99,-0.77,1.64,0.26,16.31,8906.7,35.13,1.38,16.81
2012-09-27,111.45,-0.78,1.66,0.25,17.02,8949.87,33.05,1.41,14.84
2012-09-28,111.36,-0.77,1.65,0.23,16.76,8870.16,32.45,1.42,15.73
2012-10-01,112.58,-0.78,1.64,0.25,16.9,8796.51,32.87,1.39,16.32
2012-10-02,112.49,-0.83,1.64,0.23,16.34,8786.05,32.53,1.41,15.71
2012-10-03,109.32,-0.83,1.64,0.23,16.59,8746.87,35.15,1.41,15.43
2012-10-04,110.48,-0.86,1.7,0.23,17.27,8824.59,33.39,1.47,14.55
2012-10-05,112.17,-0.82,1.75,0.27,15.88,8863.3,32.76,1.48,14.33
2012-10-08,112.6,,,,16.13,,34.05,,15.11
2012-10-09,114.32,-0.81,1.74,0.25,15.72,8769.59,34.5,1.49,16.37
2012-10-10,116.11,-0.8,1.72,0.27,15.53,8596.23,35.09,1.45,16.29
2012-10-11,116.18,-0.77,1.7,0.28,15.31,8546.78,34.52,1.42,15.59
2012-10-12,115.17,-0.78,1.69,0.27,15.72,8534.12,33.69,1.42,16.14
2012-10-15,115.0,-0.78,1.7,0.27,15.47,8577.93,33.84,1.43,15.27
2012-10-16,115.0,-0.71,1.75,0.27,15.12,8701.31,33.54,1.48,15.22
2012-10-17,113.49,-0.65,1.83,0.3,14.64,8806.55,32.25,1.53,15.07
2012-10-18,112.58,-0.66,1.86,0.29,14.73,8982.86,30.83,1.57,15.03
2012-10-19,111.89,-0.71,1.79,0.3,15.1,9002.68,31.91,1.49,17.06
2012-10-22,109.62,-0.7,1.83,0.32,14.88,9010.71,33.13,1.51,16.62
2012-10-23,107.53,-0.71,1.79,0.29,15.8,9014.25,34.28,1.5,18.83
2012-10-24,107.66,-0.69,1.8,0.29,15.7,8954.3,33.61,1.51,18.33
2012-10-25,107.64,-0.63,1.86,0.31,15.36,9055.2,32.27,1.55,18.12
2012-10-26,108.9,-0.69,1.78,0.3,14.92,8933.06,32.21,1.48,17.81
2012-10-29,109.33,-0.73,1.74,0.3,,8929.34,,1.44,
2012-10-30,109.4,,,,,8841.98,,,
2012-10-31,109.89,-0.78,1.72,0.3,14.99,8928.29,32.18,1.42,18.6
2012-11-01,108.84,-0.77,1.75,0.3,14.49,8946.87,31.29,1.45,16.69
2012-11-02,106.79,-0.73,1.75,0.28,16.2,9051.22,32.42,1.47,17.59
2012-11-05,105.59,-0.75,1.72,0.28,17.48,9007.44,32.1,1.44,18.42
2012-11-06,109.27,-0.72,1.78,0.3,18.0,8975.15,32.02,1.48,17.58
2012-11-07,108.21,-0.8,1.68,0.27,16.69,8972.89,33.98,1.41,19.08
2012-11-08,107.23,-0.85,1.62,0.27,17.02,8837.15,33.51,1.35,18.49
2012-11-09,108.61,-0.83,1.61,0.27,16.07,8757.6,31.54,1.34,18.61
2012-11-12,110.23,,,,15.66,8676.44,30.0,,16.68
2012-11-13,108.82,-0.84,1.59,0.27,14.54,8661.05,31.27,1.32,16.65
2012-11-14,109.66,-0.81,1.59,0.25,14.94,8664.73,31.5,1.34,17.92
2012-11-15,110.07,-0.8,1.58,0.24,14.26,8829.72,30.54,1.34,17.99
2012-11-16,106.81,-0.81,1.58,0.24,13.28,9024.16,31.1,1.34,16.41
2012-11-19,110.06,-0.78,1.61,0.25,13.61,9153.2,30.97,1.36,15.24
2012-11-20,110.01,-0.74,1.66,0.27,13.52,9142.64,29.83,1.39,15.08
2012-11-21,110.81,-0.71,1.69,0.27,13.22,9222.52,29.49,1.42,15.31
2012-11-22,,,,,,9366.8,,,
2012-11-23,110.14,-0.72,1.7,0.29,15.48,,29.49,1.41,15.14
2012-11-26,110.18,-0.73,1.66,0.27,13.18,9388.94,29.38,1.39,15.5
2012-11-27,109.33,-0.74,1.64,0.27,13.68,9423.3,28.65,1.37,15.92
2012-11-28,108.26,-0.75,1.63,0.27,13.7,9308.35,28.69,1.36,15.51
2012-11-29,110.47,-0.78,1.62,0.25,12.67,9400.88,28.28,1.37,15.06
2012-11-30,110.84,-0.79,1.62,0.25,13.24,9446.01,27.62,1.37,15.87
2012-12-03,111.27,-0.81,1.63,0.25,13.4,9458.18,28.39,1.38,16.64
2012-12-04,109.99,-0.83,1.62,0.25,13.95,9432.46,28.84,1.37,17.12
2012-12-05,108.96,-0.85,1.6,0.25,14.0,9468.84,29.13,1.35,16.46
2012-12-06,108.01,-0.87,1.59,0.25,14.07,9545.16,29.89,1.34,16.58
2012-12-07,107.16,-0.86,1.64,0.25,13.87,9527.39,29.65,1.39,15.9
2012-12-10,108.25,-0.87,1.63,0.24,14.2,9533.75,30.32,1.39,16.05
2012-12-11,107.6,-0.84,1.66,0.24,14.16,9525.32,29.94,1.42,15.57
2012-12-12,110.17,-0.79,1.72,0.25,13.34,9581.46,29.13,1.47,15.95
2012-12-13,110.18,-0.73,1.74,0.27,13.01,9742.73,29.63,1.47,16.56
2012-12-14,109.28,-0.74,1.72,0.24,12.6,9737.56,29.32,1.48,17.0
2012-12-17,109.35,-0.7,1.78,0.25,11.97,9828.88,28.95,1.53,16.34
2012-12-18,109.96,-0.67,1.84,0.28,13.69,9923.01,28.56,1.56,15.57
2012-12-19,109.95,-0.66,1.82,0.28,13.73,10160.4,27.64,1.54,17.36
2012-12-20,110.57,-0.69,1.81,0.28,14.53,10039.33,27.61,1.53,17.67
2012-12-21,109.13,-0.71,1.77,0.26,13.82,9940.06,28.88,1.51,17.84
2012-12-24,108.44,-0.69,1.79,0.26,13.21,,28.88,1.53,17.84
2012-12-25,,,,,,10080.12,,,
2012-12-26,110.72,-0.71,1.77,0.26,13.56,10230.36,28.73,1.51,19.48
2012-12-27,110.04,-0.73,1.74,0.26,14.83,10322.98,28.08,1.48,19.47
2012-12-28,110.05,-0.73,1.73,0.27,15.3,10395.18,28.88,1.46,22.72
2012-12-31,110.8,-0.67,1.78,0.25,14.38,,28.45,1.53,18.02
2013-01-02,112.98,-0.62,1.86,0.27,13.43,,27.8,1.59,14.68
2013-01-03,113.03,-0.54,1.92,0.27,13.72,,26.83,1.65,14.56
2013-01-04,112.58,-0.55,1.93,0.27,13.78,10688.11,26.03,1.66,13.83
2013-01-07,112.49,-0.6,1.92,0.27,14.51,10599.01,25.04,1.65,13.79
2013-01-08,113.03,-0.6,1.89,0.25,14.08,10508.06,24.3,1.64,13.62
2013-01-09,113.07,-0.64,1.88,0.24,14.16,10578.57,24.6,1.64,13.81
2013-01-10,112.97,-0.62,1.91,0.26,13.27,10652.64,24.59,1.65,13.49
2013-01-11,110.3,-0.63,1.89,0.26,13.79,10801.57,24.57,1.63,13.36
2013-01-14,111.32,-0.66,1.89,0.26,13.78,,25.72,1.63,13.52
2013-01-15,111.72,-0.66,1.86,0.26,13.76,10879.08,25.7,1.6,13.55
2013-01-16,110.97,-0.65,1.84,0.26,14.49,10600.44,24.39,1.58,13.42
2013-01-17,111.01,-0.64,1.89,0.28,14.9,10609.64,23.99,1.61,13.57
2013-01-18,111.71,-0.66,1.87,0.26,13.8,10913.3,21.98,1.61,12.46
2013-01-21,,,,,,10747.74,,,
2013-01-22,112.72,-0.68,1.86,0.26,12.71,10709.93,21.67,1.6,12.43
2013-01-23,113.68,-0.66,1.86,0.26,12.46,10486.99,22.75,1.6,12.46
2013-01-24,114.59,-0.62,1.88,0.23,13.03,10620.87,22.48,1.65,12.69
2013-01-25,113.88,-0.56,1.98,0.28,14.08,10926.65,22.52,1.7,12.89
2013-01-28,113.92,-0.55,2.0,0.29,14.39,10824.31,22.98,1.71,13.57
2013-01-29,115.22,-0.53,2.03,0.3,13.59,10866.72,22.97,1.73,13.31
2013-01-30,115.42,-0.54,2.03,0.27,13.21,11113.95,22.88,1.76,14.32
2013-01-31,115.55,-0.57,2.02,0.27,13.76,11138.66,22.54,1.75,14.28
2013-02-01,115.55,-0.55,2.04,0.27,13.32,11191.34,22.4,1.77,12.9
2013-02-04,116.06,-0.59,2.0,0.25,13.78,11260.35,23.96,1.75,14.67
2013-02-05,117.03,-0.55,2.04,0.27,13.03,11046.92,23.06,1.77,13.72
2013-02-06,116.61,-0.58,2.0,0.27,13.57,11463.75,23.39,1.73,13.41
2013-02-07,117.17,-0.58,1.99,0.25,13.59,11357.07,23.3,1.74,13.5
2013-02-08,118.9,-0.57,1.99,0.25,13.14,11153.16,23.08,1.74,13.02
2013-02-11,118.29,-0.58,1.99,0.27,14.38,,21.68,1.72,12.94
2013-02-12,117.89,-0.57,2.02,0.29,14.06,11369.12,20.7,1.73,12.64
2013-02-13,118.43,-0.54,2.05,0.29,14.7,11251.41,21.0,1.76,12.98
2013-02-14,118.48,-0.56,2.0,0.27,14.72,11307.28,20.21,1.73,12.66
2013-02-15,117.4,-0.53,2.01,0.29,15.9,11173.83,22.59,1.72,12.46
2013-02-18,,,,,,11407.87,,,
2013-02-19,117.04,-0.52,2.03,0.29,15.75,11372.34,22.44,1.74,12.31
2013-02-20,116.23,-0.52,2.02,0.27,18.59,11468.28,24.97,1.75,14.68
2013-02-21,114.19,-0.54,1.99,0.26,16.9,11309.13,27.13,1.73,15.22
2013-02-22,113.74,-0.57,1.97,0.27,16.26,11385.94,24.58,1.7,14.17
2013-02-25,114.55,-0.62,1.88,0.25,17.48,11662.52,26.22,1.63,18.99
2013-02-26,112.96,-0.62,1.88,0.25,15.61,11398.81,25.9,1.63,16.87
2013-02-27,112.24,-0.61,1.91,0.27,15.57,11253.97,24.33,1.64,14.73
2013-02-28,112.2,-0.64,1.89,0.25,15.79,11559.36,23.61,1.64,15.51
2013-03-01,110.14,-0.67,1.86,0.25,15.75,11606.38,23.68,1.61,15.36
2013-03-04,109.9,-0.65,1.88,0.24,16.03,11652.29,24.28,1.64,14.01
2013-03-05,110.42,-0.65,1.9,0.25,15.47,11683.45,22.41,1.65,13.48
2013-03-06,110.27,-0.61,1.95,0.25,15.05,11932.27,22.52,1.7,13.53
2013-03-07,110.42,-0.56,2.0,0.25,14.84,11968.08,21.29,1.75,13.06
2013-03-08,108.91,-0.5,2.06,0.27,13.54,12283.62,20.8,1.79,12.59
2013-03-11,108.64,-0.5,2.07,0.27,12.96,12349.05,19.42,1.8,11.56
2013-03-12,108.48,-0.52,2.03,0.27,12.07,12314.81,18.77,1.76,12.27
2013-03-13,107.51,-0.52,2.04,0.27,12.24,12239.66,19.09,1.77,11.83
2013-03-14,108.1,-0.53,2.04,0.27,12.59,12381.19,18.36,1.77,11.3
2013-03-15,109.32,-0.55,2.01,0.25,12.43,12560.95,18.76,1.76,11.3
2013-03-18,108.54,-0.6,1.96,0.26,13.3,12220.63,19.45,1.7,13.36
2013-03-19,106.91,-0.61,1.92,0.24,14.52,12468.23,21.14,1.68,14.39
2013-03-20,108.27,-0.57,1.96,0.26,13.33,,19.58,1.7,12.67
2013-03-21,106.41,-0.57,1.95,0.27,13.37,12635.69,19.74,1.68,13.99
2013-03-22,106.51,-0.6,1.93,0.26,12.89,12338.53,19.11,1.67,13.57
2013-03-25,106.66,-0.6,1.93,0.24,12.99,12546.46,19.08,1.69,13.74
2013-03-26,107.1,-0.61,1.92,0.25,12.48,12471.62,17.81,1.67,12.77
2013-03-27,108.51,-0.64,1.87,0.25,12.33,12493.79,17.95,1.62,13.15
2013-03-28,108.46,-0.64,1.87,0.25,12.41,12335.96,18.19,1.62,12.7
2013-03-29,,,,,,12397.91,,,
2013-04-01,108.76,-0.65,1.86,0.23,13.13,12135.02,19.2,1.63,13.58
2013-04-02,109.66,-0.63,1.88,0.25,13.73,12003.43,19.33,1.63,12.78
2013-04-03,107.82,-0.65,1.83,0.24,15.21,12362.2,21.74,1.59,14.21
2013-04-04,105.09,-0.7,1.78,0.22,16.03,12634.54,21.84,1.56,13.89
2013-04-05,103.98,-0.74,1.72,0.24,14.46,12833.64,21.39,1.48,13.92
2013-04-08,103.16,-0.69,1.76,0.24,14.22,13192.59,21.01,1.52,13.19
2013-04-09,104.08,-0.67,1.78,0.24,13.54,13192.35,20.64,1.54,12.84
2013-04-10,104.8,-0.6,1.84,0.24,15.15,13288.13,20.55,1.6,12.36
2013-04-11,103.62,-0.65,1.82,0.24,15.29,13549.16,21.2,1.58,12.24
2013-04-12,100.58,-0.68,1.75,0.22,21.32,13485.14,22.59,1.53,12.06
2013-04-15,99.32,-0.69,1.72,0.22,34.48,13275.66,29.84,1.5,17.27
2013-04-16,97.88,-0.65,1.75,0.24,30.02,13221.44,27.32,1.51,13.96
2013-04-17,96.84,-0.64,1.73,0.24,26.93,13382.89,31.14,1.49,16.51
2013-04-18,97.48,-0.55,1.72,0.24,24.57,13220.07,28.53,1.48,17.56
2013-04-19,98.94,-0.59,1.73,0.24,24.37,13316.48,27.57,1.49,14.97
2013-04-22,99.07,-0.63,1.72,0.24,23.28,13568.37,25.07,1.48,14.39
2013-04-23,99.25,-0.64,1.74,0.23,23.68,13529.65,24.43,1.51,13.48
2013-04-24,100.71,-0.65,1.73,0.23,21.49,13843.46,23.26,1.5,13.61
2013-04-25,101.62,-0.66,1.74,0.23,22.35,13926.08,22.68,1.51,13.62
2013-04-26,102.39,-0.68,1.7,0.22,24.21,13884.13,22.51,1.48,13.61
2013-04-29,102.88,-0.67,1.7,0.2,23.16,,23.44,1.5,13.71
2013-04-30,101.53,-0.64,1.7,0.22,22.09,13860.86,24.57,1.48,13.52
2013-05-01,98.34,-0.64,1.66,0.2,22.93,13799.35,26.68,1.46,14.49
2013-05-02,100.32,-0.62,1.66,0.2,22.06,13694.04,24.49,1.46,13.59
2013-05-03,104.6,-0.53,1.78,0.22,20.37,,24.01,1.56,12.85
2013-05-06,105.0,-0.51,1.8,0.22,20.37,,25.16,1.58,12.66
2013-05-07,105.18,-0.5,1.82,0.22,22.07,14180.24,24.38,1.6,12.83
2013-05-08,103.79,-0.48,1.81,0.22,20.64,14285.69,22.64,1.59,12.66
2013-05-09,103.59,-0.5,1.81,0.22,21.62,14191.48,23.24,1.59,13.13
2013-05-10,101.31,-0.45,1.9,0.26,23.95,14607.54,22.83,1.64,12.59
2013-05-13,102.17,-0.41,1.92,0.24,25.04,14782.21,23.66,1.68,12.55
2013-05-14,102.7,-0.37,1.96,0.26,25.06,14758.42,24.12,1.7,12.77
2013-05-15,101.57,-0.36,1.94,0.26,28.01,15096.03,24.48,1.68,12.81
2013-05-16,104.27,-0.4,1.87,0.23,27.18,15037.24,24.39,1.64,13.07
2013-05-17,103.83,-0.31,1.95,0.26,28.34,15138.12,22.82,1.69,12.45
2013-05-20,104.55,-0.31,1.97,0.26,26.66,15360.81,23.44,1.71,13.02
2013-05-21,103.1,-0.34,1.94,0.26,27.18,15381.02,23.11,1.68,13.37
2013-05-22,102.14,-0.24,2.03,0.26,27.61,15627.26,24.45,1.77,13.82
2013-05-23,100.46,-0.24,2.02,0.26,26.08,14483.98,23.3,1.76,14.07
2013-05-24,101.24,-0.26,2.01,0.26,24.9,14612.45,22.57,1.75,13.99
2013-05-27,,,,,,14142.65,,,
2013-05-28,103.77,-0.14,2.15,0.29,24.86,14311.98,22.95,1.86,14.48
2013-05-29,102.14,-0.1,2.13,0.3,22.76,14326.46,24.04,1.83,14.83
2013-05-30,101.79,-0.05,2.13,0.31,21.43,13589.03,24.21,1.82,14.53
2013-05-31,100.43,-0.05,2.16,0.3,22.63,13774.54,24.41,1.86,16.3
2013-06-03,101.63,-0.07,2.13,0.3,21.68,13261.82,24.79,1.83,16.28
2013-06-04,102.04,-0.05,2.14,0.32,22.32,13533.76,24.64,1.82,16.27
2013-06-05,103.51,-0.06,2.1,0.3,22.65,13014.87,24.49,1.8,17.5
2013-06-06,103.37,-0.05,2.08,0.3,22.33,12904.02,23.89,1.78,16.63
2013-06-07,104.07,0.03,2.17,0.32,23.58,12877.53,22.41,1.85,15.14
2013-06-10,103.87,0.11,2.22,0.32,22.68,13514.2,21.74,1.9,15.44
2013-06-11,101.5,0.13,2.2,0.34,23.27,13317.62,21.81,1.86,17.07
2013-06-12,103.11,0.21,2.25,0.34,22.04,13289.32,22.72,1.91,18.59
2013-06-13,103.38,0.15,2.19,0.32,22.69,12445.38,21.47,1.87,16.41
2013-06-14,105.1,0.09,2.14,0.29,20.91,12686.52,21.22,1.85,17.15
2013-06-17,105.8,0.15,2.19,0.27,21.27,13033.12,21.04,1.92,16.8
2013-06-18,105.21,0.14,2.2,0.27,22.7,13007.28,20.64,1.93,16.61
2013-06-19,105.56,0.29,2.33,0.31,22.53,13245.22,19.98,2.02,16.64
2013-06-20,102.72,0.46,2.41,0.33,29.94,13014.58,25.9,2.08,20.49
2013-06-21,100.36,0.59,2.52,0.38,27.19,13230.13,23.68,2.14,18.9
2013-06-24,99.8,0.64,2.57,0.42,27.69,13062.78,24.32,2.15,20.11
2013-06-25,101.51,0.64,2.6,0.43,25.86,12969.34,23.63,2.17,18.47
2013-06-26,100.62,0.6,2.55,0.39,31.43,12834.01,22.82,2.16,17.21
2013-06-27,102.74,0.5,2.49,0.36,33.51,13213.55,23.17,2.13,16.86
2013-06-28,102.49,0.53,2.52,0.36,31.84,13677.32,22.37,2.16,16.86
2013-07-01,103.19,0.48,2.5,0.34,28.84,13852.5,22.18,2.16,16.37
2013-07-02,103.96,0.44,2.48,0.34,28.19,14098.74,22.63,2.14,16.44
2013-07-03,106.12,0.48,2.52,0.36,27.25,14055.56,25.7,2.16,16.2
2013-07-04,,,,,,14018.93,,,
2013-07-05,107.46,0.66,2.73,0.4,27.15,14309.97,26.74,2.33,14.89
2013-07-08,107.75,0.58,2.65,0.37,26.79,14109.34,25.37,2.28,14.78
2013-07-09,107.9,0.59,2.65,0.37,25.68,14472.9,25.22,2.28,14.35
2013-07-10,108.43,0.64,2.7,0.38,26.24,14416.6,26.22,2.32,14.21
2013-07-11,108.18,0.56,2.6,0.34,23.85,14472.58,24.58,2.26,14.01
2013-07-12,109.03,0.55,2.61,0.37,24.07,14506.25,24.51,2.24,13.84
2013-07-15,109.05,0.47,2.57,0.34,23.53,,23.72,2.23,13.79
2013-07-16,109.29,0.41,2.55,0.34,23.2,14599.12,24.5,2.21,14.42
2013-07-17,109.67,0.38,2.52,0.32,23.61,14615.04,23.3,2.2,13.78
2013-07-18,109.71,0.38,2.56,0.32,22.52,14808.5,23.05,2.24,13.77
2013-07-19,109.34,0.29,2.5,0.32,21.19,14589.91,24.08,2.18,12.54
2013-07-22,108.82,0.28,2.5,0.32,21.76,14658.04,24.23,2.18,12.29
2013-07-23,109.27,0.33,2.53,0.33,21.66,14778.51,23.63,2.2,12.66
2013-07-24,108.23,0.44,2.61,0.34,22.61,14731.28,23.77,2.27,13.18
2013-07-25,108.1,0.44,2.61,0.32,21.77,14562.93,23.37,2.29,12.97
2013-07-26,107.57,0.43,2.58,0.31,22.22,14129.98,22.98,2.27,12.72
2013-07-29,108.1,0.45,2.61,0.33,22.77,13661.13,22.79,2.28,13.39
2013-07-30,107.47,0.46,2.63,0.33,23.72,13869.82,23.48,2.3,13.39
2013-07-31,107.89,0.38,2.6,0.31,24.99,13668.32,22.95,2.29,13.45
2013-08-01,109.94,0.48,2.74,0.35,24.61,14005.77,22.28,2.39,12.94
2013-08-02,109.63,0.42,2.63,0.3,24.24,14466.16,22.26,2.33,11.98
2013-08-05,109.81,0.42,2.67,0.32,23.49,14258.04,22.87,2.35,11.84
2013-08-06,108.77,0.39,2.67,0.32,23.82,14401.06,22.64,2.35,12.72
2013-08-07,108.39,0.35,2.61,0.32,23.49,13824.94,22.56,2.29,12.98
2013-08-08,107.32,0.34,2.58,0.3,21.71,13605.56,22.25,2.28,12.73
2013-08-09,108.49,0.33,2.57,0.32,21.5,13615.19,22.64,2.25,13.41
2013-08-12,109.28,0.37,2.61,0.32,21.58,13519.43,22.68,2.29,12.81
2013-08-13,110.69,0.48,2.71,0.34,21.37,13867.0,22.63,2.37,12.31
2013-08-14,110.26,0.5,2.71,0.34,21.21,14050.16,23.15,2.37,13.04
2013-08-15,111.58,0.6,2.77,0.36,22.45,13752.94,24.15,2.41,14.73
2013-08-16,111.82,0.68,2.84,0.36,22.97,13650.11,23.99,2.48,14.37
2013-08-19,111.41,0.75,2.88,0.36,24.25,13758.13,23.48,2.52,15.1
2013-08-20,110.74,0.67,2.82,0.36,23.82,13396.38,24.18,2.46,14.91
2013-08-21,110.82,0.73,2.87,0.38,23.28,13424.33,24.33,2.49,15.94
2013-08-22,110.51,0.79,2.9,0.42,22.69,13365.17,23.26,2.48,14.76
2013-08-23,112.12,0.69,2.82,0.4,22.63,13660.55,22.7,2.42,13.98
2013-08-26,112.23,0.64,2.79,0.41,23.67,13636.28,23.43,2.38,14.99
2013-08-27,115.21,0.57,2.72,0.38,23.9,13542.37,27.19,2.34,16.77
2013-08-28,116.27,0.63,2.78,0.4,25.89,13338.46,29.79,2.38,16.49
2013-08-29,116.91,0.65,2.75,0.39,24.36,13459.71,27.41,2.36,16.81
2013-08-30,115.97,0.68,2.78,0.39,24.44,13388.86,28.1,2.39,17.01
2013-09-02,,,,,,13572.92,,,
2013-09-03,115.49,0.76,2.86,0.43,25.2,13978.44,29.41,2.43,16.61
2013-09-04,115.65,0.83,2.9,0.46,24.61,14053.87,28.73,2.44,15.88
2013-09-05,115.81,0.92,2.98,0.52,25.64,14064.82,27.44,2.46,15.77
2013-09-06,117.15,0.87,2.94,0.46,23.59,13860.81,28.1,2.48,15.85
2013-09-09,115.2,0.84,2.9,0.45,22.04,14205.23,27.93,2.45,15.63
2013-09-10,112.1,0.86,2.96,0.5,22.58,14423.36,27.12,2.46,14.53
2013-09-11,112.37,0.8,2.93,0.47,22.63,14425.07,24.32,2.46,13.82
2013-09-12,113.11,0.81,2.92,0.45,25.09,14387.27,23.57,2.47,14.29
2013-09-13,113.31,0.8,2.9,0.45,24.88,14404.67,23.18,2.45,14.16
2013-09-16,110.86,0.76,2.88,0.41,25.12,,23.03,2.47,14.38
2013-09-17,109.05,0.7,2.86,0.39,25.35,14311.67,23.17,2.47,14.53
2013-09-18,109.09,0.49,2.69,0.34,23.2,14505.36,22.81,2.35,13.59
2013-09-19,110.66,0.55,2.76,0.34,21.75,14766.18,21.51,2.42,13.16
2013-09-20,110.22,0.52,2.75,0.34,22.27,14742.42,21.38,2.41,13.12
2013-09-23,108.56,0.46,2.72,0.35,22.7,,22.27,2.37,14.31
2013-09-24,107.68,0.48,2.67,0.35,22.84,14732.61,22.5,2.32,14.08
2013-09-25,109.46,0.45,2.63,0.36,21.97,14620.53,22.32,2.27,14.01
2013-09-26,108.86,0.47,2.66,0.34,21.79,14799.12,21.77,2.32,14.06
2013-09-27,109.45,0.46,2.64,0.34,22.57,14760.07,21.84,2.3,15.46
2013-09-30,107.85,0.45,2.64,0.33,23.72,14455.8,22.98,2.31,16.6
2013-10-01,107.32,0.46,2.66,0.33,25.48,14484.72,22.57,2.33,15.54
2013-10-02,109.09,0.43,2.63,0.31,24.04,14170.49,21.52,2.32,16.6
2013-10-03,109.49,0.43,2.62,0.33,24.54,14157.25,21.62,2.29,17.67
2013-10-04,109.42,0.46,2.66,0.33,24.77,14024.31,21.49,2.33,16.74
2013-10-07,109.66,0.45,2.65,0.37,24.81,13853.32,22.01,2.28,19.41
2013-10-08,110.56,0.48,2.66,0.4,25.44,13894.61,21.95,2.26,20.34
2013-10-09,109.02,0.47,2.68,0.37,25.81,14037.84,23.24,2.31,19.6
2013-10-10,111.63,0.5,2.71,0.35,25.36,14194.71,21.39,2.36,16.48
2013-10-11,110.65,0.5,2.7,0.35,25.83,14404.74,21.55,2.35,15.72
2013-10-14,110.13,,,,26.45,,22.52,,16.07
2013-10-15,110.67,0.54,2.75,0.37,26.07,14441.54,23.52,2.38,18.66
2013-10-16,110.79,0.5,2.69,0.34,24.72,14467.14,21.73,2.35,14.71
2013-10-17,109.55,0.45,2.61,0.33,22.31,14586.51,21.22,2.28,13.48
2013-10-18,109.4,0.42,2.6,0.33,21.43,14561.54,20.12,2.27,13.04
2013-10-21,109.47,0.44,2.63,0.33,21.52,14693.57,20.91,2.3,13.16
2013-10-22,109.57,0.37,2.54,0.31,20.75,14713.25,21.62,2.23,13.33
2013-10-23,107.74,0.36,2.51,0.31,20.52,14426.05,23.28,2.2,13.42
2013-10-24,106.63,0.36,2.53,0.33,20.67,14486.41,21.88,2.2,13.2
2013-10-25,105.7,0.34,2.53,0.32,19.9,14088.19,20.28,2.21,13.09
2013-10-28,108.29,0.35,2.54,0.32,20.32,14396.04,20.57,2.22,13.31
2013-10-29,108.04,0.35,2.53,0.31,20.65,14325.98,20.64,2.22,13.41
2013-10-30,108.41,0.37,2.55,0.33,20.81,14502.35,20.95,2.22,13.65
2013-10-31,107.53,0.4,2.57,0.31,20.57,14327.94,20.59,2.26,13.75
2013-11-01,105.78,0.5,2.65,0.33,20.68,14201.57,21.29,2.32,13.28
2013-11-04,104.85,0.5,2.63,0.32,20.3,,21.74,2.31,12.93
2013-11-05,105.01,0.55,2.69,0.32,20.19,14225.37,22.18,2.37,13.27
2013-11-06,105.46,0.48,2.67,0.3,19.43,14337.31,20.98,2.37,12.67
2013-11-07,103.08,0.46,2.63,0.29,20.01,14228.44,20.79,2.34,13.91
2013-11-08,104.29,0.59,2.77,0.32,19.37,14086.8,19.7,2.45,12.9
2013-11-11,105.76,,,,19.15,14269.84,19.69,,12.53
2013-11-12,106.29,0.62,2.8,0.34,21.2,14588.68,20.32,2.46,12.82
2013-11-13,106.9,0.58,2.75,0.32,20.46,14567.16,19.63,2.43,12.52
2013-11-14,108.29,0.51,2.69,0.29,19.44,14876.41,19.92,2.4,12.37
2013-11-15,108.25,0.53,2.71,0.31,18.03,15165.92,19.39,2.4,12.19
2013-11-18,108.8,0.48,2.67,0.31,19.52,15164.3,19.71,2.36,13.1
2013-11-19,108.29,0.53,2.71,0.29,19.45,15126.56,19.83,2.42,13.39
2013-11-20,108.27,0.64,2.8,0.28,23.04,15076.08,19.87,2.52,13.4
2013-11-21,109.9,0.6,2.79,0.29,21.3,15365.6,18.69,2.5,12.66
2013-11-22,111.36,0.56,2.75,0.31,20.33,15381.72,18.1,2.44,12.26
2013-11-25,110.83,0.56,2.74,0.3,20.02,15619.13,19.23,2.44,12.79
2013-11-26,112.04,0.54,2.71,0.29,19.68,15515.24,18.64,2.42,12.81
2013-11-27,111.32,0.58,2.74,0.28,19.75,15449.63,19.62,2.46,12.98
2013-11-28,,,,,,15727.12,,,
2013-11-29,111.07,0.6,2.75,0.28,19.33,15661.87,20.0,2.47,13.7
2013-12-02,111.49,0.66,2.81,0.3,21.43,15655.07,20.28,2.51,14.23
2013-12-03,113.06,0.64,2.79,0.28,21.09,15749.66,19.49,2.51,14.55
2013-12-04,113.27,0.73,2.84,0.3,20.82,15407.94,19.06,2.54,14.7
2013-12-05,112.07,0.76,2.88,0.3,21.78,15177.49,18.59,2.58,15.08
2013-12-06,111.5,0.77,2.88,0.3,20.5,15299.86,17.95,2.58,13.79
2013-12-09,110.07,0.74,2.86,0.3,20.65,15650.21,18.1,2.56,13.49
2013-12-10,108.91,0.69,2.81,0.3,19.63,15611.31,17.95,2.51,13.91
2013-12-11,109.47,0.71,2.86,0.31,20.02,15515.06,17.98,2.55,15.42
2013-12-12,108.99,0.75,2.89,0.34,22.24,15341.82,18.19,2.55,15.54
2013-12-13,108.08,0.72,2.88,0.34,21.87,15403.11,18.42,2.54,15.76
2013-12-16,110.3,0.71,2.89,0.34,21.91,15152.91,17.49,2.55,16.03
2013-12-17,108.91,0.67,2.85,0.34,21.79,15278.63,17.7,2.51,16.21
2013-12-18,109.56,0.72,2.89,0.32,21.39,15587.8,17.26,2.57,13.8
2013-12-19,110.78,0.79,2.94,0.35,22.07,15859.22,16.7,2.59,14.15
2013-12-20,112.15,0.73,2.89,0.37,21.01,15870.42,15.86,2.52,13.79
2013-12-23,111.58,0.76,2.94,0.38,20.76,,15.42,2.56,13.04
2013-12-24,111.57,0.8,2.99,0.38,20.08,15889.33,15.26,2.61,12.48
2013-12-25,,,,,,16009.99,,,
2013-12-26,111.65,0.8,3.0,0.42,19.84,16174.44,15.2,2.58,12.33
2013-12-27,112.06,0.8,3.02,0.4,19.1,16178.94,15.74,2.62,12.46
2013-12-30,110.47,0.76,2.99,0.39,20.75,16291.31,16.53,2.6,13.56
2013-12-31,109.95,0.8,3.04,0.38,21.65,,17.76,2.66,13.72
2014-01-02,107.94,0.74,3.0,0.39,20.42,,20.24,2.61,14.23
2014-01-03,106.57,0.75,3.01,0.41,19.19,,20.6,2.6,13.76
2014-01-06,106.71,0.72,2.98,0.4,19.5,15908.88,20.7,2.58,13.55
2014-01-07,107.01,0.7,2.96,0.4,19.12,15814.37,19.67,2.56,12.92
2014-01-08,107.42,0.72,3.01,0.43,19.43,16121.45,20.17,2.58,12.87
2014-01-09,107.49,0.66,2.97,0.44,18.46,15880.33,19.51,2.53,12.89
2014-01-10,106.44,0.59,2.88,0.39,17.27,15912.06,19.47,2.49,12.14
2014-01-13,108.02,0.57,2.84,0.39,16.67,,19.75,2.45,13.28
2014-01-14,107.12,0.62,2.88,0.39,16.5,15422.4,19.81,2.49,12.28
2014-01-15,108.09,0.62,2.9,0.41,16.43,15808.73,18.7,2.49,12.28
2014-01-16,107.46,0.61,2.86,0.41,15.39,15747.2,17.91,2.45,12.53
2014-01-17,108.45,0.58,2.84,0.4,14.34,15734.46,17.12,2.44,12.44
2014-01-20,108.01,,,,,15641.68,,,
2014-01-21,109.17,0.59,2.85,0.4,15.97,15795.96,18.26,2.45,12.87
2014-01-22,109.69,0.62,2.87,0.44,15.62,15820.96,18.17,2.43,12.84
2014-01-23,109.69,0.66,2.79,0.39,16.01,15695.89,18.79,2.4,13.77
2014-01-24,109.14,0.61,2.75,0.37,17.54,15391.56,19.46,2.38,18.14
2014-01-27,108.72,0.64,2.78,0.37,18.38,15005.73,20.89,2.41,17.42
2014-01-28,109.1,0.62,2.77,0.38,18.71,14980.16,20.83,2.39,15.8
2014-01-29,108.83,0.55,2.69,0.36,17.45,15383.91,20.81,2.33,17.35
2014-01-30,109.36,0.57,2.72,0.36,17.97,15007.06,19.76,2.36,17.29
2014-01-31,108.16,0.53,2.67,0.34,18.62,14914.53,20.35,2.33,18.41
2014-02-03,106.55,0.47,2.61,0.3,19.15,14619.13,21.65,2.31,21.44
2014-02-04,107.04,0.51,2.64,0.31,18.51,14008.47,21.47,2.33,19.11
2014-02-05,106.81,0.56,2.7,0.32,18.52,14180.38,20.65,2.38,19.95
2014-02-06,108.15,0.57,2.73,0.33,17.93,14155.12,19.65,2.4,17.23
2014-02-07,110.12,0.53,2.71,0.3,16.59,14462.41,19.03,2.41,15.29
2014-02-10,110.18,0.51,2.7,0.32,17.08,14718.34,19.18,2.38,15.26
2014-02-11,109.21,0.56,2.75,0.35,16.81,,19.05,2.4,14.51
2014-02-12,108.62,0.59,2.8,0.35,16.23,14800.06,19.23,2.45,14.3
2014-02-13,108.98,0.56,2.73,0.32,16.13,14534.74,19.0,2.41,14.14
2014-02-14,108.63,0.59,2.75,0.32,16.26,14313.03,17.95,2.43,13.57
2014-02-17,,,,,,14393.11,,,
2014-02-18,110.14,0.57,2.71,0.31,16.28,14843.24,18.43,2.4,13.87
2014-02-19,110.37,0.6,2.73,0.33,16.48,14766.53,18.35,2.4,15.5
2014-02-20,109.42,0.63,2.76,0.34,16.07,14449.18,17.59,2.42,14.79
2014-02-21,109.03,0.61,2.73,0.33,15.73,14865.67,17.9,2.4,14.68
2014-02-24,109.76,0.59,2.75,0.35,15.94,14837.68,18.16,2.4,14.23
2014-02-25,109.19,0.55,2.7,0.34,15.86,15051.6,18.47,2.36,13.67
2014-02-26,109.39,0.51,2.67,0.33,16.46,14970.97,18.48,2.34,14.35
2014-02-27,108.54,0.49,2.65,0.33,15.75,14923.11,18.81,2.32,14.04
2014-02-28,108.98,0.49,2.66,0.33,16.07,14841.07,18.71,2.33,14.0
2014-03-03,111.26,0.44,2.6,0.32,17.05,14652.23,20.9,2.28,16.0
2014-03-04,109.17,0.52,2.7,0.33,16.75,14721.48,19.88,2.37,14.1
2014-03-05,108.15,0.52,2.7,0.33,16.58,14897.63,20.29,2.37,13.89
2014-03-06,107.99,0.53,2.74,0.37,16.31,15134.75,19.96,2.37,14.21
2014-03-07,109.14,0.57,2.8,0.38,15.82,15274.07,20.01,2.42,14.11
2014-03-10,108.27,0.57,2.79,0.37,15.83,15120.14,20.33,2.42,14.2
2014-03-11,108.35,0.57,2.77,0.37,16.14,15224.11,20.67,2.4,14.8
2014-03-12,107.88,0.54,2.73,0.37,16.67,14830.39,20.9,2.36,14.47
2014-03-13,107.48,0.49,2.66,0.34,17.3,14815.98,20.83,2.32,16.22
2014-03-14,108.08,0.48,2.65,0.36,18.32,14327.66,21.7,2.29,17.82
2014-03-17,106.99,0.52,2.7,0.38,17.87,14277.67,20.34,2.32,15.64
2014-03-18,106.79,0.5,2.68,0.36,17.37,14411.27,20.25,2.32,14.52
2014-03-19,105.95,0.62,2.78,0.47,17.59,14462.52,19.88,2.31,15.12
2014-03-20,105.73,0.66,2.79,0.45,16.91,14224.23,19.69,2.34,14.52
2014-03-21,107.2,0.61,2.75,0.45,16.43,,19.46,2.3,15.0
2014-03-24,106.59,0.59,2.74,0.47,17.53,14475.3,19.52,2.27,15.09
2014-03-25,107.01,0.61,2.75,0.47,17.16,14423.19,19.19,2.28,14.02
2014-03-26,105.9,0.57,2.71,0.45,17.32,14477.16,19.17,2.26,14.93
2014-03-27,106.58,0.56,2.69,0.45,17.6,14622.89,19.28,2.24,14.62
2014-03-28,106.64,0.6,2.73,0.45,17.48,14696.03,19.15,2.28,14.41
2014-03-31,105.95,0.6,2.73,0.44,17.37,14827.83,19.26,2.29,13.88
2014-04-01,105.7,0.63,2.77,0.44,16.65,14791.99,19.61,2.33,13.1
2014-04-02,103.37,0.68,2.82,0.47,16.19,14946.32,19.79,2.35,13.09
2014-04-03,104.88,0.66,2.8,0.46,16.01,15071.88,18.45,2.34,13.37
2014-04-04,106.41,0.61,2.74,0.43,15.81,15063.77,18.28,2.31,13.96
2014-04-07,104.89,0.59,2.71,0.41,15.95,14808.85,18.64,2.3,15.57
2014-04-08,105.83,0.58,2.69,0.4,15.99,14606.88,18.89,2.29,14.89
2014-04-09,107.39,0.57,2.71,0.37,14.83,14299.69,18.55,2.34,13.82
2014-04-10,107.1,0.51,2.65,0.37,15.06,14300.12,18.72,2.28,15.89
2014-04-11,107.34,0.5,2.63,0.37,15.19,13960.05,18.39,2.26,17.03
2014-04-14,107.68,0.52,2.65,0.37,15.34,13910.16,18.71,2.28,16.11
2014-04-15,109.1,0.5,2.64,0.39,16.1,13996.81,18.71,2.25,15.61
2014-04-16,109.71,0.48,2.65,0.39,15.44,14417.68,18.9,2.26,14.18
2014-04-17,109.79,0.52,2.73,0.43,15.96,14417.53,18.93,2.3,13.36
2014-04-18,,,,,,14516.27,,,
2014-04-21,109.69,0.53,2.73,0.42,16.22,14512.38,18.28,2.31,13.25
2014-04-22,108.54,0.52,2.73,0.45,16.19,14388.77,18.81,2.28,13.19
2014-04-23,108.48,0.49,2.7,0.43,15.61,14546.27,18.46,2.27,13.27
2014-04-24,109.79,0.49,2.7,0.43,15.86,14404.99,18.36,2.27,13.32
2014-04-25,109.53,0.48,2.68,0.43,16.07,14429.26,18.88,2.25,14.06
2014-04-28,109.12,0.52,2.7,0.44,15.56,14288.23,19.14,2.26,13.97
2014-04-29,109.89,0.53,2.71,0.44,15.31,,19.19,2.27,13.71
2014-04-30,108.63,0.49,2.67,0.42,15.52,14304.11,19.37,2.25,13.41
2014-05-01,108.63,0.43,2.63,0.41,15.15,14485.13,18.44,2.22,13.25
2014-05-02,109.48,0.41,2.6,0.42,14.85,14457.51,17.8,2.18,12.91
2014-05-05,109.48,0.45,2.63,0.43,15.51,,18.55,2.2,13.29
2014-05-06,108.3,0.45,2.61,0.43,15.02,,17.96,2.18,13.8
2014-05-07,108.17,0.42,2.62,0.41,15.4,14033.45,17.71,2.21,13.4
2014-05-08,108.19,0.42,2.61,0.4,14.87,14163.78,17.49,2.21,13.43
2014-05-09,108.26,0.44,2.62,0.4,14.76,14199.59,17.0,2.22,12.92
2014-05-12,108.37,0.48,2.66,0.41,14.04,14149.52,16.65,2.25,12.23
2014-05-13,108.78,0.45,2.61,0.39,13.61,14425.44,16.86,2.22,12.13
2014-05-14,109.87,0.37,2.54,0.39,13.76,14405.76,16.72,2.15,12.17
2014-05-15,109.74,0.31,2.5,0.38,14.57,14298.21,15.94,2.12,13.17
2014-05-16,110.9,0.34,2.52,0.38,14.04,14096.59,15.42,2.14,12.44
2014-05-19,110.84,0.37,2.54,0.36,14.23,14006.44,15.9,2.18,12.42
2014-05-20,110.35,0.35,2.52,0.35,14.07,14075.25,16.2,2.17,12.96
2014-05-21,111.32,0.36,2.54,0.37,14.36,14042.17,16.38,2.17,11.91
2014-05-22,110.89,0.35,2.56,0.37,13.98,14337.79,16.05,2.19,12.03
2014-05-23,110.19,0.32,2.54,0.37,14.52,14462.17,15.89,2.17,11.36
2014-05-26,110.01,,,,,14602.52,,,
2014-05-27,109.81,0.31,2.52,0.39,16.21,14636.52,16.1,2.13,11.51
2014-05-28,109.09,0.22,2.44,0.37,15.8,14670.95,16.02,2.07,11.68
2014-05-29,109.98,0.22,2.45,0.37,15.01,14681.72,15.55,2.08,11.57
2014-05-30,109.21,0.26,2.48,0.37,15.34,14632.38,15.61,2.11,11.4
2014-06-02,109.34,0.32,2.54,0.39,15.55,14935.92,15.52,2.15,11.58
2014-06-03,108.87,0.41,2.6,0.41,15.05,15034.25,15.53,2.19,11.87
2014-06-04,109.07,0.44,2.61,0.41,14.79,15067.96,15.41,2.2,12.08
2014-06-05,108.43,0.41,2.59,0.4,14.15,15079.37,15.14,2.19,11.68
2014-06-06,109.21,0.4,2.6,0.41,13.22,15077.24,14.5,2.19,10.73
2014-06-09,110.55,0.41,2.62,0.43,12.77,15124.0,14.67,2.19,11.15
2014-06-10,109.18,0.43,2.64,0.45,12.37,14994.8,14.74,2.19,10.99
2014-06-11,109.83,0.43,2.65,0.44,12.36,15069.48,14.67,2.21,11.6
2014-06-12,112.18,0.39,2.58,0.42,12.91,14973.53,19.17,2.16,12.56
2014-06-13,113.15,0.41,2.6,0.45,12.52,15097.84,19.47,2.15,12.18
2014-06-16,113.42,0.41,2.61,0.49,12.41,14933.29,19.52,2.12,12.65
2014-06-17,114.02,0.43,2.66,0.51,12.53,14975.97,17.4,2.15,12.06
2014-06-18,114.25,0.38,2.61,0.48,12.11,15115.8,17.28,2.13,10.61
2014-06-19,115.19,0.39,2.64,0.48,14.48,15361.16,18.05,2.16,10.62
2014-06-20,114.55,0.35,2.63,0.5,12.79,15349.42,18.84,2.13,10.85
2014-06-23,113.62,0.35,2.63,0.48,12.93,15369.28,18.05,2.15,10.98
2014-06-24,113.74,0.31,2.59,0.49,12.96,15376.24,17.93,2.1,12.13
2014-06-25,112.84,0.29,2.57,0.48,12.92,15266.61,17.7,2.09,11.59
2014-06-26,112.61,0.26,2.53,0.46,12.76,15308.49,16.97,2.07,11.63
2014-06-27,112.62,0.27,2.54,0.45,12.64,15095.0,16.44,2.09,11.26
2014-06-30,111.03,0.27,2.53,0.47,14.01,15162.1,16.52,2.06,11.57
2014-07-01,110.84,0.32,2.58,0.47,13.74,15326.2,16.24,2.11,11.15
2014-07-02,110.18,0.38,2.64,0.49,13.89,15369.97,15.87,2.15,10.82
2014-07-03,108.98,0.37,2.65,0.52,12.99,15348.29,15.59,2.13,10.32
2014-07-04,,,,,,15437.13,,,
2014-07-07,108.7,0.36,2.63,0.52,12.99,15379.44,16.36,2.11,11.33
2014-07-08,107.65,0.31,2.58,0.51,12.83,15314.41,16.31,2.07,11.98
2014-07-09,106.84,0.28,2.57,0.51,13.05,15302.65,16.36,2.06,11.65
2014-07-10,106.2,0.27,2.55,0.46,12.91,15216.47,16.46,2.09,12.59
2014-07-11,105.77,0.25,2.53,0.48,13.27,15164.04,17.26,2.05,12.08
2014-07-14,104.73,0.28,2.55,0.48,14.23,15296.82,18.1,2.07,11.82
2014-07-15,104.73,0.31,2.56,0.49,14.73,15395.16,17.96,2.07,11.96
2014-07-16,105.41,0.32,2.55,0.5,14.67,15379.3,16.88,2.05,11.0
2014-07-17,106.04,0.24,2.47,0.47,15.52,15370.26,17.87,2.0,14.54
2014-07-18,106.03,0.26,2.5,0.51,14.35,15215.71,17.39,1.99,12.06
2014-07-21,105.71,0.25,2.49,0.51,14.69,,16.97,1.98,12.81
2014-07-22,106.48,0.25,2.48,0.49,14.62,15343.28,17.1,1.99,12.24
2014-07-23,106.85,0.25,2.48,0.5,14.07,15328.56,16.73,1.98,11.52
2014-07-24,105.78,0.25,2.52,0.53,14.33,15284.42,15.95,1.99,11.84
2014-07-25,106.89,0.2,2.48,0.53,14.68,15457.87,16.67,1.95,12.69
2014-07-28,106.7,0.22,2.5,0.54,14.55,15529.4,16.37,1.96,12.56
2014-07-29,106.98,0.2,2.47,0.54,15.05,15618.07,16.79,1.93,13.28
2014-07-30,106.47,0.29,2.57,0.56,14.85,15646.23,17.11,2.01,13.33
2014-07-31,104.94,0.29,2.58,0.53,15.46,15620.77,18.78,2.05,16.95
2014-08-01,103.45,0.25,2.52,0.47,14.37,15523.11,19.39,2.05,17.03
2014-08-04,103.63,0.26,2.51,0.47,14.17,15474.5,18.92,2.04,15.12
2014-08-05,102.82,0.25,2.49,0.47,14.76,15320.31,19.1,2.02,16.87
2014-08-06,104.17,0.24,2.49,0.48,14.51,15159.79,18.81,2.01,16.37
2014-08-07,104.02,0.19,2.43,0.44,14.82,15232.37,18.85,1.99,16.66
2014-08-08,103.36,0.19,2.44,0.45,14.85,14778.37,18.88,1.99,15.77
2014-08-11,103.47,0.19,2.44,0.47,14.49,15130.52,17.54,1.97,14.23
2014-08-12,101.68,0.22,2.46,0.45,14.35,15161.31,17.55,2.01,14.13
2014-08-13,102.27,0.2,2.43,0.43,13.53,15213.63,17.19,2.0,12.9
2014-08-14,101.15,0.19,2.4,0.42,12.55,15314.57,17.86,1.98,12.42
2014-08-15,101.13,0.16,2.34,0.42,13.33,15318.34,18.59,1.92,13.15
2014-08-18,99.37,0.21,2.39,0.44,13.46,15322.6,19.52,1.95,12.32
2014-08-19,99.74,0.23,2.4,0.46,13.43,15449.79,19.38,1.94,12.21
2014-08-20,99.92,0.26,2.43,0.49,13.51,15454.45,17.96,1.94,11.78
2014-08-21,100.28,0.24,2.41,0.49,13.84,15586.2,17.25,1.92,11.76
2014-08-22,100.09,0.26,2.4,0.53,13.46,15539.19,16.51,1.87,11.47
2014-08-25,100.49,0.24,2.39,0.53,13.55,15613.25,16.92,1.86,11.7
2014-08-26,100.5,0.25,2.39,0.52,13.24,15521.22,16.68,1.87,11.63
2014-08-27,100.4,0.23,2.37,0.51,12.72,15534.82,16.47,1.86,11.78
2014-08-28,100.71,0.21,2.34,0.5,12.9,15459.86,16.52,1.84,12.05
2014-08-29,101.12,0.23,2.35,0.48,12.85,15424.59,16.68,1.87,11.98
2014-09-01,,,,,,15476.6,,,
2014-09-02,100.21,0.27,2.42,0.53,14.05,15668.6,18.34,1.89,12.25
2014-09-03,100.88,0.24,2.41,0.52,13.44,15728.35,18.49,1.89,12.36
2014-09-04,101.21,0.28,2.45,0.54,14.01,15676.18,18.95,1.91,12.64
2014-09-05,99.51,0.31,2.46,0.52,13.27,15668.68,18.52,1.94,12.09
2014-09-08,99.53,0.35,2.48,0.54,14.47,15705.11,20.43,1.94,12.66
2014-09-09,98.08,0.39,2.5,0.56,15.36,15749.15,19.68,1.94,13.5
2014-09-10,96.26,0.44,2.54,0.58,15.89,15788.78,20.49,1.96,12.88
2014-09-11,96.42,0.42,2.54,0.58,16.42,15909.2,20.63,1.96,12.8
2014-09-12,96.31,0.49,2.62,0.58,17.86,15948.29,19.53,2.04,13.31
2014-09-15,96.43,0.47,2.6,0.58,16.5,,20.17,2.02,14.12
2014-09-16,97.39,0.48,2.6,0.55,16.58,15911.53,18.93,2.05,12.73
2014-09-17,97.7,0.56,2.62,0.59,17.14,15888.67,19.18,2.03,12.65
2014-09-18,96.82,0.61,2.63,0.59,15.5,16067.57,18.98,2.04,12.03
2014-09-19,96.75,0.56,2.59,0.59,16.9,16321.17,18.56,2.0,12.11
2014-09-22,95.37,0.58,2.57,0.58,16.44,16205.9,19.98,1.99,13.69
2014-09-23,94.87,0.52,2.54,0.57,16.65,,20.73,1.97,14.93
2014-09-24,94.53,0.54,2.57,0.59,17.21,16167.45,19.8,1.98,13.27
2014-09-25,95.2,0.5,2.52,0.56,17.99,16374.14,20.07,1.96,15.64
2014-09-26,95.08,0.57,2.54,0.59,17.84,16229.86,19.42,1.95,14.85
2014-09-29,95.7,0.55,2.5,0.58,17.17,16310.64,19.86,1.92,15.98
2014-09-30,94.67,0.55,2.52,0.58,18.83,16173.52,21.52,1.94,16.31
2014-10-01,94.57,0.46,2.42,0.53,18.73,16082.25,22.38,1.89,16.71
2014-10-02,91.29,0.49,2.44,0.53,18.2,15661.99,23.36,1.91,16.16
2014-10-03,90.8,0.52,2.45,0.57,19.13,15708.65,24.22,1.88,14.55
2014-10-06,90.65,0.5,2.43,0.54,17.6,15890.95,24.62,1.89,15.46
2014-10-07,90.9,0.44,2.36,0.52,17.56,15783.83,25.09,1.84,17.2
2014-10-08,90.25,0.39,2.35,0.46,17.5,15595.98,25.28,1.89,15.11
2014-10-09,90.47,0.37,2.34,0.46,17.86,15478.93,27.72,1.88,18.76
2014-10-10,88.66,0.35,2.31,0.45,18.11,15300.55,30.03,1.86,21.24
2014-10-13,87.82,,,,17.69,,31.32,,24.64
2014-10-14,86.36,0.29,2.21,0.39,17.98,14936.51,37.23,1.82,22.79
2014-10-15,84.02,0.29,2.15,0.34,20.04,15073.52,36.36,1.81,26.25
2014-10-16,84.02,0.28,2.17,0.35,19.68,14738.38,34.09,1.82,25.2
2014-10-17,85.27,0.3,2.22,0.39,18.08,14532.51,31.16,1.83,21.99
2014-10-20,84.42,0.29,2.2,0.37,17.27,15111.23,29.36,1.83,18.57
2014-10-21,85.17,0.33,2.23,0.38,17.01,14804.28,27.14,1.85,16.08
2014-10-22,86.38,0.34,2.25,0.41,16.58,15195.77,30.68,1.84,17.87
2014-10-23,85.94,0.38,2.29,0.41,16.91,15138.96,31.78,1.88,16.53
2014-10-24,86.0,0.39,2.29,0.41,16.24,15291.64,31.27,1.88,16.11
2014-10-27,85.64,0.38,2.27,0.41,16.49,15388.72,32.44,1.86,16.04
2014-10-28,85.57,0.39,2.3,0.42,16.3,15329.91,30.11,1.88,14.39
2014-10-29,86.91,0.42,2.34,0.48,16.75,15553.91,28.93,1.86,15.15
2014-10-30,85.5,0.42,2.32,0.48,18.08,15658.2,30.45,1.84,14.52
2014-10-31,84.17,0.43,2.35,0.5,21.54,16413.76,30.52,1.85,14.03
2014-11-03,84.9,0.43,2.36,0.52,21.1,,31.84,1.84,14.73
2014-11-04,82.12,0.43,2.35,0.52,20.1,16862.47,33.13,1.83,14.89
2014-11-05,82.88,0.43,2.36,0.52,23.38,16937.32,31.39,1.84,14.17
2014-11-06,82.08,0.45,2.39,0.54,23.18,16792.48,30.34,1.85,13.67
2014-11-07,83.2,0.38,2.32,0.51,21.38,16880.38,29.47,1.81,13.12
2014-11-10,82.9,0.44,2.38,0.55,22.23,16780.53,30.72,1.83,12.67
2014-11-11,80.94,,,,21.43,17124.11,30.79,,12.92
2014-11-12,80.42,0.46,2.37,0.55,21.29,17197.05,30.71,1.82,13.02
2014-11-13,77.74,0.47,2.35,0.53,20.98,17392.79,33.12,1.82,13.79
2014-11-14,77.51,0.43,2.32,0.54,23.36,17490.83,32.99,1.78,13.31
2014-11-17,76.86,0.48,2.34,0.54,23.37,16973.8,34.39,1.8,13.99
2014-11-18,77.23,0.48,2.32,0.53,23.97,17344.06,33.17,1.79,13.86
2014-11-19,77.21,0.53,2.36,0.54,24.26,17288.75,33.14,1.82,13.96
2014-11-20,77.61,0.49,2.34,0.53,21.5,17300.86,33.64,1.81,13.58
2014-11-21,79.2,0.45,2.31,0.53,21.23,17357.51,34.92,1.78,12.9
2014-11-24,79.62,0.44,2.3,0.53,20.64,,36.28,1.77,12.62
2014-11-25,77.62,0.42,2.27,0.51,20.67,17407.62,37.49,1.76,12.25
2014-11-26,77.39,0.42,2.24,0.53,21.24,17383.58,36.02,1.71,12.07
2014-11-27,,,,,,17248.5,,,
2014-11-28,71.89,0.39,2.18,0.47,25.17,17459.85,36.44,1.71,13.33
2014-12-01,70.87,0.43,2.22,0.49,22.33,17590.1,37.49,1.73,14.29
2014-12-02,71.13,0.51,2.28,0.55,21.29,17663.22,38.57,1.73,12.85
2014-12-03,70.13,0.5,2.29,0.57,20.62,17720.43,36.16,1.72,12.47
2014-12-04,68.48,0.48,2.25,0.55,20.29,17887.21,35.39,1.7,12.38
2014-12-05,68.0,0.56,2.31,0.65,20.02,17920.45,34.2,1.66,11.82
2014-12-08,65.64,0.55,2.26,0.64,19.62,17935.64,39.68,1.62,14.21
2014-12-09,66.11,0.49,2.22,0.64,20.04,17813.38,37.56,1.58,14.89
2014-12-10,63.32,0.47,2.18,0.59,19.27,17412.58,42.21,1.59,18.53
2014-12-11,63.65,0.49,2.19,0.62,19.11,17257.4,44.95,1.57,20.08
2014-12-12,61.67,0.46,2.1,0.56,19.66,17371.58,49.77,1.54,21.08
2014-12-15,61.09,0.5,2.12,0.6,20.95,17099.4,57.55,1.52,20.42
2014-12-16,60.26,0.42,2.07,0.58,22.08,16755.32,55.77,1.49,23.57
2014-12-17,59.84,0.49,2.14,0.62,20.9,16819.73,56.75,1.52,19.44
2014-12-18,58.81,0.57,2.22,0.67,19.28,17210.05,57.45,1.55,16.81
2014-12-19,58.87,0.49,2.17,0.67,18.68,17621.4,54.84,1.5,16.49
2014-12-22,58.31,0.47,2.17,0.71,20.26,17635.14,54.82,1.46,15.25
2014-12-23,59.07,0.56,2.26,0.73,19.76,,53.97,1.53,14.8
2014-12-24,58.67,0.59,2.27,0.73,19.37,17854.23,54.88,1.54,14.37
2014-12-25,,,,,,17808.75,,,
2014-12-26,58.72,0.58,2.25,0.73,18.92,17818.96,54.68,1.52,14.5
2014-12-29,57.86,0.57,2.22,0.72,20.15,17729.84,53.63,1.5,15.06
2014-12-30,55.6,0.56,2.2,0.69,19.48,17450.77,51.17,1.51,15.92
2014-12-31,55.27,0.49,2.17,0.67,20.08,,50.24,1.5,19.2
2015-01-02,55.38,0.41,2.12,0.66,20.23,,54.25,1.46,17.79
2015-01-05,51.08,0.4,2.04,0.68,21.26,17408.71,57.67,1.36,19.92
2015-01-06,50.12,0.41,1.97,0.65,20.78,16883.19,56.45,1.32,21.12
2015-01-07,49.06,0.39,1.96,0.62,20.35,16885.33,53.25,1.34,19.31
2015-01-08,49.43,0.41,2.03,0.62,19.2,17167.1,50.96,1.41,17.01
2015-01-09,47.64,0.36,1.98,0.59,18.44,17197.73,50.07,1.39,17.55
2015-01-12,46.9,0.35,1.92,0.56,17.65,,53.13,1.36,19.6
2015-01-13,45.13,0.37,1.91,0.54,17.63,17087.71,53.78,1.37,20.56
2015-01-14,45.82,0.29,1.86,0.51,18.52,16795.96,53.17,1.35,21.48
2015-01-15,47.66,0.19,1.77,0.44,21.83,17108.7,57.77,1.33,22.39
2015-01-16,47.38,0.23,1.83,0.49,22.66,16864.16,56.44,1.34,20.95
2015-01-19,,,,,,17014.29,,,
2015-01-20,46.49,0.23,1.82,0.53,23.43,17366.3,57.99,1.29,19.89
2015-01-21,46.5,0.26,1.87,0.53,22.34,17280.48,55.09,1.34,18.85
2015-01-22,46.09,0.29,1.9,0.53,21.25,17329.02,56.4,1.37,16.4
2015-01-23,46.69,0.21,1.81,0.52,20.62,17511.75,57.62,1.29,16.66
2015-01-26,46.07,0.22,1.83,0.54,20.04,17468.52,56.65,1.29,15.52
2015-01-27,46.55,0.17,1.83,0.54,20.16,17768.3,54.23,1.29,17.22
2015-01-28,47.07,0.12,1.73,0.5,19.31,17795.73,55.18,1.23,20.44
2015-01-29,46.61,0.15,1.77,0.51,20.25,17606.22,54.69,1.26,18.76
2015-01-30,47.52,0.03,1.68,0.47,19.65,17674.39,58.62,1.21,20.97
2015-02-02,51.74,0.03,1.68,0.49,20.33,17558.04,57.84,1.19,19.43
2015-02-03,54.41,0.09,1.79,0.52,20.3,17335.85,59.68,1.27,17.33
2015-02-04,55.07,0.1,1.81,0.52,20.36,17678.74,62.73,1.29,18.33
2015-02-05,55.98,0.13,1.83,0.52,20.06,17504.62,63.14,1.31,16.85
2015-02-06,55.88,0.24,1.95,0.65,20.59,17648.5,60.83,1.3,17.29
2015-02-09,57.0,0.25,1.96,0.65,20.3,17711.93,56.0,1.31,18.55
2015-02-10,55.79,0.31,2.01,0.67,19.71,17652.68,59.29,1.34,17.23
2015-02-11,53.48,0.32,2.0,0.67,20.07,,60.23,1.33,16.96
2015-02-12,56.23,0.33,1.99,0.61,19.31,17979.72,58.69,1.38,15.34
2015-02-13,60.33,0.34,2.02,0.66,18.49,17913.36,55.53,1.36,14.69
2015-02-16,61.57,,,,,18004.77,,,
2015-02-17,60.78,0.43,2.14,0.7,19.61,17987.09,56.33,1.44,15.8
2015-02-18,60.72,0.36,2.07,0.62,19.54,18199.17,55.97,1.45,15.45
2015-02-19,58.78,0.37,2.11,0.67,18.62,18264.79,55.75,1.44,15.29
2015-02-20,60.99,0.38,2.13,0.67,19.26,18332.3,54.0,1.46,14.3
2015-02-23,59.78,0.34,2.06,0.64,19.4,18466.92,58.67,1.42,14.56
2015-02-24,60.33,0.27,1.99,0.6,18.77,18603.48,56.27,1.39,13.69
2015-02-25,59.77,0.24,1.96,0.61,17.4,18585.2,54.93,1.35,13.84
2015-02-26,61.39,0.24,2.03,0.66,16.65,18785.79,56.46,1.37,13.91
2015-02-27,61.89,0.17,2.0,0.63,15.91,18797.94,55.85,1.37,13.34
2015-03-02,60.75,0.25,2.08,0.66,16.38,18826.88,54.92,1.42,13.04
2015-03-03,61.18,0.26,2.12,0.68,16.76,18815.16,53.05,1.44,13.86
2015-03-04,59.18,0.25,2.12,0.66,16.66,18703.6,48.92,1.46,14.23
2015-03-05,60.33,0.27,2.11,0.65,16.9,18751.84,47.09,1.46,14.04
2015-03-06,59.15,0.41,2.24,0.73,18.43,18971.0,48.96,1.51,15.2
2015-03-09,58.67,0.44,2.2,0.7,17.58,18790.55,48.99,1.5,15.06
2015-03-10,55.95,0.41,2.14,0.7,18.97,18665.11,50.92,1.44,16.69
2015-03-11,56.46,0.39,2.11,0.7,20.01,18723.52,49.17,1.41,16.87
2015-03-12,56.66,0.39,2.1,0.67,19.07,18991.11,49.59,1.43,15.42
2015-03-13,54.8,0.44,2.13,0.68,18.9,19254.25,54.56,1.45,16.0
2015-03-16,52.0,0.45,2.1,0.66,19.14,19246.06,56.93,1.44,15.61
2015-03-17,52.17,0.42,2.06,0.7,20.83,19437.0,59.85,1.36,15.66
2015-03-18,52.59,0.23,1.93,0.57,18.65,19544.48,53.65,1.36,13.97
2015-03-19,52.96,0.19,1.98,0.63,17.25,19476.56,53.82,1.35,14.07
2015-03-20,53.88,0.17,1.93,0.6,17.21,19560.22,50.84,1.33,13.02
2015-03-23,53.82,0.17,1.92,0.6,17.26,19754.36,49.32,1.32,13.41
2015-03-24,53.61,0.11,1.88,0.58,16.84,19713.45,47.94,1.3,13.62
2015-03-25,54.18,0.12,1.93,0.59,16.38,19746.2,47.03,1.34,15.44
2015-03-26,57.02,0.21,2.01,0.61,16.02,19471.12,49.58,1.4,15.8
2015-03-27,56.44,0.19,1.95,0.58,15.83,19285.63,52.84,1.37,15.07
2015-03-30,53.99,0.23,1.96,0.58,16.64,19411.4,51.98,1.38,14.51
2015-03-31,53.69,0.18,1.94,0.56,16.34,19206.99,53.72,1.38,15.29
2015-04-01,55.73,0.07,1.87,0.55,16.04,19034.84,50.9,1.32,15.11
2015-04-02,55.73,0.11,1.92,0.55,16.01,19312.79,49.84,1.37,14.67
2015-04-03,,0.02,1.85,0.49,,19435.08,,1.36,
2015-04-06,55.73,0.07,1.92,0.51,15.74,19397.98,48.33,1.41,14.74
2015-04-07,57.55,0.04,1.89,0.52,15.2,19640.54,46.25,1.37,14.78
2015-04-08,56.42,0.08,1.92,0.54,14.79,19789.81,48.1,1.38,13.98
2015-04-09,56.04,0.13,1.97,0.56,15.0,19937.72,46.65,1.41,13.09
2015-04-10,56.82,0.14,1.96,0.57,14.23,19907.63,43.04,1.39,12.58
2015-04-13,57.14,0.14,1.94,0.54,14.79,19905.46,44.2,1.4,13.94
2015-04-14,57.69,0.1,1.9,0.53,15.18,19908.68,44.65,1.37,13.67
2015-04-15,59.32,0.07,1.91,0.51,14.6,19869.76,46.14,1.4,12.84
2015-04-16,60.13,0.05,1.9,0.5,14.54,19885.77,43.48,1.4,12.6
2015-04-17,61.31,-0.02,1.87,0.51,14.47,19652.88,42.0,1.36,13.89
2015-04-20,61.2,0.01,1.9,0.55,15.39,19634.49,42.06,1.35,13.3
2015-04-21,60.12,0.06,1.92,0.55,15.04,19909.09,41.04,1.37,13.25
2015-04-22,60.12,0.12,1.99,0.57,15.79,20133.9,39.01,1.42,12.71
2015-04-23,62.66,0.07,1.96,0.55,15.87,20187.65,37.98,1.41,12.48
2015-04-24,62.96,0.04,1.93,0.54,16.39,20020.04,36.61,1.39,12.29
2015-04-27,62.86,0.03,1.94,0.54,16.42,19983.32,37.46,1.4,13.12
2015-04-28,62.61,0.11,2.0,0.56,16.19,20058.95,37.31,1.44,12.41
2015-04-29,63.97,0.14,2.06,0.56,15.95,,36.68,1.5,13.39
2015-04-30,63.9,0.11,2.05,0.58,16.76,19520.01,36.28,1.47,14.55
2015-05-01,64.13,0.18,2.12,0.6,17.29,19531.63,35.62,1.52,12.7
2015-05-04,64.62,0.24,2.16,0.6,17.62,,36.2,1.56,12.85
2015-05-05,65.44,0.25,2.19,0.62,17.15,,36.24,1.57,14.31
2015-05-06,66.22,0.34,2.25,0.65,17.53,,36.88,1.6,15.15
2015-05-07,64.93,0.3,2.18,0.63,17.91,19291.99,38.13,1.55,15.13
2015-05-08,63.82,0.28,2.16,0.59,15.84,19379.19,35.09,1.57,12.86
2015-05-11,62.82,0.4,2.28,0.62,15.94,19620.91,34.86,1.66,13.85
2015-05-12,65.09,0.4,2.28,0.61,15.63,19624.84,33.74,1.67,13.86
2015-05-13,66.33,0.41,2.27,0.59,15.93,19764.72,34.33,1.68,13.76
2015-05-14,65.58,0.36,2.23,0.56,16.21,19570.24,32.63,1.67,12.74
2015-05-15,64.69,0.31,2.14,0.55,15.48,19732.92,29.95,1.59,12.38
2015-05-18,65.15,0.37,2.23,0.58,15.81,19890.27,30.63,1.65,12.73
2015-05-19,63.48,0.42,2.27,0.63,15.88,20026.38,34.82,1.64,12.85
2015-05-20,63.52,0.38,2.26,0.6,15.25,20196.56,33.7,1.66,12.88
2015-05-21,64.7,0.35,2.19,0.6,14.62,20202.87,31.61,1.59,12.11
2015-05-22,64.7,0.34,2.21,0.64,14.19,20264.41,31.29,1.57,12.13
2015-05-25,,,,,,20413.77,,,
2015-05-26,61.65,0.32,2.14,0.64,15.22,20437.48,34.66,1.5,14.06
2015-05-27,61.35,0.34,2.14,0.64,14.08,20472.58,35.29,1.5,13.27
2015-05-28,60.12,0.33,2.13,0.62,14.51,20551.46,34.2,1.51,13.31
2015-05-29,63.16,0.32,2.12,0.61,13.99,20563.15,33.74,1.51,13.84
2015-06-01,62.87,0.39,2.19,0.64,14.88,20569.87,35.3,1.55,13.97
2015-06-02,63.14,0.44,2.27,0.64,14.86,20543.19,35.74,1.63,14.24
2015-06-03,62.78,0.55,2.38,0.69,15.15,20473.51,37.4,1.69,13.66
2015-06-04,60.34,0.5,2.31,0.66,16.01,20488.19,38.42,1.65,14.71
2015-06-05,60.36,0.55,2.41,0.73,15.12,20460.9,33.54,1.68,14.21
2015-06-08,61.33,0.54,2.39,0.7,15.14,20457.19,34.04,1.69,15.29
2015-06-09,63.23,0.56,2.42,0.72,14.83,20096.3,33.01,1.7,14.47
2015-06-10,64.68,0.63,2.5,0.75,14.37,20046.36,31.79,1.75,13.22
2015-06-11,63.76,0.56,2.39,0.73,14.3,20382.97,31.76,1.66,12.85
2015-06-12,63.19,0.55,2.39,0.74,13.99,20407.08,31.51,1.65,13.78
2015-06-15,60.99,0.51,2.36,0.72,14.34,20387.79,32.55,1.64,15.39
2015-06-16,60.75,0.44,2.32,0.71,14.36,20257.94,32.39,1.61,14.81
2015-06-17,60.75,0.42,2.32,0.67,13.58,20219.27,32.83,1.65,14.5
2015-06-18,61.37,0.46,2.35,0.66,13.53,19990.82,31.59,1.69,13.19
2015-06-19,59.41,0.4,2.26,0.65,13.26,20174.24,30.4,1.61,13.96
2015-06-22,60.54,0.47,2.37,0.68,13.85,20428.19,30.06,1.69,12.74
2015-06-23,61.67,0.5,2.42,0.7,13.89,20809.42,29.69,1.72,12.11
2015-06-24,61.63,0.48,2.38,0.68,13.83,20868.03,29.6,1.7,13.26
2015-06-25,60.24,0.49,2.4,0.68,13.12,20771.4,29.26,1.72,14.01
2015-06-26,60.14,0.57,2.49,0.72,13.22,20706.15,29.01,1.77,14.02
2015-06-29,59.03,0.46,2.33,0.64,14.5,20109.95,33.64,1.69,18.85
2015-06-30,60.31,0.48,2.35,0.64,15.34,20235.73,32.43,1.71,18.23
2015-07-01,61.65,0.54,2.43,0.69,14.86,20329.32,34.11,1.74,16.09
2015-07-02,61.73,0.49,2.4,0.64,14.42,20522.5,33.8,1.76,16.79
2015-07-03,59.06,,,,,20539.79,,,
2015-07-06,57.19,0.43,2.3,0.6,14.25,20112.12,40.01,1.7,17.01
2015-07-07,54.72,0.4,2.27,0.58,15.23,20376.59,40.54,1.69,16.09
2015-07-08,55.7,0.39,2.22,0.55,15.78,19737.64,42.2,1.67,19.66
2015-07-09,57.83,0.47,2.32,0.6,15.47,19855.5,42.04,1.72,19.97
2015-07-10,57.72,0.55,2.42,0.65,14.42,19779.83,41.22,1.77,16.83
2015-07-13,57.63,0.58,2.44,0.69,13.43,20089.77,38.08,1.75,13.9
2015-07-14,57.2,0.56,2.41,0.66,13.25,20385.33,36.31,1.75,13.37
2015-07-15,57.34,0.52,2.36,0.64,14.35,20463.33,37.25,1.72,13.23
2015-07-16,57.31,0.52,2.36,0.67,14.05,20600.12,35.92,1.69,12.11
2015-07-17,56.38,0.51,2.34,0.68,16.32,20650.92,34.68,1.66,11.95
2015-07-20,56.42,0.56,2.38,0.71,19.73,,36.39,1.67,12.25
2015-07-21,55.94,0.53,2.35,0.71,19.56,20841.97,34.97,1.64,12.22
2015-07-22,56.36,0.53,2.33,0.75,19.59,20593.67,37.66,1.58,12.12
2015-07-23,55.76,0.49,2.28,0.71,19.39,20683.95,38.46,1.57,12.64
2015-07-24,54.29,0.51,2.27,0.7,19.27,20544.53,39.0,1.57,13.74
2015-07-27,54.07,0.5,2.23,0.68,20.06,20350.1,41.15,1.55,15.6
2015-07-28,54.3,0.51,2.26,0.69,18.4,20328.89,39.94,1.57,13.44
2015-07-29,54.73,0.52,2.29,0.7,17.22,20302.91,38.59,1.59,12.5
2015-07-30,54.29,0.51,2.28,0.72,17.07,20522.83,37.33,1.56,12.13
2015-07-31,53.29,0.46,2.2,0.67,16.79,20585.24,38.82,1.53,12.12
2015-08-03,49.49,0.46,2.16,0.68,17.58,20548.11,40.91,1.48,12.56
2015-08-04,49.08,0.52,2.23,0.74,17.24,20520.36,40.12,1.49,13.0
2015-08-05,49.04,0.58,2.28,0.73,17.74,20614.06,40.18,1.55,12.51
2015-08-06,47.8,0.56,2.23,0.71,17.25,20664.44,41.54,1.52,13.77
2015-08-07,47.54,0.52,2.18,0.73,16.59,20724.56,41.17,1.45,13.39
2015-08-10,48.3,0.55,2.24,0.73,16.41,20808.69,40.99,1.51,12.23
2015-08-11,47.33,0.49,2.15,0.68,16.53,20720.75,42.16,1.47,13.71
2015-08-12,48.29,0.52,2.14,0.67,16.8,20392.77,42.4,1.47,13.61
2015-08-13,48.01,0.57,2.19,0.72,15.84,20595.55,43.23,1.47,13.49
2015-08-14,47.79,0.58,2.2,0.73,15.59,20519.45,40.92,1.47,12.83
2015-08-17,47.77,0.58,2.16,0.72,15.4,20620.26,40.35,1.44,13.02
2015-08-18,47.0,0.62,2.2,0.74,15.84,20554.47,39.48,1.46,13.79
2015-08-19,45.75,0.55,2.12,0.67,15.96,20222.63,41.29,1.45,15.25
2015-08-20,45.63,0.53,2.09,0.69,16.87,20033.52,42.58,1.4,19.14
2015-08-21,43.84,0.52,2.05,0.64,18.48,19435.83,44.66,1.41,28.03
2015-08-24,41.59,0.52,2.01,0.59,21.26,18540.68,50.11,1.42,40.74
2015-08-25,41.86,0.59,2.12,0.67,20.2,17806.7,49.0,1.45,36.02
2015-08-26,41.76,0.65,2.18,0.67,20.03,18376.83,46.87,1.51,30.32
2015-08-27,44.46,0.6,2.18,0.68,18.74,18574.44,49.03,1.5,26.1
2015-08-28,47.97,0.58,2.19,0.72,18.8,19136.32,51.56,1.47,26.05
2015-08-31,,0.58,2.21,0.74,19.34,18890.48,54.37,1.47,28.43
2015-09-01,48.8,0.6,2.17,0.7,19.65,18165.69,57.51,1.47,31.4
2015-09-02,47.67,0.64,2.2,0.72,18.65,18095.4,53.75,1.48,26.09
2015-09-03,50.41,0.64,2.18,0.71,18.57,18182.39,50.44,1.47,25.61
2015-09-04,48.59,0.62,2.13,0.71,18.62,17792.16,49.29,1.42,27.8
2015-09-07,46.42,,,,,17860.47,,,
2015-09-08,48.88,0.67,2.2,0.74,18.31,17427.08,50.14,1.46,24.9
2015-09-09,48.04,0.65,2.21,0.75,17.8,18770.51,49.5,1.46,26.23
2015-09-10,47.77,0.64,2.23,0.75,16.89,18299.62,50.05,1.48,24.37
2015-09-11,46.87,0.61,2.2,0.71,17.38,18264.22,49.63,1.49,23.2
2015-09-14,45.87,0.62,2.18,0.73,17.63,17965.7,49.81,1.45,24.25
2015-09-15,45.91,0.72,2.28,0.82,17.69,18026.48,51.14,1.46,22.54
2015-09-16,49.35,0.73,2.3,0.82,18.05,18171.6,50.24,1.48,21.35
2015-09-17,48.27,0.63,2.21,0.7,16.63,18432.27,45.34,1.51,21.14
2015-09-18,47.28,0.58,2.13,0.69,16.46,18070.21,45.84,1.44,22.28
2015-09-21,47.64,0.66,2.2,0.72,16.59,,47.51,1.48,20.14
2015-09-22,46.69,0.63,2.14,0.69,17.35,,48.9,1.45,22.44
2015-09-23,48.0,0.64,2.16,0.7,17.34,,51.12,1.46,22.13
2015-09-24,47.06,0.64,2.13,0.67,19.26,17571.83,49.44,1.46,23.47
2015-09-25,47.28,0.71,2.17,0.7,18.33,17880.51,47.71,1.47,23.62
2015-09-28,46.04,0.71,2.1,0.67,18.28,17645.11,49.46,1.43,27.63
2015-09-29,47.58,0.66,2.05,0.64,17.67,16930.84,49.32,1.41,26.83
2015-09-30,47.29,0.65,2.06,0.64,17.47,17388.15,45.52,1.42,24.5
2015-10-01,47.48,0.59,2.05,0.64,16.9,17722.42,44.61,1.41,22.55
2015-10-02,46.55,0.51,1.99,0.58,16.71,17725.13,42.86,1.41,20.94
2015-10-05,49.45,0.56,2.07,0.61,16.68,18005.49,43.03,1.46,19.54
2015-10-06,51.34,0.53,2.05,0.61,17.54,18186.1,44.14,1.44,19.4
2015-10-07,51.66,0.53,2.08,0.65,17.13,18322.98,43.26,1.43,18.4
2015-10-08,52.13,0.54,2.12,0.65,16.91,18141.17,43.28,1.47,17.42
2015-10-09,52.08,0.58,2.12,0.65,16.92,18438.67,42.8,1.47,17.08
2015-10-12,50.95,,,,16.24,,44.9,,16.17
2015-10-13,48.94,0.54,2.06,0.64,17.14,18234.74,45.37,1.42,17.67
2015-10-14,48.25,0.5,1.99,0.57,18.35,17891.0,42.7,1.42,18.03
2015-10-15,47.87,0.54,2.04,0.61,17.9,18096.9,41.99,1.43,16.05
2015-10-16,48.96,0.56,2.04,0.61,16.59,18291.8,39.58,1.43,15.05
2015-10-19,47.51,0.59,2.04,0.61,16.94,18131.23,40.74,1.43,14.98
2015-10-20,46.93,0.6,2.08,0.66,16.79,18207.15,41.72,1.42,15.75
2015-10-21,46.72,0.59,2.04,0.64,15.9,18554.28,41.77,1.4,16.7
2015-10-22,46.59,0.57,2.04,0.61,15.59,18435.87,40.22,1.43,14.45
2015-10-23,46.3,0.58,2.09,0.66,15.59,18825.3,41.51,1.43,14.46
2015-10-26,46.57,0.59,2.07,0.66,15.78,18947.12,42.99,1.41,15.29
2015-10-27,45.54,0.57,2.05,0.65,15.3,18777.04,44.77,1.4,15.43
2015-10-28,47.6,0.63,2.1,0.73,15.63,18903.02,44.29,1.37,14.33
2015-10-29,48.04,0.67,2.19,0.75,15.77,18935.71,43.63,1.44,14.61
2015-10-30,48.0,0.63,2.16,0.75,15.39,19083.1,41.95,1.41,15.07
2015-11-02,47.91,0.65,2.2,0.77,15.28,18683.24,41.88,1.43,14.15
2015-11-03,48.0,0.65,2.23,0.8,17.19,,41.27,1.43,14.54
2015-11-04,46.96,0.68,2.25,0.84,18.02,18926.91,41.54,1.41,15.51
2015-11-05,47.19,0.71,2.26,0.85,17.82,19116.41,39.29,1.41,15.05
2015-11-06,46.09,0.75,2.34,0.9,17.36,19265.6,39.85,1.44,14.33
2015-11-09,45.38,0.76,2.36,0.89,17.55,19642.74,41.34,1.47,16.52
2015-11-10,46.44,0.77,2.32,0.87,17.36,19671.26,39.34,1.45,15.29
2015-11-11,44.98,,,,17.89,19691.39,41.92,,16.06
2015-11-12,44.98,0.78,2.32,0.89,18.47,19697.77,43.93,1.43,18.37
2015-11-13,41.98,0.76,2.28,0.86,18.29,19596.91,46.26,1.42,20.08
2015-11-16,40.28,0.76,2.27,0.88,18.5,19393.69,47.44,1.39,18.16
2015-11-17,41.28,0.72,2.25,0.86,20.17,19630.63,46.63,1.39,18.84
2015-11-18,41.45,0.71,2.27,0.9,19.4,19649.18,43.53,1.37,16.85
2015-11-19,42.22,0.68,2.24,0.91,18.04,19859.81,43.75,1.33,16.99
2015-11-20,42.49,0.66,2.26,0.93,17.26,19879.81,44.93,1.33,15.47
2015-11-23,43.7,0.64,2.25,0.94,17.7,,45.84,1.31,15.62
2015-11-24,44.38,0.62,2.24,0.93,16.72,19924.89,47.17,1.31,15.93
2015-11-25,43.56,0.62,2.23,0.93,16.39,19847.58,48.46,1.3,15.19
2015-11-26,43.55,,,,,19944.41,,,
2015-11-27,43.07,0.62,2.22,0.92,17.16,19883.94,48.28,1.3,15.12
2015-11-30,43.73,0.62,2.21,0.94,16.91,19747.47,48.14,1.27,16.13
2015-12-01,42.97,0.58,2.15,0.91,16.62,20012.4,49.28,1.24,14.67
2015-12-02,41.92,0.62,2.18,0.94,17.36,19938.13,51.96,1.24,15.91
2015-12-03,42.0,0.72,2.33,0.96,17.76,19939.9,50.65,1.37,18.11
2015-12-04,41.44,0.68,2.28,0.96,15.96,19504.48,45.44,1.32,14.81
2015-12-07,39.69,0.67,2.23,0.94,16.23,19698.15,49.0,1.29,15.84
2015-12-08,39.44,0.68,2.24,0.94,16.12,19492.6,50.34,1.3,17.6
2015-12-09,39.04,0.69,2.22,0.93,17.39,19301.07,51.53,1.29,19.61
2015-12-10,38.65,0.73,2.24,0.95,17.07,19046.55,51.23,1.29,19.34
2015-12-11,36.99,0.67,2.13,0.88,18.16,19230.48,54.29,1.25,24.39
2015-12-14,36.51,0.78,2.23,0.97,19.05,18883.42,55.36,1.26,22.73
2015-12-15,37.66,0.8,2.28,0.98,18.09,18565.9,50.03,1.3,20.95
2015-12-16,36.96,0.84,2.3,1.02,15.41,19049.91,47.64,1.28,17.86
2015-12-17,36.29,0.77,2.24,1.0,16.06,19353.56,47.45,1.24,18.94
2015-12-18,36.76,0.73,2.19,0.97,15.06,18986.8,49.43,1.22,20.7
2015-12-21,35.34,0.75,2.2,0.96,15.32,18916.02,49.18,1.24,18.7
2015-12-22,35.26,0.78,2.24,0.99,15.17,18886.7,48.84,1.25,16.6
2015-12-23,35.79,0.76,2.27,1.01,14.94,,47.39,1.26,15.57
2015-12-24,37.22,0.73,2.25,1.03,15.02,18789.69,44.81,1.22,15.74
2015-12-25,,,,,,18769.06,,,
2015-12-28,37.08,0.74,2.24,1.05,16.06,18873.35,47.0,1.19,16.91
2015-12-29,36.85,0.79,2.32,1.09,15.22,18982.23,45.27,1.23,16.08
2015-12-30,35.65,0.77,2.31,1.08,15.25,19033.71,46.01,1.23,17.29
2015-12-31,36.61,0.73,2.27,1.06,14.99,,46.57,1.21,18.21
2016-01-04,36.28,0.69,2.24,1.02,16.07,18450.98,49.79,1.22,20.7
2016-01-05,35.56,0.69,2.25,1.04,15.2,18374.0,49.68,1.21,19.34
2016-01-06,33.89,0.65,2.18,0.99,16.3,18191.32,52.36,1.19,20.59
2016-01-07,33.57,0.66,2.16,0.96,17.42,17767.34,56.15,1.2,24.99
2016-01-08,31.67,0.65,2.13,0.94,17.62,17697.96,56.1,1.19,27.01
2016-01-11,30.14,0.72,2.17,0.94,16.43,,62.98,1.23,24.3
2016-01-12,29.14,0.69,2.12,0.93,16.61,17218.96,65.27,1.19,22.47
2016-01-13,28.58,0.65,2.08,0.91,16.99,17715.63,60.67,1.17,25.22
2016-01-14,28.84,0.67,2.1,0.9,16.16,17240.95,57.56,1.2,23.95
2016-01-15,28.8,0.67,2.03,0.85,17.42,17147.11,62.09,1.18,27.02
2016-01-18,27.36,,,,,16955.57,,,
2016-01-19,27.36,0.68,2.06,0.88,16.17,17048.37,64.04,1.18,26.05
2016-01-20,26.01,0.69,2.01,0.85,16.56,16416.19,67.93,1.16,27.59
2016-01-21,27.59,0.74,2.02,0.84,16.77,16017.26,65.79,1.18,26.69
2016-01-22,30.46,0.72,2.07,0.88,15.91,16958.53,61.86,1.19,22.34
2016-01-25,29.82,0.69,2.03,0.88,17.13,17110.91,65.74,1.15,24.15
2016-01-26,30.94,0.65,2.01,0.85,17.26,16708.9,65.89,1.16,22.5
2016-01-27,31.83,0.62,2.02,0.84,16.71,17163.92,65.62,1.18,23.11
2016-01-28,33.01,0.58,2.0,0.83,15.41,17041.45,65.99,1.17,22.42
2016-01-29,33.14,0.53,1.94,0.76,15.73,17518.3,61.86,1.18,20.2
2016-02-01,32.45,0.57,1.97,0.81,16.81,17865.23,66.63,1.16,19.98
2016-02-02,30.98,0.51,1.87,0.75,16.2,17750.68,68.59,1.12,21.98
2016-02-03,32.38,0.5,1.88,0.72,17.84,17191.25,67.71,1.16,21.65
2016-02-04,32.76,0.51,1.87,0.7,17.39,17044.99,66.78,1.17,21.84
2016-02-05,32.35,0.53,1.86,0.74,19.58,16819.59,66.67,1.12,23.38
2016-02-08,31.64,0.52,1.75,0.66,20.38,17004.3,68.38,1.09,26.0
2016-02-09,30.15,0.53,1.74,0.69,21.72,16085.44,72.29,1.05,26.54
2016-02-10,29.64,0.5,1.71,0.71,21.36,15713.39,72.5,1.0,26.29
2016-02-11,28.82,0.45,1.63,0.64,28.37,,77.79,0.99,28.14
2016-02-12,31.8,0.49,1.74,0.71,24.1,14952.61,78.97,1.03,25.4
2016-02-15,,,,,,16022.58,,,
2016-02-16,31.09,0.53,1.78,0.74,24.84,16054.43,71.53,1.04,24.11
2016-02-17,33.21,0.53,1.81,0.74,24.53,15836.36,69.47,1.07,22.31
2016-02-18,33.2,0.51,1.75,0.71,26.37,16196.8,67.49,1.04,21.64
2016-02-19,31.66,0.5,1.76,0.76,24.88,15967.17,62.46,1.0,20.53
2016-02-22,33.59,0.46,1.77,0.78,23.31,16111.05,62.84,0.99,19.38
2016-02-23,31.9,0.42,1.74,0.76,23.69,16052.05,65.03,0.98,20.98
2016-02-24,31.5,0.39,1.75,0.75,24.24,15915.79,66.09,1.0,20.72
2016-02-25,32.83,0.32,1.71,0.72,23.36,16140.34,63.74,0.99,19.11
2016-02-26,35.76,0.35,1.76,0.8,21.67,16188.41,59.96,0.96,19.81
2016-02-29,35.92,0.32,1.74,0.78,22.59,16026.76,60.01,0.96,20.55
2016-03-01,35.73,0.35,1.83,0.85,21.97,16085.51,56.84,0.98,17.7
2016-03-02,36.38,0.33,1.84,0.85,22.0,16746.55,53.37,0.99,17.09
2016-03-03,35.75,0.3,1.83,0.85,23.51,16960.16,52.57,0.98,16.7
2016-03-04,37.61,0.37,1.88,0.88,22.31,17014.78,51.89,1.0,16.86
2016-03-07,39.02,0.43,1.91,0.91,22.08,16911.32,52.8,1.0,17.35
2016-03-08,39.16,0.37,1.83,0.88,23.07,16783.15,54.04,0.95,18.67
2016-03-09,40.26,0.39,1.9,0.9,22.31,16642.2,51.74,1.0,18.34
2016-03-10,38.63,0.45,1.93,0.93,23.14,16852.35,51.98,1.0,18.05
2016-03-11,39.41,0.44,1.98,0.97,21.9,16938.87,50.25,1.01,16.5
2016-03-14,38.06,0.45,1.97,0.97,21.14,17233.75,50.17,1.0,16.92
2016-03-15,37.49,0.47,1.97,0.98,19.7,17117.07,48.98,0.99,16.84
2016-03-16,38.38,0.36,1.94,0.87,20.03,16974.45,43.98,1.07,14.99
2016-03-17,39.29,0.34,1.91,0.87,18.99,16936.38,46.22,1.04,14.44
2016-03-18,39.26,0.27,1.88,0.84,18.15,16724.81,44.98,1.04,14.02
2016-03-21,39.91,0.28,1.92,0.87,17.4,,45.09,1.05,13.79
2016-03-22,40.54,0.31,1.94,0.91,17.62,17048.55,44.12,1.03,14.17
2016-03-23,38.84,0.3,1.88,0.87,18.0,17000.98,44.58,1.01,14.94
2016-03-24,38.33,0.34,1.91,0.89,18.09,16892.33,44.96,1.02,14.74
2016-03-25,,,,,,17002.75,,,
2016-03-28,38.33,0.33,1.89,0.89,17.53,17134.37,45.98,1.0,15.24
2016-03-29,36.75,0.2,1.81,0.78,19.52,17103.53,46.63,1.03,13.82
2016-03-30,36.75,0.18,1.83,0.76,18.58,16878.96,46.38,1.07,13.56
2016-03-31,36.75,0.16,1.78,0.73,18.45,16758.67,45.91,1.05,13.95
2016-04-01,36.42,0.17,1.79,0.76,18.04,16164.16,47.76,1.03,13.1
2016-04-04,36.05,0.14,1.78,0.75,17.95,16123.27,50.89,1.03,14.12
2016-04-05,35.88,0.14,1.73,0.72,18.16,15732.82,50.16,1.01,15.42
2016-04-06,37.77,0.17,1.76,0.73,17.82,15715.36,46.16,1.03,14.09
2016-04-07,37.15,0.12,1.7,0.7,19.32,15749.84,46.5,1.0,16.16
2016-04-08,40.71,0.14,1.72,0.7,18.74,15821.52,47.42,1.02,15.36
2016-04-11,41.58,0.17,1.73,0.7,19.58,15751.13,49.04,1.03,16.26
2016-04-12,43.02,0.22,1.79,0.74,19.09,15928.79,48.78,1.05,14.85
2016-04-13,42.81,0.21,1.77,0.75,17.96,16381.22,48.79,1.02,13.84
2016-04-14,43.02,0.24,1.8,0.77,17.83,16911.05,46.37,1.03,13.72
2016-04-15,41.32,0.2,1.76,0.74,17.41,16848.03,51.27,1.02,13.62
2016-04-18,41.64,0.21,1.78,0.75,17.3,16275.95,46.45,1.03,13.35
2016-04-19,43.02,0.19,1.79,0.77,17.42,16874.44,43.93,1.02,13.24
2016-04-20,43.09,0.23,1.85,0.8,16.69,16906.54,43.67,1.05,13.28
2016-04-21,43.48,0.24,1.88,0.82,17.9,17363.62,43.76,1.06,13.95
2016-04-22,43.97,0.25,1.89,0.84,17.21,17572.49,41.97,1.05,13.22
2016-04-25,42.97,0.26,1.91,0.85,17.66,17439.3,44.24,1.06,14.08
2016-04-26,43.94,0.27,1.94,0.86,17.43,17353.28,43.51,1.08,13.96
2016-04-27,44.17,0.19,1.87,0.83,16.43,17290.49,43.64,1.04,13.77
2016-04-28,45.6,0.12,1.84,0.78,17.9,16666.05,42.84,1.06,15.22
2016-04-29,45.64,0.12,1.83,0.77,20.23,,42.52,1.06,15.7
2016-05-02,45.82,0.2,1.88,0.8,19.29,16147.38,45.15,1.08,14.68
2016-05-03,43.09,0.17,1.81,0.75,18.7,,45.78,1.06,15.6
2016-05-04,43.08,0.16,1.79,0.75,19.47,,44.76,1.04,16.05
2016-05-05,44.39,0.13,1.76,0.72,18.46,,44.82,1.04,15.91
2016-05-06,44.6,0.18,1.79,0.74,18.65,16106.72,42.47,1.05,14.72
2016-05-09,42.43,0.18,1.77,0.72,18.65,16216.03,44.14,1.05,14.57
2016-05-10,44.01,0.15,1.77,0.72,18.04,16565.19,42.28,1.05,13.63
2016-05-11,46.08,0.14,1.73,0.74,18.35,16579.01,42.02,0.99,14.69
2016-05-12,46.43,0.15,1.75,0.76,17.84,16646.34,41.5,0.99,14.41
2016-05-13,47.05,0.13,1.71,0.76,18.29,16412.21,41.57,0.95,15.04
2016-05-16,48.49,0.15,1.75,0.79,18.49,16466.4,42.03,0.96,14.68
2016-05-17,48.71,0.15,1.76,0.82,18.17,16652.8,42.75,0.94,15.57
2016-05-18,48.93,0.26,1.87,0.9,18.2,16644.69,42.87,0.97,15.95
2016-05-19,47.01,0.29,1.85,0.89,17.85,16646.66,42.4,0.96,16.33
2016-05-20,48.54,0.29,1.85,0.89,17.0,16736.35,40.17,0.96,15.2
2016-05-23,47.77,0.3,1.84,0.91,16.8,16654.6,39.44,0.93,15.82
2016-05-24,48.42,0.31,1.86,0.92,16.66,16498.76,38.02,0.94,14.42
2016-05-25,48.87,0.29,1.87,0.92,15.98,16757.35,35.94,0.95,13.9
2016-05-26,49.52,0.25,1.83,0.87,15.29,16772.46,36.56,0.96,13.43
2016-05-27,49.09,0.27,1.85,0.9,15.39,16834.84,35.97,0.95,13.12
2016-05-30,,,,,,17068.02,,,
2016-05-31,49.26,0.3,1.84,0.87,15.83,17234.98,38.08,0.97,14.19
2016-06-01,48.81,0.31,1.85,0.91,15.92,16955.73,40.0,0.94,14.2
2016-06-02,49.05,0.27,1.81,0.89,16.05,16562.55,36.64,0.92,13.63
2016-06-03,48.5,0.19,1.71,0.78,17.45,16642.23,34.81,0.93,13.47
2016-06-06,48.94,0.19,1.73,0.8,17.76,16580.03,35.61,0.93,13.65
2016-06-07,49.76,0.15,1.72,0.78,17.29,16675.45,36.19,0.94,14.05
2016-06-08,50.73,0.12,1.71,0.78,18.76,16830.92,35.17,0.93,14.08
2016-06-09,50.59,0.12,1.68,0.77,20.28,16668.41,35.9,0.91,14.64
2016-06-10,49.7,0.12,1.64,0.73,20.52,16601.36,39.95,0.91,17.03
2016-06-13,49.36,0.15,1.62,0.73,21.11,16019.18,42.72,0.89,20.97
2016-06-14,47.88,0.17,1.62,0.74,20.63,15859.0,43.07,0.88,20.5
2016-06-15,47.47,0.13,1.6,0.69,20.68,15919.58,42.58,0.91,20.14
2016-06-16,45.66,0.15,1.57,0.7,21.95,15434.14,44.49,0.87,19.37
2016-06-17,46.57,0.2,1.62,0.7,22.52,15599.66,41.35,0.92,19.41
2016-06-20,48.68,0.24,1.67,0.74,21.01,15965.3,38.99,0.93,18.37
2016-06-21,48.18,0.28,1.71,0.76,20.65,16169.11,40.37,0.95,18.48
2016-06-22,48.43,0.25,1.69,0.75,22.25,16065.72,43.25,0.94,21.17
2016-06-23,48.63,0.24,1.74,0.78,20.1,16238.35,40.1,0.96,17.25
2016-06-24,46.69,0.15,1.57,0.64,22.2,14952.02,43.33,0.93,25.76
2016-06-27,45.07,0.12,1.46,0.61,22.52,15309.21,42.85,0.85,23.85
2016-06-28,46.29,0.09,1.46,0.61,20.18,15323.14,40.18,0.85,18.75
2016-06-29,48.4,0.1,1.5,0.62,19.26,15566.83,38.29,0.88,16.64
2016-06-30,48.05,0.09,1.49,0.58,18.5,15575.92,38.09,0.91,15.63
2016-07-01,47.65,0.03,1.46,0.59,18.43,15682.48,36.18,0.87,14.77
2016-07-04,48.02,,,,,15775.8,,,
2016-07-05,45.64,-0.03,1.37,0.56,20.09,15669.33,40.08,0.81,15.58
2016-07-06,45.7,-0.05,1.38,0.58,21.18,15378.99,41.43,0.8,14.96
2016-07-07,45.93,-0.03,1.4,0.58,20.55,15276.24,43.24,0.82,14.76
2016-07-08,44.53,-0.06,1.37,0.61,18.79,15106.98,41.41,0.76,13.2
2016-07-11,44.04,0.01,1.43,0.66,18.93,15708.82,42.51,0.77,13.54
2016-07-12,46.72,0.07,1.53,0.69,17.94,16095.65,39.67,0.84,13.55
2016-07-13,44.67,0.03,1.48,0.68,17.61,16231.43,43.1,0.8,13.04
2016-07-14,46.01,0.08,1.53,0.68,17.15,16385.89,38.3,0.85,12.82
2016-07-15,46.25,0.11,1.6,0.71,16.91,16497.85,36.66,0.89,12.67
2016-07-18,45.35,0.1,1.59,0.68,16.96,,38.15,0.91,12.44
2016-07-19,45.7,0.12,1.56,0.7,16.71,16723.31,37.2,0.86,11.97
2016-07-20,45.82,0.13,1.59,0.73,17.21,16681.89,37.02,0.86,11.77
2016-07-21,44.99,0.05,1.57,0.7,17.77,16810.22,38.13,0.87,12.74
2016-07-22,44.24,0.06,1.57,0.71,17.61,16627.25,38.85,0.86,12.02
2016-07-25,43.76,0.08,1.58,0.72,17.74,16620.29,40.97,0.86,12.87
2016-07-26,43.56,0.07,1.57,0.75,17.45,16383.04,41.27,0.82,13.05
2016-07-27,42.78,0.03,1.52,0.73,16.93,16664.82,41.6,0.79,12.83
2016-07-28,41.87,0.0,1.52,0.72,16.31,16476.84,42.93,0.8,12.72
2016-07-29,40.76,-0.03,1.46,0.67,15.8,16569.27,41.08,0.79,11.87
2016-08-01,40.17,0.05,1.51,0.67,16.28,16635.77,44.22,0.84,12.44
2016-08-02,40.0,0.11,1.55,0.67,16.45,16391.45,45.7,0.88,13.37
2016-08-03,40.45,0.09,1.55,0.67,16.18,16083.11,44.64,0.88,12.86
2016-08-04,41.33,0.04,1.51,0.64,16.06,16254.89,43.1,0.87,12.42
2016-08-05,42.47,0.09,1.59,0.72,15.6,16254.45,41.5,0.87,11.39
2016-08-08,43.24,0.08,1.59,0.74,15.49,16650.57,41.14,0.85,11.5
2016-08-09,43.37,0.06,1.55,0.71,14.41,16764.97,39.76,0.84,11.66
2016-08-10,42.19,0.06,1.5,0.69,14.89,16735.12,39.32,0.81,12.05
2016-08-11,44.23,0.1,1.57,0.76,15.37,,39.29,0.81,11.68
2016-08-12,45.12,0.07,1.51,0.71,15.01,16919.92,37.78,0.8,11.55
2016-08-15,47.31,0.1,1.55,0.72,14.67,16869.56,37.28,0.83,11.81
2016-08-16,48.27,0.13,1.57,0.76,16.13,16596.51,37.45,0.81,12.64
2016-08-17,48.58,0.09,1.56,0.74,15.83,16745.64,35.12,0.82,12.19
2016-08-18,49.46,0.06,1.53,0.71,14.97,16486.01,36.75,0.82,11.43
2016-08-19,49.39,0.1,1.58,0.76,15.35,16545.82,34.88,0.82,11.34
2016-08-22,48.1,0.08,1.55,0.76,15.82,16598.19,36.41,0.79,12.27
2016-08-23,48.7,0.07,1.55,0.74,15.62,16497.36,37.53,0.81,12.38
2016-08-24,47.56,0.08,1.56,0.76,16.89,16597.3,37.46,0.8,13.45
2016-08-25,49.25,0.09,1.58,0.78,16.73,16555.95,36.76,0.8,13.63
2016-08-26,49.66,0.15,1.62,0.84,16.17,16360.71,36.05,0.78,13.65
2016-08-29,49.66,0.11,1.57,0.81,15.95,16737.49,36.72,0.76,12.94
2016-08-30,47.94,0.11,1.57,0.8,15.99,16725.36,38.03,0.77,13.12
2016-08-31,47.94,0.11,1.58,0.8,16.01,16887.4,39.5,0.78,13.42
2016-09-01,45.05,0.12,1.57,0.78,16.25,16926.84,41.22,0.79,13.48
2016-09-02,45.96,0.13,1.6,0.8,14.58,16925.68,38.64,0.8,11.98
2016-09-05,46.72,,,,,17037.63,,,
2016-09-06,46.21,0.06,1.55,0.74,15.6,17081.98,39.85,0.81,12.02
2016-09-07,47.0,0.03,1.54,0.74,15.0,17012.44,38.63,0.8,11.94
2016-09-08,49.23,0.09,1.61,0.78,14.97,16958.77,38.21,0.83,12.51
2016-09-09,48.37,0.17,1.67,0.79,15.49,16965.76,39.72,0.88,17.5
2016-09-12,47.82,0.17,1.68,0.79,15.2,16672.92,39.16,0.89,15.16
2016-09-13,46.48,0.24,1.73,0.8,15.78,16729.04,41.1,0.93,17.85
2016-09-14,45.65,0.21,1.7,0.77,15.32,16614.24,42.47,0.93,18.14
2016-09-15,45.83,0.22,1.71,0.74,15.07,16405.01,40.9,0.97,16.3
2016-09-16,45.26,0.19,1.7,0.77,14.78,16519.29,39.86,0.93,15.37
2016-09-19,46.04,0.2,1.7,0.79,15.68,,39.66,0.91,15.53
2016-09-20,45.24,0.2,1.69,0.79,15.69,16492.15,40.99,0.9,15.92
2016-09-21,45.99,0.15,1.66,0.79,14.69,16807.62,39.85,0.87,13.3
2016-09-22,47.21,0.08,1.63,0.79,13.73,,41.57,0.84,12.02
2016-09-23,46.71,0.05,1.62,0.77,13.93,16754.02,43.89,0.85,12.29
2016-09-26,46.61,0.05,1.59,0.76,14.98,16544.56,44.9,0.83,14.5
2016-09-27,44.95,0.04,1.56,0.75,14.53,16683.93,43.88,0.81,13.1
2016-09-28,45.49,0.01,1.57,0.75,13.98,16465.4,45.24,0.82,12.39
2016-09-29,48.43,0.02,1.56,0.73,13.86,16693.71,42.05,0.83,14.02
2016-09-30,48.24,0.0,1.6,0.77,13.88,16449.84,39.31,0.83,13.29
2016-10-03,48.61,0.0,1.63,0.8,14.16,16598.67,38.04,0.83,13.57
2016-10-04,48.81,0.07,1.69,0.82,15.8,16735.65,37.66,0.87,13.63
2016-10-05,49.57,0.1,1.72,0.85,15.21,16819.24,36.65,0.87,12.99
2016-10-06,50.14,0.11,1.75,0.86,16.05,16899.1,35.92,0.89,12.84
2016-10-07,50.49,0.1,1.73,0.83,15.72,16860.09,36.6,0.9,13.48
2016-10-10,51.54,,,,15.6,,36.57,,13.38
2016-10-11,50.48,0.13,1.77,0.87,15.63,17024.76,38.08,0.9,15.36
2016-10-12,49.53,0.15,1.79,0.87,15.61,16840.0,39.05,0.92,15.91
2016-10-13,49.29,0.12,1.75,0.85,15.63,16774.24,37.22,0.9,16.69
2016-10-14,48.87,0.13,1.8,0.84,15.14,16856.37,35.55,0.96,16.12
2016-10-17,49.31,0.09,1.77,0.81,15.23,16900.12,34.88,0.96,16.21
2016-10-18,49.81,0.09,1.75,0.82,14.73,16963.61,36.37,0.93,15.28
2016-10-19,51.85,0.08,1.76,0.81,14.59,16998.91,32.72,0.95,14.41
2016-10-20,50.42,0.08,1.76,0.84,14.68,17235.5,32.48,0.92,13.75
2016-10-21,50.28,0.07,1.74,0.84,14.55,17184.59,32.51,0.9,13.34
2016-10-24,49.8,0.11,1.77,0.84,14.95,17234.42,32.79,0.93,13.02
2016-10-25,49.08,0.07,1.77,0.86,14.55,17365.25,33.93,0.91,13.46
2016-10-26,48.98,0.08,1.79,0.86,14.48,17391.84,35.39,0.93,14.24
2016-10-27,49.13,0.13,1.85,0.87,15.0,17336.42,35.86,0.98,15.36
2016-10-28,47.78,0.13,1.86,0.86,16.62,17446.41,37.76,1.0,16.19
2016-10-31,46.2,0.11,1.84,0.86,18.13,17425.02,40.96,0.98,17.06
2016-11-01,45.77,0.11,1.83,0.83,19.02,17442.4,40.08,1.0,18.56
2016-11-02,44.26,0.11,1.81,0.81,19.32,17134.68,40.86,1.0,19.32
2016-11-03,43.84,0.14,1.82,0.81,19.98,,41.49,1.01,22.08
2016-11-04,43.06,0.11,1.79,0.8,20.22,16905.36,43.69,0.99,22.51
2016-11-07,42.83,0.12,1.83,0.82,18.53,17177.21,44.2,1.01,18.71
2016-11-08,43.47,0.15,1.88,0.87,17.93,17171.38,43.56,1.01,18.74
2016-11-09,43.88,0.25,2.07,0.9,16.68,16251.54,41.25,1.17,14.38
2016-11-10,43.67,0.27,2.15,0.92,18.52,17344.42,42.44,1.23,14.74
2016-11-11,41.61,,,,23.25,17374.79,45.31,,14.17
2016-11-14,41.83,0.4,2.23,1.0,20.5,17672.62,50.17,1.23,14.48
2016-11-15,44.15,0.41,2.23,1.02,16.42,17668.15,49.43,1.21,13.37
2016-11-16,45.07,0.39,2.22,1.0,15.77,17862.21,50.09,1.22,13.72
2016-11-17,44.57,0.42,2.29,1.04,17.5,17862.63,47.37,1.25,13.35
2016-11-18,44.41,0.44,2.34,1.07,17.03,17967.41,46.56,1.27,12.85
2016-11-21,45.96,0.42,2.33,1.08,15.86,18106.02,45.71,1.25,12.42
2016-11-22,46.1,0.41,2.31,1.07,15.43,18162.94,46.69,1.24,12.41
2016-11-23,46.54,0.44,2.36,1.12,18.53,,47.54,1.24,12.43
2016-11-24,47.54,,,,,18333.41,,,
2016-11-25,46.32,0.47,2.36,1.12,18.47,18381.22,53.46,1.24,12.34
2016-11-28,46.64,0.47,2.32,1.11,17.39,18356.89,52.56,1.21,13.15
2016-11-29,44.68,0.44,2.3,1.09,17.28,18307.04,55.09,1.21,12.9
2016-11-30,47.95,0.43,2.37,1.11,19.18,18308.48,44.25,1.26,13.33
2016-12-01,52.28,0.48,2.45,1.14,19.39,18513.12,40.45,1.31,14.07
2016-12-02,52.35,0.49,2.4,1.11,18.44,18426.08,35.51,1.29,14.12
2016-12-05,53.3,0.45,2.39,1.13,17.56,18274.99,37.0,1.26,12.14
2016-12-06,52.31,0.44,2.39,1.12,17.06,18360.54,37.11,1.27,11.79
2016-12-07,51.9,0.42,2.34,1.1,16.87,18496.69,36.05,1.24,12.22
2016-12-08,51.6,0.45,2.4,1.12,16.48,18765.47,35.03,1.28,12.64
2016-12-09,52.19,0.51,2.47,1.15,18.66,18996.37,35.21,1.32,11.75
2016-12-12,53.99,0.51,2.49,1.15,16.97,19155.03,30.3,1.34,12.64
2016-12-13,53.28,0.53,2.48,1.17,16.17,19250.52,31.35,1.31,12.72
2016-12-14,53.15,0.6,2.54,1.27,18.21,19253.61,33.97,1.27,13.19
2016-12-15,51.72,0.7,2.6,1.29,17.89,19273.79,33.58,1.31,12.79
2016-12-16,54.15,0.74,2.6,1.28,17.55,19401.15,29.18,1.32,12.2
2016-12-19,53.53,0.68,2.54,1.24,16.05,19391.6,29.23,1.3,11.71
2016-12-20,54.56,0.67,2.57,1.25,16.69,19494.53,27.43,1.32,11.45
2016-12-21,53.01,0.64,2.55,1.21,15.82,19444.49,28.39,1.34,11.27
2016-12-22,54.04,0.6,2.55,1.22,15.28,19427.67,30.29,1.33,11.43
2016-12-23,53.93,0.58,2.55,1.22,16.36,,29.9,1.33,11.44
2016-12-26,,,,,,19396.64,,,
2016-12-27,,0.58,2.57,1.28,16.68,19403.06,30.0,1.29,11.99
2016-12-28,54.95,0.56,2.51,1.26,16.04,19401.72,29.91,1.25,12.95
2016-12-29,54.97,0.55,2.49,1.22,15.68,19145.14,30.01,1.27,13.37
2016-12-30,54.96,0.5,2.45,1.2,16.23,19114.37,30.83,1.25,14.04
2017-01-03,55.05,0.47,2.45,1.22,16.26,,32.88,1.23,12.85
2017-01-04,54.57,0.47,2.46,1.24,15.16,19594.16,32.36,1.22,11.85
2017-01-05,54.99,0.42,2.37,1.17,14.98,19520.69,31.56,1.2,11.67
2017-01-06,55.9,0.46,2.42,1.22,14.55,19454.33,30.47,1.2,11.32
2017-01-09,54.39,0.43,2.38,1.21,14.38,,33.73,1.17,11.56
2017-01-10,53.2,0.43,2.38,1.19,14.32,19301.44,33.61,1.19,11.49
2017-01-11,53.61,0.39,2.38,1.2,14.96,19364.67,32.95,1.18,11.26
2017-01-12,54.51,0.38,2.36,1.18,14.6,19134.7,32.37,1.18,11.54
2017-01-13,54.37,0.41,2.4,1.21,14.63,19287.28,30.73,1.19,11.23
2017-01-16,54.3,,,,,19095.24,,,
2017-01-17,54.68,0.36,2.33,1.17,15.67,18813.53,31.25,1.16,11.87
2017-01-18,53.77,0.42,2.42,1.23,15.25,18894.37,31.24,1.19,12.48
2017-01-19,53.18,0.43,2.47,1.25,15.11,19072.25,30.88,1.22,12.78
2017-01-20,55.04,0.44,2.48,1.2,14.38,19137.91,29.19,1.28,11.54
2017-01-23,54.8,0.39,2.41,1.16,15.15,18891.03,30.79,1.25,11.77
2017-01-24,54.7,0.41,2.47,1.21,14.65,18787.99,29.59,1.26,11.07
2017-01-25,54.34,0.45,2.53,1.23,14.47,19057.5,30.41,1.3,10.81
2017-01-26,55.89,0.43,2.51,1.21,14.74,19402.39,29.59,1.3,10.63
2017-01-27,54.8,0.41,2.49,1.22,14.34,19467.4,29.78,1.27,10.58
2017-01-30,54.77,0.42,2.49,1.22,15.19,19368.85,30.94,1.27,11.88
2017-01-31,55.25,0.4,2.45,1.19,15.27,19041.34,31.33,1.26,11.99
2017-02-01,55.79,0.43,2.48,1.22,14.8,19148.08,30.65,1.26,11.81
2017-02-02,55.94,0.43,2.48,1.21,15.04,18914.58,29.39,1.27,11.93
2017-02-03,55.92,0.44,2.49,1.21,15.04,18918.2,28.11,1.28,10.97
2017-02-06,55.02,0.4,2.42,1.16,15.74,18976.71,29.37,1.26,11.37
2017-02-07,53.79,0.4,2.4,1.16,15.26,18910.78,29.61,1.24,11.29
2017-02-08,54.42,0.38,2.34,1.15,15.2,19007.6,29.09,1.19,11.45
2017-02-09,53.98,0.41,2.4,1.2,14.88,18907.67,28.25,1.2,10.88
2017-02-10,55.2,0.4,2.41,1.2,14.88,19378.93,26.43,1.21,10.85
2017-02-13,54.15,0.43,2.43,1.2,14.61,19459.15,26.99,1.23,11.07
2017-02-14,54.96,0.46,2.47,1.25,14.21,19238.98,27.49,1.22,10.74
2017-02-15,54.57,0.45,2.51,1.27,13.71,19437.98,27.75,1.24,11.97
2017-02-16,54.16,0.43,2.45,1.22,13.75,19347.53,27.37,1.23,11.76
2017-02-17,54.48,0.41,2.42,1.21,13.27,19234.62,25.29,1.21,11.49
2017-02-20,55.25,,,,,19251.08,,,
2017-02-21,56.34,0.4,2.43,1.22,13.72,19381.44,25.79,1.21,11.57
2017-02-22,54.9,0.38,2.42,1.22,13.26,19379.87,27.09,1.2,11.74
2017-02-23,55.82,0.35,2.38,1.18,13.68,19371.46,25.79,1.2,11.71
2017-02-24,54.69,0.31,2.31,1.12,13.54,19283.54,25.72,1.19,11.47
2017-02-27,54.65,0.35,2.36,1.2,14.44,19107.47,25.01,1.16,12.09
2017-02-28,53.36,0.34,2.36,1.22,14.3,19118.99,25.46,1.14,12.92
2017-03-01,55.72,0.43,2.46,1.29,14.41,19393.54,24.67,1.17,12.54
2017-03-02,54.16,0.48,2.49,1.32,13.89,19564.8,25.94,1.17,11.81
2017-03-03,54.12,0.45,2.49,1.32,13.66,19469.17,25.59,1.17,10.96
2017-03-06,54.73,0.48,2.49,1.31,13.24,19379.14,26.96,1.18,11.24
2017-03-07,54.61,0.49,2.52,1.32,13.22,19344.15,26.46,1.2,11.45
2017-03-08,53.3,0.56,2.57,1.36,13.58,19254.03,31.74,1.21,11.86
2017-03-09,50.65,0.6,2.6,1.37,13.62,19318.58,31.98,1.23,12.3
2017-03-10,50.63,0.57,2.58,1.36,13.03,19604.61,33.45,1.22,11.66
2017-03-13,50.1,0.61,2.62,1.4,11.27,19633.75,32.39,1.22,11.35
2017-03-14,49.6,0.61,2.6,1.4,11.57,19609.5,33.19,1.2,12.3
2017-03-15,50.63,0.5,2.51,1.33,11.23,19577.38,30.08,1.18,11.63
2017-03-16,50.56,0.51,2.53,1.35,11.12,19590.14,28.63,1.18,11.21
2017-03-17,50.58,0.49,2.5,1.33,10.8,19521.59,27.45,1.17,11.28
2017-03-20,50.67,0.47,2.47,1.3,11.35,,28.11,1.17,11.34
2017-03-21,50.14,0.45,2.43,1.27,12.13,19455.88,30.57,1.16,12.47
2017-03-22,49.56,0.43,2.4,1.27,12.28,19041.38,30.05,1.13,12.81
2017-03-23,50.17,0.46,2.41,1.26,12.58,19085.31,29.79,1.15,13.12
2017-03-24,49.97,0.42,2.4,1.26,12.06,19262.53,30.99,1.14,12.96
2017-03-27,50.12,0.41,2.38,1.27,12.51,18985.59,30.78,1.11,12.5
2017-03-28,50.72,0.45,2.42,1.3,12.35,19202.87,29.92,1.12,11.53
2017-03-29,51.36,0.41,2.39,1.26,11.65,19217.48,28.54,1.13,11.42
2017-03-30,52.25,0.46,2.42,1.28,12.09,19063.22,27.82,1.14,11.54
2017-03-31,52.2,0.43,2.4,1.27,12.41,18909.26,27.59,1.13,12.37
2017-04-03,52.04,0.39,2.35,1.24,12.61,18983.23,26.89,1.11,12.38
2017-04-04,53.08,0.4,2.36,1.25,12.41,18810.25,27.97,1.11,11.79
2017-04-05,53.41,0.37,2.34,1.24,13.23,18861.27,27.73,1.1,12.89
2017-04-06,53.62,0.39,2.34,1.24,12.85,18597.06,26.79,1.1,12.39
2017-04-07,54.24,0.44,2.38,1.29,13.45,18664.63,27.46,1.09,12.87
2017-04-10,54.79,0.44,2.37,1.29,13.75,18797.88,26.71,1.08,14.05
2017-04-11,54.73,0.41,2.32,1.24,15.2,18747.87,27.27,1.08,15.07
2017-04-12,54.75,0.38,2.28,1.24,16.08,18552.61,26.92,1.04,15.77
2017-04-13,55.05,0.32,2.24,1.21,16.2,18426.84,26.02,1.03,15.96
2017-04-14,,,,,,18335.63,,,
2017-04-17,54.79,0.38,2.26,1.21,16.2,18355.26,25.8,1.05,14.66
2017-04-18,52.6,0.33,2.18,1.18,15.67,18418.59,26.88,1.0,14.42
2017-04-19,52.43,0.36,2.21,1.19,14.5,18432.2,29.81,1.02,14.93
2017-04-20,50.66,0.39,2.24,1.21,14.54,18430.49,27.96,1.03,14.15
2017-04-21,49.93,0.4,2.24,1.2,15.31,18620.75,30.06,1.04,14.63
2017-04-24,49.45,0.41,2.28,1.25,12.29,18875.88,29.88,1.03,10.84
2017-04-25,49.37,0.44,2.35,1.29,12.45,19079.33,29.39,1.06,10.76
2017-04-26,49.99,0.42,2.32,1.28,12.02,19289.43,29.32,1.04,10.85
2017-04-27,49.46,0.39,2.3,1.25,11.53,19251.87,29.88,1.05,10.36
2017-04-28,49.46,0.37,2.29,1.28,11.6,19196.74,28.55,1.01,10.82
2017-05-01,50.41,0.41,2.33,1.28,12.35,19310.52,29.42,1.05,10.11
2017-05-02,49.31,0.41,2.29,1.27,12.38,19445.7,32.23,1.02,10.59
2017-05-03,48.82,0.46,2.33,1.3,12.54,,32.8,1.03,10.68
2017-05-04,47.53,0.5,2.36,1.32,12.41,,34.67,1.04,10.46
2017-05-05,47.45,0.5,2.36,1.32,12.01,,33.83,1.04,10.57
2017-05-08,46.61,0.53,2.39,1.33,11.95,19895.7,33.85,1.06,9.77
2017-05-09,47.06,0.56,2.42,1.37,12.1,19843.0,34.21,1.05,9.96
2017-05-10,48.09,0.56,2.41,1.35,11.2,19900.09,34.02,1.06,10.21
2017-05-11,49.18,0.51,2.39,1.35,11.24,19961.55,33.72,1.04,10.6
2017-05-12,49.08,0.49,2.33,1.29,11.13,19883.9,33.72,1.04,10.4
2017-05-15,51.29,0.52,2.34,1.31,11.28,19869.85,33.1,1.03,10.42
2017-05-16,51.21,0.51,2.33,1.29,11.19,19919.82,33.44,1.04,10.65
2017-05-17,51.76,0.44,2.22,1.26,13.03,19814.88,33.9,0.96,15.59
2017-05-18,51.71,0.43,2.23,1.27,12.95,19553.86,32.8,0.96,14.66
2017-05-19,52.78,0.41,2.23,1.28,12.04,19590.76,29.76,0.95,12.04
2017-05-22,53.35,0.43,2.25,1.29,12.32,19678.28,30.59,0.96,10.93
2017-05-23,53.19,0.46,2.29,1.31,11.89,19613.28,31.77,0.98,10.72
2017-05-24,53.29,0.45,2.26,1.29,11.75,19742.98,30.94,0.97,10.02
2017-05-25,52.25,0.45,2.25,1.3,11.2,19813.13,33.03,0.95,9.99
2017-05-26,50.84,0.44,2.25,1.3,11.59,19686.84,30.04,0.95,9.81
2017-05-29,52.25,,,,,19682.57,,,
2017-05-30,50.65,0.4,2.21,1.28,11.62,19677.85,30.3,0.93,10.38
2017-05-31,49.4,0.4,2.21,1.28,11.82,19650.57,32.29,0.93,10.41
2017-06-01,50.41,0.4,2.21,1.28,11.81,19860.03,31.19,0.93,9.89
2017-06-02,48.46,0.36,2.15,1.28,12.09,20177.28,32.47,0.87,9.75
2017-06-05,48.25,0.39,2.18,1.32,12.44,20170.82,33.71,0.86,10.07
2017-06-06,48.11,0.37,2.14,1.3,13.23,19979.9,32.12,0.84,10.45
2017-06-07,47.08,0.4,2.18,1.32,13.16,19984.62,34.23,0.86,10.39
2017-06-08,46.3,0.41,2.19,1.33,12.62,19909.26,33.84,0.86,10.16
2017-06-09,46.64,0.43,2.21,1.35,12.5,20013.26,32.59,0.86,10.7
2017-06-12,47.18,0.46,2.21,1.35,12.41,19908.58,33.95,0.86,11.46
2017-06-13,46.95,0.46,2.21,1.38,12.16,19898.75,32.34,0.83,10.42
2017-06-14,45.47,0.44,2.15,1.35,11.5,19883.52,32.02,0.8,10.64
2017-06-15,45.61,0.49,2.16,1.35,11.03,19831.82,31.9,0.81,10.9
2017-06-16,45.7,0.49,2.16,1.32,10.16,19943.26,27.93,0.84,10.38
2017-06-19,45.93,0.52,2.19,1.36,10.69,20067.75,30.34,0.83,10.37
2017-06-20,43.98,0.5,2.16,1.36,11.14,20230.41,32.49,0.8,10.86
2017-06-21,44.62,0.5,2.16,1.36,11.25,20138.79,33.32,0.8,10.75
2017-06-22,44.46,0.46,2.15,1.34,11.24,20110.51,32.65,0.81,10.48
2017-06-23,44.14,0.45,2.15,1.34,10.86,20132.67,31.92,0.81,10.02
2017-06-26,44.09,0.43,2.14,1.36,11.05,20153.35,31.77,0.78,9.9
2017-06-27,46.17,0.5,2.21,1.38,11.96,20225.09,32.28,0.83,11.06
2017-06-28,46.45,0.49,2.22,1.34,11.38,20130.41,30.8,0.88,10.03
2017-06-29,47.02,0.55,2.27,1.38,11.21,20220.3,30.46,0.89,11.44
2017-06-30,47.08,0.58,2.31,1.38,11.0,20033.43,28.7,0.93,11.18
2017-07-03,49.13,0.6,2.35,1.41,11.93,20055.8,30.26,0.94,11.22
2017-07-04,49.15,,,,,20032.35,,,
2017-07-05,47.58,0.58,2.33,1.41,11.88,20081.63,32.61,0.92,11.07
2017-07-06,48.53,0.61,2.37,1.4,11.72,19994.06,32.82,0.97,12.54
2017-07-07,46.47,0.66,2.39,1.4,12.54,19929.09,33.17,0.99,11.19
2017-07-10,46.57,0.66,2.38,1.4,12.22,20080.98,33.23,0.98,11.11
2017-07-11,46.68,0.62,2.37,1.37,12.3,20195.48,33.61,1.0,10.89
2017-07-12,46.73,0.57,2.33,1.35,11.56,20098.38,32.48,0.98,10.3
2017-07-13,47.65,0.58,2.35,1.37,11.29,20099.81,31.76,0.98,9.9
2017-07-14,47.89,0.57,2.33,1.35,11.11,20118.86,30.28,0.98,9.51
2017-07-17,47.66,0.54,2.31,1.36,11.08,,30.61,0.95,9.82
2017-07-18,47.92,0.51,2.27,1.36,11.14,19999.91,29.96,0.91,9.89
2017-07-19,48.34,0.51,2.27,1.37,11.08,20020.86,29.55,0.9,9.79
2017-07-20,48.54,0.5,2.27,1.37,10.85,20144.59,29.25,0.9,9.58
2017-07-21,47.47,0.48,2.24,1.36,11.22,20099.75,29.25,0.88,9.36
2017-07-24,47.81,0.48,2.26,1.37,11.8,19975.67,29.24,0.89,9.43
2017-07-25,49.19,0.52,2.33,1.4,12.07,19955.2,29.18,0.93,9.43
2017-07-26,50.08,0.49,2.29,1.36,11.63,20050.16,29.44,0.93,9.6
2017-07-27,50.67,0.49,2.32,1.36,11.24,20079.64,29.81,0.96,10.11
2017-07-28,52.0,0.47,2.3,1.34,11.44,19959.84,29.86,0.96,10.29
2017-07-31,51.99,0.48,2.3,1.34,11.61,19925.18,30.84,0.96,10.26
2017-08-01,50.77,0.47,2.26,1.34,11.28,19985.79,30.54,0.92,10.09
2017-08-02,52.09,0.48,2.27,1.36,11.24,20080.04,30.43,0.91,10.28
2017-08-03,52.88,0.46,2.24,1.34,11.31,20029.26,29.65,0.9,10.44
2017-08-04,52.48,0.47,2.27,1.36,10.87,19952.33,28.53,0.91,10.03
2017-08-07,51.42,0.46,2.26,1.36,10.73,20055.89,28.73,0.9,9.93
2017-08-08,52.18,0.46,2.29,1.36,11.1,19996.01,29.44,0.93,10.96
2017-08-09,52.16,0.42,2.24,1.33,12.31,19738.71,29.06,0.91,11.11
2017-08-10,52.59,0.4,2.2,1.33,13.43,19729.74,29.27,0.87,16.04
2017-08-11,51.47,0.4,2.19,1.3,13.45,,28.41,0.89,15.51
2017-08-14,51.29,0.45,2.22,1.33,12.11,19537.1,29.16,0.89,12.33
2017-08-15,49.9,0.49,2.27,1.35,12.2,19753.31,29.31,0.92,12.04
2017-08-16,50.39,0.45,2.23,1.33,12.58,19729.28,29.18,0.9,11.74
2017-08-17,50.37,0.42,2.19,1.32,13.34,19702.63,29.31,0.87,15.55
2017-08-18,50.96,0.43,2.19,1.33,12.12,19470.41,27.53,0.86,14.26
2017-08-21,51.94,0.43,2.18,1.32,13.01,19393.13,28.77,0.86,13.19
2017-08-22,52.29,0.45,2.22,1.33,12.49,19383.84,27.97,0.89,11.35
2017-08-23,52.31,0.42,2.17,1.32,12.68,19434.64,27.8,0.85,12.25
2017-08-24,51.73,0.44,2.19,1.33,12.76,19353.77,28.37,0.86,12.23
2017-08-25,51.87,0.42,2.17,1.35,12.63,19452.61,28.88,0.82,11.28
2017-08-28,51.87,0.41,2.16,1.33,14.2,19449.9,30.39,0.83,11.32
2017-08-29,51.64,0.39,2.13,1.33,13.5,19362.55,30.49,0.8,11.7
2017-08-30,51.91,0.39,2.15,1.33,12.78,19506.54,29.78,0.82,11.22
2017-08-31,52.69,0.36,2.12,1.33,13.26,19646.24,29.1,0.79,10.59
2017-09-01,53.15,0.37,2.16,1.35,12.73,19691.47,28.97,0.81,10.13
2017-09-04,52.6,,,,,19508.25,,,
2017-09-05,53.63,0.3,2.07,1.3,14.3,19385.81,29.58,0.77,12.23
2017-09-06,54.48,0.32,2.1,1.3,14.17,19357.97,30.07,0.8,11.63
2017-09-07,54.16,0.26,2.05,1.27,14.49,19396.52,29.73,0.78,11.55
2017-09-08,54.55,0.25,2.06,1.27,13.77,19274.82,29.49,0.79,12.12
2017-09-11,54.2,0.31,2.14,1.32,13.28,19545.77,27.73,0.82,10.73
2017-09-12,55.06,0.33,2.17,1.33,11.56,19776.62,27.59,0.84,10.58
2017-09-13,55.52,0.35,2.2,1.35,11.98,19865.82,26.62,0.85,10.5
2017-09-14,56.76,0.35,2.2,1.37,12.19,19807.44,26.09,0.83,10.44
2017-09-15,56.18,0.35,2.2,1.39,12.06,19909.5,26.65,0.81,10.17
2017-09-18,55.5,0.36,2.23,1.4,12.69,,27.53,0.83,10.15
2017-09-19,56.58,0.37,2.24,1.4,12.27,20299.38,25.76,0.84,10.18
2017-09-20,57.2,0.43,2.28,1.45,12.32,20310.46,26.99,0.83,9.78
2017-09-21,57.73,0.44,2.27,1.45,12.19,20347.48,26.3,0.82,9.67
2017-09-22,58.16,0.42,2.26,1.46,12.37,20296.45,26.39,0.8,9.59
2017-09-25,59.42,0.38,2.22,1.44,13.77,20397.58,26.93,0.78,10.21
2017-09-26,59.77,0.4,2.24,1.45,13.32,20330.19,27.8,0.79,10.17
2017-09-27,58.74,0.44,2.31,1.47,12.99,20267.05,27.29,0.84,9.87
2017-09-28,58.8,0.44,2.31,1.45,11.75,20363.11,27.18,0.86,9.55
2017-09-29,57.02,0.49,2.33,1.47,11.77,20356.28,26.83,0.86,9.51
2017-10-02,55.67,0.51,2.34,1.49,11.72,20400.78,27.72,0.85,9.45
2017-10-03,56.12,0.49,2.33,1.47,11.38,20614.07,27.95,0.86,9.51
2017-10-04,56.0,0.48,2.33,1.47,11.41,20626.66,27.04,0.86,9.63
2017-10-05,57.09,0.49,2.35,1.49,11.4,20628.56,26.45,0.86,9.19
2017-10-06,55.5,0.5,2.37,1.54,11.53,20690.71,27.59,0.83,9.65
2017-10-09,55.29,,,,11.96,,27.32,,10.33
2017-10-10,56.62,0.47,2.35,1.51,12.22,20823.51,26.54,0.84,10.08
2017-10-11,56.13,0.46,2.35,1.51,12.13,20881.27,26.43,0.84,9.85
2017-10-12,56.13,0.44,2.33,1.51,11.82,20954.72,25.85,0.82,9.91
2017-10-13,56.86,0.43,2.28,1.51,11.76,21155.18,25.73,0.77,9.61
2017-10-16,57.49,0.46,2.3,1.54,12.13,21255.56,26.32,0.76,9.91
2017-10-17,57.63,0.48,2.3,1.54,11.64,21336.12,25.87,0.76,10.31
2017-10-18,58.05,0.5,2.34,1.59,11.88,21363.05,26.41,0.75,10.07
2017-10-19,57.82,0.49,2.33,1.58,11.94,21448.52,26.3,0.75,10.05
2017-10-20,57.89,0.52,2.39,1.6,11.49,21457.64,24.51,0.79,9.97
2017-10-23,57.69,0.52,2.38,1.58,11.69,21696.65,25.08,0.8,11.07
2017-10-24,57.84,0.55,2.42,1.6,11.73,21805.17,25.6,0.82,11.16
2017-10-25,58.45,0.56,2.44,1.61,12.02,21707.62,25.44,0.83,11.23
2017-10-26,58.75,0.57,2.46,1.63,11.62,21739.78,25.22,0.83,11.3
2017-10-27,60.15,0.54,2.42,1.59,11.48,22008.45,25.18,0.83,9.8
2017-10-30,60.65,0.5,2.37,1.58,11.74,22011.67,25.33,0.79,10.5
2017-10-31,61.35,0.5,2.38,1.6,11.81,22011.61,25.31,0.78,10.18
2017-11-01,60.98,0.49,2.37,1.61,11.8,22420.08,25.65,0.76,10.2
2017-11-02,60.79,0.48,2.35,1.61,10.95,22539.12,25.65,0.74,9.93
2017-11-03,61.42,0.48,2.34,1.63,10.65,,24.82,0.71,9.14
2017-11-06,64.27,0.46,2.32,1.61,10.94,22548.35,26.85,0.71,9.4
2017-11-07,64.36,0.44,2.32,1.63,10.98,22937.6,28.75,0.69,9.89
2017-11-08,63.96,0.45,2.32,1.65,11.32,22913.82,27.99,0.67,9.78
2017-11-09,64.49,0.46,2.33,1.63,11.73,22868.71,28.37,0.7,10.5
2017-11-10,64.35,0.52,2.4,1.67,11.68,22681.42,29.4,0.73,11.29
2017-11-13,62.94,0.52,2.4,1.7,11.53,22380.99,30.22,0.7,11.5
2017-11-14,60.91,0.51,2.38,1.68,11.61,22380.01,30.08,0.7,11.59
2017-11-15,61.25,0.48,2.33,1.68,11.75,22028.32,29.84,0.65,13.13
2017-11-16,61.18,0.53,2.37,1.72,11.02,22351.12,28.42,0.65,11.76
2017-11-17,61.34,0.49,2.35,1.73,10.62,22396.8,26.96,0.62,11.43
2017-11-20,61.34,0.52,2.37,1.77,11.18,22261.76,27.18,0.6,10.65
2017-11-21,62.28,0.52,2.36,1.77,10.84,22416.48,26.64,0.59,9.73
2017-11-22,62.92,0.48,2.32,1.74,10.75,22523.15,26.83,0.58,9.88
2017-11-23,63.27,,,,,,,,
2017-11-24,63.58,0.5,2.34,1.75,10.58,22550.85,26.88,0.59,9.67
2017-11-27,63.25,0.49,2.32,1.74,10.72,22495.99,28.36,0.58,9.87
2017-11-28,63.56,0.5,2.34,1.75,10.64,22486.24,28.13,0.59,10.03
2017-11-29,63.74,0.53,2.37,1.78,11.02,22597.2,28.02,0.59,10.7
2017-11-30,63.53,0.56,2.42,1.78,11.79,22724.96,25.95,0.64,11.28
2017-12-01,64.57,0.51,2.37,1.78,11.39,22819.03,23.73,0.59,11.43
2017-12-04,63.45,0.5,2.37,1.8,11.38,22707.16,23.68,0.57,11.68
2017-12-05,63.45,0.5,2.36,1.83,12.28,22622.38,23.13,0.53,11.33
2017-12-06,62.25,0.47,2.33,1.78,11.67,22177.04,23.13,0.55,11.02
2017-12-07,62.37,0.5,2.37,1.8,12.99,22498.03,23.13,0.57,10.16
2017-12-08,63.86,0.5,2.38,1.8,11.7,22811.08,23.85,0.58,9.58
2017-12-11,65.62,0.51,2.39,1.82,11.46,22938.73,22.96,0.57,9.34
2017-12-12,64.96,0.51,2.4,1.83,12.14,22866.17,22.84,0.57,9.92
2017-12-13,63.66,0.48,2.36,1.79,10.87,22758.07,23.49,0.57,10.18
2017-12-14,63.72,0.48,2.35,1.82,10.4,22694.45,23.0,0.53,10.49
2017-12-15,63.81,0.47,2.35,1.84,9.43,22553.22,21.25,0.51,9.42
2017-12-18,64.45,0.5,2.39,1.84,9.93,22901.77,18.43,0.55,9.53
2017-12-19,63.69,0.55,2.46,1.87,10.32,22868.0,18.88,0.59,10.03
2017-12-20,64.43,0.57,2.49,1.87,9.79,22891.72,19.46,0.62,9.72
2017-12-21,64.64,0.55,2.48,1.89,9.64,22866.1,17.86,0.59,9.62
2017-12-22,64.61,0.54,2.48,1.91,10.01,22902.76,19.26,0.57,9.9
2017-12-25,,,,,,22939.18,,,
2017-12-26,,0.53,2.47,1.92,11.17,22892.69,20.99,0.55,10.25
2017-12-27,66.03,0.48,2.42,1.89,10.73,22911.21,20.64,0.53,10.47
2017-12-28,66.8,0.47,2.43,1.91,10.43,22783.98,20.71,0.52,10.18
2017-12-29,66.73,0.44,2.4,1.89,10.96,22764.94,21.32,0.51,11.04
2018-01-02,66.65,0.46,2.46,1.92,11.96,,22.73,0.54,9.77
2018-01-03,67.85,0.46,2.44,1.94,11.56,,22.75,0.5,9.15
2018-01-04,68.73,0.45,2.46,1.96,11.8,23506.33,22.12,0.5,9.22
2018-01-05,68.01,0.46,2.47,1.96,11.26,23714.53,22.3,0.51,9.22
2018-01-08,68.48,0.47,2.49,1.96,11.19,,21.9,0.53,9.52
2018-01-09,69.08,0.52,2.55,1.98,10.79,23849.99,22.96,0.57,10.08
2018-01-10,69.79,0.52,2.55,1.98,10.79,23788.2,23.52,0.57,9.82
2018-01-11,70.36,0.54,2.54,1.98,10.96,23710.43,23.52,0.56,9.88
2018-01-12,69.64,0.54,2.55,1.99,11.62,23653.82,23.52,0.56,10.16
2018-01-15,70.31,,,,,23714.88,,,
2018-01-16,69.4,0.51,2.54,2.03,12.09,23951.81,26.41,0.51,11.66
2018-01-17,69.19,0.53,2.57,2.05,11.77,23868.34,24.78,0.52,11.91
2018-01-18,69.48,0.57,2.62,2.05,12.26,23763.37,24.38,0.57,12.22
2018-01-19,68.56,0.58,2.64,2.06,11.43,23808.06,21.2,0.58,11.27
2018-01-22,69.32,0.6,2.66,2.08,11.66,23816.33,22.03,0.58,11.03
2018-01-23,69.81,0.57,2.63,2.06,11.72,24124.15,22.34,0.57,11.1
2018-01-24,69.91,0.58,2.65,2.08,13.38,23940.78,23.93,0.57,11.47
2018-01-25,71.08,0.56,2.63,2.08,13.04,23669.49,22.35,0.55,11.58
2018-01-26,70.08,0.57,2.66,2.13,12.98,23631.88,22.29,0.53,11.08
2018-01-29,68.41,0.61,2.7,2.11,13.25,23629.34,22.73,0.59,13.84
2018-01-30,67.78,0.63,2.73,2.13,13.86,23291.97,22.9,0.6,14.79
2018-01-31,67.78,0.61,2.72,2.14,12.97,23098.29,22.23,0.58,13.54
2018-02-01,68.6,0.67,2.78,2.16,12.32,23486.11,22.24,0.62,13.47
2018-02-02,67.45,0.7,2.84,2.15,13.11,23274.53,23.8,0.69,17.31
2018-02-05,67.69,0.67,2.77,2.08,14.35,22682.08,25.91,0.69,37.32
2018-02-06,66.75,0.69,2.79,2.1,13.8,21610.24,26.59,0.69,29.98
2018-02-07,65.74,0.74,2.84,2.15,13.62,21645.37,26.79,0.69,27.73
2018-02-08,64.26,0.76,2.85,2.13,14.85,21890.86,29.5,0.72,33.46
2018-02-09,63.04,0.78,2.83,2.05,14.93,21382.62,29.85,0.78,29.06
2018-02-12,62.2,0.79,2.86,2.09,14.37,,29.42,0.77,25.61
2018-02-13,61.94,0.78,2.83,2.1,14.07,21244.68,30.39,0.73,24.97
2018-02-14,62.29,0.82,2.91,2.17,14.97,21154.17,27.73,0.74,19.26
2018-02-15,62.86,0.79,2.9,2.19,15.03,21464.98,27.57,0.71,19.13
2018-02-16,64.3,0.78,2.87,2.21,13.96,21720.25,26.97,0.66,19.46
2018-02-19,64.95,,,,,22149.21,,,
2018-02-20,64.68,0.78,2.88,2.25,14.08,21925.1,27.58,0.63,20.6
2018-02-21,64.81,0.82,2.94,2.26,13.83,21970.81,26.93,0.68,20.02
2018-02-22,66.12,0.81,2.92,2.25,13.47,21736.44,24.98,0.67,18.72
2018-02-23,67.04,0.76,2.88,2.25,11.97,21892.78,24.37,0.63,16.49
2018-02-26,67.96,0.73,2.86,2.22,11.89,22153.63,24.36,0.64,15.8
2018-02-27,67.59,0.77,2.9,2.27,11.76,22389.86,25.29,0.63,18.59
2018-02-28,66.08,0.75,2.87,2.25,11.74,22068.24,26.92,0.62,19.85
2018-03-01,64.23,0.71,2.81,2.22,12.07,21724.47,26.98,0.59,22.47
2018-03-02,64.26,0.74,2.86,2.25,11.97,21181.64,26.15,0.61,19.59
2018-03-05,65.78,0.75,2.88,2.24,11.89,21042.09,26.3,0.64,18.73
2018-03-06,65.67,0.76,2.88,2.25,12.33,21417.76,25.55,0.63,18.36
2018-03-07,65.09,0.76,2.89,2.25,12.37,21252.72,26.94,0.64,17.76
2018-03-08,63.87,0.75,2.86,2.25,11.57,21368.07,26.16,0.61,16.54
2018-03-09,65.19,0.78,2.9,2.27,10.94,21469.2,26.23,0.63,14.64
2018-03-12,64.53,0.77,2.87,2.27,11.01,21824.03,24.02,0.6,15.78
2018-03-13,64.2,0.75,2.84,2.26,10.7,21968.1,25.5,0.58,16.35
2018-03-14,63.61,0.74,2.81,2.26,10.41,21777.29,25.21,0.55,17.23
2018-03-15,63.67,0.74,2.82,2.29,10.4,21803.95,25.07,0.53,16.59
2018-03-16,64.68,0.77,2.85,2.31,9.88,21676.51,24.53,0.54,15.8
2018-03-19,64.82,0.77,2.85,2.31,10.99,21480.9,25.28,0.54,19.02
2018-03-20,66.0,0.81,2.89,2.34,11.01,21380.97,25.3,0.55,18.2
2018-03-21,68.15,0.8,2.89,2.31,10.91,,25.95,0.58,17.86
2018-03-22,68.98,0.75,2.83,2.29,11.24,21591.99,26.47,0.54,23.34
2018-03-23,69.03,0.75,2.82,2.28,13.46,20617.86,27.56,0.54,24.87
2018-03-26,68.81,0.77,2.85,2.33,12.95,20766.1,27.71,0.52,21.03
2018-03-27,68.63,0.71,2.78,2.26,12.22,21317.32,27.38,0.52,22.5
2018-03-28,68.13,0.72,2.77,2.28,11.74,21031.31,26.67,0.49,22.87
2018-03-29,69.02,0.69,2.74,2.27,11.06,21159.08,25.07,0.47,19.97
2018-03-30,,,,,,21454.3,,,
2018-04-02,,0.68,2.73,2.25,12.86,21388.58,27.53,0.48,23.62
2018-04-03,69.02,0.71,2.79,2.28,11.8,21292.29,26.89,0.51,21.1
2018-04-04,66.04,0.71,2.79,2.28,12.0,21319.55,26.17,0.51,20.06
2018-04-05,66.54,0.75,2.83,2.3,11.55,21645.42,24.38,0.53,18.94
2018-04-06,66.51,0.7,2.77,2.27,11.95,21567.52,24.99,0.5,21.49
2018-04-09,68.19,0.71,2.78,2.29,12.39,21678.26,25.64,0.49,21.77
2018-04-10,70.67,0.72,2.8,2.32,12.78,21794.32,28.05,0.48,20.47
2018-04-11,72.74,0.68,2.79,2.32,14.36,21687.1,29.42,0.47,20.24
2018-04-12,71.44,0.7,2.83,2.34,12.88,21660.28,28.73,0.49,18.49
2018-04-13,73.18,0.69,2.82,2.37,13.36,21778.74,28.52,0.45,17.41
2018-04-16,72.05,0.71,2.83,2.39,13.43,21835.53,28.84,0.44,16.56
2018-04-17,71.71,0.68,2.82,2.41,13.07,21847.59,27.88,0.41,15.25
2018-04-18,73.73,0.71,2.87,2.42,13.46,22158.2,29.42,0.45,15.6
2018-04-19,74.85,0.75,2.92,2.44,12.88,22191.18,29.36,0.48,15.96
2018-04-20,74.62,0.79,2.96,2.46,12.14,22162.24,28.99,0.5,16.88
2018-04-23,74.54,0.8,2.98,2.49,12.13,22088.04,28.97,0.49,16.34
2018-04-24,75.86,0.83,3.0,2.48,12.24,22278.12,29.15,0.52,18.02
2018-04-25,73.79,0.86,3.03,2.49,11.97,22215.32,28.16,0.54,17.84
2018-04-26,75.39,0.82,3.0,2.49,11.49,22319.61,26.86,0.51,16.24
2018-04-27,75.33,0.79,2.96,2.49,10.99,22467.87,25.59,0.47,15.41
2018-04-30,75.92,0.78,2.95,2.49,11.15,,28.28,0.46,15.93
2018-05-01,74.85,0.81,2.97,2.5,11.88,22508.03,28.07,0.47,15.49
2018-05-02,73.14,0.8,2.97,2.49,11.64,22472.78,27.32,0.48,15.97
2018-05-03,73.45,0.78,2.94,2.49,11.46,,26.69,0.45,15.9
2018-05-04,74.75,0.79,2.95,2.51,10.99,,26.17,0.44,14.77
2018-05-07,,0.78,2.95,2.49,11.32,22467.16,28.86,0.46,14.75
2018-05-08,74.16,0.81,2.97,2.51,11.5,22508.69,26.76,0.46,14.71
2018-05-09,77.6,0.82,3.0,2.54,11.39,22408.88,26.71,0.46,13.42
2018-05-10,77.59,0.8,2.97,2.54,11.42,22497.18,26.61,0.43,13.23
2018-05-11,77.37,0.82,2.97,2.54,11.04,22758.48,25.74,0.43,12.65
2018-05-14,78.17,0.85,3.0,2.55,11.15,22865.86,25.93,0.45,12.93
2018-05-15,78.94,0.9,3.08,2.58,11.91,22818.02,26.61,0.5,14.63
2018-05-16,78.19,0.92,3.09,2.58,11.77,22717.23,25.73,0.51,13.42
2018-05-17,80.09,0.95,3.11,2.57,11.64,22838.37,25.11,0.54,13.43
2018-05-18,78.38,0.91,3.06,2.55,11.11,22930.36,25.23,0.51,13.42
2018-05-21,78.34,0.9,3.06,2.58,11.62,23002.37,25.79,0.48,13.08
2018-05-22,80.42,0.91,3.06,2.59,10.9,22960.34,25.89,0.47,13.22
2018-05-23,78.69,0.87,3.01,2.53,11.18,22689.74,26.04,0.48,12.58
2018-05-24,78.9,0.86,2.98,2.5,10.99,22437.01,25.37,0.48,12.53
2018-05-25,76.6,0.84,2.93,2.48,10.31,22450.79,27.76,0.45,13.22
2018-05-28,,,,,,22481.09,,,
2018-05-29,74.51,0.73,2.77,2.32,12.33,22358.43,29.04,0.45,17.02
2018-05-30,75.89,0.78,2.84,2.42,10.87,22018.52,27.9,0.42,14.94
2018-05-31,76.45,0.76,2.83,2.4,10.92,22201.82,27.61,0.43,15.43
2018-06-01,74.54,0.8,2.89,2.47,10.58,22171.35,28.65,0.42,13.46
2018-06-04,73.41,0.82,2.94,2.52,10.54,22475.94,29.49,0.42,12.74
2018-06-05,72.91,0.79,2.92,2.49,10.46,22539.54,29.3,0.43,12.4
2018-06-06,73.23,0.83,2.97,2.52,10.31,22625.73,29.14,0.45,11.64
2018-06-07,75.23,0.8,2.93,2.5,10.55,22823.26,28.05,0.43,12.13
2018-06-08,75.11,0.82,2.93,2.5,10.69,22694.5,27.59,0.43,12.18
2018-06-11,74.58,0.83,2.96,2.52,10.54,22804.04,26.86,0.44,12.35
2018-06-12,74.86,0.83,2.96,2.54,10.52,22878.35,26.58,0.42,12.34
2018-06-13,75.07,0.86,2.98,2.59,10.6,22966.38,27.08,0.39,12.94
2018-06-14,74.77,0.82,2.94,2.59,9.83,22738.61,26.69,0.35,12.12
2018-06-15,72.02,0.81,2.93,2.55,10.65,22851.75,27.64,0.38,11.98
2018-06-18,74.87,0.8,2.92,2.56,9.82,22680.33,27.58,0.36,12.31
2018-06-19,74.92,0.77,2.89,2.54,10.99,22278.48,28.01,0.35,13.35
2018-06-20,74.25,0.81,2.93,2.56,11.08,22555.43,28.06,0.37,12.79
2018-06-21,72.87,0.79,2.9,2.56,11.22,22693.04,27.78,0.34,14.64
2018-06-22,73.67,0.78,2.9,2.56,10.67,22516.83,25.52,0.34,13.77
2018-06-25,72.82,0.77,2.87,2.54,10.83,22338.15,26.1,0.33,17.33
2018-06-26,73.58,0.76,2.88,2.53,10.97,22342.0,25.67,0.35,15.92
2018-06-27,76.09,0.72,2.83,2.52,11.01,22271.77,27.69,0.31,17.91
2018-06-28,76.26,0.74,2.84,2.52,11.03,22270.39,27.35,0.32,16.85
2018-06-29,77.44,0.74,2.85,2.52,10.75,22304.51,27.18,0.33,16.09
2018-07-02,76.71,0.73,2.87,2.57,11.75,21811.93,28.65,0.3,15.6
2018-07-03,75.87,0.71,2.83,2.53,11.41,21785.54,28.58,0.3,16.14
2018-07-04,76.99,,,,,21717.04,,,
2018-07-05,77.09,0.71,2.84,2.55,11.32,21546.99,28.77,0.29,14.97
2018-07-06,74.98,0.7,2.82,2.53,10.65,21788.14,28.13,0.29,13.37
2018-07-09,77.08,0.73,2.86,2.57,10.55,22052.18,28.12,0.29,12.69
2018-07-10,77.8,0.74,2.87,2.59,10.69,22196.89,26.9,0.28,12.64
2018-07-11,75.35,0.74,2.85,2.58,11.25,21932.21,28.56,0.27,13.63
2018-07-12,72.11,0.75,2.85,2.6,10.82,22187.96,27.81,0.25,12.58
2018-07-13,74.11,0.72,2.83,2.59,10.99,22597.35,27.54,0.24,12.18
2018-07-16,71.03,0.75,2.85,2.59,11.46,,29.01,0.26,12.83
2018-07-17,70.87,0.77,2.86,2.62,11.79,22697.36,28.0,0.24,12.06
2018-07-18,70.52,0.79,2.88,2.6,12.15,22794.19,27.24,0.28,12.1
2018-07-19,71.94,0.75,2.84,2.6,12.66,22764.68,26.84,0.24,12.87
2018-07-20,71.99,0.78,2.89,2.6,12.1,22697.88,26.01,0.29,12.86
2018-07-23,73.45,0.85,2.96,2.64,12.22,22396.99,26.15,0.32,12.62
2018-07-24,73.53,0.84,2.95,2.63,11.74,22510.48,25.65,0.32,12.41
2018-07-25,73.67,0.81,2.94,2.66,11.65,22614.25,25.34,0.28,12.29
2018-07-26,74.51,0.87,2.98,2.69,11.43,22586.87,24.88,0.29,12.14
2018-07-27,74.84,0.84,2.96,2.67,11.05,22712.75,24.97,0.29,13.03
2018-07-30,74.99,0.85,2.98,2.66,11.18,22544.84,25.83,0.32,14.26
2018-07-31,74.16,0.84,2.96,2.67,11.21,22553.72,26.52,0.29,12.83
2018-08-01,72.28,0.87,3.0,2.67,10.91,22746.7,26.45,0.33,13.15
2018-08-02,72.95,0.86,2.98,2.66,11.08,22512.53,25.73,0.32,12.19
2018-08-03,72.48,0.83,2.95,2.63,10.77,22525.18,25.61,0.32,11.64
2018-08-06,72.51,0.83,2.94,2.64,11.02,22507.32,25.42,0.3,11.27
2018-08-07,72.31,0.85,2.98,2.68,11.11,22662.74,25.22,0.3,10.93
2018-08-08,70.71,0.85,2.96,2.68,11.43,22644.31,26.41,0.28,10.85
2018-08-09,70.55,0.82,2.93,2.64,10.99,22598.39,25.4,0.29,11.27
2018-08-10,71.0,0.78,2.87,2.61,11.78,22298.08,25.45,0.26,13.16
2018-08-13,70.62,0.78,2.88,2.61,11.73,21857.43,25.31,0.27,14.78
2018-08-14,70.77,0.8,2.89,2.63,11.88,22356.08,26.18,0.26,13.31
2018-08-15,68.38,0.78,2.86,2.61,13.16,22204.22,27.26,0.25,14.64
2018-08-16,69.21,0.79,2.87,2.63,13.39,22192.04,26.33,0.24,13.45
2018-08-17,70.14,0.79,2.87,2.61,12.89,22270.38,25.71,0.26,12.64
2018-08-20,71.11,0.75,2.82,2.6,12.4,22199.0,25.26,0.22,12.49
2018-08-21,71.65,0.77,2.85,2.61,11.86,22219.73,25.08,0.24,12.86
2018-08-22,72.96,0.74,2.82,2.6,11.81,22362.55,24.72,0.22,12.25
2018-08-23,73.73,0.73,2.82,2.61,11.6,22410.82,24.35,0.21,12.41
2018-08-24,74.41,0.73,2.82,2.63,11.71,22601.77,23.31,0.19,11.99
2018-08-27,74.41,0.74,2.85,2.67,11.77,22799.64,23.68,0.18,12.16
2018-08-28,75.91,0.77,2.88,2.67,11.46,22813.47,24.5,0.21,12.5
2018-08-29,76.07,0.77,2.89,2.67,11.25,22848.22,24.32,0.22,12.25
2018-08-30,77.05,0.76,2.86,2.64,11.41,22869.5,24.89,0.22,13.53
2018-08-31,76.94,0.78,2.86,2.62,10.96,22865.15,25.02,0.24,12.86
2018-09-03,77.81,,,,,22707.38,,,
2018-09-04,77.51,0.8,2.9,2.66,11.42,22696.9,26.7,0.24,13.16
2018-09-05,76.68,0.81,2.9,2.66,11.24,22580.83,26.62,0.24,13.91
2018-09-06,75.67,0.8,2.88,2.64,11.54,22487.94,26.16,0.24,14.65
2018-09-07,75.55,0.84,2.94,2.71,11.3,22307.06,26.07,0.23,14.88
2018-09-10,76.77,0.84,2.94,2.73,11.33,22373.09,26.13,0.21,14.16
2018-09-11,78.22,0.86,2.98,2.76,11.26,22664.69,27.14,0.22,13.22
2018-09-12,80.02,0.85,2.97,2.74,11.18,22604.61,26.94,0.23,13.14
2018-09-13,77.66,0.87,2.97,2.76,11.15,22821.32,26.7,0.21,12.37
2018-09-14,77.87,0.89,2.99,2.78,10.84,23094.67,26.4,0.21,12.07
2018-09-17,78.22,0.89,2.99,2.78,10.85,,26.49,0.21,13.68
2018-09-18,79.25,0.92,3.05,2.81,10.78,23420.54,26.8,0.24,12.79
2018-09-19,79.43,0.93,3.08,2.81,10.81,23672.52,26.35,0.27,11.75
2018-09-20,79.03,0.92,3.07,2.81,10.72,23674.93,26.07,0.26,11.8
2018-09-21,78.9,0.92,3.07,2.81,10.76,23869.93,26.15,0.26,11.68
2018-09-24,80.89,0.92,3.08,2.83,10.97,,26.97,0.25,12.2
2018-09-25,82.21,0.94,3.1,2.83,10.83,23940.26,26.83,0.27,12.42
2018-09-26,81.87,0.92,3.06,2.83,10.76,24033.79,26.53,0.23,12.89
2018-09-27,81.54,0.91,3.06,2.83,10.86,23796.74,26.45,0.23,12.41
2018-09-28,82.72,0.91,3.05,2.81,10.74,24120.04,26.73,0.24,12.12
2018-10-01,84.94,0.95,3.09,2.82,11.03,24245.76,27.95,0.27,12.0
2018-10-02,85.63,0.93,3.05,2.82,11.24,24270.62,27.68,0.23,12.05
2018-10-03,85.45,0.99,3.15,2.85,11.21,24110.96,28.04,0.3,11.61
2018-10-04,86.07,1.03,3.19,2.87,11.59,23975.62,28.9,0.32,14.22
2018-10-05,85.12,1.07,3.23,2.88,11.64,23783.72,28.84,0.35,14.82
2018-10-08,84.22,,,,12.48,,28.86,,15.69
2018-10-09,85.16,1.04,3.21,2.88,12.03,23469.39,27.9,0.33,15.95
2018-10-10,83.82,1.06,3.22,2.88,12.51,23506.04,28.81,0.34,22.96
2018-10-11,81.35,1.02,3.14,2.85,13.57,22590.86,29.29,0.29,24.98
2018-10-12,80.71,1.03,3.15,2.85,12.76,22694.66,27.73,0.3,21.31
2018-10-15,80.91,1.03,3.16,2.85,13.13,22271.3,28.59,0.31,21.3
2018-10-16,80.53,1.03,3.16,2.87,12.2,22549.24,28.59,0.29,17.62
2018-10-17,79.91,1.06,3.19,2.89,12.14,22841.12,28.13,0.3,17.4
2018-10-18,80.3,1.07,3.17,2.87,12.23,22658.16,28.53,0.3,20.06
2018-10-19,80.38,1.09,3.2,2.92,11.76,22532.08,27.42,0.28,19.89
2018-10-22,80.45,1.09,3.2,2.92,11.68,22614.82,27.76,0.28,19.64
2018-10-23,78.67,1.08,3.17,2.89,12.31,22010.78,29.38,0.28,20.71
2018-10-24,77.34,1.03,3.1,2.84,13.11,22091.18,29.8,0.26,25.23
2018-10-25,77.3,1.09,3.14,2.86,12.3,21268.73,28.5,0.28,24.22
2018-10-26,77.4,1.02,3.08,2.81,12.92,21184.6,29.09,0.27,24.16
2018-10-29,77.56,1.02,3.08,2.81,12.98,21149.8,29.46,0.27,24.7
2018-10-30,75.68,1.07,3.12,2.84,12.3,21457.29,29.9,0.28,23.35
2018-10-31,74.84,1.1,3.15,2.87,12.08,21920.46,30.12,0.28,21.23
2018-11-01,71.25,1.12,3.14,2.84,12.6,21687.65,31.54,0.3,19.34
2018-11-02,71.11,1.16,3.22,2.91,12.5,22243.66,32.21,0.31,19.51
2018-11-05,72.68,1.14,3.2,2.91,12.39,21898.99,32.68,0.29,19.96
2018-11-06,70.64,1.15,3.22,2.93,12.47,22147.75,34.15,0.29,19.91
2018-11-07,70.1,1.15,3.22,2.96,11.23,22085.8,33.05,0.26,16.36
2018-11-08,69.29,1.17,3.24,2.98,11.41,22486.92,32.23,0.26,16.72
2018-11-09,69.01,1.15,3.19,2.94,11.44,22250.25,35.1,0.25,17.36
2018-11-12,69.81,,,,12.13,22269.88,40.14,,20.45
2018-11-13,65.45,1.12,3.14,2.89,12.19,21810.52,55.71,0.25,20.02
2018-11-14,64.88,1.12,3.12,2.86,12.88,21846.48,47.07,0.26,21.25
2018-11-15,65.61,1.11,3.11,2.86,12.12,21803.62,43.87,0.25,19.98
2018-11-16,65.29,1.06,3.08,2.81,12.05,21680.34,40.56,0.27,18.14
2018-11-19,64.14,1.07,3.06,2.79,12.57,21821.16,43.45,0.27,20.1
2018-11-20,61.5,1.09,3.06,2.79,12.63,21583.12,56.56,0.27,22.48
2018-11-21,61.65,1.09,3.06,2.81,12.12,21507.54,51.79,0.25,20.8
2018-11-22,61.11,,,,,21646.55,,,
2018-11-23,57.69,1.09,3.05,2.81,12.1,,65.17,0.24,21.52
2018-11-26,59.7,1.11,3.07,2.84,11.83,21812.0,57.87,0.23,18.9
2018-11-27,59.58,1.15,3.06,2.83,12.01,21952.4,54.64,0.23,19.02
2018-11-28,57.97,1.12,3.06,2.81,11.43,22177.02,53.99,0.25,18.49
2018-11-29,58.29,1.05,3.03,2.81,11.39,22262.6,53.96,0.22,18.79
2018-11-30,57.71,1.04,3.01,2.8,11.26,22351.06,56.04,0.21,18.07
2018-12-03,60.17,1.02,2.98,2.83,10.93,22574.76,49.61,0.15,16.44
2018-12-04,61.22,0.97,2.91,2.8,11.63,22036.05,49.84,0.11,20.74
2018-12-05,61.4,,,,,21919.33,,,
2018-12-06,57.83,0.97,2.87,2.75,11.61,21501.62,50.13,0.12,21.19
2018-12-07,61.71,0.96,2.85,2.72,12.22,21678.68,41.83,0.13,23.23
2018-12-10,60.29,0.99,2.85,2.72,12.04,21219.5,45.06,0.13,22.64
2018-12-11,59.73,1.06,2.89,2.78,11.46,21148.02,41.46,0.11,21.76
2018-12-12,59.94,1.08,2.91,2.77,11.29,21602.75,39.9,0.14,21.46
2018-12-13,59.03,1.08,2.91,2.75,10.69,21816.19,39.25,0.16,20.65
2018-12-14,58.56,1.07,2.89,2.73,10.77,21374.83,42.38,0.16,21.63
2018-12-17,57.59,1.05,2.86,2.7,11.75,21506.88,46.59,0.16,24.52
2018-12-18,55.26,1.01,2.82,2.65,12.18,21115.45,53.35,0.17,25.58
2018-12-19,55.6,0.97,2.77,2.63,11.4,20987.92,50.86,0.14,25.58
2018-12-20,52.84,1.03,2.79,2.67,12.45,20392.58,52.89,0.12,28.38
2018-12-21,51.93,1.02,2.79,2.63,11.97,20166.19,51.76,0.16,30.11
2018-12-24,,0.99,2.74,2.55,14.8,,56.73,0.19,36.07
2018-12-25,,,,,,19155.74,,,
2018-12-26,,1.04,2.81,2.61,14.47,19327.06,54.07,0.2,30.41
2018-12-27,51.49,1.03,2.77,2.56,15.18,20077.62,57.16,0.21,29.96
2018-12-28,50.57,0.99,2.72,2.52,14.56,20014.77,53.11,0.2,28.34
2018-12-31,,0.98,2.69,2.48,13.48,,51.87,0.21,25.42
2019-01-02,54.06,0.96,2.66,2.5,13.18,,54.72,0.16,23.22
2019-01-03,53.23,0.88,2.56,2.39,13.77,,53.57,0.17,25.45
2019-01-04,55.64,0.91,2.67,2.5,12.04,19561.96,51.52,0.17,21.38
2019-01-07,57.1,0.92,2.7,2.53,11.66,20038.97,50.42,0.17,21.4
2019-01-08,56.91,0.91,2.73,2.58,11.16,20204.04,46.08,0.15,20.47
2019-01-09,59.46,0.91,2.74,2.56,11.69,20427.06,44.36,0.18,19.98
2019-01-10,60.47,0.93,2.74,2.56,10.95,20163.8,42.99,0.18,19.5
2019-01-11,59.24,0.88,2.71,2.55,11.0,20359.7,40.99,0.16,18.19
2019-01-14,58.8,0.9,2.71,2.53,11.06,,40.81,0.18,19.07
2019-01-15,58.65,0.91,2.72,2.53,11.06,20555.29,39.75,0.19,18.6
2019-01-16,59.81,0.91,2.73,2.55,11.08,20442.75,38.77,0.18,19.04
2019-01-17,59.85,0.96,2.75,2.56,10.9,20402.27,37.03,0.19,18.06
2019-01-18,62.04,0.96,2.79,2.62,11.12,20666.07,35.63,0.17,17.8
2019-01-21,62.18,,,,,20719.33,,,
2019-01-22,60.9,0.95,2.74,2.58,10.77,20622.91,38.26,0.16,20.8
2019-01-23,61.05,0.96,2.76,2.58,10.61,20593.72,37.69,0.18,19.52
2019-01-24,61.09,0.95,2.72,2.56,10.37,20574.63,36.75,0.16,18.89
2019-01-25,61.49,0.97,2.76,2.6,11.12,20773.56,35.21,0.16,17.42
2019-01-28,59.71,0.97,2.75,2.6,11.04,20649.0,37.61,0.15,18.87
2019-01-29,60.98,0.94,2.72,2.56,11.25,20664.64,37.13,0.16,19.13
2019-01-30,61.89,0.86,2.7,2.52,11.14,20556.54,35.59,0.18,17.66
2019-01-31,62.46,0.78,2.63,2.45,10.74,20773.49,34.97,0.18,16.57
2019-02-01,61.86,0.82,2.7,2.52,10.12,20788.39,33.4,0.18,16.14
2019-02-04,62.26,0.86,2.73,2.53,10.11,20883.77,33.7,0.2,15.73
2019-02-05,61.67,0.84,2.71,2.53,10.14,20844.45,34.57,0.18,15.57
2019-02-06,62.22,0.84,2.7,2.52,9.76,20874.06,33.02,0.18,15.38
2019-02-07,61.01,0.81,2.65,2.48,9.72,20751.28,34.34,0.17,16.37
2019-02-08,61.37,0.81,2.63,2.45,9.89,20333.17,32.56,0.18,15.72
2019-02-11,61.3,0.83,2.65,2.48,10.18,,33.34,0.17,15.97
2019-02-12,62.58,0.85,2.68,2.5,10.03,20864.21,32.69,0.18,15.43
2019-02-13,63.27,0.85,2.71,2.53,9.55,21144.48,32.26,0.18,15.65
2019-02-14,64.0,0.81,2.66,2.5,9.92,21139.71,32.1,0.16,16.22
2019-02-15,65.65,0.8,2.66,2.52,10.16,20900.63,29.46,0.14,14.91
2019-02-18,66.41,,,,,21281.85,,,
2019-02-19,65.86,0.78,2.65,2.5,11.39,21302.65,31.0,0.15,14.88
2019-02-20,66.82,0.76,2.65,2.5,10.92,21431.49,30.76,0.15,14.02
2019-02-21,66.91,0.78,2.69,2.53,10.29,21464.23,30.16,0.16,14.46
2019-02-22,66.91,0.74,2.65,2.48,10.02,21425.51,29.85,0.17,13.51
2019-02-25,64.02,0.75,2.67,2.51,9.91,21528.23,32.69,0.16,14.85
2019-02-26,64.51,0.72,2.64,2.48,9.86,21449.39,31.57,0.16,15.17
2019-02-27,65.55,0.76,2.69,2.5,9.72,21556.51,31.01,0.19,14.7
2019-02-28,65.03,0.78,2.73,2.52,9.52,21385.16,30.27,0.21,14.78
2019-03-01,63.71,0.8,2.76,2.55,10.2,21602.69,30.31,0.21,13.57
2019-03-04,64.44,0.78,2.72,2.55,10.26,21822.04,30.2,0.17,14.63
2019-03-05,64.24,0.79,2.72,2.55,10.1,21726.28,30.21,0.17,14.74
2019-03-06,64.51,0.78,2.69,2.52,10.13,21596.81,29.69,0.17,15.74
2019-03-07,64.82,0.74,2.64,2.47,10.36,21456.01,30.43,0.17,16.59
2019-03-08,65.66,0.72,2.62,2.45,10.51,21025.56,29.77,0.17,16.05
2019-03-11,65.06,0.73,2.64,2.47,10.18,21125.09,29.18,0.17,14.33
2019-03-12,65.33,0.71,2.61,2.45,10.08,21503.69,28.56,0.16,13.77
2019-03-13,65.89,0.69,2.61,2.45,10.14,21290.24,28.13,0.16,13.41
2019-03-14,66.18,0.69,2.63,2.46,10.08,21287.02,27.22,0.17,13.5
2019-03-15,66.11,0.65,2.59,2.43,10.01,21450.85,26.27,0.16,12.88
2019-03-18,66.65,0.64,2.6,2.45,9.79,21584.5,26.48,0.15,13.1
2019-03-19,67.13,0.66,2.61,2.46,9.82,21566.85,28.44,0.15,13.56
2019-03-20,68.35,0.58,2.54,2.4,10.15,21608.92,27.21,0.14,13.91
2019-03-21,68.3,0.58,2.54,2.41,10.2,,27.14,0.13,13.63
2019-03-22,66.29,0.54,2.44,2.31,10.31,21627.34,27.78,0.13,16.48
2019-03-25,67.37,0.55,2.43,2.26,10.77,20977.11,29.32,0.17,16.33
2019-03-26,67.51,0.55,2.41,2.24,10.18,21428.39,27.92,0.17,14.68
2019-03-27,67.35,0.55,2.39,2.22,10.36,21378.73,28.11,0.17,15.15
2019-03-28,66.08,0.56,2.39,2.23,10.35,21033.76,28.52,0.16,14.43
2019-03-29,67.93,0.53,2.41,2.27,9.94,21205.81,26.75,0.14,13.71
2019-04-01,69.08,0.59,2.49,2.33,10.13,21509.03,26.23,0.16,13.4
2019-04-02,69.68,0.58,2.48,2.3,9.81,21505.31,26.28,0.18,13.36
2019-04-03,69.21,0.61,2.52,2.33,9.69,21713.21,25.57,0.19,13.74
2019-04-04,69.8,0.61,2.51,2.33,9.92,21724.95,25.22,0.18,13.58
2019-04-05,69.93,0.6,2.5,2.35,9.65,21807.5,24.0,0.15,12.82
2019-04-08,71.12,0.61,2.52,2.36,9.71,21761.65,24.33,0.16,13.18
2019-04-09,71.02,0.6,2.51,2.35,9.55,21802.59,24.66,0.16,14.28
2019-04-10,71.63,0.54,2.48,2.31,9.45,21687.57,24.68,0.17,13.3
2019-04-11,71.3,0.57,2.51,2.35,9.59,21711.38,25.7,0.16,13.02
2019-04-12,71.57,0.61,2.56,2.4,9.28,21870.56,25.7,0.16,12.01
2019-04-15,70.9,0.61,2.55,2.4,9.57,22169.11,25.51,0.15,12.32
2019-04-16,70.74,0.64,2.6,2.41,9.78,22221.66,25.57,0.19,12.18
2019-04-17,71.14,0.65,2.59,2.4,9.39,22277.97,25.19,0.19,12.6
2019-04-18,70.71,0.62,2.57,2.38,8.96,22090.12,24.45,0.19,12.09
2019-04-19,,,,,,22200.56,,,
2019-04-22,70.71,0.64,2.59,2.38,9.56,22217.9,26.07,0.21,12.42
2019-04-23,74.39,0.62,2.57,2.36,9.54,22259.74,26.56,0.21,12.28
2019-04-24,73.59,0.57,2.53,2.32,9.48,22200.0,25.28,0.21,13.14
2019-04-25,74.94,0.56,2.54,2.33,9.35,22307.58,25.57,0.21,13.25
2019-04-26,71.03,0.54,2.51,2.28,9.28,22258.73,31.24,0.23,12.73
2019-04-29,71.22,0.58,2.54,2.3,9.46,,29.04,0.24,13.11
2019-04-30,72.19,0.56,2.51,2.27,9.32,,29.31,0.24,13.12
2019-05-01,72.01,0.59,2.52,2.31,9.19,,29.41,0.21,14.8
2019-05-02,70.56,0.66,2.55,2.35,9.08,,30.49,0.2,14.42
2019-05-03,71.95,0.63,2.54,2.33,8.89,,29.88,0.21,12.87
2019-05-06,71.95,0.6,2.51,2.31,9.26,,30.91,0.2,15.44
2019-05-07,70.98,0.58,2.45,2.28,9.74,21923.72,34.07,0.17,19.32
2019-05-08,71.09,0.62,2.49,2.3,9.78,21602.59,32.23,0.19,19.4
2019-05-09,70.61,0.6,2.45,2.26,9.96,21402.13,32.48,0.19,19.1
2019-05-10,71.63,0.59,2.47,2.26,9.33,21344.92,32.8,0.21,16.04
2019-05-13,72.35,0.55,2.4,2.18,10.51,21191.28,34.6,0.22,20.55
2019-05-14,72.53,0.56,2.42,2.2,9.76,21067.23,32.13,0.22,18.06
2019-05-15,73.09,0.54,2.37,2.16,9.45,21188.56,29.26,0.21,16.44
2019-05-16,74.7,0.56,2.4,2.2,9.16,21062.98,29.42,0.2,15.29
2019-05-17,73.94,0.58,2.39,2.2,9.16,21250.09,29.44,0.19,15.96
2019-05-20,73.21,0.6,2.41,2.21,9.16,21301.73,27.63,0.2,16.31
2019-05-21,72.94,0.6,2.43,2.26,8.99,21272.45,26.93,0.17,14.95
2019-05-22,71.94,0.6,2.39,2.23,9.04,21283.37,28.19,0.16,14.75
2019-05-23,68.37,0.58,2.31,2.12,9.47,21151.14,33.79,0.19,16.92
2019-05-24,67.98,0.56,2.32,2.16,9.0,21117.22,33.19,0.16,15.85
2019-05-27,,,,,,21182.58,,,
2019-05-28,70.19,0.53,2.26,2.12,9.2,21260.14,34.36,0.14,17.5
2019-05-29,70.64,0.5,2.25,2.09,8.88,21003.37,36.43,0.16,17.9
2019-05-30,69.55,0.48,2.22,2.06,9.3,20942.53,39.62,0.16,17.3
2019-05-31,66.78,0.4,2.14,1.95,10.33,20601.19,46.91,0.19,18.71
2019-06-03,63.16,0.34,2.07,1.82,11.79,20410.88,46.78,0.25,18.86
2019-06-04,63.56,0.38,2.12,1.88,10.66,20408.54,43.46,0.24,16.97
2019-06-05,62.14,0.37,2.12,1.83,11.26,20776.1,45.19,0.29,16.09
2019-06-06,62.77,0.39,2.12,1.88,11.62,20774.04,40.66,0.24,15.93
2019-06-07,64.1,0.35,2.09,1.85,11.41,20884.71,38.75,0.24,16.3
2019-06-10,64.31,0.42,2.15,1.9,10.87,21134.42,39.12,0.25,15.94
2019-06-11,63.56,0.43,2.15,1.93,10.52,21204.28,38.69,0.22,15.99
2019-06-12,61.66,0.42,2.13,1.88,11.06,21129.72,43.06,0.25,15.91
2019-06-13,63.28,0.42,2.1,1.83,11.68,21032.0,41.56,0.27,15.82
2019-06-14,63.13,0.46,2.09,1.84,11.9,21116.89,42.89,0.25,15.28
2019-06-17,62.56,0.48,2.09,1.86,11.99,21124.0,46.15,0.23,15.35
2019-06-18,63.35,0.42,2.06,1.86,12.4,20972.71,43.43,0.2,15.15
2019-06-19,62.85,0.36,2.03,1.74,12.41,21333.87,40.79,0.29,14.33
2019-06-20,65.44,0.27,2.01,1.72,15.69,21462.86,41.66,0.29,14.75
2019-06-21,65.99,0.34,2.07,1.77,15.54,21258.64,42.13,0.3,15.4
2019-06-24,65.16,0.31,2.02,1.72,16.8,21285.99,41.0,0.3,15.26
2019-06-25,66.24,0.33,2.0,1.71,17.08,21193.81,40.26,0.29,16.28
2019-06-26,66.85,0.35,2.05,1.77,15.88,21086.59,38.45,0.28,16.21
2019-06-27,66.78,0.33,2.01,1.74,15.57,21338.17,37.84,0.27,15.82
2019-06-28,67.52,0.31,2.0,1.75,15.99,21275.92,39.46,0.25,15.08
2019-07-01,65.1,0.34,2.03,1.78,14.08,21729.97,35.92,0.25,14.06
2019-07-02,62.72,0.33,1.98,1.77,15.8,21754.27,37.77,0.21,12.93
2019-07-03,63.53,0.31,1.96,1.77,15.89,21638.16,36.72,0.19,12.57
2019-07-04,63.62,,,,,21702.45,,,
2019-07-05,64.23,0.35,2.04,1.87,15.07,21746.38,34.7,0.17,13.28
2019-07-08,64.89,0.35,2.05,1.88,12.99,21534.35,34.0,0.17,13.96
2019-07-09,64.3,0.36,2.07,1.92,13.45,21565.15,30.3,0.15,14.09
2019-07-10,66.41,0.33,2.07,1.82,15.01,21533.48,30.76,0.25,13.03
2019-07-11,67.64,0.36,2.13,1.85,13.64,21643.53,29.86,0.28,12.93
2019-07-12,66.65,0.35,2.12,1.84,14.65,21685.9,30.39,0.28,12.39
2019-07-15,66.86,0.32,2.09,1.83,14.9,,30.83,0.26,12.68
2019-07-16,65.87,0.33,2.13,1.87,14.32,21535.25,32.06,0.26,12.86
2019-07-17,63.67,0.31,2.06,1.83,16.02,21469.18,34.94,0.23,13.97
2019-07-18,60.7,0.25,2.04,1.77,17.45,21046.24,33.07,0.27,13.53
2019-07-19,61.04,0.25,2.05,1.8,15.83,21466.99,34.84,0.25,14.45
2019-07-22,61.96,0.26,2.05,1.8,14.89,21416.79,33.63,0.25,13.53
2019-07-23,62.28,0.27,2.08,1.83,14.28,21620.88,32.25,0.25,12.61
2019-07-24,63.83,0.26,2.05,1.83,14.55,21709.57,32.86,0.22,12.07
2019-07-25,63.47,0.28,2.08,1.86,13.54,21756.55,31.95,0.22,12.74
2019-07-26,62.46,0.3,2.08,1.86,12.31,21658.15,32.29,0.22,12.16
2019-07-29,62.29,0.29,2.06,1.85,13.59,21616.8,31.63,0.21,12.83
2019-07-30,62.55,0.28,2.06,1.85,14.51,21709.31,30.07,0.21,13.94
2019-07-31,64.07,0.26,2.02,1.89,13.21,21521.53,30.77,0.13,16.12
2019-08-01,62.9,0.2,1.9,1.73,16.01,21540.99,36.43,0.17,17.87
2019-08-02,61.12,0.2,1.86,1.72,15.0,21087.16,35.56,0.14,17.61
2019-08-05,59.32,0.15,1.75,1.59,16.91,20720.29,37.04,0.16,24.59
2019-08-06,58.63,0.11,1.73,1.6,16.02,20585.31,36.43,0.13,20.17
2019-08-07,55.03,0.09,1.71,1.59,18.16,20516.56,38.1,0.12,19.49
2019-08-08,56.29,0.07,1.72,1.62,17.53,20593.35,35.98,0.1,16.91
2019-08-09,57.37,0.08,1.74,1.63,16.64,20684.82,35.14,0.11,17.97
2019-08-12,57.13,0.04,1.65,1.58,18.46,,34.43,0.07,21.09
2019-08-13,59.9,0.05,1.68,1.66,17.92,20455.44,33.19,0.02,17.52
2019-08-14,57.86,0.02,1.59,1.58,18.19,20655.13,35.83,0.01,22.1
2019-08-15,57.37,-0.02,1.52,1.48,18.72,20405.65,36.2,0.04,21.18
2019-08-16,59.0,0.01,1.55,1.48,16.86,20418.81,35.02,0.07,18.47
2019-08-19,59.79,0.04,1.6,1.53,14.94,20563.16,32.99,0.07,16.88
2019-08-20,59.03,0.02,1.55,1.5,15.42,20677.22,32.34,0.05,17.5
2019-08-21,60.6,0.05,1.59,1.56,15.13,20618.57,32.39,0.03,15.8
2019-08-22,59.81,0.07,1.62,1.61,15.35,20628.01,32.39,0.01,16.68
2019-08-23,58.64,-0.02,1.52,1.51,18.36,20710.91,35.2,0.01,19.87
2019-08-26,58.64,0.0,1.54,1.54,17.54,20261.04,35.42,0.0,19.32
2019-08-27,58.44,-0.06,1.49,1.53,17.34,20456.08,33.73,-0.04,20.31
2019-08-28,60.42,-0.08,1.47,1.5,16.83,20479.42,32.72,-0.03,19.35
2019-08-29,60.59,-0.09,1.5,1.53,16.31,20460.93,31.82,-0.03,17.88
2019-08-30,61.04,-0.05,1.5,1.5,15.45,20704.37,32.16,0.0,18.98
2019-09-02,58.55,,,,,20620.19,,,
2019-09-03,57.93,-0.03,1.47,1.47,16.86,20625.16,35.73,0.0,19.66
2019-09-04,60.68,-0.04,1.47,1.43,17.27,20649.14,34.56,0.04,17.33
2019-09-05,62.7,0.01,1.57,1.55,15.72,21085.94,33.5,0.02,16.27
2019-09-06,61.28,0.01,1.55,1.53,14.75,21199.57,33.21,0.02,15.0
2019-09-09,63.99,0.06,1.63,1.58,14.76,21318.42,33.28,0.05,15.27
2019-09-10,64.67,0.12,1.72,1.67,14.62,21392.1,33.55,0.05,15.2
2019-09-11,63.02,0.15,1.75,1.68,14.95,21597.76,34.94,0.07,14.61
2019-09-12,60.76,0.16,1.79,1.72,15.07,21759.61,35.58,0.07,14.22
2019-09-13,61.25,0.23,1.9,1.79,14.94,21988.29,35.48,0.11,13.74
2019-09-16,68.42,0.17,1.84,1.74,16.07,,48.58,0.1,14.67
2019-09-17,65.59,0.15,1.81,1.72,15.91,22001.32,44.89,0.09,14.44
2019-09-18,64.29,0.21,1.8,1.77,15.1,21960.71,40.44,0.03,13.95
2019-09-19,64.25,0.18,1.79,1.74,15.13,22044.45,41.15,0.05,14.05
2019-09-20,65.23,0.13,1.74,1.69,16.79,22079.09,38.99,0.05,15.32
2019-09-23,64.66,0.11,1.72,1.68,16.92,,39.06,0.04,14.91
2019-09-24,64.13,0.06,1.64,1.6,17.22,22098.84,38.74,0.04,17.05
2019-09-25,62.41,0.13,1.73,1.68,15.62,22020.15,38.37,0.05,15.96
2019-09-26,62.08,0.13,1.7,1.66,15.11,22048.24,37.52,0.04,16.07
2019-09-27,62.48,0.16,1.69,1.63,14.96,21878.9,38.9,0.06,17.22
2019-09-30,60.99,0.15,1.68,1.63,15.37,21755.84,38.75,0.05,16.24
2019-10-01,60.06,0.13,1.65,1.56,15.61,21885.24,38.88,0.09,18.56
2019-10-02,57.92,0.1,1.6,1.48,15.75,21778.61,39.62,0.12,20.56
2019-10-03,58.01,0.06,1.54,1.39,16.33,21341.74,40.4,0.15,19.12
2019-10-04,59.13,0.02,1.52,1.4,15.26,21410.2,39.31,0.12,17.04
2019-10-07,59.46,0.05,1.56,1.46,15.44,21375.25,39.42,0.1,17.86
2019-10-08,58.14,0.06,1.54,1.42,16.21,21587.78,39.49,0.12,20.28
2019-10-09,59.7,0.1,1.59,1.47,15.73,21456.38,38.0,0.12,18.64
2019-10-10,59.08,0.15,1.67,1.53,15.7,21551.98,39.52,0.14,17.57
2019-10-11,60.59,0.2,1.76,1.63,15.72,21798.87,39.65,0.13,15.58
2019-10-14,58.81,,,,15.65,,40.21,,14.57
2019-10-15,59.19,0.21,1.77,1.61,15.08,22207.21,39.47,0.16,13.54
2019-10-16,59.3,0.18,1.75,1.58,14.94,22472.92,39.47,0.17,13.68
2019-10-17,59.35,0.17,1.76,1.6,14.84,22451.86,37.71,0.16,13.79
2019-10-18,59.96,0.16,1.76,1.58,14.85,22492.68,36.43,0.18,14.25
2019-10-21,58.95,0.19,1.8,1.62,14.05,22548.9,36.66,0.18,14.0
2019-10-22,60.5,0.17,1.78,1.6,13.67,,35.52,0.18,14.46
2019-10-23,60.52,0.16,1.77,1.58,13.23,22625.38,35.66,0.19,14.01
2019-10-24,61.71,0.15,1.77,1.58,13.97,22750.6,35.95,0.19,13.71
2019-10-25,62.06,0.15,1.8,1.63,13.48,22799.81,34.64,0.17,12.65
2019-10-28,60.39,0.21,1.85,1.64,13.78,22867.27,35.64,0.21,13.11
2019-10-29,61.05,0.23,1.84,1.64,13.46,22974.13,35.7,0.2,13.2
2019-10-30,60.22,0.21,1.78,1.61,13.17,22843.12,34.36,0.17,12.33
2019-10-31,59.3,0.15,1.69,1.52,13.39,22927.04,35.84,0.17,13.22
2019-11-01,60.17,0.14,1.73,1.56,12.86,22850.77,34.37,0.17,12.3
2019-11-04,62.52,0.15,1.79,1.6,12.45,,35.63,0.19,12.83
2019-11-05,62.72,0.18,1.86,1.63,12.43,23251.99,33.77,0.23,13.1
2019-11-06,62.11,0.15,1.81,1.61,12.04,23303.82,33.22,0.2,12.62
2019-11-07,62.6,0.23,1.92,1.68,12.35,23330.32,31.45,0.24,12.73
2019-11-08,62.0,0.23,1.94,1.68,12.27,23391.87,31.45,0.26,12.07
2019-11-11,62.58,,,,12.87,23331.84,34.22,,12.69
2019-11-12,62.19,0.22,1.92,1.66,11.91,23520.01,33.74,0.26,12.68
2019-11-13,62.27,0.22,1.88,1.63,11.56,23319.87,35.15,0.25,13.0
2019-11-14,62.46,0.2,1.82,1.58,11.83,23141.55,33.94,0.24,13.05
2019-11-15,63.32,0.21,1.84,1.61,11.23,23303.32,32.42,0.23,12.05
2019-11-18,62.82,0.18,1.81,1.6,11.55,23416.76,33.68,0.21,12.46
2019-11-19,62.37,0.16,1.79,1.6,11.5,23292.65,32.94,0.19,12.86
2019-11-20,63.8,0.13,1.73,1.56,11.55,23148.57,32.2,0.17,12.78
2019-11-21,64.99,0.14,1.77,1.6,11.37,23038.58,31.59,0.17,13.13
2019-11-22,64.83,0.15,1.77,1.61,11.32,23112.88,32.38,0.16,12.34
2019-11-25,64.67,0.14,1.76,1.61,11.15,23292.81,31.9,0.15,11.87
2019-11-26,64.82,0.12,1.74,1.58,10.76,23373.32,31.25,0.16,11.54
2019-11-27,65.03,0.14,1.77,1.63,10.3,23437.77,30.82,0.14,11.75
2019-11-28,64.68,,,,,23409.14,,,
2019-11-29,64.5,0.17,1.78,1.61,10.71,23293.91,36.73,0.17,12.62
2019-12-02,63.2,0.18,1.83,1.61,10.77,23529.5,34.97,0.22,14.91
2019-12-03,62.95,0.09,1.72,1.53,12.15,23379.81,35.05,0.19,15.96
2019-12-04,65.25,0.11,1.77,1.58,11.57,23135.23,32.21,0.19,14.8
2019-12-05,65.67,0.13,1.8,1.58,11.25,23300.09,30.41,0.22,14.52
2019-12-06,66.5,0.15,1.84,1.61,10.73,23354.4,30.02,0.23,13.62
2019-12-09,66.44,0.14,1.83,1.63,10.75,23430.7,30.02,0.2,15.86
2019-12-10,66.57,0.14,1.85,1.65,10.33,23410.19,27.94,0.2,15.68
2019-12-11,65.37,0.1,1.79,1.61,10.81,23391.86,27.81,0.18,14.99
2019-12-12,66.67,0.18,1.9,1.66,10.95,23424.81,27.44,0.24,13.94
2019-12-13,67.44,0.12,1.82,1.61,10.39,24023.1,26.76,0.21,12.63
2019-12-16,68.04,0.16,1.89,1.65,10.39,23952.35,26.51,0.24,12.14
2019-12-17,68.99,0.14,1.89,1.63,10.03,24066.12,26.33,0.26,12.29
2019-12-18,69.12,0.16,1.92,1.63,10.04,23934.43,26.77,0.29,12.58
2019-12-19,69.7,0.15,1.92,1.62,10.39,23864.85,24.8,0.3,12.5
2019-12-20,68.66,0.15,1.92,1.63,9.69,23816.63,25.54,0.29,12.51
2019-12-23,67.49,0.18,1.93,1.64,10.56,23821.11,25.11,0.29,12.61
2019-12-24,69.26,0.15,1.9,1.62,11.93,23830.58,25.46,0.28,12.67
2019-12-25,,,,,,23782.87,,,
2019-12-26,69.26,0.16,1.9,1.64,13.33,23924.92,24.08,0.26,12.65
2019-12-27,68.91,0.15,1.88,1.59,12.32,23837.72,25.16,0.29,13.43
2019-12-30,68.3,0.15,1.9,1.58,12.56,23656.62,25.86,0.32,14.82
2019-12-31,67.77,0.15,1.92,1.58,12.63,,28.3,0.34,13.78
2020-01-02,67.05,0.08,1.88,1.58,12.7,,28.75,0.3,12.47
2020-01-03,69.08,0.03,1.8,1.53,13.46,,31.92,0.27,14.02
2020-01-06,70.25,0.06,1.81,1.54,14.21,23204.86,32.32,0.27,13.85
2020-01-07,68.74,0.09,1.83,1.54,14.01,23575.72,31.8,0.29,13.79
2020-01-08,67.31,0.12,1.87,1.58,13.67,23204.76,32.6,0.29,13.45
2020-01-09,66.58,0.11,1.85,1.58,12.54,23739.87,33.22,0.27,12.54
2020-01-10,66.77,0.07,1.83,1.56,12.27,23850.57,30.38,0.27,12.56
2020-01-13,64.14,0.08,1.85,1.58,10.91,,34.25,0.27,12.32
2020-01-14,64.45,0.05,1.82,1.58,11.02,24025.17,33.62,0.24,12.39
2020-01-15,63.29,0.04,1.79,1.56,11.75,23916.58,33.38,0.23,12.42
2020-01-16,64.63,0.07,1.81,1.58,11.38,23933.13,29.79,0.23,12.32
2020-01-17,64.05,0.09,1.84,1.58,11.31,24041.26,28.6,0.26,12.1
2020-01-20,64.63,,,,,24083.51,,,
2020-01-21,63.66,0.04,1.78,1.53,11.48,23864.56,27.66,0.25,12.85
2020-01-22,62.11,0.05,1.77,1.53,11.16,24031.35,30.7,0.24,12.91
2020-01-23,61.26,0.04,1.74,1.51,11.61,23795.44,31.95,0.23,12.98
2020-01-24,59.34,0.02,1.7,1.49,12.48,23827.18,34.55,0.21,14.56
2020-01-27,58.54,-0.02,1.61,1.44,12.9,23343.51,37.72,0.17,18.23
2020-01-28,59.37,0.0,1.65,1.45,11.89,23215.71,36.42,0.2,16.28
2020-01-29,59.46,-0.04,1.6,1.42,12.09,23379.4,35.73,0.18,16.39
2020-01-30,57.72,-0.07,1.57,1.41,12.23,22977.75,37.49,0.16,15.49
2020-01-31,57.77,-0.14,1.51,1.33,13.5,23205.18,40.35,0.18,18.84
2020-02-03,54.0,-0.09,1.54,1.36,12.48,22971.94,41.81,0.18,17.97
2020-02-04,53.9,-0.03,1.61,1.41,12.01,23084.59,39.44,0.2,16.05
2020-02-05,55.36,0.0,1.66,1.44,11.32,23319.56,37.88,0.22,15.15
2020-02-06,55.18,-0.02,1.65,1.44,11.45,23873.59,36.44,0.21,14.96
2020-02-07,54.53,-0.07,1.59,1.41,11.3,23827.98,37.51,0.18,15.47
2020-02-10,53.39,-0.1,1.56,1.37,11.91,23685.98,39.01,0.19,15.04
2020-02-11,54.0,-0.06,1.59,1.41,11.48,,37.52,0.18,15.18
2020-02-12,55.54,-0.04,1.62,1.44,11.07,23861.21,35.58,0.18,13.74
2020-02-13,56.34,-0.06,1.61,1.44,11.59,23827.73,35.84,0.17,14.15
2020-02-14,57.37,-0.07,1.59,1.42,11.62,23687.59,35.93,0.17,13.68
2020-02-17,57.83,,,,,23523.24,,,
2020-02-18,57.35,-0.1,1.55,1.41,13.02,23193.8,33.47,0.14,14.83
2020-02-19,59.72,-0.09,1.56,1.42,13.34,23400.7,32.27,0.14,14.38
2020-02-20,59.57,-0.11,1.52,1.39,13.35,23479.15,33.16,0.13,15.56
2020-02-21,58.6,-0.15,1.46,1.34,15.79,23386.74,35.87,0.12,17.08
2020-02-24,56.71,-0.21,1.38,1.26,17.58,,39.53,0.12,25.03
2020-02-25,55.29,-0.2,1.33,1.2,18.13,22605.41,42.5,0.13,27.85
2020-02-26,54.96,-0.21,1.33,1.16,16.48,22426.19,43.4,0.17,27.56
2020-02-27,52.19,-0.23,1.3,1.11,18.05,21948.23,49.42,0.19,39.16
2020-02-28,51.31,-0.28,1.13,0.86,21.27,21142.96,51.25,0.27,40.11
2020-03-02,52.52,-0.31,1.1,0.84,18.98,21344.08,48.33,0.26,33.42
2020-03-03,52.24,-0.43,1.02,0.71,22.01,21082.73,50.8,0.31,36.82
2020-03-04,51.86,-0.44,1.02,0.67,18.55,21100.06,50.59,0.35,31.99
2020-03-05,51.29,-0.48,0.92,0.59,22.43,21329.12,52.58,0.33,39.62
2020-03-06,45.6,-0.57,0.74,0.49,25.12,20749.75,65.02,0.25,41.94
2020-03-09,35.33,-0.45,0.54,0.38,31.29,19698.76,115.92,0.16,54.46
2020-03-10,35.57,-0.24,0.76,0.5,23.99,19867.12,92.93,0.26,47.3
2020-03-11,34.45,-0.14,0.82,0.5,26.74,19416.06,105.25,0.32,53.9
2020-03-12,31.02,-0.04,0.88,0.5,30.18,18559.63,123.45,0.38,75.47
2020-03-13,32.25,0.04,0.94,0.49,37.43,17431.05,118.48,0.45,57.83
2020-03-16,27.98,0.0,0.73,0.36,41.43,17002.04,128.5,0.37,82.69
2020-03-17,27.97,0.39,1.02,0.47,45.27,17011.53,133.32,0.55,75.91
2020-03-18,22.79,0.55,1.18,0.54,48.98,16726.55,166.79,0.64,76.45
2020-03-19,23.98,0.62,1.12,0.44,39.48,16552.83,164.06,0.68,72.0
2020-03-20,25.55,0.17,0.92,0.37,36.81,,190.08,0.55,66.04
2020-03-23,23.75,-0.04,0.76,0.28,41.16,16887.78,185.68,0.48,61.59
2020-03-24,24.5,-0.13,0.84,0.38,40.41,18092.35,170.86,0.46,61.67
2020-03-25,25.62,-0.19,0.88,0.34,40.56,19546.63,144.03,0.54,63.95
2020-03-26,23.55,-0.24,0.83,0.3,37.48,18664.6,150.06,0.53,61.0
2020-03-27,22.39,-0.22,0.72,0.25,34.89,19389.43,175.88,0.47,65.54
2020-03-30,19.19,-0.25,0.7,0.23,30.42,19084.97,174.22,0.47,57.08
2020-03-31,14.85,-0.17,0.7,0.23,29.19,18917.01,170.55,0.47,53.54
2020-04-01,14.97,-0.29,0.62,0.23,30.26,18065.41,158.98,0.39,57.06
2020-04-02,20.24,-0.4,0.63,0.23,31.91,17818.72,162.65,0.4,50.91
2020-04-03,24.33,-0.46,0.62,0.23,31.85,17820.19,141.68,0.39,46.8
2020-04-06,22.58,-0.47,0.67,0.27,35.76,18576.3,144.19,0.4,45.24
2020-04-07,22.1,-0.42,0.75,0.28,34.27,18950.18,139.13,0.47,46.7
2020-04-08,25.22,-0.42,0.77,0.27,29.98,19353.24,141.46,0.5,43.35
2020-04-09,20.23,-0.5,0.73,0.23,27.59,19345.77,129.88,0.5,41.67
2020-04-10,,,,,,19498.5,,,
2020-04-13,,-0.5,0.76,0.25,28.41,19043.4,114.44,0.51,41.17
2020-04-14,21.74,-0.53,0.76,0.23,28.87,19638.81,115.48,0.53,37.76
2020-04-15,19.8,-0.56,0.63,0.2,27.39,19550.09,120.38,0.43,40.84
2020-04-16,18.69,-0.42,0.61,0.2,27.74,19290.2,115.1,0.41,40.11
2020-04-17,19.75,-0.36,0.65,0.2,26.96,19897.26,95.91,0.45,38.15
2020-04-20,17.36,-0.31,0.63,0.2,28.01,19669.12,226.13,0.43,43.83
2020-04-21,9.12,-0.38,0.58,0.2,30.62,19280.78,325.15,0.38,45.41
2020-04-22,13.77,-0.43,0.63,0.22,30.44,19137.95,236.8,0.41,41.98
2020-04-23,15.06,-0.44,0.61,0.22,30.25,19429.44,211.0,0.39,41.38
2020-04-24,15.87,-0.51,0.6,0.22,29.22,19262.0,173.53,0.38,35.93
2020-04-27,15.17,-0.5,0.67,0.24,26.75,19783.22,185.47,0.43,33.29
2020-04-28,15.6,-0.52,0.62,0.2,24.43,19771.19,198.77,0.42,33.57
2020-04-29,17.86,-0.51,0.63,0.2,24.16,,195.59,0.43,31.23
2020-04-30,18.11,-0.43,0.64,0.2,24.24,20193.69,104.98,0.44,34.15
2020-05-01,18.49,-0.42,0.64,0.2,24.25,19619.35,110.18,0.44,37.19
2020-05-04,20.4,-0.43,0.64,0.19,23.68,,97.42,0.45,35.97
2020-05-05,25.46,-0.44,0.66,0.19,24.97,,97.27,0.47,33.61
2020-05-06,24.2,-0.38,0.72,0.17,24.47,,115.39,0.55,34.12
2020-05-07,24.23,-0.45,0.63,0.13,26.15,19674.77,110.62,0.5,31.44
2020-05-08,,-0.43,0.69,0.16,24.89,20179.09,98.7,0.53,27.98
2020-05-11,25.53,-0.4,0.73,0.17,23.55,20390.66,109.72,0.56,27.57
2020-05-12,26.67,-0.4,0.69,0.17,22.45,20366.48,86.86,0.52,33.04
2020-05-13,27.89,-0.43,0.64,0.16,22.71,20267.05,82.83,0.48,35.28
2020-05-14,29.87,-0.43,0.63,0.16,24.15,19914.78,80.05,0.47,32.61
2020-05-15,30.95,-0.45,0.64,0.16,23.63,20037.47,76.39,0.48,31.89
2020-05-18,33.3,-0.44,0.73,0.18,22.81,20133.73,76.14,0.55,29.3
2020-05-19,33.06,-0.45,0.7,0.17,21.33,20433.45,73.22,0.53,30.53
2020-05-20,34.76,-0.48,0.68,0.16,20.12,20595.15,73.62,0.52,27.99
2020-05-21,34.78,-0.46,0.68,0.17,19.74,20552.31,89.06,0.51,29.53
2020-05-22,33.8,-0.46,0.66,0.17,18.95,20388.16,84.98,0.49,28.16
2020-05-25,,,,,,20741.65,,,
2020-05-26,33.95,-0.44,0.69,0.18,18.57,21271.17,75.47,0.51,28.01
2020-05-27,32.73,-0.46,0.68,0.19,18.51,21419.23,73.89,0.49,27.62
2020-05-28,33.98,-0.48,0.7,0.17,18.1,21916.31,72.98,0.53,28.59
2020-05-29,34.15,-0.5,0.65,0.16,18.15,21877.89,69.23,0.49,27.51
2020-06-01,36.74,-0.52,0.66,0.14,18.06,22062.39,64.38,0.52,28.23
2020-06-02,37.72,-0.5,0.68,0.17,18.1,22325.61,64.71,0.51,26.84
2020-06-03,37.98,-0.44,0.77,0.19,18.47,22613.76,65.73,0.58,25.66
2020-06-04,38.41,-0.4,0.82,0.19,18.05,22695.74,65.13,0.63,25.81
2020-06-05,41.0,-0.36,0.91,0.22,18.17,22863.73,64.2,0.69,24.52
2020-06-08,39.66,-0.4,0.88,0.22,17.94,23178.1,67.24,0.66,25.81
2020-06-09,40.45,-0.42,0.84,0.2,19.0,23091.03,67.76,0.64,27.57
2020-06-10,41.18,-0.52,0.75,0.17,20.75,23124.95,63.06,0.58,27.57
2020-06-11,37.76,-0.55,0.66,0.19,23.04,22472.91,69.96,0.47,40.79
2020-06-12,38.54,-0.5,0.71,0.19,20.39,22305.48,70.22,0.52,36.09
2020-06-15,39.44,-0.52,0.71,0.19,20.11,21530.95,68.11,0.52,34.4
2020-06-16,40.75,-0.52,0.75,0.21,19.29,22582.21,66.63,0.54,33.67
2020-06-17,40.47,-0.52,0.74,0.19,18.88,22455.76,61.45,0.55,33.47
2020-06-18,41.75,-0.57,0.71,0.19,18.31,22355.46,61.35,0.52,32.94
2020-06-19,42.33,-0.6,0.7,0.19,18.27,22478.79,58.73,0.51,35.12
2020-06-22,43.2,-0.63,0.71,0.19,19.55,22437.27,56.76,0.52,31.77
2020-06-23,42.72,-0.66,0.72,0.18,20.51,22549.05,58.83,0.54,31.37
2020-06-24,40.4,-0.64,0.69,0.19,20.01,22534.32,64.96,0.5,33.84
2020-06-25,41.18,-0.65,0.68,0.17,19.73,22259.79,62.69,0.51,32.22
2020-06-26,40.97,-0.68,0.64,0.17,20.52,22512.08,63.69,0.47,34.73
2020-06-29,41.58,-0.7,0.64,0.16,19.26,21995.04,60.04,0.48,31.78
2020-06-30,41.64,-0.68,0.66,0.16,19.65,22288.14,57.66,0.5,30.43
2020-07-01,42.18,-0.68,0.69,0.17,18.85,22121.73,53.43,0.52,28.62
2020-07-02,43.19,-0.73,0.68,0.16,17.7,22145.96,51.29,0.52,27.68
2020-07-03,42.92,,,,,22306.48,,,
2020-07-06,42.73,-0.76,0.69,0.16,17.42,22714.44,50.73,0.53,27.94
2020-07-07,43.28,-0.78,0.65,0.16,17.37,22614.69,51.39,0.49,29.43
2020-07-08,43.67,-0.75,0.67,0.16,17.74,22438.65,48.85,0.51,28.08
2020-07-09,42.35,-0.77,0.62,0.16,17.39,22529.29,53.77,0.46,29.26
2020-07-10,43.27,-0.76,0.65,0.16,16.64,22290.81,49.71,0.49,27.29
2020-07-13,42.85,-0.78,0.64,0.16,16.53,22784.74,53.41,0.48,32.19
2020-07-14,42.97,-0.78,0.63,0.14,16.0,22587.01,53.04,0.49,29.52
2020-07-15,43.96,-0.77,0.64,0.16,15.36,22945.5,47.05,0.48,27.76
2020-07-16,43.71,-0.79,0.62,0.16,15.37,22770.36,46.12,0.46,28.0
2020-07-17,43.53,-0.82,0.64,0.14,15.09,22696.42,40.22,0.5,25.68
2020-07-20,43.3,-0.84,0.62,0.16,15.3,22717.48,42.59,0.46,24.46
2020-07-21,44.31,-0.87,0.61,0.14,16.67,22884.22,41.1,0.47,24.84
2020-07-22,43.98,-0.88,0.6,0.14,22.45,22751.61,41.3,0.46,24.32
2020-07-23,42.96,-0.9,0.59,0.16,21.99,,43.83,0.43,26.08
2020-07-24,43.29,-0.92,0.59,0.14,21.61,,42.35,0.45,25.84
2020-07-27,43.39,-0.9,0.62,0.15,25.52,22715.85,41.37,0.47,24.74
2020-07-28,43.11,-0.92,0.59,0.14,28.96,22657.38,41.09,0.45,25.44
2020-07-29,43.51,-0.95,0.58,0.12,26.79,22397.11,39.58,0.46,24.1
2020-07-30,42.98,-0.97,0.55,0.11,24.13,22339.23,42.06,0.44,24.76
2020-07-31,43.13,-1.0,0.55,0.11,24.46,21710.0,44.43,0.44,24.46
2020-08-03,43.76,-1.02,0.56,0.11,23.56,22195.38,41.56,0.45,24.28
2020-08-04,43.99,-1.05,0.52,0.11,26.3,22573.66,40.28,0.41,23.76
2020-08-05,44.92,-1.06,0.55,0.11,25.69,22514.85,37.12,0.44,22.99
2020-08-06,45.04,-1.08,0.55,0.11,27.36,22418.15,37.59,0.44,22.65
2020-08-07,44.07,-1.04,0.57,0.13,26.22,22329.94,37.43,0.44,22.21
2020-08-10,44.19,-1.02,0.59,0.14,23.89,,35.74,0.45,22.13
2020-08-11,43.68,-0.99,0.64,0.16,27.48,22750.24,37.5,0.48,24.03
2020-08-12,45.09,-0.98,0.69,0.16,25.85,22843.96,34.74,0.53,22.28
2020-08-13,44.87,-0.96,0.71,0.16,25.82,23249.61,34.87,0.55,22.13
2020-08-14,44.86,-0.94,0.71,0.14,23.53,23289.36,35.1,0.57,22.05
2020-08-17,44.91,-0.97,0.69,0.14,26.35,23096.75,32.43,0.55,21.35
2020-08-18,45.34,-1.01,0.67,0.14,26.46,23051.08,31.7,0.53,21.51
2020-08-19,45.21,-0.99,0.68,0.14,28.15,23110.61,32.85,0.54,22.54
2020-08-20,44.56,-0.97,0.65,0.13,25.91,22880.62,32.83,0.52,22.72
2020-08-21,43.94,-1.0,0.64,0.16,25.96,22920.3,33.68,0.48,22.54
2020-08-24,44.43,-1.02,0.65,0.14,23.86,22985.51,32.25,0.51,22.37
2020-08-25,46.01,-1.01,0.69,0.15,22.76,23296.77,33.03,0.54,22.03
2020-08-26,45.79,-1.03,0.69,0.16,24.79,23290.86,33.79,0.53,23.27
2020-08-27,44.84,-0.99,0.74,0.16,23.08,23208.86,33.74,0.58,24.47
2020-08-28,45.22,-1.03,0.74,0.14,23.19,22882.65,32.06,0.6,22.96
2020-08-31,,-1.08,0.72,0.14,24.32,23139.76,32.59,0.58,26.41
2020-09-01,45.72,-1.08,0.68,0.13,23.0,23138.07,31.74,0.55,26.12
2020-09-02,42.7,-1.07,0.66,0.14,23.57,23247.15,35.49,0.52,26.57
2020-09-03,42.72,-1.02,0.63,0.13,23.68,23465.53,41.28,0.5,33.6
2020-09-04,41.1,-0.98,0.72,0.14,21.98,23205.43,44.02,0.58,30.75
2020-09-07,40.67,,,,,23089.95,,,
2020-09-08,38.53,-0.99,0.69,0.14,22.49,23274.13,55.9,0.55,31.46
2020-09-09,39.98,-1.0,0.71,0.14,21.66,23032.54,49.42,0.57,28.81
2020-09-10,39.27,-1.01,0.68,0.14,21.26,23235.47,52.16,0.54,29.71
2020-09-11,38.8,-0.98,0.67,0.13,20.2,23406.49,50.13,0.54,26.87
2020-09-14,38.57,-0.97,0.68,0.14,20.91,23559.3,49.41,0.54,25.85
2020-09-15,39.54,-0.99,0.68,0.14,20.32,23454.89,45.19,0.54,25.59
2020-09-16,41.23,-0.99,0.69,0.14,20.08,23475.53,41.13,0.55,26.04
2020-09-17,42.35,-0.97,0.69,0.13,19.95,23319.37,38.73,0.56,26.46
2020-09-18,42.16,-0.97,0.7,0.14,20.22,23360.3,39.07,0.56,25.83
2020-09-21,40.37,-0.94,0.68,0.14,21.6,,42.89,0.54,27.78
2020-09-22,40.84,-0.94,0.68,0.13,21.63,,41.28,0.55,26.86
2020-09-23,41.09,-0.92,0.68,0.14,23.43,23346.49,44.64,0.54,28.58
2020-09-24,41.24,-0.91,0.67,0.14,23.41,23087.82,42.88,0.53,28.51
2020-09-25,40.91,-0.92,0.66,0.12,22.09,23204.62,41.41,0.54,26.38
2020-09-28,41.59,-0.94,0.67,0.14,22.01,23511.62,40.64,0.53,26.19
2020-09-29,40.33,-0.98,0.66,0.11,23.28,23539.1,46.13,0.55,26.27
2020-09-30,40.3,-0.94,0.69,0.13,22.07,23185.12,44.0,0.56,26.37
2020-10-01,39.75,-0.95,0.68,0.14,22.39,23185.12,49.35,0.54,26.7
2020-10-02,38.0,-0.94,0.7,0.13,22.59,23029.9,55.51,0.57,27.63
2020-10-05,39.78,-0.9,0.78,0.14,22.13,23312.14,49.44,0.64,27.96
2020-10-06,41.27,-0.9,0.76,0.14,22.79,23433.73,46.6,0.62,29.48
2020-10-07,40.62,-0.9,0.81,0.16,23.28,23422.82,45.5,0.65,28.06
2020-10-08,42.0,-0.94,0.78,0.13,21.96,23647.07,41.15,0.65,26.36
2020-10-09,41.63,-0.94,0.79,0.16,22.44,23619.69,42.38,0.63,25.0
2020-10-12,40.5,,,,22.66,23558.69,44.04,,25.07
2020-10-13,41.34,-0.96,0.74,0.16,23.17,23601.78,46.07,0.58,26.07
2020-10-14,41.81,-0.96,0.73,0.14,21.88,23626.73,43.53,0.59,26.4
2020-10-15,41.61,-0.95,0.74,0.14,21.73,23507.23,43.83,0.6,26.97
2020-10-16,41.34,-0.95,0.76,0.14,20.29,23410.63,44.06,0.62,27.41
2020-10-19,41.29,-0.93,0.78,0.16,21.33,23671.13,43.35,0.62,29.18
2020-10-20,41.62,-0.91,0.81,0.14,21.54,23567.04,43.85,0.67,29.35
2020-10-21,40.09,-0.91,0.83,0.14,22.66,23639.46,47.58,0.69,28.65
2020-10-22,41.28,-0.89,0.87,0.16,21.38,23474.27,46.61,0.71,28.11
2020-10-23,40.71,-0.9,0.85,0.18,21.04,23516.59,46.32,0.67,27.55
2020-10-26,39.06,-0.91,0.81,0.16,20.93,23494.34,53.05,0.65,32.46
2020-10-27,39.72,-0.92,0.79,0.16,20.41,23485.8,50.22,0.63,33.35
2020-10-28,37.86,-0.91,0.79,0.16,21.93,23418.51,59.61,0.63,40.28
2020-10-29,36.56,-0.86,0.85,0.16,21.9,23331.94,63.38,0.69,37.59
2020-10-30,36.33,-0.82,0.88,0.14,23.26,22977.13,68.84,0.74,38.02
2020-11-02,37.78,-0.84,0.87,0.16,23.74,23295.48,66.73,0.71,37.13
2020-11-03,38.17,-0.82,0.9,0.17,23.32,,63.63,0.73,35.55
2020-11-04,39.68,-0.86,0.78,0.14,20.49,23695.23,54.53,0.64,29.57
2020-11-05,39.47,-0.87,0.79,0.14,22.0,24105.28,53.69,0.65,27.58
2020-11-06,38.08,-0.82,0.83,0.16,21.1,24325.23,55.75,0.67,24.86
2020-11-09,40.93,-0.77,0.96,0.17,21.86,24839.84,52.2,0.79,25.75
2020-11-10,42.25,-0.78,0.98,0.19,20.46,24905.59,49.64,0.79,24.8
2020-11-11,42.5,,,,19.14,25349.6,49.24,,23.45
2020-11-12,42.16,-0.83,0.88,0.17,18.98,25520.88,50.9,0.71,25.35
2020-11-13,41.51,-0.83,0.89,0.17,17.74,25385.87,48.24,0.72,23.1
2020-11-16,42.71,-0.81,0.91,0.19,18.31,25906.93,46.89,0.72,22.45
2020-11-17,42.54,-0.83,0.87,0.18,17.54,26014.62,45.08,0.69,22.71
2020-11-18,42.91,-0.82,0.88,0.16,17.67,25728.14,46.06,0.72,23.84
2020-11-19,43.09,-0.84,0.86,0.18,17.96,25634.34,46.34,0.68,23.11
2020-11-20,43.79,-0.86,0.83,0.16,17.72,25527.37,43.94,0.67,23.7
2020-11-23,45.0,-0.85,0.86,0.16,18.98,,42.79,0.7,22.66
2020-11-24,46.63,-0.86,0.88,0.16,20.09,26165.59,42.84,0.72,21.64
2020-11-25,47.3,-0.87,0.88,0.17,19.75,26296.86,43.56,0.71,21.25
2020-11-26,46.32,,,,,26537.31,,,
2020-11-27,46.88,-0.91,0.84,0.16,19.09,26644.71,46.21,0.68,20.84
2020-11-30,46.84,-0.93,0.84,0.16,19.69,26433.62,47.37,0.68,20.57
2020-12-01,47.03,-0.89,0.92,0.17,19.61,26787.54,47.81,0.75,20.77
2020-12-02,47.8,-0.9,0.95,0.16,19.42,26800.98,45.68,0.79,21.17
2020-12-03,48.37,-0.94,0.92,0.16,19.61,26809.37,40.95,0.76,21.28
2020-12-04,49.1,-0.92,0.97,0.16,18.95,26751.24,38.34,0.81,20.79
2020-12-07,48.63,-0.94,0.94,0.14,19.79,26547.44,37.68,0.8,21.3
2020-12-08,48.84,-0.97,0.92,0.14,19.86,26467.08,37.7,0.78,20.68
2020-12-09,48.81,-0.96,0.95,0.16,20.26,26817.94,39.52,0.79,22.27
2020-12-10,50.33,-0.96,0.92,0.14,19.66,26756.24,39.7,0.78,22.52
2020-12-11,50.01,-0.97,0.9,0.11,19.24,26652.52,39.51,0.79,23.31
2020-12-14,50.27,-0.98,0.9,0.13,19.43,26732.44,39.96,0.77,24.72
2020-12-15,50.77,-0.99,0.92,0.11,19.75,26687.84,39.34,0.81,22.89
2020-12-16,50.83,-1.0,0.92,0.13,19.39,26757.4,38.68,0.79,22.5
2020-12-17,51.2,-1.0,0.94,0.13,20.1,26806.67,36.86,0.81,21.93
2020-12-18,52.17,-1.0,0.95,0.13,19.58,26763.39,37.15,0.82,21.57
2020-12-21,50.61,-1.0,0.95,0.13,19.8,26714.42,41.56,0.82,25.16
2020-12-22,49.88,-1.01,0.93,0.13,19.5,26436.39,42.06,0.8,24.23
2020-12-23,51.05,-1.01,0.96,0.13,18.87,26524.79,39.89,0.83,23.31
2020-12-24,50.88,-1.03,0.94,0.13,18.99,26668.35,39.41,0.81,21.53
2020-12-25,,,,,,26656.61,,,
2020-12-28,50.88,-1.03,0.94,0.13,20.2,26854.03,39.67,0.81,21.7
2020-12-29,50.44,-1.02,0.94,0.12,19.53,27568.15,38.64,0.82,23.08
2020-12-30,50.74,-1.03,0.93,0.12,20.06,27444.17,38.01,0.81,22.77
2020-12-31,51.22,-1.06,0.93,0.13,20.79,,37.83,0.8,22.75
2021-01-04,50.37,-1.08,0.93,0.11,21.86,27258.38,42.12,0.82,26.97
2021-01-05,53.16,-1.07,0.96,0.13,22.14,27158.63,40.39,0.83,25.34
2021-01-06,53.8,-1.02,1.04,0.14,21.7,27055.94,39.31,0.9,25.07
2021-01-07,53.7,-1.01,1.08,0.14,20.66,27490.13,36.06,0.94,22.37
2021-01-08,55.51,-0.93,1.13,0.14,22.16,28139.03,36.65,0.99,21.56
2021-01-11,54.84,-0.91,1.15,0.14,20.65,,35.31,1.01,24.08
2021-01-12,55.98,-0.93,1.15,0.14,20.01,28164.34,33.85,1.01,23.33
2021-01-13,55.52,-0.96,1.1,0.14,18.8,28456.59,36.79,0.96,22.21
2021-01-14,55.76,-0.94,1.15,0.16,19.21,28698.26,37.95,0.99,23.25
2021-01-15,54.8,-0.99,1.11,0.13,19.04,28519.18,40.39,0.98,24.34
2021-01-18,54.21,,,,,28242.21,,,
2021-01-19,55.38,-1.0,1.1,0.14,18.87,28633.46,35.37,0.96,23.24
2021-01-20,55.66,-1.02,1.1,0.13,18.95,28523.26,35.67,0.97,21.58
2021-01-21,55.68,-0.98,1.12,0.13,18.85,28756.86,35.05,0.99,21.32
2021-01-22,55.22,-0.99,1.1,0.13,18.42,28631.45,36.25,0.97,21.91
2021-01-25,55.44,-1.03,1.05,0.13,18.51,28822.29,38.02,0.92,23.19
2021-01-26,55.26,-1.03,1.05,0.11,17.88,28546.18,37.13,0.94,23.02
2021-01-27,55.07,-1.04,1.04,0.12,18.47,28635.21,40.21,0.92,37.21
2021-01-28,54.87,-1.06,1.07,0.12,19.38,28197.42,40.45,0.95,30.21
2021-01-29,55.25,-1.02,1.11,0.11,20.64,27663.39,40.2,1.0,33.09
2021-02-01,56.42,-1.02,1.09,0.11,21.81,28091.05,39.16,0.98,30.24
2021-02-02,57.62,-1.03,1.12,0.11,19.61,28362.17,38.62,1.01,25.56
2021-02-03,58.61,-1.04,1.15,0.11,18.45,28646.5,37.11,1.04,22.91
2021-02-04,58.98,-1.02,1.15,0.11,19.3,28341.95,35.37,1.04,21.77
2021-02-05,59.48,-1.02,1.19,0.09,18.7,28779.19,34.94,1.1,20.87
2021-02-08,60.17,-1.03,1.19,0.11,18.45,29388.5,34.48,1.08,21.24
2021-02-09,60.74,-1.04,1.18,0.11,18.35,29505.93,33.54,1.07,21.63
2021-02-10,61.17,-1.06,1.15,0.11,18.57,29562.93,33.77,1.04,21.99
2021-02-11,61.09,-1.04,1.16,0.11,18.31,,34.33,1.05,21.25
2021-02-12,62.47,-1.01,1.2,0.11,18.08,29520.07,34.25,1.09,19.97
2021-02-15,63.58,,,,,30084.15,,,
2021-02-16,63.96,-0.94,1.3,0.13,19.57,30467.75,35.13,1.17,21.46
2021-02-17,65.02,-0.92,1.29,0.11,20.49,30292.19,36.9,1.18,21.5
2021-02-18,64.09,-0.87,1.29,0.11,19.66,30236.09,37.9,1.18,22.49
2021-02-19,62.84,-0.8,1.34,0.11,19.26,30017.92,37.76,1.23,22.05
2021-02-22,64.73,-0.79,1.37,0.11,19.12,30156.03,38.57,1.26,23.45
2021-02-23,65.16,-0.79,1.37,0.11,18.3,,39.75,1.26,23.11
2021-02-24,66.85,-0.79,1.38,0.12,18.31,29671.7,39.58,1.26,21.34
2021-02-25,66.69,-0.6,1.54,0.17,21.26,30168.27,40.58,1.37,28.89
2021-02-26,65.86,-0.71,1.44,0.14,21.08,28966.01,42.49,1.3,27.95
2021-03-01,64.56,-0.71,1.45,0.13,21.33,29663.5,42.56,1.32,23.35
2021-03-02,63.17,-0.78,1.42,0.13,20.06,29408.17,40.96,1.29,24.1
2021-03-03,64.7,-0.74,1.47,0.14,20.93,29559.1,39.83,1.33,26.67
2021-03-04,67.32,-0.66,1.54,0.14,21.61,28930.11,37.27,1.4,28.57
2021-03-05,69.95,-0.66,1.56,0.14,20.21,28864.32,36.61,1.42,24.66
2021-03-08,68.0,-0.62,1.59,0.17,20.64,28743.25,38.89,1.42,25.47
2021-03-09,67.03,-0.66,1.55,0.17,19.54,29027.94,37.97,1.38,24.03
2021-03-10,67.53,-0.73,1.53,0.16,18.55,29036.56,37.56,1.37,22.56
2021-03-11,69.34,-0.74,1.54,0.14,18.21,29211.64,37.86,1.4,21.91
2021-03-12,68.87,-0.62,1.64,0.14,18.36,29717.83,37.51,1.5,20.69
2021-03-15,68.78,-0.65,1.62,0.14,17.86,29766.97,39.38,1.48,20.03
2021-03-16,67.95,-0.68,1.62,0.15,17.93,29921.09,39.1,1.47,19.79
2021-03-17,67.73,-0.67,1.63,0.13,17.24,29914.33,37.4,1.5,19.23
2021-03-18,62.11,-0.56,1.71,0.16,17.79,30216.75,48.44,1.55,21.58
2021-03-19,64.0,-0.57,1.74,0.16,16.57,29792.05,44.38,1.58,20.95
2021-03-22,63.89,-0.64,1.69,0.15,16.47,29174.15,40.28,1.54,18.88
2021-03-23,59.96,-0.66,1.63,0.15,16.69,28995.92,48.62,1.48,20.3
2021-03-24,63.7,-0.69,1.62,0.14,15.7,28405.52,64.91,1.48,21.2
2021-03-25,61.21,-0.69,1.63,0.14,15.58,28729.88,49.88,1.49,19.81
2021-03-26,63.77,-0.67,1.67,0.14,15.48,29176.7,44.93,1.53,18.86
2021-03-29,64.06,-0.63,1.73,0.14,17.23,29384.52,44.16,1.59,20.74
2021-03-30,63.28,-0.62,1.73,0.16,18.3,29432.7,41.46,1.57,19.61
2021-03-31,63.52,-0.63,1.74,0.16,17.07,29178.8,45.65,1.58,19.4
2021-04-01,63.85,-0.66,1.69,0.17,16.74,29388.87,40.15,1.52,17.33
2021-04-02,,-0.64,1.72,0.19,16.74,29854.0,40.15,1.53,
2021-04-05,,-0.62,1.73,0.17,17.08,30089.25,42.0,1.56,17.91
2021-04-06,61.47,-0.65,1.67,0.16,16.76,29696.63,42.41,1.51,18.12
2021-04-07,61.86,-0.66,1.68,0.16,16.11,29730.79,41.27,1.52,17.16
2021-04-08,62.09,-0.69,1.64,0.14,15.72,29708.98,40.7,1.5,16.95
2021-04-09,61.89,-0.64,1.67,0.16,15.3,29768.06,39.19,1.51,16.69
2021-04-12,62.38,-0.64,1.69,0.18,14.88,29538.73,37.04,1.51,16.91
2021-04-13,62.83,-0.69,1.64,0.16,14.26,29751.61,35.2,1.48,16.65
2021-04-14,66.11,-0.69,1.64,0.16,14.69,29620.99,35.7,1.48,16.99
2021-04-15,66.13,-0.77,1.56,0.16,15.36,29642.69,34.2,1.4,16.57
2021-04-16,65.98,-0.77,1.59,0.16,15.32,29683.37,32.79,1.43,16.25
2021-04-19,66.54,-0.73,1.61,0.16,16.01,29685.37,35.07,1.45,17.29
2021-04-20,65.34,-0.74,1.58,0.15,15.59,29100.38,35.68,1.43,18.68
2021-04-21,64.02,-0.76,1.57,0.15,16.41,28508.55,42.44,1.42,17.5
2021-04-22,65.07,-0.76,1.57,0.16,16.05,29188.17,39.39,1.41,18.71
2021-04-23,65.75,-0.76,1.58,0.16,15.74,29020.63,38.7,1.42,17.33
2021-04-26,65.5,-0.78,1.58,0.18,15.51,29126.23,41.23,1.4,17.64
2021-04-27,66.25,-0.76,1.63,0.17,14.77,28991.89,38.44,1.46,17.56
2021-04-28,67.08,-0.78,1.63,0.17,14.79,29053.97,36.42,1.46,17.28
2021-04-29,68.26,-0.77,1.65,0.16,14.54,,36.37,1.49,17.61
2021-04-30,67.73,-0.76,1.65,0.16,14.58,28812.63,38.39,1.49,18.61
2021-05-03,,-0.79,1.63,0.16,15.65,,40.15,1.47,18.31
2021-05-04,68.91,-0.81,1.61,0.16,15.91,,37.15,1.45,19.48
2021-05-05,69.71,-0.88,1.59,0.16,15.7,,38.33,1.43,19.15
2021-05-06,68.62,-0.87,1.58,0.16,16.57,29331.37,37.74,1.42,18.39
2021-05-07,68.73,-0.89,1.6,0.14,16.46,29357.82,37.63,1.46,16.69
2021-05-10,68.61,-0.91,1.63,0.16,17.19,29518.34,37.99,1.47,19.66
2021-05-11,68.83,-0.89,1.64,0.16,17.17,28608.59,37.93,1.48,21.84
2021-05-12,69.62,-0.85,1.69,0.16,17.56,28147.51,36.94,1.53,27.59
2021-05-13,67.36,-0.85,1.66,0.16,17.1,27448.01,37.94,1.5,23.13
2021-05-14,69.24,-0.88,1.63,0.16,16.75,28084.47,36.46,1.47,18.81
2021-05-17,69.62,-0.9,1.64,0.16,17.62,27824.83,36.42,1.48,19.72
2021-05-18,69.01,-0.88,1.64,0.16,17.0,28406.84,37.01,1.48,21.34
2021-05-19,66.88,-0.8,1.68,0.16,17.79,28044.45,38.82,1.52,22.18
2021-05-20,65.18,-0.78,1.63,0.15,17.29,28098.25,39.43,1.48,20.67
2021-05-21,66.72,-0.8,1.63,0.17,16.47,28317.83,39.34,1.46,20.15
2021-05-24,68.59,-0.83,1.61,0.15,16.91,28364.61,35.54,1.46,18.4
2021-05-25,68.8,-0.86,1.56,0.15,17.09,28553.98,36.23,1.41,18.84
2021-05-26,68.93,-0.82,1.58,0.14,16.81,28642.19,33.89,1.44,17.36
2021-05-27,69.43,-0.81,1.61,0.14,16.15,28549.01,33.63,1.47,16.74
2021-05-28,69.36,-0.84,1.58,0.14,16.08,29149.41,33.54,1.44,16.76
2021-05-31,,,,,,28860.08,,,
2021-06-01,70.03,-0.84,1.62,0.16,16.09,28814.34,33.43,1.46,17.9
2021-06-02,70.6,-0.85,1.59,0.13,15.65,28946.14,32.77,1.46,17.48
2021-06-03,70.71,-0.79,1.63,0.16,15.95,29058.11,33.89,1.47,18.04
2021-06-04,71.3,-0.84,1.56,0.14,15.83,28941.52,31.76,1.42,16.42
2021-06-07,70.89,-0.82,1.57,0.16,15.57,29019.24,31.7,1.41,16.42
2021-06-08,71.39,-0.83,1.53,0.14,15.59,28963.56,31.95,1.39,17.07
2021-06-09,71.31,-0.82,1.5,0.16,15.43,28860.8,31.79,1.34,17.89
2021-06-10,71.65,-0.9,1.45,0.14,15.5,28958.56,33.03,1.31,16.1
2021-06-11,72.05,-0.85,1.47,0.16,15.21,28948.73,32.55,1.31,15.65
2021-06-14,72.27,-0.85,1.51,0.16,16.13,29161.8,33.13,1.35,16.39
2021-06-15,73.38,-0.87,1.51,0.16,16.26,29441.3,31.56,1.35,17.02
2021-06-16,73.88,-0.75,1.57,0.21,16.3,29291.01,33.83,1.36,18.15
2021-06-17,72.92,-0.75,1.52,0.23,17.66,29018.33,36.84,1.29,17.75
2021-06-18,73.1,-0.79,1.45,0.26,17.9,28964.08,33.95,1.19,20.7
2021-06-21,74.49,-0.75,1.5,0.27,16.91,28010.93,35.01,1.23,17.89
2021-06-22,74.92,-0.83,1.48,0.25,16.66,28884.13,34.28,1.23,16.66
2021-06-23,75.22,-0.84,1.5,0.26,16.2,28874.89,34.68,1.24,16.32
2021-06-24,75.95,-0.81,1.49,0.26,15.7,28875.23,32.05,1.23,15.97
2021-06-25,76.45,-0.8,1.54,0.28,15.29,29066.18,31.3,1.26,15.62
2021-06-28,74.78,-0.84,1.49,0.25,15.36,29048.02,31.86,1.24,15.76
2021-06-29,75.38,-0.83,1.49,0.27,16.19,28812.61,31.99,1.22,16.02
2021-06-30,76.94,-0.87,1.45,0.25,15.97,28791.53,32.74,1.2,15.83
2021-07-01,76.69,-0.87,1.48,0.25,15.8,28707.04,32.47,1.23,15.48
2021-07-02,77.51,-0.89,1.44,0.24,15.28,28783.28,32.87,1.2,15.07
2021-07-05,78.34,,,,,28598.19,,,
2021-07-06,75.81,-0.94,1.37,0.22,15.45,28643.21,37.59,1.15,16.44
2021-07-07,74.31,-0.95,1.33,0.22,15.21,28366.95,42.01,1.11,16.2
2021-07-08,75.07,-0.92,1.3,0.19,15.82,28118.03,38.8,1.11,19.0
2021-07-09,77.14,-0.91,1.37,0.23,15.27,27940.42,37.02,1.14,16.18
2021-07-12,76.77,-0.95,1.38,0.23,15.04,28569.02,38.73,1.15,16.17
2021-07-13,77.5,-0.94,1.42,0.26,14.84,28718.24,35.4,1.16,17.12
2021-07-14,75.74,-0.97,1.37,0.23,14.79,28608.49,38.2,1.14,16.33
2021-07-15,74.53,-1.01,1.31,0.23,15.01,28279.09,38.04,1.08,17.01
2021-07-16,74.46,-1.02,1.31,0.25,14.6,28003.08,37.15,1.06,18.45
2021-07-19,69.33,-1.05,1.19,0.21,15.96,27652.74,46.36,0.98,22.5
2021-07-20,70.03,-1.03,1.23,0.2,15.01,27388.16,52.26,1.03,19.73
2021-07-21,72.54,-0.98,1.3,0.22,15.01,27548.0,42.91,1.08,17.91
2021-07-22,74.25,-1.01,1.27,0.2,14.51,,36.44,1.07,17.69
2021-07-23,74.86,-1.05,1.3,0.22,14.53,,34.05,1.08,17.2
2021-07-26,74.79,-1.11,1.29,0.22,15.2,27833.29,35.59,1.07,17.58
2021-07-27,74.87,-1.13,1.25,0.2,15.51,27970.22,35.14,1.05,19.36
2021-07-28,75.09,-1.15,1.26,0.2,15.61,27581.66,34.62,1.06,18.31
2021-07-29,76.3,-1.15,1.28,0.2,15.21,27782.42,33.36,1.08,17.7
2021-07-30,77.72,-1.16,1.24,0.19,15.09,27283.59,32.85,1.05,18.24
2021-08-02,73.91,-1.17,1.2,0.17,15.23,27781.02,36.23,1.03,19.46
2021-08-03,73.24,-1.19,1.19,0.17,15.09,27641.83,37.55,1.02,18.04
2021-08-04,70.99,-1.16,1.19,0.17,14.88,27584.08,42.27,1.02,17.97
2021-08-05,72.14,-1.1,1.23,0.21,14.84,27728.12,39.09,1.02,17.28
2021-08-06,71.02,-1.06,1.31,0.21,15.9,27820.04,39.31,1.1,16.15
2021-08-09,69.65,-1.04,1.33,0.23,17.26,,43.28,1.1,16.72
2021-08-10,71.14,-1.04,1.36,0.24,16.93,27888.15,39.28,1.12,16.79
2021-08-11,71.99,-1.07,1.35,0.23,15.85,28070.51,38.32,1.12,16.06
2021-08-12,71.79,-1.05,1.36,0.23,15.67,28015.02,36.5,1.13,15.59
2021-08-13,70.9,-1.08,1.29,0.23,15.15,27977.15,35.91,1.06,15.45
2021-08-16,70.07,-1.1,1.26,0.21,15.62,27523.19,38.84,1.05,16.12
2021-08-17,69.4,-1.07,1.26,0.23,16.1,27424.47,39.5,1.03,17.91
2021-08-18,68.61,-1.05,1.27,0.23,15.8,27585.91,40.86,1.04,21.57
2021-08-19,66.8,-1.04,1.24,0.22,15.91,27281.17,40.98,1.02,21.67
2021-08-20,65.51,-1.01,1.26,0.23,15.34,27013.25,40.67,1.03,18.56
2021-08-23,69.07,-1.02,1.25,0.23,15.84,27494.24,38.67,1.02,17.15
2021-08-24,71.21,-1.01,1.29,0.24,15.45,27732.1,36.79,1.05,17.22
2021-08-25,72.12,-1.0,1.35,0.23,15.9,27724.8,35.6,1.12,16.79
2021-08-26,70.42,-0.99,1.34,0.25,16.44,27742.29,36.33,1.09,18.84
2021-08-27,72.26,-1.08,1.31,0.22,15.27,27641.14,34.93,1.09,16.39
2021-08-30,,-1.08,1.29,0.2,15.52,27789.29,35.27,1.09,16.19
2021-08-31,73.45,-1.03,1.3,0.2,15.47,28089.54,34.28,1.1,16.48
2021-09-01,71.99,-1.03,1.31,0.2,15.12,28451.02,36.13,1.11,16.11
2021-09-02,73.56,-1.03,1.29,0.2,14.76,28543.51,31.35,1.09,16.41
2021-09-03,73.07,-1.01,1.33,0.21,14.95,29128.11,36.91,1.12,16.41
2021-09-06,72.43,,,,,29659.89,,,
2021-09-07,71.52,-0.98,1.38,0.22,15.36,29916.14,32.91,1.16,18.14
2021-09-08,72.36,-1.03,1.35,0.22,15.14,30181.21,31.91,1.13,17.96
2021-09-09,71.32,-1.08,1.3,0.23,15.1,30008.19,33.87,1.07,18.8
2021-09-10,72.44,-1.05,1.35,0.23,15.15,30381.84,33.54,1.12,20.95
2021-09-13,72.97,-1.04,1.33,0.21,15.09,30447.37,32.74,1.12,19.37
2021-09-14,73.05,-1.05,1.28,0.21,15.02,30670.1,33.63,1.07,19.46
2021-09-15,74.84,-1.04,1.31,0.21,15.14,30511.71,32.38,1.1,18.18
2021-09-16,75.14,-1.01,1.34,0.23,15.92,30323.34,33.16,1.11,18.69
2021-09-17,74.64,-0.96,1.37,0.23,15.92,30500.05,32.32,1.14,20.81
2021-09-20,73.59,-0.98,1.31,0.23,16.85,,35.23,1.08,25.71
2021-09-21,73.65,-0.96,1.33,0.22,16.46,29839.71,34.45,1.11,24.36
2021-09-22,75.5,-0.96,1.32,0.25,16.41,29639.4,32.43,1.07,20.87
2021-09-23,76.44,-0.9,1.41,0.27,16.82,,32.3,1.14,18.63
2021-09-24,77.42,-0.87,1.47,0.29,16.44,30248.81,34.01,1.18,17.75
2021-09-27,78.85,-0.87,1.48,0.31,16.2,30240.06,34.98,1.17,18.76
2021-09-28,78.3,-0.84,1.54,0.31,16.78,30183.96,36.1,1.23,23.25
2021-09-29,77.86,-0.82,1.55,0.3,17.39,29544.29,35.26,1.25,22.56
2021-09-30,77.81,-0.85,1.52,0.28,17.16,29452.66,38.68,1.24,23.14
2021-10-01,79.4,-0.9,1.48,0.27,16.32,28771.07,37.38,1.21,21.15
2021-10-04,81.44,-0.89,1.49,0.27,16.77,28444.89,37.27,1.22,22.96
2021-10-05,82.72,-0.91,1.54,0.28,16.56,27822.12,37.2,1.26,21.3
2021-10-06,81.39,-0.9,1.53,0.3,16.58,27528.87,41.02,1.23,21.0
2021-10-07,82.34,-0.88,1.58,0.32,16.29,27678.21,46.15,1.26,19.54
2021-10-08,82.17,-0.89,1.61,0.32,15.67,28048.94,38.0,1.29,18.77
2021-10-11,83.75,,,,15.56,28498.2,38.51,,20.0
2021-10-12,83.53,-0.9,1.59,0.35,15.1,28230.61,37.1,1.24,19.85
2021-10-13,83.53,-0.96,1.56,0.37,15.51,28140.28,36.05,1.19,18.64
2021-10-14,83.86,-1.0,1.52,0.36,15.34,28550.93,36.98,1.16,16.86
2021-10-15,84.67,-0.97,1.59,0.41,15.06,29068.63,34.05,1.18,16.3
2021-10-18,84.13,-0.95,1.59,0.44,15.53,29025.46,35.02,1.15,16.31
2021-10-19,85.02,-0.89,1.65,0.41,15.32,29215.52,35.14,1.24,15.7
2021-10-20,85.76,-0.92,1.65,0.4,15.27,29255.55,35.16,1.25,15.49
2021-10-21,84.58,-0.96,1.68,0.45,15.15,28708.58,36.55,1.23,15.01
2021-10-22,85.43,-0.98,1.66,0.48,15.74,28804.85,36.87,1.18,15.43
2021-10-25,84.85,-1.02,1.64,0.47,16.73,28600.41,36.07,1.17,15.24
2021-10-26,85.11,-1.06,1.63,0.47,15.96,29106.01,35.5,1.16,15.98
2021-10-27,84.12,-1.11,1.54,0.5,16.08,29098.24,37.63,1.04,16.98
2021-10-28,83.4,-1.0,1.57,0.5,15.8,28820.09,37.23,1.07,16.53
2021-10-29,83.1,-0.96,1.55,0.48,16.07,28892.69,37.92,1.07,16.26
2021-11-01,84.51,-0.92,1.58,0.5,16.31,29647.08,36.74,1.08,16.41
2021-11-02,84.42,-0.95,1.56,0.46,16.47,29520.9,35.56,1.1,16.03
2021-11-03,81.1,-0.93,1.6,0.47,16.28,,39.44,1.13,15.1
2021-11-04,80.15,-1.03,1.53,0.41,15.87,29794.37,38.56,1.12,15.44
2021-11-05,82.43,-1.09,1.45,0.39,16.64,29611.57,37.84,1.06,16.48
2021-11-08,83.22,-1.11,1.51,0.45,16.66,29507.05,37.71,1.06,17.22
2021-11-09,84.52,-1.17,1.46,0.41,16.76,29285.46,36.33,1.05,17.78
2021-11-10,82.91,-1.14,1.56,0.51,16.8,29106.78,37.09,1.05,18.73
2021-11-11,83.4,,,,16.95,29277.86,36.2,,17.66
2021-11-12,82.9,-1.15,1.58,0.53,16.85,29609.97,36.1,1.05,16.29
2021-11-15,81.94,-1.13,1.63,0.53,17.0,29776.8,36.42,1.1,16.49
2021-11-16,82.85,-1.1,1.63,0.54,16.67,29808.12,34.69,1.09,16.37
2021-11-17,80.67,-1.1,1.6,0.52,16.69,29688.33,33.75,1.08,17.11
2021-11-18,82.45,-1.14,1.59,0.52,16.25,29598.66,37.68,1.07,17.59
2021-11-19,80.24,-1.11,1.54,0.52,15.99,29745.87,37.13,1.02,17.91
2021-11-22,80.97,-0.98,1.63,0.63,16.59,29774.11,36.61,1.0,19.17
2021-11-23,83.43,-0.95,1.67,0.6,16.81,,35.1,1.07,19.38
2021-11-24,82.37,-0.97,1.64,0.64,16.75,29302.66,34.79,1.0,18.58
2021-11-25,82.05,,,,,29499.28,,,
2021-11-26,72.37,-1.07,1.48,0.5,17.99,28751.62,65.72,0.98,28.62
2021-11-29,73.34,-1.02,1.52,0.51,17.55,28283.92,63.34,1.01,22.96
2021-11-30,70.86,-1.07,1.43,0.52,17.99,27821.76,75.23,0.91,27.19
2021-12-01,69.53,-1.01,1.43,0.56,18.39,27935.62,78.18,0.87,31.12
2021-12-02,70.56,-1.03,1.44,0.63,18.45,27753.37,57.27,0.81,27.95
2021-12-03,70.71,-1.08,1.35,0.6,17.92,28029.57,64.55,0.75,30.67
2021-12-06,73.38,-1.01,1.43,0.65,17.44,27927.37,56.21,0.78,27.18
2021-12-07,75.54,-0.99,1.48,0.7,17.02,28455.6,48.15,0.78,21.89
2021-12-08,75.94,-1.0,1.52,0.68,16.48,28860.62,45.22,0.84,19.9
2021-12-09,74.1,-0.98,1.49,0.7,16.7,28725.47,47.43,0.79,21.58
2021-12-10,74.98,-0.96,1.48,0.67,15.35,28437.77,46.23,0.81,18.69
2021-12-13,74.12,-0.98,1.42,0.66,15.97,28640.49,45.88,0.76,20.31
2021-12-14,73.37,-0.93,1.44,0.67,16.41,28432.64,54.76,0.77,21.89
2021-12-15,73.71,-0.92,1.47,0.69,15.54,28459.72,56.53,0.78,19.29
2021-12-16,74.64,-0.98,1.44,0.64,15.22,29066.32,49.97,0.8,20.57
2021-12-17,72.97,-0.97,1.41,0.66,15.07,28545.68,48.31,0.75,21.57
2021-12-20,70.51,-0.96,1.43,0.65,15.77,27937.81,60.24,0.78,22.87
2021-12-21,72.85,-0.96,1.48,0.7,15.42,28517.59,52.31,0.78,21.01
2021-12-22,74.69,-1.01,1.46,0.68,14.94,28562.21,46.0,0.78,18.63
2021-12-23,76.26,-0.97,1.5,0.71,14.62,28798.37,43.71,0.79,17.96
2021-12-24,75.24,,,,14.62,28782.59,43.71,,
2021-12-27,,-1.02,1.48,0.76,15.44,28676.46,43.58,0.72,17.68
2021-12-28,,-1.01,1.49,0.74,15.06,29069.16,41.23,0.75,17.54
2021-12-29,78.63,-0.98,1.55,0.75,15.13,28906.88,40.24,0.8,16.95
2021-12-30,78.61,-1.06,1.52,0.73,14.77,28791.71,40.2,0.79,17.33
2021-12-31,77.24,-1.04,1.52,0.73,14.61,,42.62,0.79,17.22
2022-01-03,78.25,-0.97,1.63,0.78,15.34,,37.57,0.85,16.6
2022-01-04,79.39,-0.91,1.66,0.77,15.33,29301.79,39.48,0.89,16.91
2022-01-05,80.6,-0.82,1.71,0.83,16.21,29332.16,44.49,0.88,19.73
2022-01-06,81.99,-0.73,1.73,0.88,15.87,28487.87,36.86,0.85,19.61
2022-01-07,82.28,-0.72,1.76,0.87,15.04,28478.56,37.0,0.89,18.76
2022-01-10,81.56,-0.7,1.78,0.92,15.56,,37.65,0.86,19.4
2022-01-11,84.98,-0.79,1.75,0.9,15.21,28222.48,34.31,0.85,18.41
2022-01-12,85.83,-0.74,1.74,0.92,15.32,28765.66,34.39,0.82,17.62
2022-01-13,85.8,-0.73,1.7,0.91,15.17,28489.13,37.11,0.79,20.31
2022-01-14,87.17,-0.66,1.78,0.99,14.73,28124.28,41.18,0.79,19.19
2022-01-17,87.82,,,,,28333.52,,,
2022-01-18,88.83,-0.59,1.87,1.06,15.09,28257.25,42.28,0.81,22.79
2022-01-19,89.64,-0.57,1.83,1.04,15.64,27467.23,42.75,0.79,23.85
2022-01-20,89.75,-0.5,1.83,1.08,15.09,27772.93,41.15,0.75,25.59
2022-01-21,89.75,-0.59,1.75,1.01,15.2,27522.26,42.57,0.74,28.85
2022-01-24,87.74,-0.63,1.75,0.99,16.3,27588.37,47.84,0.76,29.9
2022-01-25,89.49,-0.63,1.78,1.02,16.47,27131.34,47.63,0.76,31.16
2022-01-26,91.22,-0.53,1.85,1.13,16.42,27011.33,45.67,0.72,31.96
2022-01-27,90.7,-0.59,1.81,1.18,17.15,26170.3,46.9,0.63,30.49
2022-01-28,91.47,-0.66,1.78,1.15,17.12,26717.34,47.74,0.63,27.66
2022-01-31,92.35,-0.65,1.79,1.18,16.7,27001.98,42.35,0.61,24.83
2022-02-01,90.24,-0.62,1.81,1.18,16.5,27078.48,41.31,0.63,21.96
2022-02-02,91.43,-0.63,1.78,1.16,15.66,27533.6,41.86,0.62,22.09
2022-02-03,92.99,-0.56,1.82,1.19,16.01,27241.31,42.15,0.63,24.35
2022-02-04,96.86,-0.48,1.93,1.31,15.53,27439.99,43.88,0.62,23.22
2022-02-07,97.28,-0.48,1.92,1.3,16.15,27248.87,43.34,0.62,22.86
2022-02-08,96.07,-0.46,1.96,1.35,15.86,27284.52,41.26,0.61,21.44
2022-02-09,94.95,-0.48,1.94,1.36,15.63,27579.87,39.4,0.58,19.96
2022-02-10,96.37,-0.42,2.03,1.61,15.92,27696.08,43.81,0.42,23.91
2022-02-11,97.5,-0.51,1.92,1.5,17.81,,47.44,0.42,27.36
2022-02-14,101.66,-0.5,1.98,1.58,18.95,27079.59,48.83,0.4,28.33
2022-02-15,98.43,-0.43,2.05,1.58,17.7,26865.19,48.36,0.47,25.7
2022-02-16,97.44,-0.43,2.03,1.52,18.07,27460.4,49.38,0.51,24.29
2022-02-17,95.28,-0.46,1.97,1.49,19.79,27232.87,53.14,0.48,28.11
2022-02-18,96.18,-0.49,1.92,1.47,18.54,27122.07,52.01,0.45,27.75
2022-02-21,98.95,,,,,26910.87,,,
2022-02-22,98.73,-0.51,1.94,1.56,17.93,26449.61,50.11,0.38,28.81
2022-02-23,99.29,-0.54,1.99,1.58,17.69,,50.51,0.41,31.02
2022-02-24,101.29,-0.59,1.96,1.54,18.12,25970.82,49.04,0.42,30.32
2022-02-25,98.56,-0.57,1.97,1.55,18.4,26476.5,49.5,0.42,27.59
2022-02-28,103.08,-0.79,1.83,1.44,20.97,26526.82,52.5,0.39,30.15
2022-03-01,110.93,-0.9,1.72,1.31,22.7,26844.72,61.43,0.41,33.32
2022-03-02,118.94,-0.85,1.86,1.5,21.85,26393.03,61.53,0.36,30.74
2022-03-03,115.36,-0.83,1.86,1.53,22.94,26577.27,64.37,0.33,30.48
2022-03-04,123.86,-0.93,1.74,1.5,26.29,25985.47,77.29,0.24,31.98
2022-03-07,129.02,-0.99,1.78,1.55,29.67,25221.41,78.91,0.23,36.45
2022-03-08,133.18,-1.04,1.86,1.63,31.7,24790.95,75.82,0.23,35.13
2022-03-09,116.58,-0.9,1.94,1.68,28.01,24717.53,73.25,0.26,32.45
2022-03-10,114.54,-0.88,1.98,1.72,26.08,25690.4,67.34,0.26,30.23
2022-03-11,118.11,-0.94,2.0,1.75,24.73,25162.78,68.01,0.25,30.75
2022-03-14,110.39,-0.79,2.14,1.87,24.08,25307.85,65.42,0.27,31.77
2022-03-15,105.14,-0.69,2.15,1.85,23.8,25346.48,63.62,0.3,29.83
2022-03-16,104.61,-0.61,2.19,1.95,22.51,25762.01,59.35,0.24,26.67
2022-03-17,113.5,-0.71,2.2,1.94,22.23,26652.89,67.78,0.26,25.67
2022-03-18,114.32,-0.72,2.14,1.97,22.0,26827.43,69.09,0.17,23.87
2022-03-21,122.29,-0.58,2.32,2.14,21.89,,70.78,0.18,23.53
2022-03-22,121.53,-0.53,2.38,2.18,20.58,27224.11,69.56,0.2,22.94
2022-03-23,127.52,-0.62,2.32,2.13,23.41,28040.16,72.59,0.19,23.57
2022-03-24,123.98,-0.58,2.34,2.13,24.07,28110.39,69.14,0.21,21.67
2022-03-25,122.67,-0.47,2.48,2.3,24.68,28149.84,68.91,0.18,20.81
2022-03-28,114.5,-0.49,2.46,2.35,23.2,27943.89,67.04,0.11,19.63
2022-03-29,112.79,-0.45,2.41,2.35,21.28,28252.42,62.46,0.06,18.9
2022-03-30,115.59,-0.51,2.35,2.31,21.08,28027.25,61.04,0.04,19.33
2022-03-31,107.29,-0.52,2.32,2.28,20.25,27821.43,57.66,0.04,20.56
2022-04-01,106.13,-0.41,2.39,2.44,19.08,27665.98,54.36,-0.05,19.63
2022-04-04,108.15,-0.38,2.42,2.43,19.22,27736.47,54.31,-0.01,18.57
2022-04-05,106.6,-0.3,2.54,2.51,18.47,27787.98,53.8,0.03,21.03
2022-04-06,100.81,-0.22,2.61,2.5,18.88,27350.3,53.15,0.11,22.1
2022-04-07,99.83,-0.16,2.66,2.47,18.43,26888.57,54.23,0.19,21.55
2022-04-08,101.26,-0.15,2.72,2.53,18.37,26985.8,53.14,0.19,21.16
2022-04-11,97.92,-0.12,2.79,2.5,19.25,26821.52,54.81,0.29,24.37
2022-04-12,104.42,-0.14,2.72,2.39,19.37,26334.98,55.25,0.33,24.26
2022-04-13,108.49,-0.1,2.7,2.37,18.7,26843.49,51.2,0.33,21.82
2022-04-14,110.83,-0.06,2.83,2.47,17.71,27172.0,53.38,0.36,22.7
2022-04-15,,,,,,27093.19,,,
2022-04-18,,-0.07,2.85,2.46,19.07,26799.71,50.94,0.39,22.17
2022-04-19,105.49,0.0,2.93,2.61,18.19,26985.09,50.34,0.32,21.37
2022-04-20,105.05,-0.07,2.85,2.6,18.15,27217.85,52.23,0.25,20.32
2022-04-21,107.2,-0.12,2.9,2.68,18.22,27553.06,49.86,0.22,22.68
2022-04-22,105.15,-0.08,2.9,2.72,18.97,27105.26,51.15,0.18,28.21
2022-04-25,99.27,-0.1,2.81,2.63,19.47,26590.78,52.86,0.18,27.02
2022-04-26,102.89,-0.08,2.77,2.54,19.23,26700.11,53.57,0.23,33.52
2022-04-27,103.3,-0.06,2.82,2.58,19.16,26386.63,53.38,0.24,31.6
2022-04-28,105.78,-0.12,2.85,2.63,19.0,26847.9,51.94,0.22,29.99
2022-04-29,108.36,0.01,2.89,2.7,19.83,,53.1,0.19,33.4
2022-05-02,,0.18,2.99,2.73,20.06,26818.53,54.15,0.26,32.34
2022-05-03,104.94,0.14,2.97,2.78,19.71,,54.04,0.19,29.25
2022-05-04,110.53,0.07,2.93,2.66,18.81,,53.15,0.27,25.42
2022-05-05,112.11,0.18,3.05,2.71,19.36,,54.72,0.34,31.2
2022-05-06,113.86,0.26,3.12,2.72,18.71,27003.56,54.82,0.4,30.19
2022-05-09,106.67,0.3,3.05,2.61,20.49,26319.34,57.9,0.44,34.75
2022-05-10,102.61,0.34,2.99,2.62,20.02,26167.1,56.06,0.37,32.99
2022-05-11,107.7,0.21,2.91,2.66,20.26,26213.64,53.43,0.25,32.56
2022-05-12,108.06,0.25,2.84,2.56,21.51,25748.72,52.71,0.28,31.77
2022-05-13,112.12,0.24,2.93,2.61,21.2,26427.65,51.22,0.32,28.87
2022-05-16,114.86,0.2,2.88,2.58,21.16,26547.05,51.89,0.3,27.47
2022-05-17,112.89,0.27,2.98,2.71,20.05,26659.75,50.34,0.27,26.1
2022-05-18,110.04,0.17,2.89,2.68,19.69,26911.2,51.89,0.21,30.96
2022-05-19,113.22,0.25,2.84,2.63,20.25,26402.84,51.16,0.21,29.35
2022-05-20,113.63,0.23,2.78,2.6,19.31,26739.03,50.72,0.18,29.43
2022-05-23,115.13,0.26,2.86,2.65,19.63,27001.52,48.63,0.21,28.48
2022-05-24,115.77,0.21,2.76,2.5,19.13,26748.14,47.04,0.26,29.45
2022-05-25,116.41,0.19,2.75,2.48,18.27,26677.8,46.76,0.27,28.37
2022-05-26,119.81,0.13,2.75,2.46,17.81,26604.84,46.03,0.29,27.5
2022-05-27,121.19,0.11,2.74,2.47,17.5,26781.68,47.92,0.27,25.72
2022-05-30,123.01,,,,,27369.43,,,26.54
2022-05-31,125.53,0.21,2.85,2.53,17.19,27279.8,49.82,0.32,26.19
2022-06-01,122.2,0.29,2.94,2.66,16.94,27457.89,49.14,0.28,25.69
2022-06-02,,0.26,2.92,2.65,17.13,27413.88,47.8,0.27,24.72
2022-06-03,125.68,0.22,2.96,2.66,16.51,27761.57,46.23,0.3,24.79
2022-06-06,124.99,0.28,3.04,2.73,16.81,27915.89,47.9,0.31,25.07
2022-06-07,126.89,0.25,2.98,2.75,16.64,27943.95,45.88,0.23,24.02
2022-06-08,129.2,0.28,3.03,2.78,16.04,28234.29,44.37,0.25,23.96
2022-06-09,128.47,0.29,3.04,2.83,16.29,28246.53,43.87,0.21,26.09
2022-06-10,127.44,0.39,3.15,3.06,17.58,27824.29,42.92,0.09,27.75
2022-06-13,128.44,0.69,3.43,3.4,20.84,26987.44,47.56,0.03,34.02
2022-06-14,127.02,0.89,3.49,3.45,21.99,26629.86,46.63,0.04,32.69
2022-06-15,124.96,0.63,3.33,3.2,19.4,26326.16,47.04,0.13,29.62
2022-06-16,125.78,0.66,3.28,3.14,20.65,26431.2,46.27,0.14,32.95
2022-06-17,119.22,0.67,3.25,3.17,20.28,25963.0,49.19,0.08,31.13
2022-06-20,118.25,,,,,25771.22,,,31.03
2022-06-21,118.51,0.7,3.31,3.21,18.24,26246.31,46.56,0.1,30.19
2022-06-22,115.54,0.62,3.16,3.06,18.29,26149.55,48.99,0.1,28.95
2022-06-23,114.5,0.59,3.09,3.01,18.65,26171.25,48.58,0.08,29.05
2022-06-24,117.36,0.57,3.13,3.04,17.92,26491.97,46.99,0.09,27.23
2022-06-27,119.69,0.65,3.2,3.08,17.88,26871.27,46.99,0.12,26.95
2022-06-28,122.21,0.72,3.2,3.1,17.95,27049.47,46.59,0.1,28.36
2022-06-29,120.8,0.74,3.1,3.06,18.08,26804.6,48.57,0.04,28.16
2022-06-30,119.78,0.65,2.98,2.92,19.61,26393.04,48.9,0.06,28.71
2022-07-01,119.21,0.54,2.88,2.84,20.17,25935.62,49.4,0.04,26.7
2022-07-04,121.8,,,,,26153.81,,,27.53
2022-07-05,110.49,0.52,2.82,2.82,21.33,26423.47,52.61,0.0,27.54
2022-07-06,108.54,0.64,2.93,2.97,21.91,26107.65,54.67,-0.04,26.73
2022-07-07,113.4,0.68,3.01,3.03,20.5,26490.53,52.87,-0.02,26.08
2022-07-08,113.95,0.72,3.09,3.12,19.41,26517.19,52.1,-0.03,24.64
2022-07-11,114.85,0.67,2.99,3.07,19.72,26812.3,53.1,-0.08,26.17
2022-07-12,106.98,0.64,2.96,3.03,19.78,26336.66,54.4,-0.07,27.29
2022-07-13,107.17,0.6,2.91,3.13,18.36,26478.77,51.76,-0.22,26.82
2022-07-14,107.74,0.62,2.96,3.15,19.6,26643.39,53.03,-0.19,26.4
2022-07-15,112.26,0.57,2.93,3.13,19.27,26788.47,51.77,-0.2,24.23
2022-07-18,117.27,0.59,2.96,3.15,19.42,,49.66,-0.19,25.3
2022-07-19,114.96,0.62,3.01,3.23,18.63,26961.68,48.77,-0.22,24.5
2022-07-20,115.86,0.66,3.04,3.25,19.26,27680.26,47.54,-0.21,23.88
2022-07-21,112.81,0.58,2.91,3.1,18.71,27803.0,51.1,-0.19,23.11
2022-07-22,106.77,0.43,2.77,2.98,18.3,27914.66,47.84,-0.21,23.03
2022-07-25,108.23,0.45,2.81,3.0,18.3,27699.25,47.96,-0.19,23.36
2022-07-26,107.32,0.45,2.81,3.02,18.06,27655.21,47.81,-0.21,24.69
2022-07-27,109.64,0.36,2.78,2.96,17.39,27715.75,48.99,-0.18,23.24
2022-07-28,109.68,0.2,2.68,2.85,16.84,27815.48,47.17,-0.17,22.33
2022-07-29,111.51,0.14,2.67,2.89,16.49,27801.64,46.19,-0.22,21.33
2022-08-01,106.09,0.09,2.6,2.9,17.52,27993.35,49.97,-0.3,22.84
2022-08-02,106.51,0.27,2.75,3.06,17.34,27594.73,52.77,-0.31,23.93
2022-08-03,101.82,0.23,2.73,3.1,16.76,27741.9,50.12,-0.37,21.95
2022-08-04,97.99,0.22,2.68,3.03,16.95,27932.2,55.14,-0.35,21.44
2022-08-05,100.31,0.37,2.83,3.24,16.37,28175.87,48.76,-0.41,21.15
2022-08-08,103.46,0.29,2.77,3.21,16.76,28249.24,46.4,-0.44,21.29
2022-08-09,103.81,0.33,2.8,3.28,16.69,27999.96,46.23,-0.48,21.77
2022-08-10,105.06,0.35,2.78,3.23,16.27,27819.33,46.56,-0.45,19.74
2022-08-11,107.19,0.4,2.87,3.23,15.81,,45.37,-0.36,20.2
2022-08-12,103.7,0.37,2.84,3.25,15.22,28546.98,44.0,-0.41,19.53
2022-08-15,98.25,0.35,2.79,3.2,15.37,28871.78,46.63,-0.41,19.95
2022-08-16,95.36,0.38,2.82,3.25,15.27,28868.91,50.25,-0.43,19.69
2022-08-17,97.22,0.43,2.89,3.28,15.32,29222.77,51.55,-0.39,19.9
2022-08-18,96.35,0.36,2.88,3.22,15.36,28942.14,47.41,-0.34,19.56
2022-08-19,96.45,0.43,2.98,3.25,15.91,28930.33,50.34,-0.27,20.6
2022-08-22,95.06,0.46,3.03,3.32,16.57,28794.5,50.64,-0.29,23.8
2022-08-23,99.49,0.47,3.05,3.29,15.8,28452.75,47.35,-0.24,24.11
2022-08-24,99.87,0.49,3.11,3.36,15.9,28313.47,48.33,-0.25,22.82
2022-08-25,98.81,0.43,3.03,3.35,15.57,28479.01,48.78,-0.32,21.78
2022-08-26,101.13,0.47,3.04,3.37,15.42,28641.38,47.08,-0.33,25.56
2022-08-29,,0.54,3.12,3.42,16.02,27878.96,47.73,-0.3,26.21
2022-08-30,99.34,0.56,3.11,3.46,16.52,28195.58,49.74,-0.35,26.21
2022-08-31,96.55,0.67,3.15,3.45,17.02,28091.53,52.11,-0.3,25.87
2022-09-01,92.24,0.81,3.26,3.51,17.8,27661.47,53.9,-0.25,25.56
2022-09-02,93.09,0.73,3.2,3.4,16.88,27650.84,53.9,-0.2,25.47
2022-09-05,94.22,,,,,27619.61,,,25.99
2022-09-06,91.43,0.85,3.33,3.5,17.68,27626.51,50.0,-0.17,26.91
2022-09-07,86.83,0.82,3.27,3.45,16.77,27430.3,53.32,-0.18,24.64
2022-09-08,87.99,0.88,3.29,3.48,16.4,28065.28,51.29,-0.19,23.61
2022-09-09,91.68,0.91,3.33,3.56,15.91,28214.75,48.84,-0.23,22.79
2022-09-12,93.45,0.95,3.37,3.58,15.79,28542.11,44.15,-0.21,23.87
2022-09-13,92.04,0.98,3.42,3.75,16.93,28614.63,44.81,-0.33,27.27
2022-09-14,92.83,0.95,3.41,3.78,17.17,27818.62,45.62,-0.37,26.16
2022-09-15,89.28,1.02,3.45,3.87,19.66,27875.91,46.63,-0.42,26.27
2022-09-16,89.43,1.07,3.45,3.85,18.31,27567.65,47.44,-0.4,26.3
2022-09-19,,1.15,3.49,3.95,18.37,,46.75,-0.46,25.76
2022-09-20,89.62,1.17,3.57,3.96,18.59,27688.42,48.23,-0.39,27.16
2022-09-21,89.86,1.13,3.51,4.02,18.48,27313.13,48.65,-0.51,27.99
2022-09-22,90.4,1.29,3.7,4.11,17.93,27153.83,47.1,-0.41,27.35
2022-09-23,84.29,1.32,3.69,4.2,19.42,,50.82,-0.51,29.92
2022-09-26,82.55,1.56,3.88,4.27,20.26,26431.55,56.68,-0.39,32.26
2022-09-27,85.97,1.64,3.97,4.3,19.26,26571.87,55.89,-0.33,32.6
2022-09-28,89.55,1.39,3.72,4.07,19.27,26173.98,55.02,-0.35,30.18
2022-09-29,89.41,1.57,3.76,4.16,19.78,26422.05,54.41,-0.4,31.84
2022-09-30,88.9,1.68,3.83,4.22,19.52,25937.21,55.69,-0.39,31.62
2022-10-03,90.68,1.43,3.67,4.12,20.29,26215.79,56.24,-0.45,30.1
2022-10-04,93.74,1.38,3.62,4.1,19.55,26992.21,59.51,-0.48,29.07
2022-10-05,94.35,1.54,3.76,4.15,19.69,27120.53,54.2,-0.39,28.55
2022-10-06,95.65,1.61,3.83,4.23,19.67,27311.3,53.39,-0.4,30.52
2022-10-07,98.88,1.62,3.89,4.3,19.66,27116.11,53.64,-0.41,31.36
2022-10-10,97.13,,,,20.54,,51.42,,32.45
2022-10-11,95.17,1.62,3.93,4.3,20.59,26401.25,51.92,-0.37,33.63
2022-10-12,93.44,1.62,3.91,4.28,20.4,26396.83,51.52,-0.37,33.57
2022-10-13,95.16,1.63,3.97,4.47,20.07,26237.42,50.52,-0.5,31.94
2022-10-14,92.22,1.59,4.0,4.48,20.07,27090.76,50.3,-0.48,32.02
2022-10-17,91.04,1.57,4.02,4.45,19.96,26775.79,50.27,-0.43,31.37
2022-10-18,89.46,1.6,4.01,4.43,19.19,27156.14,49.12,-0.42,30.5
2022-10-19,91.34,1.72,4.14,4.55,19.41,27257.38,47.78,-0.41,30.76
2022-10-20,91.52,1.73,4.24,4.62,19.23,27006.96,47.98,-0.38,29.98
2022-10-21,91.82,1.69,4.21,4.49,19.05,26890.58,47.19,-0.28,29.69
2022-10-24,91.57,1.66,4.25,4.5,19.58,26974.9,47.78,-0.25,29.85
2022-10-25,91.76,1.59,4.1,4.42,19.33,27250.28,47.3,-0.32,28.46
2022-10-26,92.93,1.6,4.04,4.39,18.67,27431.84,48.58,-0.35,27.28
2022-10-27,94.17,1.51,3.96,4.3,18.51,27345.24,49.02,-0.34,27.39
2022-10-28,94.64,1.51,4.02,4.41,18.01,27105.2,47.81,-0.39,25.75
2022-10-31,93.3,1.58,4.1,4.51,18.27,27587.46,47.41,-0.41,25.88
2022-11-01,95.12,1.56,4.07,4.54,18.45,27678.92,47.04,-0.47,25.81
2022-11-02,96.07,1.57,4.1,4.61,17.84,27663.39,47.75,-0.51,25.86
2022-11-03,95.29,1.74,4.14,4.71,18.03,,46.47,-0.57,25.3
2022-11-04,99.53,1.69,4.17,4.66,18.03,27199.74,47.5,-0.49,24.55
2022-11-07,99.87,1.69,4.22,4.72,18.12,27527.64,45.11,-0.5,24.35
2022-11-08,96.85,1.64,4.14,4.67,18.91,27872.11,45.04,-0.53,25.54
2022-11-09,93.05,1.7,4.12,4.61,18.91,27716.43,45.38,-0.49,26.09
2022-11-10,94.25,1.43,3.82,4.34,17.69,27446.1,43.48,-0.52,23.53
2022-11-11,96.37,,,,17.57,28263.57,42.06,,22.52
2022-11-14,93.59,1.51,3.88,4.4,17.41,27963.47,44.42,-0.52,23.73
2022-11-15,94.3,1.45,3.8,4.37,17.72,27990.17,46.72,-0.57,24.54
2022-11-16,92.61,1.38,3.67,4.35,17.23,28028.3,45.12,-0.68,24.11
2022-11-17,91.0,1.49,3.77,4.43,16.77,27930.57,45.34,-0.66,23.93
2022-11-18,88.93,1.57,3.82,4.51,16.51,27899.77,45.93,-0.69,23.12
2022-11-21,88.44,1.52,3.83,4.48,16.68,27944.79,47.11,-0.65,22.36
2022-11-22,88.65,1.44,3.76,4.47,16.07,28115.74,46.3,-0.71,21.29
2022-11-23,85.9,1.39,3.71,4.46,15.84,,51.56,-0.75,20.35
2022-11-24,85.59,,,,,28383.09,,,20.42
2022-11-25,83.4,1.36,3.68,4.42,15.23,28283.03,50.16,-0.74,20.5
2022-11-28,83.5,1.43,3.69,4.46,15.77,28162.83,50.53,-0.77,22.21
2022-11-29,83.22,1.5,3.75,4.48,15.71,28027.84,47.91,-0.73,21.89
2022-11-30,85.61,1.34,3.68,4.38,15.45,27968.99,46.15,-0.7,20.58
2022-12-01,86.28,1.17,3.53,4.25,15.92,28226.08,45.61,-0.72,19.84
2022-12-02,86.54,1.08,3.51,4.28,15.42,27777.9,45.76,-0.77,19.06
2022-12-05,83.36,1.21,3.6,4.41,15.81,27820.4,45.41,-0.81,20.75
2022-12-06,79.92,1.2,3.51,4.34,16.19,27885.87,46.36,-0.83,22.17
2022-12-07,77.11,1.16,3.42,4.26,16.55,27686.4,47.91,-0.84,22.68
2022-12-08,76.02,1.2,3.48,4.31,16.45,27574.43,47.17,-0.83,22.29
2022-12-09,76.37,1.31,3.57,4.33,16.26,27901.01,46.93,-0.76,22.83
2022-12-12,78.0,1.33,3.61,4.39,15.51,27842.33,44.99,-0.78,25.0
2022-12-13,80.14,1.27,3.51,4.22,14.71,27954.85,43.37,-0.71,22.55
2022-12-14,83.33,1.3,3.49,4.23,14.06,28156.21,41.82,-0.74,21.14
2022-12-15,82.34,1.28,3.44,4.23,14.39,28051.7,43.7,-0.79,22.83
2022-12-16,80.2,1.35,3.48,4.17,14.14,27527.12,42.29,-0.69,22.62
2022-12-19,81.66,1.42,3.57,4.25,14.49,27237.64,42.47,-0.68,22.42
2022-12-20,79.45,1.45,3.69,4.25,15.03,26568.03,41.79,-0.56,21.48
2022-12-21,80.25,1.41,3.68,4.21,14.78,26387.72,41.18,-0.53,20.07
2022-12-22,79.58,1.48,3.67,4.24,14.88,26507.87,41.8,-0.57,21.97
2022-12-23,82.45,1.55,3.75,4.31,14.86,26235.25,41.21,-0.56,20.87
2022-12-26,,,,,,26405.87,,,
2022-12-27,,1.58,3.84,4.32,16.3,26447.87,43.5,-0.48,21.65
2022-12-28,81.7,1.6,3.88,4.31,15.99,26340.5,43.95,-0.43,22.14
2022-12-29,80.96,1.56,3.83,4.34,16.18,26093.67,42.6,-0.51,21.44
2022-12-30,82.82,1.58,3.88,4.41,16.25,26094.5,41.26,-0.53,21.67
2023-01-03,80.36,1.53,3.79,4.4,17.26,,44.14,-0.61,22.9
2023-01-04,75.31,1.47,3.69,4.36,17.35,25716.86,45.83,-0.67,22.01
2023-01-05,76.73,1.49,3.71,4.45,16.78,25820.8,43.93,-0.74,22.46
2023-01-06,76.41,1.34,3.55,4.24,16.44,25973.85,42.94,-0.69,21.13
2023-01-09,77.5,1.31,3.53,4.19,16.92,,42.75,-0.66,21.97
2023-01-10,78.4,1.37,3.61,4.24,16.59,26175.56,41.6,-0.63,20.58
2023-01-11,81.11,1.31,3.54,4.2,16.32,26446.0,41.19,-0.66,21.09
2023-01-12,82.59,1.22,3.43,4.12,15.95,26449.82,39.28,-0.69,18.83
2023-01-13,83.43,1.31,3.49,4.22,16.37,26119.52,38.19,-0.73,18.35
2023-01-16,82.65,,,,,25822.32,,,19.49
2023-01-17,84.38,1.36,3.53,4.18,16.49,26138.68,40.1,-0.65,19.36
2023-01-18,83.78,1.25,3.37,4.06,16.19,26791.12,39.25,-0.69,20.34
2023-01-19,85.08,1.19,3.39,4.09,16.71,26405.23,39.02,-0.7,20.52
2023-01-20,86.96,1.25,3.48,4.14,16.4,26553.53,37.81,-0.66,19.85
2023-01-23,87.54,1.24,3.52,4.21,16.2,26906.04,37.3,-0.69,19.81
2023-01-24,85.25,1.19,3.46,4.12,16.17,27299.19,38.26,-0.66,19.2
2023-01-25,85.08,1.17,3.46,4.11,16.12,27395.01,38.54,-0.65,19.08
2023-01-26,86.29,1.16,3.49,4.17,15.59,27362.75,38.12,-0.68,18.73
2023-01-27,85.36,1.19,3.52,4.19,15.23,27382.56,38.6,-0.67,18.51
2023-01-30,84.9,1.26,3.55,4.25,15.59,27433.4,40.18,-0.7,19.94
2023-01-31,83.42,1.28,3.52,4.21,15.75,27327.11,38.55,-0.69,19.4
2023-02-01,81.61,1.14,3.39,4.09,15.22,27346.88,37.99,-0.7,17.87
2023-02-02,80.57,1.18,3.4,4.09,15.14,27402.05,38.49,-0.69,18.73
2023-02-03,78.85,1.31,3.53,4.3,15.06,27509.46,39.48,-0.77,18.33
2023-02-06,80.48,1.38,3.63,4.44,15.81,27693.65,38.92,-0.81,19.43
2023-02-07,82.92,1.36,3.67,4.47,15.62,27685.47,37.31,-0.8,18.66
2023-02-08,84.17,1.29,3.63,4.45,15.46,27606.46,37.02,-0.82,19.63
2023-02-09,83.46,1.34,3.67,4.48,15.52,27584.35,35.75,-0.81,20.71
2023-02-10,85.46,1.41,3.74,4.5,15.46,27670.98,35.89,-0.76,20.53
2023-02-13,85.98,1.41,3.72,4.52,15.58,27427.32,37.77,-0.8,20.34
2023-02-14,84.96,1.46,3.77,4.6,14.88,27602.77,36.67,-0.83,18.91
2023-02-15,84.11,1.46,3.81,4.62,14.9,27501.86,35.7,-0.81,18.23
2023-02-16,83.84,1.49,3.86,4.62,14.92,27696.44,35.03,-0.76,20.17
2023-02-17,81.97,1.46,3.82,4.6,14.69,27513.13,36.04,-0.78,20.02
2023-02-20,82.79,,,,,27531.94,,,21.23
2023-02-21,82.14,1.53,3.95,4.67,15.48,27473.1,37.05,-0.72,22.87
2023-02-22,79.55,1.52,3.93,4.66,15.05,27104.32,38.36,-0.73,22.29
2023-02-23,82.08,1.49,3.88,4.66,14.84,,36.69,-0.78,21.14
2023-02-24,82.31,1.57,3.95,4.78,14.56,27453.48,37.25,-0.83,21.67
2023-02-27,81.24,1.56,3.92,4.78,14.35,27423.96,37.55,-0.86,20.95
2023-02-28,83.21,1.49,3.92,4.81,14.17,27445.56,35.42,-0.89,20.7
2023-03-01,83.68,1.57,4.01,4.89,14.16,27516.53,36.63,-0.88,20.58
2023-03-02,84.15,1.6,4.08,4.89,13.94,27498.87,35.61,-0.81,19.59
2023-03-03,85.74,1.45,3.97,4.86,13.93,27927.47,35.2,-0.89,18.49
2023-03-06,85.86,1.49,3.98,4.89,14.24,28237.78,33.03,-0.91,18.61
2023-03-07,83.03,1.59,3.97,5.0,14.2,28309.16,33.76,-1.03,19.59
2023-03-08,82.1,1.66,3.98,5.05,13.79,28444.19,33.39,-1.07,19.11
2023-03-09,81.0,1.63,3.93,4.9,14.3,28623.15,34.86,-0.97,22.61
2023-03-10,82.3,1.44,3.7,4.6,16.57,28143.97,36.76,-0.9,24.8
2023-03-13,79.67,1.31,3.55,4.03,20.0,27832.96,38.13,-0.48,26.52
2023-03-14,76.77,1.33,3.64,4.2,17.95,27222.04,47.41,-0.56,23.73
2023-03-15,74.3,1.22,3.51,3.93,19.75,27229.48,49.78,-0.42,26.14
2023-03-16,73.12,1.34,3.56,4.14,17.38,27010.61,48.65,-0.58,22.99
2023-03-17,71.03,1.29,3.39,3.81,22.83,27333.79,51.48,-0.42,25.51
2023-03-20,72.42,1.33,3.47,3.92,21.4,26945.67,51.14,-0.45,24.15
2023-03-21,74.78,1.36,3.59,4.17,19.14,,48.12,-0.58,21.38
2023-03-22,76.08,1.2,3.48,3.96,19.22,27466.61,46.97,-0.48,22.26
2023-03-23,74.31,1.19,3.38,3.76,20.95,27419.61,46.9,-0.38,22.61
2023-03-24,73.63,1.16,3.38,3.76,19.96,27385.25,48.36,-0.38,21.74
2023-03-27,76.8,1.29,3.53,3.94,19.18,27476.87,45.41,-0.41,20.6
2023-03-28,78.07,1.24,3.55,4.02,19.03,27518.25,44.31,-0.47,19.97
2023-03-29,77.51,1.24,3.57,4.08,17.77,27883.78,43.33,-0.51,19.12
2023-03-30,78.45,1.21,3.55,4.1,18.39,27782.93,42.02,-0.55,19.02
2023-03-31,79.19,1.16,3.48,4.06,17.31,28041.48,40.34,-0.58,18.7
2023-04-03,85.81,1.14,3.43,3.97,18.25,28188.15,39.49,-0.54,18.55
2023-04-04,85.7,1.1,3.35,3.84,19.73,28287.42,39.42,-0.49,19.0
2023-04-05,85.89,1.07,3.3,3.79,18.98,27813.26,39.14,-0.49,19.08
2023-04-06,86.56,1.06,3.3,3.82,18.44,27472.63,34.76,-0.52,18.4
2023-04-07,,1.14,3.39,3.97,,27518.31,,-0.58,
2023-04-10,,1.14,3.41,4.0,18.54,27633.66,34.31,-0.59,18.97
2023-04-11,87.32,1.14,3.43,4.03,18.33,27923.37,34.23,-0.6,19.1
2023-04-12,88.31,1.14,3.41,3.95,17.69,28082.7,33.74,-0.54,19.09
2023-04-13,86.51,1.16,3.45,3.96,18.48,28156.97,32.78,-0.51,17.8
2023-04-14,87.31,1.22,3.52,4.08,17.16,28493.47,32.51,-0.56,17.07
2023-04-17,85.63,1.28,3.6,4.18,17.37,28514.78,32.93,-0.58,16.95
2023-04-18,85.48,1.3,3.58,4.19,17.14,28658.83,33.69,-0.61,16.83
2023-04-19,85.34,1.32,3.6,4.24,17.21,28606.76,34.44,-0.64,16.46
2023-04-20,83.29,1.28,3.54,4.14,17.21,28657.57,36.41,-0.6,17.17
2023-04-21,83.36,1.29,3.57,4.17,16.42,28564.37,35.17,-0.6,16.77
2023-04-24,84.23,1.24,3.52,4.12,16.88,28593.52,34.28,-0.6,16.89
2023-04-25,82.13,1.15,3.4,3.86,17.72,28620.07,36.64,-0.46,18.76
2023-04-26,79.19,1.18,3.43,3.9,17.74,28416.47,39.25,-0.47,18.84
2023-04-27,80.11,1.26,3.53,4.07,17.28,28457.68,37.76,-0.54,17.03
2023-04-28,81.32,1.26,3.44,4.04,16.47,28856.44,35.63,-0.6,15.78
2023-05-01,,1.36,3.59,4.14,16.63,29123.18,35.94,-0.55,16.08
2023-05-02,76.71,1.24,3.44,3.97,18.69,29157.95,39.48,-0.53,17.78
2023-05-03,72.91,1.18,3.38,3.89,18.7,,43.23,-0.51,18.34
2023-05-04,73.0,1.18,3.37,3.75,20.35,,43.75,-0.38,20.09
2023-05-05,75.85,1.23,3.44,3.92,18.5,,37.35,-0.48,17.19
2023-05-08,,1.29,3.52,4.0,18.67,28949.88,35.54,-0.48,16.98
2023-05-09,77.76,1.3,3.53,4.01,18.73,29242.82,35.13,-0.48,17.71
2023-05-10,76.7,1.26,3.43,3.9,18.37,29122.18,34.13,-0.47,16.94
2023-05-11,75.32,1.23,3.39,3.89,17.77,29126.72,35.74,-0.5,16.93
2023-05-12,74.54,1.28,3.46,3.98,17.37,29388.3,37.32,-0.52,17.03
2023-05-15,75.46,1.31,3.5,3.99,17.52,29626.34,35.16,-0.49,17.12
2023-05-16,75.15,1.35,3.54,4.06,17.62,29842.99,35.98,-0.52,17.99
2023-05-17,76.98,1.35,3.57,4.12,16.99,30093.59,36.44,-0.55,16.87
2023-05-18,75.75,1.42,3.65,4.24,16.95,30573.93,36.02,-0.59,16.05
2023-05-19,75.42,1.46,3.7,4.28,17.22,30808.35,35.85,-0.58,16.81
2023-05-22,75.77,1.48,3.72,4.29,17.55,31086.82,35.52,-0.57,17.21
2023-05-23,76.66,1.44,3.7,4.26,17.66,30957.77,35.11,-0.56,18.53
2023-05-24,77.99,1.48,3.73,4.31,17.56,30682.68,35.86,-0.58,20.03
2023-05-25,75.66,1.58,3.83,4.5,16.84,30801.13,36.74,-0.67,19.14
2023-05-26,76.33,1.57,3.8,4.54,16.3,30916.31,35.95,-0.74,17.95
2023-05-29,,,,,,31233.54,,,17.46
2023-05-30,73.38,1.47,3.69,4.46,15.88,31328.16,39.68,-0.77,17.46
2023-05-31,71.98,1.46,3.64,4.4,15.63,30887.88,40.68,-0.76,17.94
2023-06-01,74.18,1.45,3.61,4.33,15.5,31148.01,40.5,-0.72,15.65
2023-06-02,76.0,1.51,3.69,4.5,14.32,31524.22,39.6,-0.81,14.6
2023-06-05,76.61,1.5,3.69,4.46,14.27,32217.43,37.45,-0.77,14.73
2023-06-06,76.22,1.5,3.7,4.51,13.94,32506.78,36.07,-0.81,13.96
2023-06-07,76.85,1.58,3.79,4.56,13.81,31913.74,34.13,-0.77,13.94
2023-06-08,75.88,1.53,3.73,4.52,13.94,31641.27,35.18,-0.79,13.65
2023-06-09,74.74,1.55,3.75,4.59,13.69,32265.17,33.7,-0.84,13.83
2023-06-12,71.8,1.56,3.73,4.55,13.7,32434.0,36.35,-0.82,15.01
2023-06-13,74.24,1.64,3.84,4.67,13.45,33018.65,32.38,-0.83,14.61
2023-06-14,73.39,1.62,3.83,4.74,12.84,33502.42,33.66,-0.91,13.88
2023-06-15,75.75,1.51,3.72,4.62,13.0,33485.49,33.07,-0.9,14.5
2023-06-16,76.76,1.55,3.77,4.7,12.4,33706.08,32.99,-0.93,13.54
2023-06-19,76.09,,,,,33370.42,,,14.19
2023-06-20,75.79,1.52,3.74,4.68,12.73,33388.91,34.75,-0.94,13.88
2023-06-21,76.92,1.51,3.72,4.68,12.98,33575.14,33.26,-0.96,13.2
2023-06-22,73.93,1.56,3.8,4.77,12.96,33264.88,34.93,-0.97,12.91
2023-06-23,73.56,1.53,3.74,4.71,12.73,32781.54,35.36,-0.97,13.44
2023-06-26,73.86,1.54,3.72,4.65,13.08,32698.81,36.67,-0.93,14.25
2023-06-27,71.88,1.57,3.77,4.74,12.88,32538.33,39.3,-0.97,13.74
2023-06-28,73.64,1.53,3.71,4.71,12.53,33193.99,36.86,-1.0,13.43
2023-06-29,73.86,1.65,3.85,4.87,12.21,33234.14,35.42,-1.02,13.54
2023-06-30,74.51,1.59,3.81,4.87,12.04,33189.04,33.28,-1.06,13.59
2023-07-03,74.52,1.61,3.86,4.94,12.22,33753.33,33.88,-1.08,13.57
2023-07-04,76.23,,,,,33422.52,,,13.7
2023-07-05,76.74,1.69,3.95,4.94,12.46,33338.7,33.91,-0.99,14.18
2023-07-06,76.72,1.78,4.05,4.99,12.25,32773.02,35.13,-0.94,15.44
2023-07-07,78.77,1.79,4.06,4.94,12.12,32388.42,34.55,-0.88,14.83
2023-07-10,77.83,1.76,4.01,4.85,12.41,32189.73,38.35,-0.84,15.07
2023-07-11,79.54,1.75,3.99,4.88,12.64,32203.57,32.43,-0.89,14.84
2023-07-12,80.35,1.6,3.86,4.72,13.12,31943.93,32.69,-0.86,13.54
2023-07-13,81.31,1.52,3.76,4.59,12.73,32419.33,30.04,-0.83,13.61
2023-07-14,79.9,1.59,3.83,4.74,12.05,32391.26,30.0,-0.91,13.34
2023-07-17,77.8,1.56,3.81,4.74,12.34,,31.34,-0.93,13.48
2023-07-18,79.54,1.57,3.8,4.74,12.62,32493.89,30.66,-0.94,13.3
2023-07-19,79.38,1.53,3.75,4.74,12.89,32896.03,31.06,-0.99,13.76
2023-07-20,79.62,1.5,3.85,4.8,12.67,32490.52,30.15,-0.95,13.99
2023-07-21,81.06,1.49,3.84,4.82,12.23,32304.25,29.65,-0.98,13.6
2023-07-24,82.53,1.48,3.86,4.81,12.35,32700.94,30.11,-0.95,13.91
2023-07-25,83.46,1.52,3.91,4.85,12.42,32682.51,30.63,-0.94,13.86
2023-07-26,82.98,1.5,3.86,4.82,12.11,32668.34,29.97,-0.96,13.19
2023-07-27,84.28,1.64,4.01,4.91,12.29,32891.16,29.12,-0.9,14.41
2023-07-28,84.49,1.58,3.96,4.87,11.78,32759.23,29.41,-0.91,13.33
2023-07-31,85.22,1.6,3.97,4.88,12.16,33172.22,28.48,-0.91,13.63
2023-08-01,85.34,1.68,4.05,4.92,11.83,33476.58,28.35,-0.87,13.93
2023-08-02,84.01,1.72,4.08,4.88,12.45,32707.69,28.74,-0.8,16.09
2023-08-03,86.19,1.83,4.2,4.9,12.79,32159.28,28.54,-0.7,15.92
2023-08-04,87.38,1.67,4.05,4.78,12.22,32192.75,28.06,-0.73,17.1
2023-08-07,86.47,1.68,4.09,4.76,12.24,32254.56,27.73,-0.67,15.77
2023-08-08,88.0,1.66,4.02,4.74,12.21,32377.29,27.14,-0.72,15.99
2023-08-09,89.31,1.66,4.0,4.79,12.33,32204.33,28.56,-0.79,15.96
2023-08-10,87.44,1.76,4.09,4.82,11.84,32473.65,27.27,-0.73,15.85
2023-08-11,87.93,1.8,4.16,4.89,11.54,,28.04,-0.73,14.84
2023-08-14,87.4,1.83,4.19,4.96,11.97,32059.91,27.55,-0.77,14.82
2023-08-15,86.28,1.89,4.21,4.92,12.11,32238.89,28.3,-0.71,16.46
2023-08-16,84.49,1.96,4.28,4.97,12.43,31766.82,28.54,-0.69,16.78
2023-08-17,85.24,1.97,4.3,4.94,12.89,31626.0,29.3,-0.64,17.89
2023-08-18,85.92,1.94,4.26,4.92,12.63,31450.76,28.43,-0.66,17.3
2023-08-21,85.44,2.0,4.34,4.97,12.91,31565.64,28.9,-0.63,17.13
2023-08-22,84.7,1.99,4.34,5.02,12.58,31856.71,28.56,-0.68,16.97
2023-08-23,83.94,1.84,4.19,4.95,12.67,32010.26,28.47,-0.76,15.98
2023-08-24,84.07,1.91,4.23,4.98,12.53,32287.21,28.88,-0.75,17.2
2023-08-25,85.42,1.92,4.25,5.03,12.09,31624.28,28.81,-0.78,15.68
2023-08-28,,1.9,4.2,4.98,12.21,32169.99,28.66,-0.78,15.08
2023-08-29,86.37,1.83,4.12,4.87,12.5,32226.97,27.63,-0.75,14.45
2023-08-30,86.62,1.86,4.12,4.9,12.39,32333.46,26.63,-0.78,13.88
2023-08-31,87.29,1.85,4.09,4.85,11.78,32619.34,26.56,-0.76,13.57
2023-09-01,89.98,1.92,4.18,4.87,11.28,32710.62,27.48,-0.69,13.09
2023-09-04,90.42,,,,,32939.18,,,13.82
2023-09-05,91.25,1.98,4.27,4.94,11.36,33036.76,28.65,-0.67,14.01
2023-09-06,91.79,2.0,4.3,5.01,11.31,33241.02,28.33,-0.71,14.45
2023-09-07,91.16,1.95,4.27,4.94,11.11,32991.08,27.59,-0.67,14.4
2023-09-08,91.85,1.93,4.26,4.98,10.99,32606.84,27.16,-0.72,13.84
2023-09-11,91.97,1.94,4.29,4.97,10.75,32467.76,24.37,-0.68,13.8
2023-09-12,93.58,1.93,4.27,4.98,10.82,32776.37,24.23,-0.71,14.23
2023-09-13,93.04,1.9,4.25,4.96,10.33,32706.52,25.06,-0.71,13.48
2023-09-14,95.2,1.95,4.29,5.0,10.22,33168.1,26.56,-0.71,12.82
2023-09-15,95.55,1.98,4.33,5.02,10.34,33533.09,27.16,-0.69,13.79
2023-09-18,95.95,1.96,4.32,5.05,11.1,,27.91,-0.73,14.0
2023-09-19,96.11,2.0,4.37,5.08,11.09,33242.59,30.32,-0.71,14.11
2023-09-20,94.56,2.0,4.35,5.12,10.96,33023.78,30.38,-0.77,15.14
2023-09-21,93.7,2.11,4.49,5.12,11.11,32571.03,31.35,-0.63,17.54
2023-09-22,93.99,2.07,4.44,5.1,10.87,32402.41,30.61,-0.66,17.2
2023-09-25,94.01,2.18,4.55,5.09,11.43,32678.62,30.96,-0.54,16.9
2023-09-26,94.46,2.23,4.56,5.04,13.63,32315.05,31.3,-0.48,18.94
2023-09-27,97.1,2.27,4.61,5.1,13.86,32371.9,32.48,-0.49,18.22
2023-09-28,96.64,2.2,4.59,5.04,13.09,31872.52,31.62,-0.45,17.34
2023-09-29,95.86,2.24,4.59,5.03,12.94,31857.62,32.24,-0.44,17.52
2023-10-02,91.21,2.34,4.69,5.12,14.13,31759.88,32.0,-0.43,17.61
2023-10-03,94.46,2.45,4.81,5.15,15.31,31237.94,33.25,-0.34,19.78
2023-10-04,89.83,2.4,4.73,5.05,14.58,30526.88,35.35,-0.32,18.58
2023-10-05,88.28,2.41,4.72,5.03,14.7,31075.36,36.59,-0.31,18.49
2023-10-06,87.86,2.47,4.78,5.08,14.03,30994.67,35.68,-0.3,17.45
2023-10-09,91.37,,,,15.18,,39.85,,17.7
2023-10-10,90.7,2.34,4.66,4.96,14.49,31746.53,39.54,-0.3,17.03
2023-10-11,87.58,2.26,4.58,4.99,14.38,31936.51,38.94,-0.41,16.09
2023-10-12,88.4,2.36,4.7,5.06,13.98,32494.66,38.52,-0.36,16.69
2023-10-13,94.33,2.29,4.63,5.04,18.91,32315.99,44.24,-0.41,19.32
2023-10-16,90.99,2.33,4.71,5.09,16.22,31659.03,40.7,-0.38,17.21
2023-10-17,92.52,2.42,4.83,5.19,16.59,32040.29,41.37,-0.36,17.88
2023-10-18,91.99,2.47,4.91,5.19,17.38,32042.25,44.4,-0.28,19.22
2023-10-19,93.12,2.49,4.98,5.14,19.4,31430.62,45.7,-0.16,21.4
2023-10-20,93.72,2.46,4.93,5.07,18.56,31259.36,43.79,-0.14,21.71
2023-10-23,91.88,2.45,4.86,5.05,17.28,30999.55,41.74,-0.19,20.37
2023-10-24,88.0,2.43,4.83,5.02,16.05,31062.35,41.08,-0.19,18.97
2023-10-25,90.14,2.52,4.95,5.08,16.76,31269.92,44.91,-0.13,20.19
2023-10-26,88.45,2.44,4.86,5.02,16.53,30601.78,43.93,-0.16,20.68
2023-10-27,90.73,2.42,4.84,4.99,17.69,30991.69,46.64,-0.15,21.27
2023-10-30,90.73,2.44,4.88,5.03,16.84,30696.96,44.01,-0.15,19.75
2023-10-31,86.82,2.46,4.88,5.07,16.23,30858.85,41.99,-0.19,18.14
2023-11-01,86.92,2.36,4.77,4.95,15.36,31601.65,40.52,-0.18,16.87
2023-11-02,89.02,2.27,4.67,4.98,14.76,31949.89,39.79,-0.31,15.66
2023-11-03,87.55,2.18,4.57,4.83,14.04,,38.53,-0.26,14.91
2023-11-06,87.31,2.25,4.67,4.93,13.25,32708.48,36.31,-0.26,14.89
2023-11-07,83.43,2.19,4.58,4.91,13.33,32271.82,38.72,-0.33,14.81
2023-11-08,81.46,2.15,4.49,4.93,14.07,32166.48,40.44,-0.44,14.45
2023-11-09,81.74,2.29,4.62,5.03,14.06,32646.46,41.23,-0.41,15.29
2023-11-10,83.66,2.29,4.61,5.04,13.96,32568.11,39.29,-0.43,14.17
2023-11-13,84.09,2.32,4.63,5.02,13.92,32585.11,39.4,-0.39,14.76
2023-11-14,84.2,2.16,4.44,4.8,13.73,32695.93,38.29,-0.36,14.16
2023-11-15,82.4,2.22,4.53,4.9,12.98,33519.7,39.51,-0.37,14.18
2023-11-16,77.73,2.18,4.45,4.83,13.04,33424.41,42.53,-0.38,14.32
2023-11-17,81.22,2.16,4.44,4.88,12.97,33585.2,40.43,-0.44,13.8
2023-11-20,83.25,2.12,4.42,4.89,12.59,33388.03,39.0,-0.47,13.41
2023-11-21,82.42,2.16,4.41,4.86,14.09,33354.14,38.52,-0.45,13.35
2023-11-22,81.76,2.16,4.42,4.89,13.35,33451.83,42.76,-0.47,12.85
2023-11-23,80.85,,,,,,,,12.8
2023-11-24,79.82,2.21,4.47,4.92,13.05,33625.53,43.38,-0.45,12.46
2023-11-27,79.49,2.18,4.39,4.84,13.31,33447.67,43.9,-0.45,12.69
2023-11-28,81.66,2.12,4.34,4.73,15.54,33408.39,43.14,-0.39,12.69
2023-11-29,82.98,2.06,4.27,4.64,15.04,33321.22,42.9,-0.37,12.98
2023-11-30,81.72,2.14,4.37,4.73,14.22,33486.89,39.4,-0.36,12.92
2023-12-01,78.72,2.0,4.22,4.56,16.96,33431.51,35.7,-0.34,12.63
2023-12-04,78.16,2.07,4.28,4.64,17.13,33231.27,38.08,-0.36,13.08
2023-12-05,77.27,2.01,4.18,4.57,15.46,32775.82,36.36,-0.39,12.85
2023-12-06,74.33,1.98,4.12,4.6,15.4,33445.9,39.72,-0.48,12.97
2023-12-07,74.21,1.97,4.14,4.58,14.93,32858.31,37.82,-0.44,13.06
2023-12-08,75.94,2.02,4.23,4.71,14.14,32307.86,36.24,-0.48,12.35
2023-12-11,75.75,2.04,4.23,4.71,13.99,32791.8,35.3,-0.48,12.63
2023-12-12,74.11,2.04,4.2,4.73,12.82,32843.7,36.38,-0.53,12.07
2023-12-13,74.14,1.88,4.04,4.46,13.67,32926.35,36.6,-0.42,12.19
2023-12-14,77.05,1.7,3.92,4.37,13.96,32686.25,33.98,-0.45,12.48
2023-12-15,76.84,1.69,3.91,4.44,13.49,32970.55,35.13,-0.53,12.28
2023-12-18,78.89,1.74,3.95,4.43,13.79,32758.98,37.09,-0.48,12.56
2023-12-19,79.82,1.74,3.93,4.41,13.75,33219.39,35.04,-0.48,12.53
2023-12-20,81.1,1.67,3.86,4.34,13.82,33675.94,34.98,-0.48,13.67
2023-12-21,80.73,1.7,3.89,4.33,14.27,33140.47,35.44,-0.44,13.65
2023-12-22,80.23,1.71,3.9,4.31,15.25,33169.05,33.32,-0.41,13.03
2023-12-25,,,,,,33254.03,,,
2023-12-26,,1.71,3.89,4.26,15.83,33305.85,34.53,-0.37,12.99
2023-12-27,80.97,1.64,3.79,4.2,16.96,33681.24,35.41,-0.41,12.43
2023-12-28,79.04,1.68,3.84,4.26,16.05,33539.62,36.45,-0.42,12.47
2023-12-29,77.69,1.72,3.88,4.23,15.85,33464.17,36.22,-0.35,12.45
2024-01-02,76.24,1.74,3.95,4.33,15.73,,39.05,-0.38,13.2
2024-01-03,77.18,1.71,3.91,4.33,14.85,,38.22,-0.42,14.04
2024-01-04,75.79,1.77,3.99,4.38,14.2,33288.29,37.58,-0.39,14.13
2024-01-05,78.31,1.83,4.05,4.4,13.81,33377.42,36.07,-0.35,13.35
2024-01-08,75.47,1.79,4.01,4.36,13.56,,36.79,-0.35,13.08
2024-01-09,77.97,1.8,4.02,4.36,13.16,33763.18,36.09,-0.34,12.76
2024-01-10,78.46,1.82,4.04,4.37,13.26,34441.72,36.35,-0.33,12.69
2024-01-11,80.21,1.76,3.98,4.26,12.8,35049.86,36.78,-0.28,12.44
2024-01-12,79.89,1.69,3.96,4.14,13.49,35577.11,40.64,-0.18,12.7
2024-01-15,79.76,,,,,35901.79,,,13.25
2024-01-16,80.15,1.77,4.07,4.22,13.55,35619.18,38.34,-0.15,13.84
2024-01-17,78.88,1.8,4.1,4.34,13.53,35477.75,37.06,-0.24,14.79
2024-01-18,81.04,1.8,4.14,4.34,13.09,35466.17,35.98,-0.2,14.13
2024-01-19,80.71,1.81,4.15,4.39,12.95,35963.27,35.79,-0.24,13.3
2024-01-22,81.7,1.8,4.11,4.37,12.83,36546.95,35.71,-0.26,13.19
2024-01-23,82.04,1.85,4.14,4.31,12.73,36517.57,34.99,-0.17,12.55
2024-01-24,82.15,1.88,4.18,4.34,12.7,36226.48,33.99,-0.16,13.14
2024-01-25,82.33,1.85,4.14,4.28,12.79,36236.47,35.1,-0.14,13.45
2024-01-26,83.34,1.85,4.15,4.34,11.91,35751.07,34.78,-0.19,13.26
2024-01-29,83.99,1.78,4.08,4.29,13.08,36026.94,36.32,-0.21,13.6
2024-01-30,84.14,1.8,4.06,4.36,13.05,36065.86,36.19,-0.3,13.31
2024-01-31,82.98,1.73,3.99,4.27,13.16,36286.71,37.25,-0.28,14.35
2024-02-01,82.2,1.68,3.87,4.2,13.72,36011.46,35.38,-0.33,13.88
2024-02-02,79.54,1.82,4.03,4.36,12.66,36158.02,34.85,-0.33,13.85
2024-02-05,79.3,1.9,4.17,4.46,12.49,36354.16,34.43,-0.29,13.67
2024-02-06,80.46,1.85,4.09,4.39,12.31,36160.66,33.01,-0.3,13.06
2024-02-07,81.18,1.86,4.09,4.41,11.84,36119.92,31.21,-0.32,12.83
2024-02-08,83.01,1.91,4.15,4.46,11.71,36863.28,31.64,-0.31,12.79
2024-02-09,83.58,1.92,4.17,4.48,11.2,36897.42,32.44,-0.31,12.93
2024-02-12,83.88,1.93,4.17,4.46,11.81,,32.69,-0.29,13.93
2024-02-13,84.72,2.02,4.31,4.64,12.15,37963.97,32.37,-0.33,15.85
2024-02-14,84.41,1.97,4.27,4.56,12.02,37703.32,32.76,-0.29,14.38
2024-02-15,84.33,1.94,4.24,4.56,11.79,38157.94,32.02,-0.32,14.01
2024-02-16,84.88,1.97,4.3,4.64,11.75,38487.24,30.84,-0.34,14.24
2024-02-19,85.52,,,,,38470.38,,,14.71
2024-02-20,84.78,1.95,4.27,4.59,11.81,38363.61,31.81,-0.32,15.42
2024-02-21,84.77,1.98,4.32,4.64,11.46,38262.16,31.05,-0.32,15.34
2024-02-22,85.84,2.02,4.33,4.69,11.19,39098.68,30.55,-0.36,14.54
2024-02-23,84.18,1.96,4.26,4.67,11.5,,31.31,-0.41,13.75
2024-02-26,84.01,1.97,4.28,4.69,11.29,39233.71,31.71,-0.41,13.74
2024-02-27,83.8,1.99,4.31,4.7,10.95,39239.52,31.35,-0.39,13.43
2024-02-28,84.08,1.94,4.27,4.64,10.93,39208.03,31.21,-0.37,13.84
2024-02-29,84.57,1.92,4.25,4.64,11.16,39166.19,31.5,-0.39,13.4
2024-03-01,84.82,1.87,4.19,4.54,13.47,39910.82,31.08,-0.35,13.11
2024-03-04,86.58,1.88,4.22,4.61,14.61,40109.23,30.47,-0.39,13.49
2024-03-05,85.82,1.81,4.13,4.54,14.54,40097.63,30.19,-0.41,14.46
2024-03-06,86.59,1.81,4.11,4.55,15.17,40090.78,29.57,-0.44,14.5
2024-03-07,84.88,1.81,4.09,4.5,15.09,39598.71,29.57,-0.41,14.44
2024-03-08,84.29,1.81,4.09,4.48,15.47,39688.94,29.64,-0.39,14.74
2024-03-11,83.44,1.83,4.1,4.51,15.5,38820.49,29.11,-0.41,15.22
2024-03-12,83.66,1.86,4.16,4.58,14.1,38797.51,29.36,-0.42,13.84
2024-03-13,83.95,1.89,4.19,4.61,14.09,38695.97,29.52,-0.42,13.75
2024-03-14,86.16,1.99,4.29,4.68,13.3,38807.38,31.51,-0.39,14.4
2024-03-15,85.39,1.99,4.31,4.72,13.54,38707.64,29.77,-0.41,14.41
2024-03-18,86.47,2.03,4.34,4.73,13.83,39740.44,29.81,-0.39,14.33
2024-03-19,87.36,2.0,4.3,4.68,13.48,40003.6,29.22,-0.38,13.82
2024-03-20,85.77,1.96,4.27,4.59,13.62,,28.82,-0.32,13.04
2024-03-21,84.92,1.93,4.27,4.62,13.42,40815.66,27.53,-0.35,12.92
2024-03-22,84.87,1.87,4.22,4.59,12.53,40888.43,26.92,-0.37,13.06
2024-03-25,86.18,1.92,4.25,4.54,12.09,40414.12,27.49,-0.29,13.19
2024-03-26,85.91,1.92,4.24,4.56,12.57,40398.03,27.25,-0.32,13.24
2024-03-27,84.94,1.88,4.2,4.54,13.58,40762.73,26.6,-0.34,12.78
2024-03-28,86.17,1.88,4.2,4.59,15.44,40168.07,26.27,-0.39,13.01
2024-03-29,,,,,,40369.44,,,
2024-04-01,,1.98,4.33,4.72,16.25,39803.09,27.65,-0.39,13.65
2024-04-02,87.63,2.0,4.36,4.7,17.13,39838.91,29.04,-0.34,14.61
2024-04-03,90.6,2.0,4.36,4.68,17.49,39451.85,29.08,-0.32,14.33
2024-04-04,90.32,1.97,4.31,4.65,17.29,39773.14,32.17,-0.34,16.35
2024-04-05,92.81,2.02,4.39,4.73,16.92,38992.08,32.36,-0.34,16.03
2024-04-08,91.73,2.04,4.42,4.78,18.17,39347.04,30.57,-0.36,15.19
2024-04-09,92.13,2.0,4.36,4.74,18.3,39773.13,28.96,-0.38,14.98
2024-04-10,91.57,2.15,4.55,4.97,18.67,39581.81,30.08,-0.42,15.8
2024-04-11,91.49,2.16,4.56,4.93,18.97,39442.63,31.27,-0.37,14.91
2024-04-12,93.12,2.11,4.5,4.88,20.21,39523.55,32.19,-0.38,17.31
2024-04-15,90.84,2.2,4.63,4.93,22.25,39232.8,35.59,-0.3,19.23
2024-04-16,91.29,2.24,4.67,4.97,20.56,38471.2,33.61,-0.3,18.4
2024-04-17,89.54,2.2,4.59,4.93,19.01,37961.8,33.0,-0.34,18.21
2024-04-18,88.34,2.24,4.64,4.98,18.65,38079.7,31.4,-0.34,18.0
2024-04-19,87.96,2.21,4.62,4.97,18.51,37068.35,31.86,-0.35,18.71
2024-04-22,87.3,2.21,4.62,4.97,17.76,37438.61,29.7,-0.35,16.94
2024-04-23,88.29,2.2,4.61,4.86,17.73,37552.16,28.86,-0.25,15.69
2024-04-24,89.02,2.24,4.65,4.89,17.45,38460.08,29.04,-0.24,15.97
2024-04-25,88.1,2.28,4.7,4.96,17.32,37628.48,28.34,-0.26,15.37
2024-04-26,89.95,2.24,4.67,4.96,16.92,37934.76,27.81,-0.29,15.03
2024-04-29,88.44,2.22,4.63,4.97,16.92,,27.84,-0.34,14.67
2024-04-30,88.23,2.28,4.69,5.04,16.54,38405.66,27.87,-0.35,15.65
2024-05-01,83.55,2.25,4.63,4.96,16.25,38274.05,28.7,-0.33,15.39
2024-05-02,84.81,2.21,4.58,4.87,16.05,38236.07,27.65,-0.29,14.68
2024-05-03,83.6,2.15,4.5,4.81,15.83,,28.09,-0.31,13.49
2024-05-06,,2.14,4.49,4.82,16.23,,28.58,-0.33,13.49
2024-05-07,82.69,2.15,4.47,4.82,15.75,38835.1,27.83,-0.35,13.23
2024-05-08,82.44,2.17,4.48,4.84,15.29,38202.37,27.91,-0.36,13.0
2024-05-09,83.27,2.13,4.45,4.8,16.27,38073.98,27.95,-0.35,12.69
2024-05-10,83.39,2.16,4.5,4.87,16.2,38229.11,27.88,-0.37,12.55
2024-05-13,83.18,2.15,4.48,4.85,16.52,38179.46,28.04,-0.37,13.6
2024-05-14,81.0,2.12,4.45,4.81,16.61,38356.06,28.01,-0.36,13.42
2024-05-15,79.98,2.05,4.36,4.73,16.99,38385.73,28.07,-0.37,12.45
2024-05-16,81.65,2.07,4.38,4.78,16.26,38920.26,27.08,-0.4,12.42
2024-05-17,82.24,2.1,4.42,4.83,17.4,38787.38,28.06,-0.41,11.99
2024-05-20,81.91,2.11,4.44,4.82,17.58,39069.68,27.89,-0.38,12.15
2024-05-21,81.22,2.09,4.41,4.82,16.76,38946.93,27.38,-0.41,11.86
2024-05-22,79.9,2.1,4.43,4.86,16.45,38617.1,27.71,-0.43,12.29
2024-05-23,79.25,2.17,4.47,4.91,16.03,39103.22,28.66,-0.44,12.77
2024-05-24,78.92,2.14,4.46,4.93,15.26,38646.11,27.56,-0.47,11.93
2024-05-27,,,,,,38900.02,,,12.36
2024-05-28,81.34,2.2,4.54,4.94,15.92,38855.37,27.53,-0.4,12.92
2024-05-29,81.5,2.25,4.61,4.96,15.83,38556.87,26.77,-0.35,14.28
2024-05-30,81.42,2.19,4.55,4.92,15.74,38054.13,29.24,-0.37,14.47
2024-05-31,79.41,2.16,4.51,4.89,15.26,38487.9,30.34,-0.38,12.92
2024-06-03,76.45,2.08,4.41,4.82,16.0,38923.03,30.84,-0.41,13.11
2024-06-04,75.33,2.02,4.33,4.77,16.22,38837.46,30.59,-0.44,13.16
2024-06-05,75.41,1.99,4.29,4.72,16.5,38490.17,29.18,-0.43,12.63
2024-06-06,77.62,2.0,4.28,4.72,16.85,38703.51,27.71,-0.44,12.58
2024-06-07,78.12,2.13,4.43,4.87,17.13,38683.93,26.42,-0.44,12.22
2024-06-10,79.59,2.16,4.47,4.87,16.66,39038.16,25.69,-0.4,12.74
2024-06-11,80.15,2.12,4.39,4.81,16.45,39134.79,25.54,-0.42,12.85
2024-06-12,80.52,2.09,4.31,4.75,15.92,38876.71,24.8,-0.44,12.04
2024-06-13,81.44,2.03,4.24,4.68,15.71,38720.47,24.45,-0.44,11.94
2024-06-14,81.49,2.03,4.2,4.67,16.07,38814.56,24.71,-0.47,12.66
2024-06-17,82.45,2.06,4.28,4.75,15.63,38102.44,24.17,-0.47,12.75
2024-06-18,84.79,2.01,4.22,4.69,15.64,38482.11,23.73,-0.47,12.3
2024-06-19,85.64,,,,,38570.76,,,12.48
2024-06-20,85.92,2.0,4.25,4.7,16.4,38633.02,24.23,-0.45,13.28
2024-06-21,86.42,2.02,4.25,4.7,15.86,38596.47,24.74,-0.45,13.2
2024-06-24,86.75,2.03,4.25,4.71,15.49,38804.65,25.42,-0.46,13.33
2024-06-25,86.81,2.01,4.23,4.65,14.88,39173.15,25.75,-0.42,12.84
2024-06-26,85.76,2.06,4.32,4.71,14.88,39667.07,26.24,-0.39,12.55
2024-06-27,87.0,2.03,4.29,4.7,15.01,39341.54,26.28,-0.41,12.24
2024-06-28,87.26,2.08,4.36,4.71,14.72,39583.08,26.54,-0.35,12.44
2024-07-01,86.57,2.16,4.48,4.77,14.86,39631.06,27.29,-0.29,12.22
2024-07-02,88.28,2.13,4.43,4.74,14.35,40074.69,25.82,-0.31,12.03
2024-07-03,88.25,2.09,4.36,4.71,14.89,40580.76,24.62,-0.35,12.09
2024-07-04,88.34,,,,,40913.65,,,12.26
2024-07-05,88.66,2.0,4.28,4.6,15.62,40912.37,23.78,-0.32,12.48
2024-07-08,87.15,2.01,4.28,4.62,15.13,40780.7,23.81,-0.34,12.37
2024-07-09,86.48,2.04,4.3,4.62,14.64,41580.17,24.19,-0.32,12.51
2024-07-10,86.55,2.01,4.28,4.62,14.89,41831.99,24.01,-0.34,12.85
2024-07-11,86.49,1.95,4.2,4.5,15.74,42224.02,24.01,-0.3,12.92
2024-07-12,87.35,1.94,4.18,4.45,15.12,41190.68,24.12,-0.27,12.46
2024-07-15,86.42,1.96,4.23,4.44,15.98,,23.83,-0.21,13.12
2024-07-16,86.6,1.91,4.17,4.43,17.15,41275.08,24.41,-0.26,13.19
2024-07-17,85.76,1.9,4.16,4.42,16.7,41097.69,25.28,-0.26,14.48
2024-07-18,86.26,1.89,4.2,4.46,16.25,40126.35,25.68,-0.26,15.93
2024-07-19,85.19,1.93,4.25,4.49,16.34,40063.79,26.83,-0.24,16.52
2024-07-22,83.44,1.96,4.26,4.5,15.74,39599.0,26.83,-0.24,14.91
2024-07-23,82.2,1.96,4.25,4.4,15.44,39594.39,26.74,-0.15,14.72
2024-07-24,83.01,2.0,4.28,4.37,15.98,39154.85,26.85,-0.09,18.04
2024-07-25,82.58,1.99,4.27,4.41,15.54,37869.51,26.49,-0.14,18.46
2024-07-26,81.35,1.93,4.2,4.36,15.2,37667.41,29.77,-0.16,16.39
2024-07-29,80.94,1.92,4.17,4.36,15.64,38468.63,30.82,-0.19,16.6
2024-07-30,79.26,1.9,4.15,4.35,16.3,38525.95,31.49,-0.2,17.69
2024-07-31,81.39,1.85,4.09,4.29,17.88,39101.82,33.69,-0.2,16.36
2024-08-01,81.37,1.79,3.99,4.16,17.61,38126.33,33.42,-0.17,18.59
2024-08-02,78.35,1.76,3.8,3.88,18.7,35909.7,38.83,-0.08,23.39
2024-08-05,77.51,1.71,3.78,3.89,21.95,31458.42,43.63,-0.11,38.57
2024-08-06,76.62,1.78,3.9,3.99,19.1,34675.46,40.42,-0.09,27.71
2024-08-07,78.26,1.85,3.96,4.0,18.12,35089.62,38.01,-0.04,27.85
2024-08-08,80.76,1.87,3.99,4.04,18.45,34831.15,34.77,-0.05,23.79
2024-08-09,81.07,1.84,3.94,4.05,17.8,35025.0,33.37,-0.11,20.37
2024-08-12,83.06,1.79,3.9,4.01,20.61,,35.17,-0.11,20.71
2024-08-13,82.51,1.76,3.85,3.93,19.18,36232.51,33.26,-0.08,18.12
2024-08-14,82.15,1.77,3.83,3.94,18.49,36442.43,31.51,-0.11,16.19
2024-08-15,83.09,1.8,3.92,4.08,18.16,36726.64,31.14,-0.16,15.23
2024-08-16,81.56,1.81,3.89,4.06,20.09,38062.67,31.0,-0.17,14.8
2024-08-19,81.09,1.79,3.86,4.06,18.77,37388.62,32.03,-0.2,14.65
2024-08-20,78.85,1.75,3.82,3.99,18.47,38062.92,32.05,-0.17,15.88
2024-08-21,78.77,1.72,3.79,3.92,18.63,37951.8,32.7,-0.13,16.27
2024-08-22,78.8,1.76,3.86,3.99,17.89,38211.01,31.73,-0.13,17.55
2024-08-23,80.34,1.68,3.81,3.9,17.49,38364.27,30.54,-0.09,15.86
2024-08-26,,1.67,3.82,3.91,17.9,38110.22,30.99,-0.09,16.15
2024-08-27,81.51,1.68,3.83,3.83,17.69,38288.62,31.25,0.0,15.43
2024-08-28,80.04,1.69,3.84,3.83,17.18,38371.76,32.12,0.01,17.11
2024-08-29,81.55,1.71,3.87,3.87,17.22,38362.53,31.81,0.0,15.65
2024-08-30,80.2,1.76,3.91,3.91,16.4,38647.75,33.36,0.0,15.0
2024-09-02,77.82,,,,,38700.87,,,15.55
2024-09-03,76.46,1.73,3.84,3.88,16.55,38686.31,35.36,-0.04,20.72
2024-09-04,74.67,1.7,3.77,3.76,16.19,37047.61,37.95,0.01,21.32
2024-09-05,74.47,1.7,3.73,3.75,16.48,36657.09,36.61,-0.02,19.9
2024-09-06,72.82,1.69,3.72,3.66,16.49,36391.47,37.58,0.06,22.38
2024-09-09,72.37,1.66,3.7,3.68,16.16,36215.75,37.0,0.02,19.45
2024-09-10,70.34,1.63,3.65,3.59,16.08,36159.16,40.23,0.06,19.08
2024-09-11,70.31,1.61,3.65,3.62,15.52,35619.77,37.76,0.03,17.69
2024-09-12,73.81,1.63,3.68,3.64,16.74,36833.27,36.07,0.04,17.07
2024-09-13,73.68,1.58,3.66,3.57,16.88,36581.76,35.22,0.09,16.56
2024-09-16,73.96,1.54,3.63,3.56,17.03,,34.71,0.07,17.14
2024-09-17,74.55,1.53,3.65,3.59,17.49,36203.22,35.29,0.06,17.61
2024-09-18,74.52,1.58,3.7,3.61,17.13,36380.17,36.19,0.09,18.23
2024-09-19,75.93,1.56,3.73,3.59,16.76,37155.33,33.72,0.14,16.33
2024-09-20,75.96,1.58,3.73,3.55,17.08,37723.91,32.22,0.18,16.15
2024-09-23,74.95,1.58,3.75,3.57,17.72,,34.39,0.18,15.89
2024-09-24,75.29,1.55,3.74,3.49,19.26,37940.59,33.76,0.25,15.39
2024-09-25,75.4,1.61,3.79,3.53,19.13,37870.26,34.4,0.26,15.41
2024-09-26,73.06,1.63,3.79,3.6,18.82,38925.63,39.76,0.19,15.37
2024-09-27,71.63,1.6,3.75,3.55,18.59,39829.56,39.62,0.2,16.96
2024-09-30,72.35,1.63,3.81,3.66,18.08,37919.55,39.86,0.15,16.73
2024-10-01,75.3,1.55,3.74,3.61,18.57,38651.97,42.87,0.13,19.26
2024-10-02,74.86,1.58,3.79,3.63,18.07,37808.76,46.52,0.16,18.9
2024-10-03,77.57,1.64,3.85,3.7,18.28,38552.06,54.5,0.15,20.49
2024-10-04,79.32,1.75,3.98,3.93,17.48,38635.62,46.37,0.05,19.21
2024-10-07,81.74,1.76,4.03,3.99,17.71,39332.74,48.32,0.04,22.64
2024-10-08,78.19,1.77,4.04,3.98,17.64,38937.54,52.35,0.06,21.42
2024-10-09,77.06,1.77,4.06,3.99,17.62,39277.96,48.8,0.07,20.86
2024-10-10,79.45,1.76,4.09,3.98,17.27,39380.89,52.36,0.11,20.93
2024-10-11,80.27,1.75,4.08,3.95,17.27,39605.8,52.68,0.13,20.46
2024-10-14,78.47,,,,17.47,,51.62,,19.7
2024-10-15,73.68,1.75,4.03,3.95,17.38,39910.55,48.64,0.08,20.64
2024-10-16,73.65,1.75,4.02,3.93,17.31,39180.3,47.84,0.09,19.58
2024-10-17,74.37,1.79,4.09,3.96,17.57,38911.19,46.88,0.13,19.11
2024-10-18,72.75,1.77,4.08,3.95,17.77,38981.75,47.22,0.13,18.03
2024-10-21,73.29,1.88,4.19,4.02,18.19,38954.6,46.82,0.17,18.37
2024-10-22,75.59,1.87,4.2,4.03,18.73,38411.96,47.69,0.17,18.2
2024-10-23,74.68,1.93,4.24,4.07,18.98,38104.86,47.78,0.17,19.24
2024-10-24,74.27,1.91,4.21,4.07,18.66,38143.29,46.66,0.14,19.08
2024-10-25,75.62,1.96,4.25,4.11,18.88,37913.92,48.97,0.14,20.33
2024-10-28,71.87,1.99,4.28,4.12,18.34,38605.53,42.96,0.16,19.8
2024-10-29,71.09,1.98,4.28,4.11,18.51,38903.68,42.47,0.17,19.34
2024-10-30,73.21,1.95,4.29,4.15,18.68,39277.39,41.13,0.14,20.35
2024-10-31,73.25,1.95,4.28,4.16,19.46,39081.25,48.79,0.12,23.16
2024-11-01,73.63,2.04,4.37,4.21,19.29,38053.67,44.14,0.16,21.88
2024-11-04,74.89,2.03,4.31,4.17,19.91,,45.75,0.14,21.98
2024-11-05,76.98,1.99,4.26,4.19,19.59,38474.9,45.61,0.07,20.49
2024-11-06,76.52,2.04,4.42,4.27,17.63,39480.67,44.74,0.15,16.27
2024-11-07,75.73,1.98,4.31,4.21,17.37,39381.41,42.55,0.1,15.2
2024-11-08,74.04,1.95,4.3,4.26,15.91,39500.37,38.76,0.04,14.94
2024-11-11,72.19,,,,16.02,39533.32,37.74,,14.97
2024-11-12,72.56,2.08,4.43,4.34,16.25,39376.09,34.32,0.09,14.71
2024-11-13,72.86,2.09,4.44,4.27,17.05,38721.66,37.12,0.17,14.02
2024-11-14,73.39,2.1,4.43,4.34,17.39,38535.7,30.9,0.09,14.31
2024-11-15,73.45,2.1,4.43,4.31,17.17,38642.91,35.07,0.12,16.14
2024-11-18,74.35,2.08,4.42,4.29,16.97,38220.85,36.89,0.13,15.58
2024-11-19,74.32,2.05,4.39,4.27,17.85,38414.43,37.28,0.12,16.35
2024-11-20,74.33,2.06,4.41,4.31,18.34,38352.34,36.74,0.1,17.16
2024-11-21,75.09,2.09,4.43,4.34,17.59,38026.17,36.91,0.09,16.87
2024-11-22,76.1,2.07,4.41,4.37,17.54,38283.85,35.74,0.04,15.24
2024-11-25,74.27,1.98,4.27,4.21,17.8,38780.14,37.44,0.06,14.6
2024-11-26,74.56,2.02,4.3,4.21,17.0,38442.0,38.74,0.09,14.1
2024-11-27,73.91,1.99,4.25,4.19,16.54,38134.97,37.0,0.06,14.1
2024-11-28,73.92,,,,,38349.06,,,13.9
2024-11-29,74.16,1.92,4.18,4.13,16.37,38208.03,34.95,0.05,13.51
2024-12-02,72.81,1.93,4.19,4.17,16.33,38513.02,34.71,0.02,13.34
2024-12-03,74.8,1.95,4.23,4.17,16.21,39248.86,34.55,0.06,13.3
2024-12-04,74.68,1.9,4.19,4.13,15.92,39276.39,33.82,0.06,13.45
2024-12-05,73.78,1.92,4.17,4.15,15.93,39395.6,29.45,0.02,13.54
2024-12-06,73.78,1.91,4.15,4.1,15.04,39091.17,30.98,0.05,12.77
2024-12-09,73.73,1.93,4.2,4.13,15.75,39160.5,27.7,0.07,14.19
2024-12-10,73.64,1.93,4.22,4.15,16.34,39367.58,28.61,0.07,14.18
2024-12-11,74.38,1.96,4.26,4.15,16.86,39372.23,31.99,0.11,13.58
2024-12-12,73.52,2.0,4.32,4.18,15.43,39849.14,33.64,0.14,13.92
2024-12-13,74.89,2.07,4.4,4.25,15.63,39470.44,34.92,0.15,13.81
2024-12-16,74.3,2.07,4.39,4.25,15.38,39457.49,33.41,0.14,14.69
2024-12-17,73.16,2.09,4.4,4.25,15.64,39364.68,30.71,0.15,15.87
2024-12-18,74.57,2.18,4.5,4.35,16.54,39081.71,32.6,0.15,27.62
2024-12-19,73.75,2.28,4.57,4.32,15.83,38813.58,30.5,0.25,24.09
2024-12-20,73.19,2.23,4.52,4.3,15.73,38701.9,29.27,0.22,18.36
2024-12-23,72.12,2.27,4.59,4.3,15.54,39161.34,30.16,0.29,16.78
2024-12-24,73.5,2.24,4.59,4.29,14.71,39036.85,30.35,0.3,14.27
2024-12-25,,,,,,39130.43,,,
2024-12-26,,2.23,4.58,4.3,15.19,39568.06,30.01,0.28,14.73
2024-12-27,73.77,2.28,4.62,4.31,14.67,40281.16,30.21,0.31,15.95
2024-12-30,74.24,2.24,4.55,4.24,15.02,39894.54,30.77,0.31,17.4
2024-12-31,74.58,2.24,4.58,4.25,14.62,,30.02,0.33,17.35
2025-01-02,76.14,2.23,4.57,4.25,15.07,,29.54,0.32,17.93
2025-01-03,76.72,2.26,4.6,4.28,14.49,,29.98,0.32,16.13
2025-01-06,77.27,2.28,4.62,4.28,14.76,39307.05,29.31,0.34,16.04
2025-01-07,77.84,2.29,4.67,4.3,14.68,40083.3,31.09,0.37,17.82
2025-01-08,77.37,2.27,4.67,4.28,14.82,39981.06,31.56,0.39,17.7
2025-01-09,78.44,2.29,4.68,4.27,,39605.09,,0.41,18.07
2025-01-10,79.76,2.34,4.77,4.4,15.77,39190.4,33.91,0.37,19.54
2025-01-13,82.69,2.34,4.79,4.4,15.27,,33.98,0.39,19.19
2025-01-14,82.39,2.34,4.78,4.37,15.0,38474.3,33.51,0.41,18.71
2025-01-15,83.48,2.24,4.66,4.27,15.23,38444.58,32.93,0.39,16.12
2025-01-16,82.39,2.19,4.61,4.23,15.4,38572.6,33.13,0.38,16.6
2025-01-17,83.02,2.2,4.61,4.27,14.98,38451.46,33.52,0.34,15.97
2025-01-20,81.68,,,,,38902.5,,,15.81
2025-01-21,80.57,2.19,4.57,4.29,15.5,39027.98,35.1,0.28,15.06
2025-01-22,80.0,2.2,4.6,4.29,15.24,39646.25,34.68,0.31,15.1
2025-01-23,78.62,2.23,4.65,4.29,14.95,39958.87,34.18,0.36,15.02
2025-01-24,78.71,2.2,4.63,4.27,14.85,39931.98,29.98,0.36,14.85
2025-01-27,77.3,2.13,4.53,4.17,15.23,39565.8,35.98,0.36,17.9
2025-01-28,78.01,2.13,4.55,4.19,15.46,39016.87,31.95,0.36,16.41
2025-01-29,77.02,2.15,4.55,4.21,14.84,39414.78,33.02,0.34,16.56
2025-01-30,77.42,2.14,4.52,4.18,16.09,39513.97,31.05,0.34,15.84
2025-01-31,77.11,2.16,4.58,4.22,15.82,39572.49,29.96,0.36,16.43
2025-02-03,76.49,2.09,4.54,4.26,16.81,38520.09,35.3,0.28,18.62
2025-02-04,76.58,2.08,4.52,4.21,17.11,38798.37,33.62,0.31,17.21
2025-02-05,74.71,2.01,4.43,4.17,17.19,38831.48,34.25,0.26,15.77
2025-02-06,74.54,2.03,4.45,4.21,16.27,39066.53,36.25,0.24,15.5
2025-02-07,74.68,2.07,4.49,4.29,16.23,38787.02,29.66,0.2,16.54
2025-02-10,76.23,2.07,4.51,4.28,17.59,38801.17,32.09,0.23,15.81
2025-02-11,77.65,2.08,4.54,4.29,17.48,,29.76,0.25,16.02
2025-02-12,75.38,2.16,4.62,4.36,17.34,38963.7,31.79,0.26,15.89
2025-02-13,75.61,2.08,4.52,4.31,17.13,39461.47,31.47,0.21,15.1
2025-02-14,75.19,2.04,4.47,4.26,17.23,39149.43,28.46,0.21,14.77
2025-02-17,75.81,,,,,39174.25,,,15.37
2025-02-18,76.46,2.1,4.55,4.29,18.03,39270.4,27.47,0.26,15.35
2025-02-19,76.34,2.08,4.53,4.28,16.76,39164.61,28.36,0.25,15.27
2025-02-20,76.95,2.05,4.5,4.28,16.45,38678.04,29.3,0.22,15.66
2025-02-21,74.88,2.0,4.42,4.19,16.55,38776.94,35.79,0.23,18.21
2025-02-24,74.89,1.98,4.4,4.13,16.73,,31.3,0.27,18.98
2025-02-25,73.11,1.92,4.3,4.07,16.72,38237.79,32.77,0.23,19.43
2025-02-26,73.49,1.89,4.25,4.05,16.36,38142.37,33.36,0.2,19.1
2025-02-27,75.01,1.92,4.29,4.07,16.45,38256.17,31.72,0.22,21.13
2025-02-28,74.76,1.86,4.24,3.99,15.82,37155.5,29.97,0.25,19.63
2025-03-03,72.85,1.8,4.16,3.96,16.81,37785.47,38.52,0.2,22.78
2025-03-04,72.31,1.87,4.22,3.96,17.25,37331.18,37.52,0.26,23.51
2025-03-05,70.92,1.94,4.28,3.99,16.92,37418.24,35.04,0.29,21.93
2025-03-06,71.08,1.95,4.29,3.96,16.83,37704.93,37.14,0.33,24.87
2025-03-07,72.49,1.99,4.32,3.99,16.19,36887.17,29.75,0.33,23.37
2025-03-10,71.08,1.91,4.22,3.89,17.06,37028.27,34.82,0.33,27.86
2025-03-11,71.51,1.97,4.28,3.94,17.14,36793.11,31.83,0.34,26.92
2025-03-12,72.36,1.99,4.32,4.01,16.82,36819.09,31.09,0.31,24.23
2025-03-13,70.82,1.98,4.27,3.94,17.41,36790.03,32.8,0.33,24.66
2025-03-14,71.94,2.01,4.31,4.02,17.13,37053.1,33.52,0.29,21.77
2025-03-17,71.93,2.02,4.31,4.06,17.6,37396.52,30.9,0.25,20.51
2025-03-18,71.93,1.99,4.29,4.04,17.53,37845.42,36.12,0.25,21.7
2025-03-19,71.94,1.94,4.25,3.99,16.74,37751.88,33.87,0.26,19.9
2025-03-20,72.61,1.93,4.24,3.95,16.45,,29.72,0.29,19.8
2025-03-21,72.64,1.92,4.25,3.94,15.98,37677.06,28.43,0.31,19.28
2025-03-24,73.96,1.98,4.34,4.04,15.8,37608.49,29.67,0.3,17.48
2025-03-25,73.78,1.96,4.31,3.96,15.23,37780.54,28.27,0.35,17.15
2025-03-26,74.6,1.98,4.35,3.98,15.04,38027.29,28.84,0.37,18.33
2025-03-27,74.72,1.99,4.38,3.97,16.08,37799.97,28.49,0.41,18.69
2025-03-28,74.69,1.9,4.27,3.89,16.45,37120.33,28.7,0.38,21.65
2025-03-31,77.23,1.85,4.23,3.89,17.84,35617.56,30.88,0.34,22.28
2025-04-01,77.78,1.84,4.17,3.87,17.95,35624.48,30.57,0.3,21.77
2025-04-02,77.27,1.88,4.2,3.91,17.92,35725.87,29.98,0.29,21.51
2025-04-03,72.54,1.78,4.06,3.71,18.36,34735.93,35.45,0.35,30.02
2025-04-04,68.36,1.83,4.01,3.68,22.03,33780.58,44.72,0.33,45.31
2025-04-07,66.13,1.96,4.15,3.73,19.68,31136.58,52.81,0.42,46.98
2025-04-08,64.86,2.04,4.26,3.71,23.73,33012.58,55.26,0.55,52.33
2025-04-09,67.3,2.07,4.34,3.91,24.53,31714.03,42.9,0.43,33.62
2025-04-10,65.37,2.21,4.4,3.84,26.59,34609.0,49.0,0.56,40.72
2025-04-11,66.83,2.28,4.48,3.96,28.44,33585.58,50.88,0.52,37.56
2025-04-14,67.18,2.15,4.38,3.84,23.8,33982.36,47.76,0.54,30.89
2025-04-15,66.58,2.16,4.35,3.84,21.54,34267.54,42.31,0.51,30.12
2025-04-16,67.94,2.12,4.29,3.77,26.73,33920.4,43.56,0.52,32.64
2025-04-17,69.33,2.11,4.34,3.81,24.14,34377.6,41.27,0.53,29.65
2025-04-18,,,,,,34730.28,,,
2025-04-21,,2.2,4.42,3.75,28.14,34279.92,41.21,0.67,33.82
2025-04-22,68.93,2.14,4.41,3.76,28.44,34220.6,43.15,0.65,30.57
2025-04-23,68.26,2.11,4.4,3.81,25.23,34868.63,43.56,0.59,28.45
2025-04-24,67.5,2.02,4.32,3.77,24.93,35039.15,44.37,0.55,26.47
2025-04-25,66.99,2.02,4.29,3.74,23.36,35705.74,43.53,0.55,24.84
2025-04-28,66.13,1.98,4.23,3.67,23.25,35839.99,43.55,0.56,25.15
2025-04-29,64.04,1.96,4.19,3.65,22.1,,48.41,0.54,24.17
2025-04-30,63.37,1.94,4.17,3.6,21.52,36045.38,54.46,0.57,24.7
2025-05-01,62.37,2.0,4.25,3.7,21.51,36452.3,51.96,0.55,24.6
2025-05-02,61.57,2.06,4.33,3.83,21.35,36830.69,50.59,0.5,22.68
2025-05-05,,2.08,4.36,3.83,23.2,,42.58,0.53,23.64
2025-05-06,62.37,2.04,4.3,3.78,24.72,,42.14,0.52,24.76
2025-05-07,60.31,2.01,4.26,3.78,22.99,36779.66,42.66,0.48,23.55
2025-05-08,62.22,2.08,4.37,3.9,22.58,36928.63,40.6,0.47,22.48
2025-05-09,64.26,2.08,4.37,3.88,21.86,37503.33,39.82,0.49,21.9
2025-05-12,65.28,2.16,4.45,3.98,21.38,37644.26,37.5,0.47,18.39
2025-05-13,66.93,2.17,4.49,4.02,19.58,38183.26,36.71,0.47,18.22
2025-05-14,65.91,2.16,4.53,4.05,20.78,38128.13,36.72,0.48,18.62
2025-05-15,64.36,2.11,4.45,3.96,21.63,37755.51,37.4,0.49,17.83
2025-05-16,65.2,2.09,4.43,3.98,21.47,37753.72,37.88,0.45,17.24
2025-05-19,66.25,2.1,4.46,3.97,21.37,37498.63,38.0,0.49,18.14
2025-05-20,66.93,2.13,4.48,3.97,21.95,37529.49,34.62,0.51,18.09
2025-05-21,65.86,2.23,4.58,4.0,22.23,37298.98,39.12,0.58,20.87
2025-05-22,64.87,2.2,4.54,4.0,21.55,36985.87,41.44,0.54,20.28
2025-05-23,65.41,2.18,4.51,4.0,22.28,37160.47,43.13,0.51,22.29
2025-05-26,,,,,,37531.53,,,20.57
2025-05-27,64.32,2.11,4.43,3.92,21.12,37724.11,41.94,0.51,18.96
2025-05-28,65.72,2.15,4.47,3.96,19.69,37722.4,40.42,0.51,19.31
2025-05-29,64.6,2.11,4.43,3.92,19.65,38432.98,40.26,0.51,19.18
2025-05-30,64.32,2.07,4.41,3.89,19.1,37965.1,40.71,0.52,18.57
2025-06-02,66.55,2.13,4.46,3.94,20.6,37470.67,38.7,0.52,18.36
2025-06-03,67.48,2.14,4.46,3.96,20.1,37446.81,37.75,0.5,17.69
2025-06-04,66.69,2.06,4.37,3.87,19.82,37747.45,37.7,0.5,17.61
2025-06-05,67.14,2.11,4.4,3.92,19.69,37554.49,34.89,0.48,18.48
2025-06-06,68.02,2.2,4.51,4.04,19.16,37741.61,35.72,0.47,16.77
2025-06-09,68.73,2.18,4.49,4.01,19.45,38088.57,34.42,0.48,17.16
2025-06-10,68.41,2.18,4.47,4.01,19.0,38211.51,35.05,0.46,16.95
2025-06-11,71.29,2.14,4.41,3.94,19.16,38421.19,43.24,0.47,17.26
2025-06-12,70.84,2.11,4.36,3.9,19.7,38173.09,45.37,0.46,18.02
2025-06-13,76.0,2.13,4.41,3.96,21.16,37834.25,57.23,0.45,20.82
2025-06-16,75.05,2.16,4.46,3.97,19.87,38311.33,56.6,0.49,19.11
2025-06-17,78.7,2.08,4.39,3.94,20.41,38536.74,71.56,0.45,21.6
2025-06-18,78.38,2.07,4.38,3.94,19.58,38885.15,66.86,0.44,20.14
2025-06-19,80.37,,,,,38488.34,,,22.17
2025-06-20,78.73,2.05,4.38,3.9,19.27,38403.23,64.67,0.48,20.62
2025-06-23,74.34,2.04,4.34,3.84,19.02,38354.09,53.65,0.5,19.83
2025-06-24,69.13,2.01,4.3,3.75,18.28,38790.56,48.8,0.55,17.48
2025-06-25,68.4,2.01,4.29,3.74,17.33,38942.07,42.75,0.55,16.76
2025-06-26,68.57,1.98,4.26,3.7,16.65,39584.58,41.86,0.56,16.59
2025-06-27,69.37,2.0,4.29,3.73,16.49,40150.79,41.23,0.56,16.32
2025-06-30,68.15,1.95,4.24,3.72,17.31,40487.39,38.89,0.52,16.73
2025-07-01,67.63,1.97,4.26,3.78,16.76,39986.33,38.0,0.48,16.83
2025-07-02,70.8,2.0,4.3,3.78,16.87,39762.48,40.24,0.52,16.64
2025-07-03,70.42,2.02,4.35,3.88,16.19,39785.9,37.75,0.47,16.38
2025-07-04,71.03,,,,,39810.88,,,17.48
2025-07-07,71.95,2.05,4.4,3.9,16.91,39587.68,41.23,0.5,17.79
2025-07-08,72.5,2.07,4.42,3.9,16.2,39688.81,35.71,0.52,16.81
2025-07-09,71.98,2.01,4.34,3.86,15.86,39821.28,34.17,0.48,15.94
2025-07-10,70.38,2.01,4.35,3.86,16.04,39646.36,32.8,0.49,15.78
2025-07-11,72.06,2.06,4.43,3.9,16.94,39569.68,37.06,0.53,16.4
2025-07-14,70.96,2.04,4.43,3.9,16.99,39459.62,33.53,0.53,17.2
2025-07-15,70.27,2.09,4.5,3.95,16.37,39678.02,34.38,0.55,17.38
2025-07-16,69.67,2.05,4.46,3.88,17.27,39663.4,33.16,0.58,17.16
2025-07-17,71.32,2.04,4.47,3.91,16.91,39901.19,32.84,0.56,16.52
2025-07-18,71.06,2.03,4.44,3.88,16.73,39819.11,32.17,0.56,16.41
2025-07-21,71.92,1.98,4.38,3.85,17.78,,31.38,0.53,16.65
2025-07-22,69.69,1.96,4.35,3.83,19.08,39774.92,32.26,0.52,16.5
2025-07-23,69.17,2.03,4.4,3.88,18.44,41171.32,32.39,0.52,15.37
2025-07-24,70.42,1.98,4.43,3.91,17.82,41826.34,32.37,0.52,15.39
2025-07-25,69.23,1.96,4.4,3.91,17.05,41456.23,32.88,0.49,14.93
2025-07-28,70.87,1.98,4.42,3.91,16.79,40998.27,35.37,0.51,15.03
2025-07-29,73.21,1.91,4.34,3.86,16.61,40674.55,38.04,0.48,15.98
2025-07-30,73.98,1.96,4.38,3.94,16.48,40654.7,37.75,0.44,15.48
2025-07-31,73.43,1.98,4.37,3.94,16.04,41069.82,36.78,0.43,16.72
2025-08-01,70.55,1.9,4.23,3.69,17.3,40799.6,39.37,0.54,20.38
2025-08-04,69.56,1.85,4.22,3.69,17.07,40290.7,38.79,0.53,17.52
2025-08-05,69.14,1.86,4.22,3.72,16.68,40549.54,35.3,0.5,17.85
2025-08-06,67.97,1.88,4.22,3.69,16.42,40794.86,36.67,0.53,16.77
2025-08-07,66.99,1.88,4.23,3.72,16.95,41059.15,35.01,0.51,16.57
2025-08-08,67.17,1.88,4.27,3.76,16.36,41820.48,34.06,0.51,15.15
2025-08-11,67.36,1.87,4.27,3.76,16.94,,31.4,0.51,16.25
2025-08-12,66.8,1.91,4.29,3.72,16.35,42718.17,30.31,0.57,14.73
2025-08-13,66.25,1.87,4.24,3.67,15.95,43274.67,33.82,0.57,14.49
2025-08-14,68.12,1.9,4.29,3.74,15.33,42649.26,35.96,0.55,14.83
2025-08-15,67.3,1.95,4.33,3.75,15.22,43378.31,37.22,0.58,15.09
2025-08-18,68.18,1.96,4.34,3.77,14.9,43714.31,32.15,0.57,14.99
2025-08-19,66.62,1.95,4.3,3.75,14.82,43546.29,33.04,0.55,15.57
2025-08-20,67.61,1.94,4.29,3.74,15.4,42888.55,32.51,0.55,15.69
2025-08-21,68.41,1.94,4.33,3.79,15.44,42610.17,31.54,0.54,16.6
2025-08-22,68.29,1.85,4.26,3.68,15.15,42633.29,30.35,0.58,14.22
2025-08-25,,1.87,4.28,3.73,15.09,42807.82,31.24,0.55,14.79
2025-08-26,66.89,1.84,4.26,3.61,15.88,42394.4,33.73,0.65,14.62
2025-08-27,67.75,1.81,4.24,3.59,15.9,42520.27,31.94,0.65,14.85
2025-08-28,68.61,1.81,4.22,3.62,16.34,42828.79,33.98,0.6,14.43
2025-08-29,67.83,1.82,4.23,3.59,17.39,42718.47,32.63,0.64,15.36
2025-09-01,67.09,,,,,42188.79,,,16.12
2025-09-02,68.09,1.87,4.28,3.66,19.81,42310.49,34.28,0.62,17.17
2025-09-03,67.76,1.82,4.22,3.61,19.53,41938.89,35.22,0.61,16.35
2025-09-04,66.41,1.79,4.17,3.59,18.33,42580.27,35.03,0.58,15.3
2025-09-05,64.92,1.73,4.1,3.51,18.3,43018.75,33.33,0.59,15.18
2025-09-08,65.44,1.7,4.05,3.49,19.09,43643.81,35.03,0.56,15.11
2025-09-09,67.97,1.72,4.08,3.54,17.99,43459.29,33.44,0.54,15.04
2025-09-10,67.62,1.69,4.04,3.54,17.37,43837.67,33.35,0.5,15.35
2025-09-11,67.25,1.67,4.01,3.52,16.48,44372.5,33.96,0.49,14.71
2025-09-12,67.87,1.7,4.06,3.56,16.38,44768.12,31.77,0.5,14.76
2025-09-15,67.88,1.68,4.05,3.54,17.9,,30.98,0.51,15.69
2025-09-16,69.69,1.67,4.04,3.51,18.37,44902.27,33.17,0.53,16.36
2025-09-17,69.19,1.68,4.06,3.52,17.41,44790.38,31.05,0.54,15.72
2025-09-18,67.83,1.73,4.11,3.57,16.45,45303.43,31.88,0.54,15.7
2025-09-19,67.05,1.75,4.14,3.57,16.76,45045.81,30.53,0.57,15.45
2025-09-22,66.87,1.78,4.15,3.61,18.43,45493.66,30.88,0.54,16.1
2025-09-23,67.96,1.75,4.12,3.53,19.06,,32.58,0.59,16.64
2025-09-24,69.64,1.78,4.16,3.57,18.3,45630.31,34.08,0.59,16.18
2025-09-25,70.48,1.8,4.18,3.64,19.07,45754.93,36.85,0.54,16.74
2025-09-26,71.15,1.82,4.2,3.63,18.59,45354.99,35.85,0.57,15.29
2025-09-29,69.0,1.8,4.15,3.63,19.19,45043.75,35.54,0.52,16.12
2025-09-30,68.52,1.8,4.16,3.6,19.95,44932.63,35.58,0.56,16.28
2025-10-01,66.67,1.77,4.12,3.55,19.05,44550.85,36.39,0.57,16.29
2025-10-02,65.44,1.76,4.1,3.55,18.05,44936.73,37.62,0.55,16.63
2025-10-03,66.13,1.8,4.13,3.58,17.66,45769.5,36.5,0.55,16.65
2025-10-06,67.09,1.84,4.18,3.6,19.51,47944.76,32.44,0.58,16.37
2025-10-07,67.1,1.79,4.14,3.57,19.94,47950.88,31.82,0.57,17.24
2025-10-08,67.42,1.78,4.13,3.58,21.81,47734.99,31.53,0.55,16.3
2025-10-09,67.23,1.8,4.14,3.6,21.85,48580.44,32.48,0.54,16.43
2025-10-10,64.41,1.75,4.05,3.52,23.78,48088.8,37.73,0.53,21.66
2025-10-13,64.15,,,,24.53,,35.92,,19.03
2025-10-14,63.0,1.73,4.03,3.48,26.11,46847.32,37.9,0.55,20.81
2025-10-15,62.33,1.76,4.05,3.5,27.12,47672.67,36.62,0.55,20.64
2025-10-16,61.08,1.71,3.99,3.41,32.78,48277.74,38.26,0.58,25.31
2025-10-17,61.23,1.75,4.02,3.46,31.2,47582.15,37.24,0.56,20.78
2025-10-20,60.71,1.74,4.0,3.46,31.43,49185.5,36.77,0.54,18.23
2025-10-21,61.0,1.7,3.98,3.45,29.82,49316.06,35.87,0.53,17.87
2025-10-22,62.28,1.68,3.97,3.45,27.19,49307.79,38.09,0.52,18.6
2025-10-23,66.32,1.71,4.01,3.48,26.68,48641.61,40.46,0.53,17.3
2025-10-24,65.8,1.73,4.02,3.48,24.75,49299.65,38.7,0.54,16.37
2025-10-27,65.52,1.73,4.01,3.48,23.94,50512.32,38.96,0.53,15.79
2025-10-28,64.03,1.71,3.99,3.47,24.03,50219.18,37.18,0.52,16.42
2025-10-29,65.01,1.78,4.08,3.59,24.7,51307.65,37.14,0.49,16.92
2025-10-30,65.11,1.82,4.11,3.61,24.82,51325.61,34.74,0.5,16.91
2025-10-31,65.44,1.81,4.11,3.6,22.66,52411.34,36.2,0.51,17.44
2025-11-03,65.79,1.82,4.13,3.6,21.38,,34.31,0.53,17.17
2025-11-04,65.04,1.81,4.1,3.58,21.43,51497.2,34.27,0.52,19.0
2025-11-05,63.54,1.87,4.17,3.63,20.15,50212.27,33.69,0.54,18.01
2025-11-06,63.41,1.83,4.11,3.57,20.13,50883.68,33.76,0.54,19.5
2025-11-07,63.72,1.83,4.11,3.55,20.36,50276.37,33.33,0.56,19.08
2025-11-10,63.01,1.84,4.13,3.58,23.34,50911.76,32.12,0.55,17.6
2025-11-11,63.86,,,,23.33,50842.93,32.02,,17.28
2025-11-12,61.88,1.81,4.08,3.56,25.82,51063.31,33.0,0.52,17.51
2025-11-13,62.14,1.83,4.11,3.58,24.82,51281.83,32.63,0.53,20.0
2025-11-14,63.45,1.86,4.14,3.62,24.13,50376.53,33.12,0.52,19.83
2025-11-17,63.16,1.85,4.13,3.6,24.07,50323.91,32.38,0.53,22.38
2025-11-18,64.86,1.85,4.12,3.58,23.9,48702.98,33.33,0.54,24.69
2025-11-19,63.78,1.86,4.13,3.58,23.89,48537.7,34.12,0.55,23.66
2025-11-20,63.64,1.86,4.1,3.55,22.93,49823.94,36.38,0.55,26.42
2025-11-21,62.78,1.82,4.06,3.51,21.93,48625.88,35.97,0.55,23.43
2025-11-24,64.83,1.81,4.04,3.46,22.55,,36.3,0.58,20.52
2025-11-25,63.99,1.79,4.01,3.43,22.4,48659.52,37.57,0.58,18.56
2025-11-26,64.81,1.77,4.0,3.45,21.95,49559.07,35.7,0.55,17.19
2025-11-27,64.18,,,,,50167.1,,,17.21
2025-11-28,64.07,1.79,4.02,3.47,22.87,50253.91,35.95,0.55,16.35
2025-12-01,64.22,1.85,4.09,3.54,23.34,49303.28,35.82,0.55,17.24
2025-12-02,63.37,1.85,4.09,3.51,22.49,49303.45,35.89,0.58,16.59
2025-12-03,63.75,1.82,4.06,3.49,21.96,49864.68,33.72,0.57,16.08
2025-12-04,64.15,1.85,4.11,3.52,20.57,51028.42,33.3,0.59,15.78
2025-12-05,64.42,1.88,4.14,3.56,19.92,50491.87,32.06,0.58,15.41
2025-12-08,63.3,1.91,4.17,3.57,19.58,50581.94,33.03,0.6,16.66
2025-12-09,62.62,1.92,4.18,3.61,20.35,50655.1,30.82,0.57,16.93
2025-12-10,63.12,1.88,4.13,3.54,20.2,50602.8,30.78,0.59,15.77
2025-12-11,61.87,1.89,4.14,3.52,20.97,50148.82,31.88,0.62,14.85
2025-12-12,62.11,1.93,4.19,3.52,21.46,50836.55,29.93,0.67,15.74
2025-12-15,61.55,1.93,4.18,3.51,21.2,50168.11,32.85,0.67,16.5
2025-12-16,59.93,1.92,4.15,3.48,20.18,49383.29,36.23,0.67,16.48
2025-12-17,60.61,1.92,4.16,3.49,21.22,49512.28,36.74,0.67,17.62
2025-12-18,60.69,1.88,4.12,3.46,21.31,49001.5,33.6,0.66,16.87
2025-12-19,61.35,1.92,4.16,3.48,20.72,49507.21,33.62,0.68,14.91
2025-12-22,62.22,1.94,4.17,3.44,23.8,50402.39,33.03,0.73,14.08
2025-12-23,63.7,1.94,4.18,3.48,24.53,50412.87,33.02,0.7,14.0
2025-12-24,63.7,1.91,4.15,3.47,23.81,50344.1,31.71,0.68,13.47
2025-12-25,,,,,,50407.79,,,
2025-12-26,,1.91,4.14,3.46,25.78,50750.39,32.22,0.68,13.6
2025-12-29,63.1,1.9,4.12,3.45,25.71,50526.92,32.16,0.67,14.2
2025-12-30,62.3,1.9,4.14,3.45,24.83,50339.48,30.76,0.69,14.33
2025-12-31,61.35,1.93,4.18,3.47,23.92,,30.17,0.71,14.95
