DATE,pair,carry
1994-01-01,EURUSD,3.7600000000000002
1994-02-01,EURUSD,3.43
1994-03-01,EURUSD,2.98
1994-04-01,EURUSD,2.5600000000000005
1994-05-01,EURUSD,1.7300000000000004
1994-06-01,EURUSD,1.7800000000000002
1994-07-01,EURUSD,1.6099999999999994
1994-08-01,EURUSD,1.62
1994-09-01,EURUSD,1.3499999999999996
1994-10-01,EURUSD,0.9199999999999999
1994-11-01,EURUSD,0.6100000000000003
1994-12-01,EURUSD,0.40000000000000036
1995-01-01,EURUSD,0.41999999999999993
1995-02-01,EURUSD,0.4299999999999997
1995-03-01,EURUSD,1.4299999999999997
1995-04-01,EURUSD,1.1799999999999997
1995-05-01,EURUSD,1.0200000000000005
1995-06-01,EURUSD,1.1799999999999997
1995-07-01,EURUSD,1.1500000000000004
1995-08-01,EURUSD,0.8900000000000006
1995-09-01,EURUSD,0.7699999999999996
1995-10-01,EURUSD,0.96
1995-11-01,EURUSD,0.71
1995-12-01,EURUSD,0.7000000000000002
1996-01-01,EURUSD,0.41999999999999993
1996-02-01,EURUSD,0.4299999999999997
1996-03-01,EURUSD,0.20999999999999996
1996-04-01,EURUSD,-0.09000000000000075
1996-05-01,EURUSD,-0.3000000000000007
1996-06-01,EURUSD,-0.3799999999999999
1996-07-01,EURUSD,-0.47000000000000064
1996-08-01,EURUSD,-0.3200000000000003
1996-09-01,EURUSD,-0.6499999999999995
1996-10-01,EURUSD,-0.7199999999999998
1996-11-01,EURUSD,-0.8099999999999996
1996-12-01,EURUSD,-0.9400000000000004
1997-01-01,EURUSD,-1.04
1997-02-01,EURUSD,-0.9400000000000004
1997-03-01,EURUSD,-1.0300000000000002
1997-04-01,EURUSD,-1.3200000000000003
1997-05-01,EURUSD,-1.4000000000000004
1997-06-01,EURUSD,-1.37
1997-07-01,EURUSD,-1.2999999999999998
1997-08-01,EURUSD,-1.2399999999999993
1997-09-01,EURUSD,-1.29
1997-10-01,EURUSD,-1.21
1997-11-01,EURUSD,-1.25
1997-12-01,EURUSD,-1.4299999999999997
1998-01-01,EURUSD,-1.2800000000000002
1998-02-01,EURUSD,-1.2999999999999998
1998-03-01,EURUSD,-1.4699999999999998
1998-04-01,EURUSD,-1.4900000000000002
1998-05-01,EURUSD,-1.5300000000000002
1998-06-01,EURUSD,-1.58
1998-07-01,EURUSD,-1.6399999999999997
1998-08-01,EURUSD,-1.65
1998-09-01,EURUSD,-1.48
1998-10-01,EURUSD,-1.4
1998-11-01,EURUSD,-1.5500000000000003
1998-12-01,EURUSD,-1.7699999999999996
1999-01-01,EURUSD,-1.7578999999999998
1999-02-01,EURUSD,-1.8066000000000004
1999-03-01,EURUSD,-1.86330434782609
1999-04-01,EURUSD,-2.18354545454545
1999-05-01,EURUSD,-2.34104761904762
1999-06-01,EURUSD,-2.5033181818181798
1999-07-01,EURUSD,-2.56354545454545
1999-08-01,EURUSD,-2.71495454545455
1999-09-01,EURUSD,-2.77331818181818
1999-10-01,EURUSD,-2.7543333333333297
1999-11-01,EURUSD,-2.53231818181818
1999-12-01,EURUSD,-2.60395454545455
2000-01-01,EURUSD,-2.60685714285714
2000-02-01,EURUSD,-2.4732380952380897
2000-03-01,EURUSD,-2.3929565217391287
2000-04-01,EURUSD,-2.3547222222222204
2000-05-01,EURUSD,-2.34795454545454
2000-06-01,EURUSD,-2.2282727272727296
2000-07-01,EURUSD,-2.08709523809524
2000-08-01,EURUSD,-1.8329130434782606
2000-09-01,EURUSD,-1.7471904761904797
2000-10-01,EURUSD,-1.6287272727272715
2000-11-01,EURUSD,-1.5580454545454607
2000-12-01,EURUSD,-1.5108421052631602
2001-01-01,EURUSD,-0.8492727272727301
2001-02-01,EURUSD,-0.5042
2001-03-01,EURUSD,-0.18136363636363928
2001-04-01,EURUSD,0.15200000000000014
2001-05-01,EURUSD,0.6166818181818208
2001-06-01,EURUSD,0.7135714285714299
2001-07-01,EURUSD,0.80713636363636
2001-08-01,EURUSD,0.8735217391304304
2001-09-01,EURUSD,1.11285
2001-10-01,EURUSD,1.2898695652173902
2001-11-01,EURUSD,1.3556818181818202
2001-12-01,EURUSD,1.51488888888889
2002-01-01,EURUSD,1.5987727272727301
2002-02-01,EURUSD,1.5371
2002-03-01,EURUSD,1.4808000000000001
2002-04-01,EURUSD,1.53690476190476
2002-05-01,EURUSD,1.64713636363636
2002-06-01,EURUSD,1.654
2002-07-01,EURUSD,1.62
2002-08-01,EURUSD,1.62190909090909
2002-09-01,EURUSD,1.5501428571428602
2002-10-01,EURUSD,1.53126086956522
2002-11-01,EURUSD,1.7341428571428603
2002-12-01,EURUSD,1.60105
2003-01-01,EURUSD,1.5418181818181798
2003-02-01,EURUSD,1.41745
2003-03-01,EURUSD,1.29995238095238
2003-04-01,EURUSD,1.29335
2003-05-01,EURUSD,1.1805238095238095
2003-06-01,EURUSD,1.11185714285714
2003-07-01,EURUSD,1.08004347826087
2003-08-01,EURUSD,1.0604285714285697
2003-09-01,EURUSD,1.0673181818181798
2003-10-01,EURUSD,1.0435652173912997
2003-11-01,EURUSD,1.04905
2003-12-01,EURUSD,1.04633333333333
2004-01-01,EURUSD,1.0294761904761898
2004-02-01,EURUSD,1.0205499999999998
2004-03-01,EURUSD,0.9788260869565197
2004-04-01,EURUSD,0.96875
2004-05-01,EURUSD,0.8858571428571402
2004-06-01,EURUSD,0.6526818181818199
2004-07-01,EURUSD,0.54604545454546
2004-08-01,EURUSD,0.43427272727273025
2004-09-01,EURUSD,0.2585909090909093
2004-10-01,EURUSD,0.10733333333332995
2004-11-01,EURUSD,-0.08968181818181975
2004-12-01,EURUSD,-0.27682608695652
2005-01-01,EURUSD,-0.46457142857142975
2005-02-01,EURUSD,-0.63165
2005-03-01,EURUSD,-0.8328095238095203
2005-04-01,EURUSD,-0.9527619047618998
2005-05-01,EURUSD,-1.09436363636364
2005-06-01,EURUSD,-1.2689545454545499
2005-07-01,EURUSD,-1.4505714285714304
2005-08-01,EURUSD,-1.6375217391304302
2005-09-01,EURUSD,-1.7308636363636403
2005-10-01,EURUSD,-1.9333809523809498
2005-11-01,EURUSD,-1.9491363636363594
2005-12-01,EURUSD,-1.97714285714286
2006-01-01,EURUSD,-2.0483181818181797
2006-02-01,EURUSD,-2.1196499999999996
2006-03-01,EURUSD,-2.15739130434783
2006-04-01,EURUSD,-2.2362222222222203
2006-05-01,EURUSD,-2.2610000000000006
2006-06-01,EURUSD,-2.3643181818181795
2006-07-01,EURUSD,-2.35780952380952
2006-08-01,EURUSD,-2.1535217391304298
2006-09-01,EURUSD,-2.0046190476190504
2006-10-01,EURUSD,-1.8280000000000003
2006-11-01,EURUSD,-1.7228181818181802
2006-12-01,EURUSD,-1.63578947368421
2007-01-01,EURUSD,-1.56813636363636
2007-02-01,EURUSD,-1.4917999999999996
2007-03-01,EURUSD,-1.40909090909091
2007-04-01,EURUSD,-1.3347368421052597
2007-05-01,EURUSD,-1.2386363636363598
2007-06-01,EURUSD,-1.1822380952380893
2007-07-01,EURUSD,-1.1038181818181805
2007-08-01,EURUSD,-0.9463913043478307
2007-09-01,EURUSD,-0.7183000000000002
2007-10-01,EURUSD,-0.3926086956521697
2007-11-01,EURUSD,-0.3314545454545499
2007-12-01,EURUSD,-0.1716315789473688
2008-01-01,EURUSD,0.64154545454545
2008-02-01,EURUSD,1.3020952380952395
2008-03-01,EURUSD,1.80636842105263
2008-04-01,EURUSD,1.9335
2008-05-01,EURUSD,2.19738095238095
2008-06-01,EURUSD,2.1805238095238098
2008-07-01,EURUSD,2.1710000000000003
2008-08-01,EURUSD,2.1751904761904797
2008-09-01,EURUSD,1.4291818181818199
2008-10-01,EURUSD,0.7930869565217398
2008-11-01,EURUSD,1.8782999999999999
2008-12-01,EURUSD,1.5226190476190502
2009-01-01,EURUSD,1.43652380952381
2009-02-01,EURUSD,0.78305
2009-03-01,EURUSD,0.5654545454545499
2009-04-01,EURUSD,0.5322999999999999
2009-05-01,EURUSD,0.7117000000000001
2009-06-01,EURUSD,0.8379090909090899
2009-07-01,EURUSD,0.6249565217391312
2009-08-01,EURUSD,0.560476190476191
2009-09-01,EURUSD,0.522090909090909
2009-10-01,EURUSD,0.49750000000000005
2009-11-01,EURUSD,0.5061904761904761
2009-12-01,EURUSD,0.492045454545454
2010-01-01,EURUSD,0.47974999999999995
2010-02-01,EURUSD,0.47169999999999995
2010-03-01,EURUSD,0.41495652173913
2010-04-01,EURUSD,0.34470000000000006
2010-05-01,EURUSD,0.23652380952380997
2010-06-01,EURUSD,0.20759090909090894
2010-07-01,EURUSD,0.43881818181818205
2010-08-01,EURUSD,0.5754999999999999
2010-09-01,EURUSD,0.6004999999999999
2010-10-01,EURUSD,0.727666666666667
2010-11-01,EURUSD,0.77204545454545
2010-12-01,EURUSD,0.72169565217391
2011-01-01,EURUSD,0.7272380952380999
2011-02-01,EURUSD,0.8067500000000001
2011-03-01,EURUSD,0.89552173913043
2011-04-01,EURUSD,1.09121052631579
2011-05-01,EURUSD,1.21509090909091
2011-06-01,EURUSD,1.26859090909091
2011-07-01,EURUSD,1.35761904761905
2011-08-01,EURUSD,1.2620869565217399
2011-09-01,EURUSD,1.2064545454545499
2011-10-01,EURUSD,1.2058571428571399
2011-11-01,EURUSD,1.07468181818182
2011-12-01,EURUSD,0.9360952380952401
2012-01-01,EURUSD,0.82222727272727
2012-02-01,EURUSD,0.74828571428571
2012-03-01,EURUSD,0.568454545454546
2012-04-01,EURUSD,0.45431578947368406
2012-05-01,EURUSD,0.39490909090909104
2012-06-01,EURUSD,0.338857142857143
2012-07-01,EURUSD,0.19704545454545502
2012-08-01,EURUSD,0.07239130434782598
2012-09-01,EURUSD,0.0063
2012-10-01,EURUSD,-0.022086956521739004
2012-11-01,EURUSD,-0.038000000000000006
2012-12-01,EURUSD,-0.05452631578947398
2013-01-01,EURUSD,-0.025090909090908997
2013-02-01,EURUSD,0.003349999999999992
2013-03-01,EURUSD,-0.003949999999999981
2013-04-01,EURUSD,0.008904761904761999
2013-05-01,EURUSD,0.0012272727272729933
2013-06-01,EURUSD,0.02024999999999999
2013-07-01,EURUSD,0.081434782608696
2013-08-01,EURUSD,0.105863636363636
2013-09-01,EURUSD,0.11323809523809501
2013-10-01,EURUSD,0.10582608695652201
2013-11-01,EURUSD,0.10338095238095202
2013-12-01,EURUSD,0.1335
2014-01-01,EURUSD,0.172045454545455
2014-02-01,EURUSD,0.15810000000000002
2014-03-01,EURUSD,0.18533333333333302
2014-04-01,EURUSD,0.20975
2014-05-01,EURUSD,0.21457142857142902
2014-06-01,EURUSD,0.131428571428571
2014-07-01,EURUSD,0.07504347826086999
2014-08-01,EURUSD,0.061571428571429
2014-09-01,EURUSD,-0.022909090909090893
2014-10-01,EURUSD,-0.0373913043478261
2014-11-01,EURUSD,-0.049100000000000005
2014-12-01,EURUSD,-0.0690952380952381
2015-01-01,EURUSD,-0.0973333333333333
2015-02-01,EURUSD,-0.1018
2015-03-01,EURUSD,-0.11281818181818182
2015-04-01,EURUSD,-0.1253
2015-05-01,EURUSD,-0.1603684210526316
2015-06-01,EURUSD,-0.1939090909090909
2015-07-01,EURUSD,-0.2087391304347826
2015-08-01,EURUSD,-0.28766666666666674
2015-09-01,EURUSD,-0.3070454545454546
2015-10-01,EURUSD,-0.3035909090909091
2015-11-01,EURUSD,-0.3876190476190476
2015-12-01,EURUSD,-0.666318181818182
2016-01-01,EURUSD,-0.71615
2016-02-01,EURUSD,-0.723571428571429
2016-03-01,EURUSD,-0.7785238095238101
2016-04-01,EURUSD,-0.799190476190476
2016-05-01,EURUSD,-0.827181818181818
2016-06-01,EURUSD,-0.817909090909091
2016-07-01,EURUSD,-0.9145238095238091
2016-08-01,EURUSD,-1.028217391304348
2016-09-01,EURUSD,-1.051636363636364
2016-10-01,EURUSD,-1.029
2016-11-01,EURUSD,-1.022681818181818
2016-12-01,EURUSD,-1.185761904761905
2017-01-01,EURUSD,-1.225545454545455
2017-02-01,EURUSD,-1.1985999999999999
2017-03-01,EURUSD,-1.3093478260869569
2017-04-01,EURUSD,-1.360388888888889
2017-05-01,EURUSD,-1.379454545454545
2017-06-01,EURUSD,-1.49
2017-07-01,EURUSD,-1.550428571428571
2017-08-01,EURUSD,-1.579086956521739
2017-09-01,EURUSD,-1.5793809523809519
2017-10-01,EURUSD,-1.589545454545455
2017-11-01,EURUSD,-1.649
2017-12-01,EURUSD,-1.867894736842105
2018-01-01,EURUSD,-1.958454545454546
2018-02-01,EURUSD,-2.1085000000000003
2018-03-01,EURUSD,-2.407904761904762
2018-04-01,EURUSD,-2.5284500000000003
2018-05-01,EURUSD,-2.4852272727272733
2018-06-01,EURUSD,-2.512047619047619
2018-07-01,EURUSD,-2.490727272727273
2018-08-01,EURUSD,-2.509
2018-09-01,EURUSD,-2.55885
2018-10-01,EURUSD,-2.6876956521739133
2018-11-01,EURUSD,-2.876363636363636
2018-12-01,EURUSD,-3.0018947368421047
2019-01-01,EURUSD,-2.8979999999999997
2019-02-01,EURUSD,-2.7984500000000003
2019-03-01,EURUSD,-2.789190476190476
2019-04-01,EURUSD,-2.78045
2019-05-01,EURUSD,-2.7518636363636357
2019-06-01,EURUSD,-2.6289
2019-07-01,EURUSD,-2.5848695652173914
2019-08-01,EURUSD,-2.467681818181818
2019-09-01,EURUSD,-2.447571428571429
2019-10-01,EURUSD,-2.2928695652173907
2019-11-01,EURUSD,-2.1712857142857143
2019-12-01,EURUSD,-2.1547
2020-01-01,EURUSD,-2.041136363636364
2020-02-01,EURUSD,-1.99885
2020-03-01,EURUSD,-1.7666363636363642
2020-04-01,EURUSD,-1.60405
2020-05-01,EURUSD,-0.44195000000000007
2020-06-01,EURUSD,-0.5760000000000001
2020-07-01,EURUSD,-0.624130434782609
2020-08-01,EURUSD,-0.629714285714286
2020-09-01,EURUSD,-0.621363636363636
2020-10-01,EURUSD,-0.629136363636364
2020-11-01,EURUSD,-0.680857142857143
2020-12-01,EURUSD,-0.708090909090909
2021-01-01,EURUSD,-0.68715
2021-02-01,EURUSD,-0.6511
2021-03-01,EURUSD,-0.639086956521739
2021-04-01,EURUSD,-0.64815
2021-05-01,EURUSD,-0.6400952380952379
2021-06-01,EURUSD,-0.632909090909091
2021-07-01,EURUSD,-0.644818181818182
2021-08-01,EURUSD,-0.647590909090909
2021-09-01,EURUSD,-0.6450454545454539
2021-10-01,EURUSD,-0.659809523809524
2021-11-01,EURUSD,-0.707363636363636
2021-12-01,EURUSD,-0.7519565217391301
2022-01-01,EURUSD,-0.780142857142857
2022-02-01,EURUSD,-0.91150000005
2022-03-01,EURUSD,-1.225434782608696
2022-04-01,EURUSD,-1.357894736842105
2022-05-01,EURUSD,-1.715727272727273
2022-06-01,EURUSD,-2.109227272727273
2022-07-01,EURUSD,-2.4633809523809522
2022-08-01,EURUSD,-2.365260869565217
2022-09-01,EURUSD,-2.19913636363636
2022-10-01,EURUSD,-2.42233333333333
2022-11-01,EURUSD,-2.63477272727273
2022-12-01,EURUSD,-2.4465238095238098
2023-01-01,EURUSD,-2.26513636363636
2023-02-01,EURUSD,-2.09965
2023-03-01,EURUSD,-1.9994347826086907
2023-04-01,EURUSD,-1.8630000000000004
2023-05-01,EURUSD,-1.7835652173913004
2023-06-01,EURUSD,-1.6841363636363598
2023-07-01,EURUSD,-1.6781904761904798
2023-08-01,EURUSD,-1.6596956521739106
2023-09-01,EURUSD,-1.6099523809523801
2023-10-01,EURUSD,-1.4923636363636401
2023-11-01,EURUSD,-1.4383636363636403
2023-12-01,EURUSD,-1.38690476190476
2024-01-01,EURUSD,-1.33472727272727
2024-02-01,EURUSD,-1.2968095238095199
2024-03-01,EURUSD,-1.3676190476190486
2024-04-01,EURUSD,-1.4436363636363603
2024-05-01,EURUSD,-1.5163478260869603
2024-06-01,EURUSD,-1.5555000000000003
2024-07-01,EURUSD,-1.6251739130434797
2024-08-01,EURUSD,-1.57240909090909
2024-09-01,EURUSD,-1.4262857142857204
2024-10-01,EURUSD,-1.45339130434783
2024-11-01,EURUSD,-1.5232380952381002
2024-12-01,EURUSD,-1.6439090909090899
2025-01-01,EURUSD,-1.6268695652000003
2025-02-01,EURUSD,-1.8150499999999998
2025-03-01,EURUSD,-1.8475714286000002
2025-04-01,EURUSD,-2.0718181818000003
2025-05-01,EURUSD,-2.1987272727000002
2025-06-01,EURUSD,-2.3263809523999996
2025-07-01,EURUSD,-2.2936521739
2025-08-01,EURUSD,-2.1989047618999997
2025-09-01,EURUSD,-2.0727272726999995
2025-10-01,EURUSD,-1.9455652174
2025-11-01,EURUSD,-1.8183499999999997
2025-12-01,EURUSD,-1.6942173913
2026-01-01,EURUSD,-1.6022727273
2026-02-01,EURUSD,-1.6322727273000002
2026-03-01,EURUSD,-1.6622727273
2026-04-01,EURUSD,-1.7422727273
2026-05-01,EURUSD,-1.6922727273000002
2026-06-01,EURUSD,-1.7422727273
1964-06-01,GBPUSD,0.7900000000000005
1964-07-01,GBPUSD,0.8600000000000003
1964-08-01,GBPUSD,0.9899999999999998
1964-09-01,GBPUSD,0.9699999999999998
1964-10-01,GBPUSD,0.94
1964-11-01,GBPUSD,1.4299999999999997
1964-12-01,GBPUSD,2.7
1965-01-01,GBPUSD,2.71
1965-02-01,GBPUSD,2.5599999999999996
1965-03-01,GBPUSD,2.4700000000000006
1965-04-01,GBPUSD,2.5
1965-05-01,GBPUSD,2.41
1965-06-01,GBPUSD,1.7300000000000004
1965-07-01,GBPUSD,1.6799999999999997
1965-08-01,GBPUSD,1.67
1965-09-01,GBPUSD,1.63
1965-10-01,GBPUSD,1.46
1965-11-01,GBPUSD,1.42
1965-12-01,GBPUSD,1.1600000000000001
1966-01-01,GBPUSD,0.96
1966-02-01,GBPUSD,0.9000000000000004
1966-03-01,GBPUSD,0.7799999999999994
1966-04-01,GBPUSD,0.71
1966-05-01,GBPUSD,0.5899999999999999
1966-06-01,GBPUSD,0.46999999999999975
1966-07-01,GBPUSD,0.9399999999999995
1966-08-01,GBPUSD,1.25
1966-09-01,GBPUSD,1.1499999999999995
1966-10-01,GBPUSD,1.1399999999999997
1966-11-01,GBPUSD,1.1399999999999997
1966-12-01,GBPUSD,1.29
1967-01-01,GBPUSD,1.3699999999999992
1967-02-01,GBPUSD,1.2200000000000006
1967-03-01,GBPUSD,1.17
1967-04-01,GBPUSD,1.2600000000000007
1967-05-01,GBPUSD,1.0199999999999996
1967-06-01,GBPUSD,0.7800000000000002
1967-07-01,GBPUSD,0.46999999999999975
1967-08-01,GBPUSD,0.6000000000000005
1967-09-01,GBPUSD,0.6299999999999999
1967-10-01,GBPUSD,0.5700000000000003
1967-11-01,GBPUSD,1.4799999999999995
1967-12-01,GBPUSD,2.16
1968-01-01,GBPUSD,2.3
1968-02-01,GBPUSD,2.42
1968-03-01,GBPUSD,2.0700000000000003
1968-04-01,GBPUSD,1.63
1968-05-01,GBPUSD,1.2800000000000002
1968-06-01,GBPUSD,1.4100000000000001
1968-07-01,GBPUSD,1.5499999999999998
1968-08-01,GBPUSD,1.5900000000000007
1968-09-01,GBPUSD,1.5199999999999996
1968-10-01,GBPUSD,1.0699999999999994
1968-11-01,GBPUSD,0.9699999999999998
1968-12-01,GBPUSD,0.9800000000000004
1969-01-01,GBPUSD,0.7800000000000002
1969-02-01,GBPUSD,0.8100000000000005
1969-03-01,GBPUSD,1.6999999999999993
1969-04-01,GBPUSD,1.5700000000000003
1969-05-01,GBPUSD,1.169999999999999
1969-06-01,GBPUSD,0.6699999999999999
1969-07-01,GBPUSD,0.17999999999999972
1969-08-01,GBPUSD,0.48999999999999844
1969-09-01,GBPUSD,0.3999999999999986
1969-10-01,GBPUSD,0.3099999999999987
1969-11-01,GBPUSD,0.40999999999999837
1969-12-01,GBPUSD,0.09999999999999964
1970-01-01,GBPUSD,-0.040000000000000924
1970-02-01,GBPUSD,0.28999999999999915
1970-03-01,GBPUSD,0.5299999999999994
1970-04-01,GBPUSD,0.7799999999999994
1970-05-01,GBPUSD,-0.019999999999999574
1970-06-01,GBPUSD,-0.009999999999999787
1970-07-01,GBPUSD,0.05000000000000071
1970-08-01,GBPUSD,0.34000000000000075
1970-09-01,GBPUSD,0.7600000000000007
1970-10-01,GBPUSD,1.3000000000000007
1970-11-01,GBPUSD,1.9800000000000004
1970-12-01,GBPUSD,2.3900000000000006
1971-01-01,GBPUSD,2.9700000000000006
1971-02-01,GBPUSD,3.6800000000000006
1971-03-01,GBPUSD,4.210000000000001
1971-04-01,GBPUSD,2.6099999999999994
1971-05-01,GBPUSD,2.0699999999999994
1971-06-01,GBPUSD,1.3399999999999999
1971-07-01,GBPUSD,0.6799999999999997
1971-08-01,GBPUSD,0.27999999999999936
1971-09-01,GBPUSD,-0.33000000000000007
1971-10-01,GBPUSD,-0.35999999999999943
1971-11-01,GBPUSD,-0.10000000000000053
1971-12-01,GBPUSD,-0.14000000000000057
1972-01-01,GBPUSD,0.47999999999999954
1972-02-01,GBPUSD,1.2399999999999998
1972-03-01,GBPUSD,0.71
1972-04-01,GBPUSD,0.020000000000000462
1972-05-01,GBPUSD,0.20999999999999996
1972-06-01,GBPUSD,1.08
1972-07-01,GBPUSD,1.9799999999999995
1972-08-01,GBPUSD,2.2300000000000004
1972-09-01,GBPUSD,2.0
1972-10-01,GBPUSD,2.09
1972-11-01,GBPUSD,2.62
1972-12-01,GBPUSD,2.66
1973-01-01,GBPUSD,2.9400000000000004
1973-02-01,GBPUSD,3.01
1973-03-01,GBPUSD,2.7199999999999998
1973-04-01,GBPUSD,1.410000000000001
1973-05-01,GBPUSD,0.910000000000001
1973-06-01,GBPUSD,-0.08999999999999986
1973-07-01,GBPUSD,-0.9599999999999991
1973-08-01,GBPUSD,1.7800000000000011
1973-09-01,GBPUSD,2.0
1973-10-01,GBPUSD,2.780000000000001
1973-11-01,GBPUSD,3.16
1973-12-01,GBPUSD,4.49
1974-01-01,GBPUSD,4.720000000000001
1974-02-01,GBPUSD,5.550000000000001
1974-03-01,GBPUSD,5.5600000000000005
1974-04-01,GBPUSD,3.6799999999999997
1974-05-01,GBPUSD,2.1400000000000006
1974-06-01,GBPUSD,1.2199999999999989
1974-07-01,GBPUSD,0.9700000000000006
1974-08-01,GBPUSD,0.5800000000000001
1974-09-01,GBPUSD,0.4900000000000002
1974-10-01,GBPUSD,2.17
1974-11-01,GBPUSD,3.0
1974-12-01,GBPUSD,3.6999999999999993
1975-01-01,GBPUSD,4.469999999999999
1975-02-01,GBPUSD,5.01
1975-03-01,GBPUSD,4.200000000000001
1975-04-01,GBPUSD,3.2799999999999994
1975-05-01,GBPUSD,4.31
1975-06-01,GBPUSD,3.8599999999999994
1975-07-01,GBPUSD,3.38
1975-08-01,GBPUSD,3.6599999999999993
1975-09-01,GBPUSD,3.419999999999999
1975-10-01,GBPUSD,4.8500000000000005
1975-11-01,GBPUSD,4.92
1975-12-01,GBPUSD,4.8500000000000005
1976-01-01,GBPUSD,4.8999999999999995
1976-02-01,GBPUSD,3.8000000000000007
1976-03-01,GBPUSD,3.2200000000000006
1976-04-01,GBPUSD,3.919999999999999
1976-05-01,GBPUSD,4.72
1976-06-01,GBPUSD,5.25
1976-07-01,GBPUSD,5.470000000000001
1976-08-01,GBPUSD,5.570000000000001
1976-09-01,GBPUSD,6.65
1976-10-01,GBPUSD,9.129999999999999
1976-11-01,GBPUSD,9.290000000000001
1976-12-01,GBPUSD,9.23
1977-01-01,GBPUSD,8.17
1977-02-01,GBPUSD,6.5
1977-03-01,GBPUSD,5.15
1977-04-01,GBPUSD,3.55
1977-05-01,GBPUSD,2.1899999999999995
1977-06-01,GBPUSD,2.3100000000000005
1977-07-01,GBPUSD,2.1500000000000004
1977-08-01,GBPUSD,0.9699999999999998
1977-09-01,GBPUSD,-0.27000000000000046
1977-10-01,GBPUSD,-1.8399999999999999
1977-11-01,GBPUSD,-1.5499999999999998
1977-12-01,GBPUSD,-0.1299999999999999
1978-01-01,GBPUSD,-0.9300000000000006
1978-02-01,GBPUSD,-0.47000000000000064
1978-03-01,GBPUSD,-0.40000000000000036
1978-04-01,GBPUSD,0.3099999999999996
1978-05-01,GBPUSD,1.459999999999999
1978-06-01,GBPUSD,1.8000000000000007
1978-07-01,GBPUSD,1.7200000000000006
1978-08-01,GBPUSD,1.299999999999999
1978-09-01,GBPUSD,0.6199999999999992
1978-10-01,GBPUSD,0.8499999999999996
1978-11-01,GBPUSD,1.129999999999999
1978-12-01,GBPUSD,1.3499999999999996
1979-01-01,GBPUSD,1.8599999999999994
1979-02-01,GBPUSD,2.700000000000001
1979-03-01,GBPUSD,1.549999999999999
1979-04-01,GBPUSD,1.459999999999999
1979-05-01,GBPUSD,1.4000000000000004
1979-06-01,GBPUSD,2.9800000000000004
1979-07-01,GBPUSD,3.6000000000000014
1979-08-01,GBPUSD,3.09
1979-09-01,GBPUSD,2.1799999999999997
1979-10-01,GBPUSD,0.39000000000000057
1979-11-01,GBPUSD,2.139999999999999
1979-12-01,GBPUSD,3.1999999999999993
1980-01-01,GBPUSD,3.3099999999999987
1980-02-01,GBPUSD,3.099999999999998
1980-03-01,GBPUSD,0.0
1980-04-01,GBPUSD,0.9399999999999977
1980-05-01,GBPUSD,6.789999999999999
1980-06-01,GBPUSD,7.799999999999999
1980-07-01,GBPUSD,6.529999999999999
1980-08-01,GBPUSD,5.8100000000000005
1980-09-01,GBPUSD,3.950000000000001
1980-10-01,GBPUSD,2.34
1980-11-01,GBPUSD,-0.5499999999999989
1980-12-01,GBPUSD,-4.619999999999999
1981-01-01,GBPUSD,-3.7300000000000004
1981-02-01,GBPUSD,-3.83
1981-03-01,GBPUSD,-2.7300000000000004
1981-04-01,GBPUSD,-3.540000000000001
1981-05-01,GBPUSD,-6.709999999999999
1981-06-01,GBPUSD,-4.769999999999998
1981-07-01,GBPUSD,-4.490000000000002
1981-08-01,GBPUSD,-4.41
1981-09-01,GBPUSD,-2.6799999999999997
1981-10-01,GBPUSD,0.1399999999999988
1981-11-01,GBPUSD,1.7699999999999996
1981-12-01,GBPUSD,2.0700000000000003
1982-01-01,GBPUSD,0.8800000000000008
1982-02-01,GBPUSD,-1.3200000000000003
1982-03-01,GBPUSD,-1.5300000000000011
1982-04-01,GBPUSD,-1.4499999999999993
1982-05-01,GBPUSD,-1.1100000000000012
1982-06-01,GBPUSD,-2.1000000000000014
1982-07-01,GBPUSD,-1.7199999999999989
1982-08-01,GBPUSD,-0.049999999999998934
1982-09-01,GBPUSD,-0.5400000000000009
1982-10-01,GBPUSD,-0.17999999999999972
1982-11-01,GBPUSD,-0.009999999999999787
1982-12-01,GBPUSD,1.459999999999999
1983-01-01,GBPUSD,2.3200000000000003
1983-02-01,GBPUSD,2.3500000000000014
1983-03-01,GBPUSD,1.8399999999999999
1983-04-01,GBPUSD,1.2599999999999998
1983-05-01,GBPUSD,1.3499999999999996
1983-06-01,GBPUSD,0.33999999999999986
1983-07-01,GBPUSD,-0.03999999999999915
1983-08-01,GBPUSD,-0.33000000000000007
1983-09-01,GBPUSD,-0.15000000000000036
1983-10-01,GBPUSD,-0.2699999999999996
1983-11-01,GBPUSD,-0.46999999999999886
1983-12-01,GBPUSD,-0.7899999999999991
1984-01-01,GBPUSD,-0.5
1984-02-01,GBPUSD,-0.6599999999999984
1984-03-01,GBPUSD,-1.6300000000000008
1984-04-01,GBPUSD,-2.0
1984-05-01,GBPUSD,-2.08
1984-06-01,GBPUSD,-2.3200000000000003
1984-07-01,GBPUSD,-0.5300000000000011
1984-08-01,GBPUSD,-0.9900000000000002
1984-09-01,GBPUSD,-1.1599999999999984
1984-10-01,GBPUSD,-0.3200000000000003
1984-11-01,GBPUSD,0.16000000000000014
1984-12-01,GBPUSD,0.5500000000000007
1985-01-01,GBPUSD,2.92
1985-02-01,GBPUSD,4.540000000000001
1985-03-01,GBPUSD,4.08
1985-04-01,GBPUSD,3.66
1985-05-01,GBPUSD,4.08
1985-06-01,GBPUSD,4.499999999999999
1985-07-01,GBPUSD,3.87
1985-08-01,GBPUSD,3.2299999999999995
1985-09-01,GBPUSD,3.1799999999999997
1985-10-01,GBPUSD,3.2399999999999993
1985-11-01,GBPUSD,3.330000000000001
1985-12-01,GBPUSD,3.3999999999999995
1986-01-01,GBPUSD,5.042999999999999
1986-02-01,GBPUSD,5.02875
1986-03-01,GBPUSD,4.53679
1986-04-01,GBPUSD,3.976700000000001
1986-05-01,GBPUSD,3.617049999999999
1986-06-01,GBPUSD,3.0929199999999994
1986-07-01,GBPUSD,3.66805
1986-08-01,GBPUSD,3.9743499999999994
1986-09-01,GBPUSD,4.47892
1986-10-01,GBPUSD,5.4744
1986-11-01,GBPUSD,5.486090000000001
1986-12-01,GBPUSD,5.364210000000001
1987-01-01,GBPUSD,5.230849999999999
1987-02-01,GBPUSD,4.79219
1987-03-01,GBPUSD,3.8442000000000007
1987-04-01,GBPUSD,3.310970000000001
1987-05-01,GBPUSD,1.8779199999999996
1987-06-01,GBPUSD,1.99608
1987-07-01,GBPUSD,2.5479600000000007
1987-08-01,GBPUSD,3.3497000000000003
1987-09-01,GBPUSD,2.8260200000000006
1987-10-01,GBPUSD,2.0077
1987-11-01,GBPUSD,1.7585099999999994
1987-12-01,GBPUSD,0.31282999999999994
1988-01-01,GBPUSD,1.9669100000000004
1988-02-01,GBPUSD,2.6879500000000007
1988-03-01,GBPUSD,2.2830400000000006
1988-04-01,GBPUSD,1.4542599999999997
1988-05-01,GBPUSD,0.8267600000000002
1988-06-01,GBPUSD,1.4651399999999999
1988-07-01,GBPUSD,2.63366
1988-08-01,GBPUSD,3.094290000000001
1988-09-01,GBPUSD,3.9603400000000004
1988-10-01,GBPUSD,3.6839000000000013
1988-11-01,GBPUSD,3.5381800000000005
1988-12-01,GBPUSD,3.9076699999999995
1989-01-01,GBPUSD,3.961220000000001
1989-02-01,GBPUSD,3.5540599999999998
1989-03-01,GBPUSD,2.9725
1989-04-01,GBPUSD,3.243590000000001
1989-05-01,GBPUSD,3.6321499999999993
1989-06-01,GBPUSD,4.982530000000001
1989-07-01,GBPUSD,5.20317
1989-08-01,GBPUSD,5.25572
1989-09-01,GBPUSD,5.2921700000000005
1989-10-01,GBPUSD,6.46818
1989-11-01,GBPUSD,6.76412
1989-12-01,GBPUSD,6.83179
1990-01-01,GBPUSD,7.0383700000000005
1990-02-01,GBPUSD,6.929219999999999
1990-03-01,GBPUSD,6.966760000000001
1990-04-01,GBPUSD,6.837440000000001
1990-05-01,GBPUSD,6.844290000000001
1990-06-01,GBPUSD,6.783019999999999
1990-07-01,GBPUSD,6.8858
1990-08-01,GBPUSD,7.046640000000001
1990-09-01,GBPUSD,6.891169999999999
1990-10-01,GBPUSD,6.00216
1990-11-01,GBPUSD,5.651110000000001
1990-12-01,GBPUSD,6.0617
1991-01-01,GBPUSD,6.840870000000001
1991-02-01,GBPUSD,6.775320000000001
1991-03-01,GBPUSD,6.0127999999999995
1991-04-01,GBPUSD,5.95492
1991-05-01,GBPUSD,5.65522
1991-06-01,GBPUSD,5.228439999999999
1991-07-01,GBPUSD,5.149759999999999
1991-08-01,GBPUSD,5.283239999999999
1991-09-01,GBPUSD,4.86408
1991-10-01,GBPUSD,5.12823
1991-11-01,GBPUSD,5.589769999999999
1991-12-01,GBPUSD,6.378369999999999
1992-01-01,GBPUSD,6.66773
1992-02-01,GBPUSD,6.35031
1992-03-01,GBPUSD,6.420450000000001
1992-04-01,GBPUSD,6.6548300000000005
1992-05-01,GBPUSD,6.289
1992-06-01,GBPUSD,6.19078
1992-07-01,GBPUSD,6.832450000000001
1992-08-01,GBPUSD,7.1022
1992-09-01,GBPUSD,6.907290000000001
1992-10-01,GBPUSD,5.133470000000001
1992-11-01,GBPUSD,3.6871099999999997
1992-12-01,GBPUSD,3.75132
1993-01-01,GBPUSD,3.79363
1993-02-01,GBPUSD,3.1108599999999997
1993-03-01,GBPUSD,2.92193
1993-04-01,GBPUSD,2.93379
1993-05-01,GBPUSD,2.94427
1993-06-01,GBPUSD,2.7417
1993-07-01,GBPUSD,2.8435499999999996
1993-08-01,GBPUSD,2.77406
1993-09-01,GBPUSD,2.8398699999999995
1993-10-01,GBPUSD,2.57362
1993-11-01,GBPUSD,2.2575999999999996
1993-12-01,GBPUSD,2.1228100000000003
1994-01-01,GBPUSD,2.2934500000000004
1994-02-01,GBPUSD,1.8332799999999998
1994-03-01,GBPUSD,1.4575799999999997
1994-04-01,GBPUSD,1.2798100000000003
1994-05-01,GBPUSD,0.7172700000000001
1994-06-01,GBPUSD,0.6678600000000001
1994-07-01,GBPUSD,0.5363699999999998
1994-08-01,GBPUSD,0.7674500000000002
1994-09-01,GBPUSD,0.7381099999999998
1994-10-01,GBPUSD,0.46470000000000056
1994-11-01,GBPUSD,0.33535999999999966
1994-12-01,GBPUSD,0.13684999999999992
1995-01-01,GBPUSD,0.39778
1995-02-01,GBPUSD,0.64391
1995-03-01,GBPUSD,0.5755399999999993
1995-04-01,GBPUSD,0.6263299999999994
1995-05-01,GBPUSD,0.7561600000000004
1995-06-01,GBPUSD,0.8148399999999993
1995-07-01,GBPUSD,1.1068600000000002
1995-08-01,GBPUSD,1.1056800000000004
1995-09-01,GBPUSD,1.0653899999999998
1995-10-01,GBPUSD,1.0278299999999998
1995-11-01,GBPUSD,0.98088
1995-12-01,GBPUSD,0.9298500000000001
1996-01-01,GBPUSD,1.0571800000000007
1996-02-01,GBPUSD,1.0955399999999997
1996-03-01,GBPUSD,0.8498799999999997
1996-04-01,GBPUSD,0.72452
1996-05-01,GBPUSD,0.7565099999999996
1996-06-01,GBPUSD,0.47477000000000036
1996-07-01,GBPUSD,0.2916699999999999
1996-08-01,GBPUSD,0.4364699999999999
1996-09-01,GBPUSD,0.35365
1996-10-01,GBPUSD,0.6095299999999995
1996-11-01,GBPUSD,1.0057900000000002
1996-12-01,GBPUSD,0.9916399999999994
1997-01-01,GBPUSD,0.9849100000000002
1997-02-01,GBPUSD,0.9184799999999997
1997-03-01,GBPUSD,0.7741299999999995
1997-04-01,GBPUSD,0.74437
1997-05-01,GBPUSD,0.8321399999999999
1997-06-01,GBPUSD,1.00462
1997-07-01,GBPUSD,1.44144
1997-08-01,GBPUSD,1.6434900000000008
1997-09-01,GBPUSD,1.6968700000000005
1997-10-01,GBPUSD,1.70615
1997-11-01,GBPUSD,1.88617
1997-12-01,GBPUSD,1.9179000000000004
1998-01-01,GBPUSD,2.0454
1998-02-01,GBPUSD,2.0039499999999997
1998-03-01,GBPUSD,1.9867600000000003
1998-04-01,GBPUSD,1.95533
1998-05-01,GBPUSD,1.8981000000000003
1998-06-01,GBPUSD,2.1139600000000005
1998-07-01,GBPUSD,2.21622
1998-08-01,GBPUSD,2.1482400000000004
1998-09-01,GBPUSD,2.0576799999999995
1998-10-01,GBPUSD,2.01061
1998-11-01,GBPUSD,1.7344799999999996
1998-12-01,GBPUSD,1.3203400000000007
1999-01-01,GBPUSD,1.0317100000000003
1999-02-01,GBPUSD,0.6319699999999999
1999-03-01,GBPUSD,0.5128699999999995
1999-04-01,GBPUSD,0.4377300000000002
1999-05-01,GBPUSD,0.42874999999999996
1999-06-01,GBPUSD,0.09114000000000022
1999-07-01,GBPUSD,-0.0731200000000003
1999-08-01,GBPUSD,-0.15591000000000044
1999-09-01,GBPUSD,-0.08929999999999971
1999-10-01,GBPUSD,-0.10435999999999979
1999-11-01,GBPUSD,-0.1275000000000004
1999-12-01,GBPUSD,0.005310000000000592
2000-01-01,GBPUSD,0.18632000000000026
2000-02-01,GBPUSD,0.22780999999999985
2000-03-01,GBPUSD,0.0883799999999999
2000-04-01,GBPUSD,0.016469999999999985
2000-05-01,GBPUSD,-0.4064399999999999
2000-06-01,GBPUSD,-0.5031800000000004
2000-07-01,GBPUSD,-0.4775299999999998
2000-08-01,GBPUSD,-0.3924600000000007
2000-09-01,GBPUSD,-0.39430999999999994
2000-10-01,GBPUSD,-0.5072599999999996
2000-11-01,GBPUSD,-0.5637100000000004
2000-12-01,GBPUSD,-0.49460999999999977
2001-01-01,GBPUSD,0.2257800000000003
2001-02-01,GBPUSD,0.49655000000000005
2001-03-01,GBPUSD,0.6612600000000004
2001-04-01,GBPUSD,0.8744899999999998
2001-05-01,GBPUSD,1.22858
2001-06-01,GBPUSD,1.5185399999999998
2001-07-01,GBPUSD,1.59436
2001-08-01,GBPUSD,1.5165799999999998
2001-09-01,GBPUSD,1.8594600000000003
2001-10-01,GBPUSD,2.11821
2001-11-01,GBPUSD,1.9667500000000002
2001-12-01,GBPUSD,2.2206
2002-01-01,GBPUSD,2.30677
2002-02-01,GBPUSD,2.2326799999999993
2002-03-01,GBPUSD,2.2205500000000002
2002-04-01,GBPUSD,2.30319
2002-05-01,GBPUSD,2.3336999999999994
2002-06-01,GBPUSD,2.36758
2002-07-01,GBPUSD,2.2705399999999996
2002-08-01,GBPUSD,2.25654
2002-09-01,GBPUSD,2.22872
2002-10-01,GBPUSD,2.23401
2002-11-01,GBPUSD,2.5814200000000005
2002-12-01,GBPUSD,2.6777699999999998
2003-01-01,GBPUSD,2.69263
2003-02-01,GBPUSD,2.48425
2003-03-01,GBPUSD,2.42503
2003-04-01,GBPUSD,2.4059800000000005
2003-05-01,GBPUSD,2.4125199999999998
2003-06-01,GBPUSD,2.59966
2003-07-01,GBPUSD,2.44022
2003-08-01,GBPUSD,2.44249
2003-09-01,GBPUSD,2.6167
2003-10-01,GBPUSD,2.70338
2003-11-01,GBPUSD,2.87043
2003-12-01,GBPUSD,2.9186400000000003
2004-01-01,GBPUSD,2.9953100000000004
2004-02-01,GBPUSD,3.1165400000000005
2004-03-01,GBPUSD,3.2467300000000003
2004-04-01,GBPUSD,3.3147200000000003
2004-05-01,GBPUSD,3.3287199999999997
2004-06-01,GBPUSD,3.32974
2004-07-01,GBPUSD,3.28702
2004-08-01,GBPUSD,3.28284
2004-09-01,GBPUSD,3.0869
2004-10-01,GBPUSD,2.86071
2004-11-01,GBPUSD,2.62359
2004-12-01,GBPUSD,2.42103
2005-01-01,GBPUSD,2.2631600000000005
2005-02-01,GBPUSD,2.12069
2005-03-01,GBPUSD,2.0173599999999996
2005-04-01,GBPUSD,1.8533600000000003
2005-05-01,GBPUSD,1.6737499999999996
2005-06-01,GBPUSD,1.4614400000000005
2005-07-01,GBPUSD,1.0879400000000001
2005-08-01,GBPUSD,0.8246499999999997
2005-09-01,GBPUSD,0.7268600000000003
2005-10-01,GBPUSD,0.45701000000000036
2005-11-01,GBPUSD,0.3084700000000007
2005-12-01,GBPUSD,0.1873199999999997
2006-01-01,GBPUSD,0.04368000000000016
2006-02-01,GBPUSD,-0.13800999999999952
2006-03-01,GBPUSD,-0.2925899999999997
2006-04-01,GBPUSD,-0.4004000000000003
2006-05-01,GBPUSD,-0.4485000000000001
2006-06-01,GBPUSD,-0.6150199999999995
2006-07-01,GBPUSD,-0.7267799999999998
2006-08-01,GBPUSD,-0.43574999999999964
2006-09-01,GBPUSD,-0.3149899999999999
2006-10-01,GBPUSD,-0.1982400000000002
2006-11-01,GBPUSD,-0.09456000000000042
2006-12-01,GBPUSD,-0.02833000000000041
2007-01-01,GBPUSD,0.16622999999999966
2007-02-01,GBPUSD,0.25570000000000004
2007-03-01,GBPUSD,0.24946000000000002
2007-04-01,GBPUSD,0.3389900000000008
2007-05-01,GBPUSD,0.4574200000000008
2007-06-01,GBPUSD,0.5501800000000001
2007-07-01,GBPUSD,0.7039599999999995
2007-08-01,GBPUSD,0.9294599999999997
2007-09-01,GBPUSD,1.1869399999999999
2007-10-01,GBPUSD,1.1901399999999995
2007-11-01,GBPUSD,1.43858
2007-12-01,GBPUSD,1.3394300000000001
2008-01-01,GBPUSD,1.8196500000000002
2008-02-01,GBPUSD,2.5820199999999995
2008-03-01,GBPUSD,3.1092899999999997
2008-04-01,GBPUSD,3.0688099999999996
2008-05-01,GBPUSD,3.16639
2008-06-01,GBPUSD,3.16944
2008-07-01,GBPUSD,3.0422000000000002
2008-08-01,GBPUSD,2.97619
2008-09-01,GBPUSD,2.3205999999999998
2008-10-01,GBPUSD,1.81304
2008-11-01,GBPUSD,2.08684
2008-12-01,GBPUSD,1.40247
2009-01-01,GBPUSD,1.3227600000000002
2009-02-01,GBPUSD,0.9303800000000002
2009-03-01,GBPUSD,0.76139
2009-04-01,GBPUSD,0.64413
2009-05-01,GBPUSD,0.78795
2009-06-01,GBPUSD,0.8511700000000001
2009-07-01,GBPUSD,0.6511300000000001
2009-08-01,GBPUSD,0.47369
2009-09-01,GBPUSD,0.3556
2009-10-01,GBPUSD,0.33087
2009-11-01,GBPUSD,0.39936000000000005
2009-12-01,GBPUSD,0.38541000000000003
2010-01-01,GBPUSD,0.41265
2010-02-01,GBPUSD,0.4431
2010-03-01,GBPUSD,0.41549
2010-04-01,GBPUSD,0.35591999999999996
2010-05-01,GBPUSD,0.24713000000000002
2010-06-01,GBPUSD,0.20838999999999996
2010-07-01,GBPUSD,0.32603
2010-08-01,GBPUSD,0.41295999999999994
2010-09-01,GBPUSD,0.44858999999999993
2010-10-01,GBPUSD,0.4683999999999999
2010-11-01,GBPUSD,0.4690099999999999
2010-12-01,GBPUSD,0.44961999999999996
2011-01-01,GBPUSD,0.47866000000000003
2011-02-01,GBPUSD,0.51962
2011-03-01,GBPUSD,0.52913
2011-04-01,GBPUSD,0.59096
2011-05-01,GBPUSD,0.61344
2011-06-01,GBPUSD,0.60512
2011-07-01,GBPUSD,0.5889
2011-08-01,GBPUSD,0.56782
2011-09-01,GBPUSD,0.5881000000000001
2011-10-01,GBPUSD,0.59991
2011-11-01,GBPUSD,0.60182
2011-12-01,GBPUSD,0.57148
2012-01-01,GBPUSD,0.6870899999999999
2012-02-01,GBPUSD,0.7724899999999999
2012-03-01,GBPUSD,0.7475700000000001
2012-04-01,GBPUSD,0.7279199999999999
2012-05-01,GBPUSD,0.7149999999999999
2012-06-01,GBPUSD,0.62978
2012-07-01,GBPUSD,0.51735
2012-08-01,GBPUSD,0.44481000000000004
2012-09-01,GBPUSD,0.40803
2012-10-01,GBPUSD,0.31396999999999997
2012-11-01,GBPUSD,0.29452
2012-12-01,GBPUSD,0.27848000000000006
2013-01-01,GBPUSD,0.28228
2013-02-01,GBPUSD,0.28988
2013-03-01,GBPUSD,0.29688000000000003
2013-04-01,GBPUSD,0.30556999999999995
2013-05-01,GBPUSD,0.30563
2013-06-01,GBPUSD,0.31793999999999994
2013-07-01,GBPUSD,0.36944
2013-08-01,GBPUSD,0.39261999999999997
2013-09-01,GBPUSD,0.40688
2013-10-01,GBPUSD,0.39663000000000004
2013-11-01,GBPUSD,0.40344
2013-12-01,GBPUSD,0.38473999999999997
2014-01-01,GBPUSD,0.40093
2014-02-01,GBPUSD,0.39153000000000004
2014-03-01,GBPUSD,0.40157
2014-04-01,GBPUSD,0.40664999999999996
2014-05-01,GBPUSD,0.41744000000000003
2014-06-01,GBPUSD,0.43394
2014-07-01,GBPUSD,0.42640999999999996
2014-08-01,GBPUSD,0.43118999999999996
2014-09-01,GBPUSD,0.44291
2014-10-01,GBPUSD,0.43835999999999997
2014-11-01,GBPUSD,0.42628
2014-12-01,GBPUSD,0.40818
2015-01-01,GBPUSD,0.40259999999999996
2015-02-01,GBPUSD,0.41362999999999994
2015-03-01,GBPUSD,0.42435999999999996
2015-04-01,GBPUSD,0.4395
2015-05-01,GBPUSD,0.41798
2015-06-01,GBPUSD,0.39188000000000006
2015-07-01,GBPUSD,0.39084
2015-08-01,GBPUSD,0.3267
2015-09-01,GBPUSD,0.31575999999999993
2015-10-01,GBPUSD,0.33006
2015-11-01,GBPUSD,0.27371000000000006
2015-12-01,GBPUSD,0.042769999999999975
2016-01-01,GBPUSD,0.01976
2016-02-01,GBPUSD,0.05072999999999994
2016-03-01,GBPUSD,0.038250000000000006
2016-04-01,GBPUSD,0.038899999999999935
2016-05-01,GBPUSD,0.01929000000000003
2016-06-01,GBPUSD,0.024679999999999924
2016-07-01,GBPUSD,-0.10640000000000005
2016-08-01,GBPUSD,-0.32387
2016-09-01,GBPUSD,-0.37093
2016-10-01,GBPUSD,-0.32249999999999995
2016-11-01,GBPUSD,-0.31227
2016-12-01,GBPUSD,-0.49774
2017-01-01,GBPUSD,-0.5379
2017-02-01,GBPUSD,-0.51326
2017-03-01,GBPUSD,-0.6343300000000001
2017-04-01,GBPUSD,-0.6948700000000001
2017-05-01,GBPUSD,-0.73919
2017-06-01,GBPUSD,-0.8655799999999999
2017-07-01,GBPUSD,-0.9269
2017-08-01,GBPUSD,-0.96881
2017-09-01,GBPUSD,-0.94089
2017-10-01,GBPUSD,-0.8781300000000001
2017-11-01,GBPUSD,-0.8014300000000001
2017-12-01,GBPUSD,-1.02129
2018-01-01,GBPUSD,-1.1075
2018-02-01,GBPUSD,-1.2331699999999999
2018-03-01,GBPUSD,-1.45158
2018-04-01,GBPUSD,-1.4437100000000003
2018-05-01,GBPUSD,-1.5164500000000003
2018-06-01,GBPUSD,-1.55132
2018-07-01,GBPUSD,-1.42381
2018-08-01,GBPUSD,-1.3848099999999999
2018-09-01,GBPUSD,-1.43907
2018-10-01,GBPUSD,-1.5638200000000002
2018-11-01,GBPUSD,-1.68517
2018-12-01,GBPUSD,-1.7855599999999998
2019-01-01,GBPUSD,-1.6717799999999998
2019-02-01,GBPUSD,-1.6140200000000002
2019-03-01,GBPUSD,-1.6400000000000001
2019-04-01,GBPUSD,-1.6500000000000004
2019-05-01,GBPUSD,-1.64
2019-06-01,GBPUSD,-1.5199999999999998
2019-07-01,GBPUSD,-1.4500000000000002
2019-08-01,GBPUSD,-1.3
2019-09-01,GBPUSD,-1.2599999999999998
2019-10-01,GBPUSD,-1.0999999999999999
2019-11-01,GBPUSD,-0.98
2019-12-01,GBPUSD,-0.97
2020-01-01,GBPUSD,-0.9099999999999999
2020-02-01,GBPUSD,-0.8400000000000001
2020-03-01,GBPUSD,-0.8200000000000001
2020-04-01,GBPUSD,-0.7000000000000001
2020-05-01,GBPUSD,0.16
2020-06-01,GBPUSD,-0.010000000000000009
2020-07-01,GBPUSD,-0.07999999999999999
2020-08-01,GBPUSD,-0.07999999999999999
2020-09-01,GBPUSD,-0.07
2020-10-01,GBPUSD,-0.06999999999999999
2020-11-01,GBPUSD,-0.12
2020-12-01,GBPUSD,-0.14
2021-01-01,GBPUSD,-0.11000000000000001
2021-02-01,GBPUSD,-0.06
2021-03-01,GBPUSD,-0.020000000000000004
2021-04-01,GBPUSD,-0.020000000000000004
2021-05-01,GBPUSD,-0.020000000000000004
2021-06-01,GBPUSD,-0.009999999999999995
2021-07-01,GBPUSD,-0.020000000000000004
2021-08-01,GBPUSD,-0.03
2021-09-01,GBPUSD,-0.03
2021-10-01,GBPUSD,0.05
2021-11-01,GBPUSD,-0.010000000000000009
2021-12-01,GBPUSD,-0.010000000000000009
2022-01-01,GBPUSD,0.31000000000000005
2022-02-01,GBPUSD,0.43000000000000005
2022-03-01,GBPUSD,0.26
2022-04-01,GBPUSD,0.21999999999999986
2022-05-01,GBPUSD,-0.020000000000000018
2022-06-01,GBPUSD,-0.30000000000000004
2022-07-01,GBPUSD,-0.6599999999999999
2022-08-01,GBPUSD,-0.5299999999999998
2022-09-01,GBPUSD,-0.2999999999999998
2022-10-01,GBPUSD,-0.45999999999999996
2022-11-01,GBPUSD,-0.94
2022-12-01,GBPUSD,-0.73
2023-01-01,GBPUSD,-0.6000000000000005
2023-02-01,GBPUSD,-0.5300000000000002
2023-03-01,GBPUSD,-0.5800000000000001
2023-04-01,GBPUSD,-0.5100000000000007
2023-05-01,GBPUSD,-0.41999999999999993
2023-06-01,GBPUSD,-0.1299999999999999
2023-07-01,GBPUSD,0.14000000000000057
2023-08-01,GBPUSD,0.08999999999999986
2023-09-01,GBPUSD,0.02999999999999936
2023-10-01,GBPUSD,-0.05999999999999961
2023-11-01,GBPUSD,-0.04999999999999982
2023-12-01,GBPUSD,-0.10000000000000053
2024-01-01,GBPUSD,-0.05999999999999961
2024-02-01,GBPUSD,-0.009999999999999787
2024-03-01,GBPUSD,-0.08999999999999986
2024-04-01,GBPUSD,-0.15000000000000036
2024-05-01,GBPUSD,-0.16999999999999993
2024-06-01,GBPUSD,-0.1200000000000001
2024-07-01,GBPUSD,-0.21999999999999975
2024-08-01,GBPUSD,-0.20999999999999996
2024-09-01,GBPUSD,-0.020000000000000462
2024-10-01,GBPUSD,0.1299999999999999
2024-11-01,GBPUSD,0.14999999999999947
2024-12-01,GBPUSD,0.17999999999999972
2025-01-01,GBPUSD,0.21999999999999975
2025-02-01,GBPUSD,0.10000000000000053
2025-03-01,GBPUSD,0.09999999999999964
2025-04-01,GBPUSD,-0.0600000000000005
2025-05-01,GBPUSD,-0.09999999999999964
2025-06-01,GBPUSD,-0.15999999999999925
2025-07-01,GBPUSD,-0.23000000000000043
2025-08-01,GBPUSD,-0.23999999999999977
2025-09-01,GBPUSD,-0.12999999999999945
2025-10-01,GBPUSD,-0.04999999999999982
2025-11-01,GBPUSD,-0.020000000000000018
2025-12-01,GBPUSD,0.009999999999999787
2026-01-01,GBPUSD,0.08000000000000007
2026-02-01,GBPUSD,0.04999999999999982
2026-03-01,GBPUSD,0.020000000000000018
2026-04-01,GBPUSD,-0.06000000000000005
2026-05-01,GBPUSD,-0.010000000000000231
2026-06-01,GBPUSD,-0.06000000000000005
1968-01-01,AUDUSD,-0.3800000000000008
1968-02-01,AUDUSD,-0.17999999999999972
1968-03-01,AUDUSD,-0.4299999999999997
1968-04-01,AUDUSD,-0.6299999999999999
1968-05-01,AUDUSD,-0.8399999999999999
1968-06-01,AUDUSD,-0.6200000000000001
1968-07-01,AUDUSD,-0.9300000000000006
1968-08-01,AUDUSD,-0.75
1968-09-01,AUDUSD,-0.7300000000000004
1968-10-01,AUDUSD,-0.9000000000000004
1968-11-01,AUDUSD,-1.1499999999999995
1968-12-01,AUDUSD,-1.3699999999999992
1969-01-01,AUDUSD,-1.4000000000000004
1969-02-01,AUDUSD,-1.42
1969-03-01,AUDUSD,-1.5
1969-04-01,AUDUSD,-1.4399999999999995
1969-05-01,AUDUSD,-1.7800000000000002
1969-06-01,AUDUSD,-2.1099999999999994
1969-07-01,AUDUSD,-2.8899999999999997
1969-08-01,AUDUSD,-2.280000000000001
1969-09-01,AUDUSD,-2.670000000000001
1969-10-01,AUDUSD,-2.960000000000001
1969-11-01,AUDUSD,-8.46
1969-12-01,AUDUSD,-3.119999999999999
1970-01-01,AUDUSD,-3.1100000000000003
1970-02-01,AUDUSD,-2.2800000000000002
1970-03-01,AUDUSD,-0.9299999999999997
1970-04-01,AUDUSD,1.0899999999999999
1970-05-01,AUDUSD,1.0199999999999996
1970-06-01,AUDUSD,0.629999999999999
1970-07-01,AUDUSD,-0.6099999999999994
1970-08-01,AUDUSD,-0.9199999999999999
1970-09-01,AUDUSD,-0.9500000000000002
1970-10-01,AUDUSD,-0.35999999999999943
1970-11-01,AUDUSD,0.1200000000000001
1970-12-01,AUDUSD,0.8300000000000001
1971-01-01,AUDUSD,1.5099999999999998
1971-02-01,AUDUSD,3.2199999999999998
1971-03-01,AUDUSD,4.15
1971-04-01,AUDUSD,3.3499999999999996
1971-05-01,AUDUSD,2.8199999999999994
1971-06-01,AUDUSD,2.75
1971-07-01,AUDUSD,1.0499999999999998
1971-08-01,AUDUSD,0.96
1971-09-01,AUDUSD,0.8200000000000003
1971-10-01,AUDUSD,1.0300000000000002
1971-11-01,AUDUSD,1.13
1971-12-01,AUDUSD,1.25
1972-01-01,AUDUSD,1.6499999999999995
1972-02-01,AUDUSD,1.8900000000000001
1972-03-01,AUDUSD,1.42
1972-04-01,AUDUSD,0.9000000000000004
1972-05-01,AUDUSD,1.1899999999999995
1972-06-01,AUDUSD,1.1100000000000003
1972-07-01,AUDUSD,-0.22000000000000064
1972-08-01,AUDUSD,-0.25
1972-09-01,AUDUSD,-0.6299999999999999
1972-10-01,AUDUSD,-0.9500000000000002
1972-11-01,AUDUSD,-0.1200000000000001
1972-12-01,AUDUSD,-0.9799999999999995
1973-01-01,AUDUSD,-1.1099999999999994
1973-02-01,AUDUSD,-1.54
1973-03-01,AUDUSD,-1.5999999999999996
1973-04-01,AUDUSD,-1.5099999999999998
1973-05-01,AUDUSD,-1.1499999999999995
1973-06-01,AUDUSD,-1.7599999999999998
1973-07-01,AUDUSD,-3.1999999999999993
1973-08-01,AUDUSD,-4.369999999999999
1973-09-01,AUDUSD,-1.3399999999999999
1973-10-01,AUDUSD,0.45000000000000107
1973-11-01,AUDUSD,-0.040000000000000924
1973-12-01,AUDUSD,-0.019999999999999574
1974-01-01,AUDUSD,0.25
1974-02-01,AUDUSD,1.42
1974-03-01,AUDUSD,1.2599999999999998
1974-04-01,AUDUSD,6.0
1974-05-01,AUDUSD,10.55
1974-06-01,AUDUSD,7.42
1974-07-01,AUDUSD,2.75
1974-08-01,AUDUSD,1.9699999999999989
1974-09-01,AUDUSD,1.0
1974-10-01,AUDUSD,0.620000000000001
1974-11-01,AUDUSD,1.2100000000000009
1974-12-01,AUDUSD,0.5199999999999996
1975-01-01,AUDUSD,1.4699999999999989
1975-02-01,AUDUSD,2.59
1975-03-01,AUDUSD,2.5700000000000003
1975-04-01,AUDUSD,3.540000000000001
1975-05-01,AUDUSD,3.1100000000000003
1975-06-01,AUDUSD,2.9800000000000004
1975-07-01,AUDUSD,1.6000000000000005
1975-08-01,AUDUSD,1.2800000000000002
1975-09-01,AUDUSD,1.0699999999999994
1975-10-01,AUDUSD,1.3900000000000006
1975-11-01,AUDUSD,1.790000000000001
1975-12-01,AUDUSD,1.67
1976-01-01,AUDUSD,2.5100000000000007
1976-02-01,AUDUSD,3.17
1976-03-01,AUDUSD,3.0600000000000005
1976-04-01,AUDUSD,4.489999999999999
1976-05-01,AUDUSD,4.680000000000001
1976-06-01,AUDUSD,4.43
1976-07-01,AUDUSD,4.15
1976-08-01,AUDUSD,3.9699999999999998
1976-09-01,AUDUSD,3.9800000000000004
1976-10-01,AUDUSD,3.9400000000000004
1976-11-01,AUDUSD,4.51
1976-12-01,AUDUSD,4.77
1977-01-01,AUDUSD,4.1
1977-02-01,AUDUSD,4.48
1977-03-01,AUDUSD,4.890000000000001
1977-04-01,AUDUSD,6.06
1977-05-01,AUDUSD,5.579999999999999
1977-06-01,AUDUSD,5.529999999999999
1977-07-01,AUDUSD,5.260000000000001
1977-08-01,AUDUSD,5.0
1977-09-01,AUDUSD,4.239999999999999
1977-10-01,AUDUSD,3.3499999999999996
1977-11-01,AUDUSD,3.33
1977-12-01,AUDUSD,3.04
1978-01-01,AUDUSD,2.55
1978-02-01,AUDUSD,2.6500000000000004
1978-03-01,AUDUSD,3.179999999999999
1978-04-01,AUDUSD,3.829999999999999
1978-05-01,AUDUSD,3.1999999999999993
1978-06-01,AUDUSD,2.8000000000000007
1978-07-01,AUDUSD,1.7200000000000006
1978-08-01,AUDUSD,1.6399999999999988
1978-09-01,AUDUSD,1.08
1978-10-01,AUDUSD,0.3000000000000007
1978-11-01,AUDUSD,-1.5300000000000011
1978-12-01,AUDUSD,-1.9600000000000009
1979-01-01,AUDUSD,-2.0
1979-02-01,AUDUSD,-1.5899999999999999
1979-03-01,AUDUSD,-0.9700000000000006
1979-04-01,AUDUSD,0.35999999999999943
1979-05-01,AUDUSD,0.379999999999999
1979-06-01,AUDUSD,0.3100000000000005
1979-07-01,AUDUSD,-0.25
1979-08-01,AUDUSD,-0.9300000000000015
1979-09-01,AUDUSD,-2.0200000000000014
1979-10-01,AUDUSD,-3.620000000000001
1979-11-01,AUDUSD,-3.780000000000001
1979-12-01,AUDUSD,-3.3100000000000005
1980-01-01,AUDUSD,-3.360000000000001
1980-02-01,AUDUSD,-4.24
1980-03-01,AUDUSD,-6.1
1980-04-01,AUDUSD,-2.860000000000001
1980-05-01,AUDUSD,4.040000000000001
1980-06-01,AUDUSD,5.34
1980-07-01,AUDUSD,4.219999999999999
1980-08-01,AUDUSD,2.42
1980-09-01,AUDUSD,0.40000000000000036
1980-10-01,AUDUSD,-1.7199999999999989
1980-11-01,AUDUSD,-4.41
1980-12-01,AUDUSD,-6.199999999999999
1981-01-01,AUDUSD,-4.580000000000002
1981-02-01,AUDUSD,-2.780000000000001
1981-03-01,AUDUSD,0.20000000000000107
1981-04-01,AUDUSD,1.6100000000000012
1981-05-01,AUDUSD,-1.9899999999999984
1981-06-01,AUDUSD,-1.3199999999999985
1981-07-01,AUDUSD,-2.370000000000001
1981-08-01,AUDUSD,-2.24
1981-09-01,AUDUSD,-1.4900000000000002
1981-10-01,AUDUSD,-0.7000000000000011
1981-11-01,AUDUSD,2.139999999999999
1981-12-01,AUDUSD,3.049999999999999
1982-01-01,AUDUSD,2.700000000000001
1982-02-01,AUDUSD,2.120000000000001
1982-03-01,AUDUSD,4.68
1982-04-01,AUDUSD,6.950000000000001
1982-05-01,AUDUSD,4.649999999999999
1982-06-01,AUDUSD,4.109999999999999
1982-07-01,AUDUSD,3.8499999999999996
1982-08-01,AUDUSD,6.560000000000002
1982-09-01,AUDUSD,4.800000000000001
1982-10-01,AUDUSD,5.0600000000000005
1982-11-01,AUDUSD,5.8100000000000005
1982-12-01,AUDUSD,3.4700000000000006
1983-01-01,AUDUSD,2.290000000000001
1983-02-01,AUDUSD,5.23
1983-03-01,AUDUSD,6.57
1983-04-01,AUDUSD,5.289999999999999
1983-05-01,AUDUSD,3.66
1983-06-01,AUDUSD,5.040000000000001
1983-07-01,AUDUSD,3.3000000000000007
1983-08-01,AUDUSD,2.3900000000000006
1983-09-01,AUDUSD,1.67
1983-10-01,AUDUSD,1.7599999999999998
1983-11-01,AUDUSD,1.1900000000000013
1983-12-01,AUDUSD,-0.7999999999999989
1984-01-01,AUDUSD,0.33999999999999986
1984-02-01,AUDUSD,2.5
1984-03-01,AUDUSD,3.6899999999999995
1984-04-01,AUDUSD,3.4700000000000006
1984-05-01,AUDUSD,2.67
1984-06-01,AUDUSD,1.4700000000000006
1984-07-01,AUDUSD,0.7400000000000002
1984-08-01,AUDUSD,0.08999999999999986
1984-09-01,AUDUSD,-0.7599999999999998
1984-10-01,AUDUSD,0.7899999999999991
1984-11-01,AUDUSD,2.08
1984-12-01,AUDUSD,3.74
1985-01-01,AUDUSD,5.209999999999999
1985-02-01,AUDUSD,5.120000000000001
1985-03-01,AUDUSD,6.27
1985-04-01,AUDUSD,7.299999999999999
1985-05-01,AUDUSD,7.609999999999999
1985-06-01,AUDUSD,8.309999999999999
1985-07-01,AUDUSD,7.500000000000001
1985-08-01,AUDUSD,8.440000000000001
1985-09-01,AUDUSD,8.850000000000001
1985-10-01,AUDUSD,8.48
1985-11-01,AUDUSD,10.370000000000001
1985-12-01,AUDUSD,11.759999999999998
1986-01-01,AUDUSD,11.149999999999999
1986-02-01,AUDUSD,10.599999999999998
1986-03-01,AUDUSD,9.200000000000001
1986-04-01,AUDUSD,9.16
1986-05-01,AUDUSD,8.08
1986-06-01,AUDUSD,7.949999999999999
1986-07-01,AUDUSD,8.48
1986-08-01,AUDUSD,11.450000000000001
1986-09-01,AUDUSD,12.369999999999997
1986-10-01,AUDUSD,11.129999999999999
1986-11-01,AUDUSD,10.14
1986-12-01,AUDUSD,9.489999999999998
1987-01-01,AUDUSD,9.989999999999998
1987-02-01,AUDUSD,10.6
1987-03-01,AUDUSD,10.24
1987-04-01,AUDUSD,8.56
1987-05-01,AUDUSD,7.15
1987-06-01,AUDUSD,6.739999999999999
1987-07-01,AUDUSD,6.29
1987-08-01,AUDUSD,5.789999999999999
1987-09-01,AUDUSD,4.329999999999999
1987-10-01,AUDUSD,3.9700000000000006
1987-11-01,AUDUSD,5.209999999999999
1987-12-01,AUDUSD,3.8000000000000007
1988-01-01,AUDUSD,4.130000000000001
1988-02-01,AUDUSD,4.35
1988-03-01,AUDUSD,4.319999999999999
1988-04-01,AUDUSD,4.470000000000001
1988-05-01,AUDUSD,5.039999999999999
1988-06-01,AUDUSD,5.59
1988-07-01,AUDUSD,5.14
1988-08-01,AUDUSD,4.970000000000001
1988-09-01,AUDUSD,5.41
1988-10-01,AUDUSD,5.640000000000001
1988-11-01,AUDUSD,5.950000000000001
1988-12-01,AUDUSD,5.859999999999999
1989-01-01,AUDUSD,6.360000000000001
1989-02-01,AUDUSD,7.029999999999999
1989-03-01,AUDUSD,7.16
1989-04-01,AUDUSD,7.520000000000001
1989-05-01,AUDUSD,7.93
1989-06-01,AUDUSD,9.170000000000002
1989-07-01,AUDUSD,9.299999999999999
1989-08-01,AUDUSD,9.32
1989-09-01,AUDUSD,9.340000000000002
1989-10-01,AUDUSD,9.76
1989-11-01,AUDUSD,9.86
1989-12-01,AUDUSD,9.57
1990-01-01,AUDUSD,9.169999999999998
1990-02-01,AUDUSD,7.979999999999999
1990-03-01,AUDUSD,7.49
1990-04-01,AUDUSD,6.720000000000001
1990-05-01,AUDUSD,6.700000000000001
1990-06-01,AUDUSD,6.789999999999999
1990-07-01,AUDUSD,6.73
1990-08-01,AUDUSD,5.95
1990-09-01,AUDUSD,5.459999999999999
1990-10-01,AUDUSD,5.01
1990-11-01,AUDUSD,4.380000000000001
1990-12-01,AUDUSD,4.369999999999999
1991-01-01,AUDUSD,4.76
1991-02-01,AUDUSD,5.1
1991-03-01,AUDUSD,5.04
1991-04-01,AUDUSD,5.3
1991-05-01,AUDUSD,4.8100000000000005
1991-06-01,AUDUSD,4.32
1991-07-01,AUDUSD,4.359999999999999
1991-08-01,AUDUSD,4.48
1991-09-01,AUDUSD,4.11
1991-10-01,AUDUSD,3.6400000000000006
1991-11-01,AUDUSD,3.3999999999999995
1991-12-01,AUDUSD,3.37
1992-01-01,AUDUSD,3.4000000000000004
1992-02-01,AUDUSD,3.4499999999999993
1992-03-01,AUDUSD,3.26
1992-04-01,AUDUSD,3.1799999999999997
1992-05-01,AUDUSD,2.7399999999999998
1992-06-01,AUDUSD,2.56
1992-07-01,AUDUSD,2.2699999999999996
1992-08-01,AUDUSD,2.4200000000000004
1992-09-01,AUDUSD,2.8100000000000005
1992-10-01,AUDUSD,2.6000000000000005
1992-11-01,AUDUSD,2.3
1992-12-01,AUDUSD,2.4200000000000004
1993-01-01,AUDUSD,2.69
1993-02-01,AUDUSD,2.7
1993-03-01,AUDUSD,2.27
1993-04-01,AUDUSD,2.1799999999999997
1993-05-01,AUDUSD,2.0500000000000003
1993-06-01,AUDUSD,2.01
1993-07-01,AUDUSD,1.8899999999999997
1993-08-01,AUDUSD,1.6400000000000001
1993-09-01,AUDUSD,1.7400000000000002
1993-10-01,AUDUSD,1.5699999999999994
1993-11-01,AUDUSD,1.4300000000000002
1993-12-01,AUDUSD,1.5600000000000005
1994-01-01,AUDUSD,1.6599999999999997
1994-02-01,AUDUSD,1.3699999999999997
1994-03-01,AUDUSD,1.1099999999999999
1994-04-01,AUDUSD,0.9100000000000001
1994-05-01,AUDUSD,0.33999999999999986
1994-06-01,AUDUSD,0.6000000000000005
1994-07-01,AUDUSD,0.6799999999999997
1994-08-01,AUDUSD,0.79
1994-09-01,AUDUSD,0.8999999999999995
1994-10-01,AUDUSD,0.9400000000000004
1994-11-01,AUDUSD,1.37
1994-12-01,AUDUSD,1.6600000000000001
1995-01-01,AUDUSD,2.129999999999999
1995-02-01,AUDUSD,1.92
1995-03-01,AUDUSD,1.9800000000000004
1995-04-01,AUDUSD,1.7799999999999994
1995-05-01,AUDUSD,1.6800000000000006
1995-06-01,AUDUSD,1.6499999999999995
1995-07-01,AUDUSD,1.79
1995-08-01,AUDUSD,1.8100000000000005
1995-09-01,AUDUSD,1.7599999999999998
1995-10-01,AUDUSD,1.6799999999999997
1995-11-01,AUDUSD,1.7199999999999998
1995-12-01,AUDUSD,1.8099999999999996
1996-01-01,AUDUSD,2.0700000000000003
1996-02-01,AUDUSD,2.3199999999999994
1996-03-01,AUDUSD,2.24
1996-04-01,AUDUSD,2.21
1996-05-01,AUDUSD,2.1899999999999995
1996-06-01,AUDUSD,2.1100000000000003
1996-07-01,AUDUSD,2.0299999999999994
1996-08-01,AUDUSD,1.5199999999999996
1996-09-01,AUDUSD,1.4000000000000004
1996-10-01,AUDUSD,1.29
1996-11-01,AUDUSD,1.0700000000000003
1996-12-01,AUDUSD,0.6899999999999995
1997-01-01,AUDUSD,0.39000000000000057
1997-02-01,AUDUSD,0.54
1997-03-01,AUDUSD,0.5199999999999996
1997-04-01,AUDUSD,0.33000000000000007
1997-05-01,AUDUSD,0.16999999999999993
1997-06-01,AUDUSD,-0.3100000000000005
1997-07-01,AUDUSD,-0.40999999999999925
1997-08-01,AUDUSD,-0.6999999999999993
1997-09-01,AUDUSD,-0.8300000000000001
1997-10-01,AUDUSD,-0.8200000000000003
1997-11-01,AUDUSD,-0.79
1997-12-01,AUDUSD,-0.7299999999999995
1998-01-01,AUDUSD,-0.5499999999999998
1998-02-01,AUDUSD,-0.5700000000000003
1998-03-01,AUDUSD,-0.6200000000000001
1998-04-01,AUDUSD,-0.6600000000000001
1998-05-01,AUDUSD,-0.6299999999999999
1998-06-01,AUDUSD,-0.27999999999999936
1998-07-01,AUDUSD,-0.41999999999999993
1998-08-01,AUDUSD,-0.3899999999999997
1998-09-01,AUDUSD,-0.3799999999999999
1998-10-01,AUDUSD,-0.3799999999999999
1998-11-01,AUDUSD,-0.3600000000000003
1998-12-01,AUDUSD,-0.33999999999999986
1999-01-01,AUDUSD,-0.09999999999999964
1999-02-01,AUDUSD,-0.13000000000000078
1999-03-01,AUDUSD,-0.10000000000000053
1999-04-01,AUDUSD,-0.1200000000000001
1999-05-01,AUDUSD,-0.05999999999999961
1999-06-01,AUDUSD,-0.20000000000000018
1999-07-01,AUDUSD,-0.35000000000000053
1999-08-01,AUDUSD,-0.4900000000000002
1999-09-01,AUDUSD,-0.4900000000000002
1999-10-01,AUDUSD,-0.8200000000000003
1999-11-01,AUDUSD,-0.5599999999999996
1999-12-01,AUDUSD,-0.39999999999999947
2000-01-01,AUDUSD,-0.29000000000000004
2000-02-01,AUDUSD,-0.20999999999999996
2000-03-01,AUDUSD,-0.25
2000-04-01,AUDUSD,-0.2400000000000002
2000-05-01,AUDUSD,-0.40000000000000036
2000-06-01,AUDUSD,-0.5
2000-07-01,AUDUSD,-0.46999999999999975
2000-08-01,AUDUSD,-0.1200000000000001
2000-09-01,AUDUSD,-0.02999999999999936
2000-10-01,AUDUSD,-0.2599999999999998
2000-11-01,AUDUSD,-0.3200000000000003
2000-12-01,AUDUSD,-0.25
2001-01-01,AUDUSD,0.29000000000000004
2001-02-01,AUDUSD,0.33000000000000007
2001-03-01,AUDUSD,0.25
2001-04-01,AUDUSD,0.33000000000000007
2001-05-01,AUDUSD,0.8700000000000001
2001-06-01,AUDUSD,1.2299999999999995
2001-07-01,AUDUSD,1.38
2001-08-01,AUDUSD,1.4700000000000002
2001-09-01,AUDUSD,1.6799999999999997
2001-10-01,AUDUSD,2.0500000000000003
2001-11-01,AUDUSD,2.2500000000000004
2001-12-01,AUDUSD,2.42
2002-01-01,AUDUSD,2.5199999999999996
2002-02-01,AUDUSD,2.4899999999999993
2002-03-01,AUDUSD,2.55
2002-04-01,AUDUSD,2.7199999999999998
2002-05-01,AUDUSD,3.0199999999999996
2002-06-01,AUDUSD,3.2600000000000002
2002-07-01,AUDUSD,3.1900000000000004
2002-08-01,AUDUSD,3.23
2002-09-01,AUDUSD,3.16
2002-10-01,AUDUSD,3.1700000000000004
2002-11-01,AUDUSD,3.45
2002-12-01,AUDUSD,3.49
2003-01-01,AUDUSD,3.51
2003-02-01,AUDUSD,3.48
2003-03-01,AUDUSD,3.53
2003-04-01,AUDUSD,3.55
2003-05-01,AUDUSD,3.5600000000000005
2003-06-01,AUDUSD,3.63
2003-07-01,AUDUSD,3.67
2003-08-01,AUDUSD,3.74
2003-09-01,AUDUSD,3.83
2003-10-01,AUDUSD,3.8699999999999997
2003-11-01,AUDUSD,4.199999999999999
2003-12-01,AUDUSD,4.369999999999999
2004-01-01,AUDUSD,4.49
2004-02-01,AUDUSD,4.5200000000000005
2004-03-01,AUDUSD,4.46
2004-04-01,AUDUSD,4.46
2004-05-01,AUDUSD,4.31
2004-06-01,AUDUSD,4.03
2004-07-01,AUDUSD,3.8899999999999997
2004-08-01,AUDUSD,3.7600000000000007
2004-09-01,AUDUSD,3.5599999999999996
2004-10-01,AUDUSD,3.37
2004-11-01,AUDUSD,3.17
2004-12-01,AUDUSD,2.96
2005-01-01,AUDUSD,2.81
2005-02-01,AUDUSD,2.86
2005-03-01,AUDUSD,2.8399999999999994
2005-04-01,AUDUSD,2.66
2005-05-01,AUDUSD,2.4599999999999995
2005-06-01,AUDUSD,2.2800000000000002
2005-07-01,AUDUSD,2.0800000000000005
2005-08-01,AUDUSD,1.85
2005-09-01,AUDUSD,1.75
2005-10-01,AUDUSD,1.5
2005-11-01,AUDUSD,1.3200000000000003
2005-12-01,AUDUSD,1.1799999999999997
2006-01-01,AUDUSD,1.0700000000000003
2006-02-01,AUDUSD,0.8900000000000006
2006-03-01,AUDUSD,0.7300000000000004
2006-04-01,AUDUSD,0.6600000000000001
2006-05-01,AUDUSD,0.7199999999999998
2006-06-01,AUDUSD,0.6100000000000003
2006-07-01,AUDUSD,0.5899999999999999
2006-08-01,AUDUSD,0.8100000000000005
2006-09-01,AUDUSD,0.8700000000000001
2006-10-01,AUDUSD,0.9500000000000002
2006-11-01,AUDUSD,1.0499999999999998
2006-12-01,AUDUSD,1.0699999999999994
2007-01-01,AUDUSD,1.1099999999999994
2007-02-01,AUDUSD,1.0600000000000005
2007-03-01,AUDUSD,1.13
2007-04-01,AUDUSD,1.1700000000000008
2007-05-01,AUDUSD,1.0600000000000005
2007-06-01,AUDUSD,1.0899999999999999
2007-07-01,AUDUSD,1.1499999999999995
2007-08-01,AUDUSD,1.2599999999999998
2007-09-01,AUDUSD,1.4800000000000004
2007-10-01,AUDUSD,1.83
2007-11-01,AUDUSD,2.1800000000000006
2007-12-01,AUDUSD,2.2700000000000005
2008-01-01,AUDUSD,3.34
2008-02-01,AUDUSD,4.630000000000001
2008-03-01,AUDUSD,5.11
2008-04-01,AUDUSD,4.99
2008-05-01,AUDUSD,5.09
2008-06-01,AUDUSD,5.05
2008-07-01,AUDUSD,4.96
2008-08-01,AUDUSD,4.52
2008-09-01,AUDUSD,3.6799999999999997
2008-10-01,AUDUSD,1.71
2008-11-01,AUDUSD,2.4
2008-12-01,AUDUSD,2.6199999999999997
2009-01-01,AUDUSD,2.72
2009-02-01,AUDUSD,2.0
2009-03-01,AUDUSD,2.09
2009-04-01,AUDUSD,2.21
2009-05-01,AUDUSD,2.56
2009-06-01,AUDUSD,2.86
2009-07-01,AUDUSD,2.79
2009-08-01,AUDUSD,3.0
2009-09-01,AUDUSD,3.12
2009-10-01,AUDUSD,3.54
2009-11-01,AUDUSD,3.74
2009-12-01,AUDUSD,3.9090476189999994
2010-01-01,AUDUSD,4.0024999999999995
2010-02-01,AUDUSD,3.97
2010-03-01,AUDUSD,4.097499999999999
2010-04-01,AUDUSD,4.245
2010-05-01,AUDUSD,4.3549999999999995
2010-06-01,AUDUSD,4.3675
2010-07-01,AUDUSD,4.43
2010-08-01,AUDUSD,4.422499999999999
2010-09-01,AUDUSD,4.535
2010-10-01,AUDUSD,4.539999999999999
2010-11-01,AUDUSD,4.744999999999999
2010-12-01,AUDUSD,4.7250000000000005
2011-01-01,AUDUSD,4.665
2011-02-01,AUDUSD,4.6375
2011-03-01,AUDUSD,4.64
2011-04-01,AUDUSD,4.67
2011-05-01,AUDUSD,4.7925
2011-06-01,AUDUSD,4.7725
2011-07-01,AUDUSD,4.715
2011-08-01,AUDUSD,4.5675
2011-09-01,AUDUSD,4.4799999999999995
2011-10-01,AUDUSD,4.3549999999999995
2011-11-01,AUDUSD,4.2124999999999995
2011-12-01,AUDUSD,4.0175
2012-01-01,AUDUSD,4.01
2012-02-01,AUDUSD,4.07
2012-03-01,AUDUSD,4.1525
2012-04-01,AUDUSD,3.9124999999999996
2012-05-01,AUDUSD,3.3649999999999998
2012-06-01,AUDUSD,3.1725000000000003
2012-07-01,AUDUSD,3.245
2012-08-01,AUDUSD,3.3575
2012-09-01,AUDUSD,3.25
2012-10-01,AUDUSD,2.9325
2012-11-01,AUDUSD,3.0125
2012-12-01,AUDUSD,2.8724999999999996
2013-01-01,AUDUSD,2.77
2013-02-01,AUDUSD,2.7199999999999998
2013-03-01,AUDUSD,2.84
2013-04-01,AUDUSD,2.82
2013-05-01,AUDUSD,2.6199999999999997
2013-06-01,AUDUSD,2.61
2013-07-01,AUDUSD,2.6199999999999997
2013-08-01,AUDUSD,2.48
2013-09-01,AUDUSD,2.47
2013-10-01,AUDUSD,2.46
2013-11-01,AUDUSD,2.46
2013-12-01,AUDUSD,2.46
2014-01-01,AUDUSD,2.5
2014-02-01,AUDUSD,2.5
2014-03-01,AUDUSD,2.53
2014-04-01,AUDUSD,2.56
2014-05-01,AUDUSD,2.58
2014-06-01,AUDUSD,2.5900000000000003
2014-07-01,AUDUSD,2.52
2014-08-01,AUDUSD,2.5
2014-09-01,AUDUSD,2.54
2014-10-01,AUDUSD,2.6
2014-11-01,AUDUSD,2.62
2014-12-01,AUDUSD,2.6
2015-01-01,AUDUSD,2.54
2015-02-01,AUDUSD,2.21
2015-03-01,AUDUSD,2.1599999999999997
2015-04-01,AUDUSD,2.12
2015-05-01,AUDUSD,2.0
2015-06-01,AUDUSD,1.97
2015-07-01,AUDUSD,1.9500000000000002
2015-08-01,AUDUSD,1.8800000000000001
2015-09-01,AUDUSD,1.9
2015-10-01,AUDUSD,1.9
2015-11-01,AUDUSD,1.9200000000000002
2015-12-01,AUDUSD,1.7999999999999998
2016-01-01,AUDUSD,1.73
2016-02-01,AUDUSD,1.7399999999999998
2016-03-01,AUDUSD,1.76
2016-04-01,AUDUSD,1.7099999999999997
2016-05-01,AUDUSD,1.4300000000000002
2016-06-01,AUDUSD,1.44
2016-07-01,AUDUSD,1.31
2016-08-01,AUDUSD,1.03
2016-09-01,AUDUSD,0.98
2016-10-01,AUDUSD,1.02
2016-11-01,AUDUSD,1.05
2016-12-01,AUDUSD,0.91
2017-01-01,AUDUSD,0.88
2017-02-01,AUDUSD,0.91
2017-03-01,AUDUSD,0.81
2017-04-01,AUDUSD,0.74
2017-05-01,AUDUSD,0.6799999999999999
2017-06-01,AUDUSD,0.56
2017-07-01,AUDUSD,0.48
2017-08-01,AUDUSD,0.44999999999999996
2017-09-01,AUDUSD,0.47
2017-10-01,AUDUSD,0.43999999999999995
2017-11-01,AUDUSD,0.3999999999999999
2017-12-01,AUDUSD,0.22999999999999998
2018-01-01,AUDUSD,0.16000000000000014
2018-02-01,AUDUSD,-0.010000000000000009
2018-03-01,AUDUSD,-0.15000000000000013
2018-04-01,AUDUSD,-0.14000000000000012
2018-05-01,AUDUSD,-0.20000000000000018
2018-06-01,AUDUSD,-0.1200000000000001
2018-07-01,AUDUSD,-0.1499999999999999
2018-08-01,AUDUSD,-0.22999999999999998
2018-09-01,AUDUSD,-0.3100000000000003
2018-10-01,AUDUSD,-0.44000000000000017
2018-11-01,AUDUSD,-0.6200000000000001
2018-12-01,AUDUSD,-0.6699999999999999
2019-01-01,AUDUSD,-0.52
2019-02-01,AUDUSD,-0.5300000000000002
2019-03-01,AUDUSD,-0.6499999999999999
2019-04-01,AUDUSD,-0.7900000000000003
2019-05-01,AUDUSD,-0.8999999999999999
2019-06-01,AUDUSD,-1.0099999999999998
2019-07-01,AUDUSD,-1.11
2019-08-01,AUDUSD,-1.08
2019-09-01,AUDUSD,-1.0499999999999998
2019-10-01,AUDUSD,-0.9999999999999999
2019-11-01,AUDUSD,-0.86
2019-12-01,AUDUSD,-0.86
2020-01-01,AUDUSD,-0.7599999999999999
2020-02-01,AUDUSD,-0.7000000000000001
2020-03-01,AUDUSD,-0.8200000000000001
2020-04-01,AUDUSD,-1.1800000000000002
2020-05-01,AUDUSD,-0.07
2020-06-01,AUDUSD,-0.1
2020-07-01,AUDUSD,-0.07999999999999999
2020-08-01,AUDUSD,-0.04999999999999999
2020-09-01,AUDUSD,-0.04000000000000001
2020-10-01,AUDUSD,-0.04999999999999999
2020-11-01,AUDUSD,-0.14
2020-12-01,AUDUSD,-0.15000000000000002
2021-01-01,AUDUSD,-0.13
2021-02-01,AUDUSD,-0.1
2021-03-01,AUDUSD,-0.07
2021-04-01,AUDUSD,-0.07
2021-05-01,AUDUSD,-0.060000000000000005
2021-06-01,AUDUSD,-0.06
2021-07-01,AUDUSD,-0.08
2021-08-01,AUDUSD,-0.09000000000000001
2021-09-01,AUDUSD,-0.09000000000000001
2021-10-01,AUDUSD,-0.07
2021-11-01,AUDUSD,-0.1
2021-12-01,AUDUSD,-0.11000000000000001
2022-01-01,AUDUSD,-0.15
2022-02-01,AUDUSD,-0.31
2022-03-01,AUDUSD,-0.5599999999999999
2022-04-01,AUDUSD,-0.5
2022-05-01,AUDUSD,-0.33000000000000007
2022-06-01,AUDUSD,-0.27
2022-07-01,AUDUSD,-0.43000000000000016
2022-08-01,AUDUSD,-0.44999999999999973
2022-09-01,AUDUSD,-0.4500000000000002
2022-10-01,AUDUSD,-0.8999999999999999
2022-11-01,AUDUSD,-1.4
2022-12-01,AUDUSD,-1.3399999999999999
2023-01-01,AUDUSD,-1.2900000000000005
2023-02-01,AUDUSD,-1.2800000000000002
2023-03-01,AUDUSD,-1.27
2023-04-01,AUDUSD,-1.37
2023-05-01,AUDUSD,-1.2500000000000004
2023-06-01,AUDUSD,-0.9699999999999998
2023-07-01,AUDUSD,-1.0499999999999998
2023-08-01,AUDUSD,-1.29
2023-09-01,AUDUSD,-1.3600000000000003
2023-10-01,AUDUSD,-1.25
2023-11-01,AUDUSD,-1.0300000000000002
2023-12-01,AUDUSD,-0.9700000000000006
2024-01-01,AUDUSD,-0.9100000000000001
2024-02-01,AUDUSD,-0.8799999999999999
2024-03-01,AUDUSD,-0.9400000000000004
2024-04-01,AUDUSD,-0.96
2024-05-01,AUDUSD,-0.9699999999999998
2024-06-01,AUDUSD,-0.8900000000000006
2024-07-01,AUDUSD,-0.8499999999999996
2024-08-01,AUDUSD,-0.7400000000000002
2024-09-01,AUDUSD,-0.4400000000000004
2024-10-01,AUDUSD,-0.20999999999999996
2024-11-01,AUDUSD,-0.11000000000000032
2024-12-01,AUDUSD,-0.019999999999999574
2025-01-01,AUDUSD,0.0
2025-02-01,AUDUSD,-0.16999999999999993
2025-03-01,AUDUSD,-0.16999999999999993
2025-04-01,AUDUSD,-0.3000000000000007
2025-05-01,AUDUSD,-0.5100000000000002
2025-06-01,AUDUSD,-0.6199999999999997
2025-07-01,AUDUSD,-0.6000000000000001
2025-08-01,AUDUSD,-0.6099999999999999
2025-09-01,AUDUSD,-0.5199999999999996
2025-10-01,AUDUSD,-0.41999999999999993
2025-11-01,AUDUSD,-0.20999999999999996
2025-12-01,AUDUSD,-0.03000000000000025
2026-01-01,AUDUSD,0.14000000000000012
2026-02-01,AUDUSD,0.2999999999999998
2026-03-01,AUDUSD,0.5000000000000004
2026-04-01,AUDUSD,0.5699999999999998
2026-05-01,AUDUSD,0.7099999999999995
2026-06-01,AUDUSD,0.69
2002-04-01,USDJPY,1.77
2002-05-01,USDJPY,1.74
2002-06-01,USDJPY,1.72
2002-07-01,USDJPY,1.7
2002-08-01,USDJPY,1.66
2002-09-01,USDJPY,1.68
2002-10-01,USDJPY,1.65
2002-11-01,USDJPY,1.3099999999999998
2002-12-01,USDJPY,1.24
2003-01-01,USDJPY,1.19
2003-02-01,USDJPY,1.18
2003-03-01,USDJPY,1.15
2003-04-01,USDJPY,1.16
2003-05-01,USDJPY,1.14
2003-06-01,USDJPY,0.9500000000000001
2003-07-01,USDJPY,0.9600000000000001
2003-08-01,USDJPY,0.9900000000000001
2003-09-01,USDJPY,0.9900000000000001
2003-10-01,USDJPY,1.01
2003-11-01,USDJPY,1.03
2003-12-01,USDJPY,1.0
2004-01-01,USDJPY,0.9700000000000001
2004-02-01,USDJPY,0.9600000000000001
2004-03-01,USDJPY,0.9700000000000001
2004-04-01,USDJPY,1.0
2004-05-01,USDJPY,1.1199999999999999
2004-06-01,USDJPY,1.3699999999999999
2004-07-01,USDJPY,1.48
2004-08-01,USDJPY,1.5899999999999999
2004-09-01,USDJPY,1.77
2004-10-01,USDJPY,1.95
2004-11-01,USDJPY,2.17
2004-12-01,USDJPY,2.35
2005-01-01,USDJPY,2.51
2005-02-01,USDJPY,2.67
2005-03-01,USDJPY,2.89
2005-04-01,USDJPY,3.01
2005-05-01,USDJPY,3.14
2005-06-01,USDJPY,3.29
2005-07-01,USDJPY,3.48
2005-08-01,USDJPY,3.68
2005-09-01,USDJPY,3.7800000000000002
2005-10-01,USDJPY,4.04
2005-11-01,USDJPY,4.22
2005-12-01,USDJPY,4.3500000000000005
2006-01-01,USDJPY,4.4563999999999995
2006-02-01,USDJPY,4.609999999999999
2006-03-01,USDJPY,4.7545
2006-04-01,USDJPY,4.890000000000001
2006-05-01,USDJPY,4.880000000000001
2006-06-01,USDJPY,5.0
2006-07-01,USDJPY,5.02
2006-08-01,USDJPY,4.9479999999999995
2006-09-01,USDJPY,4.904
2006-10-01,USDJPY,4.883
2006-11-01,USDJPY,4.8180000000000005
2006-12-01,USDJPY,4.78
2007-01-01,USDJPY,4.78
2007-02-01,USDJPY,4.6499999999999995
2007-03-01,USDJPY,4.64
2007-04-01,USDJPY,4.659999999999999
2007-05-01,USDJPY,4.64
2007-06-01,USDJPY,4.6
2007-07-01,USDJPY,4.550000000000001
2007-08-01,USDJPY,4.65
2007-09-01,USDJPY,4.61
2007-10-01,USDJPY,4.23
2007-11-01,USDJPY,4.1
2007-12-01,USDJPY,4.159999999999999
2008-01-01,USDJPY,2.9899999999999998
2008-02-01,USDJPY,2.21
2008-03-01,USDJPY,1.9500000000000002
2008-04-01,USDJPY,2.0100000000000002
2008-05-01,USDJPY,1.8200000000000003
2008-06-01,USDJPY,1.9
2008-07-01,USDJPY,1.94
2008-08-01,USDJPY,1.94
2008-09-01,USDJPY,2.7199999999999998
2008-10-01,USDJPY,3.43
2008-11-01,USDJPY,1.48
2008-12-01,USDJPY,1.03
2009-01-01,USDJPY,0.30000000000000004
2009-02-01,USDJPY,0.44999999999999996
2009-03-01,USDJPY,0.42000000000000004
2009-04-01,USDJPY,0.29000000000000004
2009-05-01,USDJPY,0.0
2009-06-01,USDJPY,-0.17000000000000004
2009-07-01,USDJPY,-0.20000000000000007
2009-08-01,USDJPY,-0.24000000000000005
2009-09-01,USDJPY,-0.29000000000000004
2009-10-01,USDJPY,-0.29000000000000004
2009-11-01,USDJPY,-0.30000000000000004
2009-12-01,USDJPY,-0.24000000000000002
2010-01-01,USDJPY,-0.25
2010-02-01,USDJPY,-0.25
2010-03-01,USDJPY,-0.19999999999999998
2010-04-01,USDJPY,-0.10000000000000003
2010-05-01,USDJPY,0.06
2010-06-01,USDJPY,0.14
2010-07-01,USDJPY,0.03999999999999998
2010-08-01,USDJPY,-0.03999999999999998
2010-09-01,USDJPY,-0.07999999999999996
2010-10-01,USDJPY,-0.07
2010-11-01,USDJPY,-0.07
2010-12-01,USDJPY,-0.040000000000000036
2011-01-01,USDJPY,-0.050000000000000044
2011-02-01,USDJPY,-0.06
2011-03-01,USDJPY,-0.05614999999999998
2011-04-01,USDJPY,-0.10285999999999998
2011-05-01,USDJPY,-0.12214
2011-06-01,USDJPY,-0.11213999999999999
2011-07-01,USDJPY,-0.09214
2011-08-01,USDJPY,-0.03856999999999999
2011-09-01,USDJPY,0.0007099999999999884
2011-10-01,USDJPY,0.04070999999999997
2011-11-01,USDJPY,0.08070999999999995
2011-12-01,USDJPY,0.16070999999999996
2012-01-01,USDJPY,0.06923000000000001
2012-02-01,USDJPY,-0.03167000000000003
2012-03-01,USDJPY,-0.04167000000000004
2012-04-01,USDJPY,-0.04167000000000004
2012-05-01,USDJPY,-0.04167000000000004
2012-06-01,USDJPY,-0.014550000000000007
2012-07-01,USDJPY,-0.027270000000000016
2012-08-01,USDJPY,-0.06727
2012-09-01,USDJPY,-0.08727000000000001
2012-10-01,USDJPY,-0.09635999999999997
2012-11-01,USDJPY,-0.08818000000000001
2012-12-01,USDJPY,-0.06818000000000002
2013-01-01,USDJPY,-0.061820000000000014
2013-02-01,USDJPY,-0.049089999999999995
2013-03-01,USDJPY,-0.04000000000000001
2013-04-01,USDJPY,-0.028179999999999983
2013-05-01,USDJPY,-0.028179999999999983
2013-06-01,USDJPY,-0.03817999999999999
2013-07-01,USDJPY,-0.088
2013-08-01,USDJPY,-0.10800000000000001
2013-09-01,USDJPY,-0.11800000000000001
2013-10-01,USDJPY,-0.101
2013-11-01,USDJPY,-0.1
2013-12-01,USDJPY,-0.07999999999999999
2014-01-01,USDJPY,-0.1
2014-02-01,USDJPY,-0.08199999999999999
2014-03-01,USDJPY,-0.092
2014-04-01,USDJPY,-0.092
2014-05-01,USDJPY,-0.09999999999999999
2014-06-01,USDJPY,-0.09999999999999999
2014-07-01,USDJPY,-0.07999999999999999
2014-08-01,USDJPY,-0.07999999999999999
2014-09-01,USDJPY,-0.09
2014-10-01,USDJPY,-0.07200000000000001
2014-11-01,USDJPY,-0.05199999999999999
2014-12-01,USDJPY,-0.028999999999999998
2015-01-01,USDJPY,-0.012999999999999984
2015-02-01,USDJPY,-0.02100000000000002
2015-03-01,USDJPY,-0.03
2015-04-01,USDJPY,-0.04000000000000001
2015-05-01,USDJPY,-0.019000000000000017
2015-06-01,USDJPY,0.010999999999999982
2015-07-01,USDJPY,0.02099999999999999
2015-08-01,USDJPY,0.091
2015-09-01,USDJPY,0.101
2015-10-01,USDJPY,0.08099999999999999
2015-11-01,USDJPY,0.13099999999999998
2015-12-01,USDJPY,0.371
2016-01-01,USDJPY,0.4009999999999999
2016-02-01,USDJPY,0.44200000000000006
2016-03-01,USDJPY,0.45200000000000007
2016-04-01,USDJPY,0.49000000000000005
2016-05-01,USDJPY,0.51
2016-06-01,USDJPY,0.49100000000000005
2016-07-01,USDJPY,0.5619999999999999
2016-08-01,USDJPY,0.6719999999999999
2016-09-01,USDJPY,0.694
2016-10-01,USDJPY,0.6639999999999999
2016-11-01,USDJPY,0.6539999999999999
2016-12-01,USDJPY,0.814
2017-01-01,USDJPY,0.844
2017-02-01,USDJPY,0.814
2017-03-01,USDJPY,0.9239999999999999
2017-04-01,USDJPY,0.974
2017-05-01,USDJPY,0.994
2017-06-01,USDJPY,1.1039999999999999
2017-07-01,USDJPY,1.145
2017-08-01,USDJPY,1.194
2017-09-01,USDJPY,1.194
2017-10-01,USDJPY,1.197
2017-11-01,USDJPY,1.2570000000000001
2017-12-01,USDJPY,1.477
2018-01-01,USDJPY,1.5619999999999998
2018-02-01,USDJPY,1.712
2018-03-01,USDJPY,1.983
2018-04-01,USDJPY,2.103
2018-05-01,USDJPY,2.0820000000000003
2018-06-01,USDJPY,2.112
2018-07-01,USDJPY,2.0789999999999997
2018-08-01,USDJPY,2.0989999999999998
2018-09-01,USDJPY,2.1900000000000004
2018-10-01,USDJPY,2.3200000000000003
2018-11-01,USDJPY,2.5100000000000002
2018-12-01,USDJPY,2.64
2019-01-01,USDJPY,2.56
2019-02-01,USDJPY,2.4600000000000004
2019-03-01,USDJPY,2.43
2019-04-01,USDJPY,2.4200000000000004
2019-05-01,USDJPY,2.391
2019-06-01,USDJPY,2.251
2019-07-01,USDJPY,2.1710000000000003
2019-08-01,USDJPY,2.051
2019-09-01,USDJPY,2.021
2019-10-01,USDJPY,1.871
2019-11-01,USDJPY,1.752
2019-12-01,USDJPY,1.739
2020-01-01,USDJPY,1.629
2020-02-01,USDJPY,1.5690000000000002
2020-03-01,USDJPY,1.344
2020-04-01,USDJPY,1.389
2020-05-01,USDJPY,0.21200000000000002
2020-06-01,USDJPY,0.24200000000000002
2020-07-01,USDJPY,0.245
2020-08-01,USDJPY,0.215
2020-09-01,USDJPY,0.185
2020-10-01,USDJPY,0.175
2020-11-01,USDJPY,0.215
2020-12-01,USDJPY,0.225
2021-01-01,USDJPY,0.195
2021-02-01,USDJPY,0.165
2021-03-01,USDJPY,0.165
2021-04-01,USDJPY,0.175
2021-05-01,USDJPY,0.165
2021-06-01,USDJPY,0.16199999999999998
2021-07-01,USDJPY,0.172
2021-08-01,USDJPY,0.172
2021-09-01,USDJPY,0.172
2021-10-01,USDJPY,0.182
2021-11-01,USDJPY,0.21200000000000002
2021-12-01,USDJPY,0.21900000000000003
2022-01-01,USDJPY,0.269
2022-02-01,USDJPY,0.429
2022-03-01,USDJPY,0.779
2022-04-01,USDJPY,0.9590000000000001
2022-05-01,USDJPY,1.379
2022-06-01,USDJPY,1.8650000000000002
2022-07-01,USDJPY,2.531
2022-08-01,USDJPY,2.78
2022-09-01,USDJPY,3.226
2022-10-01,USDJPY,3.866
2022-11-01,USDJPY,4.476
2022-12-01,USDJPY,4.5249999999999995
2023-01-01,USDJPY,4.6160000000000005
2023-02-01,USDJPY,4.739
2023-03-01,USDJPY,4.918
2023-04-01,USDJPY,5.031000000000001
2023-05-01,USDJPY,5.1690000000000005
2023-06-01,USDJPY,5.223
2023-07-01,USDJPY,5.353
2023-08-01,USDJPY,5.4430000000000005
2023-09-01,USDJPY,5.466
2023-10-01,USDJPY,5.4719999999999995
2023-11-01,USDJPY,5.386
2023-12-01,USDJPY,5.268000000000001
2024-01-01,USDJPY,5.234999999999999
2024-02-01,USDJPY,5.193
2024-03-01,USDJPY,5.181
2024-04-01,USDJPY,5.221
2024-05-01,USDJPY,5.2010000000000005
2024-06-01,USDJPY,5.131
2024-07-01,USDJPY,5.143999999999999
2024-08-01,USDJPY,4.865
2024-09-01,USDJPY,4.604
2024-10-01,USDJPY,4.364
2024-11-01,USDJPY,4.168
2024-12-01,USDJPY,4.074
2025-01-01,USDJPY,3.56273
2025-02-01,USDJPY,3.54818
2025-03-01,USDJPY,3.46909
2025-04-01,USDJPY,3.53636
2025-05-01,USDJPY,3.51455
2025-06-01,USDJPY,3.5372699999999995
2025-07-01,USDJPY,3.50727
2025-08-01,USDJPY,3.4472699999999996
2025-09-01,USDJPY,3.2818199999999997
2025-10-01,USDJPY,3.17091
2025-11-01,USDJPY,3.0536399999999997
2025-12-01,USDJPY,2.6672700000000003
2026-01-01,USDJPY,2.5136399999999997
2026-02-01,USDJPY,2.43091
2026-03-01,USDJPY,2.4211799999999997
2026-04-01,USDJPY,2.52818
2026-05-01,USDJPY,2.4459100000000005
2026-06-01,USDJPY,2.4959100000000003
1964-06-01,USDCAD,-0.1599999999999997
1964-07-01,USDCAD,-0.16199999999999992
1964-08-01,USDCAD,-0.37250000000000005
1964-09-01,USDCAD,-0.4379999999999997
1964-10-01,USDCAD,-0.43999999999999995
1964-11-01,USDCAD,-0.3700000000000001
1964-12-01,USDCAD,-0.4500000000000002
1965-01-01,USDCAD,-0.23249999999999993
1965-02-01,USDCAD,-0.17999999999999972
1965-03-01,USDCAD,-0.17400000000000038
1965-04-01,USDCAD,-0.20000000000000018
1965-05-01,USDCAD,-0.3649999999999993
1965-06-01,USDCAD,-0.5060000000000002
1965-07-01,USDCAD,-0.6100000000000003
1965-08-01,USDCAD,-0.8700000000000001
1965-09-01,USDCAD,-0.8860000000000001
1965-10-01,USDCAD,-0.8799999999999999
1965-11-01,USDCAD,-1.1600000000000001
1965-12-01,USDCAD,-1.21
1966-01-01,USDCAD,-1.0975000000000001
1966-02-01,USDCAD,-0.9699999999999998
1966-03-01,USDCAD,-0.8599999999999994
1966-04-01,USDCAD,-0.7949999999999999
1966-05-01,USDCAD,-0.7575000000000003
1966-06-01,USDCAD,-0.7439999999999998
1966-07-01,USDCAD,-0.6974999999999998
1966-08-01,USDCAD,-0.6240000000000006
1966-09-01,USDCAD,-0.5449999999999999
1966-10-01,USDCAD,-0.5525000000000002
1966-11-01,USDCAD,-0.6799999999999997
1966-12-01,USDCAD,-0.9524999999999997
1967-01-01,USDCAD,-1.04
1967-02-01,USDCAD,-0.8574999999999999
1967-03-01,USDCAD,-0.556
1967-04-01,USDCAD,-0.5800000000000001
1967-05-01,USDCAD,-0.556
1967-06-01,USDCAD,-0.7625000000000002
1967-07-01,USDCAD,-0.5875000000000004
1967-08-01,USDCAD,-0.7000000000000002
1967-09-01,USDCAD,-0.915
1967-10-01,USDCAD,-1.2825000000000006
1967-11-01,USDCAD,-1.1239999999999997
1967-12-01,USDCAD,-0.9550000000000001
1968-01-01,USDCAD,-1.0979999999999999
1968-02-01,USDCAD,-1.4699999999999998
1968-03-01,USDCAD,-1.5575
1968-04-01,USDCAD,-1.4775
1968-05-01,USDCAD,-1.21
1968-06-01,USDCAD,-1.2074999999999996
1968-07-01,USDCAD,-1.088
1968-08-01,USDCAD,-0.8725000000000005
1968-09-01,USDCAD,-0.4349999999999996
1968-10-01,USDCAD,-0.41799999999999926
1968-11-01,USDCAD,-0.39749999999999996
1968-12-01,USDCAD,-0.28000000000000025
1969-01-01,USDCAD,-0.35799999999999965
1969-02-01,USDCAD,-0.3650000000000002
1969-03-01,USDCAD,-0.3024999999999993
1969-04-01,USDCAD,-0.2240000000000002
1969-05-01,USDCAD,0.14749999999999996
1969-06-01,USDCAD,0.41249999999999964
1969-07-01,USDCAD,0.6079999999999988
1969-08-01,USDCAD,0.025000000000000355
1969-09-01,USDCAD,0.040000000000000924
1969-10-01,USDCAD,0.009999999999999787
1969-11-01,USDCAD,-0.1424999999999983
1969-12-01,USDCAD,-0.2599999999999998
1970-01-01,USDCAD,-0.15499999999999936
1970-02-01,USDCAD,0.005000000000000782
1970-03-01,USDCAD,-0.15750000000000064
1970-04-01,USDCAD,-0.22800000000000065
1970-05-01,USDCAD,0.22499999999999964
1970-06-01,USDCAD,0.7425000000000006
1970-07-01,USDCAD,0.3860000000000001
1970-08-01,USDCAD,0.09249999999999936
1970-09-01,USDCAD,0.4399999999999995
1970-10-01,USDCAD,-0.07500000000000018
1970-11-01,USDCAD,-0.040000000000000036
1970-12-01,USDCAD,0.08800000000000008
1971-01-01,USDCAD,-0.6850000000000005
1971-02-01,USDCAD,-1.0925000000000002
1971-03-01,USDCAD,-0.24199999999999955
1971-04-01,USDCAD,0.7050000000000001
1971-05-01,USDCAD,1.0775000000000006
1971-06-01,USDCAD,1.4900000000000002
1971-07-01,USDCAD,1.3125
1971-08-01,USDCAD,1.1950000000000003
1971-09-01,USDCAD,0.8339999999999996
1971-10-01,USDCAD,0.11499999999999932
1971-11-01,USDCAD,0.2649999999999997
1971-12-01,USDCAD,0.25400000000000045
1972-01-01,USDCAD,-0.11249999999999982
1972-02-01,USDCAD,-0.8874999999999997
1972-03-01,USDCAD,-1.1760000000000002
1972-04-01,USDCAD,-1.1525000000000007
1972-05-01,USDCAD,-1.6079999999999997
1972-06-01,USDCAD,-0.875
1972-07-01,USDCAD,-0.16000000000000014
1972-08-01,USDCAD,0.013999999999999346
1972-09-01,USDCAD,0.10499999999999954
1972-10-01,USDCAD,0.22499999999999964
1972-11-01,USDCAD,0.09600000000000009
1972-12-01,USDCAD,0.34499999999999975
1973-01-01,USDCAD,0.694
1973-02-01,USDCAD,1.4024999999999999
1973-03-01,USDCAD,1.9474999999999998
1973-04-01,USDCAD,1.7275
1973-05-01,USDCAD,1.2000000000000002
1973-06-01,USDCAD,1.0750000000000002
1973-07-01,USDCAD,1.9949999999999992
1973-08-01,USDCAD,2.459999999999999
1973-09-01,USDCAD,1.7874999999999996
1973-10-01,USDCAD,-0.15000000000000036
1973-11-01,USDCAD,-0.10999999999999943
1973-12-01,USDCAD,-0.6550000000000011
1974-01-01,USDCAD,-0.46799999999999997
1974-02-01,USDCAD,-0.6649999999999991
1974-03-01,USDCAD,-0.06750000000000078
1974-04-01,USDCAD,-0.16750000000000043
1974-05-01,USDCAD,-0.5820000000000007
1974-06-01,USDCAD,0.005000000000000782
1974-07-01,USDCAD,0.6020000000000003
1974-08-01,USDCAD,0.4250000000000007
1974-09-01,USDCAD,0.0600000000000005
1974-10-01,USDCAD,-0.9720000000000013
1974-11-01,USDCAD,-0.7050000000000001
1974-12-01,USDCAD,-1.1875
1975-01-01,USDCAD,-0.9960000000000004
1975-02-01,USDCAD,-0.48499999999999943
1975-03-01,USDCAD,-0.5899999999999999
1975-04-01,USDCAD,-0.8340000000000005
1975-05-01,USDCAD,-1.7199999999999998
1975-06-01,USDCAD,-1.4624999999999995
1975-07-01,USDCAD,-0.9340000000000002
1975-08-01,USDCAD,-1.4850000000000003
1975-09-01,USDCAD,-1.9099999999999993
1975-10-01,USDCAD,-2.3280000000000003
1975-11-01,USDCAD,-2.9124999999999996
1975-12-01,USDCAD,-3.387999999999999
1976-01-01,USDCAD,-3.8999999999999995
1976-02-01,USDCAD,-3.727500000000001
1976-03-01,USDCAD,-4.465999999999999
1976-04-01,USDCAD,-4.61
1976-05-01,USDCAD,-3.875000000000001
1976-06-01,USDCAD,-3.5500000000000007
1976-07-01,USDCAD,-3.8200000000000003
1976-08-01,USDCAD,-3.95
1976-09-01,USDCAD,-4.140000000000001
1976-10-01,USDCAD,-4.1499999999999995
1976-11-01,USDCAD,-4.029999999999999
1976-12-01,USDCAD,-3.880000000000001
1977-01-01,USDCAD,-3.2974999999999994
1977-02-01,USDCAD,-3.005
1977-03-01,USDCAD,-2.9299999999999997
1977-04-01,USDCAD,-2.84
1977-05-01,USDCAD,-2.0199999999999996
1977-06-01,USDCAD,-1.6219999999999999
1977-07-01,USDCAD,-1.7249999999999996
1977-08-01,USDCAD,-1.6099999999999994
1977-09-01,USDCAD,-1.125
1977-10-01,USDCAD,-0.71
1977-11-01,USDCAD,-0.7780000000000005
1977-12-01,USDCAD,-0.5625
1978-01-01,USDCAD,-0.22750000000000004
1978-02-01,USDCAD,-0.3674999999999997
1978-03-01,USDCAD,-0.71
1978-04-01,USDCAD,-1.3274999999999997
1978-05-01,USDCAD,-0.7720000000000002
1978-06-01,USDCAD,-0.5274999999999999
1978-07-01,USDCAD,-0.32750000000000057
1978-08-01,USDCAD,-0.8819999999999997
1978-09-01,USDCAD,-0.629999999999999
1978-10-01,USDCAD,-0.33999999999999986
1978-11-01,USDCAD,0.0940000000000012
1978-12-01,USDCAD,0.11250000000000071
1979-01-01,USDCAD,-0.46000000000000085
1979-02-01,USDCAD,-0.8150000000000013
1979-03-01,USDCAD,-0.9799999999999986
1979-04-01,USDCAD,-1.1799999999999997
1979-05-01,USDCAD,-1.1259999999999994
1979-06-01,USDCAD,-1.2400000000000002
1979-07-01,USDCAD,-1.1524999999999999
1979-08-01,USDCAD,-1.0799999999999983
1979-09-01,USDCAD,-0.10999999999999943
1979-10-01,USDCAD,0.1899999999999995
1979-11-01,USDCAD,-0.2624999999999993
1979-12-01,USDCAD,-0.620000000000001
1980-01-01,USDCAD,-0.5199999999999996
1980-02-01,USDCAD,0.26250000000000107
1980-03-01,USDCAD,2.8450000000000006
1980-04-01,USDCAD,0.010000000000001563
1980-05-01,USDCAD,-3.1850000000000005
1980-06-01,USDCAD,-3.147499999999999
1980-07-01,USDCAD,-2.379999999999999
1980-08-01,USDCAD,-0.6524999999999999
1980-09-01,USDCAD,0.5274999999999999
1980-10-01,USDCAD,1.2699999999999996
1980-11-01,USDCAD,2.5924999999999994
1980-12-01,USDCAD,1.629999999999999
1981-01-01,USDCAD,0.177500000000002
1981-02-01,USDCAD,-1.3350000000000009
1981-03-01,USDCAD,-2.532499999999999
1981-04-01,USDCAD,-2.139999999999999
1981-05-01,USDCAD,-0.7050000000000018
1981-06-01,USDCAD,-2.3500000000000014
1981-07-01,USDCAD,-1.8999999999999986
1981-08-01,USDCAD,-4.052499999999998
1981-09-01,USDCAD,-3.6999999999999993
1981-10-01,USDCAD,-3.397500000000001
1981-11-01,USDCAD,-4.1325
1981-12-01,USDCAD,-3.51
1982-01-01,USDCAD,-1.5150000000000006
1982-02-01,USDCAD,-0.3249999999999993
1982-03-01,USDCAD,-1.5299999999999994
1982-04-01,USDCAD,-1.2975000000000012
1982-05-01,USDCAD,-1.737499999999999
1982-06-01,USDCAD,-2.419999999999998
1982-07-01,USDCAD,-2.8225
1982-08-01,USDCAD,-4.1525
1982-09-01,USDCAD,-2.9499999999999993
1982-10-01,USDCAD,-2.5024999999999995
1982-11-01,USDCAD,-2.1000000000000014
1982-12-01,USDCAD,-1.9000000000000004
1983-01-01,USDCAD,-1.5274999999999999
1983-02-01,USDCAD,-1.2100000000000009
1983-03-01,USDCAD,-0.6799999999999997
1983-04-01,USDCAD,-0.7324999999999999
1983-05-01,USDCAD,-0.7349999999999994
1983-06-01,USDCAD,-0.15000000000000036
1983-07-01,USDCAD,0.15000000000000036
1983-08-01,USDCAD,0.33000000000000007
1983-09-01,USDCAD,0.06500000000000128
1983-10-01,USDCAD,-0.120000000000001
1983-11-01,USDCAD,-0.02000000000000135
1983-12-01,USDCAD,-0.16000000000000014
1984-01-01,USDCAD,-0.4175000000000004
1984-02-01,USDCAD,-0.2900000000000009
1984-03-01,USDCAD,-0.2699999999999996
1984-04-01,USDCAD,-0.28999999999999915
1984-05-01,USDCAD,-0.3200000000000003
1984-06-01,USDCAD,-0.4350000000000005
1984-07-01,USDCAD,-1.3524999999999991
1984-08-01,USDCAD,-0.9100000000000001
1984-09-01,USDCAD,-0.8850000000000016
1984-10-01,USDCAD,-1.5699999999999985
1984-11-01,USDCAD,-1.807500000000001
1984-12-01,USDCAD,-1.7375000000000007
1985-01-01,USDCAD,-1.5299999999999994
1985-02-01,USDCAD,-1.8849999999999998
1985-03-01,USDCAD,-2.280000000000001
1985-04-01,USDCAD,-1.6724999999999994
1985-05-01,USDCAD,-1.83
1985-06-01,USDCAD,-2.0475000000000003
1985-07-01,USDCAD,-1.62
1985-08-01,USDCAD,-1.302500000000001
1985-09-01,USDCAD,-1.1325000000000003
1985-10-01,USDCAD,-0.830000000000001
1985-11-01,USDCAD,-1.0149999999999997
1985-12-01,USDCAD,-1.4375000000000009
1986-01-01,USDCAD,-2.34
1986-02-01,USDCAD,-4.034999999999999
1986-03-01,USDCAD,-3.785
1986-04-01,USDCAD,-2.950000000000001
1986-05-01,USDCAD,-1.924999999999999
1986-06-01,USDCAD,-1.9699999999999989
1986-07-01,USDCAD,-2.1000000000000005
1986-08-01,USDCAD,-2.5924999999999994
1986-09-01,USDCAD,-2.6399999999999997
1986-10-01,USDCAD,-2.749999999999999
1986-11-01,USDCAD,-2.6274999999999995
1986-12-01,USDCAD,-2.3199999999999994
1987-01-01,USDCAD,-2.0549999999999997
1987-02-01,USDCAD,-1.3375000000000004
1987-03-01,USDCAD,-1.005
1987-04-01,USDCAD,-1.1000000000000005
1987-05-01,USDCAD,-1.2599999999999998
1987-06-01,USDCAD,-1.5225
1987-07-01,USDCAD,-1.9400000000000004
1987-08-01,USDCAD,-2.3874999999999993
1987-09-01,USDCAD,-1.9899999999999993
1987-10-01,USDCAD,-1.1425
1987-11-01,USDCAD,-1.5350000000000001
1987-12-01,USDCAD,-1.3100000000000005
1988-01-01,USDCAD,-1.7925000000000004
1988-02-01,USDCAD,-1.950000000000001
1988-03-01,USDCAD,-1.96
1988-04-01,USDCAD,-1.9425000000000008
1988-05-01,USDCAD,-1.7974999999999994
1988-06-01,USDCAD,-1.8599999999999994
1988-07-01,USDCAD,-1.4724999999999993
1988-08-01,USDCAD,-1.5600000000000005
1988-09-01,USDCAD,-2.244999999999999
1988-10-01,USDCAD,-2.0775000000000006
1988-11-01,USDCAD,-2.0700000000000003
1988-12-01,USDCAD,-1.8625000000000007
1989-01-01,USDCAD,-2.0875000000000004
1989-02-01,USDCAD,-2.0525
1989-03-01,USDCAD,-2.120000000000001
1989-04-01,USDCAD,-2.535
1989-05-01,USDCAD,-2.8119999999999994
1989-06-01,USDCAD,-3.1125000000000007
1989-07-01,USDCAD,-3.465
1989-08-01,USDCAD,-3.6519999999999992
1989-09-01,USDCAD,-3.547500000000001
1989-10-01,USDCAD,-3.7300000000000004
1989-11-01,USDCAD,-3.9619999999999997
1989-12-01,USDCAD,-4.025
1990-01-01,USDCAD,-4.084
1990-02-01,USDCAD,-4.622499999999999
1990-03-01,USDCAD,-5.0075
1990-04-01,USDCAD,-5.095000000000001
1990-05-01,USDCAD,-5.41
1990-06-01,USDCAD,-5.5875
1990-07-01,USDCAD,-5.575000000000001
1990-08-01,USDCAD,-5.2860000000000005
1990-09-01,USDCAD,-4.695
1990-10-01,USDCAD,-4.517999999999999
1990-11-01,USDCAD,-4.375
1990-12-01,USDCAD,-4.23
1991-01-01,USDCAD,-4.196
1991-02-01,USDCAD,-4.0
1991-03-01,USDCAD,-3.5074999999999994
1991-04-01,USDCAD,-3.6475
1991-05-01,USDCAD,-3.2880000000000003
1991-06-01,USDCAD,-2.7624999999999993
1991-07-01,USDCAD,-2.7799999999999994
1991-08-01,USDCAD,-3.0725
1991-09-01,USDCAD,-3.12
1991-10-01,USDCAD,-3.0359999999999996
1991-11-01,USDCAD,-2.9074999999999998
1991-12-01,USDCAD,-2.9850000000000003
1992-01-01,USDCAD,-3.26
1992-02-01,USDCAD,-3.1825
1992-03-01,USDCAD,-3.29
1992-04-01,USDCAD,-3.1180000000000003
1992-05-01,USDCAD,-2.7975
1992-06-01,USDCAD,-2.1725
1992-07-01,USDCAD,-2.2039999999999997
1992-08-01,USDCAD,-1.8625000000000003
1992-09-01,USDCAD,-1.9080000000000004
1992-10-01,USDCAD,-4.3775
1992-11-01,USDCAD,-3.3525
1992-12-01,USDCAD,-4.42
1993-01-01,USDCAD,-3.8024999999999998
1993-02-01,USDCAD,-3.2749999999999995
1993-03-01,USDCAD,-2.5000000000000004
1993-04-01,USDCAD,-2.1850000000000005
1993-05-01,USDCAD,-2.225
1993-06-01,USDCAD,-1.67
1993-07-01,USDCAD,-1.3125
1993-08-01,USDCAD,-1.1675
1993-09-01,USDCAD,-1.6659999999999995
1993-10-01,USDCAD,-1.4974999999999996
1993-11-01,USDCAD,-1.0124999999999997
1993-12-01,USDCAD,-0.8319999999999999
1994-01-01,USDCAD,-0.7225000000000001
1994-02-01,USDCAD,-0.375
1994-03-01,USDCAD,-0.4360000000000004
1994-04-01,USDCAD,-1.8775000000000004
1994-05-01,USDCAD,-1.7750000000000004
1994-06-01,USDCAD,-1.8740000000000006
1994-07-01,USDCAD,-1.6324999999999994
1994-08-01,USDCAD,-0.8700000000000001
1994-09-01,USDCAD,-0.6124999999999998
1994-10-01,USDCAD,0.0699999999999994
1994-11-01,USDCAD,0.11000000000000032
1994-12-01,USDCAD,-0.3075000000000001
1995-01-01,USDCAD,-1.5979999999999999
1995-02-01,USDCAD,-1.9580000000000002
1995-03-01,USDCAD,-2.1647826089999995
1995-04-01,USDCAD,-2.0384210529999995
1995-05-01,USDCAD,-1.5413636360000007
1995-06-01,USDCAD,-1.1477272729999992
1995-07-01,USDCAD,-0.8960000000000008
1995-08-01,USDCAD,-0.8168181820000004
1995-09-01,USDCAD,-0.9574999999999996
1995-10-01,USDCAD,-0.9076190479999999
1995-11-01,USDCAD,-0.2680952379999999
1995-12-01,USDCAD,-0.27526315799999956
1996-01-01,USDCAD,-0.1568181820000003
1996-02-01,USDCAD,-0.07285714299999935
1996-03-01,USDCAD,0.07523809500000045
1996-04-01,USDCAD,0.35142857100000047
1996-05-01,USDCAD,0.5509090910000003
1996-06-01,USDCAD,0.6109999999999998
1996-07-01,USDCAD,0.7972727270000002
1996-08-01,USDCAD,1.132380952
1996-09-01,USDCAD,1.4314999999999998
1996-10-01,USDCAD,1.893181818
1996-11-01,USDCAD,2.3605
1996-12-01,USDCAD,2.3175000000000003
1997-01-01,USDCAD,2.2772727269999997
1997-02-01,USDCAD,2.254
1997-03-01,USDCAD,2.3125000000000004
1997-04-01,USDCAD,2.249545455
1997-05-01,USDCAD,2.3780952380000002
1997-06-01,USDCAD,2.394761905
1997-07-01,USDCAD,2.068181818
1997-08-01,USDCAD,1.9619999999999997
1997-09-01,USDCAD,1.9733333329999998
1997-10-01,USDCAD,1.8504545450000003
1997-11-01,USDCAD,1.7452631580000002
1997-12-01,USDCAD,1.2328571429999995
1998-01-01,USDCAD,0.888095238
1998-02-01,USDCAD,0.5625
1998-03-01,USDCAD,0.7059090909999997
1998-04-01,USDCAD,0.6819047620000003
1998-05-01,USDCAD,0.5700000000000003
1998-06-01,USDCAD,0.5831818179999999
1998-07-01,USDCAD,0.5386363640000003
1998-08-01,USDCAD,0.27449999999999974
1998-09-01,USDCAD,-0.19047619000000005
1998-10-01,USDCAD,-0.06523809499999977
1998-11-01,USDCAD,0.09299999999999997
1998-12-01,USDCAD,0.13714285699999973
1999-01-01,USDCAD,-0.11450000000000049
1999-02-01,USDCAD,-0.13349999999999973
1999-03-01,USDCAD,-0.1473913040000001
1999-04-01,USDCAD,0.16333333299999975
1999-05-01,USDCAD,0.3045
1999-06-01,USDCAD,0.3145454550000002
1999-07-01,USDCAD,0.4471428570000002
1999-08-01,USDCAD,0.4852380949999997
1999-09-01,USDCAD,0.6695238100000003
1999-10-01,USDCAD,1.1159999999999997
1999-11-01,USDCAD,0.9590476189999997
1999-12-01,USDCAD,0.9147619049999998
2000-01-01,USDCAD,0.9249999999999998
2000-02-01,USDCAD,0.9775
2000-03-01,USDCAD,1.032
2000-04-01,USDCAD,0.9300000000000006
2000-05-01,USDCAD,1.0460000000000003
2000-06-01,USDCAD,1.1775000000000002
2000-07-01,USDCAD,1.0700000000000003
2000-08-01,USDCAD,0.992
2000-09-01,USDCAD,1.0274999999999999
2000-10-01,USDCAD,1.0724999999999998
2000-11-01,USDCAD,0.9820000000000002
2000-12-01,USDCAD,0.9300000000000006
2001-01-01,USDCAD,0.38400000000000034
2001-02-01,USDCAD,0.21249999999999947
2001-03-01,USDCAD,0.29499999999999993
2001-04-01,USDCAD,0.027499999999999858
2001-05-01,USDCAD,-0.3200000000000003
2001-06-01,USDCAD,-0.5199999999999996
2001-07-01,USDCAD,-0.5199999999999996
2001-08-01,USDCAD,-0.45599999999999996
2001-09-01,USDCAD,-0.4624999999999999
2001-10-01,USDCAD,-0.41800000000000015
2001-11-01,USDCAD,-0.12250000000000005
2001-12-01,USDCAD,-0.16999999999999993
2002-01-01,USDCAD,-0.17399999999999993
2002-02-01,USDCAD,-0.19500000000000006
2002-03-01,USDCAD,-0.24499999999999988
2002-04-01,USDCAD,-0.45500000000000007
2002-05-01,USDCAD,-0.6939999999999997
2002-06-01,USDCAD,-0.8799999999999999
2002-07-01,USDCAD,-0.992
2002-08-01,USDCAD,-1.1
2002-09-01,USDCAD,-1.0450000000000002
2002-10-01,USDCAD,-1.0379999999999998
2002-11-01,USDCAD,-1.3100000000000003
2002-12-01,USDCAD,-1.3375000000000001
2003-01-01,USDCAD,-1.4260000000000002
2003-02-01,USDCAD,-1.5425
2003-03-01,USDCAD,-1.8075
2003-04-01,USDCAD,-1.9560000000000002
2003-05-01,USDCAD,-1.9575000000000002
2003-06-01,USDCAD,-2.0575
2003-07-01,USDCAD,-1.8619999999999999
2003-08-01,USDCAD,-1.6974999999999998
2003-09-01,USDCAD,-1.5524999999999998
2003-10-01,USDCAD,-1.5179999999999998
2003-11-01,USDCAD,-1.59
2003-12-01,USDCAD,-1.524
2004-01-01,USDCAD,-1.3125
2004-02-01,USDCAD,-1.1449999999999998
2004-03-01,USDCAD,-0.9879999999999998
2004-04-01,USDCAD,-0.8824999999999998
2004-05-01,USDCAD,-0.77
2004-06-01,USDCAD,-0.548
2004-07-01,USDCAD,-0.4650000000000001
2004-08-01,USDCAD,-0.38250000000000006
2004-09-01,USDCAD,-0.486
2004-10-01,USDCAD,-0.49250000000000016
2004-11-01,USDCAD,-0.38000000000000034
2004-12-01,USDCAD,-0.016000000000000014
2005-01-01,USDCAD,0.1549999999999998
2005-02-01,USDCAD,0.3250000000000002
2005-03-01,USDCAD,0.472
2005-04-01,USDCAD,0.6199999999999997
2005-05-01,USDCAD,0.7600000000000002
2005-06-01,USDCAD,0.9319999999999999
2005-07-01,USDCAD,1.0149999999999997
2005-08-01,USDCAD,1.0899999999999999
2005-09-01,USDCAD,1.0750000000000002
2005-10-01,USDCAD,1.15
2005-11-01,USDCAD,1.1039999999999996
2005-12-01,USDCAD,1.1
2006-01-01,USDCAD,1.1399999999999997
2006-02-01,USDCAD,1.0899999999999999
2006-03-01,USDCAD,1.12
2006-04-01,USDCAD,1.0700000000000003
2006-05-01,USDCAD,1.024
2006-06-01,USDCAD,1.1099999999999994
2006-07-01,USDCAD,1.2599999999999998
2006-08-01,USDCAD,1.2480000000000002
2006-09-01,USDCAD,1.1899999999999995
2006-10-01,USDCAD,1.1725000000000003
2006-11-01,USDCAD,1.1420000000000003
2006-12-01,USDCAD,1.1600000000000001
2007-01-01,USDCAD,1.1640000000000006
2007-02-01,USDCAD,1.13
2007-03-01,USDCAD,1.1324999999999994
2007-04-01,USDCAD,1.1475
2007-05-01,USDCAD,1.1199999999999992
2007-06-01,USDCAD,0.9699999999999998
2007-07-01,USDCAD,0.8225000000000007
2007-08-01,USDCAD,1.2280000000000006
2007-09-01,USDCAD,1.4625
2007-10-01,USDCAD,1.1440000000000001
2007-11-01,USDCAD,1.0074999999999998
2007-12-01,USDCAD,1.1874999999999996
2008-01-01,USDCAD,0.258
2008-02-01,USDCAD,-0.20500000000000007
2008-03-01,USDCAD,0.605
2008-04-01,USDCAD,0.4460000000000002
2008-05-01,USDCAD,0.010000000000000231
2008-06-01,USDCAD,0.14749999999999996
2008-07-01,USDCAD,0.42200000000000015
2008-08-01,USDCAD,0.31999999999999984
2008-09-01,USDCAD,1.4724999999999997
2008-10-01,USDCAD,2.7640000000000002
2008-11-01,USDCAD,0.5774999999999999
2008-12-01,USDCAD,0.72
2009-01-01,USDCAD,0.21750000000000003
2009-02-01,USDCAD,0.4324999999999999
2009-03-01,USDCAD,0.6625000000000001
2009-04-01,USDCAD,0.5660000000000001
2009-05-01,USDCAD,0.38999999999999996
2009-06-01,USDCAD,0.165
2009-07-01,USDCAD,0.11599999999999996
2009-08-01,USDCAD,0.06999999999999998
2009-09-01,USDCAD,0.03
2009-10-01,USDCAD,0.024999999999999994
2009-11-01,USDCAD,-0.0050000000000000044
2009-12-01,USDCAD,0.021999999999999992
2010-01-01,USDCAD,0.027500000000000024
2010-02-01,USDCAD,0.024999999999999994
2010-03-01,USDCAD,0.0020000000000000018
2010-04-01,USDCAD,-0.03750000000000003
2010-05-01,USDCAD,0.06
2010-06-01,USDCAD,-0.0020000000000000018
2010-07-01,USDCAD,-0.16499999999999998
2010-08-01,USDCAD,-0.34
2010-09-01,USDCAD,-0.57
2010-10-01,USDCAD,-0.625
2010-11-01,USDCAD,-0.6825
2010-12-01,USDCAD,-0.694
2011-01-01,USDCAD,-0.6725000000000001
2011-02-01,USDCAD,-0.6725
2011-03-01,USDCAD,-0.646
2011-04-01,USDCAD,-0.735
2011-05-01,USDCAD,-0.7525000000000001
2011-06-01,USDCAD,-0.7080000000000001
2011-07-01,USDCAD,-0.6825
2011-08-01,USDCAD,-0.5840000000000001
2011-09-01,USDCAD,-0.5425
2011-10-01,USDCAD,-0.49250000000000005
2011-11-01,USDCAD,-0.47200000000000003
2011-12-01,USDCAD,-0.33999999999999997
2012-01-01,USDCAD,-0.42499999999999993
2012-02-01,USDCAD,-0.6180000000000001
2012-03-01,USDCAD,-0.625
2012-04-01,USDCAD,-0.6925000000000001
2012-05-01,USDCAD,-0.698
2012-06-01,USDCAD,-0.5625
2012-07-01,USDCAD,-0.5874999999999999
2012-08-01,USDCAD,-0.742
2012-09-01,USDCAD,-0.7675000000000001
2012-10-01,USDCAD,-0.746
2012-11-01,USDCAD,-0.74
2012-12-01,USDCAD,-0.705
2013-01-01,USDCAD,-0.6900000000000001
2013-02-01,USDCAD,-0.7275
2013-03-01,USDCAD,-0.7525000000000001
2013-04-01,USDCAD,-0.7825
2013-05-01,USDCAD,-0.798
2013-06-01,USDCAD,-0.835
2013-07-01,USDCAD,-0.872
2013-08-01,USDCAD,-0.8725
2013-09-01,USDCAD,-0.8775000000000001
2013-10-01,USDCAD,-0.804
2013-11-01,USDCAD,-0.805
2013-12-01,USDCAD,-0.7775
2014-01-01,USDCAD,-0.774
2014-02-01,USDCAD,-0.74
2014-03-01,USDCAD,-0.7225
2014-04-01,USDCAD,-0.806
2014-05-01,USDCAD,-0.8150000000000001
2014-06-01,USDCAD,-0.8250000000000001
2014-07-01,USDCAD,-0.818
2014-08-01,USDCAD,-0.82
2014-09-01,USDCAD,-0.8075
2014-10-01,USDCAD,-0.774
2014-11-01,USDCAD,-0.7725
2014-12-01,USDCAD,-0.752
2015-01-01,USDCAD,-0.605
2015-02-01,USDCAD,-0.38249999999999995
2015-03-01,USDCAD,-0.4125
2015-04-01,USDCAD,-0.488
2015-05-01,USDCAD,-0.5075
2015-06-01,USDCAD,-0.43
2015-07-01,USDCAD,-0.27999999999999997
2015-08-01,USDCAD,-0.125
2015-09-01,USDCAD,-0.13
2015-10-01,USDCAD,-0.15250000000000002
2015-11-01,USDCAD,-0.15250000000000002
2015-12-01,USDCAD,0.05600000000000005
2016-01-01,USDCAD,0.13499999999999995
2016-02-01,USDCAD,0.08250000000000002
2016-03-01,USDCAD,0.09000000000000002
2016-04-01,USDCAD,0.03750000000000009
2016-05-01,USDCAD,0.0625
2016-06-01,USDCAD,0.040000000000000036
2016-07-01,USDCAD,0.12
2016-08-01,USDCAD,0.22399999999999998
2016-09-01,USDCAD,0.245
2016-10-01,USDCAD,0.23249999999999998
2016-11-01,USDCAD,0.22999999999999998
2016-12-01,USDCAD,0.3925
2017-01-01,USDCAD,0.45
2017-02-01,USDCAD,0.40499999999999997
2017-03-01,USDCAD,0.482
2017-04-01,USDCAD,0.495
2017-05-01,USDCAD,0.538
2017-06-01,USDCAD,0.595
2017-07-01,USDCAD,0.49
2017-08-01,USDCAD,0.528
2017-09-01,USDCAD,0.27
2017-10-01,USDCAD,0.30000000000000004
2017-11-01,USDCAD,0.44000000000000006
2017-12-01,USDCAD,0.5800000000000001
2018-01-01,USDCAD,0.46599999999999997
2018-02-01,USDCAD,0.6174999999999999
2018-03-01,USDCAD,0.9850000000000001
2018-04-01,USDCAD,1.0350000000000001
2018-05-01,USDCAD,0.9140000000000001
2018-06-01,USDCAD,0.9524999999999999
2018-07-01,USDCAD,0.7949999999999999
2018-08-01,USDCAD,0.702
2018-09-01,USDCAD,0.7225000000000001
2018-10-01,USDCAD,0.7100000000000002
2018-11-01,USDCAD,0.8475000000000001
2018-12-01,USDCAD,1.03
2019-01-01,USDCAD,0.956
2019-02-01,USDCAD,0.8250000000000002
2019-03-01,USDCAD,0.8200000000000001
2019-04-01,USDCAD,0.7950000000000002
2019-05-01,USDCAD,0.762
2019-06-01,USDCAD,0.6349999999999998
2019-07-01,USDCAD,0.5660000000000003
2019-08-01,USDCAD,0.42500000000000004
2019-09-01,USDCAD,0.40249999999999986
2019-10-01,USDCAD,0.22599999999999998
2019-11-01,USDCAD,0.10749999999999993
2019-12-01,USDCAD,0.10250000000000004
2020-01-01,USDCAD,0.0040000000000000036
2020-02-01,USDCAD,-0.04249999999999998
2020-03-01,USDCAD,0.6775000000000001
2020-04-01,USDCAD,1.104
2020-05-01,USDCAD,-0.06499999999999997
2020-06-01,USDCAD,0.007500000000000007
2020-07-01,USDCAD,0.0
2020-08-01,USDCAD,-0.007500000000000007
2020-09-01,USDCAD,-0.011999999999999983
2020-10-01,USDCAD,0.01999999999999999
2020-11-01,USDCAD,0.052500000000000005
2020-12-01,USDCAD,0.06400000000000002
2021-01-01,USDCAD,0.08250000000000002
2021-02-01,USDCAD,0.027499999999999997
2021-03-01,USDCAD,-0.0059999999999999915
2021-04-01,USDCAD,0.0175
2021-05-01,USDCAD,0.0025000000000000022
2021-06-01,USDCAD,-0.038000000000000006
2021-07-01,USDCAD,-0.0675
2021-08-01,USDCAD,-0.07749999999999999
2021-09-01,USDCAD,-0.032
2021-10-01,USDCAD,-0.009999999999999995
2021-11-01,USDCAD,0.02250000000000002
2021-12-01,USDCAD,0.09200000000000001
2022-01-01,USDCAD,-0.08499999999999999
2022-02-01,USDCAD,0.05499999999999999
2022-03-01,USDCAD,0.16400000000000003
2022-04-01,USDCAD,-0.13750000000000007
2022-05-01,USDCAD,-0.03749999999999987
2022-06-01,USDCAD,0.03600000000000003
2022-07-01,USDCAD,0.05500000000000016
2022-08-01,USDCAD,-0.14800000000000013
2022-09-01,USDCAD,-0.20999999999999996
2022-10-01,USDCAD,0.0900000000000003
2022-11-01,USDCAD,0.472
2022-12-01,USDCAD,0.34249999999999936
2023-01-01,USDCAD,0.28500000000000014
2023-02-01,USDCAD,0.29000000000000004
2023-03-01,USDCAD,0.5220000000000002
2023-04-01,USDCAD,0.6625000000000005
2023-05-01,USDCAD,0.6720000000000006
2023-06-01,USDCAD,0.3875000000000002
2023-07-01,USDCAD,0.41500000000000004
2023-08-01,USDCAD,0.3860000000000001
2023-09-01,USDCAD,0.45250000000000057
2023-10-01,USDCAD,0.3799999999999999
2023-11-01,USDCAD,0.4139999999999997
2023-12-01,USDCAD,0.3725000000000005
2024-01-01,USDCAD,0.3119999999999994
2024-02-01,USDCAD,0.28500000000000014
2024-03-01,USDCAD,0.3849999999999998
2024-04-01,USDCAD,0.40500000000000025
2024-05-01,USDCAD,0.46199999999999974
2024-06-01,USDCAD,0.6325000000000003
2024-07-01,USDCAD,0.8019999999999996
2024-08-01,USDCAD,0.8875000000000002
2024-09-01,USDCAD,0.8174999999999999
2024-10-01,USDCAD,0.9100000000000001
2024-11-01,USDCAD,1.0500000000000003
2024-12-01,USDCAD,1.2650000000000001
2025-01-01,USDCAD,1.2720000000000002
2025-02-01,USDCAD,1.4975
2025-03-01,USDCAD,1.63
2025-04-01,USDCAD,1.6980000000000004
2025-05-01,USDCAD,1.6675
2025-06-01,USDCAD,1.6499999999999995
2025-07-01,USDCAD,1.6180000000000003
2025-08-01,USDCAD,1.565
2025-09-01,USDCAD,1.6074999999999995
2025-10-01,USDCAD,1.646
2025-11-01,USDCAD,1.6749999999999998
2025-12-01,USDCAD,1.576
2026-01-01,USDCAD,1.44
2026-02-01,USDCAD,1.4825
2026-03-01,USDCAD,1.46
2026-04-01,USDCAD,1.4980000000000002
2026-05-01,USDCAD,1.4275000000000002
2026-06-01,USDCAD,1.4975
1999-07-01,USDCHF,4.285
1999-08-01,USDCHF,4.48546875
1999-09-01,USDCHF,4.599484
1999-10-01,USDCHF,4.2452
1999-11-01,USDCHF,4.3128644000000005
1999-12-01,USDCHF,4.30679581818182
2000-01-01,USDCHF,4.22075265
2000-02-01,USDCHF,3.7720208095238097
2000-03-01,USDCHF,3.7092766956521697
2000-04-01,USDCHF,3.4678805
2000-05-01,USDCHF,3.69962268181818
2000-06-01,USDCHF,3.5270936500000003
2000-07-01,USDCHF,3.3794937142857093
2000-08-01,USDCHF,3.3015347272727302
2000-09-01,USDCHF,3.2782929047618996
2000-10-01,USDCHF,3.32612763636364
2000-11-01,USDCHF,3.302531045454551
2000-12-01,USDCHF,3.19449331578947
2001-01-01,USDCHF,2.3660327142857107
2001-02-01,USDCHF,1.91595425
2001-03-01,USDCHF,1.62679686363636
2001-04-01,USDCHF,1.4049146315789502
2001-05-01,USDCHF,0.9670900952380994
2001-06-01,USDCHF,0.6361935500000002
2001-07-01,USDCHF,0.53219309090909
2001-08-01,USDCHF,0.40498540909090996
2001-09-01,USDCHF,0.20167445000000006
2001-10-01,USDCHF,0.24084565217391063
2001-11-01,USDCHF,0.09196490909090982
2001-12-01,USDCHF,0.08571711111111013
2002-01-01,USDCHF,0.13627485714286003
2002-02-01,USDCHF,0.25332940000000015
2002-03-01,USDCHF,0.3058362499999998
2002-04-01,USDCHF,0.40935338095238016
2002-05-01,USDCHF,0.6565061000000001
2002-06-01,USDCHF,0.6604059500000001
2002-07-01,USDCHF,0.7869384782608699
2002-08-01,USDCHF,1.061657952380952
2002-09-01,USDCHF,1.147000904761905
2002-10-01,USDCHF,1.102146260869565
2002-11-01,USDCHF,0.7975021428571429
2002-12-01,USDCHF,0.7966100500000001
2003-01-01,USDCHF,0.781264523809524
2003-02-01,USDCHF,0.78076265
2003-03-01,USDCHF,0.996806285714286
2003-04-01,USDCHF,1.0662191
2003-05-01,USDCHF,1.0614915
2003-06-01,USDCHF,0.8816053500000001
2003-07-01,USDCHF,0.8864004782608701
2003-08-01,USDCHF,0.9291333
2003-09-01,USDCHF,0.9412774090909091
2003-10-01,USDCHF,0.9708689565217391
2003-11-01,USDCHF,0.9671677500000001
2003-12-01,USDCHF,0.9631714285714291
2004-01-01,USDCHF,0.9315061
2004-02-01,USDCHF,0.90196555
2004-03-01,USDCHF,0.891705956521739
2004-04-01,USDCHF,0.8932505500000001
2004-05-01,USDCHF,1.017646631578947
2004-06-01,USDCHF,1.131535954545455
2004-07-01,USDCHF,1.1475986363636361
2004-08-01,USDCHF,1.208087818181818
2004-09-01,USDCHF,1.275622318181818
2004-10-01,USDCHF,1.4192089523809521
2004-11-01,USDCHF,1.6114889999999997
2004-12-01,USDCHF,1.8006531363636362
2005-01-01,USDCHF,1.958930761904762
2005-02-01,USDCHF,2.0928139
2005-03-01,USDCHF,2.3036837619047623
2005-04-01,USDCHF,2.41704780952381
2005-05-01,USDCHF,2.54933785
2005-06-01,USDCHF,2.7077987727272728
2005-07-01,USDCHF,2.9037236190476188
2005-08-01,USDCHF,3.094118909090909
2005-09-01,USDCHF,3.195080363636364
2005-10-01,USDCHF,3.407845619047619
2005-11-01,USDCHF,3.4444479090909086
2005-12-01,USDCHF,3.5169248
2006-01-01,USDCHF,3.6355105238095238
2006-02-01,USDCHF,3.7232394999999996
2006-03-01,USDCHF,3.76680056521739
2006-04-01,USDCHF,3.85449783333333
2006-05-01,USDCHF,3.8480074285714303
2006-06-01,USDCHF,3.9772924285714297
2006-07-01,USDCHF,4.03230471428571
2006-08-01,USDCHF,3.85691136363636
2006-09-01,USDCHF,3.696631
2006-10-01,USDCHF,3.5826199090909103
2006-11-01,USDCHF,3.5140382727272703
2006-12-01,USDCHF,3.4115921764705903
2007-01-01,USDCHF,3.26953076190476
2007-02-01,USDCHF,3.1986784499999996
2007-03-01,USDCHF,3.14012522727273
2007-04-01,USDCHF,3.0861332631578895
2007-05-01,USDCHF,2.9931617499999996
2007-06-01,USDCHF,2.88628171428571
2007-07-01,USDCHF,2.7082725909090897
2007-08-01,USDCHF,2.88327927272727
2007-09-01,USDCHF,2.96654575
2007-10-01,USDCHF,2.62329873913043
2007-11-01,USDCHF,2.6749566818181796
2007-12-01,USDCHF,2.6756841176470596
2008-01-01,USDCHF,1.5524972857142898
2008-02-01,USDCHF,0.6425431904761902
2008-03-01,USDCHF,0.5018710526315799
2008-04-01,USDCHF,0.66877377272727
2008-05-01,USDCHF,0.6171844000000002
2008-06-01,USDCHF,0.6162729047619
2008-07-01,USDCHF,0.58310417391304
2008-08-01,USDCHF,0.6066140999999998
2008-09-01,USDCHF,1.465347
2008-10-01,USDCHF,2.9092088181818205
2008-11-01,USDCHF,1.659682153846154
2008-12-01,USDCHF,1.6624695
2009-01-01,USDCHF,0.9261243
2009-02-01,USDCHF,1.049997055555556
2009-03-01,USDCHF,0.9569869523809521
2009-04-01,USDCHF,0.7997538181818182
2009-05-01,USDCHF,0.47872194117647054
2009-06-01,USDCHF,0.3028694736842105
2009-07-01,USDCHF,0.2782154347826087
2009-08-01,USDCHF,0.2261631904761905
2009-09-01,USDCHF,0.176599619047619
2009-10-01,USDCHF,0.15499666666666667
2009-11-01,USDCHF,0.091464214285714
2009-12-01,USDCHF,0.104380090909091
2010-01-01,USDCHF,0.1096406
2010-02-01,USDCHF,0.09125675
2010-03-01,USDCHF,0.13422227272727272
2010-04-01,USDCHF,0.21205649999999998
2010-05-01,USDCHF,0.36809025
2010-06-01,USDCHF,0.40225925
2010-07-01,USDCHF,0.22714880952380997
2010-08-01,USDCHF,0.11343065
2010-09-01,USDCHF,0.06618790476190503
2010-10-01,USDCHF,0.022082250000000025
2010-11-01,USDCHF,0.08399895000000002
2010-12-01,USDCHF,0.108631888888889
2011-01-01,USDCHF,0.13918980952381
2011-02-01,USDCHF,0.14045725000000003
2011-03-01,USDCHF,0.12487582608695702
2011-04-01,USDCHF,0.09054588888888901
2011-05-01,USDCHF,0.09055013636363599
2011-06-01,USDCHF,0.11794035
2011-07-01,USDCHF,0.1490445238095238
2011-08-01,USDCHF,0.3575968
2011-09-01,USDCHF,0.39107027272727274
2011-10-01,USDCHF,0.4633598947368421
2011-11-01,USDCHF,0.4753187
2011-12-01,USDCHF,0.41
2012-01-01,USDCHF,0.3597067142857143
2012-02-01,USDCHF,0.28212349999999997
2012-03-01,USDCHF,0.23870075
2012-04-01,USDCHF,0.27630116666666665
2012-05-01,USDCHF,0.3054980555555556
2012-06-01,USDCHF,0.3773110588235294
2012-07-01,USDCHF,0.473395066666667
2012-08-01,USDCHF,0.467230666666667
2012-09-01,USDCHF,0.390658058823529
2012-10-01,USDCHF,0.29339775
2012-11-01,USDCHF,0.374987368421053
2012-12-01,USDCHF,0.291343
2013-01-01,USDCHF,0.3380856
2013-02-01,USDCHF,0.2834238666666667
2013-03-01,USDCHF,0.2696407368421053
2013-04-01,USDCHF,0.2647253333333333
2013-05-01,USDCHF,0.25881175
2013-06-01,USDCHF,0.25021110526315793
2013-07-01,USDCHF,0.1958058260869565
2013-08-01,USDCHF,0.18065045
2013-09-01,USDCHF,0.1611073157894737
2013-10-01,USDCHF,0.10407079999999999
2013-11-01,USDCHF,0.1369540555555556
2013-12-01,USDCHF,0.12256508333333331
2014-01-01,USDCHF,0.16332439999999998
2014-02-01,USDCHF,0.17796675
2014-03-01,USDCHF,0.1600058571428571
2014-04-01,USDCHF,0.1492094
2014-05-01,USDCHF,0.14160255
2014-06-01,USDCHF,0.122441
2014-07-01,USDCHF,0.0966666666666667
2014-08-01,USDCHF,0.092
2014-09-01,USDCHF,0.095
2014-10-01,USDCHF,0.07999999999999999
2014-11-01,USDCHF,0.0885714285714286
2014-12-01,USDCHF,0.10976562499999999
2015-01-01,USDCHF,0.576666666666667
2015-02-01,USDCHF,0.8250000000000001
2015-03-01,USDCHF,0.928842625
2015-04-01,USDCHF,0.815416666666667
2015-05-01,USDCHF,0.96541675
2015-06-01,USDCHF,0.9475758333333331
2015-07-01,USDCHF,0.9343055
2015-08-01,USDCHF,1.04125
2015-09-01,USDCHF,1.0261761666666671
2015-10-01,USDCHF,1.095
2015-11-01,USDCHF,0.9808330000000001
2015-12-01,USDCHF,1.280213833333333
2016-01-01,USDCHF,1.3158729999999998
2016-02-01,USDCHF,1.4286364
2016-03-01,USDCHF,1.324167
2016-04-01,USDCHF,1.296875
2016-05-01,USDCHF,1.335375
2016-06-01,USDCHF,1.268645
2016-07-01,USDCHF,1.3900000000000001
2016-08-01,USDCHF,1.48
2016-09-01,USDCHF,1.5
2016-10-01,USDCHF,1.47
2016-11-01,USDCHF,1.47
2016-12-01,USDCHF,1.67
2017-01-01,USDCHF,1.83
2017-02-01,USDCHF,1.6737781666666671
2017-03-01,USDCHF,1.795
2017-04-01,USDCHF,1.8201190999999999
2017-05-01,USDCHF,1.94770825
2017-06-01,USDCHF,1.935
2017-07-01,USDCHF,2.025833333333333
2017-08-01,USDCHF,2.065
2017-09-01,USDCHF,2.09525
2017-10-01,USDCHF,2.185185222222222
2017-11-01,USDCHF,2.226642166666667
2017-12-01,USDCHF,2.404305555555556
2018-01-01,USDCHF,2.50154745
2018-02-01,USDCHF,2.6515625
2018-03-01,USDCHF,2.87524075
2018-04-01,USDCHF,3.00023515
2018-05-01,USDCHF,2.9461775
2018-06-01,USDCHF,2.980477142857143
2018-07-01,USDCHF,2.950435909090909
2018-08-01,USDCHF,2.967280909090909
2018-09-01,USDCHF,3.020283888888889
2018-10-01,USDCHF,3.201076428571429
2018-11-01,USDCHF,3.375
2018-12-01,USDCHF,3.466
2019-01-01,USDCHF,3.403503555555556
2019-02-01,USDCHF,3.2586175714285712
2019-03-01,USDCHF,3.236575222222222
2019-04-01,USDCHF,3.2175000000000002
2019-05-01,USDCHF,3.2152624999999997
2019-06-01,USDCHF,3.080555
2019-07-01,USDCHF,3.06
2019-08-01,USDCHF,2.8675
2019-09-01,USDCHF,2.82125
2019-10-01,USDCHF,2.6365909090909088
2019-11-01,USDCHF,2.475643333333333
2019-12-01,USDCHF,2.496666666666667
2020-01-01,USDCHF,2.3987499999999997
2020-02-01,USDCHF,2.3064475
2020-03-01,USDCHF,2.0250000000000004
2020-04-01,USDCHF,1.9745833333333331
2020-05-01,USDCHF,0.833348888888889
2020-06-01,USDCHF,0.8658144999999999
2020-07-01,USDCHF,0.8707134782608701
2020-08-01,USDCHF,0.856807142857143
2020-09-01,USDCHF,0.838714090909091
2020-10-01,USDCHF,0.818181818181818
2020-11-01,USDCHF,0.89
2020-12-01,USDCHF,0.912727272727273
2021-01-01,USDCHF,0.869838
2021-02-01,USDCHF,0.842424
2021-03-01,USDCHF,0.83
2021-04-01,USDCHF,0.8385414999999999
2021-05-01,USDCHF,0.835221052631579
2021-06-01,USDCHF,0.827727272727273
2021-07-01,USDCHF,0.836136363636364
2021-08-01,USDCHF,0.838181818181818
2021-09-01,USDCHF,0.9199999999999999
2021-10-01,USDCHF,0.836692380952381
2021-11-01,USDCHF,0.833960909090909
2021-12-01,USDCHF,0.88745652173913
2022-01-01,USDCHF,0.934190952380952
2022-02-01,USDCHF,1.064792
2022-03-01,USDCHF,1.4121743478260869
2022-04-01,USDCHF,1.5825
2022-05-01,USDCHF,2.015
2022-06-01,USDCHF,2.378571428571429
2022-07-01,USDCHF,2.61
2022-08-01,USDCHF,2.784545454545454
2022-09-01,USDCHF,3.0625
2022-10-01,USDCHF,3.32125
2022-11-01,USDCHF,3.92
2022-12-01,USDCHF,3.773650952380952
2023-01-01,USDCHF,3.6230952380952384
2023-02-01,USDCHF,3.74
2023-03-01,USDCHF,3.54617739130435
2023-04-01,USDCHF,3.58
2023-05-01,USDCHF,3.7
2023-06-01,USDCHF,3.6295454545454495
2023-07-01,USDCHF,3.63
2023-08-01,USDCHF,3.67272727272727
2023-09-01,USDCHF,3.72
2023-10-01,USDCHF,3.69
2023-11-01,USDCHF,3.6781818181818204
2023-12-01,USDCHF,3.6675000000000004
2024-01-01,USDCHF,3.5747619047618997
2024-02-01,USDCHF,3.5199999999999996
2024-03-01,USDCHF,3.79
2024-04-01,USDCHF,3.83
2024-05-01,USDCHF,3.83
2024-06-01,USDCHF,3.853
2024-07-01,USDCHF,4.116521739130429
2024-08-01,USDCHF,4.05352761904762
2024-09-01,USDCHF,3.8378571428571404
2024-10-01,USDCHF,3.7255073913043484
2024-11-01,USDCHF,3.7234919047619055
2024-12-01,USDCHF,3.85925
2025-01-01,USDCHF,3.921904761904762
2025-02-01,USDCHF,3.96875
2025-03-01,USDCHF,3.977088095238095
2025-04-01,USDCHF,4.16415
2025-05-01,USDCHF,4.198
2025-06-01,USDCHF,4.270397
2025-07-01,USDCHF,4.320652173913044
2025-08-01,USDCHF,4.281499999999999
2025-09-01,USDCHF,4.159696818181818
2025-10-01,USDCHF,4.0443113043478265
2025-11-01,USDCHF,3.9074999999999998
2025-12-01,USDCHF,3.7882128571428573
2026-01-01,USDCHF,3.6688864999999997
2026-02-01,USDCHF,3.7035
2026-03-01,USDCHF,3.7311959090909093
2026-04-01,USDCHF,3.8098335
2026-05-01,USDCHF,3.7594444444444446
2026-06-01,USDCHF,3.815
1973-12-01,NZDUSD,-1.3899999999999997
1974-01-01,NZDUSD,-0.6199999999999992
1974-02-01,NZDUSD,0.6699999999999999
1974-03-01,NZDUSD,0.16000000000000014
1974-04-01,NZDUSD,-1.25
1974-05-01,NZDUSD,-2.0699999999999985
1974-06-01,NZDUSD,-1.9700000000000006
1974-07-01,NZDUSD,-2.25
1974-08-01,NZDUSD,-0.9800000000000004
1974-09-01,NZDUSD,0.7800000000000011
1974-10-01,NZDUSD,3.9700000000000006
1974-11-01,NZDUSD,3.66
1974-12-01,NZDUSD,1.7699999999999996
1975-01-01,NZDUSD,2.2699999999999996
1975-02-01,NZDUSD,3.4700000000000006
1975-03-01,NZDUSD,4.82
1975-04-01,NZDUSD,2.99
1975-05-01,NZDUSD,2.46
1975-06-01,NZDUSD,2.1799999999999997
1975-07-01,NZDUSD,0.4500000000000002
1975-08-01,NZDUSD,0.2599999999999998
1975-09-01,NZDUSD,0.5999999999999996
1975-10-01,NZDUSD,0.6900000000000004
1975-11-01,NZDUSD,0.8700000000000001
1975-12-01,NZDUSD,1.1499999999999995
1976-01-01,NZDUSD,1.1100000000000003
1976-02-01,NZDUSD,2.2
1976-03-01,NZDUSD,2.91
1976-04-01,NZDUSD,3.0100000000000007
1976-05-01,NZDUSD,2.1900000000000004
1976-06-01,NZDUSD,1.4100000000000001
1976-07-01,NZDUSD,2.880000000000001
1976-08-01,NZDUSD,3.0599999999999996
1976-09-01,NZDUSD,4.42
1976-10-01,NZDUSD,4.510000000000001
1976-11-01,NZDUSD,4.24
1976-12-01,NZDUSD,5.710000000000001
1977-01-01,NZDUSD,7.17
1977-02-01,NZDUSD,8.3
1977-03-01,NZDUSD,10.16
1977-04-01,NZDUSD,9.7
1977-05-01,NZDUSD,9.27
1977-06-01,NZDUSD,8.08
1977-07-01,NZDUSD,8.84
1977-08-01,NZDUSD,9.73
1977-09-01,NZDUSD,8.059999999999999
1977-10-01,NZDUSD,7.08
1977-11-01,NZDUSD,5.450000000000001
1977-12-01,NZDUSD,4.79
1978-01-01,NZDUSD,4.56
1978-02-01,NZDUSD,5.23
1978-03-01,NZDUSD,5.2700000000000005
1978-04-01,NZDUSD,4.47
1978-05-01,NZDUSD,3.5999999999999996
1978-06-01,NZDUSD,2.42
1978-07-01,NZDUSD,1.8800000000000008
1978-08-01,NZDUSD,2.139999999999999
1978-09-01,NZDUSD,1.6099999999999994
1978-10-01,NZDUSD,1.0600000000000005
1978-11-01,NZDUSD,-0.10000000000000142
1978-12-01,NZDUSD,0.9100000000000001
1979-01-01,NZDUSD,1.870000000000001
1979-02-01,NZDUSD,2.6799999999999997
1979-03-01,NZDUSD,2.9899999999999984
1979-04-01,NZDUSD,4.1899999999999995
1979-05-01,NZDUSD,4.34
1979-06-01,NZDUSD,4.550000000000001
1979-07-01,NZDUSD,4.82
1979-08-01,NZDUSD,4.219999999999999
1979-09-01,NZDUSD,3.5599999999999987
1979-10-01,NZDUSD,2.41
1979-11-01,NZDUSD,2.299999999999999
1979-12-01,NZDUSD,2.8900000000000006
1980-01-01,NZDUSD,2.4299999999999997
1980-02-01,NZDUSD,1.5199999999999996
1980-03-01,NZDUSD,-2.0199999999999996
1980-04-01,NZDUSD,-1.2200000000000006
1980-05-01,NZDUSD,4.460000000000001
1980-06-01,NZDUSD,4.76
1980-07-01,NZDUSD,4.619999999999999
1980-08-01,NZDUSD,3.459999999999999
1980-09-01,NZDUSD,2.5600000000000005
1980-10-01,NZDUSD,1.0099999999999998
1980-11-01,NZDUSD,-1.629999999999999
1980-12-01,NZDUSD,-4.349999999999998
1981-01-01,NZDUSD,-2.9700000000000006
1981-02-01,NZDUSD,-1.3399999999999999
1981-03-01,NZDUSD,0.7200000000000006
1981-04-01,NZDUSD,-0.0600000000000005
1981-05-01,NZDUSD,-3.969999999999999
1981-06-01,NZDUSD,-2.7499999999999982
1981-07-01,NZDUSD,-2.5100000000000016
1981-08-01,NZDUSD,-2.16
1981-09-01,NZDUSD,-0.9399999999999995
1981-10-01,NZDUSD,1.009999999999998
1981-11-01,NZDUSD,3.7699999999999996
1981-12-01,NZDUSD,3.3599999999999994
1982-01-01,NZDUSD,3.110000000000001
1982-02-01,NZDUSD,2.0
1982-03-01,NZDUSD,3.66
1982-04-01,NZDUSD,3.5600000000000005
1982-05-01,NZDUSD,2.8299999999999983
1982-06-01,NZDUSD,2.169999999999998
1982-07-01,NZDUSD,3.1899999999999995
1982-08-01,NZDUSD,6.02
1982-09-01,NZDUSD,6.440000000000001
1982-10-01,NZDUSD,7.910000000000002
1982-11-01,NZDUSD,8.18
1982-12-01,NZDUSD,7.77
1983-01-01,NZDUSD,6.99
1983-02-01,NZDUSD,5.960000000000001
1983-03-01,NZDUSD,5.360000000000001
1983-04-01,NZDUSD,5.8199999999999985
1983-05-01,NZDUSD,7.01
1983-06-01,NZDUSD,5.300000000000001
1983-07-01,NZDUSD,3.25
1983-08-01,NZDUSD,1.5
1983-09-01,NZDUSD,0.7299999999999986
1983-10-01,NZDUSD,1.9399999999999995
1983-11-01,NZDUSD,2.1900000000000013
1983-12-01,NZDUSD,2.1799999999999997
1984-01-01,NZDUSD,4.08
1984-02-01,NZDUSD,4.340000000000002
1984-03-01,NZDUSD,3.17
1984-04-01,NZDUSD,3.6899999999999995
1984-05-01,NZDUSD,3.1400000000000006
1984-06-01,NZDUSD,4.66
1984-07-01,NZDUSD,3.8200000000000003
1984-08-01,NZDUSD,3.7799999999999994
1984-09-01,NZDUSD,4.73
1984-10-01,NZDUSD,7.220000000000001
1984-11-01,NZDUSD,6.609999999999999
1984-12-01,NZDUSD,6.65
1985-01-01,NZDUSD,9.169999999999998
1985-02-01,NZDUSD,11.58
1985-03-01,NZDUSD,17.45
1985-04-01,NZDUSD,13.58
1985-05-01,NZDUSD,16.33
1985-06-01,NZDUSD,16.29
1985-07-01,NZDUSD,16.38
1985-08-01,NZDUSD,18.32
1985-09-01,NZDUSD,19.27
1985-10-01,NZDUSD,18.69
1985-11-01,NZDUSD,14.220000000000002
1985-12-01,NZDUSD,11.809999999999999
1986-01-01,NZDUSD,14.440000000000001
1986-02-01,NZDUSD,15.829999999999998
1986-03-01,NZDUSD,15.15
1986-04-01,NZDUSD,14.94
1986-05-01,NZDUSD,11.12
1986-06-01,NZDUSD,8.58
1986-07-01,NZDUSD,10.079999999999998
1986-08-01,NZDUSD,10.569999999999999
1986-09-01,NZDUSD,10.32
1986-10-01,NZDUSD,10.59
1986-11-01,NZDUSD,12.430000000000001
1986-12-01,NZDUSD,16.630000000000003
1987-01-01,NZDUSD,17.64
1987-02-01,NZDUSD,19.130000000000003
1987-03-01,NZDUSD,19.89
1987-04-01,NZDUSD,19.830000000000002
1987-05-01,NZDUSD,15.520000000000001
1987-06-01,NZDUSD,12.279999999999998
1987-07-01,NZDUSD,11.760000000000002
1987-08-01,NZDUSD,11.350000000000001
1987-09-01,NZDUSD,11.719999999999999
1987-10-01,NZDUSD,11.75
1987-11-01,NZDUSD,10.97
1987-12-01,NZDUSD,9.149999999999999
1988-01-01,NZDUSD,10.049999999999999
1988-02-01,NZDUSD,10.160000000000002
1988-03-01,NZDUSD,9.36
1988-04-01,NZDUSD,8.98
1988-05-01,NZDUSD,8.97
1988-06-01,NZDUSD,8.35
1988-07-01,NZDUSD,7.05
1988-08-01,NZDUSD,6.15
1988-09-01,NZDUSD,6.1899999999999995
1988-10-01,NZDUSD,5.9
1988-11-01,NZDUSD,5.5600000000000005
1988-12-01,NZDUSD,5.26
1989-01-01,NZDUSD,4.600000000000001
1989-02-01,NZDUSD,3.8900000000000006
1989-03-01,NZDUSD,3.2300000000000004
1989-04-01,NZDUSD,3.4000000000000004
1989-05-01,NZDUSD,3.9000000000000004
1989-06-01,NZDUSD,4.32
1989-07-01,NZDUSD,4.640000000000001
1989-08-01,NZDUSD,4.34
1989-09-01,NZDUSD,4.640000000000001
1989-10-01,NZDUSD,5.25
1989-11-01,NZDUSD,5.49
1989-12-01,NZDUSD,5.75
1990-01-01,NZDUSD,5.74
1990-02-01,NZDUSD,5.609999999999999
1990-03-01,NZDUSD,5.34
1990-04-01,NZDUSD,5.17
1990-05-01,NZDUSD,5.130000000000001
1990-06-01,NZDUSD,5.59
1990-07-01,NZDUSD,5.640000000000001
1990-08-01,NZDUSD,6.5200000000000005
1990-09-01,NZDUSD,6.57
1990-10-01,NZDUSD,6.469999999999999
1990-11-01,NZDUSD,5.950000000000001
1990-12-01,NZDUSD,5.209999999999999
1991-01-01,NZDUSD,5.199999999999999
1991-02-01,NZDUSD,5.43
1991-03-01,NZDUSD,5.499999999999999
1991-04-01,NZDUSD,5.29
1991-05-01,NZDUSD,4.17
1991-06-01,NZDUSD,3.7799999999999994
1991-07-01,NZDUSD,3.67
1991-08-01,NZDUSD,3.789999999999999
1991-09-01,NZDUSD,3.4300000000000006
1991-10-01,NZDUSD,2.709999999999999
1991-11-01,NZDUSD,3.2399999999999993
1991-12-01,NZDUSD,3.3600000000000003
1992-01-01,NZDUSD,3.38
1992-02-01,NZDUSD,3.41
1992-03-01,NZDUSD,3.09
1992-04-01,NZDUSD,3.0700000000000003
1992-05-01,NZDUSD,3.0100000000000002
1992-06-01,NZDUSD,2.9099999999999997
1992-07-01,NZDUSD,2.8099999999999996
1992-08-01,NZDUSD,2.8299999999999996
1992-09-01,NZDUSD,3.13
1992-10-01,NZDUSD,2.9700000000000006
1992-11-01,NZDUSD,2.58
1992-12-01,NZDUSD,3.39
1993-01-01,NZDUSD,4.68
1993-02-01,NZDUSD,4.41
1993-03-01,NZDUSD,4.130000000000001
1993-04-01,NZDUSD,4.0600000000000005
1993-05-01,NZDUSD,3.48
1993-06-01,NZDUSD,3.21
1993-07-01,NZDUSD,2.54
1993-08-01,NZDUSD,2.48
1993-09-01,NZDUSD,2.1799999999999997
1993-10-01,NZDUSD,2.21
1993-11-01,NZDUSD,2.4999999999999996
1993-12-01,NZDUSD,1.9900000000000002
1994-01-01,NZDUSD,1.5100000000000002
1994-02-01,NZDUSD,1.2099999999999995
1994-03-01,NZDUSD,1.6599999999999997
1994-04-01,NZDUSD,2.38
1994-05-01,NZDUSD,1.4800000000000004
1994-06-01,NZDUSD,1.5500000000000007
1994-07-01,NZDUSD,2.3499999999999996
1994-08-01,NZDUSD,2.25
1994-09-01,NZDUSD,2.46
1994-10-01,NZDUSD,2.5
1994-11-01,NZDUSD,2.6800000000000006
1994-12-01,NZDUSD,3.2399999999999993
1995-01-01,NZDUSD,3.049999999999999
1995-02-01,NZDUSD,3.209999999999999
1995-03-01,NZDUSD,3.2699999999999996
1995-04-01,NZDUSD,3.12
1995-05-01,NZDUSD,3.08
1995-06-01,NZDUSD,3.139999999999999
1995-07-01,NZDUSD,3.0700000000000003
1995-08-01,NZDUSD,3.26
1995-09-01,NZDUSD,3.49
1995-10-01,NZDUSD,2.8999999999999995
1995-11-01,NZDUSD,2.5700000000000003
1995-12-01,NZDUSD,2.9400000000000004
1996-01-01,NZDUSD,3.2199999999999998
1996-02-01,NZDUSD,3.3599999999999994
1996-03-01,NZDUSD,3.5699999999999994
1996-04-01,NZDUSD,3.8600000000000003
1996-05-01,NZDUSD,4.46
1996-06-01,NZDUSD,4.579999999999999
1996-07-01,NZDUSD,4.589999999999999
1996-08-01,NZDUSD,4.469999999999999
1996-09-01,NZDUSD,4.390000000000001
1996-10-01,NZDUSD,4.199999999999999
1996-11-01,NZDUSD,3.5900000000000007
1996-12-01,NZDUSD,2.6399999999999997
1997-01-01,NZDUSD,2.12
1997-02-01,NZDUSD,2.09
1997-03-01,NZDUSD,2.05
1997-04-01,NZDUSD,1.7800000000000002
1997-05-01,NZDUSD,1.3199999999999994
1997-06-01,NZDUSD,1.2999999999999998
1997-07-01,NZDUSD,2.1900000000000004
1997-08-01,NZDUSD,2.74
1997-09-01,NZDUSD,2.460000000000001
1997-10-01,NZDUSD,2.1099999999999994
1997-11-01,NZDUSD,1.8599999999999994
1997-12-01,NZDUSD,2.500000000000001
1998-01-01,NZDUSD,3.3500000000000005
1998-02-01,NZDUSD,3.4099999999999993
1998-03-01,NZDUSD,3.42
1998-04-01,NZDUSD,3.6799999999999997
1998-05-01,NZDUSD,3.290000000000001
1998-06-01,NZDUSD,3.5500000000000007
1998-07-01,NZDUSD,2.16
1998-08-01,NZDUSD,1.21
1998-09-01,NZDUSD,0.3799999999999999
1998-10-01,NZDUSD,-0.3600000000000003
1998-11-01,NZDUSD,-0.7400000000000002
1998-12-01,NZDUSD,-0.7599999999999998
1999-01-01,NZDUSD,-0.41999999999999993
1999-02-01,NZDUSD,-0.6000000000000005
1999-03-01,NZDUSD,-0.3200000000000003
1999-04-01,NZDUSD,-0.2400000000000002
1999-05-01,NZDUSD,-0.25
1999-06-01,NZDUSD,-0.3899999999999997
1999-07-01,NZDUSD,-0.5200000000000005
1999-08-01,NZDUSD,-0.6400000000000006
1999-09-01,NZDUSD,-0.5599999999999996
1999-10-01,NZDUSD,-1.0300000000000002
1999-11-01,NZDUSD,-0.6500000000000004
1999-12-01,NZDUSD,-0.3799999999999999
2000-01-01,NZDUSD,-0.27000000000000046
2000-02-01,NZDUSD,-0.08000000000000007
2000-03-01,NZDUSD,0.1200000000000001
2000-04-01,NZDUSD,0.20999999999999996
2000-05-01,NZDUSD,0.05999999999999961
2000-06-01,NZDUSD,0.14999999999999947
2000-07-01,NZDUSD,0.16000000000000014
2000-08-01,NZDUSD,0.1299999999999999
2000-09-01,NZDUSD,0.0600000000000005
2000-10-01,NZDUSD,-0.019999999999999574
2000-11-01,NZDUSD,-0.010000000000000675
2000-12-01,NZDUSD,0.2599999999999998
2001-01-01,NZDUSD,0.9100000000000001
2001-02-01,NZDUSD,1.2200000000000006
2001-03-01,NZDUSD,1.3600000000000003
2001-04-01,NZDUSD,1.4399999999999995
2001-05-01,NZDUSD,1.7700000000000005
2001-06-01,NZDUSD,2.08
2001-07-01,NZDUSD,2.13
2001-08-01,NZDUSD,2.35
2001-09-01,NZDUSD,2.7
2001-10-01,NZDUSD,2.8400000000000003
2001-11-01,NZDUSD,2.8400000000000003
2001-12-01,NZDUSD,3.0300000000000002
2002-01-01,NZDUSD,3.12
2002-02-01,NZDUSD,3.1099999999999994
2002-03-01,NZDUSD,3.3999999999999995
2002-04-01,NZDUSD,3.8099999999999996
2002-05-01,NZDUSD,4.01
2002-06-01,NZDUSD,4.15
2002-07-01,NZDUSD,4.21
2002-08-01,NZDUSD,4.140000000000001
2002-09-01,NZDUSD,4.1000000000000005
2002-10-01,NZDUSD,4.15
2002-11-01,NZDUSD,4.510000000000001
2002-12-01,NZDUSD,4.58
2003-01-01,NZDUSD,4.57
2003-02-01,NZDUSD,4.550000000000001
2003-03-01,NZDUSD,4.58
2003-04-01,NZDUSD,4.49
2003-05-01,NZDUSD,4.16
2003-06-01,NZDUSD,4.19
2003-07-01,NZDUSD,4.0600000000000005
2003-08-01,NZDUSD,4.03
2003-09-01,NZDUSD,4.07
2003-10-01,NZDUSD,4.09
2003-11-01,NZDUSD,4.26
2003-12-01,NZDUSD,4.220000000000001
2004-01-01,NZDUSD,4.289999999999999
2004-02-01,NZDUSD,4.54
2004-03-01,NZDUSD,4.49
2004-04-01,NZDUSD,4.51
2004-05-01,NZDUSD,4.7
2004-06-01,NZDUSD,4.61
2004-07-01,NZDUSD,4.68
2004-08-01,NZDUSD,4.760000000000001
2004-09-01,NZDUSD,4.779999999999999
2004-10-01,NZDUSD,4.71
2004-11-01,NZDUSD,4.46
2004-12-01,NZDUSD,4.26
2005-01-01,NZDUSD,4.15
2005-02-01,NZDUSD,4.0600000000000005
2005-03-01,NZDUSD,4.02
2005-04-01,NZDUSD,3.96
2005-05-01,NZDUSD,3.8299999999999996
2005-06-01,NZDUSD,3.6500000000000004
2005-07-01,NZDUSD,3.4600000000000004
2005-08-01,NZDUSD,3.2600000000000002
2005-09-01,NZDUSD,3.2199999999999998
2005-10-01,NZDUSD,3.1500000000000004
2005-11-01,NZDUSD,3.2300000000000004
2005-12-01,NZDUSD,3.21
2006-01-01,NZDUSD,3.08
2006-02-01,NZDUSD,2.8100000000000005
2006-03-01,NZDUSD,2.6100000000000003
2006-04-01,NZDUSD,2.4399999999999995
2006-05-01,NZDUSD,2.34
2006-06-01,NZDUSD,2.12
2006-07-01,NZDUSD,2.0200000000000005
2006-08-01,NZDUSD,2.1100000000000003
2006-09-01,NZDUSD,2.2199999999999998
2006-10-01,NZDUSD,2.33
2006-11-01,NZDUSD,2.29
2006-12-01,NZDUSD,2.34
2007-01-01,NZDUSD,2.38
2007-02-01,NZDUSD,2.4400000000000004
2007-03-01,NZDUSD,2.58
2007-04-01,NZDUSD,2.670000000000001
2007-05-01,NZDUSD,2.7800000000000002
2007-06-01,NZDUSD,2.99
2007-07-01,NZDUSD,3.119999999999999
2007-08-01,NZDUSD,3.2300000000000004
2007-09-01,NZDUSD,3.3500000000000005
2007-10-01,NZDUSD,3.5999999999999996
2007-11-01,NZDUSD,3.7600000000000007
2007-12-01,NZDUSD,3.880000000000001
2008-01-01,NZDUSD,4.91
2008-02-01,NZDUSD,5.76
2008-03-01,NZDUSD,6.12
2008-04-01,NZDUSD,6.02
2008-05-01,NZDUSD,6.050000000000001
2008-06-01,NZDUSD,5.92
2008-07-01,NZDUSD,5.670000000000001
2008-08-01,NZDUSD,5.409999999999999
2008-09-01,NZDUSD,4.36
2008-10-01,NZDUSD,3.1099999999999994
2008-11-01,NZDUSD,3.89
2008-12-01,NZDUSD,3.4600000000000004
2009-01-01,NZDUSD,3.36
2009-02-01,NZDUSD,2.24
2009-03-01,NZDUSD,2.17
2009-04-01,NZDUSD,2.23
2009-05-01,NZDUSD,2.25
2009-06-01,NZDUSD,2.3899999999999997
2009-07-01,NZDUSD,2.44
2009-08-01,NZDUSD,2.46
2009-09-01,NZDUSD,2.52
2009-10-01,NZDUSD,2.55
2009-11-01,NZDUSD,2.59
2009-12-01,NZDUSD,2.5599999999999996
2010-01-01,NZDUSD,2.5799999999999996
2010-02-01,NZDUSD,2.54
2010-03-01,NZDUSD,2.44
2010-04-01,NZDUSD,2.39
2010-05-01,NZDUSD,2.44
2010-06-01,NZDUSD,2.55
2010-07-01,NZDUSD,2.82
2010-08-01,NZDUSD,2.93
2010-09-01,NZDUSD,2.9000000000000004
2010-10-01,NZDUSD,2.91
2010-11-01,NZDUSD,2.9
2010-12-01,NZDUSD,2.87
2011-01-01,NZDUSD,2.9
2011-02-01,NZDUSD,2.8499999999999996
2011-03-01,NZDUSD,2.41
2011-04-01,NZDUSD,2.42
2011-05-01,NZDUSD,2.45
2011-06-01,NZDUSD,2.4299999999999997
2011-07-01,NZDUSD,2.4699999999999998
2011-08-01,NZDUSD,2.61
2011-09-01,NZDUSD,2.55
2011-10-01,NZDUSD,2.3899999999999997
2011-11-01,NZDUSD,2.28
2011-12-01,NZDUSD,2.2
2012-01-01,NZDUSD,2.3400000000000003
2012-02-01,NZDUSD,2.45
2012-03-01,NZDUSD,2.45
2012-04-01,NZDUSD,2.45
2012-05-01,NZDUSD,2.3
2012-06-01,NZDUSD,2.29
2012-07-01,NZDUSD,2.37
2012-08-01,NZDUSD,2.38
2012-09-01,NZDUSD,2.4000000000000004
2012-10-01,NZDUSD,2.42
2012-11-01,NZDUSD,2.41
2012-12-01,NZDUSD,2.41
2013-01-01,NZDUSD,2.43
2013-02-01,NZDUSD,2.44
2013-03-01,NZDUSD,2.43
2013-04-01,NZDUSD,2.4499999999999997
2013-05-01,NZDUSD,2.44
2013-06-01,NZDUSD,2.45
2013-07-01,NZDUSD,2.5
2013-08-01,NZDUSD,2.52
2013-09-01,NZDUSD,2.54
2013-10-01,NZDUSD,2.55
2013-11-01,NZDUSD,2.54
2013-12-01,NZDUSD,2.59
2014-01-01,NZDUSD,2.76
2014-02-01,NZDUSD,2.8000000000000003
2014-03-01,NZDUSD,2.9299999999999997
2014-04-01,NZDUSD,3.12
2014-05-01,NZDUSD,3.27
2014-06-01,NZDUSD,3.41
2014-07-01,NZDUSD,3.54
2014-08-01,NZDUSD,3.56
2014-09-01,NZDUSD,3.59
2014-10-01,NZDUSD,3.56
2014-11-01,NZDUSD,3.54
2014-12-01,NZDUSD,3.52
2015-01-01,NZDUSD,3.51
2015-02-01,NZDUSD,3.48
2015-03-01,NZDUSD,3.4899999999999998
2015-04-01,NZDUSD,3.5
2015-05-01,NZDUSD,3.38
2015-06-01,NZDUSD,3.15
2015-07-01,NZDUSD,2.94
2015-08-01,NZDUSD,2.6900000000000004
2015-09-01,NZDUSD,2.58
2015-10-01,NZDUSD,2.61
2015-11-01,NZDUSD,2.5900000000000003
2015-12-01,NZDUSD,2.25
2016-01-01,NZDUSD,2.16
2016-02-01,NZDUSD,2.08
2016-03-01,NZDUSD,1.8800000000000001
2016-04-01,NZDUSD,1.7899999999999998
2016-05-01,NZDUSD,1.81
2016-06-01,NZDUSD,1.82
2016-07-01,NZDUSD,1.75
2016-08-01,NZDUSD,1.5100000000000002
2016-09-01,NZDUSD,1.48
2016-10-01,NZDUSD,1.43
2016-11-01,NZDUSD,1.3599999999999999
2016-12-01,NZDUSD,1.1599999999999997
2017-01-01,NZDUSD,1.08
2017-02-01,NZDUSD,1.15
2017-03-01,NZDUSD,1.0
2017-04-01,NZDUSD,0.94
2017-05-01,NZDUSD,0.9299999999999999
2017-06-01,NZDUSD,0.79
2017-07-01,NZDUSD,0.74
2017-08-01,NZDUSD,0.7
2017-09-01,NZDUSD,0.7
2017-10-01,NZDUSD,0.6799999999999999
2017-11-01,NZDUSD,0.6099999999999999
2017-12-01,NZDUSD,0.33999999999999986
2018-01-01,NZDUSD,0.25
2018-02-01,NZDUSD,0.1299999999999999
2018-03-01,NZDUSD,-0.15000000000000013
2018-04-01,NZDUSD,-0.1900000000000004
2018-05-01,NZDUSD,-0.15000000000000036
2018-06-01,NZDUSD,-0.18000000000000016
2018-07-01,NZDUSD,-0.22999999999999998
2018-08-01,NZDUSD,-0.29000000000000004
2018-09-01,NZDUSD,-0.3400000000000003
2018-10-01,NZDUSD,-0.4800000000000002
2018-11-01,NZDUSD,-0.5800000000000001
2018-12-01,NZDUSD,-0.71
2019-01-01,NZDUSD,-0.6799999999999999
2019-02-01,NZDUSD,-0.5900000000000003
2019-03-01,NZDUSD,-0.6000000000000001
2019-04-01,NZDUSD,-0.6600000000000001
2019-05-01,NZDUSD,-0.72
2019-06-01,NZDUSD,-0.6999999999999997
2019-07-01,NZDUSD,-0.6700000000000002
2019-08-01,NZDUSD,-0.81
2019-09-01,NZDUSD,-0.8799999999999999
2019-10-01,NZDUSD,-0.8299999999999998
2019-11-01,NZDUSD,-0.5900000000000001
2019-12-01,NZDUSD,-0.54
2020-01-01,NZDUSD,-0.3799999999999999
2020-02-01,NZDUSD,-0.41000000000000014
2020-03-01,NZDUSD,-0.6400000000000001
2020-04-01,NZDUSD,-0.9600000000000001
2020-05-01,NZDUSD,0.09
2020-06-01,NZDUSD,0.08000000000000002
2020-07-01,NZDUSD,0.12
2020-08-01,NZDUSD,0.13999999999999999
2020-09-01,NZDUSD,0.16999999999999998
2020-10-01,NZDUSD,0.15000000000000002
2020-11-01,NZDUSD,0.11000000000000001
2020-12-01,NZDUSD,0.09
2021-01-01,NZDUSD,0.14
2021-02-01,NZDUSD,0.17000000000000004
2021-03-01,NZDUSD,0.23
2021-04-01,NZDUSD,0.23000000000000004
2021-05-01,NZDUSD,0.24999999999999997
2021-06-01,NZDUSD,0.24000000000000002
2021-07-01,NZDUSD,0.30000000000000004
2021-08-01,NZDUSD,0.44000000000000006
2021-09-01,NZDUSD,0.47
2021-10-01,NZDUSD,0.59
2021-11-01,NZDUSD,0.69
2021-12-01,NZDUSD,0.74
2022-01-01,NZDUSD,0.81
2022-02-01,NZDUSD,0.83
2022-03-01,NZDUSD,0.76
2022-04-01,NZDUSD,0.9
2022-05-01,NZDUSD,0.8900000000000001
2022-06-01,NZDUSD,0.81
2022-07-01,NZDUSD,0.5299999999999998
2022-08-01,NZDUSD,0.5500000000000003
2022-09-01,NZDUSD,0.43000000000000016
2022-10-01,NZDUSD,0.1499999999999999
2022-11-01,NZDUSD,-0.21999999999999975
2022-12-01,NZDUSD,0.020000000000000462
2023-01-01,NZDUSD,0.1999999999999993
2023-02-01,NZDUSD,0.2699999999999996
2023-03-01,NZDUSD,0.2400000000000002
2023-04-01,NZDUSD,0.45999999999999996
2023-05-01,NZDUSD,0.5199999999999996
2023-06-01,NZDUSD,0.45999999999999996
2023-07-01,NZDUSD,0.3200000000000003
2023-08-01,NZDUSD,0.1999999999999993
2023-09-01,NZDUSD,0.1899999999999995
2023-10-01,NZDUSD,0.21999999999999975
2023-11-01,NZDUSD,0.21999999999999975
2023-12-01,NZDUSD,0.3099999999999996
2024-01-01,NZDUSD,0.3799999999999999
2024-02-01,NZDUSD,0.4900000000000002
2024-03-01,NZDUSD,0.34999999999999964
2024-04-01,NZDUSD,0.2999999999999998
2024-05-01,NZDUSD,0.29000000000000004
2024-06-01,NZDUSD,0.33999999999999986
2024-07-01,NZDUSD,0.2400000000000002
2024-08-01,NZDUSD,0.17999999999999972
2024-09-01,NZDUSD,0.1899999999999995
2024-10-01,NZDUSD,0.03000000000000025
2024-11-01,NZDUSD,-0.11000000000000032
2024-12-01,NZDUSD,-0.1900000000000004
2025-01-01,NZDUSD,-0.28000000000000025
2025-02-01,NZDUSD,-0.5299999999999998
2025-03-01,NZDUSD,-0.6200000000000001
2025-04-01,NZDUSD,-0.8300000000000001
2025-05-01,NZDUSD,-0.9500000000000002
2025-06-01,NZDUSD,-1.0099999999999998
2025-07-01,NZDUSD,-1.0300000000000002
2025-08-01,NZDUSD,-1.1199999999999997
2025-09-01,NZDUSD,-1.1699999999999995
2025-10-01,NZDUSD,-1.4
2025-11-01,NZDUSD,-1.3899999999999997
2025-12-01,NZDUSD,-1.25
2026-01-01,NZDUSD,-1.13
2026-02-01,NZDUSD,-1.17
2026-03-01,NZDUSD,-1.1800000000000002
2026-04-01,NZDUSD,-1.21
2026-05-01,NZDUSD,-1.0900000000000003
2026-06-01,NZDUSD,-1.0899999999999999
