Date,pair,n_ticks
2010-01-01,AUDUSD,72622.3
2010-01-03,AUDUSD,1303.2
2010-01-04,AUDUSD,45216.8
2010-01-05,AUDUSD,52283.2
2010-01-06,AUDUSD,51910.0
2010-01-07,AUDUSD,44605.3
2010-01-08,AUDUSD,53134.6
2010-01-10,AUDUSD,2070.8
2010-01-11,AUDUSD,33849.3
2010-01-12,AUDUSD,58178.9
2010-01-13,AUDUSD,57296.5
2010-01-14,AUDUSD,39105.2
2010-01-15,AUDUSD,49974.6
2010-01-17,AUDUSD,1079.2
2010-01-18,AUDUSD,26495.5
2010-01-19,AUDUSD,52443.9
2010-01-20,AUDUSD,64618.9
2010-01-21,AUDUSD,58634.0
2010-01-22,AUDUSD,54235.7
2010-01-24,AUDUSD,1848.1
2010-01-25,AUDUSD,48644.4
2010-01-26,AUDUSD,70317.9
2010-01-27,AUDUSD,83411.8
2010-01-28,AUDUSD,70097.5
2010-01-29,AUDUSD,81464.9
2010-01-31,AUDUSD,2373.3
2010-02-01,AUDUSD,64414.4
2010-02-02,AUDUSD,74504.6
2010-02-03,AUDUSD,68281.4
2010-02-04,AUDUSD,70305.6
2010-02-05,AUDUSD,92131.5
2010-02-07,AUDUSD,1779.7
2010-02-08,AUDUSD,65933.9
2010-02-09,AUDUSD,75419.5
2010-02-10,AUDUSD,79461.9
2010-02-11,AUDUSD,71575.8
2010-02-12,AUDUSD,75444.8
2010-02-14,AUDUSD,696.0
2010-02-15,AUDUSD,29974.5
2010-02-16,AUDUSD,62261.3
2010-02-17,AUDUSD,65719.0
2010-02-18,AUDUSD,61809.1
2010-02-19,AUDUSD,65458.6
2010-02-21,AUDUSD,2215.7
2010-02-22,AUDUSD,48510.1
2010-02-23,AUDUSD,65052.9
2010-02-24,AUDUSD,46594.7
2010-02-25,AUDUSD,73628.2
2010-02-26,AUDUSD,74186.8
2010-02-28,AUDUSD,2327.8
2010-03-01,AUDUSD,69604.5
2010-03-02,AUDUSD,76749.2
2010-03-03,AUDUSD,69299.0
2010-03-04,AUDUSD,56865.4
2010-03-05,AUDUSD,45034.2
2010-03-07,AUDUSD,1878.1
2010-03-08,AUDUSD,46383.4
2010-03-09,AUDUSD,58275.6
2010-03-10,AUDUSD,58129.7
2010-03-11,AUDUSD,51927.9
2010-03-12,AUDUSD,50518.8
2010-03-14,AUDUSD,1200.5
2010-03-15,AUDUSD,48980.6
2010-03-16,AUDUSD,40052.8
2010-03-17,AUDUSD,57382.1
2010-03-18,AUDUSD,43404.7
2010-03-19,AUDUSD,65792.4
2010-03-21,AUDUSD,1494.1
2010-03-22,AUDUSD,61277.6
2010-03-23,AUDUSD,49888.6
2010-03-24,AUDUSD,68020.0
2010-03-25,AUDUSD,56264.3
2010-03-26,AUDUSD,56171.0
2010-03-28,AUDUSD,1630.6
2010-03-29,AUDUSD,51903.4
2010-03-30,AUDUSD,45024.2
2010-03-31,AUDUSD,60111.0
2010-04-01,AUDUSD,50742.0
2010-04-02,AUDUSD,13227.4
2010-04-04,AUDUSD,789.7
2010-04-05,AUDUSD,20348.6
2010-04-06,AUDUSD,57680.8
2010-04-07,AUDUSD,50538.5
2010-04-08,AUDUSD,51819.3
2010-04-09,AUDUSD,45327.9
2010-04-11,AUDUSD,2658.2
2010-04-12,AUDUSD,46985.7
2010-04-13,AUDUSD,48883.1
2010-04-14,AUDUSD,53347.1
2010-04-15,AUDUSD,48588.1
2010-04-16,AUDUSD,59448.9
2010-04-18,AUDUSD,1689.1
2010-04-19,AUDUSD,56788.5
2010-04-20,AUDUSD,46355.2
2010-04-21,AUDUSD,58258.3
2010-04-22,AUDUSD,64518.4
2010-04-23,AUDUSD,60367.8
2010-04-25,AUDUSD,1188.8
2010-04-26,AUDUSD,47113.2
2010-04-27,AUDUSD,69555.0
2010-04-28,AUDUSD,100297.6
2010-04-29,AUDUSD,65994.0
2010-04-30,AUDUSD,67490.3
2010-05-02,AUDUSD,1774.3
2010-05-03,AUDUSD,44086.1
2010-05-04,AUDUSD,85721.9
2010-05-05,AUDUSD,106418.9
2010-05-06,AUDUSD,142964.7
2010-05-07,AUDUSD,152688.7
2010-05-09,AUDUSD,4137.3
2010-05-10,AUDUSD,101026.8
2010-05-11,AUDUSD,100823.2
2010-05-12,AUDUSD,95381.2
2010-05-13,AUDUSD,98362.1
2010-05-14,AUDUSD,102274.6
2010-05-16,AUDUSD,1506.2
2010-05-17,AUDUSD,131710.5
2010-05-18,AUDUSD,128754.5
2010-05-19,AUDUSD,147650.9
2010-05-20,AUDUSD,173918.0
2010-05-21,AUDUSD,124230.6
2010-05-23,AUDUSD,3474.8
2010-05-24,AUDUSD,119625.9
2010-05-25,AUDUSD,148337.2
2010-05-26,AUDUSD,114756.9
2010-05-27,AUDUSD,108868.0
2010-05-28,AUDUSD,83012.6
2010-05-30,AUDUSD,2955.4
2010-05-31,AUDUSD,39402.1
2010-06-01,AUDUSD,121617.5
2010-06-02,AUDUSD,112174.3
2010-06-03,AUDUSD,86814.5
2010-06-04,AUDUSD,101680.6
2010-06-06,AUDUSD,4661.7
2010-06-07,AUDUSD,108366.0
2010-06-08,AUDUSD,128553.3
2010-06-09,AUDUSD,103348.9
2010-06-10,AUDUSD,91839.6
2010-06-11,AUDUSD,85493.5
2010-06-13,AUDUSD,1688.6
2010-06-14,AUDUSD,73210.6
2010-06-15,AUDUSD,85613.6
2010-06-16,AUDUSD,83224.5
2010-06-17,AUDUSD,74110.4
2010-06-18,AUDUSD,119100.7
2010-06-20,AUDUSD,3778.5
2010-06-21,AUDUSD,79870.7
2010-06-22,AUDUSD,89877.3
2010-06-23,AUDUSD,107104.4
2010-06-24,AUDUSD,78840.2
2010-06-25,AUDUSD,91137.6
2010-06-27,AUDUSD,1883.2
2010-06-28,AUDUSD,72609.4
2010-06-29,AUDUSD,95835.7
2010-06-30,AUDUSD,93678.0
2010-07-01,AUDUSD,103370.1
2010-07-02,AUDUSD,88137.7
2010-07-04,AUDUSD,2600.9
2010-07-05,AUDUSD,39084.6
2010-07-06,AUDUSD,84311.3
2010-07-07,AUDUSD,82795.0
2010-07-08,AUDUSD,69493.3
2010-07-09,AUDUSD,62939.7
2010-07-11,AUDUSD,1556.9
2010-07-12,AUDUSD,65757.5
2010-07-13,AUDUSD,84817.2
2010-07-14,AUDUSD,85748.2
2010-07-15,AUDUSD,93945.4
2010-07-16,AUDUSD,87375.3
2010-07-18,AUDUSD,2933.7
2010-07-19,AUDUSD,79747.4
2010-07-20,AUDUSD,94419.5
2010-07-21,AUDUSD,91396.0
2010-07-22,AUDUSD,87344.8
2010-07-23,AUDUSD,100826.4
2010-07-25,AUDUSD,2743.7
2010-07-26,AUDUSD,100297.5
2010-07-27,AUDUSD,91566.7
2010-07-28,AUDUSD,114532.1
2010-07-29,AUDUSD,87213.6
2010-07-30,AUDUSD,100627.3
2010-08-01,AUDUSD,1917.1
2010-08-02,AUDUSD,86262.5
2010-08-03,AUDUSD,78187.2
2010-08-04,AUDUSD,81937.0
2010-08-05,AUDUSD,56329.1
2010-08-06,AUDUSD,70829.7
2010-08-08,AUDUSD,1236.8
2010-08-09,AUDUSD,62414.4
2010-08-10,AUDUSD,85871.1
2010-08-11,AUDUSD,103528.5
2010-08-12,AUDUSD,86630.7
2010-08-13,AUDUSD,80835.8
2010-08-15,AUDUSD,1587.2
2010-08-16,AUDUSD,93304.1
2010-08-17,AUDUSD,75117.7
2010-08-18,AUDUSD,81400.0
2010-08-19,AUDUSD,74960.1
2010-08-20,AUDUSD,84052.7
2010-08-22,AUDUSD,2142.4
2010-08-23,AUDUSD,68864.3
2010-08-24,AUDUSD,92445.5
2010-08-25,AUDUSD,95542.6
2010-08-26,AUDUSD,72733.6
2010-08-27,AUDUSD,79165.1
2010-08-29,AUDUSD,2731.5
2010-08-30,AUDUSD,56662.6
2010-08-31,AUDUSD,90792.2
2010-09-01,AUDUSD,86781.9
2010-09-02,AUDUSD,59568.6
2010-09-03,AUDUSD,65414.2
2010-09-05,AUDUSD,1725.4
2010-09-06,AUDUSD,37850.0
2010-09-07,AUDUSD,83761.8
2010-09-08,AUDUSD,80822.2
2010-09-09,AUDUSD,64948.0
2010-09-10,AUDUSD,60386.4
2010-09-12,AUDUSD,2841.1
2010-09-13,AUDUSD,57257.0
2010-09-14,AUDUSD,75471.3
2010-09-15,AUDUSD,86195.5
2010-09-16,AUDUSD,62968.2
2010-09-17,AUDUSD,73305.9
2010-09-19,AUDUSD,976.1
2010-09-20,AUDUSD,58586.7
2010-09-21,AUDUSD,70279.2
2010-09-22,AUDUSD,88256.2
2010-09-23,AUDUSD,79792.9
2010-09-24,AUDUSD,79441.3
2010-09-26,AUDUSD,1873.3
2010-09-27,AUDUSD,76508.6
2010-09-28,AUDUSD,80917.0
2010-09-29,AUDUSD,92558.0
2010-09-30,AUDUSD,93836.3
2010-10-01,AUDUSD,82186.2
2010-10-03,AUDUSD,1791.3
2010-10-04,AUDUSD,98951.3
2010-10-05,AUDUSD,125686.3
2010-10-06,AUDUSD,118641.0
2010-10-07,AUDUSD,107413.2
2010-10-08,AUDUSD,124669.2
2010-10-10,AUDUSD,3050.9
2010-10-11,AUDUSD,86274.3
2010-10-12,AUDUSD,139118.6
2010-10-13,AUDUSD,110793.6
2010-10-14,AUDUSD,112518.0
2010-10-15,AUDUSD,135297.3
2010-10-17,AUDUSD,1975.0
2010-10-18,AUDUSD,116092.6
2010-10-19,AUDUSD,178006.9
2010-10-20,AUDUSD,158912.8
2010-10-21,AUDUSD,133448.1
2010-10-22,AUDUSD,101533.8
2010-10-24,AUDUSD,2457.0
2010-10-25,AUDUSD,108703.2
2010-10-26,AUDUSD,129567.7
2010-10-27,AUDUSD,143871.4
2010-10-28,AUDUSD,104080.1
2010-10-29,AUDUSD,123147.8
2010-11-01,AUDUSD,94739.4
2010-11-02,AUDUSD,105201.4
2010-11-03,AUDUSD,106071.6
2010-11-04,AUDUSD,104055.5
2010-11-05,AUDUSD,99513.0
2010-11-07,AUDUSD,22037.8
2010-11-08,AUDUSD,99983.5
2010-11-09,AUDUSD,99269.4
2010-11-10,AUDUSD,102542.4
2010-11-11,AUDUSD,96462.3
2010-11-12,AUDUSD,95006.7
2010-11-14,AUDUSD,10297.1
2010-11-15,AUDUSD,60174.8
2010-11-16,AUDUSD,58414.1
2010-11-17,AUDUSD,51691.4
2010-11-18,AUDUSD,51115.2
2010-11-19,AUDUSD,46201.5
2010-11-21,AUDUSD,8195.5
2010-11-22,AUDUSD,48643.2
2010-11-23,AUDUSD,61764.5
2010-11-24,AUDUSD,58466.8
2010-11-25,AUDUSD,38339.5
2010-11-26,AUDUSD,47908.9
2010-11-28,AUDUSD,9799.1
2010-11-29,AUDUSD,93858.3
2010-11-30,AUDUSD,164746.0
2010-12-01,AUDUSD,138050.6
2010-12-02,AUDUSD,123208.8
2010-12-03,AUDUSD,105727.3
2010-12-05,AUDUSD,15500.0
2010-12-06,AUDUSD,109439.1
2010-12-07,AUDUSD,119118.0
2010-12-08,AUDUSD,115572.0
2010-12-09,AUDUSD,104611.5
2010-12-10,AUDUSD,83505.6
2010-12-12,AUDUSD,12691.8
2010-12-13,AUDUSD,108915.5
2010-12-14,AUDUSD,124651.5
2010-12-15,AUDUSD,114958.0
2010-12-16,AUDUSD,98144.6
2010-12-17,AUDUSD,84032.6
2010-12-19,AUDUSD,15885.1
2010-12-20,AUDUSD,106407.2
2010-12-21,AUDUSD,97346.9
2010-12-22,AUDUSD,83441.0
2010-12-23,AUDUSD,70793.9
2010-12-24,AUDUSD,25755.1
2010-12-26,AUDUSD,10763.5
2010-12-27,AUDUSD,64308.7
2010-12-28,AUDUSD,88063.3
2010-12-29,AUDUSD,74513.9
2010-12-30,AUDUSD,63368.1
2010-12-31,AUDUSD,52621.8
2011-01-02,AUDUSD,9317.3
2011-01-03,AUDUSD,70636.8
2011-01-04,AUDUSD,118747.6
2011-01-05,AUDUSD,116599.0
2011-01-06,AUDUSD,101505.1
2011-01-07,AUDUSD,100962.1
2011-01-09,AUDUSD,14027.8
2011-01-10,AUDUSD,110742.3
2011-01-11,AUDUSD,126707.5
2011-01-12,AUDUSD,103445.4
2011-01-13,AUDUSD,103585.4
2011-01-14,AUDUSD,101359.7
2011-01-16,AUDUSD,12421.4
2011-01-17,AUDUSD,79507.7
2011-01-18,AUDUSD,112813.1
2011-01-19,AUDUSD,135034.6
2011-01-20,AUDUSD,141519.8
2011-01-21,AUDUSD,112808.5
2011-01-23,AUDUSD,11067.8
2011-01-24,AUDUSD,115146.9
2011-01-25,AUDUSD,120001.9
2011-01-26,AUDUSD,104644.8
2011-01-27,AUDUSD,123991.2
2011-01-28,AUDUSD,121310.5
2011-01-30,AUDUSD,20263.4
2011-01-31,AUDUSD,136908.3
2011-02-01,AUDUSD,175590.6
2011-02-02,AUDUSD,146651.2
2011-02-03,AUDUSD,151125.2
2011-02-04,AUDUSD,151330.0
2011-02-06,AUDUSD,18072.5
2011-02-07,AUDUSD,142027.0
2011-02-08,AUDUSD,154245.3
2011-02-09,AUDUSD,131572.3
2011-02-10,AUDUSD,142087.2
2011-02-11,AUDUSD,116505.4
2011-02-13,AUDUSD,15787.8
2011-02-14,AUDUSD,108022.9
2011-02-15,AUDUSD,140201.5
2011-02-16,AUDUSD,155819.2
2011-02-17,AUDUSD,147682.5
2011-02-18,AUDUSD,129959.7
2011-02-20,AUDUSD,9328.5
2011-02-21,AUDUSD,86561.3
2011-02-22,AUDUSD,180830.4
2011-02-23,AUDUSD,155040.2
2011-02-24,AUDUSD,201787.4
2011-02-25,AUDUSD,146102.8
2011-02-27,AUDUSD,19517.8
2011-02-28,AUDUSD,169743.3
2011-03-01,AUDUSD,181950.0
2011-03-02,AUDUSD,177978.9
2011-03-03,AUDUSD,147121.6
2011-03-04,AUDUSD,123094.8
2011-03-06,AUDUSD,14492.0
2011-03-07,AUDUSD,125410.7
2011-03-08,AUDUSD,143894.0
2011-03-09,AUDUSD,124546.7
2011-03-10,AUDUSD,173837.6
2011-03-11,AUDUSD,169620.8
2011-03-13,AUDUSD,30553.4
2011-03-14,AUDUSD,172415.8
2011-03-15,AUDUSD,251165.2
2011-03-16,AUDUSD,266382.4
2011-03-17,AUDUSD,226177.2
2011-03-18,AUDUSD,176798.6
2011-03-20,AUDUSD,18912.4
2011-03-21,AUDUSD,145290.7
2011-03-22,AUDUSD,133605.8
2011-03-23,AUDUSD,172671.2
2011-03-24,AUDUSD,180859.8
2011-03-25,AUDUSD,140883.7
2011-03-27,AUDUSD,16332.9
2011-03-28,AUDUSD,123393.7
2011-03-29,AUDUSD,126021.9
2011-03-30,AUDUSD,147240.9
2011-03-31,AUDUSD,134552.6
2011-04-01,AUDUSD,132352.3
2011-04-03,AUDUSD,11421.9
2011-04-04,AUDUSD,107744.8
2011-04-05,AUDUSD,128866.9
2011-04-06,AUDUSD,130868.0
2011-04-07,AUDUSD,147628.8
2011-04-08,AUDUSD,131284.8
2011-04-10,AUDUSD,14257.4
2011-04-11,AUDUSD,122084.1
2011-04-12,AUDUSD,175247.1
2011-04-13,AUDUSD,147237.5
2011-04-14,AUDUSD,152544.4
2011-04-15,AUDUSD,115150.7
2011-04-17,AUDUSD,12806.8
2011-04-18,AUDUSD,133104.2
2011-04-19,AUDUSD,151492.2
2011-04-20,AUDUSD,170406.8
2011-04-21,AUDUSD,137665.4
2011-04-22,AUDUSD,26027.1
2011-04-24,AUDUSD,14934.7
2011-04-25,AUDUSD,92830.8
2011-04-26,AUDUSD,152890.4
2011-04-27,AUDUSD,157788.5
2011-04-28,AUDUSD,147940.3
2011-04-29,AUDUSD,120219.6
2011-05-01,AUDUSD,25411.4
2011-05-02,AUDUSD,132827.3
2011-05-03,AUDUSD,178839.2
2011-05-04,AUDUSD,190171.3
2011-05-05,AUDUSD,208720.4
2011-05-06,AUDUSD,209049.8
2011-05-08,AUDUSD,22600.3
2011-05-09,AUDUSD,178487.9
2011-05-10,AUDUSD,176487.4
2011-05-11,AUDUSD,183464.9
2011-05-12,AUDUSD,220236.6
2011-05-13,AUDUSD,189466.8
2011-05-15,AUDUSD,18118.4
2011-05-16,AUDUSD,183268.2
2011-05-17,AUDUSD,182377.9
2011-05-18,AUDUSD,160634.4
2011-05-19,AUDUSD,159109.3
2011-05-20,AUDUSD,147296.3
2011-05-22,AUDUSD,20671.3
2011-05-23,AUDUSD,167484.6
2011-05-24,AUDUSD,153114.8
2011-05-25,AUDUSD,177224.3
2011-05-26,AUDUSD,165315.4
2011-05-27,AUDUSD,160557.1
2011-05-29,AUDUSD,11270.1
2011-05-30,AUDUSD,63568.4
2011-05-31,AUDUSD,148300.0
2011-06-01,AUDUSD,167202.2
2011-06-02,AUDUSD,164192.3
2011-06-03,AUDUSD,150392.5
2011-06-05,AUDUSD,13225.0
2011-06-06,AUDUSD,130762.2
2011-06-07,AUDUSD,146558.4
2011-06-08,AUDUSD,149593.1
2011-06-09,AUDUSD,136507.6
2011-06-10,AUDUSD,140020.7
2011-06-12,AUDUSD,13179.0
2011-06-13,AUDUSD,123915.9
2011-06-14,AUDUSD,140549.4
2011-06-15,AUDUSD,157634.2
2011-06-16,AUDUSD,177885.1
2011-06-17,AUDUSD,151484.7
2011-06-19,AUDUSD,15682.4
2011-06-20,AUDUSD,138108.9
2011-06-21,AUDUSD,132430.9
2011-06-22,AUDUSD,152029.3
2011-06-23,AUDUSD,190060.8
2011-06-24,AUDUSD,170274.8
2011-06-26,AUDUSD,20120.1
2011-06-27,AUDUSD,185740.1
2011-06-28,AUDUSD,167083.7
2011-06-29,AUDUSD,177320.5
2011-06-30,AUDUSD,155866.3
2011-07-01,AUDUSD,136602.3
2011-07-03,AUDUSD,10602.3
2011-07-04,AUDUSD,91907.5
2011-07-05,AUDUSD,133274.3
2011-07-06,AUDUSD,151551.1
2011-07-07,AUDUSD,154907.0
2011-07-08,AUDUSD,152392.5
2011-07-10,AUDUSD,18385.5
2011-07-11,AUDUSD,168576.0
2011-07-12,AUDUSD,198391.7
2011-07-13,AUDUSD,176699.3
2011-07-14,AUDUSD,161392.9
2011-07-15,AUDUSD,155282.8
2011-07-17,AUDUSD,13992.4
2011-07-18,AUDUSD,149366.3
2011-07-19,AUDUSD,150173.7
2011-07-20,AUDUSD,132584.5
2011-07-21,AUDUSD,149628.7
2011-07-22,AUDUSD,111820.6
2011-07-24,AUDUSD,14715.6
2011-07-25,AUDUSD,114844.3
2011-07-26,AUDUSD,139130.6
2011-07-27,AUDUSD,140844.5
2011-07-28,AUDUSD,135521.9
2011-07-29,AUDUSD,151438.9
2011-07-31,AUDUSD,15379.1
2011-08-01,AUDUSD,143118.9
2011-08-02,AUDUSD,172334.1
2011-08-03,AUDUSD,189750.8
2011-08-04,AUDUSD,225964.1
2011-08-05,AUDUSD,233620.6
2011-08-07,AUDUSD,39836.8
2011-08-08,AUDUSD,260754.7
2011-08-09,AUDUSD,278038.8
2011-08-10,AUDUSD,239197.0
2011-08-11,AUDUSD,255105.0
2011-08-12,AUDUSD,183400.0
2011-08-14,AUDUSD,8344.2
2011-08-15,AUDUSD,119033.3
2011-08-16,AUDUSD,155707.0
2011-08-17,AUDUSD,149531.9
2011-08-18,AUDUSD,175342.5
2011-08-19,AUDUSD,192332.4
2011-08-21,AUDUSD,16873.3
2011-08-22,AUDUSD,151770.7
2011-08-23,AUDUSD,144826.1
2011-08-24,AUDUSD,142043.0
2011-08-25,AUDUSD,147558.0
2011-08-26,AUDUSD,137741.9
2011-08-28,AUDUSD,13139.1
2011-08-29,AUDUSD,93395.7
2011-08-30,AUDUSD,121604.9
2011-08-31,AUDUSD,120262.9
2011-09-01,AUDUSD,142104.3
2011-09-02,AUDUSD,140609.7
2011-09-04,AUDUSD,16023.9
2011-09-05,AUDUSD,109720.1
2011-09-06,AUDUSD,177175.3
2011-09-07,AUDUSD,147798.6
2011-09-08,AUDUSD,155019.1
2011-09-09,AUDUSD,158270.3
2011-09-11,AUDUSD,25827.9
2011-09-12,AUDUSD,198773.8
2011-09-13,AUDUSD,189933.9
2011-09-14,AUDUSD,211009.2
2011-09-15,AUDUSD,181676.5
2011-09-16,AUDUSD,146730.4
2011-09-18,AUDUSD,21504.1
2011-09-19,AUDUSD,170970.0
2011-09-20,AUDUSD,175582.6
2011-09-21,AUDUSD,182053.5
2011-09-22,AUDUSD,257790.8
2011-09-23,AUDUSD,241971.8
2011-09-25,AUDUSD,34379.6
2011-09-26,AUDUSD,248539.4
2011-09-27,AUDUSD,215562.7
2011-09-28,AUDUSD,210736.1
2011-09-29,AUDUSD,222560.3
2011-09-30,AUDUSD,194591.2
2011-10-02,AUDUSD,29039.7
2011-10-03,AUDUSD,219323.9
2011-10-04,AUDUSD,268677.3
2011-10-05,AUDUSD,229272.7
2011-10-06,AUDUSD,211704.7
2011-10-07,AUDUSD,195892.3
2011-10-09,AUDUSD,23363.6
2011-10-10,AUDUSD,185325.2
2011-10-11,AUDUSD,202114.1
2011-10-12,AUDUSD,201526.3
2011-10-13,AUDUSD,204900.4
2011-10-14,AUDUSD,169348.6
2011-10-16,AUDUSD,24038.8
2011-10-17,AUDUSD,206556.2
2011-10-18,AUDUSD,235183.7
2011-10-19,AUDUSD,216605.5
2011-10-20,AUDUSD,246205.3
2011-10-21,AUDUSD,204100.8
2011-10-23,AUDUSD,30961.6
2011-10-24,AUDUSD,209955.8
2011-10-25,AUDUSD,209699.6
2011-10-26,AUDUSD,215115.9
2011-10-27,AUDUSD,236288.8
2011-10-28,AUDUSD,192308.8
2011-10-30,AUDUSD,10087.8
2011-10-31,AUDUSD,221086.7
2011-11-01,AUDUSD,258886.6
2011-11-02,AUDUSD,237132.7
2011-11-03,AUDUSD,242804.5
2011-11-04,AUDUSD,206216.4
2011-11-06,AUDUSD,24086.1
2011-11-07,AUDUSD,206699.2
2011-11-08,AUDUSD,208807.5
2011-11-09,AUDUSD,241802.4
2011-11-10,AUDUSD,236863.5
2011-11-11,AUDUSD,178723.9
2011-11-13,AUDUSD,21381.2
2011-11-14,AUDUSD,196479.6
2011-11-15,AUDUSD,203525.5
2011-11-16,AUDUSD,229214.4
2011-11-17,AUDUSD,246756.7
2011-11-18,AUDUSD,235191.3
2011-11-20,AUDUSD,27625.4
2011-11-21,AUDUSD,244792.3
2011-11-22,AUDUSD,228213.0
2011-11-23,AUDUSD,227553.2
2011-11-24,AUDUSD,156404.4
2011-11-25,AUDUSD,180752.8
2011-11-27,AUDUSD,34978.1
2011-11-28,AUDUSD,224265.7
2011-11-29,AUDUSD,224455.8
2011-11-30,AUDUSD,227124.0
2011-12-01,AUDUSD,191319.0
2011-12-02,AUDUSD,170619.5
2011-12-04,AUDUSD,19930.3
2011-12-05,AUDUSD,190626.7
2011-12-06,AUDUSD,195879.7
2011-12-07,AUDUSD,193495.3
2011-12-08,AUDUSD,222507.0
2011-12-09,AUDUSD,225898.7
2011-12-11,AUDUSD,22144.5
2011-12-12,AUDUSD,212073.4
2011-12-13,AUDUSD,229970.5
2011-12-14,AUDUSD,233179.7
2011-12-15,AUDUSD,217021.5
2011-12-16,AUDUSD,206303.4
2011-12-18,AUDUSD,31499.6
2011-12-19,AUDUSD,231899.5
2011-12-20,AUDUSD,217488.0
2011-12-21,AUDUSD,238457.5
2011-12-22,AUDUSD,177936.8
2011-12-23,AUDUSD,120496.1
2011-12-25,AUDUSD,1692.0
2011-12-26,AUDUSD,23314.4
2011-12-27,AUDUSD,96011.1
2011-12-28,AUDUSD,151579.0
2011-12-29,AUDUSD,166119.1
2011-12-30,AUDUSD,127360.7
2012-01-01,AUDUSD,5104.9
2012-01-02,AUDUSD,23989.6
2012-01-03,AUDUSD,164399.4
2012-01-04,AUDUSD,194979.2
2012-01-05,AUDUSD,225797.9
2012-01-06,AUDUSD,198739.5
2012-01-08,AUDUSD,29909.5
2012-01-09,AUDUSD,194255.5
2012-01-10,AUDUSD,195929.8
2012-01-11,AUDUSD,182525.4
2012-01-12,AUDUSD,190038.2
2012-01-13,AUDUSD,201632.1
2012-01-15,AUDUSD,25036.8
2012-01-16,AUDUSD,138698.7
2012-01-17,AUDUSD,205607.1
2012-01-18,AUDUSD,216397.4
2012-01-19,AUDUSD,205258.3
2012-01-20,AUDUSD,172912.5
2012-01-22,AUDUSD,19808.7
2012-01-23,AUDUSD,166709.1
2012-01-24,AUDUSD,185982.4
2012-01-25,AUDUSD,213824.6
2012-01-26,AUDUSD,196495.0
2012-01-27,AUDUSD,210762.6
2012-01-29,AUDUSD,27252.8
2012-01-30,AUDUSD,231952.4
2012-01-31,AUDUSD,231565.6
2012-02-01,AUDUSD,231979.8
2012-02-02,AUDUSD,215378.5
2012-02-03,AUDUSD,212265.9
2012-02-05,AUDUSD,22565.7
2012-02-06,AUDUSD,179792.9
2012-02-07,AUDUSD,214717.8
2012-02-08,AUDUSD,201502.4
2012-02-09,AUDUSD,225747.4
2012-02-10,AUDUSD,209657.9
2012-02-12,AUDUSD,32713.7
2012-02-13,AUDUSD,204511.2
2012-02-14,AUDUSD,214102.8
2012-02-15,AUDUSD,220539.0
2012-02-16,AUDUSD,225349.4
2012-02-17,AUDUSD,172079.9
2012-02-19,AUDUSD,25089.5
2012-02-20,AUDUSD,118505.6
2012-02-21,AUDUSD,202629.2
2012-02-22,AUDUSD,203727.4
2012-02-23,AUDUSD,180661.6
2012-02-24,AUDUSD,164215.0
2012-02-26,AUDUSD,28163.2
2012-02-27,AUDUSD,180281.5
2012-02-28,AUDUSD,173611.3
2012-02-29,AUDUSD,207177.3
2012-03-01,AUDUSD,192907.9
2012-03-02,AUDUSD,156536.6
2012-03-04,AUDUSD,27648.5
2012-03-05,AUDUSD,162087.6
2012-03-06,AUDUSD,208803.6
2012-03-07,AUDUSD,180013.0
2012-03-08,AUDUSD,179596.5
2012-03-09,AUDUSD,160800.0
2012-03-11,AUDUSD,19753.4
2012-03-12,AUDUSD,155591.9
2012-03-13,AUDUSD,174122.8
2012-03-14,AUDUSD,175134.8
2012-03-15,AUDUSD,181353.0
2012-03-16,AUDUSD,145193.3
2012-03-18,AUDUSD,22027.1
2012-03-19,AUDUSD,150813.2
2012-03-20,AUDUSD,177712.2
2012-03-21,AUDUSD,177234.4
2012-03-22,AUDUSD,198343.5
2012-03-23,AUDUSD,162072.5
2012-03-25,AUDUSD,17512.0
2012-03-26,AUDUSD,166429.5
2012-03-27,AUDUSD,163212.8
2012-03-28,AUDUSD,192650.8
2012-03-29,AUDUSD,200336.5
2012-03-30,AUDUSD,158796.6
2012-04-01,AUDUSD,22780.9
2012-04-02,AUDUSD,172918.6
2012-04-03,AUDUSD,194341.6
2012-04-04,AUDUSD,188736.6
2012-04-05,AUDUSD,151703.5
2012-04-06,AUDUSD,59812.2
2012-04-08,AUDUSD,11289.9
2012-04-09,AUDUSD,99367.6
2012-04-10,AUDUSD,179540.3
2012-04-11,AUDUSD,170169.4
2012-04-12,AUDUSD,182407.9
2012-04-13,AUDUSD,163064.6
2012-04-15,AUDUSD,21044.7
2012-04-16,AUDUSD,183492.6
2012-04-17,AUDUSD,170373.8
2012-04-18,AUDUSD,170796.2
2012-04-19,AUDUSD,187233.9
2012-04-20,AUDUSD,149497.3
2012-04-22,AUDUSD,14012.8
2012-04-23,AUDUSD,160666.0
2012-04-24,AUDUSD,166607.0
2012-04-25,AUDUSD,166083.8
2012-04-26,AUDUSD,161915.6
2012-04-27,AUDUSD,150792.6
2012-04-29,AUDUSD,11909.3
2012-04-30,AUDUSD,130573.8
2012-05-01,AUDUSD,118926.0
2012-05-02,AUDUSD,152149.2
2012-05-03,AUDUSD,145669.0
2012-05-04,AUDUSD,143295.2
2012-05-06,AUDUSD,19620.2
2012-05-07,AUDUSD,151115.9
2012-05-08,AUDUSD,178062.8
2012-05-09,AUDUSD,211472.3
2012-05-10,AUDUSD,206981.8
2012-05-11,AUDUSD,187460.0
2012-05-13,AUDUSD,16221.4
2012-05-14,AUDUSD,182894.6
2012-05-15,AUDUSD,197687.7
2012-05-16,AUDUSD,223477.4
2012-05-17,AUDUSD,213821.6
2012-05-18,AUDUSD,217481.0
2012-05-20,AUDUSD,18720.5
2012-05-21,AUDUSD,199370.6
2012-05-22,AUDUSD,207671.2
2012-05-23,AUDUSD,235297.2
2012-05-24,AUDUSD,228342.6
2012-05-25,AUDUSD,180454.7
2012-05-27,AUDUSD,23878.3
2012-05-28,AUDUSD,141508.4
2012-05-29,AUDUSD,214583.6
2012-05-30,AUDUSD,234728.5
2012-05-31,AUDUSD,233877.8
2012-06-01,AUDUSD,244605.3
2012-06-03,AUDUSD,21645.7
2012-06-04,AUDUSD,212332.1
2012-06-05,AUDUSD,225216.6
2012-06-06,AUDUSD,235506.8
2012-06-07,AUDUSD,221486.7
2012-06-08,AUDUSD,212837.3
2012-06-10,AUDUSD,21263.1
2012-06-11,AUDUSD,208437.7
2012-06-12,AUDUSD,220924.4
2012-06-13,AUDUSD,205874.1
2012-06-14,AUDUSD,214719.0
2012-06-15,AUDUSD,174680.3
2012-06-17,AUDUSD,20417.3
2012-06-18,AUDUSD,208468.4
2012-06-19,AUDUSD,208187.4
2012-06-20,AUDUSD,221497.5
2012-06-21,AUDUSD,235596.1
2012-06-22,AUDUSD,191633.2
2012-06-24,AUDUSD,14786.5
2012-06-25,AUDUSD,192262.6
2012-06-26,AUDUSD,209185.0
2012-06-27,AUDUSD,186674.5
2012-06-28,AUDUSD,235250.2
2012-06-29,AUDUSD,253086.4
2012-07-01,AUDUSD,17328.9
2012-07-02,AUDUSD,192283.5
2012-07-03,AUDUSD,177477.8
2012-07-04,AUDUSD,140521.6
2012-07-05,AUDUSD,203889.1
2012-07-06,AUDUSD,181219.4
2012-07-08,AUDUSD,19216.6
2012-07-09,AUDUSD,155201.8
2012-07-10,AUDUSD,188291.1
2012-07-11,AUDUSD,197638.4
2012-07-12,AUDUSD,208023.3
2012-07-13,AUDUSD,180246.6
2012-07-15,AUDUSD,14109.6
2012-07-16,AUDUSD,151646.6
2012-07-17,AUDUSD,199188.7
2012-07-18,AUDUSD,193605.3
2012-07-19,AUDUSD,195740.5
2012-07-20,AUDUSD,173935.6
2012-07-22,AUDUSD,19630.8
2012-07-23,AUDUSD,216719.4
2012-07-24,AUDUSD,237976.7
2012-07-25,AUDUSD,242798.2
2012-07-26,AUDUSD,238899.9
2012-07-27,AUDUSD,242805.6
2012-07-29,AUDUSD,10178.2
2012-07-30,AUDUSD,197053.2
2012-07-31,AUDUSD,220851.2
2012-08-01,AUDUSD,201930.8
2012-08-02,AUDUSD,210535.5
2012-08-03,AUDUSD,182486.9
2012-08-05,AUDUSD,12840.7
2012-08-06,AUDUSD,147054.1
2012-08-07,AUDUSD,151904.4
2012-08-08,AUDUSD,155282.8
2012-08-09,AUDUSD,161119.7
2012-08-10,AUDUSD,146459.2
2012-08-12,AUDUSD,10844.4
2012-08-13,AUDUSD,138630.0
2012-08-14,AUDUSD,139963.2
2012-08-15,AUDUSD,116386.4
2012-08-16,AUDUSD,122099.0
2012-08-17,AUDUSD,119956.3
2012-08-19,AUDUSD,11642.3
2012-08-20,AUDUSD,108181.1
2012-08-21,AUDUSD,134317.9
2012-08-22,AUDUSD,148240.3
2012-08-23,AUDUSD,159341.5
2012-08-24,AUDUSD,135690.3
2012-08-26,AUDUSD,12097.8
2012-08-27,AUDUSD,93021.2
2012-08-28,AUDUSD,122234.0
2012-08-29,AUDUSD,108433.1
2012-08-30,AUDUSD,121569.3
2012-08-31,AUDUSD,129172.9
2012-09-02,AUDUSD,13394.7
2012-09-03,AUDUSD,93754.6
2012-09-04,AUDUSD,132583.8
2012-09-05,AUDUSD,145011.5
2012-09-06,AUDUSD,150491.2
2012-09-07,AUDUSD,140877.3
2012-09-09,AUDUSD,7622.9
2012-09-10,AUDUSD,108302.3
2012-09-11,AUDUSD,132537.0
2012-09-12,AUDUSD,152850.8
2012-09-13,AUDUSD,147775.7
2012-09-14,AUDUSD,154424.2
2012-09-16,AUDUSD,12144.2
2012-09-17,AUDUSD,121218.4
2012-09-18,AUDUSD,137021.5
2012-09-19,AUDUSD,115074.1
2012-09-20,AUDUSD,134329.9
2012-09-21,AUDUSD,120618.7
2012-09-23,AUDUSD,12311.2
2012-09-24,AUDUSD,107450.8
2012-09-25,AUDUSD,129950.4
2012-09-26,AUDUSD,122016.2
2012-09-27,AUDUSD,123069.0
2012-09-28,AUDUSD,138406.3
2012-09-30,AUDUSD,13897.4
2012-10-01,AUDUSD,117914.1
2012-10-02,AUDUSD,143190.4
2012-10-03,AUDUSD,130163.0
2012-10-04,AUDUSD,144276.9
2012-10-05,AUDUSD,123269.0
2012-10-07,AUDUSD,12384.0
2012-10-08,AUDUSD,113297.9
2012-10-09,AUDUSD,137483.4
2012-10-10,AUDUSD,138666.1
2012-10-11,AUDUSD,132810.0
2012-10-12,AUDUSD,123611.1
2012-10-14,AUDUSD,15281.5
2012-10-15,AUDUSD,127402.1
2012-10-16,AUDUSD,120740.9
2012-10-17,AUDUSD,119833.2
2012-10-18,AUDUSD,115306.5
2012-10-19,AUDUSD,93686.4
2012-10-21,AUDUSD,8096.1
2012-10-22,AUDUSD,95261.9
2012-10-23,AUDUSD,111235.4
2012-10-24,AUDUSD,115913.2
2012-10-25,AUDUSD,108711.8
2012-10-26,AUDUSD,109254.8
2012-10-28,AUDUSD,8268.1
2012-10-29,AUDUSD,66048.9
2012-10-30,AUDUSD,59148.8
2012-10-31,AUDUSD,89188.2
2012-11-01,AUDUSD,93486.0
2012-11-02,AUDUSD,99820.3
2012-11-04,AUDUSD,10752.2
2012-11-05,AUDUSD,79110.5
2012-11-06,AUDUSD,86913.1
2012-11-07,AUDUSD,132582.4
2012-11-08,AUDUSD,108499.4
2012-11-09,AUDUSD,116825.5
2012-11-11,AUDUSD,11208.6
2012-11-12,AUDUSD,66876.3
2012-11-13,AUDUSD,89544.4
2012-11-14,AUDUSD,91509.3
2012-11-15,AUDUSD,102492.6
2012-11-16,AUDUSD,100031.8
2012-11-18,AUDUSD,10899.5
2012-11-19,AUDUSD,80553.3
2012-11-20,AUDUSD,85343.5
2012-11-21,AUDUSD,82144.9
2012-11-22,AUDUSD,50602.9
2012-11-23,AUDUSD,63490.9
2012-11-25,AUDUSD,11018.9
2012-11-26,AUDUSD,66950.4
2012-11-27,AUDUSD,78200.1
2012-11-28,AUDUSD,83364.9
2012-11-29,AUDUSD,82190.9
2012-11-30,AUDUSD,76599.2
2012-12-02,AUDUSD,12091.0
2012-12-03,AUDUSD,80433.2
2012-12-04,AUDUSD,82405.7
2012-12-05,AUDUSD,78581.7
2012-12-06,AUDUSD,87862.1
2012-12-07,AUDUSD,71377.1
2012-12-09,AUDUSD,12020.7
2012-12-10,AUDUSD,55347.8
2012-12-11,AUDUSD,64168.3
2012-12-12,AUDUSD,72685.9
2012-12-13,AUDUSD,69397.9
2012-12-14,AUDUSD,70258.4
2012-12-16,AUDUSD,12422.6
2012-12-17,AUDUSD,59779.0
2012-12-18,AUDUSD,64704.6
2012-12-19,AUDUSD,71782.5
2012-12-20,AUDUSD,70675.0
2012-12-21,AUDUSD,85130.9
2012-12-23,AUDUSD,8000.3
2012-12-24,AUDUSD,51816.2
2012-12-25,AUDUSD,17172.9
2012-12-26,AUDUSD,55746.8
2012-12-27,AUDUSD,69995.4
2012-12-28,AUDUSD,63427.9
2012-12-30,AUDUSD,12006.0
2012-12-31,AUDUSD,60307.7
2013-01-01,AUDUSD,4143.2
2013-01-02,AUDUSD,104893.9
2013-01-03,AUDUSD,80393.2
2013-01-04,AUDUSD,82744.3
2013-01-06,AUDUSD,5856.1
2013-01-07,AUDUSD,74895.8
2013-01-08,AUDUSD,74718.4
2013-01-09,AUDUSD,79517.7
2013-01-10,AUDUSD,91047.2
2013-01-11,AUDUSD,79441.0
2013-01-13,AUDUSD,3498.3
2013-01-14,AUDUSD,69024.6
2013-01-15,AUDUSD,86406.4
2013-01-16,AUDUSD,89103.0
2013-01-17,AUDUSD,100178.8
2013-01-18,AUDUSD,92503.1
2013-01-20,AUDUSD,3642.5
2013-01-21,AUDUSD,55426.0
2013-01-22,AUDUSD,95576.1
2013-01-23,AUDUSD,83877.5
2013-01-24,AUDUSD,103386.1
2013-01-25,AUDUSD,86025.6
2013-01-27,AUDUSD,5130.4
2013-01-28,AUDUSD,78886.6
2013-01-29,AUDUSD,88192.5
2013-01-30,AUDUSD,91961.5
2013-01-31,AUDUSD,91176.9
2013-02-01,AUDUSD,90750.2
2013-02-03,AUDUSD,4754.5
2013-02-04,AUDUSD,78567.6
2013-02-05,AUDUSD,96409.7
2013-02-06,AUDUSD,96952.0
2013-02-07,AUDUSD,99055.2
2013-02-08,AUDUSD,85796.3
2013-02-10,AUDUSD,4287.7
2013-02-11,AUDUSD,68178.2
2013-02-12,AUDUSD,92744.6
2013-02-13,AUDUSD,80280.1
2013-02-14,AUDUSD,87507.7
2013-02-15,AUDUSD,78871.6
2013-02-17,AUDUSD,4068.4
2013-02-18,AUDUSD,63085.9
2013-02-19,AUDUSD,81449.8
2013-02-20,AUDUSD,93824.0
2013-02-21,AUDUSD,101662.5
2013-02-22,AUDUSD,87409.9
2013-02-24,AUDUSD,6675.4
2013-02-25,AUDUSD,141244.1
2013-02-26,AUDUSD,151943.8
2013-02-27,AUDUSD,135851.6
2013-02-28,AUDUSD,124129.0
2013-03-01,AUDUSD,115743.7
2013-03-03,AUDUSD,4190.1
2013-03-04,AUDUSD,100041.9
2013-03-05,AUDUSD,110111.1
2013-03-06,AUDUSD,99458.3
2013-03-07,AUDUSD,106751.1
2013-03-08,AUDUSD,105481.4
2013-03-10,AUDUSD,6169.9
2013-03-11,AUDUSD,87570.6
2013-03-12,AUDUSD,107881.5
2013-03-13,AUDUSD,112863.5
2013-03-14,AUDUSD,126250.6
2013-03-15,AUDUSD,98014.6
2013-03-17,AUDUSD,13322.6
2013-03-18,AUDUSD,104900.3
2013-03-19,AUDUSD,112630.7
2013-03-20,AUDUSD,102130.9
2013-03-21,AUDUSD,117396.5
2013-03-22,AUDUSD,80304.6
2013-03-24,AUDUSD,8440.8
2013-03-25,AUDUSD,108762.2
2013-03-26,AUDUSD,94360.4
2013-03-27,AUDUSD,101937.5
2013-03-28,AUDUSD,101680.1
2013-03-29,AUDUSD,37826.1
2013-03-31,AUDUSD,3062.9
2013-04-01,AUDUSD,49562.8
2013-04-02,AUDUSD,91612.4
2013-04-03,AUDUSD,90088.7
2013-04-04,AUDUSD,125475.6
2013-04-05,AUDUSD,114801.5
2013-04-07,AUDUSD,9008.4
2013-04-08,AUDUSD,98905.2
2013-04-09,AUDUSD,113880.0
2013-04-10,AUDUSD,108237.1
2013-04-11,AUDUSD,118360.5
2013-04-12,AUDUSD,106082.1
2013-04-14,AUDUSD,7118.8
2013-04-15,AUDUSD,187330.7
2013-04-16,AUDUSD,174671.7
2013-04-17,AUDUSD,166576.5
2013-04-18,AUDUSD,179174.9
2013-04-19,AUDUSD,142533.8
2013-04-21,AUDUSD,8322.4
2013-04-22,AUDUSD,146675.7
2013-04-23,AUDUSD,158508.7
2013-04-24,AUDUSD,140430.1
2013-04-25,AUDUSD,128976.2
2013-04-26,AUDUSD,127296.0
2013-04-28,AUDUSD,5234.2
2013-04-29,AUDUSD,88151.1
2013-04-30,AUDUSD,110442.7
2013-05-01,AUDUSD,103187.4
2013-05-02,AUDUSD,123973.8
2013-05-03,AUDUSD,98369.4
2013-05-05,AUDUSD,5325.9
2013-05-06,AUDUSD,83506.9
2013-05-07,AUDUSD,120463.4
2013-05-08,AUDUSD,113023.6
2013-05-09,AUDUSD,138923.4
2013-05-10,AUDUSD,153516.9
2013-05-12,AUDUSD,11407.7
2013-05-13,AUDUSD,147630.3
2013-05-14,AUDUSD,155211.0
2013-05-15,AUDUSD,157496.4
2013-05-16,AUDUSD,165550.0
2013-05-17,AUDUSD,137816.2
2013-05-19,AUDUSD,8967.6
2013-05-20,AUDUSD,131599.1
2013-05-21,AUDUSD,161201.2
2013-05-22,AUDUSD,179892.7
2013-05-23,AUDUSD,209938.3
2013-05-24,AUDUSD,147961.1
2013-05-26,AUDUSD,11481.1
2013-05-27,AUDUSD,90695.4
2013-05-28,AUDUSD,171428.2
2013-05-29,AUDUSD,178188.9
2013-05-30,AUDUSD,192638.4
2013-05-31,AUDUSD,168581.9
2013-06-02,AUDUSD,11699.6
2013-06-03,AUDUSD,171847.4
2013-06-04,AUDUSD,175863.1
2013-06-05,AUDUSD,194510.0
2013-06-06,AUDUSD,211113.2
2013-06-07,AUDUSD,193077.6
2013-06-09,AUDUSD,13567.4
2013-06-10,AUDUSD,156190.3
2013-06-11,AUDUSD,220932.8
2013-06-12,AUDUSD,192736.1
2013-06-13,AUDUSD,207106.0
2013-06-14,AUDUSD,163543.9
2013-06-16,AUDUSD,9518.7
2013-06-17,AUDUSD,131200.7
2013-06-18,AUDUSD,145710.0
2013-06-19,AUDUSD,171770.5
2013-06-20,AUDUSD,216735.7
2013-06-21,AUDUSD,177055.0
2013-06-23,AUDUSD,12703.5
2013-06-24,AUDUSD,205456.6
2013-06-25,AUDUSD,182131.9
2013-06-26,AUDUSD,165744.2
2013-06-27,AUDUSD,149515.2
2013-06-28,AUDUSD,158855.7
2013-06-30,AUDUSD,9560.7
2013-07-01,AUDUSD,134984.2
2013-07-02,AUDUSD,167790.0
2013-07-03,AUDUSD,188571.9
2013-07-04,AUDUSD,156292.1
2013-07-05,AUDUSD,135367.1
2013-07-07,AUDUSD,8988.8
2013-07-08,AUDUSD,114394.2
2013-07-09,AUDUSD,144905.3
2013-07-10,AUDUSD,190912.1
2013-07-11,AUDUSD,200645.8
2013-07-12,AUDUSD,138457.4
2013-07-14,AUDUSD,9269.4
2013-07-15,AUDUSD,145816.7
2013-07-16,AUDUSD,169723.0
2013-07-17,AUDUSD,158517.3
2013-07-18,AUDUSD,146928.6
2013-07-19,AUDUSD,129020.3
2013-07-21,AUDUSD,6634.7
2013-07-22,AUDUSD,123136.1
2013-07-23,AUDUSD,159760.2
2013-07-24,AUDUSD,178777.7
2013-07-25,AUDUSD,160476.5
2013-07-26,AUDUSD,135398.5
2013-07-28,AUDUSD,8047.3
2013-07-29,AUDUSD,134159.0
2013-07-30,AUDUSD,150607.1
2013-07-31,AUDUSD,156418.1
2013-08-01,AUDUSD,150055.3
2013-08-02,AUDUSD,138322.3
2013-08-04,AUDUSD,6123.1
2013-08-05,AUDUSD,116356.9
2013-08-06,AUDUSD,142365.1
2013-08-07,AUDUSD,130492.4
2013-08-08,AUDUSD,154614.3
2013-08-09,AUDUSD,109714.2
2013-08-11,AUDUSD,4663.7
2013-08-12,AUDUSD,114912.5
2013-08-13,AUDUSD,135442.4
2013-08-14,AUDUSD,120862.3
2013-08-15,AUDUSD,156084.3
2013-08-16,AUDUSD,145348.1
2013-08-18,AUDUSD,9495.2
2013-08-19,AUDUSD,135120.7
2013-08-20,AUDUSD,149388.0
2013-08-21,AUDUSD,158430.9
2013-08-22,AUDUSD,148170.6
2013-08-23,AUDUSD,124640.3
2013-08-25,AUDUSD,5019.8
2013-08-26,AUDUSD,97396.6
2013-08-27,AUDUSD,138833.8
2013-08-28,AUDUSD,145414.8
2013-08-29,AUDUSD,123440.0
2013-08-30,AUDUSD,111133.1
2013-09-01,AUDUSD,6452.7
2013-09-02,AUDUSD,109371.5
2013-09-03,AUDUSD,128575.2
2013-09-04,AUDUSD,129773.7
2013-09-05,AUDUSD,118033.6
2013-09-06,AUDUSD,94331.6
2013-09-08,AUDUSD,5880.3
2013-09-09,AUDUSD,93975.0
2013-09-10,AUDUSD,114767.4
2013-09-11,AUDUSD,110160.4
2013-09-12,AUDUSD,118197.9
2013-09-13,AUDUSD,91526.6
2013-09-15,AUDUSD,10429.7
2013-09-16,AUDUSD,102394.6
2013-09-17,AUDUSD,94163.7
2013-09-18,AUDUSD,122216.0
2013-09-19,AUDUSD,123307.6
2013-09-20,AUDUSD,93639.0
2013-09-22,AUDUSD,7234.7
2013-09-23,AUDUSD,90750.5
2013-09-24,AUDUSD,86305.5
2013-09-25,AUDUSD,91410.3
2013-09-26,AUDUSD,85394.5
2013-09-27,AUDUSD,86488.4
2013-09-29,AUDUSD,8119.7
2013-09-30,AUDUSD,105468.0
2013-10-01,AUDUSD,117350.8
2013-10-02,AUDUSD,106486.9
2013-10-03,AUDUSD,100647.0
2013-10-04,AUDUSD,78671.3
2013-10-06,AUDUSD,4357.6
2013-10-07,AUDUSD,77644.2
2013-10-08,AUDUSD,100493.7
2013-10-09,AUDUSD,103052.3
2013-10-10,AUDUSD,102438.2
2013-10-11,AUDUSD,80882.5
2013-10-13,AUDUSD,6083.0
2013-10-14,AUDUSD,80765.2
2013-10-15,AUDUSD,102358.2
2013-10-16,AUDUSD,101011.7
2013-10-17,AUDUSD,117489.3
2013-10-18,AUDUSD,83744.9
2013-10-20,AUDUSD,5425.4
2013-10-21,AUDUSD,72714.2
2013-10-22,AUDUSD,80304.5
2013-10-23,AUDUSD,121257.6
2013-10-24,AUDUSD,111237.7
2013-10-25,AUDUSD,83500.2
2013-10-27,AUDUSD,4200.9
2013-10-28,AUDUSD,85917.7
2013-10-29,AUDUSD,120387.7
2013-10-30,AUDUSD,108355.1
2013-10-31,AUDUSD,111883.8
2013-11-01,AUDUSD,93880.7
2013-11-03,AUDUSD,4376.8
2013-11-04,AUDUSD,80625.8
2013-11-05,AUDUSD,102064.1
2013-11-06,AUDUSD,84457.0
2013-11-07,AUDUSD,124483.5
2013-11-08,AUDUSD,112302.7
2013-11-10,AUDUSD,4342.1
2013-11-11,AUDUSD,84836.6
2013-11-12,AUDUSD,120580.4
2013-11-13,AUDUSD,110929.6
2013-11-14,AUDUSD,121236.5
2013-11-15,AUDUSD,90186.6
2013-11-17,AUDUSD,4051.6
2013-11-18,AUDUSD,101213.4
2013-11-19,AUDUSD,111535.0
2013-11-20,AUDUSD,136008.1
2013-11-21,AUDUSD,148713.3
2013-11-22,AUDUSD,109010.9
2013-11-24,AUDUSD,7478.3
2013-11-25,AUDUSD,105362.2
2013-11-26,AUDUSD,114606.6
2013-11-27,AUDUSD,107947.3
2013-11-28,AUDUSD,96301.6
2013-11-29,AUDUSD,113398.9
2013-12-01,AUDUSD,6090.9
2013-12-02,AUDUSD,119000.7
2013-12-03,AUDUSD,128592.5
2013-12-04,AUDUSD,136031.2
2013-12-05,AUDUSD,105720.5
2013-12-06,AUDUSD,116481.9
2013-12-08,AUDUSD,5847.1
2013-12-09,AUDUSD,104796.2
2013-12-10,AUDUSD,103813.0
2013-12-11,AUDUSD,95203.3
2013-12-12,AUDUSD,126065.1
2013-12-13,AUDUSD,76383.5
2013-12-15,AUDUSD,2779.9
2013-12-16,AUDUSD,83604.7
2013-12-17,AUDUSD,86723.4
2013-12-18,AUDUSD,107474.4
2013-12-19,AUDUSD,91414.4
2013-12-20,AUDUSD,83603.8
2013-12-22,AUDUSD,2758.9
2013-12-23,AUDUSD,65646.3
2013-12-24,AUDUSD,46679.2
2013-12-25,AUDUSD,4615.0
2013-12-26,AUDUSD,43310.3
2013-12-27,AUDUSD,100896.0
2013-12-29,AUDUSD,3694.9
2013-12-30,AUDUSD,92846.1
2013-12-31,AUDUSD,70895.0
2014-01-01,AUDUSD,2409.7
2014-01-02,AUDUSD,107185.5
2014-01-03,AUDUSD,103077.8
2014-01-05,AUDUSD,2761.8
2014-01-06,AUDUSD,90098.4
2014-01-07,AUDUSD,96703.3
2014-01-08,AUDUSD,87178.6
2014-01-09,AUDUSD,94439.5
2014-01-10,AUDUSD,90234.9
2014-01-12,AUDUSD,3973.4
2014-01-13,AUDUSD,100000.9
2014-01-14,AUDUSD,83708.8
2014-01-15,AUDUSD,92727.5
2014-01-16,AUDUSD,100064.3
2014-01-17,AUDUSD,65248.9
2014-01-19,AUDUSD,3744.5
2014-01-20,AUDUSD,53899.8
2014-01-21,AUDUSD,75594.1
2014-01-22,AUDUSD,79668.8
2014-01-23,AUDUSD,106668.1
2014-01-24,AUDUSD,104786.1
2014-01-26,AUDUSD,4796.2
2014-01-27,AUDUSD,89921.7
2014-01-28,AUDUSD,88440.1
2014-01-29,AUDUSD,100854.5
2014-01-30,AUDUSD,89224.5
2014-01-31,AUDUSD,89113.6
2014-02-02,AUDUSD,5447.0
2014-02-03,AUDUSD,90567.5
2014-02-04,AUDUSD,110420.1
2014-02-05,AUDUSD,96873.8
2014-02-06,AUDUSD,83868.9
2014-02-07,AUDUSD,91613.6
2014-02-09,AUDUSD,2770.9
2014-02-10,AUDUSD,64310.0
2014-02-11,AUDUSD,98083.4
2014-02-12,AUDUSD,73269.7
2014-02-13,AUDUSD,82434.6
2014-02-14,AUDUSD,67497.8
2014-02-16,AUDUSD,4026.5
2014-02-17,AUDUSD,56472.1
2014-02-18,AUDUSD,83486.9
2014-02-19,AUDUSD,81230.8
2014-02-20,AUDUSD,95320.8
2014-02-21,AUDUSD,64315.6
2014-02-23,AUDUSD,4804.5
2014-02-24,AUDUSD,77115.4
2014-02-25,AUDUSD,69070.5
2014-02-26,AUDUSD,75335.5
2014-02-27,AUDUSD,83567.8
2014-02-28,AUDUSD,74113.7
2014-03-02,AUDUSD,6360.9
2014-03-03,AUDUSD,69766.4
2014-03-04,AUDUSD,73298.5
2014-03-05,AUDUSD,69223.9
2014-03-06,AUDUSD,87530.3
2014-03-07,AUDUSD,65120.7
2014-03-09,AUDUSD,6513.2
2014-03-10,AUDUSD,65929.7
2014-03-11,AUDUSD,75456.7
2014-03-12,AUDUSD,78424.9
2014-03-13,AUDUSD,99234.6
2014-03-14,AUDUSD,72170.8
2014-03-16,AUDUSD,4650.2
2014-03-17,AUDUSD,69340.2
2014-03-18,AUDUSD,75444.6
2014-03-19,AUDUSD,81701.8
2014-03-20,AUDUSD,74188.6
2014-03-21,AUDUSD,56694.4
2014-03-23,AUDUSD,5735.5
2014-03-24,AUDUSD,72006.5
2014-03-25,AUDUSD,68770.6
2014-03-26,AUDUSD,78013.7
2014-03-27,AUDUSD,72396.0
2014-03-28,AUDUSD,61861.9
2014-03-30,AUDUSD,4820.4
2014-03-31,AUDUSD,66330.6
2014-04-01,AUDUSD,65138.0
2014-04-02,AUDUSD,56317.8
2014-04-03,AUDUSD,66374.0
2014-04-04,AUDUSD,62848.2
2014-04-06,AUDUSD,4868.5
2014-04-07,AUDUSD,70387.9
2014-04-08,AUDUSD,95428.0
2014-04-09,AUDUSD,79192.8
2014-04-10,AUDUSD,92216.1
2014-04-11,AUDUSD,79318.5
2014-04-13,AUDUSD,4892.2
2014-04-14,AUDUSD,76196.1
2014-04-15,AUDUSD,90571.8
2014-04-16,AUDUSD,83280.5
2014-04-17,AUDUSD,65557.4
2014-04-18,AUDUSD,25830.2
2014-04-20,AUDUSD,2888.8
2014-04-21,AUDUSD,40831.9
2014-04-22,AUDUSD,69696.5
2014-04-23,AUDUSD,89167.9
2014-04-24,AUDUSD,78855.9
2014-04-25,AUDUSD,61226.7
2014-04-27,AUDUSD,2951.5
2014-04-28,AUDUSD,81261.4
2014-04-29,AUDUSD,76293.0
2014-04-30,AUDUSD,95303.0
2014-05-01,AUDUSD,65237.9
2014-05-02,AUDUSD,77239.7
2014-05-04,AUDUSD,2752.7
2014-05-05,AUDUSD,65779.8
2014-05-06,AUDUSD,83945.8
2014-05-07,AUDUSD,88599.4
2014-05-08,AUDUSD,88536.8
2014-05-09,AUDUSD,64697.5
2014-05-11,AUDUSD,2551.0
2014-05-12,AUDUSD,60091.0
2014-05-13,AUDUSD,70714.3
2014-05-14,AUDUSD,79393.8
2014-05-15,AUDUSD,81653.0
2014-05-16,AUDUSD,59884.6
2014-05-18,AUDUSD,3580.4
2014-05-19,AUDUSD,71494.9
2014-05-20,AUDUSD,86278.8
2014-05-21,AUDUSD,79611.5
2014-05-22,AUDUSD,74075.3
2014-05-23,AUDUSD,57346.2
2014-05-25,AUDUSD,3537.1
2014-05-26,AUDUSD,43087.6
2014-05-27,AUDUSD,67519.4
2014-05-28,AUDUSD,68757.2
2014-05-29,AUDUSD,83426.5
2014-05-30,AUDUSD,63460.3
2014-06-01,AUDUSD,5793.0
2014-06-02,AUDUSD,72040.1
2014-06-03,AUDUSD,82842.1
2014-06-04,AUDUSD,80420.0
2014-06-05,AUDUSD,94559.3
2014-06-06,AUDUSD,77409.0
2014-06-08,AUDUSD,2837.8
2014-06-09,AUDUSD,64550.4
2014-06-10,AUDUSD,79989.7
2014-06-11,AUDUSD,79806.3
2014-06-12,AUDUSD,89133.5
2014-06-13,AUDUSD,70413.0
2014-06-15,AUDUSD,3724.6
2014-06-16,AUDUSD,74050.7
2014-06-17,AUDUSD,79839.7
2014-06-18,AUDUSD,81124.0
2014-06-19,AUDUSD,76049.3
2014-06-20,AUDUSD,50525.1
2014-06-22,AUDUSD,4636.8
2014-06-23,AUDUSD,64939.9
2014-06-24,AUDUSD,60848.2
2014-06-25,AUDUSD,69098.7
2014-06-26,AUDUSD,56483.6
2014-06-27,AUDUSD,48018.6
2014-06-29,AUDUSD,4244.0
2014-06-30,AUDUSD,65065.9
2014-07-01,AUDUSD,77357.1
2014-07-02,AUDUSD,73092.0
2014-07-03,AUDUSD,84939.9
2014-07-04,AUDUSD,50523.9
2014-07-06,AUDUSD,4898.2
2014-07-07,AUDUSD,55788.5
2014-07-08,AUDUSD,65371.5
2014-07-09,AUDUSD,75683.6
2014-07-10,AUDUSD,81526.8
2014-07-11,AUDUSD,61153.7
2014-07-13,AUDUSD,3763.1
2014-07-14,AUDUSD,53243.7
2014-07-15,AUDUSD,79093.9
2014-07-16,AUDUSD,68641.9
2014-07-17,AUDUSD,79231.4
2014-07-18,AUDUSD,66194.3
2014-07-20,AUDUSD,3938.4
2014-07-21,AUDUSD,50726.3
2014-07-22,AUDUSD,67904.1
2014-07-23,AUDUSD,67716.8
2014-07-24,AUDUSD,63447.7
2014-07-25,AUDUSD,53767.9
2014-07-27,AUDUSD,5463.5
2014-07-28,AUDUSD,58314.7
2014-07-29,AUDUSD,66672.8
2014-07-30,AUDUSD,83686.7
2014-07-31,AUDUSD,90062.0
2014-08-01,AUDUSD,94605.2
2014-08-03,AUDUSD,4054.2
2014-08-04,AUDUSD,63636.9
2014-08-05,AUDUSD,76479.2
2014-08-06,AUDUSD,73667.5
2014-08-07,AUDUSD,89616.0
2014-08-08,AUDUSD,76872.8
2014-08-10,AUDUSD,3703.1
2014-08-11,AUDUSD,51323.8
2014-08-12,AUDUSD,59791.6
2014-08-13,AUDUSD,71740.9
2014-08-14,AUDUSD,60505.4
2014-08-15,AUDUSD,58236.5
2014-08-17,AUDUSD,3840.1
2014-08-18,AUDUSD,46391.2
2014-08-19,AUDUSD,63071.7
2014-08-20,AUDUSD,76807.1
2014-08-21,AUDUSD,75258.0
2014-08-22,AUDUSD,80106.1
2014-08-24,AUDUSD,8879.0
2014-08-25,AUDUSD,89301.2
2014-08-26,AUDUSD,97728.0
2014-08-27,AUDUSD,92054.3
2014-08-28,AUDUSD,80011.1
2014-08-29,AUDUSD,62301.3
2014-08-31,AUDUSD,5832.9
2014-09-01,AUDUSD,55193.7
2014-09-02,AUDUSD,82098.8
2014-09-03,AUDUSD,101105.3
2014-09-04,AUDUSD,100980.7
2014-09-05,AUDUSD,85324.5
2014-09-07,AUDUSD,5122.4
2014-09-08,AUDUSD,94366.1
2014-09-09,AUDUSD,123399.4
2014-09-10,AUDUSD,127335.3
2014-09-11,AUDUSD,120206.7
2014-09-12,AUDUSD,99998.4
2014-09-14,AUDUSD,7117.9
2014-09-15,AUDUSD,95664.6
2014-09-16,AUDUSD,112309.0
2014-09-17,AUDUSD,87782.8
2014-09-18,AUDUSD,70662.4
2014-09-19,AUDUSD,75947.5
2014-09-21,AUDUSD,3814.2
2014-09-22,AUDUSD,68427.9
2014-09-23,AUDUSD,76754.0
2014-09-24,AUDUSD,64578.0
2014-09-25,AUDUSD,82567.8
2014-09-26,AUDUSD,61030.2
2014-09-28,AUDUSD,6163.2
2014-09-29,AUDUSD,74310.4
2014-09-30,AUDUSD,80905.0
2014-10-01,AUDUSD,93587.2
2014-10-02,AUDUSD,99836.4
2014-10-03,AUDUSD,72313.9
2014-10-05,AUDUSD,3635.1
2014-10-06,AUDUSD,71795.6
2014-10-07,AUDUSD,95857.5
2014-10-08,AUDUSD,100741.6
2014-10-09,AUDUSD,105481.7
2014-10-10,AUDUSD,89683.9
2014-10-12,AUDUSD,8165.9
2014-10-13,AUDUSD,82941.7
2014-10-14,AUDUSD,88619.6
2014-10-15,AUDUSD,128557.3
2014-10-16,AUDUSD,135054.4
2014-10-17,AUDUSD,75486.0
2014-10-19,AUDUSD,6462.3
2014-10-20,AUDUSD,62298.6
2014-10-21,AUDUSD,80801.9
2014-10-22,AUDUSD,70469.3
2014-10-23,AUDUSD,76463.7
2014-10-24,AUDUSD,63676.1
2014-10-26,AUDUSD,4209.5
2014-10-27,AUDUSD,56989.1
2014-10-28,AUDUSD,68442.8
2014-10-29,AUDUSD,81730.2
2014-10-30,AUDUSD,83835.5
2014-10-31,AUDUSD,84956.2
2014-11-02,AUDUSD,4105.4
2014-11-03,AUDUSD,88562.0
2014-11-04,AUDUSD,91820.9
2014-11-05,AUDUSD,110537.3
2014-11-06,AUDUSD,110643.5
2014-11-07,AUDUSD,102986.7
2014-11-09,AUDUSD,5486.6
2014-11-10,AUDUSD,77454.3
2014-11-11,AUDUSD,93691.0
2014-11-12,AUDUSD,99774.3
2014-11-13,AUDUSD,84098.2
2014-11-14,AUDUSD,87384.6
2014-11-16,AUDUSD,5472.0
2014-11-17,AUDUSD,83348.4
2014-11-18,AUDUSD,76165.9
2014-11-19,AUDUSD,93555.0
2014-11-20,AUDUSD,95634.9
2014-11-21,AUDUSD,89755.8
2014-11-23,AUDUSD,4839.1
2014-11-24,AUDUSD,64815.8
2014-11-25,AUDUSD,90948.3
2014-11-26,AUDUSD,76067.9
2014-11-27,AUDUSD,68613.9
2014-11-28,AUDUSD,69842.2
2014-11-30,AUDUSD,7006.8
2014-12-01,AUDUSD,96165.1
2014-12-02,AUDUSD,123132.1
2014-12-03,AUDUSD,128275.2
2014-12-04,AUDUSD,143406.3
2014-12-05,AUDUSD,100721.8
2014-12-07,AUDUSD,7471.4
2014-12-08,AUDUSD,114530.6
2014-12-09,AUDUSD,150074.1
2014-12-10,AUDUSD,147066.9
2014-12-11,AUDUSD,171892.2
2014-12-12,AUDUSD,122254.0
2014-12-14,AUDUSD,13428.8
2014-12-15,AUDUSD,127918.8
2014-12-16,AUDUSD,143103.6
2014-12-17,AUDUSD,139047.3
2014-12-18,AUDUSD,133421.4
2014-12-19,AUDUSD,94129.5
2014-12-21,AUDUSD,7305.5
2014-12-22,AUDUSD,72601.2
2014-12-23,AUDUSD,66408.0
2014-12-24,AUDUSD,42749.9
2014-12-25,AUDUSD,14062.6
2014-12-26,AUDUSD,55318.8
2014-12-28,AUDUSD,6908.5
2014-12-29,AUDUSD,65562.5
2014-12-30,AUDUSD,64985.2
2014-12-31,AUDUSD,57988.1
2015-01-01,AUDUSD,4884.9
2015-01-02,AUDUSD,74232.7
2015-01-04,AUDUSD,8424.6
2015-01-05,AUDUSD,98094.4
2015-01-06,AUDUSD,119276.8
2015-01-07,AUDUSD,108305.1
2015-01-08,AUDUSD,98087.9
2015-01-09,AUDUSD,106278.7
2015-01-11,AUDUSD,4612.9
2015-01-12,AUDUSD,108396.0
2015-01-13,AUDUSD,114368.9
2015-01-14,AUDUSD,143883.4
2015-01-15,AUDUSD,164587.5
2015-01-16,AUDUSD,95460.3
2015-01-18,AUDUSD,3210.5
2015-01-19,AUDUSD,87578.2
2015-01-20,AUDUSD,100683.3
2015-01-21,AUDUSD,120057.3
2015-01-22,AUDUSD,140218.0
2015-01-23,AUDUSD,136071.8
2015-01-25,AUDUSD,9985.9
2015-01-26,AUDUSD,118359.0
2015-01-27,AUDUSD,120643.0
2015-01-28,AUDUSD,129199.5
2015-01-29,AUDUSD,120988.1
2015-01-30,AUDUSD,109571.0
2015-02-01,AUDUSD,7561.3
2015-02-02,AUDUSD,104669.0
2015-02-03,AUDUSD,152048.4
2015-02-04,AUDUSD,129710.4
2015-02-05,AUDUSD,100495.0
2015-02-06,AUDUSD,94524.0
2015-02-08,AUDUSD,7467.1
2015-02-09,AUDUSD,86715.0
2015-02-10,AUDUSD,97047.4
2015-02-11,AUDUSD,97177.0
2015-02-12,AUDUSD,128218.5
2015-02-13,AUDUSD,89446.8
2015-02-15,AUDUSD,7045.5
2015-02-16,AUDUSD,87635.5
2015-02-17,AUDUSD,103448.0
2015-02-18,AUDUSD,98688.7
2015-02-19,AUDUSD,100279.6
2015-02-20,AUDUSD,103425.0
2015-02-22,AUDUSD,5598.5
2015-02-23,AUDUSD,93205.4
2015-02-24,AUDUSD,109358.2
2015-02-25,AUDUSD,98725.0
2015-02-26,AUDUSD,102161.8
2015-02-27,AUDUSD,89631.6
2015-03-01,AUDUSD,5180.0
2015-03-02,AUDUSD,87754.5
2015-03-03,AUDUSD,96837.5
2015-03-04,AUDUSD,86183.4
2015-03-05,AUDUSD,87498.5
2015-03-06,AUDUSD,91410.4
2015-03-08,AUDUSD,8218.2
2015-03-09,AUDUSD,94085.1
2015-03-10,AUDUSD,138304.4
2015-03-11,AUDUSD,135156.5
2015-03-12,AUDUSD,142371.2
2015-03-13,AUDUSD,103975.0
2015-03-15,AUDUSD,9231.7
2015-03-16,AUDUSD,107315.9
2015-03-17,AUDUSD,113564.9
2015-03-18,AUDUSD,130466.0
2015-03-19,AUDUSD,143639.1
2015-03-20,AUDUSD,116216.1
2015-03-22,AUDUSD,9129.6
2015-03-23,AUDUSD,152799.8
2015-03-24,AUDUSD,154359.9
2015-03-25,AUDUSD,124783.0
2015-03-26,AUDUSD,152571.6
2015-03-27,AUDUSD,127970.3
2015-03-29,AUDUSD,10348.1
2015-03-30,AUDUSD,131713.6
2015-03-31,AUDUSD,136230.4
2015-04-01,AUDUSD,135181.1
2015-04-02,AUDUSD,124134.8
2015-04-03,AUDUSD,62663.2
2015-04-05,AUDUSD,6274.2
2015-04-06,AUDUSD,68748.8
2015-04-07,AUDUSD,131894.7
2015-04-08,AUDUSD,124360.7
2015-04-09,AUDUSD,119044.5
2015-04-10,AUDUSD,101576.4
2015-04-12,AUDUSD,6076.8
2015-04-13,AUDUSD,113509.0
2015-04-14,AUDUSD,121726.0
2015-04-15,AUDUSD,129964.8
2015-04-16,AUDUSD,148555.9
2015-04-17,AUDUSD,137231.5
2015-04-19,AUDUSD,8364.9
2015-04-20,AUDUSD,119839.2
2015-04-21,AUDUSD,129319.4
2015-04-22,AUDUSD,138239.1
2015-04-23,AUDUSD,142534.6
2015-04-24,AUDUSD,122670.3
2015-04-26,AUDUSD,6957.8
2015-04-27,AUDUSD,123907.1
2015-04-28,AUDUSD,132758.1
2015-04-29,AUDUSD,161074.9
2015-04-30,AUDUSD,162187.9
2015-05-01,AUDUSD,112937.7
2015-05-03,AUDUSD,9953.9
2015-05-04,AUDUSD,98041.4
2015-05-05,AUDUSD,150465.7
2015-05-06,AUDUSD,132910.5
2015-05-07,AUDUSD,135312.8
2015-05-08,AUDUSD,127759.1
2015-05-10,AUDUSD,11893.2
2015-05-11,AUDUSD,117534.6
2015-05-12,AUDUSD,131577.5
2015-05-13,AUDUSD,144012.5
2015-05-14,AUDUSD,156476.7
2015-05-15,AUDUSD,104015.5
2015-05-17,AUDUSD,7333.1
2015-05-18,AUDUSD,95186.6
2015-05-19,AUDUSD,108896.8
2015-05-20,AUDUSD,114275.8
2015-05-21,AUDUSD,101190.4
2015-05-22,AUDUSD,101764.5
2015-05-24,AUDUSD,5230.4
2015-05-25,AUDUSD,62805.9
2015-05-26,AUDUSD,98525.7
2015-05-27,AUDUSD,100275.2
2015-05-28,AUDUSD,119575.6
2015-05-29,AUDUSD,97315.7
2015-05-31,AUDUSD,5546.3
2015-06-01,AUDUSD,105125.9
2015-06-02,AUDUSD,142965.2
2015-06-03,AUDUSD,130605.4
2015-06-04,AUDUSD,126356.2
2015-06-05,AUDUSD,93379.0
2015-06-07,AUDUSD,6157.5
2015-06-08,AUDUSD,96815.4
2015-06-09,AUDUSD,112874.0
2015-06-10,AUDUSD,135736.7
2015-06-11,AUDUSD,115984.8
2015-06-12,AUDUSD,94020.8
2015-06-14,AUDUSD,4590.9
2015-06-15,AUDUSD,91546.8
2015-06-16,AUDUSD,79982.9
2015-06-17,AUDUSD,103747.4
2015-06-18,AUDUSD,112140.4
2015-06-19,AUDUSD,76952.2
2015-06-21,AUDUSD,4298.3
2015-06-22,AUDUSD,87233.2
2015-06-23,AUDUSD,93228.0
2015-06-24,AUDUSD,91870.8
2015-06-25,AUDUSD,84676.9
2015-06-26,AUDUSD,73985.1
2015-06-28,AUDUSD,11553.5
2015-06-29,AUDUSD,104737.2
2015-06-30,AUDUSD,113947.9
2015-07-01,AUDUSD,97070.9
2015-07-02,AUDUSD,105327.4
2015-07-03,AUDUSD,84653.6
2015-07-05,AUDUSD,7216.9
2015-07-06,AUDUSD,94431.8
2015-07-07,AUDUSD,109554.2
2015-07-08,AUDUSD,108169.6
2015-07-09,AUDUSD,104671.9
2015-07-10,AUDUSD,89997.8
2015-07-12,AUDUSD,6192.6
2015-07-13,AUDUSD,113103.8
2015-07-14,AUDUSD,107319.8
2015-07-15,AUDUSD,122818.7
2015-07-16,AUDUSD,103318.5
2015-07-17,AUDUSD,74297.0
2015-07-19,AUDUSD,5637.2
2015-07-20,AUDUSD,105081.4
2015-07-21,AUDUSD,119757.3
2015-07-22,AUDUSD,116838.0
2015-07-23,AUDUSD,108392.3
2015-07-24,AUDUSD,91550.5
2015-07-26,AUDUSD,5905.6
2015-07-27,AUDUSD,106949.8
2015-07-28,AUDUSD,113900.1
2015-07-29,AUDUSD,109332.2
2015-07-30,AUDUSD,107476.3
2015-07-31,AUDUSD,104369.9
2015-08-02,AUDUSD,8804.6
2015-08-03,AUDUSD,90287.5
2015-08-04,AUDUSD,123497.3
2015-08-05,AUDUSD,114551.4
2015-08-06,AUDUSD,106938.9
2015-08-07,AUDUSD,103750.4
2015-08-09,AUDUSD,5642.4
2015-08-10,AUDUSD,88800.1
2015-08-11,AUDUSD,116325.5
2015-08-12,AUDUSD,127755.5
2015-08-13,AUDUSD,111451.3
2015-08-14,AUDUSD,88746.5
2015-08-16,AUDUSD,3827.6
2015-08-17,AUDUSD,79036.8
2015-08-18,AUDUSD,89221.5
2015-08-19,AUDUSD,97596.9
2015-08-20,AUDUSD,93083.5
2015-08-21,AUDUSD,107188.6
2015-08-23,AUDUSD,10531.4
2015-08-24,AUDUSD,136763.7
2015-08-25,AUDUSD,120340.6
2015-08-26,AUDUSD,126911.3
2015-08-27,AUDUSD,113625.0
2015-08-28,AUDUSD,101131.8
2015-08-30,AUDUSD,7651.6
2015-08-31,AUDUSD,82830.3
2015-09-01,AUDUSD,118692.7
2015-09-02,AUDUSD,108067.4
2015-09-03,AUDUSD,92329.7
2015-09-04,AUDUSD,89739.2
2015-09-06,AUDUSD,7828.4
2015-09-07,AUDUSD,103990.7
2015-09-08,AUDUSD,90408.0
2015-09-09,AUDUSD,93525.5
2015-09-10,AUDUSD,124732.4
2015-09-11,AUDUSD,68586.9
2015-09-13,AUDUSD,4697.2
2015-09-14,AUDUSD,80738.1
2015-09-15,AUDUSD,77625.7
2015-09-16,AUDUSD,79527.3
2015-09-17,AUDUSD,103973.7
2015-09-18,AUDUSD,95265.0
2015-09-20,AUDUSD,4611.7
2015-09-21,AUDUSD,69695.4
2015-09-22,AUDUSD,73812.2
2015-09-23,AUDUSD,80768.6
2015-09-24,AUDUSD,99051.0
2015-09-25,AUDUSD,69814.6
2015-09-27,AUDUSD,5357.3
2015-09-28,AUDUSD,69678.0
2015-09-29,AUDUSD,91496.7
2015-09-30,AUDUSD,91305.9
2015-10-01,AUDUSD,87691.6
2015-10-02,AUDUSD,76033.4
2015-10-04,AUDUSD,5438.1
2015-10-05,AUDUSD,78032.9
2015-10-06,AUDUSD,85036.3
2015-10-07,AUDUSD,99874.8
2015-10-08,AUDUSD,91735.5
2015-10-09,AUDUSD,93625.2
2015-10-11,AUDUSD,9658.1
2015-10-12,AUDUSD,72030.1
2015-10-13,AUDUSD,106491.2
2015-10-14,AUDUSD,110680.6
2015-10-15,AUDUSD,124951.1
2015-10-16,AUDUSD,84951.2
2015-10-18,AUDUSD,5236.9
2015-10-19,AUDUSD,78017.5
2015-10-20,AUDUSD,78823.3
2015-10-21,AUDUSD,85916.6
2015-10-22,AUDUSD,96325.7
2015-10-23,AUDUSD,86057.6
2015-10-25,AUDUSD,8866.8
2015-10-26,AUDUSD,80585.4
2015-10-27,AUDUSD,81466.6
2015-10-28,AUDUSD,101562.9
2015-10-29,AUDUSD,95738.9
2015-10-30,AUDUSD,98939.9
2015-11-01,AUDUSD,8044.1
2015-11-02,AUDUSD,79969.2
2015-11-03,AUDUSD,94869.4
2015-11-04,AUDUSD,94574.0
2015-11-05,AUDUSD,92331.7
2015-11-06,AUDUSD,98447.1
2015-11-08,AUDUSD,7289.1
2015-11-09,AUDUSD,99466.5
2015-11-10,AUDUSD,96200.5
2015-11-11,AUDUSD,85975.7
2015-11-12,AUDUSD,110571.2
2015-11-13,AUDUSD,84435.8
2015-11-15,AUDUSD,9711.0
2015-11-16,AUDUSD,93309.8
2015-11-17,AUDUSD,98386.2
2015-11-18,AUDUSD,92442.0
2015-11-19,AUDUSD,104491.0
2015-11-20,AUDUSD,93200.3
2015-11-22,AUDUSD,5977.6
2015-11-23,AUDUSD,98952.2
2015-11-24,AUDUSD,94420.0
2015-11-25,AUDUSD,95694.3
2015-11-26,AUDUSD,92829.7
2015-11-27,AUDUSD,75574.8
2015-11-29,AUDUSD,5950.7
2015-11-30,AUDUSD,92085.7
2015-12-01,AUDUSD,125886.2
2015-12-02,AUDUSD,126883.4
2015-12-03,AUDUSD,138937.3
2015-12-04,AUDUSD,128501.5
2015-12-06,AUDUSD,6281.5
2015-12-07,AUDUSD,112504.0
2015-12-08,AUDUSD,124070.8
2015-12-09,AUDUSD,130072.9
2015-12-10,AUDUSD,114344.5
2015-12-11,AUDUSD,103165.3
2015-12-13,AUDUSD,9616.0
2015-12-14,AUDUSD,118357.6
2015-12-15,AUDUSD,132556.6
2015-12-16,AUDUSD,135110.2
2015-12-17,AUDUSD,132034.7
2015-12-18,AUDUSD,102656.1
2015-12-20,AUDUSD,9066.4
2015-12-21,AUDUSD,93011.7
2015-12-22,AUDUSD,78058.3
2015-12-23,AUDUSD,85647.9
2015-12-24,AUDUSD,61887.5
2015-12-25,AUDUSD,3232.6
2015-12-27,AUDUSD,8120.9
2015-12-28,AUDUSD,70444.1
2015-12-29,AUDUSD,75848.4
2015-12-30,AUDUSD,82316.9
2015-12-31,AUDUSD,73322.6
2016-01-03,AUDUSD,5910.2
2016-01-04,AUDUSD,111851.3
2016-01-05,AUDUSD,123944.8
2016-01-06,AUDUSD,145987.5
2016-01-07,AUDUSD,155322.7
2016-01-08,AUDUSD,135422.5
2016-01-10,AUDUSD,7855.5
2016-01-11,AUDUSD,147119.6
2016-01-12,AUDUSD,149859.5
2016-01-13,AUDUSD,143256.5
2016-01-14,AUDUSD,159583.0
2016-01-15,AUDUSD,140599.8
2016-01-17,AUDUSD,5945.3
2016-01-18,AUDUSD,114526.7
2016-01-19,AUDUSD,141080.1
2016-01-20,AUDUSD,167134.2
2016-01-21,AUDUSD,176086.8
2016-01-22,AUDUSD,129283.9
2016-01-24,AUDUSD,4525.5
2016-01-25,AUDUSD,127482.6
2016-01-26,AUDUSD,134645.1
2016-01-27,AUDUSD,163446.3
2016-01-28,AUDUSD,148673.4
2016-01-29,AUDUSD,140659.4
2016-01-31,AUDUSD,5584.0
2016-02-01,AUDUSD,118995.5
2016-02-02,AUDUSD,131186.7
2016-02-03,AUDUSD,146146.5
2016-02-04,AUDUSD,132594.7
2016-02-05,AUDUSD,109961.1
2016-02-07,AUDUSD,11561.1
2016-02-08,AUDUSD,128287.6
2016-02-09,AUDUSD,150050.8
2016-02-10,AUDUSD,151123.7
2016-02-11,AUDUSD,166332.9
2016-02-12,AUDUSD,123577.9
2016-02-14,AUDUSD,6073.6
2016-02-15,AUDUSD,100754.2
2016-02-16,AUDUSD,112696.5
2016-02-17,AUDUSD,137301.9
2016-02-18,AUDUSD,119204.9
2016-02-19,AUDUSD,106883.9
2016-02-21,AUDUSD,5576.5
2016-02-22,AUDUSD,107599.8
2016-02-23,AUDUSD,118146.0
2016-02-24,AUDUSD,130882.1
2016-02-25,AUDUSD,133382.3
2016-02-26,AUDUSD,112361.5
2016-02-28,AUDUSD,10348.8
2016-02-29,AUDUSD,124291.1
2016-03-01,AUDUSD,137362.7
2016-03-02,AUDUSD,139713.4
2016-03-03,AUDUSD,142171.8
2016-03-04,AUDUSD,143787.9
2016-03-06,AUDUSD,9228.1
2016-03-07,AUDUSD,115588.8
2016-03-08,AUDUSD,120048.5
2016-03-09,AUDUSD,142551.5
2016-03-10,AUDUSD,171778.3
2016-03-11,AUDUSD,124968.4
2016-03-13,AUDUSD,12526.2
2016-03-14,AUDUSD,118613.9
2016-03-15,AUDUSD,138714.4
2016-03-16,AUDUSD,134059.9
2016-03-17,AUDUSD,169268.6
2016-03-18,AUDUSD,116881.8
2016-03-20,AUDUSD,11049.1
2016-03-21,AUDUSD,125863.2
2016-03-22,AUDUSD,117604.8
2016-03-23,AUDUSD,120620.0
2016-03-24,AUDUSD,104149.5
2016-03-25,AUDUSD,35082.1
2016-03-27,AUDUSD,5575.6
2016-03-28,AUDUSD,65794.1
2016-03-29,AUDUSD,121731.0
2016-03-30,AUDUSD,142952.1
2016-03-31,AUDUSD,124207.8
2016-04-01,AUDUSD,112693.7
2016-04-03,AUDUSD,4822.0
2016-04-04,AUDUSD,102503.2
2016-04-05,AUDUSD,125073.7
2016-04-06,AUDUSD,108484.7
2016-04-07,AUDUSD,119948.0
2016-04-08,AUDUSD,96260.0
2016-04-10,AUDUSD,5881.3
2016-04-11,AUDUSD,111139.8
2016-04-12,AUDUSD,113624.6
2016-04-13,AUDUSD,117219.0
2016-04-14,AUDUSD,109730.0
2016-04-15,AUDUSD,98681.4
2016-04-17,AUDUSD,11199.8
2016-04-18,AUDUSD,123430.5
2016-04-19,AUDUSD,114352.4
2016-04-20,AUDUSD,126030.5
2016-04-21,AUDUSD,134082.3
2016-04-22,AUDUSD,120919.2
2016-04-24,AUDUSD,6032.0
2016-04-25,AUDUSD,108064.9
2016-04-26,AUDUSD,111329.4
2016-04-27,AUDUSD,146146.5
2016-04-28,AUDUSD,140586.9
2016-04-29,AUDUSD,122529.1
2016-05-01,AUDUSD,6905.9
2016-05-02,AUDUSD,102118.3
2016-05-03,AUDUSD,141597.3
2016-05-04,AUDUSD,125827.5
2016-05-05,AUDUSD,98443.0
2016-05-06,AUDUSD,110197.7
2016-05-08,AUDUSD,5617.0
2016-05-09,AUDUSD,96997.5
2016-05-10,AUDUSD,100736.6
2016-05-11,AUDUSD,101325.1
2016-05-12,AUDUSD,98178.7
2016-05-13,AUDUSD,108705.0
2016-05-15,AUDUSD,6007.7
2016-05-16,AUDUSD,72669.5
2016-05-17,AUDUSD,90482.0
2016-05-18,AUDUSD,102809.2
2016-05-19,AUDUSD,111828.0
2016-05-20,AUDUSD,71657.6
2016-05-22,AUDUSD,4064.5
2016-05-23,AUDUSD,83330.1
2016-05-24,AUDUSD,99206.1
2016-05-25,AUDUSD,93490.5
2016-05-26,AUDUSD,88817.8
2016-05-27,AUDUSD,92091.1
2016-05-29,AUDUSD,8101.9
2016-05-30,AUDUSD,73466.0
2016-05-31,AUDUSD,105372.2
2016-06-01,AUDUSD,116767.3
2016-06-02,AUDUSD,104329.5
2016-06-03,AUDUSD,110080.4
2016-06-05,AUDUSD,8125.4
2016-06-06,AUDUSD,103890.7
2016-06-07,AUDUSD,94494.1
2016-06-08,AUDUSD,94768.9
2016-06-09,AUDUSD,97171.5
2016-06-10,AUDUSD,82655.4
2016-06-12,AUDUSD,6439.0
2016-06-13,AUDUSD,88403.3
2016-06-14,AUDUSD,94740.6
2016-06-15,AUDUSD,104062.4
2016-06-16,AUDUSD,122109.9
2016-06-17,AUDUSD,95228.2
2016-06-19,AUDUSD,10000.4
2016-06-20,AUDUSD,96836.4
2016-06-21,AUDUSD,92331.2
2016-06-22,AUDUSD,101127.0
2016-06-23,AUDUSD,142425.2
2016-06-24,AUDUSD,174155.4
2016-06-26,AUDUSD,10022.0
2016-06-27,AUDUSD,143820.5
2016-06-28,AUDUSD,116508.2
2016-06-29,AUDUSD,114479.8
2016-06-30,AUDUSD,139775.5
2016-07-01,AUDUSD,98712.8
2016-07-03,AUDUSD,8640.3
2016-07-04,AUDUSD,89513.7
2016-07-05,AUDUSD,117760.9
2016-07-06,AUDUSD,141429.6
2016-07-07,AUDUSD,132308.2
2016-07-08,AUDUSD,105811.6
2016-07-10,AUDUSD,5306.4
2016-07-11,AUDUSD,106148.5
2016-07-12,AUDUSD,117264.8
2016-07-13,AUDUSD,122160.7
2016-07-14,AUDUSD,123396.0
2016-07-15,AUDUSD,114643.4
2016-07-17,AUDUSD,10173.3
2016-07-18,AUDUSD,101397.9
2016-07-19,AUDUSD,129662.4
2016-07-20,AUDUSD,285327.5
2016-07-21,AUDUSD,586596.0
2016-07-22,AUDUSD,438259.1
2016-07-24,AUDUSD,23061.8
2016-07-25,AUDUSD,399869.9
2016-07-26,AUDUSD,636809.8
2016-07-27,AUDUSD,580673.4
2016-07-28,AUDUSD,499790.3
2016-07-29,AUDUSD,553363.2
2016-07-31,AUDUSD,20664.2
2016-08-01,AUDUSD,382449.5
2016-08-02,AUDUSD,506632.2
2016-08-03,AUDUSD,417102.7
2016-08-04,AUDUSD,474172.9
2016-08-05,AUDUSD,409245.2
2016-08-07,AUDUSD,19255.7
2016-08-08,AUDUSD,378189.0
2016-08-09,AUDUSD,371529.6
2016-08-10,AUDUSD,410314.7
2016-08-11,AUDUSD,330980.4
2016-08-12,AUDUSD,321090.7
2016-08-14,AUDUSD,14533.8
2016-08-15,AUDUSD,304999.7
2016-08-16,AUDUSD,390081.2
2016-08-17,AUDUSD,379567.9
2016-08-18,AUDUSD,441569.3
2016-08-19,AUDUSD,368876.5
2016-08-21,AUDUSD,30252.0
2016-08-22,AUDUSD,428258.3
2016-08-23,AUDUSD,401216.3
2016-08-24,AUDUSD,405762.6
2016-08-25,AUDUSD,358790.5
2016-08-26,AUDUSD,407094.2
2016-08-28,AUDUSD,21384.3
2016-08-29,AUDUSD,418468.2
2016-08-30,AUDUSD,388075.7
2016-08-31,AUDUSD,432619.3
2016-09-01,AUDUSD,491020.8
2016-09-02,AUDUSD,421683.0
2016-09-04,AUDUSD,20330.9
2016-09-05,AUDUSD,365743.2
2016-09-06,AUDUSD,514085.8
2016-09-07,AUDUSD,487948.7
2016-09-08,AUDUSD,549832.5
2016-09-09,AUDUSD,533596.9
2016-09-11,AUDUSD,21695.4
2016-09-12,AUDUSD,588133.7
2016-09-13,AUDUSD,631067.3
2016-09-14,AUDUSD,615261.8
2016-09-15,AUDUSD,611901.0
2016-09-16,AUDUSD,632566.9
2016-09-18,AUDUSD,19591.1
2016-09-19,AUDUSD,525267.4
2016-09-20,AUDUSD,526506.2
2016-09-21,AUDUSD,614502.1
2016-09-22,AUDUSD,627891.4
2016-09-23,AUDUSD,569772.6
2016-09-25,AUDUSD,26895.3
2016-09-26,AUDUSD,553782.8
2016-09-27,AUDUSD,564126.3
2016-09-28,AUDUSD,646085.2
2016-09-29,AUDUSD,710361.9
2016-09-30,AUDUSD,521886.7
2016-10-02,AUDUSD,16240.3
2016-10-03,AUDUSD,403286.7
2016-10-04,AUDUSD,612793.2
2016-10-05,AUDUSD,501329.4
2016-10-06,AUDUSD,455942.7
2016-10-07,AUDUSD,676790.4
2016-10-09,AUDUSD,20949.7
2016-10-10,AUDUSD,442702.1
2016-10-11,AUDUSD,492693.9
2016-10-12,AUDUSD,463848.3
2016-10-13,AUDUSD,544837.8
2016-10-14,AUDUSD,471875.8
2016-10-16,AUDUSD,27965.9
2016-10-17,AUDUSD,428294.9
2016-10-18,AUDUSD,377813.6
2016-10-19,AUDUSD,422572.5
2016-10-20,AUDUSD,421797.5
2016-10-21,AUDUSD,376912.1
2016-10-23,AUDUSD,17656.2
2016-10-24,AUDUSD,200757.9
2016-10-25,AUDUSD,110455.5
2016-10-26,AUDUSD,115417.2
2016-10-27,AUDUSD,112459.4
2016-10-28,AUDUSD,128672.5
2016-10-30,AUDUSD,7355.8
2016-10-31,AUDUSD,105477.8
2016-11-01,AUDUSD,148318.6
2016-11-02,AUDUSD,162305.5
2016-11-03,AUDUSD,156768.2
2016-11-04,AUDUSD,158150.6
2016-11-06,AUDUSD,7915.5
2016-11-07,AUDUSD,137563.0
2016-11-08,AUDUSD,147855.4
2016-11-09,AUDUSD,296850.9
2016-11-10,AUDUSD,215300.0
2016-11-11,AUDUSD,220093.7
2016-11-13,AUDUSD,9371.3
2016-11-14,AUDUSD,196470.9
2016-11-15,AUDUSD,188061.3
2016-11-16,AUDUSD,175766.8
2016-11-17,AUDUSD,168650.1
2016-11-18,AUDUSD,174968.5
2016-11-20,AUDUSD,7594.0
2016-11-21,AUDUSD,164725.8
2016-11-22,AUDUSD,140214.3
2016-11-23,AUDUSD,155189.5
2016-11-24,AUDUSD,138005.7
2016-11-25,AUDUSD,157822.5
2016-11-27,AUDUSD,4584.6
2016-11-28,AUDUSD,144221.5
2016-11-29,AUDUSD,141457.1
2016-11-30,AUDUSD,168536.2
2016-12-01,AUDUSD,140045.7
2016-12-02,AUDUSD,128771.8
2016-12-04,AUDUSD,16121.4
2016-12-05,AUDUSD,152347.9
2016-12-06,AUDUSD,128526.1
2016-12-07,AUDUSD,103728.4
2016-12-08,AUDUSD,137163.2
2016-12-09,AUDUSD,104390.5
2016-12-11,AUDUSD,6121.9
2016-12-12,AUDUSD,123986.9
2016-12-13,AUDUSD,130970.2
2016-12-14,AUDUSD,158725.1
2016-12-15,AUDUSD,190703.2
2016-12-16,AUDUSD,162004.1
2016-12-18,AUDUSD,7802.4
2016-12-19,AUDUSD,125417.6
2016-12-20,AUDUSD,117841.5
2016-12-21,AUDUSD,111583.7
2016-12-22,AUDUSD,112401.8
2016-12-23,AUDUSD,84245.8
2016-12-25,AUDUSD,2266.2
2016-12-26,AUDUSD,27801.9
2016-12-27,AUDUSD,86161.4
2016-12-28,AUDUSD,96938.1
2016-12-29,AUDUSD,103519.3
2016-12-30,AUDUSD,108676.1
2017-01-01,AUDUSD,708.7
2017-01-02,AUDUSD,64439.7
2017-01-03,AUDUSD,125037.5
2017-01-04,AUDUSD,146636.0
2017-01-05,AUDUSD,177601.4
2017-01-06,AUDUSD,144352.3
2017-01-08,AUDUSD,4662.5
2017-01-09,AUDUSD,141600.4
2017-01-10,AUDUSD,155007.5
2017-01-11,AUDUSD,196346.7
2017-01-12,AUDUSD,171823.3
2017-01-13,AUDUSD,159504.3
2017-01-15,AUDUSD,5460.4
2017-01-16,AUDUSD,120963.5
2017-01-17,AUDUSD,184316.5
2017-01-18,AUDUSD,159310.2
2017-01-19,AUDUSD,185973.1
2017-01-20,AUDUSD,174756.6
2017-01-22,AUDUSD,4959.3
2017-01-23,AUDUSD,149386.6
2017-01-24,AUDUSD,140494.9
2017-01-25,AUDUSD,174741.5
2017-01-26,AUDUSD,165353.2
2017-01-27,AUDUSD,152851.0
2017-01-29,AUDUSD,5067.6
2017-01-30,AUDUSD,125215.9
2017-01-31,AUDUSD,158478.1
2017-02-01,AUDUSD,146800.9
2017-02-02,AUDUSD,141202.2
2017-02-03,AUDUSD,136945.1
2017-02-05,AUDUSD,4093.5
2017-02-06,AUDUSD,138166.7
2017-02-07,AUDUSD,141110.7
2017-02-08,AUDUSD,140301.0
2017-02-09,AUDUSD,126821.4
2017-02-10,AUDUSD,123919.9
2017-02-12,AUDUSD,4233.2
2017-02-13,AUDUSD,111056.1
2017-02-14,AUDUSD,130961.7
2017-02-15,AUDUSD,125605.1
2017-02-16,AUDUSD,142831.0
2017-02-17,AUDUSD,119256.6
2017-02-19,AUDUSD,3542.9
2017-02-20,AUDUSD,86729.3
2017-02-21,AUDUSD,104632.0
2017-02-22,AUDUSD,115331.4
2017-02-23,AUDUSD,116200.3
2017-02-24,AUDUSD,103446.4
2017-02-26,AUDUSD,5976.1
2017-02-27,AUDUSD,108098.1
2017-02-28,AUDUSD,124415.4
2017-03-01,AUDUSD,148293.9
2017-03-02,AUDUSD,116008.9
2017-03-03,AUDUSD,120769.1
2017-03-05,AUDUSD,4351.3
2017-03-06,AUDUSD,109001.8
2017-03-07,AUDUSD,116202.3
2017-03-08,AUDUSD,121406.0
2017-03-09,AUDUSD,127730.9
2017-03-10,AUDUSD,115600.4
2017-03-12,AUDUSD,4223.2
2017-03-13,AUDUSD,108560.3
2017-03-14,AUDUSD,104127.6
2017-03-15,AUDUSD,137709.1
2017-03-16,AUDUSD,141764.2
2017-03-17,AUDUSD,101828.9
2017-03-19,AUDUSD,4490.8
2017-03-20,AUDUSD,109907.4
2017-03-21,AUDUSD,130946.1
2017-03-22,AUDUSD,129498.9
2017-03-23,AUDUSD,140994.7
2017-03-24,AUDUSD,113916.6
2017-03-26,AUDUSD,7008.5
2017-03-27,AUDUSD,114507.5
2017-03-28,AUDUSD,98710.6
2017-03-29,AUDUSD,83285.4
2017-03-30,AUDUSD,90250.1
2017-03-31,AUDUSD,92069.7
2017-04-02,AUDUSD,5096.6
2017-04-03,AUDUSD,99726.9
2017-04-04,AUDUSD,103794.6
2017-04-05,AUDUSD,112925.4
2017-04-06,AUDUSD,118722.2
2017-04-07,AUDUSD,127921.9
2017-04-09,AUDUSD,7929.7
2017-04-10,AUDUSD,102643.3
2017-04-11,AUDUSD,118457.6
2017-04-12,AUDUSD,133356.2
2017-04-13,AUDUSD,126973.8
2017-04-14,AUDUSD,66878.4
2017-04-16,AUDUSD,5703.1
2017-04-17,AUDUSD,84382.9
2017-04-18,AUDUSD,118954.9
2017-04-19,AUDUSD,108934.7
2017-04-20,AUDUSD,110093.7
2017-04-21,AUDUSD,97566.8
2017-04-23,AUDUSD,10354.3
2017-04-24,AUDUSD,98641.8
2017-04-25,AUDUSD,105314.5
2017-04-26,AUDUSD,141382.6
2017-04-27,AUDUSD,120092.4
2017-04-28,AUDUSD,105474.9
2017-04-30,AUDUSD,6966.5
2017-05-01,AUDUSD,70902.6
2017-05-02,AUDUSD,92614.8
2017-05-03,AUDUSD,106548.9
2017-05-04,AUDUSD,111272.4
2017-05-05,AUDUSD,108643.2
2017-05-07,AUDUSD,6818.8
2017-05-08,AUDUSD,108166.4
2017-05-09,AUDUSD,117222.8
2017-05-10,AUDUSD,125505.6
2017-05-11,AUDUSD,106932.0
2017-05-12,AUDUSD,105102.8
2017-05-14,AUDUSD,8701.9
2017-05-15,AUDUSD,105635.6
2017-05-16,AUDUSD,112331.7
2017-05-17,AUDUSD,123457.5
2017-05-18,AUDUSD,161799.2
2017-05-19,AUDUSD,106660.3
2017-05-21,AUDUSD,5365.6
2017-05-22,AUDUSD,97774.1
2017-05-23,AUDUSD,117160.6
2017-05-24,AUDUSD,119498.5
2017-05-25,AUDUSD,104117.7
2017-05-26,AUDUSD,93313.2
2017-05-28,AUDUSD,4628.6
2017-05-29,AUDUSD,63363.6
2017-05-30,AUDUSD,87457.8
2017-05-31,AUDUSD,99103.8
2017-06-01,AUDUSD,100824.8
2017-06-02,AUDUSD,81850.3
2017-06-04,AUDUSD,7177.9
2017-06-05,AUDUSD,70631.8
2017-06-06,AUDUSD,98553.1
2017-06-07,AUDUSD,97551.1
2017-06-08,AUDUSD,91972.2
2017-06-09,AUDUSD,77929.1
2017-06-11,AUDUSD,4503.4
2017-06-12,AUDUSD,75615.0
2017-06-13,AUDUSD,81636.3
2017-06-14,AUDUSD,115461.7
2017-06-15,AUDUSD,107799.5
2017-06-16,AUDUSD,94367.4
2017-06-18,AUDUSD,5926.1
2017-06-19,AUDUSD,87514.9
2017-06-20,AUDUSD,95186.7
2017-06-21,AUDUSD,103865.1
2017-06-22,AUDUSD,104184.5
2017-06-23,AUDUSD,87711.3
2017-06-25,AUDUSD,4953.1
2017-06-26,AUDUSD,103468.2
2017-06-27,AUDUSD,113820.1
2017-06-28,AUDUSD,126484.8
2017-06-29,AUDUSD,112097.0
2017-06-30,AUDUSD,105164.5
2017-07-02,AUDUSD,7889.1
2017-07-03,AUDUSD,106024.8
2017-07-04,AUDUSD,107021.2
2017-07-05,AUDUSD,106607.6
2017-07-06,AUDUSD,107022.3
2017-07-07,AUDUSD,103298.9
2017-07-09,AUDUSD,5539.6
2017-07-10,AUDUSD,89114.7
2017-07-11,AUDUSD,95366.1
2017-07-12,AUDUSD,1000.0
2017-07-13,AUDUSD,118047.8
2017-07-14,AUDUSD,106970.3
2017-07-16,AUDUSD,9241.6
2017-07-17,AUDUSD,133068.4
2017-07-18,AUDUSD,154132.4
2017-07-19,AUDUSD,122272.3
2017-07-20,AUDUSD,152866.8
2017-07-21,AUDUSD,121734.0
2017-07-23,AUDUSD,8479.8
2017-07-24,AUDUSD,113547.6
2017-07-25,AUDUSD,115485.0
2017-07-26,AUDUSD,154126.0
2017-07-27,AUDUSD,151220.4
2017-07-28,AUDUSD,131259.9
2017-07-30,AUDUSD,8002.8
2017-07-31,AUDUSD,119980.5
2017-08-01,AUDUSD,126720.4
2017-08-02,AUDUSD,104199.1
2017-08-03,AUDUSD,119540.4
2017-08-04,AUDUSD,118506.1
2017-08-06,AUDUSD,10037.4
2017-08-07,AUDUSD,84829.4
2017-08-08,AUDUSD,102118.5
2017-08-09,AUDUSD,115156.5
2017-08-10,AUDUSD,99806.0
2017-08-11,AUDUSD,116461.3
2017-08-13,AUDUSD,8936.2
2017-08-14,AUDUSD,118100.3
2017-08-15,AUDUSD,122311.0
2017-08-16,AUDUSD,126284.1
2017-08-17,AUDUSD,131811.7
2017-08-18,AUDUSD,115360.7
2017-08-20,AUDUSD,5476.4
2017-08-21,AUDUSD,100142.7
2017-08-22,AUDUSD,98551.7
2017-08-23,AUDUSD,123296.0
2017-08-24,AUDUSD,142776.9
2017-08-25,AUDUSD,126916.6
2017-08-27,AUDUSD,8439.8
2017-08-28,AUDUSD,114134.6
2017-08-29,AUDUSD,152796.4
2017-08-30,AUDUSD,147188.0
2017-08-31,AUDUSD,157388.3
2017-09-01,AUDUSD,142295.5
2017-09-03,AUDUSD,10368.1
2017-09-04,AUDUSD,118535.4
2017-09-05,AUDUSD,176963.5
2017-09-06,AUDUSD,159021.5
2017-09-07,AUDUSD,159541.0
2017-09-08,AUDUSD,169923.6
2017-09-10,AUDUSD,7199.8
2017-09-11,AUDUSD,131325.9
2017-09-12,AUDUSD,135229.3
2017-09-13,AUDUSD,132739.5
2017-09-14,AUDUSD,190908.4
2017-09-15,AUDUSD,125433.5
2017-09-17,AUDUSD,5576.0
2017-09-18,AUDUSD,116296.7
2017-09-19,AUDUSD,127781.5
2017-09-20,AUDUSD,173565.3
2017-09-21,AUDUSD,293677.5
2017-09-22,AUDUSD,124063.2
2017-09-24,AUDUSD,11651.2
2017-09-25,AUDUSD,133096.8
2017-09-26,AUDUSD,143921.2
2017-09-27,AUDUSD,155189.7
2017-09-28,AUDUSD,157782.9
2017-09-29,AUDUSD,107184.5
2017-10-01,AUDUSD,6523.8
2017-10-02,AUDUSD,129792.8
2017-10-03,AUDUSD,126691.1
2017-10-04,AUDUSD,121872.5
2017-10-05,AUDUSD,118645.2
2017-10-06,AUDUSD,130923.0
2017-10-08,AUDUSD,6488.4
2017-10-09,AUDUSD,94232.7
2017-10-10,AUDUSD,124331.5
2017-10-11,AUDUSD,116750.9
2017-10-12,AUDUSD,127908.4
2017-10-13,AUDUSD,123983.7
2017-10-15,AUDUSD,4819.1
2017-10-16,AUDUSD,123868.0
2017-10-17,AUDUSD,116040.7
2017-10-18,AUDUSD,123495.3
2017-10-19,AUDUSD,133341.2
2017-10-20,AUDUSD,119470.9
2017-10-22,AUDUSD,7900.2
2017-10-23,AUDUSD,105303.1
2017-10-24,AUDUSD,129992.1
2017-10-25,AUDUSD,146257.2
2017-10-26,AUDUSD,126896.6
2017-10-27,AUDUSD,120177.5
2017-10-29,AUDUSD,6165.7
2017-10-30,AUDUSD,103198.6
2017-10-31,AUDUSD,106802.0
2017-11-01,AUDUSD,132959.9
2017-11-02,AUDUSD,178826.5
2017-11-03,AUDUSD,98189.1
2017-11-05,AUDUSD,5972.9
2017-11-06,AUDUSD,103873.8
2017-11-07,AUDUSD,106229.2
2017-11-08,AUDUSD,83929.6
2017-11-09,AUDUSD,99614.6
2017-11-10,AUDUSD,82055.0
2017-11-12,AUDUSD,4427.2
2017-11-13,AUDUSD,74007.1
2017-11-14,AUDUSD,85490.4
2017-11-15,AUDUSD,102937.6
2017-11-16,AUDUSD,81102.1
2017-11-17,AUDUSD,80741.1
2017-11-19,AUDUSD,6510.8
2017-11-20,AUDUSD,70028.9
2017-11-21,AUDUSD,82751.3
2017-11-22,AUDUSD,87516.6
2017-11-23,AUDUSD,78644.8
2017-11-24,AUDUSD,69837.4
2017-11-26,AUDUSD,3546.6
2017-11-27,AUDUSD,80954.6
2017-11-28,AUDUSD,92156.8
2017-11-29,AUDUSD,92969.2
2017-11-30,AUDUSD,102132.0
2017-12-01,AUDUSD,125451.7
2017-12-03,AUDUSD,5555.8
2017-12-04,AUDUSD,89954.3
2017-12-05,AUDUSD,101370.2
2017-12-06,AUDUSD,95555.4
2017-12-07,AUDUSD,86581.0
2017-12-08,AUDUSD,78370.5
2017-12-10,AUDUSD,3352.8
2017-12-11,AUDUSD,82704.4
2017-12-12,AUDUSD,80990.7
2017-12-13,AUDUSD,96328.5
2017-12-14,AUDUSD,110595.9
2017-12-15,AUDUSD,92462.9
2017-12-17,AUDUSD,3871.0
2017-12-18,AUDUSD,86023.4
2017-12-19,AUDUSD,87032.5
2017-12-20,AUDUSD,79991.7
2017-12-21,AUDUSD,71100.7
2017-12-22,AUDUSD,73821.4
2017-12-24,AUDUSD,389.1
2017-12-25,AUDUSD,5157.3
2017-12-26,AUDUSD,34837.2
2017-12-27,AUDUSD,70752.3
2017-12-28,AUDUSD,63330.8
2017-12-29,AUDUSD,62997.8
2018-01-01,AUDUSD,6458.8
2018-01-02,AUDUSD,80070.8
2018-01-03,AUDUSD,82318.3
2018-01-04,AUDUSD,86591.0
2018-01-05,AUDUSD,83304.6
2018-01-07,AUDUSD,3740.8
2018-01-08,AUDUSD,66751.1
2018-01-09,AUDUSD,80609.8
2018-01-10,AUDUSD,104854.2
2018-01-11,AUDUSD,115358.8
2018-01-12,AUDUSD,114740.5
2018-01-14,AUDUSD,3646.0
2018-01-15,AUDUSD,106688.9
2018-01-16,AUDUSD,109728.4
2018-01-17,AUDUSD,130190.6
2018-01-18,AUDUSD,118230.1
2018-01-19,AUDUSD,116399.0
2018-01-21,AUDUSD,3827.7
2018-01-22,AUDUSD,93368.5
2018-01-23,AUDUSD,111688.0
2018-01-24,AUDUSD,132130.3
2018-01-25,AUDUSD,164022.7
2018-01-26,AUDUSD,147035.8
2018-01-28,AUDUSD,4803.3
2018-01-29,AUDUSD,124082.6
2018-01-30,AUDUSD,129633.1
2018-01-31,AUDUSD,145816.5
2018-02-01,AUDUSD,147393.8
2018-02-02,AUDUSD,159730.3
2018-02-04,AUDUSD,22675.1
2018-02-05,AUDUSD,170430.6
2018-02-06,AUDUSD,268561.7
2018-02-07,AUDUSD,154327.8
2018-02-08,AUDUSD,193417.8
2018-02-09,AUDUSD,182661.7
2018-02-11,AUDUSD,3656.1
2018-02-12,AUDUSD,122430.6
2018-02-13,AUDUSD,130150.8
2018-02-14,AUDUSD,182618.7
2018-02-15,AUDUSD,173144.3
2018-02-16,AUDUSD,151963.1
2018-02-18,AUDUSD,3247.8
2018-02-19,AUDUSD,110260.3
2018-02-20,AUDUSD,152401.2
2018-02-21,AUDUSD,170497.8
2018-02-22,AUDUSD,135682.5
2018-02-23,AUDUSD,111948.6
2018-02-25,AUDUSD,5746.8
2018-02-26,AUDUSD,105378.7
2018-02-27,AUDUSD,151963.4
2018-02-28,AUDUSD,134525.7
2018-03-01,AUDUSD,181681.5
2018-03-02,AUDUSD,148788.1
2018-03-04,AUDUSD,6162.0
2018-03-05,AUDUSD,125217.2
2018-03-06,AUDUSD,146946.9
2018-03-07,AUDUSD,141870.4
2018-03-08,AUDUSD,128333.3
2018-03-09,AUDUSD,116772.4
2018-03-11,AUDUSD,5787.0
2018-03-12,AUDUSD,95504.9
2018-03-13,AUDUSD,135288.9
2018-03-14,AUDUSD,119770.2
2018-03-15,AUDUSD,113128.8
2018-03-16,AUDUSD,98568.9
2018-03-18,AUDUSD,5632.3
2018-03-19,AUDUSD,110464.8
2018-03-20,AUDUSD,99477.5
2018-03-21,AUDUSD,128504.8
2018-03-22,AUDUSD,145821.0
2018-03-23,AUDUSD,136539.7
2018-03-25,AUDUSD,4954.1
2018-03-26,AUDUSD,99197.9
2018-03-27,AUDUSD,115690.6
2018-03-28,AUDUSD,134520.4
2018-03-29,AUDUSD,108105.5
2018-03-30,AUDUSD,113669.0
2018-04-01,AUDUSD,3052.5
2018-04-02,AUDUSD,65708.4
2018-04-03,AUDUSD,111225.1
2018-04-04,AUDUSD,112936.2
2018-04-05,AUDUSD,97694.1
2018-04-06,AUDUSD,108673.5
2018-04-08,AUDUSD,4230.5
2018-04-09,AUDUSD,95060.2
2018-04-10,AUDUSD,109824.8
2018-04-11,AUDUSD,92614.1
2018-04-12,AUDUSD,82522.8
2018-04-13,AUDUSD,71510.2
2018-04-15,AUDUSD,4262.6
2018-04-16,AUDUSD,60149.5
2018-04-17,AUDUSD,79865.0
2018-04-18,AUDUSD,71188.8
2018-04-19,AUDUSD,100978.1
2018-04-20,AUDUSD,84331.6
2018-04-22,AUDUSD,5597.2
2018-04-23,AUDUSD,82898.3
2018-04-24,AUDUSD,103103.0
2018-04-25,AUDUSD,100083.6
2018-04-26,AUDUSD,116108.3
2018-04-27,AUDUSD,96077.8
2018-04-29,AUDUSD,3583.7
2018-04-30,AUDUSD,87879.8
2018-05-01,AUDUSD,99765.8
2018-05-02,AUDUSD,137050.4
2018-05-03,AUDUSD,144228.5
2018-05-04,AUDUSD,107118.2
2018-05-06,AUDUSD,3540.6
2018-05-07,AUDUSD,97298.3
2018-05-08,AUDUSD,124095.9
2018-05-09,AUDUSD,112825.2
2018-05-10,AUDUSD,136965.0
2018-05-11,AUDUSD,114330.1
2018-05-13,AUDUSD,5674.9
2018-05-14,AUDUSD,85399.5
2018-05-15,AUDUSD,125480.0
2018-05-16,AUDUSD,118517.2
2018-05-17,AUDUSD,127972.7
2018-05-18,AUDUSD,106443.6
2018-05-20,AUDUSD,5214.8
2018-05-21,AUDUSD,98946.9
2018-05-22,AUDUSD,111468.7
2018-05-23,AUDUSD,140419.9
2018-05-24,AUDUSD,137406.3
2018-05-25,AUDUSD,120842.6
2018-05-27,AUDUSD,4956.4
2018-05-28,AUDUSD,100139.7
2018-05-29,AUDUSD,149193.5
2018-05-30,AUDUSD,138238.6
2018-05-31,AUDUSD,136926.3
2018-06-01,AUDUSD,117780.8
2018-06-03,AUDUSD,3237.2
2018-06-04,AUDUSD,95014.9
2018-06-05,AUDUSD,127694.7
2018-06-06,AUDUSD,110267.0
2018-06-07,AUDUSD,111791.8
2018-06-08,AUDUSD,106147.2
2018-06-10,AUDUSD,2308.8
2018-06-11,AUDUSD,73936.7
2018-06-12,AUDUSD,104955.6
2018-06-13,AUDUSD,101078.8
2018-06-14,AUDUSD,135137.9
2018-06-15,AUDUSD,102958.2
2018-06-17,AUDUSD,3462.5
2018-06-18,AUDUSD,81934.7
2018-06-19,AUDUSD,129789.8
2018-06-20,AUDUSD,114295.0
2018-06-21,AUDUSD,159806.8
2018-06-22,AUDUSD,127447.2
2018-06-24,AUDUSD,3113.8
2018-06-25,AUDUSD,122157.5
2018-06-26,AUDUSD,135912.7
2018-06-27,AUDUSD,223636.9
2018-06-28,AUDUSD,142048.9
2018-06-29,AUDUSD,140468.2
2018-07-01,AUDUSD,6198.2
2018-07-02,AUDUSD,112905.3
2018-07-03,AUDUSD,121013.8
2018-07-04,AUDUSD,97048.1
2018-07-05,AUDUSD,123917.8
2018-07-06,AUDUSD,112582.9
2018-07-08,AUDUSD,4552.4
2018-07-09,AUDUSD,103012.4
2018-07-10,AUDUSD,114069.1
2018-07-11,AUDUSD,142312.3
2018-07-12,AUDUSD,103922.4
2018-07-13,AUDUSD,94345.3
2018-07-15,AUDUSD,3001.1
2018-07-16,AUDUSD,107543.6
2018-07-17,AUDUSD,124288.0
2018-07-18,AUDUSD,119452.5
2018-07-19,AUDUSD,159755.0
2018-07-20,AUDUSD,161299.9
2018-07-22,AUDUSD,6156.4
2018-07-23,AUDUSD,116299.7
2018-07-24,AUDUSD,116411.9
2018-07-25,AUDUSD,132534.8
2018-07-26,AUDUSD,121181.9
2018-07-27,AUDUSD,109589.6
2018-07-29,AUDUSD,3168.6
2018-07-30,AUDUSD,86286.1
2018-07-31,AUDUSD,118927.3
2018-08-01,AUDUSD,112422.0
2018-08-02,AUDUSD,114433.7
2018-08-03,AUDUSD,112462.1
2018-08-05,AUDUSD,3213.4
2018-08-06,AUDUSD,84021.5
2018-08-07,AUDUSD,88955.4
2018-08-08,AUDUSD,82619.9
2018-08-09,AUDUSD,102047.7
2018-08-10,AUDUSD,138938.5
2018-08-12,AUDUSD,5979.6
2018-08-13,AUDUSD,136261.4
2018-08-14,AUDUSD,119172.1
2018-08-15,AUDUSD,127162.0
2018-08-16,AUDUSD,124655.8
2018-08-17,AUDUSD,105478.6
2018-08-19,AUDUSD,3330.0
2018-08-20,AUDUSD,97000.3
2018-08-21,AUDUSD,105364.6
2018-08-22,AUDUSD,110545.3
2018-08-23,AUDUSD,107516.6
2018-08-24,AUDUSD,110152.6
2018-08-26,AUDUSD,4957.4
2018-08-27,AUDUSD,99766.0
2018-08-28,AUDUSD,113959.1
2018-08-29,AUDUSD,118477.9
2018-08-30,AUDUSD,115287.2
2018-08-31,AUDUSD,120404.9
2018-09-02,AUDUSD,3612.9
2018-09-03,AUDUSD,86356.7
2018-09-04,AUDUSD,133548.8
2018-09-05,AUDUSD,123412.2
2018-09-06,AUDUSD,120219.5
2018-09-07,AUDUSD,124113.5
2018-09-09,AUDUSD,3317.1
2018-09-10,AUDUSD,96185.0
2018-09-11,AUDUSD,104700.1
2018-09-12,AUDUSD,111613.3
2018-09-13,AUDUSD,107939.3
2018-09-14,AUDUSD,97127.0
2018-09-16,AUDUSD,3512.0
2018-09-17,AUDUSD,87885.6
2018-09-18,AUDUSD,119805.7
2018-09-19,AUDUSD,110612.3
2018-09-20,AUDUSD,101973.6
2018-09-21,AUDUSD,95326.5
2018-09-23,AUDUSD,3555.4
2018-09-24,AUDUSD,90037.4
2018-09-25,AUDUSD,92062.4
2018-09-26,AUDUSD,104639.2
2018-09-27,AUDUSD,95123.3
2018-09-28,AUDUSD,92723.1
2018-09-30,AUDUSD,3596.8
2018-10-01,AUDUSD,99074.9
2018-10-02,AUDUSD,107855.3
2018-10-03,AUDUSD,109049.5
2018-10-04,AUDUSD,117095.4
2018-10-05,AUDUSD,104116.1
2018-10-07,AUDUSD,5223.9
2018-10-08,AUDUSD,97739.1
2018-10-09,AUDUSD,116278.0
2018-10-10,AUDUSD,125726.0
2018-10-11,AUDUSD,168219.2
2018-10-12,AUDUSD,129599.5
2018-10-14,AUDUSD,5761.7
2018-10-15,AUDUSD,127192.8
2018-10-16,AUDUSD,105075.1
2018-10-17,AUDUSD,106102.5
2018-10-18,AUDUSD,122322.1
2018-10-19,AUDUSD,119701.9
2018-10-21,AUDUSD,5503.7
2018-10-22,AUDUSD,114419.0
2018-10-23,AUDUSD,123071.2
2018-10-24,AUDUSD,134615.1
2018-10-25,AUDUSD,133277.0
2018-10-26,AUDUSD,138684.2
2018-10-28,AUDUSD,3836.8
2018-10-29,AUDUSD,126281.8
2018-10-30,AUDUSD,118853.4
2018-10-31,AUDUSD,103673.7
2018-11-01,AUDUSD,110997.9
2018-11-02,AUDUSD,121515.5
2018-11-04,AUDUSD,3847.7
2018-11-05,AUDUSD,100644.5
2018-11-06,AUDUSD,107272.4
2018-11-07,AUDUSD,124798.7
2018-11-08,AUDUSD,131460.7
2018-11-09,AUDUSD,126960.8
2018-11-11,AUDUSD,4077.2
2018-11-12,AUDUSD,109563.7
2018-11-13,AUDUSD,142205.3
2018-11-14,AUDUSD,147287.7
2018-11-15,AUDUSD,149448.0
2018-11-16,AUDUSD,109023.8
2018-11-18,AUDUSD,6054.7
2018-11-19,AUDUSD,92081.0
2018-11-20,AUDUSD,115457.8
2018-11-21,AUDUSD,104918.6
2018-11-22,AUDUSD,81013.2
2018-11-23,AUDUSD,85988.2
2018-11-25,AUDUSD,3348.4
2018-11-26,AUDUSD,93498.4
2018-11-27,AUDUSD,107990.8
2018-11-28,AUDUSD,111546.1
2018-11-29,AUDUSD,114096.8
2018-11-30,AUDUSD,102757.7
2018-12-02,AUDUSD,5966.6
2018-12-03,AUDUSD,94176.5
2018-12-04,AUDUSD,131960.7
2018-12-05,AUDUSD,97680.5
2018-12-06,AUDUSD,153358.3
2018-12-07,AUDUSD,129174.2
2018-12-09,AUDUSD,5856.9
2018-12-10,AUDUSD,127897.8
2018-12-11,AUDUSD,124106.6
2018-12-12,AUDUSD,126443.6
2018-12-13,AUDUSD,115342.5
2018-12-14,AUDUSD,114785.2
2018-12-16,AUDUSD,10133.0
2018-12-17,AUDUSD,107203.1
2018-12-18,AUDUSD,131280.3
2018-12-19,AUDUSD,167154.6
2018-12-20,AUDUSD,206144.5
2018-12-21,AUDUSD,172276.2
2018-12-23,AUDUSD,5121.8
2018-12-24,AUDUSD,140622.0
2018-12-25,AUDUSD,7089.0
2018-12-26,AUDUSD,80428.5
2018-12-27,AUDUSD,188441.8
2018-12-28,AUDUSD,142748.7
2018-12-30,AUDUSD,6427.0
2018-12-31,AUDUSD,103572.5
2019-01-01,AUDUSD,6163.8
2019-01-02,AUDUSD,197204.7
2019-01-03,AUDUSD,216005.6
2019-01-04,AUDUSD,178892.3
2019-01-06,AUDUSD,6556.5
2019-01-07,AUDUSD,148536.1
2019-01-08,AUDUSD,160343.4
2019-01-09,AUDUSD,149306.0
2019-01-10,AUDUSD,131082.2
2019-01-11,AUDUSD,129936.2
2019-01-13,AUDUSD,4272.0
2019-01-14,AUDUSD,109187.1
2019-01-15,AUDUSD,129972.3
2019-01-16,AUDUSD,101314.5
2019-01-17,AUDUSD,124263.3
2019-01-18,AUDUSD,108038.5
2019-01-20,AUDUSD,2519.3
2019-01-21,AUDUSD,98195.7
2019-01-22,AUDUSD,101030.0
2019-01-23,AUDUSD,99842.8
2019-01-24,AUDUSD,129878.7
2019-01-25,AUDUSD,132293.4
2019-01-27,AUDUSD,4548.6
2019-01-28,AUDUSD,89921.5
2019-01-29,AUDUSD,111990.0
2019-01-30,AUDUSD,144954.9
2019-01-31,AUDUSD,144179.8
2019-02-01,AUDUSD,120176.5
2019-02-03,AUDUSD,3360.7
2019-02-04,AUDUSD,103862.1
2019-02-05,AUDUSD,110807.9
2019-02-06,AUDUSD,129123.9
2019-02-07,AUDUSD,111333.5
2019-02-08,AUDUSD,109758.3
2019-02-10,AUDUSD,5120.5
2019-02-11,AUDUSD,118193.3
2019-02-12,AUDUSD,122354.2
2019-02-13,AUDUSD,124971.2
2019-02-14,AUDUSD,147369.9
2019-02-15,AUDUSD,126602.6
2019-02-17,AUDUSD,5493.7
2019-02-18,AUDUSD,116931.9
2019-02-19,AUDUSD,134579.8
2019-02-20,AUDUSD,140004.6
2019-02-21,AUDUSD,188338.7
2019-02-22,AUDUSD,145105.9
2019-02-24,AUDUSD,7039.0
2019-02-25,AUDUSD,133410.6
2019-02-26,AUDUSD,126158.5
2019-02-27,AUDUSD,155380.7
2019-02-28,AUDUSD,155888.8
2019-03-01,AUDUSD,113727.5
2019-03-03,AUDUSD,7794.4
2019-03-04,AUDUSD,131542.3
2019-03-05,AUDUSD,119488.3
2019-03-06,AUDUSD,128257.4
2019-03-07,AUDUSD,105634.3
2019-03-08,AUDUSD,114435.9
2019-03-10,AUDUSD,5035.2
2019-03-11,AUDUSD,90743.0
2019-03-12,AUDUSD,105421.7
2019-03-13,AUDUSD,98368.0
2019-03-14,AUDUSD,108184.3
2019-03-15,AUDUSD,86743.3
2019-03-17,AUDUSD,3539.7
2019-03-18,AUDUSD,90154.4
2019-03-19,AUDUSD,104160.0
2019-03-20,AUDUSD,129210.1
2019-03-21,AUDUSD,196890.6
2019-03-22,AUDUSD,151884.4
2019-03-24,AUDUSD,4595.6
2019-03-25,AUDUSD,131345.2
2019-03-26,AUDUSD,114940.1
2019-03-27,AUDUSD,141878.7
2019-03-28,AUDUSD,135426.0
2019-03-29,AUDUSD,111533.1
2019-03-31,AUDUSD,6133.8
2019-04-01,AUDUSD,111174.9
2019-04-02,AUDUSD,116633.0
2019-04-03,AUDUSD,109874.9
2019-04-04,AUDUSD,94816.5
2019-04-05,AUDUSD,80149.5
2019-04-07,AUDUSD,3852.8
2019-04-08,AUDUSD,81295.6
2019-04-09,AUDUSD,92247.3
2019-04-10,AUDUSD,107205.9
2019-04-11,AUDUSD,82165.7
2019-04-12,AUDUSD,100489.5
2019-04-14,AUDUSD,4485.5
2019-04-15,AUDUSD,92885.1
2019-04-16,AUDUSD,105437.0
2019-04-17,AUDUSD,98658.8
2019-04-18,AUDUSD,101418.4
2019-04-19,AUDUSD,35539.1
2019-04-21,AUDUSD,3435.7
2019-04-22,AUDUSD,55429.7
2019-04-23,AUDUSD,90790.2
2019-04-24,AUDUSD,117149.6
2019-04-25,AUDUSD,110863.3
2019-04-26,AUDUSD,95259.6
2019-04-28,AUDUSD,2477.1
2019-04-29,AUDUSD,62607.0
2019-04-30,AUDUSD,94593.9
2019-05-01,AUDUSD,74684.2
2019-05-02,AUDUSD,86685.6
2019-05-03,AUDUSD,89211.8
2019-05-05,AUDUSD,11715.3
2019-05-06,AUDUSD,92472.4
2019-05-07,AUDUSD,118908.5
2019-05-08,AUDUSD,120953.7
2019-05-09,AUDUSD,119282.5
2019-05-10,AUDUSD,136058.6
2019-05-12,AUDUSD,7062.8
2019-05-13,AUDUSD,110796.2
2019-05-14,AUDUSD,93558.5
2019-05-15,AUDUSD,98289.8
2019-05-16,AUDUSD,95808.8
2019-05-17,AUDUSD,96945.9
2019-05-19,AUDUSD,6817.4
2019-05-20,AUDUSD,97308.5
2019-05-21,AUDUSD,117874.1
2019-05-22,AUDUSD,98106.1
2019-05-23,AUDUSD,115817.6
2019-05-24,AUDUSD,79576.9
2019-05-26,AUDUSD,3892.7
2019-05-27,AUDUSD,55499.8
2019-05-28,AUDUSD,85161.0
2019-05-29,AUDUSD,100499.6
2019-05-30,AUDUSD,92946.6
2019-05-31,AUDUSD,117799.9
2019-06-02,AUDUSD,7763.8
2019-06-03,AUDUSD,119982.2
2019-06-04,AUDUSD,134181.8
2019-06-05,AUDUSD,135406.5
2019-06-06,AUDUSD,147085.5
2019-06-07,AUDUSD,121769.5
2019-06-09,AUDUSD,6067.6
2019-06-10,AUDUSD,120608.0
2019-06-11,AUDUSD,120797.5
2019-06-12,AUDUSD,131126.0
2019-06-13,AUDUSD,110416.6
2019-06-14,AUDUSD,98490.2
2019-06-16,AUDUSD,5862.4
2019-06-17,AUDUSD,73351.5
2019-06-18,AUDUSD,110392.1
2019-06-19,AUDUSD,113180.7
2019-06-20,AUDUSD,141429.6
2019-06-21,AUDUSD,118814.9
2019-06-23,AUDUSD,7666.5
2019-06-24,AUDUSD,101857.9
2019-06-25,AUDUSD,158420.1
2019-06-26,AUDUSD,115025.6
2019-06-27,AUDUSD,101181.5
2019-06-28,AUDUSD,87237.7
2019-06-30,AUDUSD,7800.6
2019-07-01,AUDUSD,91707.4
2019-07-02,AUDUSD,78671.0
2019-07-03,AUDUSD,78856.0
2019-07-04,AUDUSD,48990.9
2019-07-05,AUDUSD,78964.4
2019-07-07,AUDUSD,2617.8
2019-07-08,AUDUSD,58402.5
2019-07-09,AUDUSD,73137.7
2019-07-10,AUDUSD,92767.3
2019-07-11,AUDUSD,93214.8
2019-07-12,AUDUSD,83865.2
2019-07-14,AUDUSD,1898.2
2019-07-15,AUDUSD,65774.4
2019-07-16,AUDUSD,91844.5
2019-07-17,AUDUSD,84009.5
2019-07-18,AUDUSD,111259.8
2019-07-19,AUDUSD,100035.1
2019-07-21,AUDUSD,2917.6
2019-07-22,AUDUSD,70747.3
2019-07-23,AUDUSD,73828.3
2019-07-24,AUDUSD,75894.5
2019-07-25,AUDUSD,112145.2
2019-07-26,AUDUSD,78219.7
2019-07-28,AUDUSD,1876.6
2019-07-29,AUDUSD,57060.2
2019-07-30,AUDUSD,74968.0
2019-07-31,AUDUSD,143820.9
2019-08-01,AUDUSD,164540.0
2019-08-02,AUDUSD,181032.5
2019-08-04,AUDUSD,4163.5
2019-08-05,AUDUSD,153444.3
2019-08-06,AUDUSD,137440.9
2019-08-07,AUDUSD,156556.1
2019-08-08,AUDUSD,116969.5
2019-08-09,AUDUSD,97070.2
2019-08-11,AUDUSD,3893.7
2019-08-12,AUDUSD,119982.7
2019-08-13,AUDUSD,176427.6
2019-08-14,AUDUSD,186821.6
2019-08-15,AUDUSD,202685.6
2019-08-16,AUDUSD,142126.0
2019-08-18,AUDUSD,7996.9
2019-08-19,AUDUSD,101532.3
2019-08-20,AUDUSD,109601.7
2019-08-21,AUDUSD,97241.6
2019-08-22,AUDUSD,121991.0
2019-08-23,AUDUSD,168735.6
2019-08-25,AUDUSD,30834.8
2019-08-26,AUDUSD,235917.0
2019-08-27,AUDUSD,145793.4
2019-08-28,AUDUSD,143537.5
2019-08-29,AUDUSD,153369.8
2019-08-30,AUDUSD,136701.7
2019-09-01,AUDUSD,24769.0
2019-09-02,AUDUSD,87610.2
2019-09-03,AUDUSD,126935.9
2019-09-04,AUDUSD,105584.5
2019-09-05,AUDUSD,125475.5
2019-09-06,AUDUSD,105406.4
2019-09-08,AUDUSD,8417.8
2019-09-09,AUDUSD,86071.0
2019-09-10,AUDUSD,84666.6
2019-09-11,AUDUSD,83354.7
2019-09-12,AUDUSD,118383.4
2019-09-13,AUDUSD,79475.4
2019-09-15,AUDUSD,11348.7
2019-09-16,AUDUSD,99058.9
2019-09-17,AUDUSD,102468.0
2019-09-18,AUDUSD,97317.4
2019-09-19,AUDUSD,94578.1
2019-09-20,AUDUSD,90209.7
2019-09-22,AUDUSD,5696.0
2019-09-23,AUDUSD,91299.8
2019-09-24,AUDUSD,90506.5
2019-09-25,AUDUSD,108936.0
2019-09-26,AUDUSD,99992.5
2019-09-27,AUDUSD,92954.1
2019-09-29,AUDUSD,6489.9
2019-09-30,AUDUSD,86976.6
2019-10-01,AUDUSD,128004.5
2019-10-02,AUDUSD,117380.9
2019-10-03,AUDUSD,111055.5
2019-10-04,AUDUSD,96624.2
2019-10-06,AUDUSD,9501.9
2019-10-07,AUDUSD,86738.9
2019-10-08,AUDUSD,99419.0
2019-10-09,AUDUSD,99644.5
2019-10-10,AUDUSD,131565.8
2019-10-11,AUDUSD,110492.2
2019-10-13,AUDUSD,9832.1
2019-10-14,AUDUSD,93971.0
2019-10-15,AUDUSD,120824.3
2019-10-16,AUDUSD,107922.2
2019-10-17,AUDUSD,105906.9
2019-10-18,AUDUSD,72621.9
2019-10-20,AUDUSD,15269.0
2019-10-21,AUDUSD,78879.0
2019-10-22,AUDUSD,98517.4
2019-10-23,AUDUSD,90858.6
2019-10-24,AUDUSD,102095.0
2019-10-25,AUDUSD,66616.9
2019-10-27,AUDUSD,6621.6
2019-10-28,AUDUSD,68300.4
2019-10-29,AUDUSD,85275.1
2019-10-30,AUDUSD,111202.5
2019-10-31,AUDUSD,119262.8
2019-11-01,AUDUSD,93200.5
2019-11-03,AUDUSD,3364.1
2019-11-04,AUDUSD,84698.2
2019-11-05,AUDUSD,109214.3
2019-11-06,AUDUSD,79658.1
2019-11-07,AUDUSD,110236.0
2019-11-08,AUDUSD,78581.0
2019-11-10,AUDUSD,3643.6
2019-11-11,AUDUSD,61503.4
2019-11-12,AUDUSD,87948.7
2019-11-13,AUDUSD,89008.7
2019-11-14,AUDUSD,95878.6
2019-11-15,AUDUSD,65471.3
2019-11-17,AUDUSD,2800.5
2019-11-18,AUDUSD,65814.8
2019-11-19,AUDUSD,68040.0
2019-11-20,AUDUSD,76938.2
2019-11-21,AUDUSD,85973.3
2019-11-22,AUDUSD,67380.9
2019-11-24,AUDUSD,2378.1
2019-11-25,AUDUSD,59471.5
2019-11-26,AUDUSD,75734.8
2019-11-27,AUDUSD,64490.6
2019-11-28,AUDUSD,49161.4
2019-11-29,AUDUSD,52189.9
2019-12-01,AUDUSD,2847.5
2019-12-02,AUDUSD,64707.6
2019-12-03,AUDUSD,76084.1
2019-12-04,AUDUSD,82070.3
2019-12-05,AUDUSD,61807.5
2019-12-06,AUDUSD,60200.9
2019-12-08,AUDUSD,2353.4
2019-12-09,AUDUSD,51686.7
2019-12-10,AUDUSD,66484.6
2019-12-11,AUDUSD,73043.2
2019-12-12,AUDUSD,96737.8
2019-12-13,AUDUSD,112611.1
2019-12-15,AUDUSD,8059.5
2019-12-16,AUDUSD,68725.5
2019-12-17,AUDUSD,74679.3
2019-12-18,AUDUSD,71329.5
2019-12-19,AUDUSD,70290.0
2019-12-20,AUDUSD,56238.0
2019-12-22,AUDUSD,3353.2
2019-12-23,AUDUSD,54650.7
2019-12-24,AUDUSD,57816.1
2019-12-25,AUDUSD,2604.4
2019-12-26,AUDUSD,24276.4
2019-12-27,AUDUSD,63836.3
2019-12-29,AUDUSD,2983.4
2019-12-30,AUDUSD,69433.6
2019-12-31,AUDUSD,55269.9
2020-01-01,AUDUSD,3360.1
2020-01-02,AUDUSD,73586.1
2020-01-03,AUDUSD,85081.8
2020-01-05,AUDUSD,6039.6
2020-01-06,AUDUSD,75450.4
2020-01-07,AUDUSD,93305.4
2020-01-08,AUDUSD,114252.4
2020-01-09,AUDUSD,69627.5
2020-01-10,AUDUSD,74002.8
2020-01-12,AUDUSD,3069.7
2020-01-13,AUDUSD,69056.1
2020-01-14,AUDUSD,77149.6
2020-01-15,AUDUSD,67072.0
2020-01-16,AUDUSD,69408.0
2020-01-17,AUDUSD,63525.7
2020-01-19,AUDUSD,2965.6
2020-01-20,AUDUSD,44273.1
2020-01-21,AUDUSD,74190.1
2020-01-22,AUDUSD,68822.2
2020-01-23,AUDUSD,92885.1
2020-01-24,AUDUSD,69456.0
2020-01-26,AUDUSD,12548.5
2020-01-27,AUDUSD,81226.0
2020-01-28,AUDUSD,74707.2
2020-01-29,AUDUSD,75668.9
2020-01-30,AUDUSD,93238.2
2020-01-31,AUDUSD,88098.8
2020-02-02,AUDUSD,6874.2
2020-02-03,AUDUSD,86536.2
2020-02-04,AUDUSD,87668.5
2020-02-05,AUDUSD,87434.3
2020-02-06,AUDUSD,68806.3
2020-02-07,AUDUSD,75967.2
2020-02-09,AUDUSD,6469.2
2020-02-10,AUDUSD,67253.6
2020-02-11,AUDUSD,59366.5
2020-02-12,AUDUSD,415340.6
2020-02-13,AUDUSD,578360.0
2020-02-14,AUDUSD,360170.7
2020-02-16,AUDUSD,3583.1
2020-02-17,AUDUSD,40441.7
2020-02-18,AUDUSD,64732.4
2020-02-19,AUDUSD,56296.0
2020-02-20,AUDUSD,74753.1
2020-02-21,AUDUSD,76260.4
2020-02-23,AUDUSD,6844.4
2020-02-24,AUDUSD,95242.2
2020-02-25,AUDUSD,97993.4
2020-02-26,AUDUSD,102199.7
2020-02-27,AUDUSD,112400.8
2020-02-28,AUDUSD,183409.3
2020-03-01,AUDUSD,8521.3
2020-03-02,AUDUSD,148996.3
2020-03-03,AUDUSD,154220.9
2020-03-04,AUDUSD,97538.7
2020-03-05,AUDUSD,82669.7
2020-03-06,AUDUSD,110699.5
2020-03-08,AUDUSD,17496.2
2020-03-09,AUDUSD,234038.5
2020-03-10,AUDUSD,162900.5
2020-03-11,AUDUSD,155513.0
2020-03-12,AUDUSD,274512.0
2020-03-13,AUDUSD,215807.4
2020-03-15,AUDUSD,22516.6
2020-03-16,AUDUSD,240214.3
2020-03-17,AUDUSD,232696.9
2020-03-18,AUDUSD,267504.8
2020-03-19,AUDUSD,337280.4
2020-03-20,AUDUSD,298818.1
2020-03-22,AUDUSD,33737.1
2020-03-23,AUDUSD,394852.5
2020-03-24,AUDUSD,281483.2
2020-03-25,AUDUSD,249142.1
2020-03-26,AUDUSD,221757.9
2020-03-27,AUDUSD,244857.1
2020-03-29,AUDUSD,17988.9
2020-03-30,AUDUSD,216463.3
2020-03-31,AUDUSD,318620.3
2020-04-01,AUDUSD,217532.3
2020-04-02,AUDUSD,215424.5
2020-04-03,AUDUSD,178373.9
2020-04-05,AUDUSD,9717.4
2020-04-06,AUDUSD,176293.2
2020-04-07,AUDUSD,231950.6
2020-04-08,AUDUSD,185049.8
2020-04-09,AUDUSD,181127.2
2020-04-10,AUDUSD,40906.2
2020-04-12,AUDUSD,5066.2
2020-04-13,AUDUSD,101089.0
2020-04-14,AUDUSD,141042.4
2020-04-15,AUDUSD,160334.7
2020-04-16,AUDUSD,211215.4
2020-04-17,AUDUSD,172042.6
2020-04-19,AUDUSD,7097.0
2020-04-20,AUDUSD,146535.3
2020-04-21,AUDUSD,160048.4
2020-04-22,AUDUSD,117238.4
2020-04-23,AUDUSD,134775.8
2020-04-24,AUDUSD,96126.4
2020-04-26,AUDUSD,4131.8
2020-04-27,AUDUSD,100837.9
2020-04-28,AUDUSD,106634.3
2020-04-29,AUDUSD,98251.9
2020-04-30,AUDUSD,136794.0
2020-05-01,AUDUSD,86768.3
2020-05-03,AUDUSD,8259.2
2020-05-04,AUDUSD,99593.0
2020-05-05,AUDUSD,105171.4
2020-05-06,AUDUSD,113384.4
2020-05-07,AUDUSD,109492.9
2020-05-08,AUDUSD,87296.5
2020-05-10,AUDUSD,5254.0
2020-05-11,AUDUSD,82249.1
2020-05-12,AUDUSD,116337.7
2020-05-13,AUDUSD,158361.8
2020-05-14,AUDUSD,141297.6
2020-05-15,AUDUSD,111403.9
2020-05-17,AUDUSD,5161.6
2020-05-18,AUDUSD,97784.5
2020-05-19,AUDUSD,111242.0
2020-05-20,AUDUSD,96853.8
2020-05-21,AUDUSD,109569.2
2020-05-22,AUDUSD,94314.1
2020-05-24,AUDUSD,4757.1
2020-05-25,AUDUSD,66871.7
2020-05-26,AUDUSD,113409.0
2020-05-27,AUDUSD,158709.6
2020-05-28,AUDUSD,141667.4
2020-05-29,AUDUSD,163211.2
2020-05-31,AUDUSD,6720.0
2020-06-01,AUDUSD,135540.8
2020-06-02,AUDUSD,141985.0
2020-06-03,AUDUSD,171392.9
2020-06-04,AUDUSD,173634.4
2020-06-05,AUDUSD,155940.8
2020-06-07,AUDUSD,5969.2
2020-06-08,AUDUSD,107958.3
2020-06-09,AUDUSD,147910.4
2020-06-10,AUDUSD,176721.7
2020-06-11,AUDUSD,238302.2
2020-06-12,AUDUSD,245929.1
2020-06-14,AUDUSD,13885.5
2020-06-15,AUDUSD,254700.4
2020-06-16,AUDUSD,230222.5
2020-06-17,AUDUSD,191546.4
2020-06-18,AUDUSD,168786.1
2020-06-19,AUDUSD,142229.6
2020-06-21,AUDUSD,8791.5
2020-06-22,AUDUSD,115042.4
2020-06-23,AUDUSD,145673.2
2020-06-24,AUDUSD,150544.6
2020-06-25,AUDUSD,146651.4
2020-06-26,AUDUSD,108421.0
2020-06-28,AUDUSD,4860.1
2020-06-29,AUDUSD,110182.3
2020-06-30,AUDUSD,115276.7
2020-07-01,AUDUSD,115337.6
2020-07-02,AUDUSD,116161.6
2020-07-03,AUDUSD,74058.6
2020-07-05,AUDUSD,3235.6
2020-07-06,AUDUSD,83730.6
2020-07-07,AUDUSD,111196.3
2020-07-08,AUDUSD,110890.4
2020-07-09,AUDUSD,128693.4
2020-07-10,AUDUSD,101168.1
2020-07-12,AUDUSD,5199.0
2020-07-13,AUDUSD,117132.5
2020-07-14,AUDUSD,190567.0
2020-07-15,AUDUSD,127732.8
2020-07-16,AUDUSD,116190.7
2020-07-17,AUDUSD,71641.4
2020-07-19,AUDUSD,3509.4
2020-07-20,AUDUSD,91618.7
2020-07-21,AUDUSD,119917.2
2020-07-22,AUDUSD,162636.3
2020-07-23,AUDUSD,139298.2
2020-07-24,AUDUSD,120741.4
2020-07-26,AUDUSD,7452.3
2020-07-27,AUDUSD,107866.9
2020-07-28,AUDUSD,116026.6
2020-07-29,AUDUSD,113521.6
2020-07-30,AUDUSD,128351.6
2020-07-31,AUDUSD,131828.1
2020-08-02,AUDUSD,12199.2
2020-08-03,AUDUSD,103683.9
2020-08-04,AUDUSD,105460.5
2020-08-05,AUDUSD,98202.9
2020-08-06,AUDUSD,120897.2
2020-08-07,AUDUSD,116944.3
2020-08-09,AUDUSD,6647.3
2020-08-10,AUDUSD,86260.6
2020-08-11,AUDUSD,108434.0
2020-08-12,AUDUSD,114612.2
2020-08-13,AUDUSD,94337.0
2020-08-14,AUDUSD,67668.7
2020-08-16,AUDUSD,4543.8
2020-08-17,AUDUSD,62960.0
2020-08-18,AUDUSD,93451.0
2020-08-19,AUDUSD,246765.8
2020-08-20,AUDUSD,100952.3
2020-08-21,AUDUSD,91390.0
2020-08-23,AUDUSD,3264.6
2020-08-24,AUDUSD,205968.6
2020-08-25,AUDUSD,187894.7
2020-08-26,AUDUSD,96879.9
2020-08-27,AUDUSD,278962.0
2020-08-28,AUDUSD,154133.5
2020-08-30,AUDUSD,4176.6
2020-08-31,AUDUSD,277106.8
2020-09-01,AUDUSD,149961.5
2020-09-02,AUDUSD,116432.0
2020-09-03,AUDUSD,162231.9
2020-09-04,AUDUSD,148950.4
2020-09-06,AUDUSD,7789.3
2020-09-07,AUDUSD,68530.2
2020-09-08,AUDUSD,139253.1
2020-09-09,AUDUSD,142891.0
2020-09-10,AUDUSD,141944.8
2020-09-11,AUDUSD,95294.7
2020-09-13,AUDUSD,3937.7
2020-09-14,AUDUSD,67461.7
2020-09-15,AUDUSD,92333.3
2020-09-16,AUDUSD,110817.4
2020-09-17,AUDUSD,145864.1
2020-09-18,AUDUSD,117082.0
2020-09-20,AUDUSD,4582.7
2020-09-21,AUDUSD,135258.4
2020-09-22,AUDUSD,128375.2
2020-09-23,AUDUSD,144263.8
2020-09-24,AUDUSD,145924.0
2020-09-25,AUDUSD,116986.9
2020-09-27,AUDUSD,3036.7
2020-09-28,AUDUSD,103754.9
2020-09-29,AUDUSD,101573.9
2020-09-30,AUDUSD,140279.4
2020-10-01,AUDUSD,137150.4
2020-10-02,AUDUSD,155699.8
2020-10-04,AUDUSD,3983.6
2020-10-05,AUDUSD,84321.8
2020-10-06,AUDUSD,125139.9
2020-10-07,AUDUSD,91539.4
2020-10-08,AUDUSD,78368.2
2020-10-09,AUDUSD,74999.9
2020-10-11,AUDUSD,4008.7
2020-10-12,AUDUSD,70377.9
2020-10-13,AUDUSD,116906.4
2020-10-14,AUDUSD,109060.1
2020-10-15,AUDUSD,123150.9
2020-10-16,AUDUSD,90288.5
2020-10-18,AUDUSD,3747.8
2020-10-19,AUDUSD,81548.3
2020-10-20,AUDUSD,85412.9
2020-10-21,AUDUSD,102162.2
2020-10-22,AUDUSD,91748.3
2020-10-23,AUDUSD,82234.5
2020-10-25,AUDUSD,6438.3
2020-10-26,AUDUSD,97781.2
2020-10-27,AUDUSD,85095.0
2020-10-28,AUDUSD,124185.5
2020-10-29,AUDUSD,130808.6
2020-10-30,AUDUSD,144754.9
2020-11-01,AUDUSD,6920.4
2020-11-02,AUDUSD,113292.2
2020-11-03,AUDUSD,100106.0
2020-11-04,AUDUSD,247640.7
2020-11-05,AUDUSD,173712.4
2020-11-06,AUDUSD,140992.6
2020-11-08,AUDUSD,6423.5
2020-11-09,AUDUSD,198497.4
2020-11-10,AUDUSD,168234.6
2020-11-11,AUDUSD,108824.0
2020-11-12,AUDUSD,112058.7
2020-11-13,AUDUSD,76996.8
2020-11-15,AUDUSD,6197.3
2020-11-16,AUDUSD,100749.1
2020-11-17,AUDUSD,86277.7
2020-11-18,AUDUSD,94604.9
2020-11-19,AUDUSD,104469.4
2020-11-20,AUDUSD,92111.7
2020-11-22,AUDUSD,4773.9
2020-11-23,AUDUSD,82598.2
2020-11-24,AUDUSD,90456.4
2020-11-25,AUDUSD,92827.2
2020-11-26,AUDUSD,54180.5
2020-11-27,AUDUSD,70662.5
2020-11-29,AUDUSD,2666.2
2020-11-30,AUDUSD,97594.7
2020-12-01,AUDUSD,89829.1
2020-12-02,AUDUSD,90053.6
2020-12-03,AUDUSD,80978.2
2020-12-04,AUDUSD,90597.7
2020-12-06,AUDUSD,4779.7
2020-12-07,AUDUSD,82082.1
2020-12-08,AUDUSD,81098.9
2020-12-09,AUDUSD,90740.6
2020-12-10,AUDUSD,107409.5
2020-12-11,AUDUSD,90094.8
2020-12-13,AUDUSD,3235.5
2020-12-14,AUDUSD,83959.2
2020-12-15,AUDUSD,75778.8
2020-12-16,AUDUSD,84486.5
2020-12-17,AUDUSD,69419.6
2020-12-18,AUDUSD,72060.4
2020-12-20,AUDUSD,4407.6
2020-12-21,AUDUSD,141949.3
2020-12-22,AUDUSD,99895.4
2020-12-23,AUDUSD,87776.6
2020-12-24,AUDUSD,75789.3
2020-12-25,AUDUSD,5017.4
2020-12-27,AUDUSD,3368.6
2020-12-28,AUDUSD,71842.1
2020-12-29,AUDUSD,69903.6
2020-12-30,AUDUSD,68974.0
2020-12-31,AUDUSD,69811.0
2021-01-03,AUDUSD,5762.2
2021-01-04,AUDUSD,125178.0
2021-01-05,AUDUSD,135324.0
2021-01-06,AUDUSD,194727.8
2021-01-07,AUDUSD,136765.4
2021-01-08,AUDUSD,176576.3
2021-01-10,AUDUSD,7078.5
2021-01-11,AUDUSD,136616.0
2021-01-12,AUDUSD,117909.2
2021-01-13,AUDUSD,106208.7
2021-01-14,AUDUSD,113434.0
2021-01-15,AUDUSD,123491.7
2021-01-17,AUDUSD,4851.2
2021-01-18,AUDUSD,96363.6
2021-01-19,AUDUSD,103503.2
2021-01-20,AUDUSD,101145.4
2021-01-21,AUDUSD,109774.5
2021-01-22,AUDUSD,109290.5
2021-01-24,AUDUSD,4415.7
2021-01-25,AUDUSD,126650.7
2021-01-26,AUDUSD,101549.5
2021-01-27,AUDUSD,168079.8
2021-01-28,AUDUSD,186680.2
2021-01-29,AUDUSD,197762.5
2021-01-31,AUDUSD,9299.4
2021-02-01,AUDUSD,155375.1
2021-02-02,AUDUSD,133652.0
2021-02-03,AUDUSD,107601.0
2021-02-04,AUDUSD,105183.9
2021-02-05,AUDUSD,96588.6
2021-02-07,AUDUSD,5625.0
2021-02-08,AUDUSD,72979.1
2021-02-09,AUDUSD,87014.5
2021-02-10,AUDUSD,108591.8
2021-02-11,AUDUSD,75079.8
2021-02-12,AUDUSD,56156.8
2021-02-14,AUDUSD,3906.5
2021-02-15,AUDUSD,45706.7
2021-02-16,AUDUSD,79609.2
2021-02-17,AUDUSD,98440.1
2021-02-18,AUDUSD,100232.2
2021-02-19,AUDUSD,93366.0
2021-02-21,AUDUSD,3687.5
2021-02-22,AUDUSD,99765.2
2021-02-23,AUDUSD,102892.9
2021-02-24,AUDUSD,117202.3
2021-02-25,AUDUSD,158646.4
2021-02-26,AUDUSD,214363.7
2021-02-28,AUDUSD,6193.0
2021-03-01,AUDUSD,122847.7
2021-03-02,AUDUSD,142922.0
2021-03-03,AUDUSD,137891.9
2021-03-04,AUDUSD,177236.8
2021-03-05,AUDUSD,181277.3
2021-03-07,AUDUSD,6288.0
2021-03-08,AUDUSD,165276.6
2021-03-09,AUDUSD,135683.0
2021-03-10,AUDUSD,129829.4
2021-03-11,AUDUSD,109813.6
2021-03-12,AUDUSD,121907.2
2021-03-14,AUDUSD,5394.7
2021-03-15,AUDUSD,104257.6
2021-03-16,AUDUSD,95296.0
2021-03-17,AUDUSD,118252.1
2021-03-18,AUDUSD,146403.2
2021-03-19,AUDUSD,126772.7
2021-03-21,AUDUSD,6395.0
2021-03-22,AUDUSD,89317.2
2021-03-23,AUDUSD,103478.7
2021-03-24,AUDUSD,94342.3
2021-03-25,AUDUSD,109408.6
2021-03-26,AUDUSD,74686.2
2021-03-28,AUDUSD,3989.1
2021-03-29,AUDUSD,80914.0
2021-03-30,AUDUSD,84675.0
2021-03-31,AUDUSD,83589.5
2021-04-01,AUDUSD,88816.7
2021-04-02,AUDUSD,28224.3
2021-04-04,AUDUSD,6050.0
2021-04-05,AUDUSD,47030.6
2021-04-06,AUDUSD,74347.4
2021-04-07,AUDUSD,84483.6
2021-04-08,AUDUSD,74691.6
2021-04-09,AUDUSD,76923.9
2021-04-11,AUDUSD,3398.8
2021-04-12,AUDUSD,70934.5
2021-04-13,AUDUSD,88897.6
2021-04-14,AUDUSD,85930.2
2021-04-15,AUDUSD,83917.2
2021-04-16,AUDUSD,68798.9
2021-04-18,AUDUSD,3260.4
2021-04-19,AUDUSD,80566.2
2021-04-20,AUDUSD,93195.7
2021-04-21,AUDUSD,84362.8
2021-04-22,AUDUSD,97511.4
2021-04-23,AUDUSD,72225.2
2021-04-25,AUDUSD,3064.2
2021-04-26,AUDUSD,75107.1
2021-04-27,AUDUSD,71950.4
2021-04-28,AUDUSD,81471.8
2021-04-29,AUDUSD,78736.6
2021-04-30,AUDUSD,81658.9
2021-05-02,AUDUSD,2890.9
2021-05-03,AUDUSD,64889.6
2021-05-04,AUDUSD,97209.4
2021-05-05,AUDUSD,73463.0
2021-05-06,AUDUSD,92533.1
2021-05-07,AUDUSD,91130.4
2021-05-09,AUDUSD,3560.5
2021-05-10,AUDUSD,84508.8
2021-05-11,AUDUSD,103413.1
2021-05-12,AUDUSD,126083.4
2021-05-13,AUDUSD,116413.0
2021-05-14,AUDUSD,87265.6
2021-05-16,AUDUSD,2435.4
2021-05-17,AUDUSD,84810.7
2021-05-18,AUDUSD,80322.6
2021-05-19,AUDUSD,131007.0
2021-05-20,AUDUSD,85046.5
2021-05-21,AUDUSD,77609.8
2021-05-23,AUDUSD,2461.1
2021-05-24,AUDUSD,62288.5
2021-05-25,AUDUSD,78781.0
2021-05-26,AUDUSD,81101.7
2021-05-27,AUDUSD,79993.7
2021-05-28,AUDUSD,78415.2
2021-05-30,AUDUSD,1850.3
2021-05-31,AUDUSD,57457.7
2021-06-01,AUDUSD,77354.1
2021-06-02,AUDUSD,65093.2
2021-06-03,AUDUSD,83404.6
2021-06-04,AUDUSD,70661.3
2021-06-06,AUDUSD,1294.9
2021-06-07,AUDUSD,49219.2
2021-06-08,AUDUSD,55699.9
2021-06-09,AUDUSD,52194.0
2021-06-10,AUDUSD,89179.1
2021-06-11,AUDUSD,74537.9
2021-06-13,AUDUSD,1314.1
2021-06-14,AUDUSD,60689.6
2021-06-15,AUDUSD,79048.8
2021-06-16,AUDUSD,118824.6
2021-06-17,AUDUSD,138007.7
2021-06-18,AUDUSD,139066.7
2021-06-20,AUDUSD,4969.2
2021-06-21,AUDUSD,132602.4
2021-06-22,AUDUSD,94736.3
2021-06-23,AUDUSD,97038.2
2021-06-24,AUDUSD,98144.4
2021-06-25,AUDUSD,87272.8
2021-06-27,AUDUSD,3302.8
2021-06-28,AUDUSD,78259.5
2021-06-29,AUDUSD,80536.9
2021-06-30,AUDUSD,83610.4
2021-07-01,AUDUSD,89070.8
2021-07-02,AUDUSD,90555.8
2021-07-04,AUDUSD,4064.9
2021-07-05,AUDUSD,67335.8
2021-07-06,AUDUSD,117828.0
2021-07-07,AUDUSD,102094.8
2021-07-08,AUDUSD,174652.7
2021-07-09,AUDUSD,113126.0
2021-07-11,AUDUSD,3924.1
2021-07-12,AUDUSD,92758.8
2021-07-13,AUDUSD,109389.0
2021-07-14,AUDUSD,121314.0
2021-07-15,AUDUSD,111985.5
2021-07-16,AUDUSD,89991.7
2021-07-18,AUDUSD,4630.2
2021-07-19,AUDUSD,138909.4
2021-07-20,AUDUSD,114504.2
2021-07-21,AUDUSD,88869.3
2021-07-22,AUDUSD,101679.0
2021-07-23,AUDUSD,75757.5
2021-07-25,AUDUSD,2063.4
2021-07-26,AUDUSD,93181.8
2021-07-27,AUDUSD,108165.9
2021-07-28,AUDUSD,126871.1
2021-07-29,AUDUSD,85777.9
2021-07-30,AUDUSD,96665.0
2021-08-01,AUDUSD,2730.6
2021-08-02,AUDUSD,79783.0
2021-08-03,AUDUSD,92645.2
2021-08-04,AUDUSD,74137.2
2021-08-05,AUDUSD,68279.0
2021-08-06,AUDUSD,70053.3
2021-08-08,AUDUSD,6378.5
2021-08-09,AUDUSD,63070.9
2021-08-10,AUDUSD,58190.0
2021-08-11,AUDUSD,66263.9
2021-08-12,AUDUSD,50463.1
2021-08-13,AUDUSD,43114.4
2021-08-15,AUDUSD,2265.5
2021-08-16,AUDUSD,53117.9
2021-08-17,AUDUSD,77645.4
2021-08-18,AUDUSD,75673.7
2021-08-19,AUDUSD,112995.2
2021-08-20,AUDUSD,84990.6
2021-08-22,AUDUSD,3551.3
2021-08-23,AUDUSD,71566.6
2021-08-24,AUDUSD,66199.1
2021-08-25,AUDUSD,66345.8
2021-08-26,AUDUSD,75244.2
2021-08-27,AUDUSD,79973.9
2021-08-29,AUDUSD,2255.8
2021-08-30,AUDUSD,51561.7
2021-08-31,AUDUSD,86750.8
2021-09-01,AUDUSD,74387.5
2021-09-02,AUDUSD,73053.8
2021-09-03,AUDUSD,83830.1
2021-09-05,AUDUSD,3170.7
2021-09-06,AUDUSD,88210.5
2021-09-07,AUDUSD,97083.8
2021-09-08,AUDUSD,99572.9
2021-09-09,AUDUSD,103737.2
2021-09-10,AUDUSD,80921.8
2021-09-12,AUDUSD,2607.1
2021-09-13,AUDUSD,83802.3
2021-09-14,AUDUSD,101522.7
2021-09-15,AUDUSD,86476.9
2021-09-16,AUDUSD,84931.6
2021-09-17,AUDUSD,87390.7
2021-09-19,AUDUSD,2386.4
2021-09-20,AUDUSD,140513.9
2021-09-21,AUDUSD,107268.0
2021-09-22,AUDUSD,132131.1
2021-09-23,AUDUSD,99859.7
2021-09-24,AUDUSD,90870.3
2021-09-26,AUDUSD,2866.4
2021-09-27,AUDUSD,107889.6
2021-09-28,AUDUSD,138368.2
2021-09-29,AUDUSD,114829.4
2021-09-30,AUDUSD,130948.1
2021-10-01,AUDUSD,149254.3
2021-10-03,AUDUSD,5916.4
2021-10-04,AUDUSD,132572.0
2021-10-05,AUDUSD,105650.9
2021-10-06,AUDUSD,148576.3
2021-10-07,AUDUSD,96533.1
2021-10-08,AUDUSD,120706.7
2021-10-10,AUDUSD,3907.3
2021-10-11,AUDUSD,101934.6
2021-10-12,AUDUSD,114005.2
2021-10-13,AUDUSD,107797.9
2021-10-14,AUDUSD,88784.6
2021-10-15,AUDUSD,82309.6
2021-10-17,AUDUSD,6262.1
2021-10-18,AUDUSD,92547.5
2021-10-19,AUDUSD,93715.5
2021-10-20,AUDUSD,95491.7
2021-10-21,AUDUSD,97197.7
2021-10-22,AUDUSD,120278.3
2021-10-24,AUDUSD,3170.0
2021-10-25,AUDUSD,94573.5
2021-10-26,AUDUSD,98755.6
2021-10-27,AUDUSD,115096.3
2021-10-28,AUDUSD,137166.3
2021-10-29,AUDUSD,118105.9
2021-10-31,AUDUSD,3158.3
2021-11-01,AUDUSD,86798.0
2021-11-02,AUDUSD,104353.4
2021-11-03,AUDUSD,122546.1
2021-11-04,AUDUSD,108994.9
2021-11-05,AUDUSD,121107.4
2021-11-07,AUDUSD,3025.6
2021-11-08,AUDUSD,73133.9
2021-11-09,AUDUSD,103230.8
2021-11-10,AUDUSD,121571.1
2021-11-11,AUDUSD,98812.8
2021-11-12,AUDUSD,80179.9
2021-11-14,AUDUSD,2084.2
2021-11-15,AUDUSD,77363.5
2021-11-16,AUDUSD,96813.7
2021-11-17,AUDUSD,97686.2
2021-11-18,AUDUSD,82328.2
2021-11-19,AUDUSD,114935.9
2021-11-21,AUDUSD,2593.9
2021-11-22,AUDUSD,100560.1
2021-11-23,AUDUSD,109702.5
2021-11-24,AUDUSD,111441.3
2021-11-25,AUDUSD,83203.4
2021-11-26,AUDUSD,160142.8
2021-11-28,AUDUSD,5449.0
2021-11-29,AUDUSD,102024.9
2021-11-30,AUDUSD,194085.2
2021-12-01,AUDUSD,128377.4
2021-12-02,AUDUSD,141300.7
2021-12-03,AUDUSD,137733.3
2021-12-05,AUDUSD,3177.2
2021-12-06,AUDUSD,91426.2
2021-12-07,AUDUSD,91486.7
2021-12-08,AUDUSD,111121.0
2021-12-09,AUDUSD,74692.4
2021-12-10,AUDUSD,80507.4
2021-12-12,AUDUSD,3369.0
2021-12-13,AUDUSD,73792.6
2021-12-14,AUDUSD,76234.8
2021-12-15,AUDUSD,110858.7
2021-12-16,AUDUSD,118497.5
2021-12-17,AUDUSD,101260.5
2021-12-19,AUDUSD,3451.0
2021-12-20,AUDUSD,124796.5
2021-12-21,AUDUSD,67546.8
2021-12-22,AUDUSD,65146.7
2021-12-23,AUDUSD,61561.7
2021-12-24,AUDUSD,63185.0
2021-12-26,AUDUSD,1517.6
2021-12-27,AUDUSD,42870.1
2021-12-28,AUDUSD,41297.7
2021-12-29,AUDUSD,58019.0
2021-12-30,AUDUSD,52458.8
2021-12-31,AUDUSD,51935.0
2022-01-02,AUDUSD,1199.8
2022-01-03,AUDUSD,53604.2
2022-01-04,AUDUSD,68303.9
2022-01-05,AUDUSD,85133.8
2022-01-06,AUDUSD,96490.1
2022-01-07,AUDUSD,76559.2
2022-01-09,AUDUSD,2757.6
2022-01-10,AUDUSD,99033.1
2022-01-11,AUDUSD,87773.7
2022-01-12,AUDUSD,90770.3
2022-01-13,AUDUSD,83521.9
2022-01-14,AUDUSD,96377.7
2022-01-16,AUDUSD,2628.9
2022-01-17,AUDUSD,59689.6
2022-01-18,AUDUSD,112362.4
2022-01-19,AUDUSD,92956.2
2022-01-20,AUDUSD,95376.3
2022-01-21,AUDUSD,130069.8
2022-01-23,AUDUSD,4300.5
2022-01-24,AUDUSD,172861.2
2022-01-25,AUDUSD,176206.5
2022-01-26,AUDUSD,171681.7
2022-01-27,AUDUSD,190715.3
2022-01-28,AUDUSD,218465.2
2022-01-30,AUDUSD,4262.6
2022-01-31,AUDUSD,119842.1
2022-02-01,AUDUSD,136095.3
2022-02-02,AUDUSD,110391.2
2022-02-03,AUDUSD,153450.6
2022-02-04,AUDUSD,142106.2
2022-02-06,AUDUSD,3512.4
2022-02-07,AUDUSD,119975.4
2022-02-08,AUDUSD,106243.8
2022-02-09,AUDUSD,85698.6
2022-02-10,AUDUSD,153474.9
2022-02-11,AUDUSD,200489.7
2022-02-13,AUDUSD,6316.6
2022-02-14,AUDUSD,212252.3
2022-02-15,AUDUSD,141042.8
2022-02-16,AUDUSD,137328.0
2022-02-17,AUDUSD,187724.3
2022-02-18,AUDUSD,156778.5
2022-02-20,AUDUSD,4140.9
2022-02-21,AUDUSD,158834.9
2022-02-22,AUDUSD,189534.2
2022-02-23,AUDUSD,140935.0
2022-02-24,AUDUSD,345324.8
2022-02-25,AUDUSD,230494.4
2022-02-27,AUDUSD,12659.3
2022-02-28,AUDUSD,227726.6
2022-03-01,AUDUSD,184959.0
2022-03-02,AUDUSD,203354.1
2022-03-03,AUDUSD,163641.2
2022-03-04,AUDUSD,198782.2
2022-03-06,AUDUSD,8658.9
2022-03-07,AUDUSD,256055.7
2022-03-08,AUDUSD,247004.0
2022-03-09,AUDUSD,168091.4
2022-03-10,AUDUSD,172900.8
2022-03-11,AUDUSD,163260.9
2022-03-13,AUDUSD,4882.7
2022-03-14,AUDUSD,140208.8
2022-03-15,AUDUSD,139863.3
2022-03-16,AUDUSD,168799.9
2022-03-17,AUDUSD,158173.3
2022-03-18,AUDUSD,111924.1
2022-03-20,AUDUSD,4376.1
2022-03-21,AUDUSD,120669.3
2022-03-22,AUDUSD,115172.5
2022-03-23,AUDUSD,108218.3
2022-03-24,AUDUSD,121325.6
2022-03-25,AUDUSD,129363.9
2022-03-27,AUDUSD,4530.0
2022-03-28,AUDUSD,143155.7
2022-03-29,AUDUSD,160211.7
2022-03-30,AUDUSD,131136.1
2022-03-31,AUDUSD,131044.5
2022-04-01,AUDUSD,111439.8
2022-04-03,AUDUSD,2781.0
2022-04-04,AUDUSD,98259.5
2022-04-05,AUDUSD,125550.0
2022-04-06,AUDUSD,139884.5
2022-04-07,AUDUSD,122800.5
2022-04-08,AUDUSD,105275.1
2022-04-10,AUDUSD,3726.8
2022-04-11,AUDUSD,118328.4
2022-04-12,AUDUSD,135351.6
2022-04-13,AUDUSD,141708.1
2022-04-14,AUDUSD,136932.1
2022-04-15,AUDUSD,61846.2
2022-04-17,AUDUSD,4608.9
2022-04-18,AUDUSD,90164.2
2022-04-19,AUDUSD,122101.8
2022-04-20,AUDUSD,124273.4
2022-04-21,AUDUSD,129427.8
2022-04-22,AUDUSD,147784.3
2022-04-24,AUDUSD,6578.5
2022-04-25,AUDUSD,223226.6
2022-04-26,AUDUSD,175892.1
2022-04-27,AUDUSD,180742.3
2022-04-28,AUDUSD,205003.6
2022-04-29,AUDUSD,167126.8
2022-05-01,AUDUSD,9714.4
2022-05-02,AUDUSD,138068.0
2022-05-03,AUDUSD,164887.7
2022-05-04,AUDUSD,187355.5
2022-05-05,AUDUSD,233012.4
2022-05-06,AUDUSD,265239.9
2022-05-08,AUDUSD,11871.5
2022-05-09,AUDUSD,234630.9
2022-05-10,AUDUSD,285551.6
2022-05-11,AUDUSD,251535.5
2022-05-12,AUDUSD,293715.6
2022-05-13,AUDUSD,174913.2
2022-05-15,AUDUSD,5823.2
2022-05-16,AUDUSD,179218.8
2022-05-17,AUDUSD,177823.9
2022-05-18,AUDUSD,161853.3
2022-05-19,AUDUSD,243235.5
2022-05-20,AUDUSD,181515.3
2022-05-22,AUDUSD,7743.7
2022-05-23,AUDUSD,170240.3
2022-05-24,AUDUSD,173257.5
2022-05-25,AUDUSD,183741.1
2022-05-26,AUDUSD,141286.3
2022-05-27,AUDUSD,131000.0
2022-05-29,AUDUSD,5405.4
2022-05-30,AUDUSD,107095.0
2022-05-31,AUDUSD,160236.5
2022-06-01,AUDUSD,154779.8
2022-06-02,AUDUSD,128995.6
2022-06-03,AUDUSD,129555.0
2022-06-05,AUDUSD,5231.9
2022-06-06,AUDUSD,108069.9
2022-06-07,AUDUSD,158030.8
2022-06-08,AUDUSD,141805.3
2022-06-09,AUDUSD,163653.0
2022-06-10,AUDUSD,192332.2
2022-06-12,AUDUSD,8432.7
2022-06-13,AUDUSD,224906.1
2022-06-14,AUDUSD,244129.9
2022-06-15,AUDUSD,264536.5
2022-06-16,AUDUSD,255477.2
2022-06-17,AUDUSD,216133.4
2022-06-19,AUDUSD,8119.7
2022-06-20,AUDUSD,151398.4
2022-06-21,AUDUSD,171167.5
2022-06-22,AUDUSD,184042.0
2022-06-23,AUDUSD,201286.7
2022-06-24,AUDUSD,161081.8
2022-06-26,AUDUSD,7265.7
2022-06-27,AUDUSD,195003.9
2022-06-28,AUDUSD,214235.6
2022-06-29,AUDUSD,220658.5
2022-06-30,AUDUSD,210902.2
2022-07-01,AUDUSD,222648.1
2022-07-03,AUDUSD,9321.8
2022-07-04,AUDUSD,138675.7
2022-07-05,AUDUSD,228574.0
2022-07-06,AUDUSD,245762.7
2022-07-07,AUDUSD,180843.0
2022-07-08,AUDUSD,197060.2
2022-07-10,AUDUSD,8049.0
2022-07-11,AUDUSD,197856.0
2022-07-12,AUDUSD,218828.0
2022-07-13,AUDUSD,278722.3
2022-07-14,AUDUSD,340825.1
2022-07-15,AUDUSD,245671.0
2022-07-17,AUDUSD,9907.8
2022-07-18,AUDUSD,194024.0
2022-07-19,AUDUSD,219459.0
2022-07-20,AUDUSD,200714.4
2022-07-21,AUDUSD,228950.8
2022-07-22,AUDUSD,224191.4
2022-07-24,AUDUSD,8416.6
2022-07-25,AUDUSD,188315.5
2022-07-26,AUDUSD,167636.1
2022-07-27,AUDUSD,188745.6
2022-07-28,AUDUSD,212644.8
2022-07-29,AUDUSD,209588.7
2022-07-31,AUDUSD,11336.7
2022-08-01,AUDUSD,218603.0
2022-08-02,AUDUSD,342696.1
2022-08-03,AUDUSD,253539.6
2022-08-04,AUDUSD,230431.3
2022-08-05,AUDUSD,226066.8
2022-08-07,AUDUSD,10502.3
2022-08-08,AUDUSD,170174.6
2022-08-09,AUDUSD,147128.0
2022-08-10,AUDUSD,217787.8
2022-08-11,AUDUSD,207087.6
2022-08-12,AUDUSD,165218.0
2022-08-14,AUDUSD,8177.0
2022-08-15,AUDUSD,171912.6
2022-08-16,AUDUSD,181952.4
2022-08-17,AUDUSD,238295.8
2022-08-18,AUDUSD,222933.6
2022-08-19,AUDUSD,179531.2
2022-08-21,AUDUSD,10811.6
2022-08-22,AUDUSD,197584.6
2022-08-23,AUDUSD,242861.2
2022-08-24,AUDUSD,198461.2
2022-08-25,AUDUSD,212579.5
2022-08-26,AUDUSD,252774.2
2022-08-28,AUDUSD,14030.8
2022-08-29,AUDUSD,270004.8
2022-08-30,AUDUSD,280863.4
2022-08-31,AUDUSD,315397.9
2022-09-01,AUDUSD,315810.2
2022-09-02,AUDUSD,270016.5
2022-09-04,AUDUSD,12339.7
2022-09-05,AUDUSD,164743.4
2022-09-06,AUDUSD,281109.0
2022-09-07,AUDUSD,264890.3
2022-09-08,AUDUSD,306616.3
2022-09-09,AUDUSD,254074.8
2022-09-11,AUDUSD,11396.5
2022-09-12,AUDUSD,207519.2
2022-09-13,AUDUSD,257254.9
2022-09-14,AUDUSD,276351.5
2022-09-15,AUDUSD,236507.1
2022-09-16,AUDUSD,242920.0
2022-09-18,AUDUSD,10786.9
2022-09-19,AUDUSD,198240.3
2022-09-20,AUDUSD,221038.5
2022-09-21,AUDUSD,295642.3
2022-09-22,AUDUSD,361546.8
2022-09-23,AUDUSD,325651.1
2022-09-25,AUDUSD,19206.6
2022-09-26,AUDUSD,442397.6
2022-09-27,AUDUSD,372943.2
2022-09-28,AUDUSD,466754.4
2022-09-29,AUDUSD,407985.5
2022-09-30,AUDUSD,400019.7
2022-10-02,AUDUSD,17846.7
2022-10-03,AUDUSD,319714.7
2022-10-04,AUDUSD,314757.6
2022-10-05,AUDUSD,336869.3
2022-10-06,AUDUSD,411975.1
2022-10-07,AUDUSD,298244.6
2022-10-09,AUDUSD,20763.5
2022-10-10,AUDUSD,343400.8
2022-10-11,AUDUSD,379973.4
2022-10-12,AUDUSD,379692.8
2022-10-13,AUDUSD,382467.7
2022-10-14,AUDUSD,396541.4
2022-10-16,AUDUSD,12731.1
2022-10-17,AUDUSD,275392.6
2022-10-18,AUDUSD,326957.2
2022-10-19,AUDUSD,257982.4
2022-10-20,AUDUSD,323914.7
2022-10-21,AUDUSD,383296.0
2022-10-23,AUDUSD,50176.5
2022-10-24,AUDUSD,416249.8
2022-10-25,AUDUSD,401629.2
2022-10-26,AUDUSD,418885.7
2022-10-27,AUDUSD,446612.9
2022-10-28,AUDUSD,375204.2
2022-10-30,AUDUSD,23227.2
2022-10-31,AUDUSD,297021.3
2022-11-01,AUDUSD,389458.5
2022-11-02,AUDUSD,372291.0
2022-11-03,AUDUSD,389281.8
2022-11-04,AUDUSD,425713.4
2022-11-06,AUDUSD,13587.1
2022-11-07,AUDUSD,342902.8
2022-11-08,AUDUSD,319243.3
2022-11-09,AUDUSD,394513.0
2022-11-10,AUDUSD,415163.3
2022-11-11,AUDUSD,441698.6
2022-11-13,AUDUSD,15159.0
2022-11-14,AUDUSD,386288.4
2022-11-15,AUDUSD,511410.8
2022-11-16,AUDUSD,407773.0
2022-11-17,AUDUSD,346312.9
2022-11-18,AUDUSD,324879.6
2022-11-20,AUDUSD,5898.0
2022-11-21,AUDUSD,323059.2
2022-11-22,AUDUSD,275299.1
2022-11-23,AUDUSD,316874.5
2022-11-24,AUDUSD,194088.9
2022-11-25,AUDUSD,206248.9
2022-11-27,AUDUSD,8917.2
2022-11-28,AUDUSD,302494.9
2022-11-29,AUDUSD,301282.1
2022-11-30,AUDUSD,357791.2
2022-12-01,AUDUSD,390935.5
2022-12-02,AUDUSD,348198.8
2022-12-04,AUDUSD,8883.9
2022-12-05,AUDUSD,310543.1
2022-12-06,AUDUSD,296899.1
2022-12-07,AUDUSD,342110.2
2022-12-08,AUDUSD,275686.0
2022-12-09,AUDUSD,296769.2
2022-12-11,AUDUSD,6147.8
2022-12-12,AUDUSD,236188.3
2022-12-13,AUDUSD,281049.8
2022-12-14,AUDUSD,279414.9
2022-12-15,AUDUSD,257172.6
2022-12-16,AUDUSD,210886.2
2022-12-18,AUDUSD,4003.3
2022-12-19,AUDUSD,182697.1
2022-12-20,AUDUSD,304127.4
2022-12-21,AUDUSD,203290.4
2022-12-22,AUDUSD,186362.4
2022-12-23,AUDUSD,193868.8
2022-12-25,AUDUSD,513.5
2022-12-26,AUDUSD,15873.0
2022-12-27,AUDUSD,162429.3
2022-12-28,AUDUSD,168379.8
2022-12-29,AUDUSD,141831.4
2022-12-30,AUDUSD,189157.1
2024-01-01,AUDUSD,3310.1
2024-01-02,AUDUSD,120889.6
2024-01-03,AUDUSD,161168.5
2024-01-04,AUDUSD,135657.3
2024-01-05,AUDUSD,158987.0
2024-01-07,AUDUSD,2800.3
2024-01-08,AUDUSD,117631.5
2024-01-09,AUDUSD,116529.7
2024-01-10,AUDUSD,91150.3
2024-01-11,AUDUSD,154388.4
2024-01-12,AUDUSD,120863.0
2024-01-14,AUDUSD,5006.3
2024-01-15,AUDUSD,72310.8
2024-01-16,AUDUSD,145433.5
2024-01-17,AUDUSD,127093.1
2024-01-18,AUDUSD,128618.5
2024-01-19,AUDUSD,96246.3
2024-01-21,AUDUSD,4543.2
2024-01-22,AUDUSD,119637.9
2024-01-23,AUDUSD,115786.3
2024-01-24,AUDUSD,170201.8
2024-01-25,AUDUSD,157208.3
2024-01-26,AUDUSD,116161.2
2024-01-28,AUDUSD,4948.2
2024-01-29,AUDUSD,96737.6
2024-01-30,AUDUSD,115462.0
2024-01-31,AUDUSD,209455.5
2024-02-01,AUDUSD,179062.0
2024-02-02,AUDUSD,162795.7
2024-02-04,AUDUSD,6206.2
2024-02-05,AUDUSD,133921.3
2024-02-06,AUDUSD,107067.7
2024-02-07,AUDUSD,128323.2
2024-02-08,AUDUSD,100278.3
2024-02-09,AUDUSD,112342.5
2024-02-11,AUDUSD,4851.6
2024-02-12,AUDUSD,61441.6
2024-02-13,AUDUSD,111134.5
2024-02-14,AUDUSD,113179.7
2024-02-15,AUDUSD,108723.0
2024-02-16,AUDUSD,117105.6
2024-02-18,AUDUSD,3541.3
2024-02-19,AUDUSD,62976.6
2024-02-20,AUDUSD,88517.3
2024-02-21,AUDUSD,141219.2
2024-02-22,AUDUSD,100971.3
2024-02-23,AUDUSD,68895.7
2024-02-25,AUDUSD,2510.6
2024-02-26,AUDUSD,57774.4
2024-02-27,AUDUSD,65974.3
2024-02-28,AUDUSD,76728.2
2024-02-29,AUDUSD,108028.1
2024-03-01,AUDUSD,107964.8
2024-03-03,AUDUSD,4027.4
2024-03-04,AUDUSD,67591.2
2024-03-05,AUDUSD,87591.5
2024-03-06,AUDUSD,91597.4
2024-03-07,AUDUSD,83023.9
2024-03-08,AUDUSD,112636.7
2024-03-10,AUDUSD,5093.9
2024-03-11,AUDUSD,112041.0
2024-03-12,AUDUSD,131534.7
2024-03-13,AUDUSD,88938.0
2024-03-14,AUDUSD,117430.3
2024-03-15,AUDUSD,106769.0
2024-03-17,AUDUSD,4378.5
2024-03-18,AUDUSD,66858.8
2024-03-19,AUDUSD,109491.1
2024-03-20,AUDUSD,124256.5
2024-03-21,AUDUSD,150113.8
2024-03-22,AUDUSD,116749.0
2024-03-24,AUDUSD,4310.1
2024-03-25,AUDUSD,87006.7
2024-03-26,AUDUSD,80661.5
2024-03-27,AUDUSD,100754.5
2024-03-28,AUDUSD,100024.5
2024-03-29,AUDUSD,21316.8
2024-03-31,AUDUSD,6394.6
2024-04-01,AUDUSD,66914.0
2024-04-02,AUDUSD,98565.2
2024-04-03,AUDUSD,117251.0
2024-04-04,AUDUSD,95139.9
2024-04-05,AUDUSD,124894.2
2024-04-07,AUDUSD,5608.3
2024-04-08,AUDUSD,112500.1
2024-04-09,AUDUSD,103034.0
2024-04-10,AUDUSD,186460.8
2024-04-11,AUDUSD,111668.8
2024-04-12,AUDUSD,113822.8
2024-04-14,AUDUSD,5228.7
2024-04-15,AUDUSD,120663.0
2024-04-16,AUDUSD,147629.5
2024-04-17,AUDUSD,111832.3
2024-04-18,AUDUSD,114881.9
2024-04-19,AUDUSD,151195.9
2024-04-21,AUDUSD,3994.4
2024-04-22,AUDUSD,81013.2
2024-04-23,AUDUSD,92696.5
2024-04-24,AUDUSD,92251.5
2024-04-25,AUDUSD,89148.6
2024-04-26,AUDUSD,90475.4
2024-04-28,AUDUSD,2770.4
2024-04-29,AUDUSD,102779.4
2024-04-30,AUDUSD,99380.3
2024-05-01,AUDUSD,116331.7
2024-05-02,AUDUSD,129325.0
2024-05-03,AUDUSD,127224.9
2024-05-05,AUDUSD,3676.9
2024-05-06,AUDUSD,61004.4
2024-05-07,AUDUSD,91259.9
2024-05-08,AUDUSD,69667.3
2024-05-09,AUDUSD,78105.0
2024-05-10,AUDUSD,75402.5
2024-05-12,AUDUSD,2871.4
2024-05-13,AUDUSD,56009.3
2024-05-14,AUDUSD,81853.6
2024-05-15,AUDUSD,98160.7
2024-05-16,AUDUSD,80743.5
2024-05-17,AUDUSD,65858.2
2024-05-19,AUDUSD,2940.4
2024-05-20,AUDUSD,72562.1
2024-05-21,AUDUSD,63643.5
2024-05-22,AUDUSD,76449.4
2024-05-23,AUDUSD,103381.4
2024-05-24,AUDUSD,71775.3
2024-05-26,AUDUSD,2645.6
2024-05-27,AUDUSD,51377.0
2024-05-28,AUDUSD,81136.7
2024-05-29,AUDUSD,101712.7
2024-05-30,AUDUSD,113235.7
2024-05-31,AUDUSD,117474.4
2024-06-02,AUDUSD,4992.6
2024-06-03,AUDUSD,122406.3
2024-06-04,AUDUSD,126327.5
2024-06-05,AUDUSD,98861.8
2024-06-06,AUDUSD,80072.6
2024-06-07,AUDUSD,100323.4
2024-06-09,AUDUSD,3137.7
2024-06-10,AUDUSD,66839.1
2024-06-11,AUDUSD,78709.5
2024-06-12,AUDUSD,128200.1
2024-06-13,AUDUSD,86301.4
2024-06-14,AUDUSD,97362.6
2024-06-16,AUDUSD,2451.8
2024-06-17,AUDUSD,65593.0
2024-06-18,AUDUSD,85156.8
2024-06-19,AUDUSD,37549.9
2024-06-20,AUDUSD,73084.4
2024-06-21,AUDUSD,79057.7
2024-06-23,AUDUSD,2730.8
2024-06-24,AUDUSD,66869.9
2024-06-25,AUDUSD,62927.2
2024-06-26,AUDUSD,77742.7
2024-06-27,AUDUSD,74946.5
2024-06-28,AUDUSD,94547.9
2024-06-30,AUDUSD,4029.8
2024-07-01,AUDUSD,98901.8
2024-07-02,AUDUSD,80522.8
2024-07-03,AUDUSD,75347.6
2024-07-04,AUDUSD,33258.3
2024-07-05,AUDUSD,98783.8
2024-07-07,AUDUSD,6627.1
2024-07-08,AUDUSD,65470.4
2024-07-09,AUDUSD,65550.3
2024-07-10,AUDUSD,67671.2
2024-07-11,AUDUSD,130070.6
2024-07-12,AUDUSD,92341.5
2024-07-14,AUDUSD,5749.2
2024-07-15,AUDUSD,73842.7
2024-07-16,AUDUSD,86261.3
2024-07-17,AUDUSD,131430.1
2024-07-18,AUDUSD,89282.4
2024-07-19,AUDUSD,78380.7
2024-07-21,AUDUSD,4500.0
2024-07-22,AUDUSD,81638.6
2024-07-23,AUDUSD,66941.7
2024-07-24,AUDUSD,88046.0
2024-07-25,AUDUSD,122620.8
2024-07-26,AUDUSD,86229.8
2024-07-28,AUDUSD,3757.1
2024-07-29,AUDUSD,69001.3
2024-07-30,AUDUSD,74660.6
2024-07-31,AUDUSD,127261.6
2024-08-01,AUDUSD,115014.9
2024-08-02,AUDUSD,128824.0
2024-08-04,AUDUSD,10060.9
2024-08-05,AUDUSD,293237.2
2024-08-06,AUDUSD,195293.4
2024-08-07,AUDUSD,150114.3
2024-08-08,AUDUSD,122521.0
2024-08-09,AUDUSD,85788.5
2024-08-11,AUDUSD,3706.9
2024-08-12,AUDUSD,61928.2
2024-08-13,AUDUSD,79432.6
2024-08-14,AUDUSD,97619.3
2024-08-15,AUDUSD,75463.8
2024-08-16,AUDUSD,57831.4
2024-08-18,AUDUSD,3092.7
2024-08-19,AUDUSD,67172.8
2024-08-20,AUDUSD,62116.3
2024-08-21,AUDUSD,66500.6
2024-08-22,AUDUSD,68881.9
2024-08-23,AUDUSD,73787.6
2024-08-25,AUDUSD,4360.1
2024-08-26,AUDUSD,65856.6
2024-08-27,AUDUSD,70544.7
2024-08-28,AUDUSD,77913.2
2024-08-29,AUDUSD,85601.7
2024-08-30,AUDUSD,73759.2
2024-09-01,AUDUSD,2897.9
2024-09-02,AUDUSD,40016.5
2024-09-03,AUDUSD,97352.3
2024-09-04,AUDUSD,85141.3
2024-09-05,AUDUSD,76907.5
2024-09-06,AUDUSD,121637.6
2024-09-08,AUDUSD,3270.7
2024-09-09,AUDUSD,61766.3
2024-09-10,AUDUSD,69966.2
2024-09-11,AUDUSD,96969.8
2024-09-12,AUDUSD,79236.9
2024-09-13,AUDUSD,74213.5
2024-09-15,AUDUSD,3548.4
2024-09-16,AUDUSD,56480.3
2024-09-17,AUDUSD,63319.6
2024-09-18,AUDUSD,110572.2
2024-09-19,AUDUSD,103907.2
2024-09-20,AUDUSD,77444.5
2024-09-22,AUDUSD,2630.7
2024-09-23,AUDUSD,67079.9
2024-09-24,AUDUSD,82053.0
2024-09-25,AUDUSD,75137.3
2024-09-26,AUDUSD,88131.3
2024-09-27,AUDUSD,83740.6
2024-09-29,AUDUSD,3725.6
2024-09-30,AUDUSD,84465.6
2024-10-01,AUDUSD,104627.3
2024-10-02,AUDUSD,83846.7
2024-10-03,AUDUSD,92061.8
2024-10-04,AUDUSD,80967.7
2024-10-06,AUDUSD,5089.9
2024-10-07,AUDUSD,86688.3
2024-10-08,AUDUSD,109623.1
2024-10-09,AUDUSD,102068.5
2024-10-10,AUDUSD,98803.1
2024-10-11,AUDUSD,54686.1
2024-10-13,AUDUSD,5680.5
2024-10-14,AUDUSD,67271.0
2024-10-15,AUDUSD,75745.2
2024-10-16,AUDUSD,67665.1
2024-10-17,AUDUSD,85647.8
2024-10-18,AUDUSD,60256.5
2024-10-20,AUDUSD,2949.6
2024-10-21,AUDUSD,58163.7
2024-10-22,AUDUSD,64186.0
2024-10-23,AUDUSD,92112.7
2024-10-24,AUDUSD,76376.0
2024-10-25,AUDUSD,66110.2
2024-10-27,AUDUSD,5260.8
2024-10-28,AUDUSD,57265.4
2024-10-29,AUDUSD,75587.7
2024-10-30,AUDUSD,86672.8
2024-10-31,AUDUSD,86020.1
2024-11-01,AUDUSD,79263.4
2024-11-03,AUDUSD,7422.7
2024-11-04,AUDUSD,111329.8
2024-11-05,AUDUSD,106635.6
2024-11-06,AUDUSD,303095.4
2024-11-07,AUDUSD,210859.9
2024-11-08,AUDUSD,172886.1
2024-11-10,AUDUSD,4719.4
2024-11-11,AUDUSD,147709.3
2024-11-12,AUDUSD,166839.4
2024-11-13,AUDUSD,186980.7
2024-11-14,AUDUSD,210636.3
2024-11-15,AUDUSD,193793.2
2024-11-17,AUDUSD,4811.7
2024-11-18,AUDUSD,146648.2
2024-11-19,AUDUSD,186102.5
2024-11-20,AUDUSD,144170.2
2024-11-21,AUDUSD,169279.3
2024-11-22,AUDUSD,197635.0
2024-11-24,AUDUSD,9395.8
2024-11-25,AUDUSD,162182.5
2024-11-26,AUDUSD,180394.9
2024-11-27,AUDUSD,154228.3
2024-11-28,AUDUSD,87334.9
2024-11-29,AUDUSD,170069.6
2024-12-01,AUDUSD,6182.6
2024-12-02,AUDUSD,161322.6
2024-12-03,AUDUSD,146432.6
2024-12-04,AUDUSD,184020.7
2024-12-05,AUDUSD,126664.2
2024-12-06,AUDUSD,137862.2
2024-12-08,AUDUSD,4085.3
2024-12-09,AUDUSD,126598.2
2024-12-10,AUDUSD,141197.8
2024-12-11,AUDUSD,151542.9
2024-12-12,AUDUSD,151981.0
2024-12-13,AUDUSD,123982.9
2024-12-15,AUDUSD,3582.8
2024-12-16,AUDUSD,100190.1
2024-12-17,AUDUSD,94985.6
2024-12-18,AUDUSD,152070.1
2024-12-19,AUDUSD,160765.3
2024-12-20,AUDUSD,171791.3
2024-12-22,AUDUSD,3728.4
2024-12-23,AUDUSD,110892.2
2024-12-24,AUDUSD,75665.0
2024-12-25,AUDUSD,3083.1
2024-12-26,AUDUSD,101316.2
2024-12-27,AUDUSD,96487.5
2024-12-29,AUDUSD,3550.5
2024-12-30,AUDUSD,105155.7
2024-12-31,AUDUSD,111770.8
2025-01-01,AUDUSD,4018.8
2025-01-02,AUDUSD,143902.1
2025-01-03,AUDUSD,98192.4
2025-01-05,AUDUSD,3426.9
2025-01-06,AUDUSD,152853.1
2025-01-07,AUDUSD,151620.3
2025-01-08,AUDUSD,152933.3
2025-01-09,AUDUSD,85850.1
2025-01-10,AUDUSD,145297.9
2025-01-12,AUDUSD,3342.9
2025-01-13,AUDUSD,115802.7
2025-01-14,AUDUSD,123466.4
2025-01-15,AUDUSD,113588.2
2025-01-16,AUDUSD,134996.9
2025-01-17,AUDUSD,105449.1
2025-01-19,AUDUSD,2892.4
2025-01-20,AUDUSD,122419.8
2025-01-21,AUDUSD,168007.8
2025-01-22,AUDUSD,111532.0
2025-01-23,AUDUSD,112240.0
2025-01-24,AUDUSD,136790.3
2025-01-26,AUDUSD,3678.0
2025-01-27,AUDUSD,164227.1
2025-01-28,AUDUSD,102276.5
2025-01-29,AUDUSD,136633.4
2025-01-30,AUDUSD,110718.1
2025-01-31,AUDUSD,146565.2
2025-02-02,AUDUSD,13545.2
2025-02-03,AUDUSD,214552.5
2025-02-04,AUDUSD,112373.8
2025-02-05,AUDUSD,95221.8
2025-02-06,AUDUSD,77255.8
2025-02-07,AUDUSD,118448.1
2025-02-09,AUDUSD,5991.2
2025-02-10,AUDUSD,76578.0
2025-02-11,AUDUSD,76027.5
2025-02-12,AUDUSD,102376.2
2025-02-13,AUDUSD,113766.2
2025-02-14,AUDUSD,88463.1
2025-02-16,AUDUSD,3678.5
2025-02-17,AUDUSD,54736.3
2025-02-18,AUDUSD,67209.0
2025-02-19,AUDUSD,69083.2
2025-02-20,AUDUSD,92373.1
2025-02-21,AUDUSD,90388.1
2025-02-23,AUDUSD,4892.4
2025-02-24,AUDUSD,100271.4
2025-02-25,AUDUSD,104993.0
2025-02-26,AUDUSD,110866.7
2025-02-27,AUDUSD,115745.5
2025-02-28,AUDUSD,115037.7
2025-03-02,AUDUSD,4533.5
2025-03-03,AUDUSD,121553.4
2025-03-04,AUDUSD,195706.9
2025-03-05,AUDUSD,177821.6
2025-03-06,AUDUSD,165042.2
2025-03-07,AUDUSD,134766.8
2025-03-09,AUDUSD,7815.8
2025-03-10,AUDUSD,129664.4
2025-03-11,AUDUSD,146494.7
2025-03-12,AUDUSD,112649.6
2025-03-13,AUDUSD,98212.6
2025-03-14,AUDUSD,90513.4
2025-03-16,AUDUSD,4437.5
2025-03-17,AUDUSD,82715.8
2025-03-18,AUDUSD,93497.2
2025-03-19,AUDUSD,95056.0
2025-03-20,AUDUSD,85716.9
2025-03-21,AUDUSD,70203.0
2025-03-23,AUDUSD,7744.0
2025-03-24,AUDUSD,80633.4
2025-03-25,AUDUSD,73770.5
2025-03-26,AUDUSD,90730.8
2025-03-27,AUDUSD,84527.3
2025-03-28,AUDUSD,74769.0
2025-03-30,AUDUSD,7271.5
2025-03-31,AUDUSD,101060.3
2025-04-01,AUDUSD,102402.4
2025-04-02,AUDUSD,118169.3
2025-04-03,AUDUSD,192765.3
2025-04-04,AUDUSD,321263.5
2025-04-06,AUDUSD,42224.5
2025-04-07,AUDUSD,434645.5
2025-04-08,AUDUSD,286938.2
2025-04-09,AUDUSD,368439.4
2025-04-10,AUDUSD,331880.3
2025-04-11,AUDUSD,346599.6
2025-04-13,AUDUSD,15089.0
2025-04-14,AUDUSD,183091.6
2025-04-15,AUDUSD,133023.7
2025-04-16,AUDUSD,144281.5
2025-04-17,AUDUSD,112191.2
2025-04-18,AUDUSD,525310.1
2025-04-20,AUDUSD,11445.6
2025-04-21,AUDUSD,89240.5
2025-04-22,AUDUSD,137452.0
2025-04-23,AUDUSD,141171.5
2025-04-24,AUDUSD,105081.2
2025-04-25,AUDUSD,90413.4
2025-04-27,AUDUSD,5734.7
2025-04-28,AUDUSD,91162.0
2025-04-29,AUDUSD,89288.5
2025-04-30,AUDUSD,102499.4
2025-05-01,AUDUSD,87772.8
2025-05-02,AUDUSD,108932.0
2025-05-04,AUDUSD,5654.0
2025-05-05,AUDUSD,84343.4
2025-05-06,AUDUSD,99623.5
2025-05-07,AUDUSD,108146.1
2025-05-08,AUDUSD,105573.1
2025-05-09,AUDUSD,71891.7
2025-05-11,AUDUSD,8698.2
2025-05-12,AUDUSD,125556.6
2025-05-13,AUDUSD,103591.1
2025-05-14,AUDUSD,107557.9
2025-05-15,AUDUSD,88264.2
2025-05-16,AUDUSD,72414.7
2025-05-18,AUDUSD,5365.1
2025-05-19,AUDUSD,75390.2
2025-05-20,AUDUSD,91335.9
2025-05-21,AUDUSD,108716.5
2025-05-22,AUDUSD,89242.4
2025-05-23,AUDUSD,93222.5
2025-05-25,AUDUSD,8213.4
2025-05-26,AUDUSD,54892.2
2025-05-27,AUDUSD,82582.6
2025-05-28,AUDUSD,94848.9
2025-05-29,AUDUSD,106886.9
2025-05-30,AUDUSD,95077.9
2025-06-01,AUDUSD,4157.6
2025-06-02,AUDUSD,81785.4
2025-06-03,AUDUSD,77192.5
2025-06-04,AUDUSD,73451.5
2025-06-05,AUDUSD,95788.2
2025-06-06,AUDUSD,86730.1
2025-06-08,AUDUSD,2928.1
2025-06-09,AUDUSD,54580.3
2025-06-10,AUDUSD,77653.9
2025-06-11,AUDUSD,75504.3
2025-06-12,AUDUSD,89547.6
2025-06-13,AUDUSD,128923.3
2025-06-15,AUDUSD,8777.2
2025-06-16,AUDUSD,84576.8
2025-06-17,AUDUSD,95511.0
2025-06-18,AUDUSD,104663.0
2025-06-19,AUDUSD,79995.9
2025-06-20,AUDUSD,74129.6
2025-06-22,AUDUSD,8546.8
2025-06-23,AUDUSD,114398.9
2025-06-24,AUDUSD,109603.5
2025-06-25,AUDUSD,75718.6
2025-06-26,AUDUSD,98573.8
2025-06-27,AUDUSD,92525.8
2025-06-29,AUDUSD,4970.7
2025-06-30,AUDUSD,94915.9
2025-07-01,AUDUSD,82945.4
2025-07-02,AUDUSD,82779.8
2025-07-03,AUDUSD,88750.6
2025-07-04,AUDUSD,101455.2
2025-07-06,AUDUSD,3032.1
2025-07-07,AUDUSD,95294.2
2025-07-08,AUDUSD,108393.4
2025-07-09,AUDUSD,82971.9
2025-07-10,AUDUSD,70803.7
2025-07-11,AUDUSD,91120.6
2025-07-13,AUDUSD,4517.1
2025-07-14,AUDUSD,71636.3
2025-07-15,AUDUSD,120520.6
2025-07-16,AUDUSD,106124.1
2025-07-17,AUDUSD,100278.6
2025-07-18,AUDUSD,64173.8
2025-07-20,AUDUSD,3911.3
2025-07-21,AUDUSD,50779.5
2025-07-22,AUDUSD,63553.1
2025-07-23,AUDUSD,72543.8
2025-07-24,AUDUSD,71049.7
2025-07-25,AUDUSD,68105.1
2025-07-27,AUDUSD,3334.7
2025-07-28,AUDUSD,85000.6
2025-07-29,AUDUSD,71475.5
2025-07-30,AUDUSD,124729.9
2025-07-31,AUDUSD,102124.0
2025-08-01,AUDUSD,137070.3
2025-08-03,AUDUSD,4435.5
2025-08-04,AUDUSD,71117.0
2025-08-05,AUDUSD,76596.9
2025-08-06,AUDUSD,59181.4
2025-08-07,AUDUSD,83288.8
2025-08-08,AUDUSD,56530.6
2025-08-10,AUDUSD,1662.9
2025-08-11,AUDUSD,84514.0
2025-08-12,AUDUSD,118584.0
2025-08-13,AUDUSD,62616.8
2025-08-14,AUDUSD,122870.0
2025-08-15,AUDUSD,59423.1
2025-08-17,AUDUSD,1606.0
2025-08-18,AUDUSD,63882.1
2025-08-19,AUDUSD,83871.0
2025-08-20,AUDUSD,70494.2
2025-08-21,AUDUSD,60295.1
2025-08-22,AUDUSD,83214.9
2025-08-24,AUDUSD,3195.5
2025-08-25,AUDUSD,61545.6
2025-08-26,AUDUSD,71440.6
2025-08-27,AUDUSD,70562.6
2025-08-28,AUDUSD,71675.5
2025-08-29,AUDUSD,67362.5
2025-08-31,AUDUSD,1684.5
2025-09-01,AUDUSD,44170.9
2025-09-02,AUDUSD,102612.8
2025-09-03,AUDUSD,75882.8
2025-09-04,AUDUSD,78385.7
2025-09-05,AUDUSD,109312.0
2025-09-07,AUDUSD,3792.8
2025-09-08,AUDUSD,68249.2
2025-09-09,AUDUSD,77115.4
2025-09-10,AUDUSD,74039.0
2025-09-11,AUDUSD,76434.9
2025-09-12,AUDUSD,64982.1
2025-09-14,AUDUSD,2875.4
2025-09-15,AUDUSD,57324.5
2025-09-16,AUDUSD,74893.5
2025-09-17,AUDUSD,93434.4
2025-09-18,AUDUSD,130026.9
2025-09-19,AUDUSD,82162.6
2025-09-21,AUDUSD,2820.6
2025-09-22,AUDUSD,59342.6
2025-09-23,AUDUSD,69406.7
2025-09-24,AUDUSD,83017.4
2025-09-25,AUDUSD,98085.1
2025-09-26,AUDUSD,75932.3
2025-09-28,AUDUSD,1708.6
2025-09-29,AUDUSD,65818.9
2025-09-30,AUDUSD,101788.4
2025-10-01,AUDUSD,112663.0
2025-10-02,AUDUSD,81873.6
2025-10-03,AUDUSD,92159.0
2025-10-05,AUDUSD,7469.1
2025-10-06,AUDUSD,105219.2
2025-10-07,AUDUSD,82033.7
2025-10-08,AUDUSD,75642.1
2025-10-09,AUDUSD,94830.4
2025-10-10,AUDUSD,119285.0
2025-10-12,AUDUSD,10811.3
2025-10-13,AUDUSD,73694.5
2025-10-14,AUDUSD,115818.6
2025-10-15,AUDUSD,94931.4
2025-10-16,AUDUSD,117845.1
2025-10-17,AUDUSD,116114.8
2025-10-19,AUDUSD,3189.8
2025-10-20,AUDUSD,70667.8
2025-10-21,AUDUSD,95723.9
2025-10-22,AUDUSD,91657.1
2025-10-23,AUDUSD,68907.2
2025-10-24,AUDUSD,73118.7
2025-10-26,AUDUSD,6867.8
2025-10-27,AUDUSD,74642.8
2025-10-28,AUDUSD,73329.1
2025-10-29,AUDUSD,140473.4
2025-10-30,AUDUSD,128969.3
2025-10-31,AUDUSD,75621.4
2025-11-02,AUDUSD,2440.4
2025-11-03,AUDUSD,68573.8
2025-11-04,AUDUSD,100289.0
2025-11-05,AUDUSD,72577.0
2025-11-06,AUDUSD,84069.2
2025-11-07,AUDUSD,90243.7
2025-11-09,AUDUSD,4490.5
2025-11-10,AUDUSD,52907.5
2025-11-11,AUDUSD,56764.1
2025-11-12,AUDUSD,62123.3
2025-11-13,AUDUSD,102721.5
2025-11-14,AUDUSD,115041.7
2025-11-16,AUDUSD,2901.0
2025-11-17,AUDUSD,79588.1
2025-11-18,AUDUSD,107317.5
2025-11-19,AUDUSD,100976.5
2025-11-20,AUDUSD,127286.2
2025-11-21,AUDUSD,126693.3
2025-11-23,AUDUSD,2679.2
2025-11-24,AUDUSD,66203.9
2025-11-25,AUDUSD,89925.5
2025-11-26,AUDUSD,86872.2
2025-11-27,AUDUSD,40500.5
2025-11-28,AUDUSD,251191.5
2025-11-30,AUDUSD,3208.5
2025-12-01,AUDUSD,86381.7
2025-12-02,AUDUSD,67244.8
2025-12-03,AUDUSD,80062.1
2025-12-04,AUDUSD,81622.8
2025-12-05,AUDUSD,66611.2
2025-12-07,AUDUSD,4890.3
2025-12-08,AUDUSD,61463.1
2025-12-09,AUDUSD,90321.0
2025-12-10,AUDUSD,95732.7
2025-12-11,AUDUSD,95426.1
2025-12-12,AUDUSD,91442.5
2025-12-14,AUDUSD,4411.7
2025-12-15,AUDUSD,77066.1
2025-12-16,AUDUSD,129554.2
2025-12-17,AUDUSD,97691.0
2025-12-18,AUDUSD,99143.2
2025-12-19,AUDUSD,70384.1
2025-12-21,AUDUSD,2925.8
2025-12-22,AUDUSD,63445.6
2025-12-23,AUDUSD,80851.2
2025-12-24,AUDUSD,70345.5
2025-12-25,AUDUSD,9300.4
2025-12-26,AUDUSD,82772.7
2025-12-28,AUDUSD,3957.0
2025-12-29,AUDUSD,100613.6
2025-12-30,AUDUSD,69387.3
2025-12-31,AUDUSD,82478.9
2010-01-01,EURUSD,76787.4
2010-01-03,EURUSD,6331.3
2010-01-04,EURUSD,80019.4
2010-01-05,EURUSD,79887.1
2010-01-06,EURUSD,80971.8
2010-01-07,EURUSD,80807.5
2010-01-08,EURUSD,76152.4
2010-01-10,EURUSD,6299.4
2010-01-11,EURUSD,80141.2
2010-01-12,EURUSD,79495.1
2010-01-13,EURUSD,80513.7
2010-01-14,EURUSD,79970.7
2010-01-15,EURUSD,76228.2
2010-01-17,EURUSD,6627.7
2010-01-18,EURUSD,80160.9
2010-01-19,EURUSD,79005.1
2010-01-20,EURUSD,80300.5
2010-01-21,EURUSD,78980.1
2010-01-22,EURUSD,76660.3
2010-01-24,EURUSD,6676.4
2010-01-25,EURUSD,79577.2
2010-01-26,EURUSD,79232.6
2010-01-27,EURUSD,79686.7
2010-01-28,EURUSD,79625.5
2010-01-29,EURUSD,74382.1
2010-01-31,EURUSD,6726.5
2010-02-01,EURUSD,80121.6
2010-02-02,EURUSD,80001.7
2010-02-03,EURUSD,80279.7
2010-02-04,EURUSD,79771.2
2010-02-05,EURUSD,75829.5
2010-02-07,EURUSD,6658.9
2010-02-08,EURUSD,79780.5
2010-02-09,EURUSD,78892.9
2010-02-10,EURUSD,80856.8
2010-02-11,EURUSD,79712.5
2010-02-12,EURUSD,76504.2
2010-02-14,EURUSD,6248.4
2010-02-15,EURUSD,79982.5
2010-02-16,EURUSD,80744.7
2010-02-17,EURUSD,80313.6
2010-02-18,EURUSD,81205.5
2010-02-19,EURUSD,76576.6
2010-02-21,EURUSD,6731.2
2010-02-22,EURUSD,79886.2
2010-02-23,EURUSD,80612.3
2010-02-24,EURUSD,80248.1
2010-02-25,EURUSD,81211.7
2010-02-26,EURUSD,75635.7
2010-02-28,EURUSD,6825.7
2010-03-01,EURUSD,80245.9
2010-03-02,EURUSD,80341.4
2010-03-03,EURUSD,80384.7
2010-03-04,EURUSD,80287.7
2010-03-05,EURUSD,75827.6
2010-03-07,EURUSD,6593.7
2010-03-08,EURUSD,79508.9
2010-03-09,EURUSD,79334.5
2010-03-10,EURUSD,80078.8
2010-03-11,EURUSD,80046.0
2010-03-12,EURUSD,75758.4
2010-03-14,EURUSD,6702.3
2010-03-15,EURUSD,79949.1
2010-03-16,EURUSD,79907.2
2010-03-17,EURUSD,79646.1
2010-03-18,EURUSD,79865.8
2010-03-19,EURUSD,76481.9
2010-03-21,EURUSD,6702.9
2010-03-22,EURUSD,79707.2
2010-03-23,EURUSD,80365.9
2010-03-24,EURUSD,79312.9
2010-03-25,EURUSD,79829.5
2010-03-26,EURUSD,76893.2
2010-03-28,EURUSD,6284.8
2010-03-29,EURUSD,80549.2
2010-03-30,EURUSD,79235.0
2010-03-31,EURUSD,79039.3
2010-04-01,EURUSD,79351.4
2010-04-02,EURUSD,76538.3
2010-04-04,EURUSD,6172.5
2010-04-05,EURUSD,79694.1
2010-04-06,EURUSD,79114.0
2010-04-07,EURUSD,80148.0
2010-04-08,EURUSD,79518.3
2010-04-09,EURUSD,77092.6
2010-04-11,EURUSD,6331.7
2010-04-12,EURUSD,79740.8
2010-04-13,EURUSD,79809.6
2010-04-14,EURUSD,79648.5
2010-04-15,EURUSD,79709.5
2010-04-16,EURUSD,75080.0
2010-04-18,EURUSD,6471.2
2010-04-19,EURUSD,79921.6
2010-04-20,EURUSD,80339.7
2010-04-21,EURUSD,79505.8
2010-04-22,EURUSD,79140.0
2010-04-23,EURUSD,74198.7
2010-04-25,EURUSD,6478.4
2010-04-26,EURUSD,79959.6
2010-04-27,EURUSD,79250.1
2010-04-28,EURUSD,79713.3
2010-04-29,EURUSD,80590.0
2010-04-30,EURUSD,75445.4
2010-05-02,EURUSD,6780.6
2010-05-03,EURUSD,79742.5
2010-05-04,EURUSD,79867.8
2010-05-05,EURUSD,80865.6
2010-05-06,EURUSD,80785.9
2010-05-07,EURUSD,77491.9
2010-05-09,EURUSD,6678.4
2010-05-10,EURUSD,79935.9
2010-05-11,EURUSD,79840.8
2010-05-12,EURUSD,80616.0
2010-05-13,EURUSD,79803.7
2010-05-14,EURUSD,76709.8
2010-05-16,EURUSD,6332.7
2010-05-17,EURUSD,80001.1
2010-05-18,EURUSD,80287.7
2010-05-19,EURUSD,80218.4
2010-05-20,EURUSD,79799.6
2010-05-21,EURUSD,77261.4
2010-05-23,EURUSD,6348.2
2010-05-24,EURUSD,80293.3
2010-05-25,EURUSD,80083.6
2010-05-26,EURUSD,80691.5
2010-05-27,EURUSD,80214.5
2010-05-28,EURUSD,76099.8
2010-05-30,EURUSD,6477.9
2010-05-31,EURUSD,79661.8
2010-06-01,EURUSD,80668.4
2010-06-02,EURUSD,81010.2
2010-06-03,EURUSD,79464.9
2010-06-04,EURUSD,75953.5
2010-06-06,EURUSD,6752.0
2010-06-07,EURUSD,80345.2
2010-06-08,EURUSD,80610.0
2010-06-09,EURUSD,79380.1
2010-06-10,EURUSD,79920.2
2010-06-11,EURUSD,75877.8
2010-06-13,EURUSD,6876.3
2010-06-14,EURUSD,79855.8
2010-06-15,EURUSD,81652.8
2010-06-16,EURUSD,80372.7
2010-06-17,EURUSD,79837.7
2010-06-18,EURUSD,77218.8
2010-06-20,EURUSD,6564.1
2010-06-21,EURUSD,79708.9
2010-06-22,EURUSD,80662.9
2010-06-23,EURUSD,81030.4
2010-06-24,EURUSD,79901.8
2010-06-25,EURUSD,77424.9
2010-06-27,EURUSD,6599.4
2010-06-28,EURUSD,80286.5
2010-06-29,EURUSD,79777.9
2010-06-30,EURUSD,80531.7
2010-07-01,EURUSD,81629.6
2010-07-02,EURUSD,77721.9
2010-07-04,EURUSD,6410.9
2010-07-05,EURUSD,80435.0
2010-07-06,EURUSD,79362.5
2010-07-07,EURUSD,80065.0
2010-07-08,EURUSD,80460.2
2010-07-09,EURUSD,75170.3
2010-07-11,EURUSD,6827.2
2010-07-12,EURUSD,80048.0
2010-07-13,EURUSD,80015.3
2010-07-14,EURUSD,79581.2
2010-07-15,EURUSD,80170.2
2010-07-16,EURUSD,75389.3
2010-07-18,EURUSD,6779.3
2010-07-19,EURUSD,80410.6
2010-07-20,EURUSD,79723.9
2010-07-21,EURUSD,80486.2
2010-07-22,EURUSD,80123.2
2010-07-23,EURUSD,75930.9
2010-07-25,EURUSD,6780.0
2010-07-26,EURUSD,79927.2
2010-07-27,EURUSD,80423.7
2010-07-28,EURUSD,80733.6
2010-07-29,EURUSD,80858.9
2010-07-30,EURUSD,76254.7
2010-08-01,EURUSD,6507.1
2010-08-02,EURUSD,80780.6
2010-08-03,EURUSD,80321.1
2010-08-04,EURUSD,80079.3
2010-08-05,EURUSD,80138.6
2010-08-06,EURUSD,76660.5
2010-08-08,EURUSD,6532.7
2010-08-09,EURUSD,80404.8
2010-08-10,EURUSD,81200.8
2010-08-11,EURUSD,80530.4
2010-08-12,EURUSD,80361.6
2010-08-13,EURUSD,77552.5
2010-08-15,EURUSD,6467.6
2010-08-16,EURUSD,80483.5
2010-08-17,EURUSD,80328.3
2010-08-18,EURUSD,80035.3
2010-08-19,EURUSD,79844.5
2010-08-20,EURUSD,75620.5
2010-08-22,EURUSD,6614.3
2010-08-23,EURUSD,79504.5
2010-08-24,EURUSD,80587.4
2010-08-25,EURUSD,78855.2
2010-08-26,EURUSD,80403.0
2010-08-27,EURUSD,75541.4
2010-08-29,EURUSD,6821.7
2010-08-30,EURUSD,79490.4
2010-08-31,EURUSD,79693.6
2010-09-01,EURUSD,79667.1
2010-09-02,EURUSD,79949.3
2010-09-03,EURUSD,74885.8
2010-09-05,EURUSD,6565.4
2010-09-06,EURUSD,79534.4
2010-09-07,EURUSD,80122.8
2010-09-08,EURUSD,80314.7
2010-09-09,EURUSD,80036.9
2010-09-10,EURUSD,76405.7
2010-09-12,EURUSD,6803.4
2010-09-13,EURUSD,80657.1
2010-09-14,EURUSD,79791.3
2010-09-15,EURUSD,80003.0
2010-09-16,EURUSD,79721.0
2010-09-17,EURUSD,77623.3
2010-09-19,EURUSD,6649.4
2010-09-20,EURUSD,81217.7
2010-09-21,EURUSD,80385.8
2010-09-22,EURUSD,79840.3
2010-09-23,EURUSD,80885.6
2010-09-24,EURUSD,76835.8
2010-09-26,EURUSD,6527.9
2010-09-27,EURUSD,80319.2
2010-09-28,EURUSD,80452.0
2010-09-29,EURUSD,80179.7
2010-09-30,EURUSD,80528.3
2010-10-01,EURUSD,76375.0
2010-10-03,EURUSD,6358.8
2010-10-04,EURUSD,80115.9
2010-10-05,EURUSD,80625.7
2010-10-06,EURUSD,80478.7
2010-10-07,EURUSD,80323.5
2010-10-08,EURUSD,75608.3
2010-10-10,EURUSD,6704.3
2010-10-11,EURUSD,79502.3
2010-10-12,EURUSD,79946.3
2010-10-13,EURUSD,79681.3
2010-10-14,EURUSD,79217.7
2010-10-15,EURUSD,77268.5
2010-10-17,EURUSD,10118.4
2010-10-18,EURUSD,83295.2
2010-10-19,EURUSD,83885.1
2010-10-20,EURUSD,84296.3
2010-10-21,EURUSD,84909.2
2010-10-22,EURUSD,77582.3
2010-10-24,EURUSD,9972.3
2010-10-25,EURUSD,83990.0
2010-10-26,EURUSD,84884.5
2010-10-27,EURUSD,85501.1
2010-10-28,EURUSD,84415.0
2010-10-29,EURUSD,80963.2
2010-10-31,EURUSD,6570.4
2010-11-01,EURUSD,84400.3
2010-11-02,EURUSD,83495.9
2010-11-03,EURUSD,84231.2
2010-11-04,EURUSD,83661.1
2010-11-05,EURUSD,79013.2
2010-11-07,EURUSD,8486.6
2010-11-08,EURUSD,84895.3
2010-11-09,EURUSD,83251.1
2010-11-10,EURUSD,83617.6
2010-11-11,EURUSD,84152.0
2010-11-12,EURUSD,78145.0
2010-11-14,EURUSD,8523.4
2010-11-15,EURUSD,83292.4
2010-11-16,EURUSD,91977.4
2010-11-17,EURUSD,79534.9
2010-11-18,EURUSD,81815.6
2010-11-19,EURUSD,71378.1
2010-11-21,EURUSD,13114.8
2010-11-22,EURUSD,65481.2
2010-11-23,EURUSD,93074.6
2010-11-24,EURUSD,89064.9
2010-11-25,EURUSD,79962.7
2010-11-26,EURUSD,72201.7
2010-11-28,EURUSD,14015.5
2010-11-29,EURUSD,147338.2
2010-11-30,EURUSD,235942.2
2010-12-01,EURUSD,208870.8
2010-12-02,EURUSD,204324.8
2010-12-03,EURUSD,173818.6
2010-12-05,EURUSD,31701.2
2010-12-06,EURUSD,171425.2
2010-12-07,EURUSD,180898.2
2010-12-08,EURUSD,187475.7
2010-12-09,EURUSD,175621.1
2010-12-10,EURUSD,140996.3
2010-12-12,EURUSD,22879.6
2010-12-13,EURUSD,168598.1
2010-12-14,EURUSD,197295.0
2010-12-15,EURUSD,204288.7
2010-12-16,EURUSD,171334.7
2010-12-17,EURUSD,168219.8
2010-12-19,EURUSD,17610.8
2010-12-20,EURUSD,185161.2
2010-12-21,EURUSD,185512.2
2010-12-22,EURUSD,161908.8
2010-12-23,EURUSD,133910.7
2010-12-24,EURUSD,66753.0
2010-12-26,EURUSD,28502.9
2010-12-27,EURUSD,92596.5
2010-12-28,EURUSD,136042.6
2010-12-29,EURUSD,134671.5
2010-12-30,EURUSD,127533.3
2010-12-31,EURUSD,112644.2
2011-01-02,EURUSD,19990.6
2011-01-03,EURUSD,157568.2
2011-01-04,EURUSD,204002.6
2011-01-05,EURUSD,192261.7
2011-01-06,EURUSD,175000.1
2011-01-07,EURUSD,174208.1
2011-01-09,EURUSD,28423.1
2011-01-10,EURUSD,152359.3
2011-01-11,EURUSD,184797.0
2011-01-12,EURUSD,187904.1
2011-01-13,EURUSD,184661.8
2011-01-14,EURUSD,177527.1
2011-01-16,EURUSD,25342.1
2011-01-17,EURUSD,157329.4
2011-01-18,EURUSD,210909.6
2011-01-19,EURUSD,215687.4
2011-01-20,EURUSD,227708.0
2011-01-21,EURUSD,198024.0
2011-01-23,EURUSD,26262.8
2011-01-24,EURUSD,181589.3
2011-01-25,EURUSD,214800.9
2011-01-26,EURUSD,182469.1
2011-01-27,EURUSD,177064.8
2011-01-28,EURUSD,166366.0
2011-01-30,EURUSD,26385.6
2011-01-31,EURUSD,194798.5
2011-02-01,EURUSD,203777.1
2011-02-02,EURUSD,196251.8
2011-02-03,EURUSD,201869.3
2011-02-04,EURUSD,177234.0
2011-02-06,EURUSD,25847.5
2011-02-07,EURUSD,201135.4
2011-02-08,EURUSD,217630.4
2011-02-09,EURUSD,175338.8
2011-02-10,EURUSD,179078.4
2011-02-11,EURUSD,150474.6
2011-02-13,EURUSD,30630.7
2011-02-14,EURUSD,169113.7
2011-02-15,EURUSD,191687.0
2011-02-16,EURUSD,208384.3
2011-02-17,EURUSD,200093.2
2011-02-18,EURUSD,197845.4
2011-02-20,EURUSD,19421.9
2011-02-21,EURUSD,121205.1
2011-02-22,EURUSD,238098.5
2011-02-23,EURUSD,205499.4
2011-02-24,EURUSD,222951.6
2011-02-25,EURUSD,178685.2
2011-02-27,EURUSD,37261.3
2011-02-28,EURUSD,184012.3
2011-03-01,EURUSD,191206.3
2011-03-02,EURUSD,185575.7
2011-03-03,EURUSD,179346.8
2011-03-04,EURUSD,148440.5
2011-03-06,EURUSD,22052.7
2011-03-07,EURUSD,191110.0
2011-03-08,EURUSD,177682.6
2011-03-09,EURUSD,185337.7
2011-03-10,EURUSD,202465.3
2011-03-11,EURUSD,174092.3
2011-03-13,EURUSD,29533.4
2011-03-14,EURUSD,178932.9
2011-03-15,EURUSD,246029.6
2011-03-16,EURUSD,232570.0
2011-03-17,EURUSD,227565.6
2011-03-18,EURUSD,197753.7
2011-03-20,EURUSD,41526.0
2011-03-21,EURUSD,150558.7
2011-03-22,EURUSD,163186.5
2011-03-23,EURUSD,183873.1
2011-03-24,EURUSD,177662.5
2011-03-25,EURUSD,169548.7
2011-03-27,EURUSD,21386.3
2011-03-28,EURUSD,143067.0
2011-03-29,EURUSD,169096.7
2011-03-30,EURUSD,182228.0
2011-03-31,EURUSD,181575.4
2011-04-01,EURUSD,170369.1
2011-04-03,EURUSD,16652.6
2011-04-04,EURUSD,151982.1
2011-04-05,EURUSD,156557.7
2011-04-06,EURUSD,172104.0
2011-04-07,EURUSD,184310.4
2011-04-08,EURUSD,169748.0
2011-04-10,EURUSD,18840.0
2011-04-11,EURUSD,154559.0
2011-04-12,EURUSD,214744.1
2011-04-13,EURUSD,177243.2
2011-04-14,EURUSD,201478.0
2011-04-15,EURUSD,171615.9
2011-04-17,EURUSD,34205.8
2011-04-18,EURUSD,196064.1
2011-04-19,EURUSD,188290.5
2011-04-20,EURUSD,212624.0
2011-04-21,EURUSD,181711.6
2011-04-22,EURUSD,59205.0
2011-04-24,EURUSD,23614.0
2011-04-25,EURUSD,119049.0
2011-04-26,EURUSD,194473.5
2011-04-27,EURUSD,194394.3
2011-04-28,EURUSD,195451.3
2011-04-29,EURUSD,124285.4
2011-05-01,EURUSD,24243.8
2011-05-02,EURUSD,161797.0
2011-05-03,EURUSD,201346.5
2011-05-04,EURUSD,225754.0
2011-05-05,EURUSD,249390.8
2011-05-06,EURUSD,268816.7
2011-05-08,EURUSD,25228.3
2011-05-09,EURUSD,255888.7
2011-05-10,EURUSD,276690.6
2011-05-11,EURUSD,267770.4
2011-05-12,EURUSD,297769.1
2011-05-13,EURUSD,289228.4
2011-05-15,EURUSD,33006.1
2011-05-16,EURUSD,272551.1
2011-05-17,EURUSD,279149.0
2011-05-18,EURUSD,222963.1
2011-05-19,EURUSD,250707.8
2011-05-20,EURUSD,231654.9
2011-05-22,EURUSD,34018.2
2011-05-23,EURUSD,246928.0
2011-05-24,EURUSD,233375.3
2011-05-25,EURUSD,253529.7
2011-05-26,EURUSD,255201.0
2011-05-27,EURUSD,251442.0
2011-05-29,EURUSD,29509.5
2011-05-30,EURUSD,119465.2
2011-05-31,EURUSD,228855.7
2011-06-01,EURUSD,233987.9
2011-06-02,EURUSD,216234.1
2011-06-03,EURUSD,212175.6
2011-06-05,EURUSD,34589.2
2011-06-06,EURUSD,206563.2
2011-06-07,EURUSD,201004.2
2011-06-08,EURUSD,216741.1
2011-06-09,EURUSD,211144.2
2011-06-10,EURUSD,222904.4
2011-06-12,EURUSD,19021.2
2011-06-13,EURUSD,205271.2
2011-06-14,EURUSD,215781.3
2011-06-15,EURUSD,250285.5
2011-06-16,EURUSD,271553.3
2011-06-17,EURUSD,239722.3
2011-06-19,EURUSD,22401.5
2011-06-20,EURUSD,217629.4
2011-06-21,EURUSD,215680.3
2011-06-22,EURUSD,204689.1
2011-06-23,EURUSD,226920.3
2011-06-24,EURUSD,219381.5
2011-06-26,EURUSD,21400.4
2011-06-27,EURUSD,214709.8
2011-06-28,EURUSD,229455.1
2011-06-29,EURUSD,225521.0
2011-06-30,EURUSD,204067.0
2011-07-01,EURUSD,195458.3
2011-07-03,EURUSD,23629.5
2011-07-04,EURUSD,140841.1
2011-07-05,EURUSD,198675.2
2011-07-06,EURUSD,204020.0
2011-07-07,EURUSD,207306.9
2011-07-08,EURUSD,214910.2
2011-07-10,EURUSD,23691.2
2011-07-11,EURUSD,261013.8
2011-07-12,EURUSD,334959.6
2011-07-13,EURUSD,288106.6
2011-07-14,EURUSD,273836.4
2011-07-15,EURUSD,228674.8
2011-07-17,EURUSD,21419.9
2011-07-18,EURUSD,244090.4
2011-07-19,EURUSD,265659.0
2011-07-20,EURUSD,245330.8
2011-07-21,EURUSD,288477.5
2011-07-22,EURUSD,234843.3
2011-07-24,EURUSD,28188.7
2011-07-25,EURUSD,231379.6
2011-07-26,EURUSD,249684.7
2011-07-27,EURUSD,248531.3
2011-07-28,EURUSD,254588.7
2011-07-29,EURUSD,275931.9
2011-07-31,EURUSD,29093.1
2011-08-01,EURUSD,252599.7
2011-08-02,EURUSD,285137.9
2011-08-03,EURUSD,312985.2
2011-08-04,EURUSD,340242.0
2011-08-05,EURUSD,349511.7
2011-08-07,EURUSD,47734.1
2011-08-08,EURUSD,367502.7
2011-08-09,EURUSD,375181.0
2011-08-10,EURUSD,347953.4
2011-08-11,EURUSD,366221.0
2011-08-12,EURUSD,285869.5
2011-08-14,EURUSD,21803.4
2011-08-15,EURUSD,265140.1
2011-08-16,EURUSD,265039.4
2011-08-17,EURUSD,256553.6
2011-08-18,EURUSD,276270.6
2011-08-19,EURUSD,273044.9
2011-08-21,EURUSD,24820.2
2011-08-22,EURUSD,229468.5
2011-08-23,EURUSD,222539.1
2011-08-24,EURUSD,214903.9
2011-08-25,EURUSD,218914.5
2011-08-26,EURUSD,221461.3
2011-08-28,EURUSD,22649.0
2011-08-29,EURUSD,176725.0
2011-08-30,EURUSD,208310.5
2011-08-31,EURUSD,197529.4
2011-09-01,EURUSD,205386.4
2011-09-02,EURUSD,206422.7
2011-09-04,EURUSD,20678.9
2011-09-05,EURUSD,178990.9
2011-09-06,EURUSD,243710.1
2011-09-07,EURUSD,215392.0
2011-09-08,EURUSD,231349.3
2011-09-09,EURUSD,249233.2
2011-09-11,EURUSD,30329.2
2011-09-12,EURUSD,298902.2
2011-09-13,EURUSD,289266.4
2011-09-14,EURUSD,281383.2
2011-09-15,EURUSD,259587.4
2011-09-16,EURUSD,225582.2
2011-09-18,EURUSD,27436.7
2011-09-19,EURUSD,259976.1
2011-09-20,EURUSD,265926.9
2011-09-21,EURUSD,276432.5
2011-09-22,EURUSD,317005.1
2011-09-23,EURUSD,280201.9
2011-09-25,EURUSD,32926.0
2011-09-26,EURUSD,317292.6
2011-09-27,EURUSD,297675.6
2011-09-28,EURUSD,282036.5
2011-09-29,EURUSD,282333.3
2011-09-30,EURUSD,254565.6
2011-10-02,EURUSD,35039.5
2011-10-03,EURUSD,294101.9
2011-10-04,EURUSD,328688.1
2011-10-05,EURUSD,292739.8
2011-10-06,EURUSD,280292.2
2011-10-07,EURUSD,252072.6
2011-10-09,EURUSD,27568.1
2011-10-10,EURUSD,245252.5
2011-10-11,EURUSD,261545.6
2011-10-12,EURUSD,269584.2
2011-10-13,EURUSD,279112.4
2011-10-14,EURUSD,237462.2
2011-10-16,EURUSD,28611.9
2011-10-17,EURUSD,263723.4
2011-10-18,EURUSD,288098.5
2011-10-19,EURUSD,275274.9
2011-10-20,EURUSD,293361.4
2011-10-21,EURUSD,249426.7
2011-10-23,EURUSD,36979.5
2011-10-24,EURUSD,248021.2
2011-10-25,EURUSD,260598.2
2011-10-26,EURUSD,254112.7
2011-10-27,EURUSD,290744.5
2011-10-28,EURUSD,232176.1
2011-10-30,EURUSD,10781.7
2011-10-31,EURUSD,288577.3
2011-11-01,EURUSD,327354.6
2011-11-02,EURUSD,300844.9
2011-11-03,EURUSD,313081.3
2011-11-04,EURUSD,251946.0
2011-11-06,EURUSD,28422.7
2011-11-07,EURUSD,258397.6
2011-11-08,EURUSD,240588.1
2011-11-09,EURUSD,292170.0
2011-11-10,EURUSD,283075.0
2011-11-11,EURUSD,230235.4
2011-11-13,EURUSD,20801.8
2011-11-14,EURUSD,250031.0
2011-11-15,EURUSD,270360.1
2011-11-16,EURUSD,284979.6
2011-11-17,EURUSD,293452.2
2011-11-18,EURUSD,256180.6
2011-11-20,EURUSD,29309.9
2011-11-21,EURUSD,258401.4
2011-11-22,EURUSD,244059.9
2011-11-23,EURUSD,251697.7
2011-11-24,EURUSD,178387.6
2011-11-25,EURUSD,221969.2
2011-11-27,EURUSD,28657.1
2011-11-28,EURUSD,250777.4
2011-11-29,EURUSD,258254.8
2011-11-30,EURUSD,254415.8
2011-12-01,EURUSD,227948.3
2011-12-02,EURUSD,194234.0
2011-12-04,EURUSD,14537.6
2011-12-05,EURUSD,193557.1
2011-12-06,EURUSD,220179.1
2011-12-07,EURUSD,204541.6
2011-12-08,EURUSD,217281.0
2011-12-09,EURUSD,216071.5
2011-12-11,EURUSD,21166.8
2011-12-12,EURUSD,222751.8
2011-12-13,EURUSD,262118.5
2011-12-14,EURUSD,264086.1
2011-12-15,EURUSD,238268.6
2011-12-16,EURUSD,221472.6
2011-12-18,EURUSD,23698.8
2011-12-19,EURUSD,235870.2
2011-12-20,EURUSD,239695.6
2011-12-21,EURUSD,259442.9
2011-12-22,EURUSD,218589.5
2011-12-23,EURUSD,179019.6
2011-12-25,EURUSD,4856.5
2011-12-26,EURUSD,51416.4
2011-12-27,EURUSD,156659.6
2011-12-28,EURUSD,216405.0
2011-12-29,EURUSD,242993.8
2011-12-30,EURUSD,200692.7
2012-01-01,EURUSD,11925.9
2012-01-02,EURUSD,63208.0
2012-01-03,EURUSD,262506.3
2012-01-04,EURUSD,271047.7
2012-01-05,EURUSD,310670.7
2012-01-06,EURUSD,265987.0
2012-01-08,EURUSD,27239.3
2012-01-09,EURUSD,274736.9
2012-01-10,EURUSD,292652.6
2012-01-11,EURUSD,300006.9
2012-01-12,EURUSD,341922.1
2012-01-13,EURUSD,317385.2
2012-01-15,EURUSD,30433.9
2012-01-16,EURUSD,228914.9
2012-01-17,EURUSD,282957.6
2012-01-18,EURUSD,293096.9
2012-01-19,EURUSD,276272.4
2012-01-20,EURUSD,238591.6
2012-01-22,EURUSD,19804.8
2012-01-23,EURUSD,223420.3
2012-01-24,EURUSD,237812.5
2012-01-25,EURUSD,260644.2
2012-01-26,EURUSD,262064.4
2012-01-27,EURUSD,266832.2
2012-01-29,EURUSD,27617.1
2012-01-30,EURUSD,279370.9
2012-01-31,EURUSD,297389.8
2012-02-01,EURUSD,288124.1
2012-02-02,EURUSD,267811.7
2012-02-03,EURUSD,256530.8
2012-02-05,EURUSD,26840.1
2012-02-06,EURUSD,249597.1
2012-02-07,EURUSD,274624.9
2012-02-08,EURUSD,266513.0
2012-02-09,EURUSD,253187.0
2012-02-10,EURUSD,220461.4
2012-02-12,EURUSD,31988.4
2012-02-13,EURUSD,227649.2
2012-02-14,EURUSD,234486.5
2012-02-15,EURUSD,259047.2
2012-02-16,EURUSD,268711.0
2012-02-17,EURUSD,221934.2
2012-02-19,EURUSD,38865.9
2012-02-20,EURUSD,177997.9
2012-02-21,EURUSD,254609.8
2012-02-22,EURUSD,218658.3
2012-02-23,EURUSD,217518.5
2012-02-24,EURUSD,218328.2
2012-02-26,EURUSD,29230.5
2012-02-27,EURUSD,255060.9
2012-02-28,EURUSD,259525.9
2012-02-29,EURUSD,271144.4
2012-03-01,EURUSD,244503.8
2012-03-02,EURUSD,218508.4
2012-03-04,EURUSD,31658.1
2012-03-05,EURUSD,231207.2
2012-03-06,EURUSD,250795.2
2012-03-07,EURUSD,217856.0
2012-03-08,EURUSD,220167.2
2012-03-09,EURUSD,211476.2
2012-03-11,EURUSD,22867.8
2012-03-12,EURUSD,209118.5
2012-03-13,EURUSD,227475.8
2012-03-14,EURUSD,219623.2
2012-03-15,EURUSD,216585.9
2012-03-16,EURUSD,193200.2
2012-03-18,EURUSD,28752.9
2012-03-19,EURUSD,174654.7
2012-03-20,EURUSD,192604.6
2012-03-21,EURUSD,201124.9
2012-03-22,EURUSD,223249.6
2012-03-23,EURUSD,201990.0
2012-03-25,EURUSD,22186.7
2012-03-26,EURUSD,211780.3
2012-03-27,EURUSD,197886.7
2012-03-28,EURUSD,213497.3
2012-03-29,EURUSD,206705.5
2012-03-30,EURUSD,196173.4
2012-04-01,EURUSD,30321.1
2012-04-02,EURUSD,196904.6
2012-04-03,EURUSD,215309.3
2012-04-04,EURUSD,218399.3
2012-04-05,EURUSD,182627.3
2012-04-06,EURUSD,75461.4
2012-04-08,EURUSD,12443.0
2012-04-09,EURUSD,111369.0
2012-04-10,EURUSD,234425.8
2012-04-11,EURUSD,212306.0
2012-04-12,EURUSD,208543.4
2012-04-13,EURUSD,205321.8
2012-04-15,EURUSD,23286.8
2012-04-16,EURUSD,238123.7
2012-04-17,EURUSD,208820.5
2012-04-18,EURUSD,225029.7
2012-04-19,EURUSD,235237.6
2012-04-20,EURUSD,212980.8
2012-04-22,EURUSD,18255.5
2012-04-23,EURUSD,208697.4
2012-04-24,EURUSD,211025.5
2012-04-25,EURUSD,208087.5
2012-04-26,EURUSD,198886.3
2012-04-27,EURUSD,218401.1
2012-04-29,EURUSD,16048.9
2012-04-30,EURUSD,190352.3
2012-05-01,EURUSD,144262.0
2012-05-02,EURUSD,205069.4
2012-05-03,EURUSD,192118.1
2012-05-04,EURUSD,178666.2
2012-05-06,EURUSD,28498.4
2012-05-07,EURUSD,209294.3
2012-05-08,EURUSD,234108.3
2012-05-09,EURUSD,265290.4
2012-05-10,EURUSD,232201.1
2012-05-11,EURUSD,222608.3
2012-05-13,EURUSD,17826.3
2012-05-14,EURUSD,224024.0
2012-05-15,EURUSD,245136.3
2012-05-16,EURUSD,278780.6
2012-05-17,EURUSD,263587.3
2012-05-18,EURUSD,260227.3
2012-05-20,EURUSD,21479.3
2012-05-21,EURUSD,240986.2
2012-05-22,EURUSD,263726.2
2012-05-23,EURUSD,293894.7
2012-05-24,EURUSD,282986.8
2012-05-25,EURUSD,243878.0
2012-05-27,EURUSD,21874.4
2012-05-28,EURUSD,174760.1
2012-05-29,EURUSD,262103.8
2012-05-30,EURUSD,273542.8
2012-05-31,EURUSD,269548.8
2012-06-01,EURUSD,280890.5
2012-06-03,EURUSD,26294.5
2012-06-04,EURUSD,221459.7
2012-06-05,EURUSD,250952.3
2012-06-06,EURUSD,270741.0
2012-06-07,EURUSD,260612.8
2012-06-08,EURUSD,242658.5
2012-06-10,EURUSD,20653.0
2012-06-11,EURUSD,256538.5
2012-06-12,EURUSD,272259.2
2012-06-13,EURUSD,269236.7
2012-06-14,EURUSD,255609.5
2012-06-15,EURUSD,222447.1
2012-06-17,EURUSD,30213.3
2012-06-18,EURUSD,262968.4
2012-06-19,EURUSD,257990.6
2012-06-20,EURUSD,255901.9
2012-06-21,EURUSD,265589.7
2012-06-22,EURUSD,215537.1
2012-06-24,EURUSD,12197.9
2012-06-25,EURUSD,206014.5
2012-06-26,EURUSD,238449.9
2012-06-27,EURUSD,203169.1
2012-06-28,EURUSD,253826.2
2012-06-29,EURUSD,290027.7
2012-07-01,EURUSD,18389.7
2012-07-02,EURUSD,219958.8
2012-07-03,EURUSD,193469.0
2012-07-04,EURUSD,156543.9
2012-07-05,EURUSD,233575.8
2012-07-06,EURUSD,219283.1
2012-07-08,EURUSD,21780.2
2012-07-09,EURUSD,200866.0
2012-07-10,EURUSD,225112.3
2012-07-11,EURUSD,219713.0
2012-07-12,EURUSD,236811.6
2012-07-13,EURUSD,213599.6
2012-07-15,EURUSD,18891.9
2012-07-16,EURUSD,191890.4
2012-07-17,EURUSD,228090.8
2012-07-18,EURUSD,231757.9
2012-07-19,EURUSD,230995.4
2012-07-20,EURUSD,212784.1
2012-07-22,EURUSD,25328.7
2012-07-23,EURUSD,250376.9
2012-07-24,EURUSD,244934.1
2012-07-25,EURUSD,251507.3
2012-07-26,EURUSD,248358.3
2012-07-27,EURUSD,263634.2
2012-07-29,EURUSD,8280.8
2012-07-30,EURUSD,205954.1
2012-07-31,EURUSD,196981.0
2012-08-01,EURUSD,161327.7
2012-08-02,EURUSD,225980.5
2012-08-03,EURUSD,220142.3
2012-08-05,EURUSD,20365.3
2012-08-06,EURUSD,188583.6
2012-08-07,EURUSD,189778.3
2012-08-08,EURUSD,186970.2
2012-08-09,EURUSD,189098.9
2012-08-10,EURUSD,170078.4
2012-08-12,EURUSD,11531.0
2012-08-13,EURUSD,166553.8
2012-08-14,EURUSD,168214.6
2012-08-15,EURUSD,140713.4
2012-08-16,EURUSD,162867.4
2012-08-17,EURUSD,152984.0
2012-08-19,EURUSD,16887.0
2012-08-20,EURUSD,151527.3
2012-08-21,EURUSD,192110.3
2012-08-22,EURUSD,180737.3
2012-08-23,EURUSD,195140.0
2012-08-24,EURUSD,165536.5
2012-08-26,EURUSD,11256.5
2012-08-27,EURUSD,114428.3
2012-08-28,EURUSD,170337.9
2012-08-29,EURUSD,153997.4
2012-08-30,EURUSD,154773.8
2012-08-31,EURUSD,190485.2
2012-09-02,EURUSD,12556.2
2012-09-03,EURUSD,118878.2
2012-09-04,EURUSD,167974.2
2012-09-05,EURUSD,188866.1
2012-09-06,EURUSD,198242.0
2012-09-07,EURUSD,183781.8
2012-09-09,EURUSD,8430.2
2012-09-10,EURUSD,156933.8
2012-09-11,EURUSD,182956.8
2012-09-12,EURUSD,196095.0
2012-09-13,EURUSD,188641.3
2012-09-14,EURUSD,205565.2
2012-09-16,EURUSD,16474.6
2012-09-17,EURUSD,176456.2
2012-09-18,EURUSD,178401.7
2012-09-19,EURUSD,181034.9
2012-09-20,EURUSD,194198.4
2012-09-21,EURUSD,187548.4
2012-09-23,EURUSD,13952.1
2012-09-24,EURUSD,141615.4
2012-09-25,EURUSD,164877.8
2012-09-26,EURUSD,150470.0
2012-09-27,EURUSD,162661.0
2012-09-28,EURUSD,190614.9
2012-09-30,EURUSD,14134.2
2012-10-01,EURUSD,181101.9
2012-10-02,EURUSD,167574.3
2012-10-03,EURUSD,169634.0
2012-10-04,EURUSD,185243.8
2012-10-05,EURUSD,167130.1
2012-10-07,EURUSD,11119.9
2012-10-08,EURUSD,134173.7
2012-10-09,EURUSD,187899.0
2012-10-10,EURUSD,177226.4
2012-10-11,EURUSD,163205.6
2012-10-12,EURUSD,154581.0
2012-10-14,EURUSD,11377.9
2012-10-15,EURUSD,160289.6
2012-10-16,EURUSD,183242.0
2012-10-17,EURUSD,175887.7
2012-10-18,EURUSD,168417.1
2012-10-19,EURUSD,141990.9
2012-10-21,EURUSD,10540.3
2012-10-22,EURUSD,143014.9
2012-10-23,EURUSD,166211.8
2012-10-24,EURUSD,170127.8
2012-10-25,EURUSD,173287.0
2012-10-26,EURUSD,171420.9
2012-10-28,EURUSD,15143.5
2012-10-29,EURUSD,116827.5
2012-10-30,EURUSD,121345.7
2012-10-31,EURUSD,163555.3
2012-11-01,EURUSD,149426.6
2012-11-02,EURUSD,174301.4
2012-11-04,EURUSD,14846.9
2012-11-05,EURUSD,153211.9
2012-11-06,EURUSD,161446.3
2012-11-07,EURUSD,226706.7
2012-11-08,EURUSD,188277.0
2012-11-09,EURUSD,201683.7
2012-11-11,EURUSD,13728.8
2012-11-12,EURUSD,124478.0
2012-11-13,EURUSD,182500.7
2012-11-14,EURUSD,179470.2
2012-11-15,EURUSD,169566.2
2012-11-16,EURUSD,171822.8
2012-11-18,EURUSD,20634.1
2012-11-19,EURUSD,165177.6
2012-11-20,EURUSD,151584.2
2012-11-21,EURUSD,145886.6
2012-11-22,EURUSD,109367.2
2012-11-23,EURUSD,118880.3
2012-11-25,EURUSD,14365.8
2012-11-26,EURUSD,126982.4
2012-11-27,EURUSD,148524.5
2012-11-28,EURUSD,153701.2
2012-11-29,EURUSD,138096.0
2012-11-30,EURUSD,151619.8
2012-12-02,EURUSD,19097.4
2012-12-03,EURUSD,144903.6
2012-12-04,EURUSD,139055.0
2012-12-05,EURUSD,154878.4
2012-12-06,EURUSD,155919.3
2012-12-07,EURUSD,139641.8
2012-12-09,EURUSD,17625.3
2012-12-10,EURUSD,117349.1
2012-12-11,EURUSD,130925.2
2012-12-12,EURUSD,139933.2
2012-12-13,EURUSD,145364.1
2012-12-14,EURUSD,147225.1
2012-12-16,EURUSD,18701.2
2012-12-17,EURUSD,126963.1
2012-12-18,EURUSD,129208.9
2012-12-19,EURUSD,155563.6
2012-12-20,EURUSD,152206.2
2012-12-21,EURUSD,168411.8
2012-12-23,EURUSD,10830.5
2012-12-24,EURUSD,83511.2
2012-12-25,EURUSD,17905.5
2012-12-26,EURUSD,87391.2
2012-12-27,EURUSD,127196.8
2012-12-28,EURUSD,115671.5
2012-12-30,EURUSD,14595.1
2012-12-31,EURUSD,107649.0
2013-01-01,EURUSD,4346.0
2013-01-02,EURUSD,174395.5
2013-01-03,EURUSD,173935.4
2013-01-04,EURUSD,163991.1
2013-01-06,EURUSD,4326.2
2013-01-07,EURUSD,164850.0
2013-01-08,EURUSD,163429.8
2013-01-09,EURUSD,159971.1
2013-01-10,EURUSD,190490.8
2013-01-11,EURUSD,182030.9
2013-01-13,EURUSD,8424.2
2013-01-14,EURUSD,156558.6
2013-01-15,EURUSD,171061.7
2013-01-16,EURUSD,161785.6
2013-01-17,EURUSD,173479.5
2013-01-18,EURUSD,167559.1
2013-01-20,EURUSD,3996.7
2013-01-21,EURUSD,90342.5
2013-01-22,EURUSD,180520.6
2013-01-23,EURUSD,149668.3
2013-01-24,EURUSD,181504.4
2013-01-25,EURUSD,185772.2
2013-01-27,EURUSD,6648.8
2013-01-28,EURUSD,152347.2
2013-01-29,EURUSD,174499.6
2013-01-30,EURUSD,175367.5
2013-01-31,EURUSD,166226.1
2013-02-01,EURUSD,204623.0
2013-02-03,EURUSD,4513.7
2013-02-04,EURUSD,171325.6
2013-02-05,EURUSD,197343.0
2013-02-06,EURUSD,181781.8
2013-02-07,EURUSD,203740.7
2013-02-08,EURUSD,160196.4
2013-02-10,EURUSD,6971.6
2013-02-11,EURUSD,141411.3
2013-02-12,EURUSD,155198.2
2013-02-13,EURUSD,141698.9
2013-02-14,EURUSD,147315.0
2013-02-15,EURUSD,148092.4
2013-02-17,EURUSD,5324.4
2013-02-18,EURUSD,104325.0
2013-02-19,EURUSD,135726.2
2013-02-20,EURUSD,171492.7
2013-02-21,EURUSD,189749.0
2013-02-22,EURUSD,147175.1
2013-02-24,EURUSD,8657.1
2013-02-25,EURUSD,217883.5
2013-02-26,EURUSD,241403.1
2013-02-27,EURUSD,212532.5
2013-02-28,EURUSD,184258.7
2013-03-01,EURUSD,187309.5
2013-03-03,EURUSD,5500.9
2013-03-04,EURUSD,144633.1
2013-03-05,EURUSD,152731.0
2013-03-06,EURUSD,144382.6
2013-03-07,EURUSD,176545.7
2013-03-08,EURUSD,167831.8
2013-03-10,EURUSD,7975.7
2013-03-11,EURUSD,133931.0
2013-03-12,EURUSD,167825.3
2013-03-13,EURUSD,166144.8
2013-03-14,EURUSD,202150.7
2013-03-15,EURUSD,182510.0
2013-03-17,EURUSD,20235.0
2013-03-18,EURUSD,212480.3
2013-03-19,EURUSD,250997.7
2013-03-20,EURUSD,262743.8
2013-03-21,EURUSD,274952.5
2013-03-22,EURUSD,243585.6
2013-03-24,EURUSD,16525.5
2013-03-25,EURUSD,289166.3
2013-03-26,EURUSD,242433.7
2013-03-27,EURUSD,248066.0
2013-03-28,EURUSD,226366.8
2013-03-29,EURUSD,58011.4
2013-03-31,EURUSD,3477.8
2013-04-01,EURUSD,108440.5
2013-04-02,EURUSD,216308.9
2013-04-03,EURUSD,211843.9
2013-04-04,EURUSD,272416.2
2013-04-05,EURUSD,249063.2
2013-04-07,EURUSD,13558.2
2013-04-08,EURUSD,214353.2
2013-04-09,EURUSD,238262.7
2013-04-10,EURUSD,214647.1
2013-04-11,EURUSD,229108.8
2013-04-12,EURUSD,216871.8
2013-04-14,EURUSD,10062.9
2013-04-15,EURUSD,269902.2
2013-04-16,EURUSD,283609.9
2013-04-17,EURUSD,278089.9
2013-04-18,EURUSD,272315.8
2013-04-19,EURUSD,218212.4
2013-04-21,EURUSD,6088.7
2013-04-22,EURUSD,188835.0
2013-04-23,EURUSD,240504.6
2013-04-24,EURUSD,213278.9
2013-04-25,EURUSD,228252.3
2013-04-26,EURUSD,219266.4
2013-04-28,EURUSD,8061.1
2013-04-29,EURUSD,200207.0
2013-04-30,EURUSD,221584.1
2013-05-01,EURUSD,179806.4
2013-05-02,EURUSD,242076.4
2013-05-03,EURUSD,203871.7
2013-05-05,EURUSD,3958.3
2013-05-06,EURUSD,120991.3
2013-05-07,EURUSD,173601.1
2013-05-08,EURUSD,196316.3
2013-05-09,EURUSD,206555.2
2013-05-10,EURUSD,245450.0
2013-05-12,EURUSD,6154.5
2013-05-13,EURUSD,202554.2
2013-05-14,EURUSD,238229.9
2013-05-15,EURUSD,233519.2
2013-05-16,EURUSD,228658.3
2013-05-17,EURUSD,191829.3
2013-05-19,EURUSD,6912.8
2013-05-20,EURUSD,169980.1
2013-05-21,EURUSD,213530.7
2013-05-22,EURUSD,271095.7
2013-05-23,EURUSD,278910.3
2013-05-24,EURUSD,214425.6
2013-05-26,EURUSD,5845.2
2013-05-27,EURUSD,83768.2
2013-05-28,EURUSD,231547.5
2013-05-29,EURUSD,262892.4
2013-05-30,EURUSD,257539.7
2013-05-31,EURUSD,214483.0
2013-06-02,EURUSD,5804.3
2013-06-03,EURUSD,214226.5
2013-06-04,EURUSD,240402.2
2013-06-05,EURUSD,278373.5
2013-06-06,EURUSD,319307.8
2013-06-07,EURUSD,297733.0
2013-06-09,EURUSD,10306.9
2013-06-10,EURUSD,237372.0
2013-06-11,EURUSD,319573.1
2013-06-12,EURUSD,286381.0
2013-06-13,EURUSD,313418.7
2013-06-14,EURUSD,227949.8
2013-06-16,EURUSD,5692.9
2013-06-17,EURUSD,169698.6
2013-06-18,EURUSD,217458.3
2013-06-19,EURUSD,186733.2
2013-06-20,EURUSD,260295.1
2013-06-21,EURUSD,190081.8
2013-06-23,EURUSD,6891.8
2013-06-24,EURUSD,198955.1
2013-06-25,EURUSD,193152.1
2013-06-26,EURUSD,189861.1
2013-06-27,EURUSD,187477.4
2013-06-28,EURUSD,184072.1
2013-06-30,EURUSD,3737.5
2013-07-01,EURUSD,139494.5
2013-07-02,EURUSD,167329.9
2013-07-03,EURUSD,190912.9
2013-07-04,EURUSD,145500.5
2013-07-05,EURUSD,169714.0
2013-07-07,EURUSD,6462.2
2013-07-08,EURUSD,145136.9
2013-07-09,EURUSD,185252.0
2013-07-10,EURUSD,234587.2
2013-07-11,EURUSD,255964.6
2013-07-12,EURUSD,166714.3
2013-07-14,EURUSD,3171.6
2013-07-15,EURUSD,169996.5
2013-07-16,EURUSD,204918.3
2013-07-17,EURUSD,210135.0
2013-07-18,EURUSD,176920.4
2013-07-19,EURUSD,160357.4
2013-07-21,EURUSD,4534.4
2013-07-22,EURUSD,163639.9
2013-07-23,EURUSD,176630.9
2013-07-24,EURUSD,209750.0
2013-07-25,EURUSD,207799.5
2013-07-26,EURUSD,171947.9
2013-07-28,EURUSD,4525.4
2013-07-29,EURUSD,358894.5
2013-07-30,EURUSD,377224.2
2013-07-31,EURUSD,430068.8
2013-08-01,EURUSD,221400.6
2013-08-02,EURUSD,188784.7
2013-08-04,EURUSD,4097.5
2013-08-05,EURUSD,163887.2
2013-08-06,EURUSD,173487.9
2013-08-07,EURUSD,189701.3
2013-08-08,EURUSD,179519.6
2013-08-09,EURUSD,136471.5
2013-08-11,EURUSD,3764.6
2013-08-12,EURUSD,139277.8
2013-08-13,EURUSD,183799.4
2013-08-14,EURUSD,163241.2
2013-08-15,EURUSD,213590.8
2013-08-16,EURUSD,190206.5
2013-08-18,EURUSD,4558.8
2013-08-19,EURUSD,158321.3
2013-08-20,EURUSD,198450.5
2013-08-21,EURUSD,215703.2
2013-08-22,EURUSD,212935.5
2013-08-23,EURUSD,202254.4
2013-08-25,EURUSD,5124.9
2013-08-26,EURUSD,114737.0
2013-08-27,EURUSD,206853.5
2013-08-28,EURUSD,202937.5
2013-08-29,EURUSD,203137.8
2013-08-30,EURUSD,173455.9
2013-09-01,EURUSD,4014.4
2013-09-02,EURUSD,119270.2
2013-09-03,EURUSD,180892.9
2013-09-04,EURUSD,165594.0
2013-09-05,EURUSD,205728.3
2013-09-06,EURUSD,184944.9
2013-09-08,EURUSD,4637.1
2013-09-09,EURUSD,159954.8
2013-09-10,EURUSD,170555.3
2013-09-11,EURUSD,201596.3
2013-09-12,EURUSD,174547.8
2013-09-13,EURUSD,157137.6
2013-09-15,EURUSD,11091.9
2013-09-16,EURUSD,155611.3
2013-09-17,EURUSD,143124.1
2013-09-18,EURUSD,235869.0
2013-09-19,EURUSD,235543.0
2013-09-20,EURUSD,175391.9
2013-09-22,EURUSD,3700.9
2013-09-23,EURUSD,161072.2
2013-09-24,EURUSD,171863.7
2013-09-25,EURUSD,161942.3
2013-09-26,EURUSD,164521.9
2013-09-27,EURUSD,168832.1
2013-09-29,EURUSD,6822.6
2013-09-30,EURUSD,155281.8
2013-10-01,EURUSD,185667.0
2013-10-02,EURUSD,214484.6
2013-10-03,EURUSD,184173.5
2013-10-04,EURUSD,151072.7
2013-10-06,EURUSD,4220.8
2013-10-07,EURUSD,144185.3
2013-10-08,EURUSD,186689.6
2013-10-09,EURUSD,224810.7
2013-10-10,EURUSD,202316.6
2013-10-11,EURUSD,183518.8
2013-10-13,EURUSD,3639.5
2013-10-14,EURUSD,744642.6
2013-10-15,EURUSD,641138.8
2013-10-16,EURUSD,222108.7
2013-10-17,EURUSD,263898.1
2013-10-18,EURUSD,184795.0
2013-10-20,EURUSD,2896.6
2013-10-21,EURUSD,154643.2
2013-10-22,EURUSD,182895.7
2013-10-23,EURUSD,215768.1
2013-10-24,EURUSD,218692.7
2013-10-25,EURUSD,205911.8
2013-10-27,EURUSD,3743.5
2013-10-28,EURUSD,186813.2
2013-10-29,EURUSD,232384.6
2013-10-30,EURUSD,250055.4
2013-10-31,EURUSD,271084.5
2013-11-01,EURUSD,225790.1
2013-11-03,EURUSD,3347.6
2013-11-04,EURUSD,167915.9
2013-11-05,EURUSD,218967.0
2013-11-06,EURUSD,187872.8
2013-11-07,EURUSD,286899.3
2013-11-08,EURUSD,224716.5
2013-11-10,EURUSD,4146.4
2013-11-11,EURUSD,150607.1
2013-11-12,EURUSD,234487.2
2013-11-13,EURUSD,232260.8
2013-11-14,EURUSD,236984.5
2013-11-15,EURUSD,170372.7
2013-11-17,EURUSD,2289.1
2013-11-18,EURUSD,184377.2
2013-11-19,EURUSD,219450.1
2013-11-20,EURUSD,240256.0
2013-11-21,EURUSD,245663.1
2013-11-22,EURUSD,183386.6
2013-11-24,EURUSD,3205.6
2013-11-25,EURUSD,187985.6
2013-11-26,EURUSD,200301.0
2013-11-27,EURUSD,210512.2
2013-11-28,EURUSD,153936.4
2013-11-29,EURUSD,186069.1
2013-12-01,EURUSD,2832.8
2013-12-02,EURUSD,223348.3
2013-12-03,EURUSD,234441.9
2013-12-04,EURUSD,251521.1
2013-12-05,EURUSD,288682.0
2013-12-06,EURUSD,235563.3
2013-12-08,EURUSD,4115.4
2013-12-09,EURUSD,155621.0
2013-12-10,EURUSD,192167.3
2013-12-11,EURUSD,187788.8
2013-12-12,EURUSD,205174.4
2013-12-13,EURUSD,175279.2
2013-12-15,EURUSD,2543.8
2013-12-16,EURUSD,182007.2
2013-12-17,EURUSD,176596.4
2013-12-18,EURUSD,219054.9
2013-12-19,EURUSD,203295.5
2013-12-20,EURUSD,184109.6
2013-12-22,EURUSD,1941.1
2013-12-23,EURUSD,122418.0
2013-12-24,EURUSD,76839.5
2013-12-25,EURUSD,4413.7
2013-12-26,EURUSD,61020.5
2013-12-27,EURUSD,197007.0
2013-12-29,EURUSD,3885.6
2013-12-30,EURUSD,144069.6
2013-12-31,EURUSD,111240.5
2014-01-01,EURUSD,2724.9
2014-01-02,EURUSD,199117.5
2014-01-03,EURUSD,193632.8
2014-01-05,EURUSD,2823.1
2014-01-06,EURUSD,189223.7
2014-01-07,EURUSD,204173.1
2014-01-08,EURUSD,209302.8
2014-01-09,EURUSD,221843.6
2014-01-10,EURUSD,195201.9
2014-01-12,EURUSD,3789.8
2014-01-13,EURUSD,179419.1
2014-01-14,EURUSD,177116.5
2014-01-15,EURUSD,178873.5
2014-01-16,EURUSD,176183.1
2014-01-17,EURUSD,163132.2
2014-01-19,EURUSD,3851.5
2014-01-20,EURUSD,120202.4
2014-01-21,EURUSD,176772.1
2014-01-22,EURUSD,169664.3
2014-01-23,EURUSD,248787.5
2014-01-24,EURUSD,216233.2
2014-01-26,EURUSD,5553.5
2014-01-27,EURUSD,193342.3
2014-01-28,EURUSD,171590.9
2014-01-29,EURUSD,224702.9
2014-01-30,EURUSD,234697.1
2014-01-31,EURUSD,240687.7
2014-02-02,EURUSD,3629.1
2014-02-03,EURUSD,230509.8
2014-02-04,EURUSD,201621.3
2014-02-05,EURUSD,213095.5
2014-02-06,EURUSD,223807.8
2014-02-07,EURUSD,193127.0
2014-02-09,EURUSD,3053.4
2014-02-10,EURUSD,143303.6
2014-02-11,EURUSD,182680.5
2014-02-12,EURUSD,197226.8
2014-02-13,EURUSD,202744.2
2014-02-14,EURUSD,168199.9
2014-02-16,EURUSD,3124.2
2014-02-17,EURUSD,114561.5
2014-02-18,EURUSD,181482.6
2014-02-19,EURUSD,155350.7
2014-02-20,EURUSD,147077.0
2014-02-21,EURUSD,116097.4
2014-02-23,EURUSD,1958.2
2014-02-24,EURUSD,120817.1
2014-02-25,EURUSD,136327.2
2014-02-26,EURUSD,151360.9
2014-02-27,EURUSD,147824.3
2014-02-28,EURUSD,176251.7
2014-03-02,EURUSD,5887.1
2014-03-03,EURUSD,130624.8
2014-03-04,EURUSD,124944.4
2014-03-05,EURUSD,118258.1
2014-03-06,EURUSD,163455.8
2014-03-07,EURUSD,141385.0
2014-03-09,EURUSD,3563.0
2014-03-10,EURUSD,105023.1
2014-03-11,EURUSD,123617.1
2014-03-12,EURUSD,144347.8
2014-03-13,EURUSD,210937.9
2014-03-14,EURUSD,152332.9
2014-03-16,EURUSD,4907.4
2014-03-17,EURUSD,119658.7
2014-03-18,EURUSD,139982.5
2014-03-19,EURUSD,148508.6
2014-03-20,EURUSD,152361.4
2014-03-21,EURUSD,114199.0
2014-03-23,EURUSD,3441.3
2014-03-24,EURUSD,132822.9
2014-03-25,EURUSD,164939.4
2014-03-26,EURUSD,157953.8
2014-03-27,EURUSD,148442.0
2014-03-28,EURUSD,120842.7
2014-03-30,EURUSD,3332.8
2014-03-31,EURUSD,119090.5
2014-04-01,EURUSD,94038.3
2014-04-02,EURUSD,96886.1
2014-04-03,EURUSD,147319.1
2014-04-04,EURUSD,135092.8
2014-04-06,EURUSD,2986.0
2014-04-07,EURUSD,101004.9
2014-04-08,EURUSD,134065.5
2014-04-09,EURUSD,142058.7
2014-04-10,EURUSD,140827.0
2014-04-11,EURUSD,122176.2
2014-04-13,EURUSD,5761.5
2014-04-14,EURUSD,119526.7
2014-04-15,EURUSD,122386.1
2014-04-16,EURUSD,119833.1
2014-04-17,EURUSD,105610.8
2014-04-18,EURUSD,25516.3
2014-04-20,EURUSD,2263.8
2014-04-21,EURUSD,46137.0
2014-04-22,EURUSD,96930.3
2014-04-23,EURUSD,133030.5
2014-04-24,EURUSD,125642.7
2014-04-25,EURUSD,96486.8
2014-04-27,EURUSD,2489.6
2014-04-28,EURUSD,131038.0
2014-04-29,EURUSD,156695.7
2014-04-30,EURUSD,194255.4
2014-05-01,EURUSD,108122.6
2014-05-02,EURUSD,165025.6
2014-05-04,EURUSD,7850.7
2014-05-05,EURUSD,121529.8
2014-05-06,EURUSD,151786.7
2014-05-07,EURUSD,162509.1
2014-05-08,EURUSD,223628.5
2014-05-09,EURUSD,191746.0
2014-05-11,EURUSD,3457.3
2014-05-12,EURUSD,132364.4
2014-05-13,EURUSD,193907.4
2014-05-14,EURUSD,169154.0
2014-05-15,EURUSD,201896.5
2014-05-16,EURUSD,135192.6
2014-05-18,EURUSD,11798.3
2014-05-19,EURUSD,144736.7
2014-05-20,EURUSD,158404.6
2014-05-21,EURUSD,164295.0
2014-05-22,EURUSD,159470.3
2014-05-23,EURUSD,154646.7
2014-05-25,EURUSD,3677.2
2014-05-26,EURUSD,88442.3
2014-05-27,EURUSD,148089.8
2014-05-28,EURUSD,159546.3
2014-05-29,EURUSD,155468.2
2014-05-30,EURUSD,159149.0
2014-06-01,EURUSD,4794.9
2014-06-02,EURUSD,165085.0
2014-06-03,EURUSD,164899.5
2014-06-04,EURUSD,177202.3
2014-06-05,EURUSD,259512.5
2014-06-06,EURUSD,176988.1
2014-06-08,EURUSD,2087.3
2014-06-09,EURUSD,148065.0
2014-06-10,EURUSD,222950.1
2014-06-11,EURUSD,201045.0
2014-06-12,EURUSD,206363.3
2014-06-13,EURUSD,192386.9
2014-06-15,EURUSD,4244.6
2014-06-16,EURUSD,184503.3
2014-06-17,EURUSD,197908.9
2014-06-18,EURUSD,192145.6
2014-06-19,EURUSD,215110.2
2014-06-20,EURUSD,214651.1
2014-06-22,EURUSD,3909.8
2014-06-23,EURUSD,280379.4
2014-06-24,EURUSD,261625.9
2014-06-25,EURUSD,269446.4
2014-06-26,EURUSD,301313.7
2014-06-27,EURUSD,261372.1
2014-06-29,EURUSD,2093.5
2014-06-30,EURUSD,223829.4
2014-07-01,EURUSD,300434.7
2014-07-02,EURUSD,287107.4
2014-07-03,EURUSD,358414.2
2014-07-04,EURUSD,209969.5
2014-07-06,EURUSD,7168.2
2014-07-07,EURUSD,299239.9
2014-07-08,EURUSD,377918.5
2014-07-09,EURUSD,309667.2
2014-07-10,EURUSD,369468.3
2014-07-11,EURUSD,119086.8
2014-07-13,EURUSD,3030.3
2014-07-14,EURUSD,112932.3
2014-07-15,EURUSD,155029.0
2014-07-16,EURUSD,119220.3
2014-07-17,EURUSD,137292.5
2014-07-18,EURUSD,129850.4
2014-07-20,EURUSD,3605.1
2014-07-21,EURUSD,100963.3
2014-07-22,EURUSD,132312.6
2014-07-23,EURUSD,102439.1
2014-07-24,EURUSD,115725.5
2014-07-25,EURUSD,107455.0
2014-07-27,EURUSD,3837.1
2014-07-28,EURUSD,87460.5
2014-07-29,EURUSD,112802.7
2014-07-30,EURUSD,145925.6
2014-07-31,EURUSD,129815.1
2014-08-01,EURUSD,139674.8
2014-08-03,EURUSD,3201.0
2014-08-04,EURUSD,95466.9
2014-08-05,EURUSD,119616.6
2014-08-06,EURUSD,154264.1
2014-08-07,EURUSD,145485.9
2014-08-08,EURUSD,164479.4
2014-08-10,EURUSD,4015.3
2014-08-11,EURUSD,94561.4
2014-08-12,EURUSD,114269.3
2014-08-13,EURUSD,128781.4
2014-08-14,EURUSD,136878.3
2014-08-15,EURUSD,131049.4
2014-08-17,EURUSD,4737.2
2014-08-18,EURUSD,91114.2
2014-08-19,EURUSD,132255.4
2014-08-20,EURUSD,141635.2
2014-08-21,EURUSD,126705.1
2014-08-22,EURUSD,140249.4
2014-08-24,EURUSD,12277.2
2014-08-25,EURUSD,115468.2
2014-08-26,EURUSD,146017.3
2014-08-27,EURUSD,150239.9
2014-08-28,EURUSD,143868.8
2014-08-29,EURUSD,136330.3
2014-08-31,EURUSD,8840.9
2014-09-01,EURUSD,107534.8
2014-09-02,EURUSD,144090.8
2014-09-03,EURUSD,158306.6
2014-09-04,EURUSD,218094.7
2014-09-05,EURUSD,166111.0
2014-09-07,EURUSD,16774.1
2014-09-08,EURUSD,183427.7
2014-09-09,EURUSD,205611.7
2014-09-10,EURUSD,199871.3
2014-09-11,EURUSD,200440.7
2014-09-12,EURUSD,180754.7
2014-09-14,EURUSD,11712.8
2014-09-15,EURUSD,174640.5
2014-09-16,EURUSD,197709.0
2014-09-17,EURUSD,193535.1
2014-09-18,EURUSD,194257.0
2014-09-19,EURUSD,185911.1
2014-09-21,EURUSD,8051.1
2014-09-22,EURUSD,147082.7
2014-09-23,EURUSD,167392.4
2014-09-24,EURUSD,172227.5
2014-09-25,EURUSD,190549.7
2014-09-26,EURUSD,156861.3
2014-09-28,EURUSD,9593.6
2014-09-29,EURUSD,178858.2
2014-09-30,EURUSD,194596.3
2014-10-01,EURUSD,199788.6
2014-10-02,EURUSD,243421.7
2014-10-03,EURUSD,178240.5
2014-10-05,EURUSD,8670.8
2014-10-06,EURUSD,197765.8
2014-10-07,EURUSD,229270.2
2014-10-08,EURUSD,233426.9
2014-10-09,EURUSD,227332.7
2014-10-10,EURUSD,185574.7
2014-10-12,EURUSD,10161.3
2014-10-13,EURUSD,182377.1
2014-10-14,EURUSD,205727.0
2014-10-15,EURUSD,294121.1
2014-10-16,EURUSD,256551.8
2014-10-17,EURUSD,163050.9
2014-10-19,EURUSD,11051.5
2014-10-20,EURUSD,158131.0
2014-10-21,EURUSD,194253.8
2014-10-22,EURUSD,186794.8
2014-10-23,EURUSD,175690.4
2014-10-24,EURUSD,156079.3
2014-10-26,EURUSD,9743.8
2014-10-27,EURUSD,169084.9
2014-10-28,EURUSD,176327.8
2014-10-29,EURUSD,189783.1
2014-10-30,EURUSD,223223.6
2014-10-31,EURUSD,217950.2
2014-11-02,EURUSD,10622.8
2014-11-03,EURUSD,209827.8
2014-11-04,EURUSD,204778.8
2014-11-05,EURUSD,222601.0
2014-11-06,EURUSD,239752.3
2014-11-07,EURUSD,221871.0
2014-11-09,EURUSD,8829.5
2014-11-10,EURUSD,176970.6
2014-11-11,EURUSD,187057.5
2014-11-12,EURUSD,219437.9
2014-11-13,EURUSD,170570.1
2014-11-14,EURUSD,201690.2
2014-11-16,EURUSD,9030.2
2014-11-17,EURUSD,186573.4
2014-11-18,EURUSD,177316.6
2014-11-19,EURUSD,242193.7
2014-11-20,EURUSD,215089.1
2014-11-21,EURUSD,199164.6
2014-11-23,EURUSD,8310.5
2014-11-24,EURUSD,157714.1
2014-11-25,EURUSD,162135.6
2014-11-26,EURUSD,147442.4
2014-11-27,EURUSD,96670.0
2014-11-28,EURUSD,131480.3
2014-11-30,EURUSD,8176.1
2014-12-01,EURUSD,183812.0
2014-12-02,EURUSD,156432.1
2014-12-03,EURUSD,172428.5
2014-12-04,EURUSD,206547.2
2014-12-05,EURUSD,155977.8
2014-12-07,EURUSD,5605.3
2014-12-08,EURUSD,155386.1
2014-12-09,EURUSD,199364.8
2014-12-10,EURUSD,180699.7
2014-12-11,EURUSD,203079.0
2014-12-12,EURUSD,171665.0
2014-12-14,EURUSD,10271.3
2014-12-15,EURUSD,179326.7
2014-12-16,EURUSD,214930.4
2014-12-17,EURUSD,201911.8
2014-12-18,EURUSD,178869.4
2014-12-19,EURUSD,139780.5
2014-12-21,EURUSD,3196.9
2014-12-22,EURUSD,108293.1
2014-12-23,EURUSD,102312.3
2014-12-24,EURUSD,60177.8
2014-12-25,EURUSD,8123.2
2014-12-26,EURUSD,46510.9
2014-12-28,EURUSD,5834.1
2014-12-29,EURUSD,95526.4
2014-12-30,EURUSD,106527.1
2014-12-31,EURUSD,73325.1
2015-01-01,EURUSD,5732.4
2015-01-02,EURUSD,119384.5
2015-01-04,EURUSD,13740.6
2015-01-05,EURUSD,159296.6
2015-01-06,EURUSD,177669.8
2015-01-07,EURUSD,181679.8
2015-01-08,EURUSD,150219.8
2015-01-09,EURUSD,167943.7
2015-01-11,EURUSD,4748.8
2015-01-12,EURUSD,163540.1
2015-01-13,EURUSD,190749.4
2015-01-14,EURUSD,214321.4
2015-01-15,EURUSD,286756.3
2015-01-16,EURUSD,243185.7
2015-01-18,EURUSD,4557.4
2015-01-19,EURUSD,140976.9
2015-01-20,EURUSD,152910.9
2015-01-21,EURUSD,177131.8
2015-01-22,EURUSD,208738.8
2015-01-23,EURUSD,228253.4
2015-01-25,EURUSD,12903.1
2015-01-26,EURUSD,177766.6
2015-01-27,EURUSD,179735.8
2015-01-28,EURUSD,175837.9
2015-01-29,EURUSD,170749.2
2015-01-30,EURUSD,170262.1
2015-02-01,EURUSD,5792.0
2015-02-02,EURUSD,149828.1
2015-02-03,EURUSD,192626.7
2015-02-04,EURUSD,170795.2
2015-02-05,EURUSD,159348.8
2015-02-06,EURUSD,140728.6
2015-02-08,EURUSD,6161.4
2015-02-09,EURUSD,145020.3
2015-02-10,EURUSD,152770.7
2015-02-11,EURUSD,148970.9
2015-02-12,EURUSD,172088.1
2015-02-13,EURUSD,143354.6
2015-02-15,EURUSD,6695.6
2015-02-16,EURUSD,104142.5
2015-02-17,EURUSD,146336.9
2015-02-18,EURUSD,154129.1
2015-02-19,EURUSD,137693.0
2015-02-20,EURUSD,176910.5
2015-02-22,EURUSD,4454.5
2015-02-23,EURUSD,121740.7
2015-02-24,EURUSD,155389.9
2015-02-25,EURUSD,151797.0
2015-02-26,EURUSD,166406.7
2015-02-27,EURUSD,167010.1
2015-03-01,EURUSD,6453.1
2015-03-02,EURUSD,128399.0
2015-03-03,EURUSD,144211.2
2015-03-04,EURUSD,154637.5
2015-03-05,EURUSD,170648.9
2015-03-06,EURUSD,165727.7
2015-03-08,EURUSD,8227.3
2015-03-09,EURUSD,143704.1
2015-03-10,EURUSD,228231.4
2015-03-11,EURUSD,262298.2
2015-03-12,EURUSD,238100.2
2015-03-13,EURUSD,203399.8
2015-03-15,EURUSD,7966.1
2015-03-16,EURUSD,164906.6
2015-03-17,EURUSD,159779.3
2015-03-18,EURUSD,213461.2
2015-03-19,EURUSD,248335.7
2015-03-20,EURUSD,186733.2
2015-03-22,EURUSD,12113.2
2015-03-23,EURUSD,258421.7
2015-03-24,EURUSD,220623.4
2015-03-25,EURUSD,197666.6
2015-03-26,EURUSD,257044.9
2015-03-27,EURUSD,223256.4
2015-03-29,EURUSD,8485.6
2015-03-30,EURUSD,182633.6
2015-03-31,EURUSD,204475.3
2015-04-01,EURUSD,194190.0
2015-04-02,EURUSD,189762.0
2015-04-03,EURUSD,91984.5
2015-04-05,EURUSD,11020.7
2015-04-06,EURUSD,108858.5
2015-04-07,EURUSD,189290.6
2015-04-08,EURUSD,212964.4
2015-04-09,EURUSD,189056.6
2015-04-10,EURUSD,171200.2
2015-04-12,EURUSD,9540.8
2015-04-13,EURUSD,181537.0
2015-04-14,EURUSD,192790.2
2015-04-15,EURUSD,207598.9
2015-04-16,EURUSD,280074.1
2015-04-17,EURUSD,220402.6
2015-04-19,EURUSD,8735.3
2015-04-20,EURUSD,204972.4
2015-04-21,EURUSD,198316.8
2015-04-22,EURUSD,222414.0
2015-04-23,EURUSD,243734.1
2015-04-24,EURUSD,226494.8
2015-04-26,EURUSD,8254.2
2015-04-27,EURUSD,197673.7
2015-04-28,EURUSD,212064.5
2015-04-29,EURUSD,268375.7
2015-04-30,EURUSD,282180.1
2015-05-01,EURUSD,161846.9
2015-05-03,EURUSD,8498.6
2015-05-04,EURUSD,170489.3
2015-05-05,EURUSD,234895.6
2015-05-06,EURUSD,240872.4
2015-05-07,EURUSD,253915.2
2015-05-08,EURUSD,234932.8
2015-05-10,EURUSD,10857.0
2015-05-11,EURUSD,211304.0
2015-05-12,EURUSD,222360.7
2015-05-13,EURUSD,227775.3
2015-05-14,EURUSD,258116.7
2015-05-15,EURUSD,224588.8
2015-05-17,EURUSD,7820.6
2015-05-18,EURUSD,196965.1
2015-05-19,EURUSD,235738.1
2015-05-20,EURUSD,246556.6
2015-05-21,EURUSD,224327.3
2015-05-22,EURUSD,207520.0
2015-05-24,EURUSD,12456.2
2015-05-25,EURUSD,90453.0
2015-05-26,EURUSD,226972.6
2015-05-27,EURUSD,216670.8
2015-05-28,EURUSD,233975.0
2015-05-29,EURUSD,208334.8
2015-05-31,EURUSD,7431.9
2015-06-01,EURUSD,223345.2
2015-06-02,EURUSD,255799.3
2015-06-03,EURUSD,256029.0
2015-06-04,EURUSD,263565.7
2015-06-05,EURUSD,230747.9
2015-06-07,EURUSD,6807.3
2015-06-08,EURUSD,220008.5
2015-06-09,EURUSD,224126.9
2015-06-10,EURUSD,246728.0
2015-06-11,EURUSD,203174.4
2015-06-12,EURUSD,214308.9
2015-06-14,EURUSD,9272.9
2015-06-15,EURUSD,200393.2
2015-06-16,EURUSD,190242.3
2015-06-17,EURUSD,218315.2
2015-06-18,EURUSD,236294.9
2015-06-19,EURUSD,167226.2
2015-06-21,EURUSD,6564.0
2015-06-22,EURUSD,178751.7
2015-06-23,EURUSD,210434.5
2015-06-24,EURUSD,191865.7
2015-06-25,EURUSD,159941.0
2015-06-26,EURUSD,163952.7
2015-06-28,EURUSD,23489.5
2015-06-29,EURUSD,233783.0
2015-06-30,EURUSD,206006.7
2015-07-01,EURUSD,192840.1
2015-07-02,EURUSD,176969.8
2015-07-03,EURUSD,123712.4
2015-07-05,EURUSD,21552.8
2015-07-06,EURUSD,184236.3
2015-07-07,EURUSD,235204.1
2015-07-08,EURUSD,225358.7
2015-07-09,EURUSD,195008.1
2015-07-10,EURUSD,193592.0
2015-07-12,EURUSD,10172.9
2015-07-13,EURUSD,207766.2
2015-07-14,EURUSD,194135.1
2015-07-15,EURUSD,195587.7
2015-07-16,EURUSD,196679.2
2015-07-17,EURUSD,160758.7
2015-07-19,EURUSD,7247.8
2015-07-20,EURUSD,156443.8
2015-07-21,EURUSD,205610.9
2015-07-22,EURUSD,189666.7
2015-07-23,EURUSD,198293.4
2015-07-24,EURUSD,139853.5
2015-07-26,EURUSD,4898.9
2015-07-27,EURUSD,190748.4
2015-07-28,EURUSD,160387.5
2015-07-29,EURUSD,180100.7
2015-07-30,EURUSD,175133.7
2015-07-31,EURUSD,183491.5
2015-08-02,EURUSD,6598.5
2015-08-03,EURUSD,146304.7
2015-08-04,EURUSD,173856.3
2015-08-05,EURUSD,198887.3
2015-08-06,EURUSD,161694.6
2015-08-07,EURUSD,169125.8
2015-08-09,EURUSD,4991.6
2015-08-10,EURUSD,147200.7
2015-08-11,EURUSD,186178.2
2015-08-12,EURUSD,196166.7
2015-08-13,EURUSD,174057.6
2015-08-14,EURUSD,138449.6
2015-08-16,EURUSD,6170.3
2015-08-17,EURUSD,132293.1
2015-08-18,EURUSD,127653.9
2015-08-19,EURUSD,156793.4
2015-08-20,EURUSD,170570.4
2015-08-21,EURUSD,190285.0
2015-08-23,EURUSD,11773.7
2015-08-24,EURUSD,291241.8
2015-08-25,EURUSD,244246.9
2015-08-26,EURUSD,253189.3
2015-08-27,EURUSD,225573.0
2015-08-28,EURUSD,173415.2
2015-08-30,EURUSD,11057.5
2015-08-31,EURUSD,147857.2
2015-09-01,EURUSD,211138.2
2015-09-02,EURUSD,178633.9
2015-09-03,EURUSD,176112.0
2015-09-04,EURUSD,165598.0
2015-09-06,EURUSD,5879.1
2015-09-07,EURUSD,122926.6
2015-09-08,EURUSD,176916.2
2015-09-09,EURUSD,197632.6
2015-09-10,EURUSD,201719.0
2015-09-11,EURUSD,157984.5
2015-09-13,EURUSD,9435.9
2015-09-14,EURUSD,162913.6
2015-09-15,EURUSD,168986.9
2015-09-16,EURUSD,166865.6
2015-09-17,EURUSD,200598.3
2015-09-18,EURUSD,184980.8
2015-09-20,EURUSD,9705.0
2015-09-21,EURUSD,168580.4
2015-09-22,EURUSD,166624.7
2015-09-23,EURUSD,161791.3
2015-09-24,EURUSD,189414.0
2015-09-25,EURUSD,162383.9
2015-09-27,EURUSD,5500.9
2015-09-28,EURUSD,182715.5
2015-09-29,EURUSD,206660.1
2015-09-30,EURUSD,189017.4
2015-10-01,EURUSD,168171.5
2015-10-02,EURUSD,173687.7
2015-10-04,EURUSD,13439.3
2015-10-05,EURUSD,159890.6
2015-10-06,EURUSD,152574.1
2015-10-07,EURUSD,178127.6
2015-10-08,EURUSD,182382.7
2015-10-09,EURUSD,157863.8
2015-10-11,EURUSD,19142.3
2015-10-12,EURUSD,121164.9
2015-10-13,EURUSD,160910.1
2015-10-14,EURUSD,180400.4
2015-10-15,EURUSD,186005.5
2015-10-16,EURUSD,141291.2
2015-10-18,EURUSD,12334.2
2015-10-19,EURUSD,127274.2
2015-10-20,EURUSD,134988.7
2015-10-21,EURUSD,139427.4
2015-10-22,EURUSD,211044.4
2015-10-23,EURUSD,195562.7
2015-10-25,EURUSD,13292.6
2015-10-26,EURUSD,147335.0
2015-10-27,EURUSD,148987.8
2015-10-28,EURUSD,176739.7
2015-10-29,EURUSD,193133.8
2015-10-30,EURUSD,171129.4
2015-11-01,EURUSD,8666.1
2015-11-02,EURUSD,144148.6
2015-11-03,EURUSD,162700.8
2015-11-04,EURUSD,174248.5
2015-11-05,EURUSD,171660.0
2015-11-06,EURUSD,181079.2
2015-11-08,EURUSD,6908.4
2015-11-09,EURUSD,190003.2
2015-11-10,EURUSD,162873.1
2015-11-11,EURUSD,162118.6
2015-11-12,EURUSD,203739.2
2015-11-13,EURUSD,176144.2
2015-11-15,EURUSD,18747.3
2015-11-16,EURUSD,183745.9
2015-11-17,EURUSD,192813.6
2015-11-18,EURUSD,176787.9
2015-11-19,EURUSD,204101.7
2015-11-20,EURUSD,180843.5
2015-11-22,EURUSD,9207.4
2015-11-23,EURUSD,178194.2
2015-11-24,EURUSD,180548.4
2015-11-25,EURUSD,197808.1
2015-11-26,EURUSD,112013.0
2015-11-27,EURUSD,131506.7
2015-11-29,EURUSD,5245.2
2015-11-30,EURUSD,165339.8
2015-12-01,EURUSD,212908.9
2015-12-02,EURUSD,218342.6
2015-12-03,EURUSD,293167.3
2015-12-04,EURUSD,260156.0
2015-12-06,EURUSD,8114.2
2015-12-07,EURUSD,179276.2
2015-12-08,EURUSD,203371.8
2015-12-09,EURUSD,220629.2
2015-12-10,EURUSD,195193.2
2015-12-11,EURUSD,188903.7
2015-12-13,EURUSD,12014.0
2015-12-14,EURUSD,227549.1
2015-12-15,EURUSD,209032.3
2015-12-16,EURUSD,237283.5
2015-12-17,EURUSD,203021.3
2015-12-18,EURUSD,198604.3
2015-12-20,EURUSD,6424.7
2015-12-21,EURUSD,183833.0
2015-12-22,EURUSD,163637.7
2015-12-23,EURUSD,134839.2
2015-12-24,EURUSD,78394.4
2015-12-25,EURUSD,4726.4
2015-12-27,EURUSD,4649.8
2015-12-28,EURUSD,118917.7
2015-12-29,EURUSD,130524.6
2015-12-30,EURUSD,125550.2
2015-12-31,EURUSD,103298.8
2016-01-03,EURUSD,5557.6
2016-01-04,EURUSD,193941.5
2016-01-05,EURUSD,203779.5
2016-01-06,EURUSD,225000.4
2016-01-07,EURUSD,248091.8
2016-01-08,EURUSD,225739.6
2016-01-10,EURUSD,12790.0
2016-01-11,EURUSD,205385.2
2016-01-12,EURUSD,238659.5
2016-01-13,EURUSD,260915.4
2016-01-14,EURUSD,283523.6
2016-01-15,EURUSD,302146.4
2016-01-17,EURUSD,11951.0
2016-01-18,EURUSD,190438.9
2016-01-19,EURUSD,275003.4
2016-01-20,EURUSD,322863.2
2016-01-21,EURUSD,363617.8
2016-01-22,EURUSD,335113.9
2016-01-24,EURUSD,6192.9
2016-01-25,EURUSD,281230.2
2016-01-26,EURUSD,286050.6
2016-01-27,EURUSD,306419.4
2016-01-28,EURUSD,318400.6
2016-01-29,EURUSD,340410.5
2016-01-31,EURUSD,9524.1
2016-02-01,EURUSD,288716.6
2016-02-02,EURUSD,289007.0
2016-02-03,EURUSD,357748.5
2016-02-04,EURUSD,377078.6
2016-02-05,EURUSD,322812.9
2016-02-07,EURUSD,12228.0
2016-02-08,EURUSD,356181.5
2016-02-09,EURUSD,400677.8
2016-02-10,EURUSD,417243.3
2016-02-11,EURUSD,412261.4
2016-02-12,EURUSD,340865.3
2016-02-14,EURUSD,12506.2
2016-02-15,EURUSD,258790.3
2016-02-16,EURUSD,327288.7
2016-02-17,EURUSD,338320.0
2016-02-18,EURUSD,344235.2
2016-02-19,EURUSD,319998.4
2016-02-21,EURUSD,12360.8
2016-02-22,EURUSD,319818.3
2016-02-23,EURUSD,326587.1
2016-02-24,EURUSD,363386.0
2016-02-25,EURUSD,340465.6
2016-02-26,EURUSD,336133.7
2016-02-28,EURUSD,13116.0
2016-02-29,EURUSD,344152.0
2016-03-01,EURUSD,343275.0
2016-03-02,EURUSD,340963.4
2016-03-03,EURUSD,335634.2
2016-03-04,EURUSD,337381.2
2016-03-06,EURUSD,9280.3
2016-03-07,EURUSD,316071.4
2016-03-08,EURUSD,322509.2
2016-03-09,EURUSD,330986.0
2016-03-10,EURUSD,387736.1
2016-03-11,EURUSD,326235.4
2016-03-13,EURUSD,15699.2
2016-03-14,EURUSD,310620.6
2016-03-15,EURUSD,373821.2
2016-03-16,EURUSD,348791.2
2016-03-17,EURUSD,390560.8
2016-03-18,EURUSD,324413.2
2016-03-20,EURUSD,13698.8
2016-03-21,EURUSD,288874.8
2016-03-22,EURUSD,309998.5
2016-03-23,EURUSD,294407.5
2016-03-24,EURUSD,270531.9
2016-03-25,EURUSD,54683.2
2016-03-27,EURUSD,7547.3
2016-03-28,EURUSD,166511.0
2016-03-29,EURUSD,309638.1
2016-03-30,EURUSD,340341.5
2016-03-31,EURUSD,293081.1
2016-04-01,EURUSD,263826.3
2016-04-03,EURUSD,7257.8
2016-04-04,EURUSD,252373.0
2016-04-05,EURUSD,245981.0
2016-04-06,EURUSD,255691.5
2016-04-07,EURUSD,284966.0
2016-04-08,EURUSD,235422.7
2016-04-10,EURUSD,13989.2
2016-04-11,EURUSD,237009.9
2016-04-12,EURUSD,259334.8
2016-04-13,EURUSD,265812.6
2016-04-14,EURUSD,243598.6
2016-04-15,EURUSD,193951.9
2016-04-17,EURUSD,13452.1
2016-04-18,EURUSD,205265.1
2016-04-19,EURUSD,223942.5
2016-04-20,EURUSD,246967.1
2016-04-21,EURUSD,262475.5
2016-04-22,EURUSD,234473.6
2016-04-24,EURUSD,16429.2
2016-04-25,EURUSD,234944.9
2016-04-26,EURUSD,256540.2
2016-04-27,EURUSD,273769.6
2016-04-28,EURUSD,293027.2
2016-04-29,EURUSD,272977.4
2016-05-01,EURUSD,17794.5
2016-05-02,EURUSD,211397.4
2016-05-03,EURUSD,273512.8
2016-05-04,EURUSD,273581.9
2016-05-05,EURUSD,223831.4
2016-05-06,EURUSD,232430.1
2016-05-08,EURUSD,7683.1
2016-05-09,EURUSD,216458.8
2016-05-10,EURUSD,204447.0
2016-05-11,EURUSD,185486.9
2016-05-12,EURUSD,195163.6
2016-05-13,EURUSD,238153.6
2016-05-15,EURUSD,9075.5
2016-05-16,EURUSD,175442.8
2016-05-17,EURUSD,190460.7
2016-05-18,EURUSD,234894.3
2016-05-19,EURUSD,233208.6
2016-05-20,EURUSD,164452.0
2016-05-22,EURUSD,6436.9
2016-05-23,EURUSD,182541.2
2016-05-24,EURUSD,215210.1
2016-05-25,EURUSD,212477.7
2016-05-26,EURUSD,210178.1
2016-05-27,EURUSD,179006.2
2016-05-29,EURUSD,10520.8
2016-05-30,EURUSD,118135.0
2016-05-31,EURUSD,217690.1
2016-06-01,EURUSD,221569.5
2016-06-02,EURUSD,209480.9
2016-06-03,EURUSD,232506.5
2016-06-05,EURUSD,15770.9
2016-06-06,EURUSD,222855.1
2016-06-07,EURUSD,181028.2
2016-06-08,EURUSD,54.0
2016-06-09,EURUSD,201623.5
2016-06-10,EURUSD,196036.7
2016-06-12,EURUSD,13844.5
2016-06-13,EURUSD,201026.0
2016-06-14,EURUSD,198706.8
2016-06-15,EURUSD,206081.6
2016-06-16,EURUSD,264771.6
2016-06-17,EURUSD,199737.6
2016-06-19,EURUSD,15954.9
2016-06-20,EURUSD,238362.0
2016-06-21,EURUSD,218732.2
2016-06-22,EURUSD,228913.0
2016-06-23,EURUSD,264083.2
2016-06-24,EURUSD,340410.2
2016-06-26,EURUSD,22869.5
2016-06-27,EURUSD,293307.9
2016-06-28,EURUSD,241435.6
2016-06-29,EURUSD,244264.7
2016-06-30,EURUSD,276728.0
2016-07-01,EURUSD,218999.4
2016-07-03,EURUSD,8775.5
2016-07-04,EURUSD,155125.3
2016-07-05,EURUSD,215501.8
2016-07-06,EURUSD,239954.0
2016-07-07,EURUSD,202694.3
2016-07-08,EURUSD,191901.1
2016-07-10,EURUSD,12672.1
2016-07-11,EURUSD,192310.2
2016-07-12,EURUSD,221604.8
2016-07-13,EURUSD,227676.9
2016-07-14,EURUSD,242565.7
2016-07-15,EURUSD,217761.3
2016-07-17,EURUSD,13288.8
2016-07-18,EURUSD,177076.4
2016-07-19,EURUSD,204482.0
2016-07-20,EURUSD,676855.5
2016-07-21,EURUSD,1109066.4
2016-07-22,EURUSD,950224.3
2016-07-24,EURUSD,38246.5
2016-07-25,EURUSD,901409.3
2016-07-26,EURUSD,853359.2
2016-07-27,EURUSD,922284.1
2016-07-28,EURUSD,1100398.2
2016-07-29,EURUSD,1069913.1
2016-07-31,EURUSD,37988.2
2016-08-01,EURUSD,819024.4
2016-08-02,EURUSD,1022741.1
2016-08-03,EURUSD,897749.5
2016-08-04,EURUSD,957281.7
2016-08-05,EURUSD,846211.1
2016-08-07,EURUSD,31388.2
2016-08-08,EURUSD,785286.4
2016-08-09,EURUSD,828683.1
2016-08-10,EURUSD,897905.1
2016-08-11,EURUSD,776352.1
2016-08-12,EURUSD,736205.7
2016-08-14,EURUSD,31286.8
2016-08-15,EURUSD,755901.2
2016-08-16,EURUSD,880740.6
2016-08-17,EURUSD,803391.1
2016-08-18,EURUSD,839357.0
2016-08-19,EURUSD,736860.1
2016-08-21,EURUSD,61125.5
2016-08-22,EURUSD,1025027.8
2016-08-23,EURUSD,954660.9
2016-08-24,EURUSD,888467.6
2016-08-25,EURUSD,621790.5
2016-08-26,EURUSD,707485.2
2016-08-28,EURUSD,34177.4
2016-08-29,EURUSD,820302.8
2016-08-30,EURUSD,996209.8
2016-08-31,EURUSD,1098957.4
2016-09-01,EURUSD,1136568.1
2016-09-02,EURUSD,1075797.9
2016-09-04,EURUSD,39453.9
2016-09-05,EURUSD,781260.0
2016-09-06,EURUSD,1155938.9
2016-09-07,EURUSD,1046392.9
2016-09-08,EURUSD,1233327.1
2016-09-09,EURUSD,1152026.5
2016-09-11,EURUSD,62826.7
2016-09-12,EURUSD,1181446.6
2016-09-13,EURUSD,1169018.4
2016-09-14,EURUSD,1105472.5
2016-09-15,EURUSD,1063573.4
2016-09-16,EURUSD,1053947.0
2016-09-18,EURUSD,45994.8
2016-09-19,EURUSD,1147771.4
2016-09-20,EURUSD,1133500.6
2016-09-21,EURUSD,1286159.1
2016-09-22,EURUSD,1340682.4
2016-09-23,EURUSD,1157641.4
2016-09-25,EURUSD,69180.5
2016-09-26,EURUSD,1170617.8
2016-09-27,EURUSD,1230913.6
2016-09-28,EURUSD,1319076.9
2016-09-29,EURUSD,1377967.2
2016-09-30,EURUSD,1372345.2
2016-10-02,EURUSD,45308.4
2016-10-03,EURUSD,1000987.1
2016-10-04,EURUSD,1230517.0
2016-10-05,EURUSD,1134478.9
2016-10-06,EURUSD,1092857.9
2016-10-07,EURUSD,1223312.5
2016-10-09,EURUSD,49314.6
2016-10-10,EURUSD,980133.0
2016-10-11,EURUSD,1061786.6
2016-10-12,EURUSD,1116438.4
2016-10-13,EURUSD,1030775.4
2016-10-14,EURUSD,1072483.0
2016-10-16,EURUSD,35131.6
2016-10-17,EURUSD,1046412.0
2016-10-18,EURUSD,962075.5
2016-10-19,EURUSD,981921.8
2016-10-20,EURUSD,1015002.3
2016-10-21,EURUSD,951558.3
2016-10-23,EURUSD,42526.1
2016-10-24,EURUSD,491924.5
2016-10-25,EURUSD,193149.5
2016-10-26,EURUSD,190968.2
2016-10-27,EURUSD,181506.3
2016-10-28,EURUSD,189372.8
2016-10-30,EURUSD,8798.3
2016-10-31,EURUSD,178320.5
2016-11-01,EURUSD,221563.7
2016-11-02,EURUSD,242436.1
2016-11-03,EURUSD,253564.9
2016-11-04,EURUSD,217006.5
2016-11-06,EURUSD,12546.9
2016-11-07,EURUSD,224674.8
2016-11-08,EURUSD,211768.1
2016-11-09,EURUSD,432628.2
2016-11-10,EURUSD,313218.2
2016-11-11,EURUSD,288313.8
2016-11-13,EURUSD,13851.6
2016-11-14,EURUSD,365607.7
2016-11-15,EURUSD,299602.7
2016-11-16,EURUSD,284785.1
2016-11-17,EURUSD,247087.7
2016-11-18,EURUSD,260855.9
2016-11-20,EURUSD,8990.2
2016-11-21,EURUSD,235786.5
2016-11-22,EURUSD,219792.2
2016-11-23,EURUSD,220686.5
2016-11-24,EURUSD,185310.7
2016-11-25,EURUSD,213347.8
2016-11-27,EURUSD,6559.3
2016-11-28,EURUSD,232504.7
2016-11-29,EURUSD,226346.9
2016-11-30,EURUSD,280866.0
2016-12-01,EURUSD,278621.8
2016-12-02,EURUSD,247566.5
2016-12-04,EURUSD,24976.7
2016-12-05,EURUSD,307861.0
2016-12-06,EURUSD,218718.2
2016-12-07,EURUSD,173033.3
2016-12-08,EURUSD,246892.6
2016-12-09,EURUSD,196037.1
2016-12-11,EURUSD,6896.1
2016-12-12,EURUSD,222248.2
2016-12-13,EURUSD,209177.1
2016-12-14,EURUSD,229277.5
2016-12-15,EURUSD,283705.1
2016-12-16,EURUSD,210788.2
2016-12-18,EURUSD,8274.8
2016-12-19,EURUSD,185142.4
2016-12-20,EURUSD,187248.8
2016-12-21,EURUSD,175194.0
2016-12-22,EURUSD,168554.4
2016-12-23,EURUSD,113001.9
2016-12-25,EURUSD,2361.5
2016-12-26,EURUSD,106529.3
2016-12-27,EURUSD,103812.5
2016-12-28,EURUSD,154022.0
2016-12-29,EURUSD,179377.0
2016-12-30,EURUSD,199463.3
2017-01-01,EURUSD,352.9
2017-01-02,EURUSD,87951.0
2017-01-03,EURUSD,218296.0
2017-01-04,EURUSD,228092.5
2017-01-05,EURUSD,273330.3
2017-01-06,EURUSD,226026.7
2017-01-08,EURUSD,5515.1
2017-01-09,EURUSD,219645.7
2017-01-10,EURUSD,227707.0
2017-01-11,EURUSD,287661.6
2017-01-12,EURUSD,283076.3
2017-01-13,EURUSD,226614.9
2017-01-15,EURUSD,7140.4
2017-01-16,EURUSD,172454.9
2017-01-17,EURUSD,285585.6
2017-01-18,EURUSD,241426.3
2017-01-19,EURUSD,276319.2
2017-01-20,EURUSD,226792.2
2017-01-22,EURUSD,7218.8
2017-01-23,EURUSD,216129.0
2017-01-24,EURUSD,191667.1
2017-01-25,EURUSD,234112.1
2017-01-26,EURUSD,243428.8
2017-01-27,EURUSD,210667.6
2017-01-29,EURUSD,6971.0
2017-01-30,EURUSD,213101.0
2017-01-31,EURUSD,282938.4
2017-02-01,EURUSD,244017.0
2017-02-02,EURUSD,243318.6
2017-02-03,EURUSD,228892.2
2017-02-05,EURUSD,4076.3
2017-02-06,EURUSD,221177.6
2017-02-07,EURUSD,233002.3
2017-02-08,EURUSD,239400.0
2017-02-09,EURUSD,232668.3
2017-02-10,EURUSD,238342.0
2017-02-12,EURUSD,5510.5
2017-02-13,EURUSD,198618.7
2017-02-14,EURUSD,220040.6
2017-02-15,EURUSD,239541.8
2017-02-16,EURUSD,245245.1
2017-02-17,EURUSD,205934.2
2017-02-19,EURUSD,7770.9
2017-02-20,EURUSD,141470.8
2017-02-21,EURUSD,228481.8
2017-02-22,EURUSD,271603.7
2017-02-23,EURUSD,236701.5
2017-02-24,EURUSD,235293.3
2017-02-26,EURUSD,8392.8
2017-02-27,EURUSD,220285.8
2017-02-28,EURUSD,256796.2
2017-03-01,EURUSD,287665.8
2017-03-02,EURUSD,240914.4
2017-03-03,EURUSD,243485.6
2017-03-05,EURUSD,8411.4
2017-03-06,EURUSD,198254.4
2017-03-07,EURUSD,191883.3
2017-03-08,EURUSD,203950.2
2017-03-09,EURUSD,232016.7
2017-03-10,EURUSD,211630.2
2017-03-12,EURUSD,7112.4
2017-03-13,EURUSD,209422.8
2017-03-14,EURUSD,179929.8
2017-03-15,EURUSD,213836.5
2017-03-16,EURUSD,234024.4
2017-03-17,EURUSD,186534.6
2017-03-19,EURUSD,5330.2
2017-03-20,EURUSD,172443.6
2017-03-21,EURUSD,223229.9
2017-03-22,EURUSD,220300.1
2017-03-23,EURUSD,206665.7
2017-03-24,EURUSD,189625.2
2017-03-26,EURUSD,14647.5
2017-03-27,EURUSD,183535.5
2017-03-28,EURUSD,170513.8
2017-03-29,EURUSD,175207.5
2017-03-30,EURUSD,162005.5
2017-03-31,EURUSD,184913.2
2017-04-02,EURUSD,9205.4
2017-04-03,EURUSD,171156.7
2017-04-04,EURUSD,166734.9
2017-04-05,EURUSD,196366.4
2017-04-06,EURUSD,175015.7
2017-04-07,EURUSD,200702.3
2017-04-09,EURUSD,9477.5
2017-04-10,EURUSD,144021.0
2017-04-11,EURUSD,159921.3
2017-04-12,EURUSD,182292.0
2017-04-13,EURUSD,162037.8
2017-04-14,EURUSD,55741.2
2017-04-16,EURUSD,13667.9
2017-04-17,EURUSD,103395.7
2017-04-18,EURUSD,185533.8
2017-04-19,EURUSD,160022.1
2017-04-20,EURUSD,160190.2
2017-04-21,EURUSD,147990.4
2017-04-23,EURUSD,22281.2
2017-04-24,EURUSD,202361.0
2017-04-25,EURUSD,183851.9
2017-04-26,EURUSD,197836.1
2017-04-27,EURUSD,178829.9
2017-04-28,EURUSD,164071.5
2017-04-30,EURUSD,7522.4
2017-05-01,EURUSD,83181.5
2017-05-02,EURUSD,135614.8
2017-05-03,EURUSD,156201.8
2017-05-04,EURUSD,181629.7
2017-05-05,EURUSD,160752.3
2017-05-07,EURUSD,14719.5
2017-05-08,EURUSD,179271.9
2017-05-09,EURUSD,177103.8
2017-05-10,EURUSD,157513.9
2017-05-11,EURUSD,140819.3
2017-05-12,EURUSD,147972.7
2017-05-14,EURUSD,6705.2
2017-05-15,EURUSD,140243.9
2017-05-16,EURUSD,171232.8
2017-05-17,EURUSD,218651.1
2017-05-18,EURUSD,254772.3
2017-05-19,EURUSD,202951.0
2017-05-21,EURUSD,11924.6
2017-05-22,EURUSD,205206.8
2017-05-23,EURUSD,236312.2
2017-05-24,EURUSD,230591.8
2017-05-25,EURUSD,190652.1
2017-05-26,EURUSD,187076.5
2017-05-28,EURUSD,7786.6
2017-05-29,EURUSD,116821.2
2017-05-30,EURUSD,185376.3
2017-05-31,EURUSD,189057.5
2017-06-01,EURUSD,164043.5
2017-06-02,EURUSD,156989.5
2017-06-04,EURUSD,6740.6
2017-06-05,EURUSD,120699.0
2017-06-06,EURUSD,166759.7
2017-06-07,EURUSD,189120.0
2017-06-08,EURUSD,207401.8
2017-06-09,EURUSD,196106.1
2017-06-11,EURUSD,7735.8
2017-06-12,EURUSD,162194.8
2017-06-13,EURUSD,155648.2
2017-06-14,EURUSD,226322.0
2017-06-15,EURUSD,212904.9
2017-06-16,EURUSD,174222.1
2017-06-18,EURUSD,9083.7
2017-06-19,EURUSD,196995.1
2017-06-20,EURUSD,218941.3
2017-06-21,EURUSD,200566.7
2017-06-22,EURUSD,191424.4
2017-06-23,EURUSD,162553.6
2017-06-25,EURUSD,6135.2
2017-06-26,EURUSD,188727.0
2017-06-27,EURUSD,258372.0
2017-06-28,EURUSD,251067.3
2017-06-29,EURUSD,245479.3
2017-06-30,EURUSD,203137.5
2017-07-02,EURUSD,10473.1
2017-07-03,EURUSD,173833.4
2017-07-04,EURUSD,156219.6
2017-07-05,EURUSD,206856.9
2017-07-06,EURUSD,203986.9
2017-07-07,EURUSD,189153.2
2017-07-09,EURUSD,9004.8
2017-07-10,EURUSD,161247.0
2017-07-11,EURUSD,192940.2
2017-07-12,EURUSD,227687.2
2017-07-13,EURUSD,206374.5
2017-07-14,EURUSD,194309.7
2017-07-16,EURUSD,17420.6
2017-07-17,EURUSD,187573.7
2017-07-18,EURUSD,253599.3
2017-07-19,EURUSD,198068.6
2017-07-20,EURUSD,270658.9
2017-07-21,EURUSD,224099.8
2017-07-23,EURUSD,11264.6
2017-07-24,EURUSD,204672.0
2017-07-25,EURUSD,222419.8
2017-07-26,EURUSD,255288.3
2017-07-27,EURUSD,267153.8
2017-07-28,EURUSD,235716.0
2017-07-30,EURUSD,19254.3
2017-07-31,EURUSD,236965.0
2017-08-01,EURUSD,226683.6
2017-08-02,EURUSD,233360.8
2017-08-03,EURUSD,221491.6
2017-08-04,EURUSD,215737.0
2017-08-06,EURUSD,14147.7
2017-08-07,EURUSD,182387.7
2017-08-08,EURUSD,209521.7
2017-08-09,EURUSD,272394.6
2017-08-10,EURUSD,226661.1
2017-08-11,EURUSD,210383.7
2017-08-13,EURUSD,9096.9
2017-08-14,EURUSD,206699.6
2017-08-15,EURUSD,215642.3
2017-08-16,EURUSD,252333.6
2017-08-17,EURUSD,250161.2
2017-08-18,EURUSD,222360.3
2017-08-20,EURUSD,6801.4
2017-08-21,EURUSD,181794.8
2017-08-22,EURUSD,195984.8
2017-08-23,EURUSD,200061.2
2017-08-24,EURUSD,223049.7
2017-08-25,EURUSD,222870.9
2017-08-27,EURUSD,14828.8
2017-08-28,EURUSD,208934.0
2017-08-29,EURUSD,281300.8
2017-08-30,EURUSD,247062.8
2017-08-31,EURUSD,253635.2
2017-09-01,EURUSD,221325.2
2017-09-03,EURUSD,12465.0
2017-09-04,EURUSD,182154.0
2017-09-05,EURUSD,252912.6
2017-09-06,EURUSD,239993.5
2017-09-07,EURUSD,267627.1
2017-09-08,EURUSD,241975.2
2017-09-10,EURUSD,10294.3
2017-09-11,EURUSD,220636.9
2017-09-12,EURUSD,219421.0
2017-09-13,EURUSD,219132.3
2017-09-14,EURUSD,243548.4
2017-09-15,EURUSD,216911.1
2017-09-17,EURUSD,8915.4
2017-09-18,EURUSD,219049.8
2017-09-19,EURUSD,237453.1
2017-09-20,EURUSD,458076.4
2017-09-21,EURUSD,596993.1
2017-09-22,EURUSD,225252.4
2017-09-24,EURUSD,13654.3
2017-09-25,EURUSD,232913.0
2017-09-26,EURUSD,234192.6
2017-09-27,EURUSD,252951.0
2017-09-28,EURUSD,250893.2
2017-09-29,EURUSD,196230.2
2017-10-01,EURUSD,8763.9
2017-10-02,EURUSD,218487.8
2017-10-03,EURUSD,202565.5
2017-10-04,EURUSD,210086.4
2017-10-05,EURUSD,190971.3
2017-10-06,EURUSD,213892.2
2017-10-08,EURUSD,9578.4
2017-10-09,EURUSD,147124.0
2017-10-10,EURUSD,213520.1
2017-10-11,EURUSD,216780.9
2017-10-12,EURUSD,202787.5
2017-10-13,EURUSD,199617.9
2017-10-15,EURUSD,7022.1
2017-10-16,EURUSD,191054.2
2017-10-17,EURUSD,198611.1
2017-10-18,EURUSD,199544.8
2017-10-19,EURUSD,222417.5
2017-10-20,EURUSD,208817.7
2017-10-22,EURUSD,13263.1
2017-10-23,EURUSD,182440.9
2017-10-24,EURUSD,192348.7
2017-10-25,EURUSD,217868.7
2017-10-26,EURUSD,222254.1
2017-10-27,EURUSD,208479.6
2017-10-29,EURUSD,7551.3
2017-10-30,EURUSD,191081.9
2017-10-31,EURUSD,169713.2
2017-11-01,EURUSD,196258.2
2017-11-02,EURUSD,222217.7
2017-11-03,EURUSD,169342.2
2017-11-05,EURUSD,5818.4
2017-11-06,EURUSD,184127.3
2017-11-07,EURUSD,197382.8
2017-11-08,EURUSD,168407.6
2017-11-09,EURUSD,214302.6
2017-11-10,EURUSD,167773.7
2017-11-12,EURUSD,5708.5
2017-11-13,EURUSD,162501.8
2017-11-14,EURUSD,182637.6
2017-11-15,EURUSD,213275.5
2017-11-16,EURUSD,174470.8
2017-11-17,EURUSD,189217.9
2017-11-19,EURUSD,16111.2
2017-11-20,EURUSD,186928.3
2017-11-21,EURUSD,184422.1
2017-11-22,EURUSD,185656.6
2017-11-23,EURUSD,148633.9
2017-11-24,EURUSD,171776.5
2017-11-26,EURUSD,5771.2
2017-11-27,EURUSD,194033.6
2017-11-28,EURUSD,226569.1
2017-11-29,EURUSD,207759.6
2017-11-30,EURUSD,229025.0
2017-12-01,EURUSD,258102.5
2017-12-03,EURUSD,9407.6
2017-12-04,EURUSD,214967.2
2017-12-05,EURUSD,212470.5
2017-12-06,EURUSD,210895.0
2017-12-07,EURUSD,199774.0
2017-12-08,EURUSD,197008.1
2017-12-10,EURUSD,5048.2
2017-12-11,EURUSD,191002.5
2017-12-12,EURUSD,189870.1
2017-12-13,EURUSD,220791.0
2017-12-14,EURUSD,241295.3
2017-12-15,EURUSD,200470.3
2017-12-17,EURUSD,8501.3
2017-12-18,EURUSD,199837.2
2017-12-19,EURUSD,207806.7
2017-12-20,EURUSD,198896.2
2017-12-21,EURUSD,187995.5
2017-12-22,EURUSD,178403.8
2017-12-24,EURUSD,198.1
2017-12-25,EURUSD,9768.1
2017-12-26,EURUSD,105017.8
2017-12-27,EURUSD,180147.9
2017-12-28,EURUSD,175111.3
2017-12-29,EURUSD,171777.1
2019-01-01,EURUSD,11818.9
2019-01-02,EURUSD,455444.7
2019-01-03,EURUSD,494514.2
2019-01-04,EURUSD,403754.4
2019-01-06,EURUSD,12461.0
2019-01-07,EURUSD,362818.6
2019-01-08,EURUSD,373028.3
2019-01-09,EURUSD,464484.8
2019-01-10,EURUSD,501643.2
2019-01-11,EURUSD,369059.3
2019-01-13,EURUSD,8476.8
2019-01-14,EURUSD,347342.1
2019-01-15,EURUSD,427916.2
2019-01-16,EURUSD,373027.4
2019-01-17,EURUSD,380918.0
2019-01-18,EURUSD,383249.3
2019-01-20,EURUSD,7081.9
2019-01-21,EURUSD,237382.0
2019-01-22,EURUSD,365964.6
2019-01-23,EURUSD,378517.6
2019-01-24,EURUSD,436798.1
2019-01-25,EURUSD,421710.5
2019-01-27,EURUSD,7595.1
2019-01-28,EURUSD,354877.9
2019-01-29,EURUSD,424913.4
2019-01-30,EURUSD,431876.8
2019-01-31,EURUSD,477127.4
2019-02-01,EURUSD,398191.5
2019-02-03,EURUSD,6497.2
2019-02-04,EURUSD,367142.0
2019-02-05,EURUSD,331772.0
2019-02-06,EURUSD,350166.1
2019-02-07,EURUSD,375756.2
2019-02-08,EURUSD,330732.8
2019-02-10,EURUSD,8475.7
2019-02-11,EURUSD,378811.6
2019-02-12,EURUSD,404102.7
2019-02-13,EURUSD,380532.4
2019-02-14,EURUSD,416725.6
2019-02-15,EURUSD,428528.3
2019-02-17,EURUSD,8065.1
2019-02-18,EURUSD,264432.4
2019-02-19,EURUSD,408625.0
2019-02-20,EURUSD,393154.5
2019-02-21,EURUSD,444394.7
2019-02-22,EURUSD,385471.7
2019-02-24,EURUSD,10788.9
2019-02-25,EURUSD,368447.8
2019-02-26,EURUSD,417596.3
2019-02-27,EURUSD,422988.3
2019-02-28,EURUSD,457608.5
2019-03-01,EURUSD,405553.8
2019-03-03,EURUSD,10698.1
2019-03-04,EURUSD,406415.7
2019-03-05,EURUSD,394725.2
2019-03-06,EURUSD,322848.1
2019-03-07,EURUSD,390830.4
2019-03-08,EURUSD,374351.0
2019-03-10,EURUSD,7755.3
2019-03-11,EURUSD,323944.2
2019-03-12,EURUSD,320871.9
2019-03-13,EURUSD,305061.1
2019-03-14,EURUSD,328504.9
2019-03-15,EURUSD,289447.0
2019-03-17,EURUSD,6321.4
2019-03-18,EURUSD,256610.2
2019-03-19,EURUSD,272290.8
2019-03-20,EURUSD,367710.8
2019-03-21,EURUSD,355410.4
2019-03-22,EURUSD,402377.7
2019-03-24,EURUSD,8383.7
2019-03-25,EURUSD,341816.0
2019-03-26,EURUSD,336568.1
2019-03-27,EURUSD,422556.4
2019-03-28,EURUSD,426452.2
2019-03-29,EURUSD,424280.4
2019-03-31,EURUSD,10782.2
2019-04-01,EURUSD,414214.4
2019-04-02,EURUSD,437698.2
2019-04-03,EURUSD,464945.7
2019-04-04,EURUSD,382615.9
2019-04-05,EURUSD,331661.3
2019-04-07,EURUSD,7693.9
2019-04-08,EURUSD,386557.5
2019-04-09,EURUSD,384052.2
2019-04-10,EURUSD,433096.8
2019-04-11,EURUSD,382614.6
2019-04-12,EURUSD,401664.3
2019-04-14,EURUSD,10414.9
2019-04-15,EURUSD,376605.0
2019-04-16,EURUSD,478236.8
2019-04-17,EURUSD,394230.8
2019-04-18,EURUSD,411987.2
2019-04-19,EURUSD,106163.8
2019-04-21,EURUSD,6034.6
2019-04-22,EURUSD,184842.3
2019-04-23,EURUSD,366794.1
2019-04-24,EURUSD,396092.9
2019-04-25,EURUSD,346843.2
2019-04-26,EURUSD,341314.1
2019-04-28,EURUSD,8087.3
2019-04-29,EURUSD,285596.4
2019-04-30,EURUSD,320017.6
2019-05-01,EURUSD,243803.1
2019-05-02,EURUSD,302647.9
2019-05-03,EURUSD,332884.2
2019-05-05,EURUSD,20415.5
2019-05-06,EURUSD,307459.7
2019-05-07,EURUSD,342101.8
2019-05-08,EURUSD,370041.2
2019-05-09,EURUSD,410143.6
2019-05-10,EURUSD,366677.2
2019-05-12,EURUSD,10570.3
2019-05-13,EURUSD,330177.5
2019-05-14,EURUSD,312741.0
2019-05-15,EURUSD,344234.0
2019-05-16,EURUSD,330368.4
2019-05-17,EURUSD,348250.2
2019-05-19,EURUSD,9331.1
2019-05-20,EURUSD,305009.8
2019-05-21,EURUSD,333000.6
2019-05-22,EURUSD,286002.5
2019-05-23,EURUSD,368229.4
2019-05-24,EURUSD,308644.0
2019-05-26,EURUSD,8195.2
2019-05-27,EURUSD,192217.2
2019-05-28,EURUSD,306191.0
2019-05-29,EURUSD,354138.3
2019-05-30,EURUSD,300563.1
2019-05-31,EURUSD,412709.3
2019-06-02,EURUSD,11255.4
2019-06-03,EURUSD,373774.8
2019-06-04,EURUSD,410688.8
2019-06-05,EURUSD,399166.2
2019-06-06,EURUSD,363147.4
2019-06-07,EURUSD,347017.2
2019-06-09,EURUSD,10583.7
2019-06-10,EURUSD,319896.6
2019-06-11,EURUSD,358230.8
2019-06-12,EURUSD,374913.3
2019-06-13,EURUSD,353160.0
2019-06-14,EURUSD,344535.6
2019-06-16,EURUSD,9786.5
2019-06-17,EURUSD,244337.5
2019-06-18,EURUSD,389081.0
2019-06-19,EURUSD,323580.8
2019-06-20,EURUSD,428182.5
2019-06-21,EURUSD,407208.4
2019-06-23,EURUSD,12484.9
2019-06-24,EURUSD,295616.6
2019-06-25,EURUSD,392497.9
2019-06-26,EURUSD,341519.8
2019-06-27,EURUSD,305256.4
2019-06-28,EURUSD,276363.6
2019-06-30,EURUSD,12054.5
2019-07-01,EURUSD,303828.4
2019-07-02,EURUSD,265697.3
2019-07-03,EURUSD,261437.5
2019-07-04,EURUSD,139704.7
2019-07-05,EURUSD,258051.9
2019-07-07,EURUSD,8220.2
2019-07-08,EURUSD,213395.1
2019-07-09,EURUSD,215624.1
2019-07-10,EURUSD,278478.7
2019-07-11,EURUSD,283354.7
2019-07-12,EURUSD,253368.8
2019-07-14,EURUSD,7055.8
2019-07-15,EURUSD,213580.3
2019-07-16,EURUSD,259555.0
2019-07-17,EURUSD,224769.2
2019-07-18,EURUSD,316722.3
2019-07-19,EURUSD,282446.4
2019-07-21,EURUSD,9741.0
2019-07-22,EURUSD,227157.2
2019-07-23,EURUSD,268169.3
2019-07-24,EURUSD,271736.0
2019-07-25,EURUSD,359874.9
2019-07-26,EURUSD,260348.7
2019-07-28,EURUSD,5727.5
2019-07-29,EURUSD,232842.5
2019-07-30,EURUSD,277029.6
2019-07-31,EURUSD,355194.8
2019-08-01,EURUSD,467627.9
2019-08-02,EURUSD,464105.0
2019-08-04,EURUSD,12836.6
2019-08-05,EURUSD,476044.0
2019-08-06,EURUSD,417917.7
2019-08-07,EURUSD,451342.7
2019-08-08,EURUSD,340913.9
2019-08-09,EURUSD,284956.8
2019-08-11,EURUSD,7073.0
2019-08-12,EURUSD,319337.1
2019-08-13,EURUSD,377049.5
2019-08-14,EURUSD,345279.3
2019-08-15,EURUSD,416591.3
2019-08-16,EURUSD,239920.7
2019-08-18,EURUSD,7217.0
2019-08-19,EURUSD,198728.5
2019-08-20,EURUSD,202915.3
2019-08-21,EURUSD,170929.5
2019-08-22,EURUSD,215750.6
2019-08-23,EURUSD,234770.3
2019-08-25,EURUSD,15735.2
2019-08-26,EURUSD,276142.4
2019-08-27,EURUSD,211977.0
2019-08-28,EURUSD,211311.0
2019-08-29,EURUSD,208781.8
2019-08-30,EURUSD,165279.3
2019-09-01,EURUSD,3345.3
2019-09-02,EURUSD,46117.5
2019-09-03,EURUSD,134828.7
2019-09-04,EURUSD,161293.6
2019-09-05,EURUSD,173375.2
2019-09-06,EURUSD,155127.7
2019-09-08,EURUSD,3734.6
2019-09-09,EURUSD,134493.8
2019-09-10,EURUSD,131830.0
2019-09-11,EURUSD,127664.0
2019-09-12,EURUSD,201762.6
2019-09-13,EURUSD,159524.5
2019-09-15,EURUSD,5486.2
2019-09-16,EURUSD,142926.3
2019-09-17,EURUSD,170443.1
2019-09-18,EURUSD,157398.9
2019-09-19,EURUSD,198730.8
2019-09-20,EURUSD,173532.1
2019-09-22,EURUSD,4660.1
2019-09-23,EURUSD,178417.4
2019-09-24,EURUSD,183286.3
2019-09-25,EURUSD,196617.4
2019-09-26,EURUSD,191177.0
2019-09-27,EURUSD,176770.1
2019-09-29,EURUSD,3943.5
2019-09-30,EURUSD,175540.0
2019-10-01,EURUSD,214512.3
2019-10-02,EURUSD,200581.1
2019-10-03,EURUSD,219926.4
2019-10-04,EURUSD,184196.9
2019-10-06,EURUSD,4584.7
2019-10-07,EURUSD,167536.2
2019-10-08,EURUSD,217155.5
2019-10-09,EURUSD,185453.1
2019-10-10,EURUSD,230081.5
2019-10-11,EURUSD,245439.9
2019-10-13,EURUSD,6678.0
2019-10-14,EURUSD,155436.7
2019-10-15,EURUSD,223298.6
2019-10-16,EURUSD,232685.9
2019-10-17,EURUSD,223617.1
2019-10-18,EURUSD,140632.1
2019-10-20,EURUSD,6303.6
2019-10-21,EURUSD,124245.4
2019-10-22,EURUSD,125243.2
2019-10-23,EURUSD,112972.6
2019-10-24,EURUSD,149011.6
2019-10-25,EURUSD,100730.7
2019-10-27,EURUSD,3105.3
2019-10-28,EURUSD,106338.4
2019-10-29,EURUSD,122552.6
2019-10-30,EURUSD,137742.2
2019-10-31,EURUSD,149061.7
2019-11-01,EURUSD,126862.2
2019-11-03,EURUSD,1652.0
2019-11-04,EURUSD,109786.4
2019-11-05,EURUSD,152011.2
2019-11-06,EURUSD,124123.6
2019-11-07,EURUSD,155079.1
2019-11-08,EURUSD,116906.2
2019-11-10,EURUSD,1359.6
2019-11-11,EURUSD,86681.4
2019-11-12,EURUSD,120036.4
2019-11-13,EURUSD,121193.1
2019-11-14,EURUSD,116532.1
2019-11-15,EURUSD,109547.4
2019-11-17,EURUSD,3888.6
2019-11-18,EURUSD,112908.3
2019-11-19,EURUSD,109962.6
2019-11-20,EURUSD,129488.8
2019-11-21,EURUSD,126596.8
2019-11-22,EURUSD,176378.4
2019-11-24,EURUSD,3677.9
2019-11-25,EURUSD,115068.7
2019-11-26,EURUSD,111062.4
2019-11-27,EURUSD,117354.8
2019-11-28,EURUSD,74289.9
2019-11-29,EURUSD,101410.5
2019-12-01,EURUSD,2960.7
2019-12-02,EURUSD,133215.3
2019-12-03,EURUSD,129714.0
2019-12-04,EURUSD,151487.6
2019-12-05,EURUSD,123792.3
2019-12-06,EURUSD,120864.6
2019-12-08,EURUSD,1990.8
2019-12-09,EURUSD,109027.4
2019-12-10,EURUSD,129543.0
2019-12-11,EURUSD,144933.3
2019-12-12,EURUSD,192578.1
2019-12-13,EURUSD,211781.3
2019-12-15,EURUSD,4374.2
2019-12-16,EURUSD,151090.6
2019-12-17,EURUSD,151614.5
2019-12-18,EURUSD,146608.3
2019-12-19,EURUSD,157736.1
2019-12-20,EURUSD,130731.9
2019-12-22,EURUSD,2560.5
2019-12-23,EURUSD,108289.4
2019-12-24,EURUSD,80970.7
2019-12-25,EURUSD,4887.3
2019-12-26,EURUSD,52487.6
2019-12-27,EURUSD,124575.9
2019-12-29,EURUSD,3216.5
2019-12-30,EURUSD,130773.9
2019-12-31,EURUSD,107777.3
2020-01-01,EURUSD,2621.3
2020-01-02,EURUSD,487219.1
2020-01-03,EURUSD,177406.8
2020-01-05,EURUSD,4398.1
2020-01-06,EURUSD,139965.3
2020-01-07,EURUSD,155594.1
2020-01-08,EURUSD,195257.0
2020-01-09,EURUSD,142852.2
2020-01-10,EURUSD,126780.2
2020-01-12,EURUSD,1889.1
2020-01-13,EURUSD,121460.8
2020-01-14,EURUSD,137175.0
2020-01-15,EURUSD,149733.4
2020-01-16,EURUSD,132785.1
2020-01-17,EURUSD,123846.6
2020-01-19,EURUSD,3275.5
2020-01-20,EURUSD,97595.2
2020-01-21,EURUSD,133266.4
2020-01-22,EURUSD,134188.8
2020-01-23,EURUSD,170440.2
2020-01-24,EURUSD,123758.2
2020-01-26,EURUSD,10936.5
2020-01-27,EURUSD,126594.6
2020-01-28,EURUSD,122883.1
2020-01-29,EURUSD,122855.8
2020-01-30,EURUSD,143392.0
2020-01-31,EURUSD,141170.6
2020-02-02,EURUSD,4187.0
2020-02-03,EURUSD,134304.0
2020-02-04,EURUSD,113725.6
2020-02-05,EURUSD,122271.0
2020-02-06,EURUSD,102177.7
2020-02-07,EURUSD,130363.4
2020-02-09,EURUSD,3793.5
2020-02-10,EURUSD,103252.0
2020-02-11,EURUSD,96173.7
2020-02-12,EURUSD,252568.3
2020-02-13,EURUSD,336729.9
2020-02-14,EURUSD,118368.2
2020-02-16,EURUSD,3466.0
2020-02-17,EURUSD,74832.9
2020-02-18,EURUSD,131588.6
2020-02-19,EURUSD,105152.1
2020-02-20,EURUSD,154014.6
2020-02-21,EURUSD,187666.0
2020-02-23,EURUSD,7690.5
2020-02-24,EURUSD,174355.6
2020-02-25,EURUSD,183218.1
2020-02-26,EURUSD,188217.0
2020-02-27,EURUSD,216943.1
2020-02-28,EURUSD,247670.6
2020-03-01,EURUSD,7536.6
2020-03-02,EURUSD,247052.4
2020-03-03,EURUSD,214838.1
2020-03-04,EURUSD,163854.1
2020-03-05,EURUSD,194619.3
2020-03-06,EURUSD,236551.8
2020-03-08,EURUSD,17976.1
2020-03-09,EURUSD,291479.4
2020-03-10,EURUSD,263070.7
2020-03-11,EURUSD,198250.0
2020-03-12,EURUSD,262646.9
2020-03-13,EURUSD,229638.6
2020-03-15,EURUSD,30714.8
2020-03-16,EURUSD,278539.5
2020-03-17,EURUSD,277084.4
2020-03-18,EURUSD,323485.2
2020-03-19,EURUSD,299824.8
2020-03-20,EURUSD,470351.6
2020-03-22,EURUSD,36030.2
2020-03-23,EURUSD,443008.2
2020-03-24,EURUSD,343182.6
2020-03-25,EURUSD,296546.4
2020-03-26,EURUSD,281315.6
2020-03-27,EURUSD,250774.6
2020-03-29,EURUSD,8299.9
2020-03-30,EURUSD,193380.0
2020-03-31,EURUSD,319580.6
2020-04-01,EURUSD,272233.6
2020-04-02,EURUSD,293209.6
2020-04-03,EURUSD,264082.2
2020-04-05,EURUSD,23173.3
2020-04-06,EURUSD,274564.6
2020-04-07,EURUSD,281112.8
2020-04-08,EURUSD,231765.5
2020-04-09,EURUSD,263058.2
2020-04-10,EURUSD,143841.0
2020-04-12,EURUSD,7181.1
2020-04-13,EURUSD,164628.5
2020-04-14,EURUSD,226846.3
2020-04-15,EURUSD,241940.0
2020-04-16,EURUSD,281466.8
2020-04-17,EURUSD,249748.1
2020-04-19,EURUSD,7584.6
2020-04-20,EURUSD,209651.7
2020-04-21,EURUSD,265106.0
2020-04-22,EURUSD,216287.7
2020-04-23,EURUSD,279998.6
2020-04-24,EURUSD,228532.4
2020-04-26,EURUSD,5396.7
2020-04-27,EURUSD,208270.6
2020-04-28,EURUSD,211896.2
2020-04-29,EURUSD,215394.3
2020-04-30,EURUSD,291724.5
2020-05-01,EURUSD,184960.0
2020-05-03,EURUSD,10641.8
2020-05-04,EURUSD,214135.9
2020-05-05,EURUSD,236417.5
2020-05-06,EURUSD,241116.2
2020-05-07,EURUSD,233085.6
2020-05-08,EURUSD,163403.4
2020-05-10,EURUSD,8709.2
2020-05-11,EURUSD,212806.2
2020-05-12,EURUSD,207027.5
2020-05-13,EURUSD,228996.5
2020-05-14,EURUSD,213993.2
2020-05-15,EURUSD,198840.1
2020-05-17,EURUSD,6917.0
2020-05-18,EURUSD,204151.9
2020-05-19,EURUSD,247821.1
2020-05-20,EURUSD,211258.4
2020-05-21,EURUSD,175874.3
2020-05-22,EURUSD,156656.8
2020-05-24,EURUSD,4079.3
2020-05-25,EURUSD,98776.0
2020-05-26,EURUSD,207536.3
2020-05-27,EURUSD,319490.6
2020-05-28,EURUSD,231205.2
2020-05-29,EURUSD,373017.4
2020-05-31,EURUSD,9217.5
2020-06-01,EURUSD,240616.1
2020-06-02,EURUSD,276683.5
2020-06-03,EURUSD,242084.6
2020-06-04,EURUSD,275772.8
2020-06-05,EURUSD,263541.6
2020-06-07,EURUSD,6413.0
2020-06-08,EURUSD,199303.5
2020-06-09,EURUSD,237762.3
2020-06-10,EURUSD,252826.7
2020-06-11,EURUSD,306096.3
2020-06-12,EURUSD,296425.8
2020-06-14,EURUSD,17507.6
2020-06-15,EURUSD,281658.1
2020-06-16,EURUSD,237631.7
2020-06-17,EURUSD,248307.2
2020-06-18,EURUSD,234913.5
2020-06-19,EURUSD,232203.7
2020-06-21,EURUSD,6131.2
2020-06-22,EURUSD,184243.8
2020-06-23,EURUSD,233937.1
2020-06-24,EURUSD,231619.3
2020-06-25,EURUSD,240800.4
2020-06-26,EURUSD,162424.9
2020-06-28,EURUSD,5271.8
2020-06-29,EURUSD,181085.5
2020-06-30,EURUSD,194383.6
2020-07-01,EURUSD,189129.5
2020-07-02,EURUSD,183464.5
2020-07-03,EURUSD,140495.3
2020-07-05,EURUSD,2507.9
2020-07-06,EURUSD,145664.6
2020-07-07,EURUSD,162703.4
2020-07-08,EURUSD,163826.3
2020-07-09,EURUSD,195471.5
2020-07-10,EURUSD,178134.7
2020-07-12,EURUSD,5807.6
2020-07-13,EURUSD,248162.7
2020-07-14,EURUSD,354217.2
2020-07-15,EURUSD,303168.7
2020-07-16,EURUSD,293660.7
2020-07-17,EURUSD,168987.2
2020-07-19,EURUSD,7678.6
2020-07-20,EURUSD,284703.9
2020-07-21,EURUSD,385745.0
2020-07-22,EURUSD,468570.8
2020-07-23,EURUSD,357357.4
2020-07-24,EURUSD,407293.2
2020-07-26,EURUSD,16069.1
2020-07-27,EURUSD,338699.4
2020-07-28,EURUSD,336526.2
2020-07-29,EURUSD,341900.2
2020-07-30,EURUSD,354825.1
2020-07-31,EURUSD,553539.4
2020-08-02,EURUSD,7695.7
2020-08-03,EURUSD,312773.7
2020-08-04,EURUSD,449648.8
2020-08-05,EURUSD,1039918.4
2020-08-06,EURUSD,1280256.9
2020-08-07,EURUSD,430356.4
2020-08-09,EURUSD,7007.5
2020-08-10,EURUSD,299071.0
2020-08-11,EURUSD,587871.1
2020-08-12,EURUSD,625327.2
2020-08-13,EURUSD,453052.6
2020-08-14,EURUSD,329642.9
2020-08-16,EURUSD,3805.9
2020-08-17,EURUSD,302891.2
2020-08-18,EURUSD,326668.8
2020-08-19,EURUSD,530337.5
2020-08-20,EURUSD,426169.5
2020-08-21,EURUSD,382701.1
2020-08-23,EURUSD,6345.9
2020-08-24,EURUSD,214786.5
2020-08-25,EURUSD,421864.8
2020-08-26,EURUSD,274338.5
2020-08-27,EURUSD,467429.7
2020-08-28,EURUSD,567104.0
2020-08-30,EURUSD,8330.4
2020-08-31,EURUSD,995787.6
2020-09-01,EURUSD,376195.3
2020-09-02,EURUSD,739082.4
2020-09-03,EURUSD,892492.1
2020-09-04,EURUSD,952444.8
2020-09-06,EURUSD,15545.4
2020-09-07,EURUSD,471436.9
2020-09-08,EURUSD,908454.1
2020-09-09,EURUSD,842865.6
2020-09-10,EURUSD,1083338.9
2020-09-11,EURUSD,905062.6
2020-09-13,EURUSD,20594.7
2020-09-14,EURUSD,900788.2
2020-09-15,EURUSD,893130.9
2020-09-16,EURUSD,998102.4
2020-09-17,EURUSD,1401776.2
2020-09-18,EURUSD,1078640.8
2020-09-20,EURUSD,29085.2
2020-09-21,EURUSD,1312995.0
2020-09-22,EURUSD,1027230.4
2020-09-23,EURUSD,1089493.4
2020-09-24,EURUSD,1080750.6
2020-09-25,EURUSD,973123.5
2020-09-27,EURUSD,14362.1
2020-09-28,EURUSD,1029113.0
2020-09-29,EURUSD,978153.1
2020-09-30,EURUSD,1342323.5
2020-10-01,EURUSD,1320011.9
2020-10-02,EURUSD,1382583.6
2020-10-04,EURUSD,34534.8
2020-10-05,EURUSD,1035147.6
2020-10-06,EURUSD,1216189.8
2020-10-07,EURUSD,1176356.8
2020-10-08,EURUSD,1112885.1
2020-10-09,EURUSD,1032612.1
2020-10-11,EURUSD,28732.0
2020-10-12,EURUSD,950505.9
2020-10-13,EURUSD,1201636.0
2020-10-14,EURUSD,1142140.0
2020-10-15,EURUSD,1050044.2
2020-10-16,EURUSD,929525.0
2020-10-18,EURUSD,8770.7
2020-10-19,EURUSD,689669.1
2020-10-20,EURUSD,811250.2
2020-10-21,EURUSD,948227.5
2020-10-22,EURUSD,932241.1
2020-10-23,EURUSD,878053.4
2020-10-25,EURUSD,21793.5
2020-10-26,EURUSD,845757.1
2020-10-27,EURUSD,813994.7
2020-10-28,EURUSD,1028901.3
2020-10-29,EURUSD,779715.2
2020-10-30,EURUSD,900537.8
2020-11-01,EURUSD,10966.5
2020-11-02,EURUSD,827466.1
2020-11-03,EURUSD,660774.1
2020-11-04,EURUSD,1295234.2
2020-11-05,EURUSD,954521.8
2020-11-06,EURUSD,499431.9
2020-11-08,EURUSD,11420.8
2020-11-09,EURUSD,695880.1
2020-11-10,EURUSD,627024.1
2020-11-11,EURUSD,422665.6
2020-11-12,EURUSD,454094.2
2020-11-13,EURUSD,378814.1
2020-11-15,EURUSD,9468.0
2020-11-16,EURUSD,388646.6
2020-11-17,EURUSD,335326.4
2020-11-18,EURUSD,358176.2
2020-11-19,EURUSD,416513.1
2020-11-20,EURUSD,386941.2
2020-11-22,EURUSD,7551.2
2020-11-23,EURUSD,375071.4
2020-11-24,EURUSD,450084.2
2020-11-25,EURUSD,434675.1
2020-11-26,EURUSD,310782.6
2020-11-27,EURUSD,294690.3
2020-11-29,EURUSD,5691.5
2020-11-30,EURUSD,427702.0
2020-12-01,EURUSD,329924.8
2020-12-02,EURUSD,356276.8
2020-12-03,EURUSD,370341.1
2020-12-04,EURUSD,419231.5
2020-12-06,EURUSD,7098.8
2020-12-07,EURUSD,401999.9
2020-12-08,EURUSD,342799.9
2020-12-09,EURUSD,239315.7
2020-12-10,EURUSD,236014.0
2020-12-11,EURUSD,192929.0
2020-12-13,EURUSD,5046.0
2020-12-14,EURUSD,160627.8
2020-12-15,EURUSD,143307.2
2020-12-16,EURUSD,173026.9
2020-12-17,EURUSD,169625.5
2020-12-18,EURUSD,159228.8
2020-12-20,EURUSD,5809.9
2020-12-21,EURUSD,232228.6
2020-12-22,EURUSD,203051.0
2020-12-23,EURUSD,186474.3
2020-12-24,EURUSD,150064.4
2020-12-25,EURUSD,3922.0
2020-12-27,EURUSD,6146.8
2020-12-28,EURUSD,137271.6
2020-12-29,EURUSD,152109.0
2020-12-30,EURUSD,157635.7
2020-12-31,EURUSD,162429.7
2021-01-03,EURUSD,6989.5
2021-01-04,EURUSD,244606.3
2021-01-05,EURUSD,193568.3
2021-01-06,EURUSD,269830.5
2021-01-07,EURUSD,195084.5
2021-01-08,EURUSD,235964.6
2021-01-10,EURUSD,15988.9
2021-01-11,EURUSD,185504.9
2021-01-12,EURUSD,157612.4
2021-01-13,EURUSD,172759.1
2021-01-14,EURUSD,194298.4
2021-01-15,EURUSD,164729.7
2021-01-17,EURUSD,5839.7
2021-01-18,EURUSD,119422.2
2021-01-19,EURUSD,178228.7
2021-01-20,EURUSD,168179.9
2021-01-21,EURUSD,164673.7
2021-01-22,EURUSD,139074.3
2021-01-24,EURUSD,4778.5
2021-01-25,EURUSD,162031.4
2021-01-26,EURUSD,146230.4
2021-01-27,EURUSD,202691.5
2021-01-28,EURUSD,198588.1
2021-01-29,EURUSD,191330.8
2021-01-31,EURUSD,6872.5
2021-02-01,EURUSD,165569.8
2021-02-02,EURUSD,147916.5
2021-02-03,EURUSD,119397.1
2021-02-04,EURUSD,123758.4
2021-02-05,EURUSD,120889.9
2021-02-07,EURUSD,15699.0
2021-02-08,EURUSD,104199.0
2021-02-09,EURUSD,133499.0
2021-02-10,EURUSD,129989.8
2021-02-11,EURUSD,88196.3
2021-02-12,EURUSD,81669.8
2021-02-14,EURUSD,3240.7
2021-02-15,EURUSD,67330.5
2021-02-16,EURUSD,122475.1
2021-02-17,EURUSD,127748.6
2021-02-18,EURUSD,118499.3
2021-02-19,EURUSD,118567.0
2021-02-21,EURUSD,5489.6
2021-02-22,EURUSD,133388.4
2021-02-23,EURUSD,123305.6
2021-02-24,EURUSD,161180.1
2021-02-25,EURUSD,235388.8
2021-02-26,EURUSD,305265.8
2021-02-28,EURUSD,8260.4
2021-03-01,EURUSD,153278.2
2021-03-02,EURUSD,162621.9
2021-03-03,EURUSD,182492.7
2021-03-04,EURUSD,215954.6
2021-03-05,EURUSD,242281.4
2021-03-07,EURUSD,6671.1
2021-03-08,EURUSD,184844.2
2021-03-09,EURUSD,167708.7
2021-03-10,EURUSD,153883.5
2021-03-11,EURUSD,153547.8
2021-03-12,EURUSD,152736.0
2021-03-14,EURUSD,6577.0
2021-03-15,EURUSD,121796.1
2021-03-16,EURUSD,127974.6
2021-03-17,EURUSD,137365.6
2021-03-18,EURUSD,178340.1
2021-03-19,EURUSD,135306.3
2021-03-21,EURUSD,7679.5
2021-03-22,EURUSD,113512.6
2021-03-23,EURUSD,123346.5
2021-03-24,EURUSD,126095.4
2021-03-25,EURUSD,137243.3
2021-03-26,EURUSD,94770.2
2021-03-28,EURUSD,3732.0
2021-03-29,EURUSD,107822.3
2021-03-30,EURUSD,101727.8
2021-03-31,EURUSD,108988.6
2021-04-01,EURUSD,100309.9
2021-04-02,EURUSD,70427.4
2021-04-04,EURUSD,5377.9
2021-04-05,EURUSD,60542.0
2021-04-06,EURUSD,92598.9
2021-04-07,EURUSD,94196.9
2021-04-08,EURUSD,88307.4
2021-04-09,EURUSD,83829.3
2021-04-11,EURUSD,3354.4
2021-04-12,EURUSD,79048.4
2021-04-13,EURUSD,99118.3
2021-04-14,EURUSD,94040.1
2021-04-15,EURUSD,88820.2
2021-04-16,EURUSD,76098.2
2021-04-18,EURUSD,3320.7
2021-04-19,EURUSD,97833.8
2021-04-20,EURUSD,97173.2
2021-04-21,EURUSD,85542.4
2021-04-22,EURUSD,106768.8
2021-04-23,EURUSD,80323.6
2021-04-25,EURUSD,3822.7
2021-04-26,EURUSD,79990.1
2021-04-27,EURUSD,81974.4
2021-04-28,EURUSD,104873.5
2021-04-29,EURUSD,99067.9
2021-04-30,EURUSD,97894.5
2021-05-02,EURUSD,2660.9
2021-05-03,EURUSD,81052.3
2021-05-04,EURUSD,108198.1
2021-05-05,EURUSD,83296.6
2021-05-06,EURUSD,94613.5
2021-05-07,EURUSD,128365.7
2021-05-09,EURUSD,5874.6
2021-05-10,EURUSD,99020.8
2021-05-11,EURUSD,104612.2
2021-05-12,EURUSD,164454.9
2021-05-13,EURUSD,123832.7
2021-05-14,EURUSD,97519.6
2021-05-16,EURUSD,2788.8
2021-05-17,EURUSD,81134.4
2021-05-18,EURUSD,95033.8
2021-05-19,EURUSD,122026.2
2021-05-20,EURUSD,91295.3
2021-05-21,EURUSD,95459.7
2021-05-23,EURUSD,4772.3
2021-05-24,EURUSD,79873.0
2021-05-25,EURUSD,96703.5
2021-05-26,EURUSD,90989.7
2021-05-27,EURUSD,86079.3
2021-05-28,EURUSD,95929.7
2021-05-30,EURUSD,2690.4
2021-05-31,EURUSD,58569.9
2021-06-01,EURUSD,81726.6
2021-06-02,EURUSD,77789.7
2021-06-03,EURUSD,97645.1
2021-06-04,EURUSD,91499.6
2021-06-06,EURUSD,2331.7
2021-06-07,EURUSD,56767.0
2021-06-08,EURUSD,76115.2
2021-06-09,EURUSD,53522.6
2021-06-10,EURUSD,114796.3
2021-06-11,EURUSD,76244.2
2021-06-13,EURUSD,3083.8
2021-06-14,EURUSD,56985.0
2021-06-15,EURUSD,69731.5
2021-06-16,EURUSD,120454.3
2021-06-17,EURUSD,137577.7
2021-06-18,EURUSD,137533.9
2021-06-20,EURUSD,6660.1
2021-06-21,EURUSD,111964.7
2021-06-22,EURUSD,90359.8
2021-06-23,EURUSD,89353.6
2021-06-24,EURUSD,81788.2
2021-06-25,EURUSD,73314.3
2021-06-27,EURUSD,2960.9
2021-06-28,EURUSD,82983.5
2021-06-29,EURUSD,87514.9
2021-06-30,EURUSD,98200.9
2021-07-01,EURUSD,97891.4
2021-07-02,EURUSD,93312.3
2021-07-04,EURUSD,4983.1
2021-07-05,EURUSD,59904.3
2021-07-06,EURUSD,98055.2
2021-07-07,EURUSD,98325.7
2021-07-08,EURUSD,137221.5
2021-07-09,EURUSD,95232.4
2021-07-11,EURUSD,4242.3
2021-07-12,EURUSD,75972.6
2021-07-13,EURUSD,92556.3
2021-07-14,EURUSD,80246.9
2021-07-15,EURUSD,79818.1
2021-07-16,EURUSD,71386.3
2021-07-18,EURUSD,2502.5
2021-07-19,EURUSD,103838.7
2021-07-20,EURUSD,104204.0
2021-07-21,EURUSD,78190.7
2021-07-22,EURUSD,115912.6
2021-07-23,EURUSD,66091.6
2021-07-25,EURUSD,1805.4
2021-07-26,EURUSD,74770.2
2021-07-27,EURUSD,70108.3
2021-07-28,EURUSD,95631.1
2021-07-29,EURUSD,65088.6
2021-07-30,EURUSD,78399.0
2021-08-01,EURUSD,1640.0
2021-08-02,EURUSD,65757.1
2021-08-03,EURUSD,60676.2
2021-08-04,EURUSD,59235.2
2021-08-05,EURUSD,52814.7
2021-08-06,EURUSD,55120.8
2021-08-08,EURUSD,6173.8
2021-08-09,EURUSD,48502.5
2021-08-10,EURUSD,75410.5
2021-08-11,EURUSD,61035.4
2021-08-12,EURUSD,45681.2
2021-08-13,EURUSD,42818.6
2021-08-15,EURUSD,2797.2
2021-08-16,EURUSD,43659.3
2021-08-17,EURUSD,59330.9
2021-08-18,EURUSD,59219.2
2021-08-19,EURUSD,63221.8
2021-08-20,EURUSD,50357.2
2021-08-22,EURUSD,3915.9
2021-08-23,EURUSD,55611.0
2021-08-24,EURUSD,47142.5
2021-08-25,EURUSD,59247.8
2021-08-26,EURUSD,64898.5
2021-08-27,EURUSD,90960.8
2021-08-29,EURUSD,1418.3
2021-08-30,EURUSD,54548.6
2021-08-31,EURUSD,66283.8
2021-09-01,EURUSD,63143.9
2021-09-02,EURUSD,49871.0
2021-09-03,EURUSD,71338.2
2021-09-05,EURUSD,1582.2
2021-09-06,EURUSD,41182.9
2021-09-07,EURUSD,68103.2
2021-09-08,EURUSD,77623.4
2021-09-09,EURUSD,81298.7
2021-09-10,EURUSD,64082.7
2021-09-12,EURUSD,1815.2
2021-09-13,EURUSD,59781.9
2021-09-14,EURUSD,70351.1
2021-09-15,EURUSD,68102.1
2021-09-16,EURUSD,67633.6
2021-09-17,EURUSD,69247.3
2021-09-19,EURUSD,1296.6
2021-09-20,EURUSD,85294.3
2021-09-21,EURUSD,69831.6
2021-09-22,EURUSD,84003.4
2021-09-23,EURUSD,79458.5
2021-09-24,EURUSD,56256.0
2021-09-26,EURUSD,4061.7
2021-09-27,EURUSD,110006.0
2021-09-28,EURUSD,115357.9
2021-09-29,EURUSD,108726.1
2021-09-30,EURUSD,101703.3
2021-10-01,EURUSD,88879.7
2021-10-03,EURUSD,3242.2
2021-10-04,EURUSD,75420.3
2021-10-05,EURUSD,71096.9
2021-10-06,EURUSD,90764.9
2021-10-07,EURUSD,57539.7
2021-10-08,EURUSD,68511.0
2021-10-10,EURUSD,2478.4
2021-10-11,EURUSD,54960.9
2021-10-12,EURUSD,64930.8
2021-10-13,EURUSD,77197.1
2021-10-14,EURUSD,94220.0
2021-10-15,EURUSD,90915.5
2021-10-17,EURUSD,3638.6
2021-10-18,EURUSD,69977.2
2021-10-19,EURUSD,60866.7
2021-10-20,EURUSD,62795.4
2021-10-21,EURUSD,74249.4
2021-10-22,EURUSD,107175.4
2021-10-24,EURUSD,1844.4
2021-10-25,EURUSD,74192.5
2021-10-26,EURUSD,66809.7
2021-10-27,EURUSD,77705.9
2021-10-28,EURUSD,108857.0
2021-10-29,EURUSD,96377.1
2021-10-31,EURUSD,2837.0
2021-11-01,EURUSD,76937.8
2021-11-02,EURUSD,69798.2
2021-11-03,EURUSD,100237.8
2021-11-04,EURUSD,85742.4
2021-11-05,EURUSD,90782.6
2021-11-07,EURUSD,7957.8
2021-11-08,EURUSD,57902.2
2021-11-09,EURUSD,68639.0
2021-11-10,EURUSD,101928.2
2021-11-11,EURUSD,68505.2
2021-11-12,EURUSD,68731.9
2021-11-14,EURUSD,1091.2
2021-11-15,EURUSD,77609.4
2021-11-16,EURUSD,90616.2
2021-11-17,EURUSD,84537.8
2021-11-18,EURUSD,79078.5
2021-11-19,EURUSD,115105.5
2021-11-21,EURUSD,2796.0
2021-11-22,EURUSD,96423.7
2021-11-23,EURUSD,95128.7
2021-11-24,EURUSD,100446.5
2021-11-25,EURUSD,52743.1
2021-11-26,EURUSD,135978.0
2021-11-28,EURUSD,7123.9
2021-11-29,EURUSD,97295.0
2021-11-30,EURUSD,162822.8
2021-12-01,EURUSD,116508.0
2021-12-02,EURUSD,86957.3
2021-12-03,EURUSD,120087.5
2021-12-05,EURUSD,4161.6
2021-12-06,EURUSD,74957.9
2021-12-07,EURUSD,69268.9
2021-12-08,EURUSD,86371.8
2021-12-09,EURUSD,60460.8
2021-12-10,EURUSD,72798.0
2021-12-12,EURUSD,2021.2
2021-12-13,EURUSD,71885.4
2021-12-14,EURUSD,79117.4
2021-12-15,EURUSD,114363.5
2021-12-16,EURUSD,81915.0
2021-12-17,EURUSD,71973.5
2021-12-19,EURUSD,1881.9
2021-12-20,EURUSD,69729.6
2021-12-21,EURUSD,62656.8
2021-12-22,EURUSD,62054.8
2021-12-23,EURUSD,67964.1
2021-12-24,EURUSD,192166.6
2021-12-26,EURUSD,2786.5
2021-12-27,EURUSD,38860.4
2021-12-28,EURUSD,44411.8
2021-12-29,EURUSD,66789.9
2021-12-30,EURUSD,55366.1
2021-12-31,EURUSD,48312.1
2022-01-02,EURUSD,2816.4
2022-01-03,EURUSD,83782.2
2022-01-04,EURUSD,101693.6
2022-01-05,EURUSD,97800.4
2022-01-06,EURUSD,108688.5
2022-01-07,EURUSD,83255.7
2022-01-09,EURUSD,4986.1
2022-01-10,EURUSD,88736.6
2022-01-11,EURUSD,67545.0
2022-01-12,EURUSD,79072.8
2022-01-13,EURUSD,72076.2
2022-01-14,EURUSD,75134.1
2022-01-16,EURUSD,2648.6
2022-01-17,EURUSD,48767.3
2022-01-18,EURUSD,89386.6
2022-01-19,EURUSD,71207.8
2022-01-20,EURUSD,76293.3
2022-01-21,EURUSD,70294.9
2022-01-23,EURUSD,3555.8
2022-01-24,EURUSD,101149.5
2022-01-25,EURUSD,82894.3
2022-01-26,EURUSD,103115.9
2022-01-27,EURUSD,107559.7
2022-01-28,EURUSD,107494.8
2022-01-30,EURUSD,2783.2
2022-01-31,EURUSD,97010.8
2022-02-01,EURUSD,86148.9
2022-02-02,EURUSD,69272.7
2022-02-03,EURUSD,130913.5
2022-02-04,EURUSD,104207.6
2022-02-06,EURUSD,2999.4
2022-02-07,EURUSD,89963.9
2022-02-08,EURUSD,76737.5
2022-02-09,EURUSD,67298.5
2022-02-10,EURUSD,119376.7
2022-02-11,EURUSD,131908.0
2022-02-13,EURUSD,11039.2
2022-02-14,EURUSD,119558.1
2022-02-15,EURUSD,93222.8
2022-02-16,EURUSD,86250.1
2022-02-17,EURUSD,120507.2
2022-02-18,EURUSD,84897.6
2022-02-20,EURUSD,4043.8
2022-02-21,EURUSD,78902.2
2022-02-22,EURUSD,110971.4
2022-02-23,EURUSD,70139.3
2022-02-24,EURUSD,224361.5
2022-02-25,EURUSD,142601.2
2022-02-27,EURUSD,27451.5
2022-02-28,EURUSD,172332.2
2022-03-01,EURUSD,142121.0
2022-03-02,EURUSD,167074.2
2022-03-03,EURUSD,108914.7
2022-03-04,EURUSD,160056.4
2022-03-06,EURUSD,11048.0
2022-03-07,EURUSD,240241.0
2022-03-08,EURUSD,204118.2
2022-03-09,EURUSD,137082.8
2022-03-10,EURUSD,176460.1
2022-03-11,EURUSD,170900.3
2022-03-13,EURUSD,10330.4
2022-03-14,EURUSD,193947.2
2022-03-15,EURUSD,230290.8
2022-03-16,EURUSD,247695.1
2022-03-17,EURUSD,156209.2
2022-03-18,EURUSD,158708.8
2022-03-20,EURUSD,7806.1
2022-03-21,EURUSD,147074.5
2022-03-22,EURUSD,216645.3
2022-03-23,EURUSD,154713.3
2022-03-24,EURUSD,169420.3
2022-03-25,EURUSD,200813.5
2022-03-27,EURUSD,11802.1
2022-03-28,EURUSD,206053.0
2022-03-29,EURUSD,271959.4
2022-03-30,EURUSD,275576.2
2022-03-31,EURUSD,186689.7
2022-04-01,EURUSD,185489.5
2022-04-03,EURUSD,3377.1
2022-04-04,EURUSD,91184.0
2022-04-05,EURUSD,84877.6
2022-04-06,EURUSD,131970.3
2022-04-07,EURUSD,183585.4
2022-04-08,EURUSD,114940.6
2022-04-10,EURUSD,10484.0
2022-04-11,EURUSD,133205.6
2022-04-12,EURUSD,232661.5
2022-04-13,EURUSD,219749.3
2022-04-14,EURUSD,290588.9
2022-04-15,EURUSD,146622.3
2022-04-17,EURUSD,18369.9
2022-04-18,EURUSD,146901.8
2022-04-19,EURUSD,191619.3
2022-04-20,EURUSD,157752.5
2022-04-21,EURUSD,245183.4
2022-04-22,EURUSD,212066.5
2022-04-24,EURUSD,13955.4
2022-04-25,EURUSD,287526.3
2022-04-26,EURUSD,228762.0
2022-04-27,EURUSD,252843.8
2022-04-28,EURUSD,273854.3
2022-04-29,EURUSD,218584.7
2022-05-01,EURUSD,22358.0
2022-05-02,EURUSD,249807.1
2022-05-03,EURUSD,218568.3
2022-05-04,EURUSD,310246.9
2022-05-05,EURUSD,319134.7
2022-05-06,EURUSD,379182.1
2022-05-08,EURUSD,12168.6
2022-05-09,EURUSD,248349.2
2022-05-10,EURUSD,229402.9
2022-05-11,EURUSD,321295.3
2022-05-12,EURUSD,352489.1
2022-05-13,EURUSD,146726.0
2022-05-15,EURUSD,15217.9
2022-05-16,EURUSD,194208.2
2022-05-17,EURUSD,237872.2
2022-05-18,EURUSD,143223.4
2022-05-19,EURUSD,271508.5
2022-05-20,EURUSD,178569.5
2022-05-22,EURUSD,17368.4
2022-05-23,EURUSD,217196.8
2022-05-24,EURUSD,162452.2
2022-05-25,EURUSD,180347.0
2022-05-26,EURUSD,154686.5
2022-05-27,EURUSD,131310.9
2022-05-29,EURUSD,8193.3
2022-05-30,EURUSD,135166.8
2022-05-31,EURUSD,242933.9
2022-06-01,EURUSD,174077.8
2022-06-02,EURUSD,125109.2
2022-06-03,EURUSD,105040.3
2022-06-05,EURUSD,8368.7
2022-06-06,EURUSD,121397.8
2022-06-07,EURUSD,171174.5
2022-06-08,EURUSD,149952.7
2022-06-09,EURUSD,244857.2
2022-06-10,EURUSD,182108.1
2022-06-12,EURUSD,29200.0
2022-06-13,EURUSD,267660.4
2022-06-14,EURUSD,254901.2
2022-06-15,EURUSD,389854.7
2022-06-16,EURUSD,331903.3
2022-06-17,EURUSD,272412.1
2022-06-19,EURUSD,6417.2
2022-06-20,EURUSD,158781.8
2022-06-21,EURUSD,177035.0
2022-06-22,EURUSD,241049.0
2022-06-23,EURUSD,292499.4
2022-06-24,EURUSD,150660.6
2022-06-26,EURUSD,13871.3
2022-06-27,EURUSD,197796.9
2022-06-28,EURUSD,276169.0
2022-06-29,EURUSD,304391.2
2022-06-30,EURUSD,261501.6
2022-07-01,EURUSD,165758.9
2022-07-03,EURUSD,7595.9
2022-07-04,EURUSD,166751.0
2022-07-05,EURUSD,287939.8
2022-07-06,EURUSD,259766.9
2022-07-07,EURUSD,117532.1
2022-07-08,EURUSD,222545.8
2022-07-10,EURUSD,6178.8
2022-07-11,EURUSD,305613.4
2022-07-12,EURUSD,340173.7
2022-07-13,EURUSD,391916.1
2022-07-14,EURUSD,482193.3
2022-07-15,EURUSD,251956.3
2022-07-17,EURUSD,7999.5
2022-07-18,EURUSD,227759.5
2022-07-19,EURUSD,284255.7
2022-07-20,EURUSD,216206.2
2022-07-21,EURUSD,297965.4
2022-07-22,EURUSD,322511.0
2022-07-24,EURUSD,15456.2
2022-07-25,EURUSD,311380.8
2022-07-26,EURUSD,262714.4
2022-07-27,EURUSD,253451.2
2022-07-28,EURUSD,307912.5
2022-07-29,EURUSD,420713.9
2022-07-31,EURUSD,22907.8
2022-08-01,EURUSD,531573.3
2022-08-02,EURUSD,646780.8
2022-08-03,EURUSD,615301.2
2022-08-04,EURUSD,464582.0
2022-08-05,EURUSD,376920.3
2022-08-07,EURUSD,8896.8
2022-08-08,EURUSD,229718.1
2022-08-09,EURUSD,248253.0
2022-08-10,EURUSD,430065.3
2022-08-11,EURUSD,481441.4
2022-08-12,EURUSD,399294.1
2022-08-14,EURUSD,14567.8
2022-08-15,EURUSD,402592.1
2022-08-16,EURUSD,420079.2
2022-08-17,EURUSD,433024.0
2022-08-18,EURUSD,393070.0
2022-08-19,EURUSD,371412.2
2022-08-21,EURUSD,24606.2
2022-08-22,EURUSD,417896.7
2022-08-23,EURUSD,525663.0
2022-08-24,EURUSD,470321.7
2022-08-25,EURUSD,498651.2
2022-08-26,EURUSD,418092.4
2022-08-28,EURUSD,27554.5
2022-08-29,EURUSD,408628.9
2022-08-30,EURUSD,539462.4
2022-08-31,EURUSD,558629.5
2022-09-01,EURUSD,533883.5
2022-09-02,EURUSD,537444.4
2022-09-04,EURUSD,31957.7
2022-09-05,EURUSD,392830.6
2022-09-06,EURUSD,611605.5
2022-09-07,EURUSD,527865.9
2022-09-08,EURUSD,512439.2
2022-09-09,EURUSD,346953.0
2022-09-11,EURUSD,23794.7
2022-09-12,EURUSD,387476.3
2022-09-13,EURUSD,549671.3
2022-09-14,EURUSD,635055.6
2022-09-15,EURUSD,491298.8
2022-09-16,EURUSD,493561.9
2022-09-18,EURUSD,18417.5
2022-09-19,EURUSD,382032.6
2022-09-20,EURUSD,427114.4
2022-09-21,EURUSD,652419.3
2022-09-22,EURUSD,784096.2
2022-09-23,EURUSD,704859.7
2022-09-25,EURUSD,33420.8
2022-09-26,EURUSD,1023484.5
2022-09-27,EURUSD,687162.8
2022-09-28,EURUSD,964531.2
2022-09-29,EURUSD,712696.0
2022-09-30,EURUSD,555819.6
2022-10-02,EURUSD,29276.7
2022-10-03,EURUSD,702902.1
2022-10-04,EURUSD,585299.0
2022-10-05,EURUSD,551133.8
2022-10-06,EURUSD,715901.0
2022-10-07,EURUSD,638962.3
2022-10-09,EURUSD,28964.7
2022-10-10,EURUSD,487474.8
2022-10-11,EURUSD,779376.8
2022-10-12,EURUSD,759747.6
2022-10-13,EURUSD,792624.1
2022-10-14,EURUSD,788521.1
2022-10-16,EURUSD,33260.9
2022-10-17,EURUSD,640690.9
2022-10-18,EURUSD,706946.5
2022-10-19,EURUSD,669104.6
2022-10-20,EURUSD,713252.8
2022-10-21,EURUSD,880018.3
2022-10-23,EURUSD,85661.5
2022-10-24,EURUSD,871401.7
2022-10-25,EURUSD,672168.9
2022-10-26,EURUSD,653239.5
2022-10-27,EURUSD,603275.4
2022-10-28,EURUSD,611405.0
2022-10-30,EURUSD,30263.8
2022-10-31,EURUSD,450843.4
2022-11-01,EURUSD,409025.5
2022-11-02,EURUSD,586630.6
2022-11-03,EURUSD,594813.9
2022-11-04,EURUSD,635651.6
2022-11-06,EURUSD,37536.4
2022-11-07,EURUSD,584552.5
2022-11-08,EURUSD,524208.7
2022-11-09,EURUSD,619189.8
2022-11-10,EURUSD,702955.5
2022-11-11,EURUSD,649651.7
2022-11-13,EURUSD,27155.3
2022-11-14,EURUSD,630287.9
2022-11-15,EURUSD,858243.3
2022-11-16,EURUSD,830625.8
2022-11-17,EURUSD,603557.2
2022-11-18,EURUSD,532628.3
2022-11-20,EURUSD,17527.9
2022-11-21,EURUSD,569675.3
2022-11-22,EURUSD,496679.2
2022-11-23,EURUSD,598475.7
2022-11-24,EURUSD,449358.6
2022-11-25,EURUSD,468115.6
2022-11-27,EURUSD,18148.3
2022-11-28,EURUSD,458326.1
2022-11-29,EURUSD,673293.8
2022-11-30,EURUSD,746345.2
2022-12-01,EURUSD,774293.6
2022-12-02,EURUSD,680635.6
2022-12-04,EURUSD,17032.2
2022-12-05,EURUSD,572656.1
2022-12-06,EURUSD,607321.4
2022-12-07,EURUSD,590705.2
2022-12-08,EURUSD,527450.4
2022-12-09,EURUSD,507626.7
2022-12-11,EURUSD,12888.0
2022-12-12,EURUSD,425951.1
2022-12-13,EURUSD,501172.4
2022-12-14,EURUSD,535307.4
2022-12-15,EURUSD,538041.6
2022-12-16,EURUSD,457650.9
2022-12-18,EURUSD,23419.3
2022-12-19,EURUSD,351935.4
2022-12-20,EURUSD,590165.0
2022-12-21,EURUSD,402207.9
2022-12-22,EURUSD,383312.5
2022-12-23,EURUSD,375076.9
2022-12-25,EURUSD,4623.6
2022-12-26,EURUSD,52254.7
2022-12-27,EURUSD,281483.9
2022-12-28,EURUSD,349688.5
2022-12-29,EURUSD,316411.3
2022-12-30,EURUSD,393454.3
2023-01-01,EURUSD,7410.4
2023-01-02,EURUSD,132616.1
2023-01-03,EURUSD,524145.8
2023-01-04,EURUSD,429927.2
2023-01-05,EURUSD,455223.7
2023-01-06,EURUSD,432905.0
2023-01-08,EURUSD,14276.5
2023-01-09,EURUSD,409019.1
2023-01-10,EURUSD,404914.8
2023-01-11,EURUSD,402476.8
2023-01-12,EURUSD,640656.9
2023-01-13,EURUSD,480450.8
2023-01-15,EURUSD,12216.6
2023-01-16,EURUSD,296384.8
2023-01-17,EURUSD,489717.3
2023-01-18,EURUSD,365147.6
2023-01-19,EURUSD,211439.7
2023-01-20,EURUSD,156504.0
2023-01-22,EURUSD,11689.2
2023-01-23,EURUSD,177250.0
2023-01-24,EURUSD,320408.1
2023-01-25,EURUSD,390895.8
2023-01-26,EURUSD,370194.1
2023-01-27,EURUSD,300754.3
2023-01-29,EURUSD,3631.6
2023-01-30,EURUSD,208046.3
2023-01-31,EURUSD,309289.7
2023-02-01,EURUSD,460773.6
2023-02-02,EURUSD,479788.6
2023-02-03,EURUSD,509132.1
2023-02-05,EURUSD,17048.3
2023-02-06,EURUSD,367723.5
2023-02-07,EURUSD,497537.8
2023-02-08,EURUSD,341167.4
2023-02-09,EURUSD,344332.7
2023-02-10,EURUSD,401909.4
2023-02-12,EURUSD,9208.8
2023-02-13,EURUSD,316037.4
2023-02-14,EURUSD,544867.5
2023-02-15,EURUSD,441191.4
2023-02-16,EURUSD,451026.1
2023-02-17,EURUSD,406117.1
2023-02-19,EURUSD,16735.3
2023-02-20,EURUSD,221425.5
2023-02-21,EURUSD,444103.5
2023-02-22,EURUSD,374775.5
2023-02-23,EURUSD,380038.9
2023-02-24,EURUSD,468216.4
2023-02-26,EURUSD,6401.7
2023-02-27,EURUSD,331453.6
2023-02-28,EURUSD,316241.2
2023-03-01,EURUSD,463407.2
2023-03-02,EURUSD,431361.3
2023-03-03,EURUSD,363851.5
2023-03-05,EURUSD,8876.0
2023-03-06,EURUSD,333209.3
2023-03-07,EURUSD,464537.0
2023-03-08,EURUSD,401590.9
2023-03-09,EURUSD,361174.2
2023-03-10,EURUSD,574189.0
2023-03-12,EURUSD,47134.8
2023-03-13,EURUSD,757345.1
2023-03-14,EURUSD,579266.4
2023-03-15,EURUSD,683847.1
2023-03-16,EURUSD,609332.8
2023-03-17,EURUSD,329402.6
2023-03-19,EURUSD,12101.4
2023-03-20,EURUSD,483794.4
2023-03-21,EURUSD,397985.7
2023-03-22,EURUSD,459071.0
2023-03-23,EURUSD,524225.7
2023-03-24,EURUSD,537575.1
2023-03-26,EURUSD,17995.1
2023-03-27,EURUSD,334577.4
2023-03-28,EURUSD,332271.4
2023-03-29,EURUSD,306759.3
2023-03-30,EURUSD,286139.3
2023-03-31,EURUSD,347826.2
2023-04-02,EURUSD,19590.9
2023-04-03,EURUSD,337520.1
2023-04-04,EURUSD,373178.8
2023-04-05,EURUSD,337709.9
2023-04-06,EURUSD,275627.9
2023-04-07,EURUSD,82552.3
2023-04-09,EURUSD,9989.5
2023-04-10,EURUSD,209433.8
2023-04-11,EURUSD,296045.3
2023-04-12,EURUSD,333075.9
2023-04-13,EURUSD,295949.2
2023-04-14,EURUSD,339943.4
2023-04-16,EURUSD,10756.2
2023-04-17,EURUSD,292665.3
2023-04-18,EURUSD,287247.3
2023-04-19,EURUSD,313160.7
2023-04-20,EURUSD,336195.1
2023-04-21,EURUSD,323575.0
2023-04-23,EURUSD,10191.6
2023-04-24,EURUSD,295866.0
2023-04-25,EURUSD,344205.8
2023-04-26,EURUSD,394510.7
2023-04-27,EURUSD,345804.2
2023-04-28,EURUSD,413651.9
2023-04-30,EURUSD,12342.8
2023-05-01,EURUSD,245771.5
2023-05-02,EURUSD,354493.8
2023-05-03,EURUSD,406548.6
2023-05-04,EURUSD,451732.6
2023-05-05,EURUSD,331816.4
2023-05-07,EURUSD,11067.5
2023-05-08,EURUSD,248384.3
2023-05-09,EURUSD,276978.9
2023-05-10,EURUSD,322000.3
2023-05-11,EURUSD,366860.2
2023-05-12,EURUSD,269783.3
2023-05-14,EURUSD,7661.5
2023-05-15,EURUSD,266445.8
2023-05-16,EURUSD,328214.0
2023-05-17,EURUSD,327769.9
2023-05-18,EURUSD,315434.7
2023-05-19,EURUSD,358651.9
2023-05-21,EURUSD,8384.1
2023-05-22,EURUSD,337025.5
2023-05-23,EURUSD,330235.1
2023-05-24,EURUSD,385449.9
2023-05-25,EURUSD,357658.5
2023-05-26,EURUSD,330324.5
2023-05-28,EURUSD,11618.8
2023-05-29,EURUSD,140625.7
2023-05-30,EURUSD,333132.3
2023-05-31,EURUSD,330368.6
2023-06-01,EURUSD,336325.0
2023-06-02,EURUSD,292329.1
2023-06-04,EURUSD,12345.9
2023-06-05,EURUSD,254750.3
2023-06-06,EURUSD,241590.2
2023-06-07,EURUSD,250365.0
2023-06-08,EURUSD,255503.3
2023-06-09,EURUSD,223916.6
2023-06-11,EURUSD,6871.2
2023-06-12,EURUSD,261315.7
2023-06-13,EURUSD,300967.3
2023-06-14,EURUSD,306830.9
2023-06-15,EURUSD,317371.7
2023-06-16,EURUSD,291957.2
2023-06-18,EURUSD,7841.9
2023-06-19,EURUSD,197192.8
2023-06-20,EURUSD,343024.2
2023-06-21,EURUSD,352557.2
2023-06-22,EURUSD,332281.5
2023-06-23,EURUSD,340811.5
2023-06-25,EURUSD,15091.8
2023-06-26,EURUSD,265862.0
2023-06-27,EURUSD,333944.0
2023-06-28,EURUSD,345603.7
2023-06-29,EURUSD,345963.1
2023-06-30,EURUSD,361727.7
2023-07-02,EURUSD,8639.2
2023-07-03,EURUSD,282266.2
2023-07-04,EURUSD,164440.1
2023-07-05,EURUSD,288019.6
2023-07-06,EURUSD,399617.5
2023-07-07,EURUSD,357005.7
2023-07-09,EURUSD,12034.1
2023-07-10,EURUSD,306352.9
2023-07-11,EURUSD,304282.2
2023-07-12,EURUSD,368371.0
2023-07-13,EURUSD,356645.9
2023-07-14,EURUSD,334041.8
2023-07-16,EURUSD,9704.0
2023-07-17,EURUSD,216791.1
2023-07-18,EURUSD,349562.4
2023-07-19,EURUSD,334472.5
2023-07-20,EURUSD,312279.4
2023-07-21,EURUSD,266379.4
2023-07-23,EURUSD,6832.9
2023-07-24,EURUSD,328370.9
2023-07-25,EURUSD,305317.0
2023-07-26,EURUSD,358697.4
2023-07-27,EURUSD,479071.8
2023-07-28,EURUSD,430192.1
2023-07-30,EURUSD,8122.9
2023-07-31,EURUSD,302688.9
2023-08-01,EURUSD,308942.3
2023-08-02,EURUSD,372278.7
2023-08-03,EURUSD,397523.7
2023-08-04,EURUSD,349194.5
2023-08-06,EURUSD,12283.0
2023-08-07,EURUSD,229154.3
2023-08-08,EURUSD,308568.7
2023-08-09,EURUSD,275670.6
2023-08-10,EURUSD,358179.7
2023-08-11,EURUSD,295037.2
2023-08-13,EURUSD,6858.7
2023-08-14,EURUSD,301227.5
2023-08-15,EURUSD,338767.5
2023-08-16,EURUSD,306112.4
2023-08-17,EURUSD,247696.4
2023-08-18,EURUSD,281368.7
2023-08-20,EURUSD,7351.0
2023-08-21,EURUSD,246257.7
2023-08-22,EURUSD,238743.5
2023-08-23,EURUSD,302015.5
2023-08-24,EURUSD,259027.0
2023-08-25,EURUSD,279186.7
2023-08-27,EURUSD,8923.0
2023-08-28,EURUSD,187948.6
2023-08-29,EURUSD,276132.7
2023-08-30,EURUSD,306989.6
2023-08-31,EURUSD,277059.0
2023-09-01,EURUSD,290722.6
2023-09-03,EURUSD,5037.5
2023-09-04,EURUSD,125170.5
2023-09-05,EURUSD,284976.1
2023-09-06,EURUSD,272315.2
2023-09-07,EURUSD,220591.5
2023-09-08,EURUSD,249996.5
2023-09-10,EURUSD,10922.4
2023-09-11,EURUSD,222001.2
2023-09-12,EURUSD,224377.7
2023-09-13,EURUSD,303261.8
2023-09-14,EURUSD,319678.2
2023-09-15,EURUSD,253386.9
2023-09-17,EURUSD,5661.1
2023-09-18,EURUSD,192605.8
2023-09-19,EURUSD,193391.1
2023-09-20,EURUSD,281368.6
2023-09-21,EURUSD,312974.2
2023-09-22,EURUSD,262651.2
2023-09-24,EURUSD,7854.4
2023-09-25,EURUSD,224163.2
2023-09-26,EURUSD,237552.1
2023-09-27,EURUSD,299983.9
2023-09-28,EURUSD,344744.7
2023-09-29,EURUSD,313679.7
2023-10-01,EURUSD,12294.3
2023-10-02,EURUSD,288263.8
2023-10-03,EURUSD,318485.2
2023-10-04,EURUSD,333178.3
2023-10-05,EURUSD,296469.6
2023-10-06,EURUSD,379226.0
2023-10-08,EURUSD,12822.0
2023-10-09,EURUSD,235006.2
2023-10-10,EURUSD,374356.2
2023-10-11,EURUSD,326301.7
2023-10-12,EURUSD,290358.8
2023-10-13,EURUSD,301277.4
2023-10-15,EURUSD,12664.1
2023-10-16,EURUSD,220112.4
2023-10-17,EURUSD,281288.7
2023-10-18,EURUSD,288211.5
2023-10-19,EURUSD,362883.2
2023-10-20,EURUSD,263167.9
2023-10-22,EURUSD,8350.4
2023-10-23,EURUSD,268384.3
2023-10-24,EURUSD,270309.1
2023-10-25,EURUSD,247538.9
2023-10-26,EURUSD,287134.8
2023-10-27,EURUSD,215605.2
2023-10-29,EURUSD,7605.2
2023-10-30,EURUSD,228351.2
2023-10-31,EURUSD,318746.9
2023-11-01,EURUSD,374997.2
2023-11-02,EURUSD,285187.2
2023-11-03,EURUSD,277715.5
2023-11-05,EURUSD,3880.1
2023-11-06,EURUSD,206932.2
2023-11-07,EURUSD,244627.9
2023-11-08,EURUSD,228082.4
2023-11-09,EURUSD,278652.4
2023-11-10,EURUSD,223192.0
2023-11-12,EURUSD,5575.7
2023-11-13,EURUSD,184355.7
2023-11-14,EURUSD,298120.4
2023-11-15,EURUSD,276391.8
2023-11-16,EURUSD,261803.2
2023-11-17,EURUSD,256575.6
2023-11-19,EURUSD,6802.9
2023-11-20,EURUSD,229176.9
2023-11-21,EURUSD,266621.2
2023-11-22,EURUSD,290509.2
2023-11-23,EURUSD,158985.8
2023-11-24,EURUSD,176773.3
2023-11-26,EURUSD,4636.0
2023-11-27,EURUSD,246260.6
2023-11-28,EURUSD,294814.3
2023-11-29,EURUSD,317981.4
2023-11-30,EURUSD,339794.8
2023-12-01,EURUSD,340589.7
2023-12-03,EURUSD,14945.9
2023-12-04,EURUSD,306548.8
2023-12-05,EURUSD,336613.0
2023-12-06,EURUSD,269724.1
2023-12-07,EURUSD,351043.2
2023-12-08,EURUSD,364118.0
2023-12-10,EURUSD,3853.3
2023-12-11,EURUSD,234562.1
2023-12-12,EURUSD,278615.9
2023-12-13,EURUSD,340496.2
2023-12-14,EURUSD,482539.6
2023-12-15,EURUSD,358983.1
2023-12-17,EURUSD,6411.2
2023-12-18,EURUSD,246913.6
2023-12-19,EURUSD,282074.8
2023-12-20,EURUSD,263444.4
2023-12-21,EURUSD,349869.6
2023-12-22,EURUSD,348653.4
2023-12-24,EURUSD,94.5
2023-12-25,EURUSD,7793.0
2023-12-26,EURUSD,182196.3
2023-12-27,EURUSD,208841.2
2023-12-28,EURUSD,272568.6
2023-12-29,EURUSD,293551.4
2024-01-01,EURUSD,3924.0
2024-01-02,EURUSD,277225.3
2024-01-03,EURUSD,327367.4
2024-01-04,EURUSD,281486.7
2024-01-05,EURUSD,356942.4
2024-01-07,EURUSD,4674.4
2024-01-08,EURUSD,252675.2
2024-01-09,EURUSD,275837.0
2024-01-10,EURUSD,257606.7
2024-01-11,EURUSD,419645.9
2024-01-12,EURUSD,308572.6
2024-01-14,EURUSD,5573.3
2024-01-15,EURUSD,200079.0
2024-01-16,EURUSD,397047.0
2024-01-17,EURUSD,342285.1
2024-01-18,EURUSD,365222.9
2024-01-19,EURUSD,258487.7
2024-01-21,EURUSD,5146.0
2024-01-22,EURUSD,233830.1
2024-01-23,EURUSD,278337.2
2024-01-24,EURUSD,357244.5
2024-01-25,EURUSD,364079.3
2024-01-26,EURUSD,288642.5
2024-01-28,EURUSD,11513.1
2024-01-29,EURUSD,221235.8
2024-01-30,EURUSD,289288.9
2024-01-31,EURUSD,444658.9
2024-02-01,EURUSD,420186.2
2024-02-02,EURUSD,341685.5
2024-02-04,EURUSD,10488.3
2024-02-05,EURUSD,269536.2
2024-02-06,EURUSD,284149.1
2024-02-07,EURUSD,288848.3
2024-02-08,EURUSD,255929.2
2024-02-09,EURUSD,262254.1
2024-02-11,EURUSD,12134.0
2024-02-12,EURUSD,197293.7
2024-02-13,EURUSD,294618.1
2024-02-14,EURUSD,257117.3
2024-02-15,EURUSD,300766.8
2024-02-16,EURUSD,261144.1
2024-02-18,EURUSD,4106.9
2024-02-19,EURUSD,127185.6
2024-02-20,EURUSD,277768.6
2024-02-21,EURUSD,247378.8
2024-02-22,EURUSD,232500.5
2024-02-23,EURUSD,176731.0
2024-02-25,EURUSD,3850.1
2024-02-26,EURUSD,158873.8
2024-02-27,EURUSD,132221.7
2024-02-28,EURUSD,184660.4
2024-02-29,EURUSD,257108.8
2024-03-01,EURUSD,205237.5
2024-03-03,EURUSD,9784.9
2024-03-04,EURUSD,149961.5
2024-03-05,EURUSD,160823.3
2024-03-06,EURUSD,194114.4
2024-03-07,EURUSD,201537.9
2024-03-08,EURUSD,222219.0
2024-03-10,EURUSD,8995.6
2024-03-11,EURUSD,177772.8
2024-03-12,EURUSD,267183.2
2024-03-13,EURUSD,227112.7
2024-03-14,EURUSD,250907.0
2024-03-15,EURUSD,182723.5
2024-03-17,EURUSD,7451.5
2024-03-18,EURUSD,147342.8
2024-03-19,EURUSD,186297.1
2024-03-20,EURUSD,221949.9
2024-03-21,EURUSD,187206.0
2024-03-22,EURUSD,182000.2
2024-03-24,EURUSD,4197.0
2024-03-25,EURUSD,140109.7
2024-03-26,EURUSD,149484.8
2024-03-27,EURUSD,149759.9
2024-03-28,EURUSD,196483.3
2024-03-29,EURUSD,166423.8
2024-03-31,EURUSD,8405.1
2024-04-01,EURUSD,128463.3
2024-04-02,EURUSD,188699.1
2024-04-03,EURUSD,198946.4
2024-04-04,EURUSD,204810.7
2024-04-05,EURUSD,229596.0
2024-04-07,EURUSD,6612.7
2024-04-08,EURUSD,173636.5
2024-04-09,EURUSD,165759.5
2024-04-10,EURUSD,264906.0
2024-04-11,EURUSD,235851.0
2024-04-12,EURUSD,200889.2
2024-04-14,EURUSD,11819.8
2024-04-15,EURUSD,229845.1
2024-04-16,EURUSD,280769.7
2024-04-17,EURUSD,187931.8
2024-04-18,EURUSD,177804.3
2024-04-19,EURUSD,282983.2
2024-04-21,EURUSD,5360.7
2024-04-22,EURUSD,132696.0
2024-04-23,EURUSD,181946.0
2024-04-24,EURUSD,148341.8
2024-04-25,EURUSD,185174.2
2024-04-26,EURUSD,178917.0
2024-04-28,EURUSD,8217.1
2024-04-29,EURUSD,231955.1
2024-04-30,EURUSD,210579.2
2024-05-01,EURUSD,223286.6
2024-05-02,EURUSD,208141.2
2024-05-03,EURUSD,233591.5
2024-05-05,EURUSD,4344.6
2024-05-06,EURUSD,124096.4
2024-05-07,EURUSD,143286.1
2024-05-08,EURUSD,129172.9
2024-05-09,EURUSD,150705.4
2024-05-10,EURUSD,122836.7
2024-05-12,EURUSD,6523.0
2024-05-13,EURUSD,112697.0
2024-05-14,EURUSD,124593.0
2024-05-15,EURUSD,159634.4
2024-05-16,EURUSD,139361.3
2024-05-17,EURUSD,109193.8
2024-05-19,EURUSD,4133.4
2024-05-20,EURUSD,110132.5
2024-05-21,EURUSD,158805.1
2024-05-22,EURUSD,160683.2
2024-05-23,EURUSD,179595.0
2024-05-24,EURUSD,118493.8
2024-05-26,EURUSD,3254.1
2024-05-27,EURUSD,85149.0
2024-05-28,EURUSD,166378.8
2024-05-29,EURUSD,165289.6
2024-05-30,EURUSD,183096.3
2024-05-31,EURUSD,182075.3
2024-06-02,EURUSD,7738.5
2024-06-03,EURUSD,173492.5
2024-06-04,EURUSD,181035.8
2024-06-05,EURUSD,154652.7
2024-06-06,EURUSD,156122.8
2024-06-07,EURUSD,223660.3
2024-06-09,EURUSD,10918.1
2024-06-10,EURUSD,161486.7
2024-06-11,EURUSD,179222.4
2024-06-12,EURUSD,299913.2
2024-06-13,EURUSD,207516.5
2024-06-14,EURUSD,241051.9
2024-06-16,EURUSD,9709.8
2024-06-17,EURUSD,179870.1
2024-06-18,EURUSD,162470.9
2024-06-19,EURUSD,98342.4
2024-06-20,EURUSD,172379.9
2024-06-21,EURUSD,190134.4
2024-06-23,EURUSD,6850.2
2024-06-24,EURUSD,134179.0
2024-06-25,EURUSD,143344.7
2024-06-26,EURUSD,178067.9
2024-06-27,EURUSD,191719.8
2024-06-28,EURUSD,223614.5
2024-06-30,EURUSD,9805.2
2024-07-01,EURUSD,216721.7
2024-07-02,EURUSD,184071.2
2024-07-03,EURUSD,182634.2
2024-07-04,EURUSD,93775.9
2024-07-05,EURUSD,202201.4
2024-07-07,EURUSD,15078.6
2024-07-08,EURUSD,189898.1
2024-07-09,EURUSD,189245.0
2024-07-10,EURUSD,166144.2
2024-07-11,EURUSD,253734.2
2024-07-12,EURUSD,216838.7
2024-07-14,EURUSD,11550.1
2024-07-15,EURUSD,213064.5
2024-07-16,EURUSD,217542.6
2024-07-17,EURUSD,244734.0
2024-07-18,EURUSD,230650.7
2024-07-19,EURUSD,199438.1
2024-07-21,EURUSD,13140.7
2024-07-22,EURUSD,192598.1
2024-07-23,EURUSD,189405.6
2024-07-24,EURUSD,228191.0
2024-07-25,EURUSD,274995.3
2024-07-26,EURUSD,162987.3
2024-07-28,EURUSD,8300.4
2024-07-29,EURUSD,164243.0
2024-07-30,EURUSD,197086.6
2024-07-31,EURUSD,310163.5
2024-08-01,EURUSD,315519.8
2024-08-02,EURUSD,360021.6
2024-08-04,EURUSD,18971.8
2024-08-05,EURUSD,641533.0
2024-08-06,EURUSD,392868.2
2024-08-07,EURUSD,222867.7
2024-08-08,EURUSD,232184.8
2024-08-09,EURUSD,138600.0
2024-08-11,EURUSD,7496.5
2024-08-12,EURUSD,150361.8
2024-08-13,EURUSD,181949.0
2024-08-14,EURUSD,228926.8
2024-08-15,EURUSD,180963.5
2024-08-16,EURUSD,142233.5
2024-08-18,EURUSD,7464.1
2024-08-19,EURUSD,203563.3
2024-08-20,EURUSD,284701.7
2024-08-21,EURUSD,178203.2
2024-08-22,EURUSD,132188.7
2024-08-23,EURUSD,135905.6
2024-08-25,EURUSD,5784.6
2024-08-26,EURUSD,190717.3
2024-08-27,EURUSD,165115.2
2024-08-28,EURUSD,191983.7
2024-08-29,EURUSD,239697.2
2024-08-30,EURUSD,267039.8
2024-09-01,EURUSD,8172.5
2024-09-02,EURUSD,133689.7
2024-09-03,EURUSD,254620.5
2024-09-04,EURUSD,213760.7
2024-09-05,EURUSD,235680.2
2024-09-06,EURUSD,353066.8
2024-09-08,EURUSD,13891.0
2024-09-09,EURUSD,207885.9
2024-09-10,EURUSD,188020.7
2024-09-11,EURUSD,283663.1
2024-09-12,EURUSD,262998.8
2024-09-13,EURUSD,226141.6
2024-09-15,EURUSD,8290.0
2024-09-16,EURUSD,197616.8
2024-09-17,EURUSD,263987.9
2024-09-18,EURUSD,331023.1
2024-09-19,EURUSD,391011.3
2024-09-20,EURUSD,290373.3
2024-09-22,EURUSD,6471.7
2024-09-23,EURUSD,266436.9
2024-09-24,EURUSD,261990.0
2024-09-25,EURUSD,236810.7
2024-09-26,EURUSD,239758.5
2024-09-27,EURUSD,334313.3
2024-09-29,EURUSD,8642.0
2024-09-30,EURUSD,290774.6
2024-10-01,EURUSD,285087.8
2024-10-02,EURUSD,259640.7
2024-10-03,EURUSD,326843.3
2024-10-04,EURUSD,274027.8
2024-10-06,EURUSD,12480.1
2024-10-07,EURUSD,267158.9
2024-10-08,EURUSD,227349.5
2024-10-09,EURUSD,175270.3
2024-10-10,EURUSD,275171.2
2024-10-11,EURUSD,178691.7
2024-10-13,EURUSD,7255.5
2024-10-14,EURUSD,172299.8
2024-10-15,EURUSD,171935.3
2024-10-16,EURUSD,182070.0
2024-10-17,EURUSD,258621.1
2024-10-18,EURUSD,200346.3
2024-10-20,EURUSD,5088.1
2024-10-21,EURUSD,185331.8
2024-10-22,EURUSD,195235.2
2024-10-23,EURUSD,236714.8
2024-10-24,EURUSD,255088.0
2024-10-25,EURUSD,156041.9
2024-10-27,EURUSD,13450.2
2024-10-28,EURUSD,204877.8
2024-10-29,EURUSD,259009.9
2024-10-30,EURUSD,295543.7
2024-10-31,EURUSD,280171.1
2024-11-01,EURUSD,277724.8
2024-11-03,EURUSD,11347.1
2024-11-04,EURUSD,265973.1
2024-11-05,EURUSD,201794.9
2024-11-06,EURUSD,827139.8
2024-11-07,EURUSD,392345.8
2024-11-08,EURUSD,361911.4
2024-11-10,EURUSD,6688.5
2024-11-11,EURUSD,217681.4
2024-11-12,EURUSD,300467.6
2024-11-13,EURUSD,300053.4
2024-11-14,EURUSD,378347.7
2024-11-15,EURUSD,365381.3
2024-11-17,EURUSD,4535.4
2024-11-18,EURUSD,241144.5
2024-11-19,EURUSD,375095.2
2024-11-20,EURUSD,283601.3
2024-11-21,EURUSD,346410.5
2024-11-22,EURUSD,385064.1
2024-11-24,EURUSD,23692.9
2024-11-25,EURUSD,410984.6
2024-11-26,EURUSD,449962.5
2024-11-27,EURUSD,372117.0
2024-11-28,EURUSD,244857.9
2024-11-29,EURUSD,369604.6
2024-12-01,EURUSD,11421.0
2024-12-02,EURUSD,432331.3
2024-12-03,EURUSD,356571.6
2024-12-04,EURUSD,384114.1
2024-12-05,EURUSD,307284.8
2024-12-06,EURUSD,328132.8
2024-12-08,EURUSD,5853.0
2024-12-09,EURUSD,266677.5
2024-12-10,EURUSD,254603.4
2024-12-11,EURUSD,331612.7
2024-12-12,EURUSD,244940.0
2024-12-13,EURUSD,177393.7
2024-12-15,EURUSD,8104.4
2024-12-16,EURUSD,205933.4
2024-12-17,EURUSD,148950.1
2024-12-18,EURUSD,195102.5
2024-12-19,EURUSD,271645.0
2024-12-20,EURUSD,275341.5
2024-12-22,EURUSD,7548.8
2024-12-23,EURUSD,210045.5
2024-12-24,EURUSD,145359.4
2024-12-25,EURUSD,5854.9
2024-12-26,EURUSD,143620.6
2024-12-27,EURUSD,223390.0
2024-12-29,EURUSD,3144.2
2024-12-30,EURUSD,219280.5
2024-12-31,EURUSD,169563.7
2025-01-01,EURUSD,5890.6
2025-01-02,EURUSD,209225.0
2025-01-03,EURUSD,128869.9
2025-01-05,EURUSD,2260.8
2025-01-06,EURUSD,239269.8
2025-01-07,EURUSD,263560.5
2025-01-08,EURUSD,312194.6
2025-01-09,EURUSD,208235.3
2025-01-10,EURUSD,270304.1
2025-01-12,EURUSD,5847.3
2025-01-13,EURUSD,248510.7
2025-01-14,EURUSD,195261.4
2025-01-15,EURUSD,233023.8
2025-01-16,EURUSD,249564.8
2025-01-17,EURUSD,234828.0
2025-01-19,EURUSD,7298.3
2025-01-20,EURUSD,233227.8
2025-01-21,EURUSD,212081.0
2025-01-22,EURUSD,173613.2
2025-01-23,EURUSD,183464.8
2025-01-24,EURUSD,197965.9
2025-01-26,EURUSD,4931.0
2025-01-27,EURUSD,249922.0
2025-01-28,EURUSD,183466.7
2025-01-29,EURUSD,208189.6
2025-01-30,EURUSD,189473.2
2025-01-31,EURUSD,233365.8
2025-02-02,EURUSD,21261.3
2025-02-03,EURUSD,274498.8
2025-02-04,EURUSD,175607.5
2025-02-05,EURUSD,161834.2
2025-02-06,EURUSD,137304.7
2025-02-07,EURUSD,188258.9
2025-02-09,EURUSD,8759.4
2025-02-10,EURUSD,124362.0
2025-02-11,EURUSD,133877.2
2025-02-12,EURUSD,192947.4
2025-02-13,EURUSD,199525.2
2025-02-14,EURUSD,107842.1
2025-02-16,EURUSD,2564.4
2025-02-17,EURUSD,53758.8
2025-02-18,EURUSD,75192.4
2025-02-19,EURUSD,111392.4
2025-02-20,EURUSD,155512.3
2025-02-21,EURUSD,152252.2
2025-02-23,EURUSD,6813.6
2025-02-24,EURUSD,162066.7
2025-02-25,EURUSD,162941.3
2025-02-26,EURUSD,191228.6
2025-02-27,EURUSD,188835.0
2025-02-28,EURUSD,188454.8
2025-03-02,EURUSD,8691.6
2025-03-03,EURUSD,192931.5
2025-03-04,EURUSD,246473.3
2025-03-05,EURUSD,286728.6
2025-03-06,EURUSD,273702.3
2025-03-07,EURUSD,227488.8
2025-03-09,EURUSD,12990.5
2025-03-10,EURUSD,218816.2
2025-03-11,EURUSD,199731.0
2025-03-12,EURUSD,201519.4
2025-03-13,EURUSD,180282.7
2025-03-14,EURUSD,164343.7
2025-03-16,EURUSD,6558.4
2025-03-17,EURUSD,135363.3
2025-03-18,EURUSD,169611.2
2025-03-19,EURUSD,172859.5
2025-03-20,EURUSD,162759.9
2025-03-21,EURUSD,155310.4
2025-03-23,EURUSD,5683.2
2025-03-24,EURUSD,160341.8
2025-03-25,EURUSD,179609.8
2025-03-26,EURUSD,142166.7
2025-03-27,EURUSD,134263.7
2025-03-28,EURUSD,123196.4
2025-03-30,EURUSD,11788.9
2025-03-31,EURUSD,164767.5
2025-04-01,EURUSD,140243.6
2025-04-02,EURUSD,173666.4
2025-04-03,EURUSD,298193.1
2025-04-04,EURUSD,410175.9
2025-04-06,EURUSD,27775.1
2025-04-07,EURUSD,417091.1
2025-04-08,EURUSD,297855.9
2025-04-09,EURUSD,489370.3
2025-04-10,EURUSD,337371.8
2025-04-11,EURUSD,446818.6
2025-04-13,EURUSD,21988.1
2025-04-14,EURUSD,257720.3
2025-04-15,EURUSD,228887.9
2025-04-16,EURUSD,253419.4
2025-04-17,EURUSD,202026.2
2025-04-18,EURUSD,408531.1
2025-04-20,EURUSD,22114.9
2025-04-21,EURUSD,201095.4
2025-04-22,EURUSD,271038.0
2025-04-23,EURUSD,247678.2
2025-04-24,EURUSD,163090.0
2025-04-25,EURUSD,165168.8
2025-04-27,EURUSD,6614.3
2025-04-28,EURUSD,134135.8
2025-04-29,EURUSD,151269.9
2025-04-30,EURUSD,170061.4
2025-05-01,EURUSD,139110.4
2025-05-02,EURUSD,186873.0
2025-05-04,EURUSD,8833.2
2025-05-05,EURUSD,175679.5
2025-05-06,EURUSD,175577.8
2025-05-07,EURUSD,185135.0
2025-05-08,EURUSD,195727.9
2025-05-09,EURUSD,139764.1
2025-05-11,EURUSD,10697.0
2025-05-12,EURUSD,232069.9
2025-05-13,EURUSD,166503.5
2025-05-14,EURUSD,196989.3
2025-05-15,EURUSD,150648.9
2025-05-16,EURUSD,135030.3
2025-05-18,EURUSD,7876.1
2025-05-19,EURUSD,153720.6
2025-05-20,EURUSD,135167.5
2025-05-21,EURUSD,160878.5
2025-05-22,EURUSD,163379.6
2025-05-23,EURUSD,144725.8
2025-05-25,EURUSD,12726.2
2025-05-26,EURUSD,108211.3
2025-05-27,EURUSD,145465.5
2025-05-28,EURUSD,172442.3
2025-05-29,EURUSD,174301.6
2025-05-30,EURUSD,160631.3
2025-06-01,EURUSD,9268.6
2025-06-02,EURUSD,139499.0
2025-06-03,EURUSD,122583.7
2025-06-04,EURUSD,145279.8
2025-06-05,EURUSD,157418.2
2025-06-06,EURUSD,142921.5
2025-06-08,EURUSD,4784.4
2025-06-09,EURUSD,98861.8
2025-06-10,EURUSD,114634.2
2025-06-11,EURUSD,107118.0
2025-06-12,EURUSD,133388.6
2025-06-13,EURUSD,170771.9
2025-06-15,EURUSD,13630.3
2025-06-16,EURUSD,135969.7
2025-06-17,EURUSD,143958.2
2025-06-18,EURUSD,153027.9
2025-06-19,EURUSD,101801.4
2025-06-20,EURUSD,102496.6
2025-06-22,EURUSD,10413.7
2025-06-23,EURUSD,166520.6
2025-06-24,EURUSD,129655.0
2025-06-25,EURUSD,96781.3
2025-06-26,EURUSD,112736.0
2025-06-27,EURUSD,96528.7
2025-06-29,EURUSD,6397.3
2025-06-30,EURUSD,105399.5
2025-07-01,EURUSD,115191.4
2025-07-02,EURUSD,109752.1
2025-07-03,EURUSD,108589.1
2025-07-04,EURUSD,84127.1
2025-07-06,EURUSD,2644.4
2025-07-07,EURUSD,106860.3
2025-07-08,EURUSD,108965.2
2025-07-09,EURUSD,86976.8
2025-07-10,EURUSD,107761.3
2025-07-11,EURUSD,85612.4
2025-07-13,EURUSD,6009.2
2025-07-14,EURUSD,83778.5
2025-07-15,EURUSD,119141.1
2025-07-16,EURUSD,149202.3
2025-07-17,EURUSD,107200.7
2025-07-18,EURUSD,75653.5
2025-07-20,EURUSD,4815.4
2025-07-21,EURUSD,84599.1
2025-07-22,EURUSD,77177.2
2025-07-23,EURUSD,96130.8
2025-07-24,EURUSD,89743.3
2025-07-25,EURUSD,84426.7
2025-07-27,EURUSD,4400.2
2025-07-28,EURUSD,94411.6
2025-07-29,EURUSD,106375.2
2025-07-30,EURUSD,154109.9
2025-07-31,EURUSD,96436.7
2025-08-01,EURUSD,147618.9
2025-08-03,EURUSD,6442.1
2025-08-04,EURUSD,101186.5
2025-08-05,EURUSD,96402.8
2025-08-06,EURUSD,86827.4
2025-08-07,EURUSD,131304.2
2025-08-08,EURUSD,78995.3
2025-08-10,EURUSD,2971.0
2025-08-11,EURUSD,119138.8
2025-08-12,EURUSD,120879.5
2025-08-13,EURUSD,84748.7
2025-08-14,EURUSD,130446.9
2025-08-15,EURUSD,75602.4
2025-08-17,EURUSD,2826.4
2025-08-18,EURUSD,67122.0
2025-08-19,EURUSD,67288.0
2025-08-20,EURUSD,72280.6
2025-08-21,EURUSD,89681.7
2025-08-22,EURUSD,100779.3
2025-08-24,EURUSD,2792.5
2025-08-25,EURUSD,71376.2
2025-08-26,EURUSD,117009.4
2025-08-27,EURUSD,94225.8
2025-08-28,EURUSD,86969.6
2025-08-29,EURUSD,88950.4
2025-08-31,EURUSD,2229.6
2025-09-01,EURUSD,54396.3
2025-09-02,EURUSD,162221.7
2025-09-03,EURUSD,120767.9
2025-09-04,EURUSD,86473.8
2025-09-05,EURUSD,105280.8
2025-09-07,EURUSD,5254.1
2025-09-08,EURUSD,73964.7
2025-09-09,EURUSD,122659.9
2025-09-10,EURUSD,94291.0
2025-09-11,EURUSD,103376.4
2025-09-12,EURUSD,88650.0
2025-09-14,EURUSD,2188.0
2025-09-15,EURUSD,77233.7
2025-09-16,EURUSD,113796.3
2025-09-17,EURUSD,131280.0
2025-09-18,EURUSD,149058.8
2025-09-19,EURUSD,92024.7
2025-09-21,EURUSD,2813.7
2025-09-22,EURUSD,81193.9
2025-09-23,EURUSD,98759.4
2025-09-24,EURUSD,107342.9
2025-09-25,EURUSD,109668.8
2025-09-26,EURUSD,90258.1
2025-09-28,EURUSD,3577.8
2025-09-29,EURUSD,87619.1
2025-09-30,EURUSD,98058.7
2025-10-01,EURUSD,140358.2
2025-10-02,EURUSD,88827.6
2025-10-03,EURUSD,78892.2
2025-10-05,EURUSD,10249.6
2025-10-06,EURUSD,124403.9
2025-10-07,EURUSD,82813.4
2025-10-08,EURUSD,94311.6
2025-10-09,EURUSD,109981.1
2025-10-10,EURUSD,105434.0
2025-10-12,EURUSD,7588.7
2025-10-13,EURUSD,78546.0
2025-10-14,EURUSD,107588.9
2025-10-15,EURUSD,91914.4
2025-10-16,EURUSD,111267.0
2025-10-17,EURUSD,136514.9
2025-10-19,EURUSD,6338.6
2025-10-20,EURUSD,76422.2
2025-10-21,EURUSD,115211.8
2025-10-22,EURUSD,83209.9
2025-10-23,EURUSD,69111.3
2025-10-24,EURUSD,84431.3
2025-10-26,EURUSD,4608.4
2025-10-27,EURUSD,61097.4
2025-10-28,EURUSD,82156.9
2025-10-29,EURUSD,125334.8
2025-10-30,EURUSD,108589.2
2025-10-31,EURUSD,73402.5
2025-11-02,EURUSD,11738.6
2025-11-03,EURUSD,75066.7
2025-11-04,EURUSD,83162.2
2025-11-05,EURUSD,83753.5
2025-11-06,EURUSD,95498.5
2025-11-07,EURUSD,81200.5
2025-11-09,EURUSD,5698.6
2025-11-10,EURUSD,68009.0
2025-11-11,EURUSD,68685.4
2025-11-12,EURUSD,70571.0
2025-11-13,EURUSD,97423.9
2025-11-14,EURUSD,102283.8
2025-11-16,EURUSD,2726.4
2025-11-17,EURUSD,72479.6
2025-11-18,EURUSD,93337.3
2025-11-19,EURUSD,99209.9
2025-11-20,EURUSD,101736.3
2025-11-21,EURUSD,115651.2
2025-11-23,EURUSD,2709.0
2025-11-24,EURUSD,71212.9
2025-11-25,EURUSD,108585.9
2025-11-26,EURUSD,108027.3
2025-11-27,EURUSD,51613.7
2025-11-28,EURUSD,177674.4
2025-11-30,EURUSD,3303.6
2025-12-01,EURUSD,93032.0
2025-12-02,EURUSD,74084.4
2025-12-03,EURUSD,95673.2
2025-12-04,EURUSD,79510.5
2025-12-05,EURUSD,75198.8
2025-12-07,EURUSD,3352.4
2025-12-08,EURUSD,76027.5
2025-12-09,EURUSD,78858.3
2025-12-10,EURUSD,111512.7
2025-12-11,EURUSD,101996.8
2025-12-12,EURUSD,90937.8
2025-12-14,EURUSD,4068.8
2025-12-15,EURUSD,93566.7
2025-12-16,EURUSD,114096.0
2025-12-17,EURUSD,109582.5
2025-12-18,EURUSD,107383.5
2025-12-19,EURUSD,84265.1
2025-12-21,EURUSD,5528.7
2025-12-22,EURUSD,76073.2
2025-12-23,EURUSD,94474.2
2025-12-24,EURUSD,84866.8
2025-12-25,EURUSD,9746.2
2025-12-26,EURUSD,83292.5
2025-12-28,EURUSD,3047.6
2025-12-29,EURUSD,96547.1
2025-12-30,EURUSD,67185.2
2025-12-31,EURUSD,86578.2
2010-01-01,GBPUSD,164116.0
2010-01-03,GBPUSD,15253.8
2010-01-04,GBPUSD,202723.7
2010-01-05,GBPUSD,214131.3
2010-01-06,GBPUSD,238243.3
2010-01-07,GBPUSD,212506.6
2010-01-08,GBPUSD,207586.0
2010-01-10,GBPUSD,29126.8
2010-01-11,GBPUSD,248971.4
2010-01-12,GBPUSD,223457.9
2010-01-13,GBPUSD,265826.9
2010-01-14,GBPUSD,220753.9
2010-01-15,GBPUSD,209433.0
2010-01-17,GBPUSD,19445.8
2010-01-18,GBPUSD,154731.4
2010-01-19,GBPUSD,239919.0
2010-01-20,GBPUSD,220539.4
2010-01-21,GBPUSD,241281.0
2010-01-22,GBPUSD,227699.3
2010-01-24,GBPUSD,15803.3
2010-01-25,GBPUSD,194534.7
2010-01-26,GBPUSD,229438.8
2010-01-27,GBPUSD,277980.3
2010-01-28,GBPUSD,224960.0
2010-01-29,GBPUSD,247524.2
2010-01-31,GBPUSD,21229.3
2010-02-01,GBPUSD,268922.1
2010-02-02,GBPUSD,265154.1
2010-02-03,GBPUSD,240956.2
2010-02-04,GBPUSD,232986.1
2010-02-05,GBPUSD,226003.5
2010-02-07,GBPUSD,36843.7
2010-02-08,GBPUSD,253678.8
2010-02-09,GBPUSD,239591.0
2010-02-10,GBPUSD,237438.8
2010-02-11,GBPUSD,284424.2
2010-02-12,GBPUSD,230024.0
2010-02-14,GBPUSD,19766.0
2010-02-15,GBPUSD,118645.6
2010-02-16,GBPUSD,237595.7
2010-02-17,GBPUSD,262543.7
2010-02-18,GBPUSD,255742.6
2010-02-19,GBPUSD,251737.9
2010-02-21,GBPUSD,15668.2
2010-02-22,GBPUSD,247339.1
2010-02-23,GBPUSD,334049.5
2010-02-24,GBPUSD,271709.0
2010-02-25,GBPUSD,253371.0
2010-02-26,GBPUSD,241006.5
2010-02-28,GBPUSD,40262.2
2010-03-01,GBPUSD,315565.8
2010-03-02,GBPUSD,313225.4
2010-03-03,GBPUSD,238727.4
2010-03-04,GBPUSD,216771.5
2010-03-05,GBPUSD,175378.8
2010-03-07,GBPUSD,37190.5
2010-03-08,GBPUSD,286954.8
2010-03-09,GBPUSD,267668.2
2010-03-10,GBPUSD,249280.8
2010-03-11,GBPUSD,208146.4
2010-03-12,GBPUSD,222371.3
2010-03-14,GBPUSD,21329.8
2010-03-15,GBPUSD,271487.2
2010-03-16,GBPUSD,309281.4
2010-03-17,GBPUSD,326833.7
2010-03-18,GBPUSD,233651.5
2010-03-19,GBPUSD,224264.8
2010-03-21,GBPUSD,24850.9
2010-03-22,GBPUSD,243188.6
2010-03-23,GBPUSD,254425.4
2010-03-24,GBPUSD,246339.9
2010-03-25,GBPUSD,215889.5
2010-03-26,GBPUSD,229453.8
2010-03-28,GBPUSD,38678.3
2010-03-29,GBPUSD,254376.9
2010-03-30,GBPUSD,266180.5
2010-03-31,GBPUSD,284998.8
2010-04-01,GBPUSD,215155.0
2010-04-02,GBPUSD,65325.5
2010-04-04,GBPUSD,45841.3
2010-04-05,GBPUSD,100521.0
2010-04-06,GBPUSD,225910.3
2010-04-07,GBPUSD,251664.6
2010-04-08,GBPUSD,258842.6
2010-04-09,GBPUSD,219270.8
2010-04-11,GBPUSD,44939.3
2010-04-12,GBPUSD,234721.8
2010-04-13,GBPUSD,253809.7
2010-04-14,GBPUSD,247471.6
2010-04-15,GBPUSD,279175.4
2010-04-16,GBPUSD,232159.8
2010-04-18,GBPUSD,14851.7
2010-04-19,GBPUSD,254834.5
2010-04-20,GBPUSD,255288.2
2010-04-21,GBPUSD,270113.5
2010-04-22,GBPUSD,339176.5
2010-04-23,GBPUSD,274946.9
2010-04-25,GBPUSD,54517.3
2010-04-26,GBPUSD,329272.6
2010-04-27,GBPUSD,408609.8
2010-04-28,GBPUSD,383453.4
2010-04-29,GBPUSD,362588.1
2010-04-30,GBPUSD,267631.5
2010-05-02,GBPUSD,64140.0
2010-05-03,GBPUSD,236321.8
2010-05-04,GBPUSD,361223.1
2010-05-05,GBPUSD,332285.8
2010-05-06,GBPUSD,304669.8
2010-05-07,GBPUSD,227496.2
2010-05-09,GBPUSD,62876.0
2010-05-10,GBPUSD,272851.6
2010-05-11,GBPUSD,240230.2
2010-05-12,GBPUSD,297052.3
2010-05-13,GBPUSD,238932.2
2010-05-14,GBPUSD,216054.3
2010-05-16,GBPUSD,50338.6
2010-05-17,GBPUSD,213281.7
2010-05-18,GBPUSD,246076.8
2010-05-19,GBPUSD,249090.9
2010-05-20,GBPUSD,255848.7
2010-05-21,GBPUSD,251399.3
2010-05-23,GBPUSD,42761.2
2010-05-24,GBPUSD,213241.6
2010-05-25,GBPUSD,261655.4
2010-05-26,GBPUSD,234335.0
2010-05-27,GBPUSD,246440.9
2010-05-28,GBPUSD,227182.4
2010-05-30,GBPUSD,29507.6
2010-05-31,GBPUSD,131843.2
2010-06-01,GBPUSD,307728.4
2010-06-02,GBPUSD,277123.4
2010-06-03,GBPUSD,275755.8
2010-06-04,GBPUSD,294639.7
2010-06-06,GBPUSD,60018.8
2010-06-07,GBPUSD,374401.2
2010-06-08,GBPUSD,335203.1
2010-06-09,GBPUSD,278157.9
2010-06-10,GBPUSD,263936.2
2010-06-11,GBPUSD,246197.4
2010-06-13,GBPUSD,41872.9
2010-06-14,GBPUSD,263141.5
2010-06-15,GBPUSD,298002.2
2010-06-16,GBPUSD,246910.2
2010-06-17,GBPUSD,209725.3
2010-06-18,GBPUSD,193509.2
2010-06-20,GBPUSD,76524.2
2010-06-21,GBPUSD,242749.9
2010-06-22,GBPUSD,235862.0
2010-06-23,GBPUSD,212150.9
2010-06-24,GBPUSD,229073.2
2010-06-25,GBPUSD,214648.5
2010-06-27,GBPUSD,21345.0
2010-06-28,GBPUSD,269260.3
2010-06-29,GBPUSD,209293.6
2010-06-30,GBPUSD,243859.0
2010-07-01,GBPUSD,265293.8
2010-07-02,GBPUSD,176879.2
2010-07-04,GBPUSD,48834.4
2010-07-05,GBPUSD,165530.6
2010-07-06,GBPUSD,264150.9
2010-07-07,GBPUSD,272067.2
2010-07-08,GBPUSD,229526.9
2010-07-09,GBPUSD,178331.2
2010-07-11,GBPUSD,58147.5
2010-07-12,GBPUSD,255292.2
2010-07-13,GBPUSD,303015.2
2010-07-14,GBPUSD,283909.2
2010-07-15,GBPUSD,304324.8
2010-07-16,GBPUSD,256529.2
2010-07-18,GBPUSD,49245.2
2010-07-19,GBPUSD,243422.3
2010-07-20,GBPUSD,326748.1
2010-07-21,GBPUSD,258898.2
2010-07-22,GBPUSD,227285.2
2010-07-23,GBPUSD,234950.7
2010-07-25,GBPUSD,49595.0
2010-07-26,GBPUSD,243490.6
2010-07-27,GBPUSD,271295.0
2010-07-28,GBPUSD,255075.4
2010-07-29,GBPUSD,251240.7
2010-07-30,GBPUSD,234409.0
2010-08-01,GBPUSD,54417.1
2010-08-02,GBPUSD,273688.4
2010-08-03,GBPUSD,243642.5
2010-08-04,GBPUSD,222382.2
2010-08-05,GBPUSD,165290.5
2010-08-06,GBPUSD,178688.6
2010-08-08,GBPUSD,44487.3
2010-08-09,GBPUSD,233198.6
2010-08-10,GBPUSD,319147.6
2010-08-11,GBPUSD,285435.5
2010-08-12,GBPUSD,259028.2
2010-08-13,GBPUSD,246375.1
2010-08-15,GBPUSD,26431.4
2010-08-16,GBPUSD,255501.7
2010-08-17,GBPUSD,275184.8
2010-08-18,GBPUSD,242560.3
2010-08-19,GBPUSD,253398.0
2010-08-20,GBPUSD,225905.5
2010-08-22,GBPUSD,32018.5
2010-08-23,GBPUSD,230984.4
2010-08-24,GBPUSD,267706.5
2010-08-25,GBPUSD,341502.8
2010-08-26,GBPUSD,364222.9
2010-08-27,GBPUSD,302516.4
2010-08-29,GBPUSD,20617.3
2010-08-30,GBPUSD,211126.9
2010-08-31,GBPUSD,303293.8
2010-09-01,GBPUSD,288141.2
2010-09-02,GBPUSD,237280.9
2010-09-03,GBPUSD,208573.2
2010-09-05,GBPUSD,13467.4
2010-09-06,GBPUSD,171935.3
2010-09-07,GBPUSD,317220.5
2010-09-08,GBPUSD,309227.1
2010-09-09,GBPUSD,299088.8
2010-09-10,GBPUSD,272396.8
2010-09-12,GBPUSD,60993.8
2010-09-13,GBPUSD,259996.3
2010-09-14,GBPUSD,238182.3
2010-09-15,GBPUSD,277825.0
2010-09-16,GBPUSD,253660.4
2010-09-17,GBPUSD,226673.5
2010-09-19,GBPUSD,21368.3
2010-09-20,GBPUSD,231737.4
2010-09-21,GBPUSD,241088.2
2010-09-22,GBPUSD,264908.7
2010-09-23,GBPUSD,217481.7
2010-09-24,GBPUSD,201686.8
2010-09-26,GBPUSD,25054.4
2010-09-27,GBPUSD,276271.2
2010-09-28,GBPUSD,319302.4
2010-09-29,GBPUSD,381534.8
2010-09-30,GBPUSD,327251.4
2010-10-01,GBPUSD,260042.0
2010-10-03,GBPUSD,25395.7
2010-10-04,GBPUSD,203291.4
2010-10-05,GBPUSD,276789.3
2010-10-06,GBPUSD,288469.3
2010-10-07,GBPUSD,253896.7
2010-10-08,GBPUSD,206197.1
2010-10-10,GBPUSD,30168.3
2010-10-11,GBPUSD,272642.8
2010-10-12,GBPUSD,313384.9
2010-10-13,GBPUSD,306665.6
2010-10-14,GBPUSD,284190.9
2010-10-15,GBPUSD,211512.7
2010-10-17,GBPUSD,36918.7
2010-10-18,GBPUSD,273326.7
2010-10-19,GBPUSD,287439.9
2010-10-20,GBPUSD,245138.3
2010-10-21,GBPUSD,273973.3
2010-10-22,GBPUSD,227231.6
2010-10-24,GBPUSD,49174.6
2010-10-25,GBPUSD,164404.9
2010-10-26,GBPUSD,100969.3
2010-10-27,GBPUSD,111561.0
2010-10-28,GBPUSD,116866.8
2010-10-29,GBPUSD,96733.5
2010-10-31,GBPUSD,19277.9
2010-11-01,GBPUSD,96225.9
2010-11-02,GBPUSD,103452.8
2010-11-03,GBPUSD,110624.0
2010-11-04,GBPUSD,104122.5
2010-11-05,GBPUSD,95332.1
2010-11-07,GBPUSD,21357.0
2010-11-08,GBPUSD,99452.3
2010-11-09,GBPUSD,102921.8
2010-11-10,GBPUSD,105630.0
2010-11-11,GBPUSD,100807.1
2010-11-12,GBPUSD,98606.6
2010-11-14,GBPUSD,9497.5
2010-11-15,GBPUSD,58346.4
2010-11-16,GBPUSD,62820.7
2010-11-17,GBPUSD,54773.1
2010-11-18,GBPUSD,63003.7
2010-11-19,GBPUSD,49746.5
2010-11-21,GBPUSD,6699.0
2010-11-22,GBPUSD,49810.0
2010-11-23,GBPUSD,64014.5
2010-11-24,GBPUSD,62250.3
2010-11-25,GBPUSD,63279.6
2010-11-26,GBPUSD,49569.1
2010-11-28,GBPUSD,7247.9
2010-11-29,GBPUSD,94021.3
2010-11-30,GBPUSD,148775.5
2010-12-01,GBPUSD,138602.7
2010-12-02,GBPUSD,131659.5
2010-12-03,GBPUSD,129906.7
2010-12-05,GBPUSD,15024.3
2010-12-06,GBPUSD,108913.5
2010-12-07,GBPUSD,130167.6
2010-12-08,GBPUSD,132412.0
2010-12-09,GBPUSD,123074.7
2010-12-10,GBPUSD,102190.7
2010-12-12,GBPUSD,11252.3
2010-12-13,GBPUSD,131092.5
2010-12-14,GBPUSD,139863.6
2010-12-15,GBPUSD,145995.2
2010-12-16,GBPUSD,114551.8
2010-12-17,GBPUSD,112889.0
2010-12-19,GBPUSD,8720.0
2010-12-20,GBPUSD,116112.9
2010-12-21,GBPUSD,119840.9
2010-12-22,GBPUSD,106947.4
2010-12-23,GBPUSD,96388.6
2010-12-24,GBPUSD,42386.0
2010-12-26,GBPUSD,11029.7
2010-12-27,GBPUSD,72883.0
2010-12-28,GBPUSD,90063.9
2010-12-29,GBPUSD,96549.3
2010-12-30,GBPUSD,93661.6
2010-12-31,GBPUSD,81926.0
2011-01-02,GBPUSD,10198.3
2011-01-03,GBPUSD,93334.6
2011-01-04,GBPUSD,125868.8
2011-01-05,GBPUSD,128709.6
2011-01-06,GBPUSD,134226.3
2011-01-07,GBPUSD,125340.5
2011-01-09,GBPUSD,16505.6
2011-01-10,GBPUSD,119459.4
2011-01-11,GBPUSD,118168.0
2011-01-12,GBPUSD,138511.6
2011-01-13,GBPUSD,139211.3
2011-01-14,GBPUSD,124643.0
2011-01-16,GBPUSD,12035.1
2011-01-17,GBPUSD,109294.1
2011-01-18,GBPUSD,149590.4
2011-01-19,GBPUSD,143035.0
2011-01-20,GBPUSD,149865.8
2011-01-21,GBPUSD,127270.8
2011-01-23,GBPUSD,13194.6
2011-01-24,GBPUSD,115152.0
2011-01-25,GBPUSD,145174.0
2011-01-26,GBPUSD,136007.3
2011-01-27,GBPUSD,130443.3
2011-01-28,GBPUSD,118277.4
2011-01-30,GBPUSD,13378.9
2011-01-31,GBPUSD,136227.0
2011-02-01,GBPUSD,152331.5
2011-02-02,GBPUSD,156643.1
2011-02-03,GBPUSD,159464.5
2011-02-04,GBPUSD,148435.5
2011-02-06,GBPUSD,15420.3
2011-02-07,GBPUSD,154541.8
2011-02-08,GBPUSD,172036.7
2011-02-09,GBPUSD,149103.6
2011-02-10,GBPUSD,153876.8
2011-02-11,GBPUSD,150976.8
2011-02-13,GBPUSD,18854.7
2011-02-14,GBPUSD,173072.3
2011-02-15,GBPUSD,200058.8
2011-02-16,GBPUSD,201890.8
2011-02-17,GBPUSD,186891.6
2011-02-18,GBPUSD,178685.3
2011-02-20,GBPUSD,14464.0
2011-02-21,GBPUSD,119813.5
2011-02-22,GBPUSD,197213.7
2011-02-23,GBPUSD,189962.9
2011-02-24,GBPUSD,205181.8
2011-02-25,GBPUSD,176024.6
2011-02-27,GBPUSD,23140.0
2011-02-28,GBPUSD,193160.2
2011-03-01,GBPUSD,196636.8
2011-03-02,GBPUSD,177066.8
2011-03-03,GBPUSD,176517.0
2011-03-04,GBPUSD,159888.8
2011-03-06,GBPUSD,17291.9
2011-03-07,GBPUSD,160477.0
2011-03-08,GBPUSD,117365.6
2011-03-09,GBPUSD,161441.9
2011-03-10,GBPUSD,192893.5
2011-03-11,GBPUSD,184681.8
2011-03-13,GBPUSD,21369.7
2011-03-14,GBPUSD,181782.0
2011-03-15,GBPUSD,240595.6
2011-03-16,GBPUSD,223221.8
2011-03-17,GBPUSD,217701.3
2011-03-18,GBPUSD,210380.1
2011-03-20,GBPUSD,32171.5
2011-03-21,GBPUSD,167373.0
2011-03-22,GBPUSD,167147.6
2011-03-23,GBPUSD,178542.0
2011-03-24,GBPUSD,173089.4
2011-03-25,GBPUSD,159671.9
2011-03-27,GBPUSD,17214.9
2011-03-28,GBPUSD,159992.1
2011-03-29,GBPUSD,161555.2
2011-03-30,GBPUSD,179872.4
2011-03-31,GBPUSD,178575.5
2011-04-01,GBPUSD,171744.0
2011-04-03,GBPUSD,13356.3
2011-04-04,GBPUSD,157158.8
2011-04-05,GBPUSD,173368.8
2011-04-06,GBPUSD,178328.9
2011-04-07,GBPUSD,172063.2
2011-04-08,GBPUSD,176389.2
2011-04-10,GBPUSD,12106.4
2011-04-11,GBPUSD,157761.0
2011-04-12,GBPUSD,193475.5
2011-04-13,GBPUSD,163996.5
2011-04-14,GBPUSD,179547.7
2011-04-15,GBPUSD,151056.1
2011-04-17,GBPUSD,19037.8
2011-04-18,GBPUSD,181635.4
2011-04-19,GBPUSD,179631.7
2011-04-20,GBPUSD,185006.9
2011-04-21,GBPUSD,182129.2
2011-04-22,GBPUSD,41706.1
2011-04-24,GBPUSD,11045.0
2011-04-25,GBPUSD,109955.4
2011-04-26,GBPUSD,178053.6
2011-04-27,GBPUSD,198617.9
2011-04-28,GBPUSD,163369.9
2011-04-29,GBPUSD,110800.0
2011-05-01,GBPUSD,18359.6
2011-05-02,GBPUSD,125592.4
2011-05-03,GBPUSD,171993.2
2011-05-04,GBPUSD,201434.9
2011-05-05,GBPUSD,207516.7
2011-05-06,GBPUSD,220984.3
2011-05-08,GBPUSD,15980.6
2011-05-09,GBPUSD,198629.1
2011-05-10,GBPUSD,194718.3
2011-05-11,GBPUSD,203626.7
2011-05-12,GBPUSD,213381.1
2011-05-13,GBPUSD,187639.6
2011-05-15,GBPUSD,18485.5
2011-05-16,GBPUSD,180252.1
2011-05-17,GBPUSD,193051.0
2011-05-18,GBPUSD,184535.8
2011-05-19,GBPUSD,184244.0
2011-05-20,GBPUSD,171955.2
2011-05-22,GBPUSD,19405.5
2011-05-23,GBPUSD,187816.2
2011-05-24,GBPUSD,176533.2
2011-05-25,GBPUSD,186593.6
2011-05-26,GBPUSD,178582.1
2011-05-27,GBPUSD,172896.1
2011-05-29,GBPUSD,19657.9
2011-05-30,GBPUSD,80389.5
2011-05-31,GBPUSD,164915.2
2011-06-01,GBPUSD,168735.4
2011-06-02,GBPUSD,159824.4
2011-06-03,GBPUSD,162373.3
2011-06-05,GBPUSD,19401.9
2011-06-06,GBPUSD,153204.4
2011-06-07,GBPUSD,158893.0
2011-06-08,GBPUSD,159116.0
2011-06-09,GBPUSD,162300.5
2011-06-10,GBPUSD,165399.0
2011-06-12,GBPUSD,12623.1
2011-06-13,GBPUSD,161573.3
2011-06-14,GBPUSD,168599.0
2011-06-15,GBPUSD,173646.8
2011-06-16,GBPUSD,195263.3
2011-06-17,GBPUSD,164721.9
2011-06-19,GBPUSD,17453.9
2011-06-20,GBPUSD,159654.9
2011-06-21,GBPUSD,151758.2
2011-06-22,GBPUSD,174388.2
2011-06-23,GBPUSD,185503.0
2011-06-24,GBPUSD,161918.5
2011-06-26,GBPUSD,19135.9
2011-06-27,GBPUSD,175021.1
2011-06-28,GBPUSD,180426.3
2011-06-29,GBPUSD,176309.9
2011-06-30,GBPUSD,173778.2
2011-07-01,GBPUSD,153380.5
2011-07-03,GBPUSD,14864.4
2011-07-04,GBPUSD,103012.6
2011-07-05,GBPUSD,154479.5
2011-07-06,GBPUSD,152555.3
2011-07-07,GBPUSD,159455.6
2011-07-08,GBPUSD,157159.7
2011-07-10,GBPUSD,16843.9
2011-07-11,GBPUSD,176028.3
2011-07-12,GBPUSD,219385.3
2011-07-13,GBPUSD,188432.7
2011-07-14,GBPUSD,174424.8
2011-07-15,GBPUSD,156027.0
2011-07-17,GBPUSD,19775.9
2011-07-18,GBPUSD,158629.2
2011-07-19,GBPUSD,160363.7
2011-07-20,GBPUSD,161349.6
2011-07-21,GBPUSD,188568.8
2011-07-22,GBPUSD,160852.2
2011-07-24,GBPUSD,17044.2
2011-07-25,GBPUSD,147732.8
2011-07-26,GBPUSD,181447.0
2011-07-27,GBPUSD,179446.8
2011-07-28,GBPUSD,165747.3
2011-07-29,GBPUSD,178756.7
2011-07-31,GBPUSD,16733.0
2011-08-01,GBPUSD,182299.0
2011-08-02,GBPUSD,186134.3
2011-08-03,GBPUSD,210146.4
2011-08-04,GBPUSD,220751.2
2011-08-05,GBPUSD,223175.4
2011-08-07,GBPUSD,25883.8
2011-08-08,GBPUSD,247725.0
2011-08-09,GBPUSD,257756.0
2011-08-10,GBPUSD,216022.0
2011-08-11,GBPUSD,217626.1
2011-08-12,GBPUSD,182853.2
2011-08-14,GBPUSD,12930.8
2011-08-15,GBPUSD,162435.4
2011-08-16,GBPUSD,174180.0
2011-08-17,GBPUSD,180425.5
2011-08-18,GBPUSD,184102.4
2011-08-19,GBPUSD,202977.2
2011-08-21,GBPUSD,16304.9
2011-08-22,GBPUSD,181944.4
2011-08-23,GBPUSD,188258.2
2011-08-24,GBPUSD,178104.9
2011-08-25,GBPUSD,166868.1
2011-08-26,GBPUSD,170409.3
2011-08-28,GBPUSD,12329.5
2011-08-29,GBPUSD,125777.5
2011-08-30,GBPUSD,153092.7
2011-08-31,GBPUSD,162531.7
2011-09-01,GBPUSD,157085.9
2011-09-02,GBPUSD,149425.6
2011-09-04,GBPUSD,16007.6
2011-09-05,GBPUSD,135821.0
2011-09-06,GBPUSD,175005.7
2011-09-07,GBPUSD,185763.2
2011-09-08,GBPUSD,184664.1
2011-09-09,GBPUSD,201418.7
2011-09-11,GBPUSD,20051.6
2011-09-12,GBPUSD,210831.7
2011-09-13,GBPUSD,207315.1
2011-09-14,GBPUSD,201661.9
2011-09-15,GBPUSD,173788.9
2011-09-16,GBPUSD,158580.7
2011-09-18,GBPUSD,18655.6
2011-09-19,GBPUSD,167794.9
2011-09-20,GBPUSD,171707.1
2011-09-21,GBPUSD,187728.3
2011-09-22,GBPUSD,216217.2
2011-09-23,GBPUSD,200359.7
2011-09-25,GBPUSD,20703.7
2011-09-26,GBPUSD,215100.1
2011-09-27,GBPUSD,198696.6
2011-09-28,GBPUSD,192040.8
2011-09-29,GBPUSD,202085.3
2011-09-30,GBPUSD,188306.7
2011-10-02,GBPUSD,22905.5
2011-10-03,GBPUSD,199605.6
2011-10-04,GBPUSD,232925.0
2011-10-05,GBPUSD,213586.9
2011-10-06,GBPUSD,226449.9
2011-10-07,GBPUSD,198037.2
2011-10-09,GBPUSD,29770.9
2011-10-10,GBPUSD,187745.8
2011-10-11,GBPUSD,194905.9
2011-10-12,GBPUSD,201282.4
2011-10-13,GBPUSD,206468.2
2011-10-14,GBPUSD,172599.0
2011-10-16,GBPUSD,22409.3
2011-10-17,GBPUSD,184558.4
2011-10-18,GBPUSD,218909.0
2011-10-19,GBPUSD,207233.1
2011-10-20,GBPUSD,211972.6
2011-10-21,GBPUSD,189246.9
2011-10-23,GBPUSD,21053.7
2011-10-24,GBPUSD,182156.0
2011-10-25,GBPUSD,191343.7
2011-10-26,GBPUSD,173553.0
2011-10-27,GBPUSD,219529.8
2011-10-28,GBPUSD,189421.5
2011-10-30,GBPUSD,8230.7
2011-10-31,GBPUSD,233634.7
2011-11-01,GBPUSD,246615.9
2011-11-02,GBPUSD,215103.8
2011-11-03,GBPUSD,223423.5
2011-11-04,GBPUSD,189016.2
2011-11-06,GBPUSD,24185.0
2011-11-07,GBPUSD,197184.7
2011-11-08,GBPUSD,186911.0
2011-11-09,GBPUSD,213987.0
2011-11-10,GBPUSD,212012.1
2011-11-11,GBPUSD,172659.9
2011-11-13,GBPUSD,19706.1
2011-11-14,GBPUSD,194705.7
2011-11-15,GBPUSD,208531.5
2011-11-16,GBPUSD,235997.3
2011-11-17,GBPUSD,242447.4
2011-11-18,GBPUSD,235958.6
2011-11-20,GBPUSD,19878.9
2011-11-21,GBPUSD,226485.1
2011-11-22,GBPUSD,236132.9
2011-11-23,GBPUSD,240417.5
2011-11-24,GBPUSD,185319.0
2011-11-25,GBPUSD,191259.1
2011-11-27,GBPUSD,29745.4
2011-11-28,GBPUSD,224063.8
2011-11-29,GBPUSD,230911.4
2011-11-30,GBPUSD,239978.7
2011-12-01,GBPUSD,210507.7
2011-12-02,GBPUSD,192593.7
2011-12-04,GBPUSD,12605.8
2011-12-05,GBPUSD,184712.1
2011-12-06,GBPUSD,214440.5
2011-12-07,GBPUSD,203380.2
2011-12-08,GBPUSD,216401.4
2011-12-09,GBPUSD,215054.3
2011-12-11,GBPUSD,20082.9
2011-12-12,GBPUSD,240131.5
2011-12-13,GBPUSD,250416.8
2011-12-14,GBPUSD,225318.0
2011-12-15,GBPUSD,214857.7
2011-12-16,GBPUSD,194325.0
2011-12-18,GBPUSD,17603.2
2011-12-19,GBPUSD,205364.6
2011-12-20,GBPUSD,203950.1
2011-12-21,GBPUSD,222086.0
2011-12-22,GBPUSD,170694.7
2011-12-23,GBPUSD,126347.8
2011-12-25,GBPUSD,1474.6
2011-12-26,GBPUSD,30186.2
2011-12-27,GBPUSD,89182.0
2011-12-28,GBPUSD,165466.0
2011-12-29,GBPUSD,166117.5
2011-12-30,GBPUSD,145615.7
2012-01-01,GBPUSD,3560.2
2012-01-02,GBPUSD,41587.0
2012-01-03,GBPUSD,194121.1
2012-01-04,GBPUSD,206958.3
2012-01-05,GBPUSD,210382.5
2012-01-06,GBPUSD,194811.3
2012-01-08,GBPUSD,15998.3
2012-01-09,GBPUSD,201713.3
2012-01-10,GBPUSD,204473.8
2012-01-11,GBPUSD,214285.0
2012-01-12,GBPUSD,228509.9
2012-01-13,GBPUSD,232216.9
2012-01-15,GBPUSD,17850.6
2012-01-16,GBPUSD,167092.1
2012-01-17,GBPUSD,210287.7
2012-01-18,GBPUSD,231080.6
2012-01-19,GBPUSD,215722.9
2012-01-20,GBPUSD,197904.4
2012-01-22,GBPUSD,25357.0
2012-01-23,GBPUSD,207102.1
2012-01-24,GBPUSD,211769.5
2012-01-25,GBPUSD,231682.8
2012-01-26,GBPUSD,217703.7
2012-01-27,GBPUSD,207462.5
2012-01-29,GBPUSD,17028.2
2012-01-30,GBPUSD,210281.2
2012-01-31,GBPUSD,234792.1
2012-02-01,GBPUSD,244635.2
2012-02-02,GBPUSD,215370.8
2012-02-03,GBPUSD,200844.8
2012-02-05,GBPUSD,18304.3
2012-02-06,GBPUSD,181771.5
2012-02-07,GBPUSD,192093.8
2012-02-08,GBPUSD,174697.1
2012-02-09,GBPUSD,183573.1
2012-02-10,GBPUSD,161167.5
2012-02-12,GBPUSD,20705.2
2012-02-13,GBPUSD,158038.9
2012-02-14,GBPUSD,178901.5
2012-02-15,GBPUSD,186173.1
2012-02-16,GBPUSD,183723.4
2012-02-17,GBPUSD,156986.9
2012-02-19,GBPUSD,27765.9
2012-02-20,GBPUSD,117055.5
2012-02-21,GBPUSD,169702.6
2012-02-22,GBPUSD,154675.4
2012-02-23,GBPUSD,143563.8
2012-02-24,GBPUSD,138646.8
2012-02-26,GBPUSD,31299.1
2012-02-27,GBPUSD,157855.2
2012-02-28,GBPUSD,148740.8
2012-02-29,GBPUSD,172270.8
2012-03-01,GBPUSD,158578.7
2012-03-02,GBPUSD,139778.7
2012-03-04,GBPUSD,15963.5
2012-03-05,GBPUSD,113383.4
2012-03-06,GBPUSD,133354.4
2012-03-07,GBPUSD,125001.0
2012-03-08,GBPUSD,130192.1
2012-03-09,GBPUSD,134170.4
2012-03-11,GBPUSD,13118.3
2012-03-12,GBPUSD,130279.7
2012-03-13,GBPUSD,145333.1
2012-03-14,GBPUSD,144384.0
2012-03-15,GBPUSD,136505.2
2012-03-16,GBPUSD,127944.9
2012-03-18,GBPUSD,9867.9
2012-03-19,GBPUSD,118418.1
2012-03-20,GBPUSD,121487.1
2012-03-21,GBPUSD,155802.1
2012-03-22,GBPUSD,149611.6
2012-03-23,GBPUSD,136968.1
2012-03-25,GBPUSD,9581.9
2012-03-26,GBPUSD,136657.6
2012-03-27,GBPUSD,133354.4
2012-03-28,GBPUSD,146026.4
2012-03-29,GBPUSD,137028.5
2012-03-30,GBPUSD,133809.0
2012-04-01,GBPUSD,9988.7
2012-04-02,GBPUSD,125911.2
2012-04-03,GBPUSD,146329.3
2012-04-04,GBPUSD,138645.9
2012-04-05,GBPUSD,120836.5
2012-04-06,GBPUSD,48708.9
2012-04-08,GBPUSD,10730.0
2012-04-09,GBPUSD,66458.3
2012-04-10,GBPUSD,157638.6
2012-04-11,GBPUSD,141859.2
2012-04-12,GBPUSD,139048.7
2012-04-13,GBPUSD,133547.6
2012-04-15,GBPUSD,15752.9
2012-04-16,GBPUSD,162257.7
2012-04-17,GBPUSD,145069.6
2012-04-18,GBPUSD,155389.3
2012-04-19,GBPUSD,157514.9
2012-04-20,GBPUSD,138913.9
2012-04-22,GBPUSD,11912.5
2012-04-23,GBPUSD,142725.8
2012-04-24,GBPUSD,136084.9
2012-04-25,GBPUSD,166700.0
2012-04-26,GBPUSD,154233.8
2012-04-27,GBPUSD,154483.3
2012-04-29,GBPUSD,12133.5
2012-04-30,GBPUSD,136476.6
2012-05-01,GBPUSD,110172.0
2012-05-02,GBPUSD,146450.0
2012-05-03,GBPUSD,131979.9
2012-05-04,GBPUSD,126907.5
2012-05-06,GBPUSD,12709.0
2012-05-07,GBPUSD,125648.2
2012-05-08,GBPUSD,153915.8
2012-05-09,GBPUSD,178091.6
2012-05-10,GBPUSD,161817.9
2012-05-11,GBPUSD,158547.8
2012-05-13,GBPUSD,11352.3
2012-05-14,GBPUSD,143204.9
2012-05-15,GBPUSD,151511.5
2012-05-16,GBPUSD,196486.0
2012-05-17,GBPUSD,187247.5
2012-05-18,GBPUSD,179789.3
2012-05-20,GBPUSD,10245.6
2012-05-21,GBPUSD,169899.1
2012-05-22,GBPUSD,168977.7
2012-05-23,GBPUSD,200933.6
2012-05-24,GBPUSD,181795.8
2012-05-25,GBPUSD,155502.4
2012-05-27,GBPUSD,10609.3
2012-05-28,GBPUSD,98066.3
2012-05-29,GBPUSD,155967.8
2012-05-30,GBPUSD,184501.8
2012-05-31,GBPUSD,191553.3
2012-06-01,GBPUSD,205763.1
2012-06-03,GBPUSD,12021.1
2012-06-04,GBPUSD,138081.7
2012-06-05,GBPUSD,154525.3
2012-06-06,GBPUSD,179003.9
2012-06-07,GBPUSD,184023.2
2012-06-08,GBPUSD,167065.2
2012-06-10,GBPUSD,18502.4
2012-06-11,GBPUSD,172157.1
2012-06-12,GBPUSD,182922.8
2012-06-13,GBPUSD,173701.3
2012-06-14,GBPUSD,173584.1
2012-06-15,GBPUSD,153108.0
2012-06-17,GBPUSD,14356.3
2012-06-18,GBPUSD,174430.9
2012-06-19,GBPUSD,186157.5
2012-06-20,GBPUSD,194050.5
2012-06-21,GBPUSD,206868.0
2012-06-22,GBPUSD,171214.6
2012-06-24,GBPUSD,11120.6
2012-06-25,GBPUSD,147048.1
2012-06-26,GBPUSD,180934.6
2012-06-27,GBPUSD,158963.9
2012-06-28,GBPUSD,198330.8
2012-06-29,GBPUSD,218322.8
2012-07-01,GBPUSD,15704.6
2012-07-02,GBPUSD,174182.8
2012-07-03,GBPUSD,152394.1
2012-07-04,GBPUSD,126169.7
2012-07-05,GBPUSD,184287.9
2012-07-06,GBPUSD,162379.0
2012-07-08,GBPUSD,17402.9
2012-07-09,GBPUSD,137673.2
2012-07-10,GBPUSD,163498.9
2012-07-11,GBPUSD,161081.5
2012-07-12,GBPUSD,167176.2
2012-07-13,GBPUSD,158083.5
2012-07-15,GBPUSD,13356.2
2012-07-16,GBPUSD,153309.7
2012-07-17,GBPUSD,180458.2
2012-07-18,GBPUSD,175033.7
2012-07-19,GBPUSD,180316.6
2012-07-20,GBPUSD,166889.2
2012-07-22,GBPUSD,16117.6
2012-07-23,GBPUSD,202002.5
2012-07-24,GBPUSD,197508.1
2012-07-25,GBPUSD,212091.5
2012-07-26,GBPUSD,214888.9
2012-07-27,GBPUSD,208871.2
2012-07-29,GBPUSD,7137.7
2012-07-30,GBPUSD,167684.0
2012-07-31,GBPUSD,187497.2
2012-08-01,GBPUSD,174211.4
2012-08-02,GBPUSD,195652.7
2012-08-03,GBPUSD,179017.1
2012-08-05,GBPUSD,17599.1
2012-08-06,GBPUSD,162467.5
2012-08-07,GBPUSD,160979.0
2012-08-08,GBPUSD,160182.7
2012-08-09,GBPUSD,156746.7
2012-08-10,GBPUSD,141811.4
2012-08-12,GBPUSD,7240.3
2012-08-13,GBPUSD,133748.7
2012-08-14,GBPUSD,136852.5
2012-08-15,GBPUSD,122293.0
2012-08-16,GBPUSD,135489.7
2012-08-17,GBPUSD,119855.9
2012-08-19,GBPUSD,8867.3
2012-08-20,GBPUSD,118313.6
2012-08-21,GBPUSD,150040.0
2012-08-22,GBPUSD,143900.9
2012-08-23,GBPUSD,155221.4
2012-08-24,GBPUSD,129421.7
2012-08-26,GBPUSD,10325.3
2012-08-27,GBPUSD,85558.6
2012-08-28,GBPUSD,138604.7
2012-08-29,GBPUSD,118294.2
2012-08-30,GBPUSD,121545.7
2012-08-31,GBPUSD,147694.0
2012-09-02,GBPUSD,12663.2
2012-09-03,GBPUSD,96715.7
2012-09-04,GBPUSD,129088.0
2012-09-05,GBPUSD,161486.0
2012-09-06,GBPUSD,158896.5
2012-09-07,GBPUSD,150797.0
2012-09-09,GBPUSD,6416.2
2012-09-10,GBPUSD,119101.0
2012-09-11,GBPUSD,144718.7
2012-09-12,GBPUSD,156019.5
2012-09-13,GBPUSD,148536.1
2012-09-14,GBPUSD,155700.7
2012-09-16,GBPUSD,8941.0
2012-09-17,GBPUSD,122751.8
2012-09-18,GBPUSD,135477.1
2012-09-19,GBPUSD,140523.6
2012-09-20,GBPUSD,147551.1
2012-09-21,GBPUSD,137767.2
2012-09-23,GBPUSD,8568.8
2012-09-24,GBPUSD,109926.4
2012-09-25,GBPUSD,129950.9
2012-09-26,GBPUSD,128595.9
2012-09-27,GBPUSD,129145.0
2012-09-28,GBPUSD,159333.9
2012-09-30,GBPUSD,11911.3
2012-10-01,GBPUSD,134253.2
2012-10-02,GBPUSD,131145.5
2012-10-03,GBPUSD,136383.3
2012-10-04,GBPUSD,145540.7
2012-10-05,GBPUSD,128336.2
2012-10-07,GBPUSD,14777.1
2012-10-08,GBPUSD,123263.1
2012-10-09,GBPUSD,149422.8
2012-10-10,GBPUSD,139562.6
2012-10-11,GBPUSD,114925.6
2012-10-12,GBPUSD,124894.3
2012-10-14,GBPUSD,6247.7
2012-10-15,GBPUSD,135101.0
2012-10-16,GBPUSD,137217.8
2012-10-17,GBPUSD,121542.7
2012-10-18,GBPUSD,121895.6
2012-10-19,GBPUSD,115811.1
2012-10-21,GBPUSD,7188.6
2012-10-22,GBPUSD,113611.3
2012-10-23,GBPUSD,123588.0
2012-10-24,GBPUSD,138217.5
2012-10-25,GBPUSD,137282.5
2012-10-26,GBPUSD,123777.2
2012-10-28,GBPUSD,7759.3
2012-10-29,GBPUSD,85101.2
2012-10-30,GBPUSD,91971.2
2012-10-31,GBPUSD,120216.9
2012-11-01,GBPUSD,115992.8
2012-11-02,GBPUSD,112304.1
2012-11-04,GBPUSD,7746.6
2012-11-05,GBPUSD,103055.9
2012-11-06,GBPUSD,103842.1
2012-11-07,GBPUSD,141023.6
2012-11-08,GBPUSD,113847.4
2012-11-09,GBPUSD,117821.5
2012-11-11,GBPUSD,10911.5
2012-11-12,GBPUSD,71109.3
2012-11-13,GBPUSD,112100.2
2012-11-14,GBPUSD,120539.8
2012-11-15,GBPUSD,114206.8
2012-11-16,GBPUSD,104017.5
2012-11-18,GBPUSD,12332.4
2012-11-19,GBPUSD,94288.1
2012-11-20,GBPUSD,101308.1
2012-11-21,GBPUSD,104845.7
2012-11-22,GBPUSD,82366.8
2012-11-23,GBPUSD,91663.3
2012-11-25,GBPUSD,11842.3
2012-11-26,GBPUSD,94218.1
2012-11-27,GBPUSD,109309.3
2012-11-28,GBPUSD,121813.1
2012-11-29,GBPUSD,113123.5
2012-11-30,GBPUSD,118403.5
2012-12-02,GBPUSD,8706.8
2012-12-03,GBPUSD,101620.6
2012-12-04,GBPUSD,94298.3
2012-12-05,GBPUSD,104538.9
2012-12-06,GBPUSD,111624.7
2012-12-07,GBPUSD,108707.2
2012-12-09,GBPUSD,13084.6
2012-12-10,GBPUSD,78924.4
2012-12-11,GBPUSD,95374.6
2012-12-12,GBPUSD,106077.7
2012-12-13,GBPUSD,107931.0
2012-12-14,GBPUSD,105529.0
2012-12-16,GBPUSD,13544.0
2012-12-17,GBPUSD,108294.5
2012-12-18,GBPUSD,109129.8
2012-12-19,GBPUSD,123646.8
2012-12-20,GBPUSD,120479.7
2012-12-21,GBPUSD,138761.8
2012-12-23,GBPUSD,10700.0
2012-12-24,GBPUSD,82315.0
2012-12-25,GBPUSD,16295.5
2012-12-26,GBPUSD,68408.7
2012-12-27,GBPUSD,120850.6
2012-12-28,GBPUSD,99625.2
2012-12-30,GBPUSD,7243.6
2012-12-31,GBPUSD,99826.3
2013-01-01,GBPUSD,2048.0
2013-01-02,GBPUSD,153682.8
2013-01-03,GBPUSD,141402.1
2013-01-04,GBPUSD,141673.9
2013-01-06,GBPUSD,4269.7
2013-01-07,GBPUSD,135698.7
2013-01-08,GBPUSD,134534.6
2013-01-09,GBPUSD,145057.3
2013-01-10,GBPUSD,166041.0
2013-01-11,GBPUSD,147389.0
2013-01-13,GBPUSD,5507.8
2013-01-14,GBPUSD,144813.2
2013-01-15,GBPUSD,164024.8
2013-01-16,GBPUSD,161250.6
2013-01-17,GBPUSD,159293.2
2013-01-18,GBPUSD,166598.3
2013-01-20,GBPUSD,4466.5
2013-01-21,GBPUSD,95289.5
2013-01-22,GBPUSD,172686.3
2013-01-23,GBPUSD,157544.5
2013-01-24,GBPUSD,164960.1
2013-01-25,GBPUSD,170327.4
2013-01-27,GBPUSD,5938.7
2013-01-28,GBPUSD,152393.1
2013-01-29,GBPUSD,150156.9
2013-01-30,GBPUSD,155994.2
2013-01-31,GBPUSD,153545.6
2013-02-01,GBPUSD,173959.4
2013-02-03,GBPUSD,4303.0
2013-02-04,GBPUSD,139085.7
2013-02-05,GBPUSD,171545.0
2013-02-06,GBPUSD,155115.9
2013-02-07,GBPUSD,185551.1
2013-02-08,GBPUSD,155073.7
2013-02-10,GBPUSD,4460.7
2013-02-11,GBPUSD,133490.5
2013-02-12,GBPUSD,158068.8
2013-02-13,GBPUSD,156638.8
2013-02-14,GBPUSD,151053.5
2013-02-15,GBPUSD,167422.2
2013-02-17,GBPUSD,6315.1
2013-02-18,GBPUSD,119628.5
2013-02-19,GBPUSD,129096.0
2013-02-20,GBPUSD,160247.2
2013-02-21,GBPUSD,180426.1
2013-02-22,GBPUSD,141117.4
2013-02-24,GBPUSD,9594.4
2013-02-25,GBPUSD,204325.0
2013-02-26,GBPUSD,207717.0
2013-02-27,GBPUSD,200309.5
2013-02-28,GBPUSD,173008.2
2013-03-01,GBPUSD,154156.9
2013-03-03,GBPUSD,4795.1
2013-03-04,GBPUSD,127458.7
2013-03-05,GBPUSD,143718.3
2013-03-06,GBPUSD,139044.5
2013-03-07,GBPUSD,170794.3
2013-03-08,GBPUSD,142075.1
2013-03-10,GBPUSD,5635.0
2013-03-11,GBPUSD,114019.9
2013-03-12,GBPUSD,139380.2
2013-03-13,GBPUSD,147369.9
2013-03-14,GBPUSD,168866.7
2013-03-15,GBPUSD,162619.6
2013-03-17,GBPUSD,16079.9
2013-03-18,GBPUSD,166189.2
2013-03-19,GBPUSD,173984.5
2013-03-20,GBPUSD,186770.2
2013-03-21,GBPUSD,171405.7
2013-03-22,GBPUSD,148973.4
2013-03-24,GBPUSD,11947.6
2013-03-25,GBPUSD,163930.4
2013-03-26,GBPUSD,134423.7
2013-03-27,GBPUSD,138931.4
2013-03-28,GBPUSD,145917.6
2013-03-29,GBPUSD,64686.5
2013-03-31,GBPUSD,3987.4
2013-04-01,GBPUSD,60472.6
2013-04-02,GBPUSD,134303.4
2013-04-03,GBPUSD,121204.2
2013-04-04,GBPUSD,162874.6
2013-04-05,GBPUSD,136839.8
2013-04-07,GBPUSD,8492.2
2013-04-08,GBPUSD,123851.8
2013-04-09,GBPUSD,140140.3
2013-04-10,GBPUSD,123668.1
2013-04-11,GBPUSD,144772.1
2013-04-12,GBPUSD,126202.2
2013-04-14,GBPUSD,6756.2
2013-04-15,GBPUSD,163352.9
2013-04-16,GBPUSD,172070.0
2013-04-17,GBPUSD,175433.9
2013-04-18,GBPUSD,164027.7
2013-04-19,GBPUSD,141942.2
2013-04-21,GBPUSD,8936.5
2013-04-22,GBPUSD,126688.7
2013-04-23,GBPUSD,146079.0
2013-04-24,GBPUSD,120270.5
2013-04-25,GBPUSD,139082.4
2013-04-26,GBPUSD,114068.8
2013-04-28,GBPUSD,5948.5
2013-04-29,GBPUSD,102631.7
2013-04-30,GBPUSD,116718.1
2013-05-01,GBPUSD,108648.9
2013-05-02,GBPUSD,132222.0
2013-05-03,GBPUSD,119860.3
2013-05-05,GBPUSD,4917.2
2013-05-06,GBPUSD,74482.9
2013-05-07,GBPUSD,100397.0
2013-05-08,GBPUSD,123045.6
2013-05-09,GBPUSD,144619.1
2013-05-10,GBPUSD,148903.2
2013-05-12,GBPUSD,7540.3
2013-05-13,GBPUSD,147323.6
2013-05-14,GBPUSD,163954.9
2013-05-15,GBPUSD,172238.6
2013-05-16,GBPUSD,161612.2
2013-05-17,GBPUSD,138872.7
2013-05-19,GBPUSD,6229.5
2013-05-20,GBPUSD,131928.7
2013-05-21,GBPUSD,157347.3
2013-05-22,GBPUSD,184161.5
2013-05-23,GBPUSD,178043.6
2013-05-24,GBPUSD,131135.1
2013-05-26,GBPUSD,5666.5
2013-05-27,GBPUSD,63194.3
2013-05-28,GBPUSD,137002.5
2013-05-29,GBPUSD,148195.3
2013-05-30,GBPUSD,162680.7
2013-05-31,GBPUSD,149512.1
2013-06-02,GBPUSD,4568.9
2013-06-03,GBPUSD,146200.4
2013-06-04,GBPUSD,135384.7
2013-06-05,GBPUSD,163111.4
2013-06-06,GBPUSD,177246.2
2013-06-07,GBPUSD,170738.1
2013-06-09,GBPUSD,7666.1
2013-06-10,GBPUSD,143850.6
2013-06-11,GBPUSD,182373.8
2013-06-12,GBPUSD,148138.6
2013-06-13,GBPUSD,156941.5
2013-06-14,GBPUSD,135791.8
2013-06-16,GBPUSD,4201.4
2013-06-17,GBPUSD,83627.9
2013-06-18,GBPUSD,89289.2
2013-06-19,GBPUSD,96800.0
2013-06-20,GBPUSD,130377.4
2013-06-21,GBPUSD,107988.2
2013-06-23,GBPUSD,4976.3
2013-06-24,GBPUSD,114856.3
2013-06-25,GBPUSD,105841.5
2013-06-26,GBPUSD,101576.2
2013-06-27,GBPUSD,94976.5
2013-06-28,GBPUSD,93998.0
2013-06-30,GBPUSD,3035.6
2013-07-01,GBPUSD,72201.1
2013-07-02,GBPUSD,79737.9
2013-07-03,GBPUSD,94468.9
2013-07-04,GBPUSD,95853.9
2013-07-05,GBPUSD,105337.2
2013-07-07,GBPUSD,3711.4
2013-07-08,GBPUSD,76487.2
2013-07-09,GBPUSD,101508.5
2013-07-10,GBPUSD,127551.6
2013-07-11,GBPUSD,132987.2
2013-07-12,GBPUSD,85797.0
2013-07-14,GBPUSD,2787.1
2013-07-15,GBPUSD,86805.6
2013-07-16,GBPUSD,105191.4
2013-07-17,GBPUSD,116259.7
2013-07-18,GBPUSD,99539.2
2013-07-19,GBPUSD,84343.5
2013-07-21,GBPUSD,3300.0
2013-07-22,GBPUSD,165252.7
2013-07-23,GBPUSD,165533.6
2013-07-24,GBPUSD,176588.3
2013-07-25,GBPUSD,187801.1
2013-07-26,GBPUSD,149812.8
2013-07-28,GBPUSD,10264.3
2013-07-29,GBPUSD,75449.5
2013-07-30,GBPUSD,83488.4
2013-07-31,GBPUSD,107940.8
2013-08-01,GBPUSD,108149.6
2013-08-02,GBPUSD,103589.8
2013-08-04,GBPUSD,3855.5
2013-08-05,GBPUSD,87616.2
2013-08-06,GBPUSD,87184.3
2013-08-07,GBPUSD,112717.4
2013-08-08,GBPUSD,89812.7
2013-08-09,GBPUSD,72440.9
2013-08-11,GBPUSD,3308.5
2013-08-12,GBPUSD,71596.6
2013-08-13,GBPUSD,97416.0
2013-08-14,GBPUSD,103703.8
2013-08-15,GBPUSD,124239.1
2013-08-16,GBPUSD,90931.3
2013-08-18,GBPUSD,4969.8
2013-08-19,GBPUSD,84882.4
2013-08-20,GBPUSD,96811.3
2013-08-21,GBPUSD,106629.2
2013-08-22,GBPUSD,95209.9
2013-08-23,GBPUSD,95326.8
2013-08-25,GBPUSD,2525.7
2013-08-26,GBPUSD,57699.9
2013-08-27,GBPUSD,94985.0
2013-08-28,GBPUSD,99451.3
2013-08-29,GBPUSD,89395.9
2013-08-30,GBPUSD,76422.9
2013-09-01,GBPUSD,3553.6
2013-09-02,GBPUSD,70534.4
2013-09-03,GBPUSD,85767.2
2013-09-04,GBPUSD,83395.3
2013-09-05,GBPUSD,93209.5
2013-09-06,GBPUSD,80239.0
2013-09-08,GBPUSD,3218.2
2013-09-09,GBPUSD,63546.4
2013-09-10,GBPUSD,68237.0
2013-09-11,GBPUSD,91256.6
2013-09-12,GBPUSD,80322.7
2013-09-13,GBPUSD,74425.3
2013-09-15,GBPUSD,6160.9
2013-09-16,GBPUSD,68895.9
2013-09-17,GBPUSD,76698.4
2013-09-18,GBPUSD,113399.0
2013-09-19,GBPUSD,104174.0
2013-09-20,GBPUSD,81585.3
2013-09-22,GBPUSD,2715.4
2013-09-23,GBPUSD,71968.9
2013-09-24,GBPUSD,72050.1
2013-09-25,GBPUSD,79112.8
2013-09-26,GBPUSD,73425.0
2013-09-27,GBPUSD,76151.8
2013-09-29,GBPUSD,5790.9
2013-09-30,GBPUSD,85698.8
2013-10-01,GBPUSD,95482.9
2013-10-02,GBPUSD,94479.2
2013-10-03,GBPUSD,84597.9
2013-10-04,GBPUSD,75371.6
2013-10-06,GBPUSD,3052.6
2013-10-07,GBPUSD,68057.8
2013-10-08,GBPUSD,79691.1
2013-10-09,GBPUSD,99963.1
2013-10-10,GBPUSD,86514.2
2013-10-11,GBPUSD,68275.5
2013-10-13,GBPUSD,2115.1
2013-10-14,GBPUSD,58619.2
2013-10-15,GBPUSD,92867.5
2013-10-16,GBPUSD,94470.3
2013-10-17,GBPUSD,124247.0
2013-10-18,GBPUSD,69425.2
2013-10-20,GBPUSD,2829.4
2013-10-21,GBPUSD,56359.9
2013-10-22,GBPUSD,74196.3
2013-10-23,GBPUSD,91915.9
2013-10-24,GBPUSD,101076.2
2013-10-25,GBPUSD,89562.5
2013-10-27,GBPUSD,2517.4
2013-10-28,GBPUSD,74191.5
2013-10-29,GBPUSD,98710.3
2013-10-30,GBPUSD,108692.0
2013-10-31,GBPUSD,113129.6
2013-11-01,GBPUSD,92374.0
2013-11-03,GBPUSD,2307.1
2013-11-04,GBPUSD,70156.1
2013-11-05,GBPUSD,95833.3
2013-11-06,GBPUSD,87839.7
2013-11-07,GBPUSD,121041.3
2013-11-08,GBPUSD,101779.5
2013-11-10,GBPUSD,4389.6
2013-11-11,GBPUSD,70888.9
2013-11-12,GBPUSD,99173.8
2013-11-13,GBPUSD,108628.1
2013-11-14,GBPUSD,114457.5
2013-11-15,GBPUSD,84914.0
2013-11-17,GBPUSD,2790.1
2013-11-18,GBPUSD,83260.1
2013-11-19,GBPUSD,105180.5
2013-11-20,GBPUSD,118414.0
2013-11-21,GBPUSD,119891.3
2013-11-22,GBPUSD,92989.6
2013-11-24,GBPUSD,4692.6
2013-11-25,GBPUSD,88114.2
2013-11-26,GBPUSD,84640.3
2013-11-27,GBPUSD,104534.0
2013-11-28,GBPUSD,81439.7
2013-11-29,GBPUSD,101324.0
2013-12-01,GBPUSD,2609.0
2013-12-02,GBPUSD,109165.2
2013-12-03,GBPUSD,97768.8
2013-12-04,GBPUSD,123077.2
2013-12-05,GBPUSD,121031.0
2013-12-06,GBPUSD,105189.5
2013-12-08,GBPUSD,3562.7
2013-12-09,GBPUSD,76190.8
2013-12-10,GBPUSD,80806.3
2013-12-11,GBPUSD,83236.8
2013-12-12,GBPUSD,83859.2
2013-12-13,GBPUSD,78179.4
2013-12-15,GBPUSD,2092.8
2013-12-16,GBPUSD,78942.0
2013-12-17,GBPUSD,78453.1
2013-12-18,GBPUSD,113490.5
2013-12-19,GBPUSD,83195.3
2013-12-20,GBPUSD,83602.3
2013-12-22,GBPUSD,1343.1
2013-12-23,GBPUSD,64196.6
2013-12-24,GBPUSD,41968.4
2013-12-25,GBPUSD,5434.8
2013-12-26,GBPUSD,50875.9
2013-12-27,GBPUSD,96084.9
2013-12-29,GBPUSD,3403.0
2013-12-30,GBPUSD,70373.9
2013-12-31,GBPUSD,64061.6
2014-01-01,GBPUSD,1780.2
2014-01-02,GBPUSD,107563.0
2014-01-03,GBPUSD,104319.7
2014-01-05,GBPUSD,2436.0
2014-01-06,GBPUSD,96490.4
2014-01-07,GBPUSD,80974.4
2014-01-08,GBPUSD,88658.2
2014-01-09,GBPUSD,85856.0
2014-01-10,GBPUSD,91504.3
2014-01-12,GBPUSD,2361.0
2014-01-13,GBPUSD,84309.5
2014-01-14,GBPUSD,85025.1
2014-01-15,GBPUSD,89454.8
2014-01-16,GBPUSD,84083.1
2014-01-17,GBPUSD,81537.4
2014-01-19,GBPUSD,2861.7
2014-01-20,GBPUSD,52639.8
2014-01-21,GBPUSD,78446.2
2014-01-22,GBPUSD,87439.8
2014-01-23,GBPUSD,106759.2
2014-01-24,GBPUSD,107024.8
2014-01-26,GBPUSD,3825.3
2014-01-27,GBPUSD,87188.6
2014-01-28,GBPUSD,82437.1
2014-01-29,GBPUSD,94724.9
2014-01-30,GBPUSD,97883.3
2014-01-31,GBPUSD,102335.6
2014-02-02,GBPUSD,2609.2
2014-02-03,GBPUSD,102865.3
2014-02-04,GBPUSD,92727.4
2014-02-05,GBPUSD,92993.4
2014-02-06,GBPUSD,87128.5
2014-02-07,GBPUSD,85947.0
2014-02-09,GBPUSD,2674.8
2014-02-10,GBPUSD,65093.2
2014-02-11,GBPUSD,83514.5
2014-02-12,GBPUSD,108462.0
2014-02-13,GBPUSD,103174.2
2014-02-14,GBPUSD,83613.4
2014-02-16,GBPUSD,2791.8
2014-02-17,GBPUSD,79962.7
2014-02-18,GBPUSD,95110.8
2014-02-19,GBPUSD,88051.9
2014-02-20,GBPUSD,85476.1
2014-02-21,GBPUSD,82350.1
2014-02-23,GBPUSD,1915.3
2014-02-24,GBPUSD,72921.6
2014-02-25,GBPUSD,88005.4
2014-02-26,GBPUSD,83868.4
2014-02-27,GBPUSD,86830.3
2014-02-28,GBPUSD,96073.0
2014-03-02,GBPUSD,6047.4
2014-03-03,GBPUSD,86185.4
2014-03-04,GBPUSD,76778.3
2014-03-05,GBPUSD,77473.3
2014-03-06,GBPUSD,89225.2
2014-03-07,GBPUSD,75900.4
2014-03-09,GBPUSD,2658.0
2014-03-10,GBPUSD,67221.1
2014-03-11,GBPUSD,68933.9
2014-03-12,GBPUSD,77359.5
2014-03-13,GBPUSD,92809.5
2014-03-14,GBPUSD,79808.9
2014-03-16,GBPUSD,3692.9
2014-03-17,GBPUSD,57735.5
2014-03-18,GBPUSD,79737.8
2014-03-19,GBPUSD,95489.4
2014-03-20,GBPUSD,80122.3
2014-03-21,GBPUSD,60289.1
2014-03-23,GBPUSD,4031.8
2014-03-24,GBPUSD,67788.4
2014-03-25,GBPUSD,83257.5
2014-03-26,GBPUSD,85587.6
2014-03-27,GBPUSD,97692.6
2014-03-28,GBPUSD,76908.4
2014-03-30,GBPUSD,5262.1
2014-03-31,GBPUSD,79814.3
2014-04-01,GBPUSD,65403.4
2014-04-02,GBPUSD,58088.6
2014-04-03,GBPUSD,80919.1
2014-04-04,GBPUSD,61686.8
2014-04-06,GBPUSD,2890.3
2014-04-07,GBPUSD,55042.1
2014-04-08,GBPUSD,79259.6
2014-04-09,GBPUSD,70382.2
2014-04-10,GBPUSD,75704.1
2014-04-11,GBPUSD,71541.4
2014-04-13,GBPUSD,4518.3
2014-04-14,GBPUSD,65608.9
2014-04-15,GBPUSD,75260.5
2014-04-16,GBPUSD,76562.4
2014-04-17,GBPUSD,71151.3
2014-04-18,GBPUSD,30910.2
2014-04-20,GBPUSD,4487.9
2014-04-21,GBPUSD,31427.5
2014-04-22,GBPUSD,60101.8
2014-04-23,GBPUSD,72388.6
2014-04-24,GBPUSD,65999.8
2014-04-25,GBPUSD,56000.4
2014-04-27,GBPUSD,2556.5
2014-04-28,GBPUSD,72438.1
2014-04-29,GBPUSD,64990.2
2014-04-30,GBPUSD,77709.7
2014-05-01,GBPUSD,53784.2
2014-05-02,GBPUSD,73159.1
2014-05-04,GBPUSD,1472.1
2014-05-05,GBPUSD,47305.7
2014-05-06,GBPUSD,71202.7
2014-05-07,GBPUSD,65179.3
2014-05-08,GBPUSD,92078.4
2014-05-09,GBPUSD,69524.3
2014-05-11,GBPUSD,3134.3
2014-05-12,GBPUSD,56847.2
2014-05-13,GBPUSD,82497.0
2014-05-14,GBPUSD,92641.2
2014-05-15,GBPUSD,95331.2
2014-05-16,GBPUSD,63927.5
2014-05-18,GBPUSD,3451.3
2014-05-19,GBPUSD,77679.5
2014-05-20,GBPUSD,76766.9
2014-05-21,GBPUSD,98500.9
2014-05-22,GBPUSD,82056.0
2014-05-23,GBPUSD,72695.0
2014-05-25,GBPUSD,3079.8
2014-05-26,GBPUSD,46732.2
2014-05-27,GBPUSD,89132.5
2014-05-28,GBPUSD,90602.1
2014-05-29,GBPUSD,83049.8
2014-05-30,GBPUSD,80262.0
2014-06-01,GBPUSD,3863.6
2014-06-02,GBPUSD,84196.9
2014-06-03,GBPUSD,86771.7
2014-06-04,GBPUSD,92538.5
2014-06-05,GBPUSD,124260.8
2014-06-06,GBPUSD,94911.9
2014-06-08,GBPUSD,5533.4
2014-06-09,GBPUSD,81336.2
2014-06-10,GBPUSD,97976.4
2014-06-11,GBPUSD,99731.5
2014-06-12,GBPUSD,122341.9
2014-06-13,GBPUSD,121480.6
2014-06-15,GBPUSD,6555.3
2014-06-16,GBPUSD,95334.0
2014-06-17,GBPUSD,98599.0
2014-06-18,GBPUSD,110580.8
2014-06-19,GBPUSD,101499.8
2014-06-20,GBPUSD,79466.6
2014-06-22,GBPUSD,4241.0
2014-06-23,GBPUSD,88704.9
2014-06-24,GBPUSD,84177.6
2014-06-25,GBPUSD,89769.9
2014-06-26,GBPUSD,90360.8
2014-06-27,GBPUSD,67143.0
2014-06-29,GBPUSD,3781.4
2014-06-30,GBPUSD,91486.7
2014-07-01,GBPUSD,94133.2
2014-07-02,GBPUSD,91804.3
2014-07-03,GBPUSD,98718.0
2014-07-04,GBPUSD,63532.0
2014-07-06,GBPUSD,6692.2
2014-07-07,GBPUSD,78572.9
2014-07-08,GBPUSD,83055.7
2014-07-09,GBPUSD,98240.9
2014-07-10,GBPUSD,94748.0
2014-07-11,GBPUSD,80157.7
2014-07-13,GBPUSD,5873.2
2014-07-14,GBPUSD,83352.0
2014-07-15,GBPUSD,108979.5
2014-07-16,GBPUSD,85967.8
2014-07-17,GBPUSD,98872.4
2014-07-18,GBPUSD,91634.5
2014-07-20,GBPUSD,6142.0
2014-07-21,GBPUSD,96689.7
2014-07-22,GBPUSD,103875.3
2014-07-23,GBPUSD,108504.0
2014-07-24,GBPUSD,109996.1
2014-07-25,GBPUSD,98491.8
2014-07-27,GBPUSD,5556.8
2014-07-28,GBPUSD,101230.7
2014-07-29,GBPUSD,117410.5
2014-07-30,GBPUSD,127883.2
2014-07-31,GBPUSD,136526.3
2014-08-01,GBPUSD,150366.1
2014-08-03,GBPUSD,6740.6
2014-08-04,GBPUSD,88932.5
2014-08-05,GBPUSD,97178.0
2014-08-06,GBPUSD,105336.6
2014-08-07,GBPUSD,119663.5
2014-08-08,GBPUSD,122840.0
2014-08-10,GBPUSD,5220.0
2014-08-11,GBPUSD,80070.3
2014-08-12,GBPUSD,96920.7
2014-08-13,GBPUSD,126041.7
2014-08-14,GBPUSD,90325.4
2014-08-15,GBPUSD,92028.4
2014-08-17,GBPUSD,5720.5
2014-08-18,GBPUSD,73246.1
2014-08-19,GBPUSD,99200.0
2014-08-20,GBPUSD,99605.3
2014-08-21,GBPUSD,78472.0
2014-08-22,GBPUSD,82955.9
2014-08-24,GBPUSD,8684.4
2014-08-25,GBPUSD,81538.8
2014-08-26,GBPUSD,86375.0
2014-08-27,GBPUSD,109462.0
2014-08-28,GBPUSD,122620.5
2014-08-29,GBPUSD,124736.5
2014-08-31,GBPUSD,5344.5
2014-09-01,GBPUSD,88707.8
2014-09-02,GBPUSD,123404.3
2014-09-03,GBPUSD,122346.8
2014-09-04,GBPUSD,148311.9
2014-09-05,GBPUSD,131977.4
2014-09-07,GBPUSD,11391.6
2014-09-08,GBPUSD,200724.8
2014-09-09,GBPUSD,187401.4
2014-09-10,GBPUSD,218024.7
2014-09-11,GBPUSD,184861.1
2014-09-12,GBPUSD,177789.6
2014-09-14,GBPUSD,6709.1
2014-09-15,GBPUSD,177870.0
2014-09-16,GBPUSD,187332.3
2014-09-17,GBPUSD,207015.8
2014-09-18,GBPUSD,231630.5
2014-09-19,GBPUSD,281115.0
2014-09-21,GBPUSD,5821.2
2014-09-22,GBPUSD,154467.9
2014-09-23,GBPUSD,175381.0
2014-09-24,GBPUSD,148627.5
2014-09-25,GBPUSD,194541.7
2014-09-26,GBPUSD,114088.3
2014-09-28,GBPUSD,7485.8
2014-09-29,GBPUSD,184887.8
2014-09-30,GBPUSD,184474.2
2014-10-01,GBPUSD,187088.8
2014-10-02,GBPUSD,222930.1
2014-10-03,GBPUSD,166724.0
2014-10-05,GBPUSD,4279.6
2014-10-06,GBPUSD,131657.7
2014-10-07,GBPUSD,189606.3
2014-10-08,GBPUSD,195232.1
2014-10-09,GBPUSD,180901.6
2014-10-10,GBPUSD,139842.0
2014-10-12,GBPUSD,9056.9
2014-10-13,GBPUSD,147206.0
2014-10-14,GBPUSD,169374.5
2014-10-15,GBPUSD,281933.6
2014-10-16,GBPUSD,261164.1
2014-10-17,GBPUSD,175570.4
2014-10-19,GBPUSD,8342.9
2014-10-20,GBPUSD,155686.5
2014-10-21,GBPUSD,168098.5
2014-10-22,GBPUSD,178203.6
2014-10-23,GBPUSD,183820.3
2014-10-24,GBPUSD,166605.0
2014-10-26,GBPUSD,8153.8
2014-10-27,GBPUSD,157724.4
2014-10-28,GBPUSD,175737.8
2014-10-29,GBPUSD,157722.6
2014-10-30,GBPUSD,209516.6
2014-10-31,GBPUSD,228931.1
2014-11-02,GBPUSD,10234.7
2014-11-03,GBPUSD,192690.2
2014-11-04,GBPUSD,182093.9
2014-11-05,GBPUSD,228705.6
2014-11-06,GBPUSD,276686.7
2014-11-07,GBPUSD,212187.0
2014-11-09,GBPUSD,11136.4
2014-11-10,GBPUSD,171090.4
2014-11-11,GBPUSD,171649.0
2014-11-12,GBPUSD,231811.0
2014-11-13,GBPUSD,165799.8
2014-11-14,GBPUSD,208135.3
2014-11-16,GBPUSD,8660.8
2014-11-17,GBPUSD,176825.4
2014-11-18,GBPUSD,183777.0
2014-11-19,GBPUSD,201072.9
2014-11-20,GBPUSD,216958.0
2014-11-21,GBPUSD,215155.6
2014-11-23,GBPUSD,9035.6
2014-11-24,GBPUSD,176511.1
2014-11-25,GBPUSD,195912.0
2014-11-26,GBPUSD,192861.7
2014-11-27,GBPUSD,160115.6
2014-11-28,GBPUSD,169006.1
2014-11-30,GBPUSD,8408.1
2014-12-01,GBPUSD,236103.8
2014-12-02,GBPUSD,217214.3
2014-12-03,GBPUSD,236498.8
2014-12-04,GBPUSD,288355.7
2014-12-05,GBPUSD,249381.2
2014-12-07,GBPUSD,10592.4
2014-12-08,GBPUSD,215747.7
2014-12-09,GBPUSD,296521.9
2014-12-10,GBPUSD,233367.2
2014-12-11,GBPUSD,303411.8
2014-12-12,GBPUSD,258367.0
2014-12-14,GBPUSD,16460.1
2014-12-15,GBPUSD,228431.9
2014-12-16,GBPUSD,287498.2
2014-12-17,GBPUSD,275153.7
2014-12-18,GBPUSD,269671.7
2014-12-19,GBPUSD,216196.4
2014-12-21,GBPUSD,7617.7
2014-12-22,GBPUSD,162273.3
2014-12-23,GBPUSD,154330.9
2014-12-24,GBPUSD,99859.4
2014-12-25,GBPUSD,14181.1
2014-12-26,GBPUSD,89612.9
2014-12-28,GBPUSD,7640.9
2014-12-29,GBPUSD,136933.1
2014-12-30,GBPUSD,147745.4
2014-12-31,GBPUSD,140450.8
2015-01-01,GBPUSD,9086.8
2015-01-02,GBPUSD,205692.1
2015-01-04,GBPUSD,12366.2
2015-01-05,GBPUSD,202940.7
2015-01-06,GBPUSD,218407.2
2015-01-07,GBPUSD,234489.5
2015-01-08,GBPUSD,189310.8
2015-01-09,GBPUSD,199911.9
2015-01-11,GBPUSD,6646.8
2015-01-12,GBPUSD,206961.0
2015-01-13,GBPUSD,207165.8
2015-01-14,GBPUSD,256133.3
2015-01-15,GBPUSD,302246.2
2015-01-16,GBPUSD,190665.4
2015-01-18,GBPUSD,5401.5
2015-01-19,GBPUSD,134304.3
2015-01-20,GBPUSD,184339.3
2015-01-21,GBPUSD,261227.2
2015-01-22,GBPUSD,291354.5
2015-01-23,GBPUSD,294071.6
2015-01-25,GBPUSD,13477.7
2015-01-26,GBPUSD,212949.5
2015-01-27,GBPUSD,254745.3
2015-01-28,GBPUSD,225318.5
2015-01-29,GBPUSD,241424.1
2015-01-30,GBPUSD,219738.6
2015-02-01,GBPUSD,8264.7
2015-02-02,GBPUSD,217972.8
2015-02-03,GBPUSD,240718.5
2015-02-04,GBPUSD,237799.3
2015-02-05,GBPUSD,231334.9
2015-02-06,GBPUSD,219702.9
2015-02-08,GBPUSD,15172.9
2015-02-09,GBPUSD,257125.1
2015-02-10,GBPUSD,232467.1
2015-02-11,GBPUSD,206708.2
2015-02-12,GBPUSD,305363.1
2015-02-13,GBPUSD,220837.1
2015-02-15,GBPUSD,10380.0
2015-02-16,GBPUSD,193991.3
2015-02-17,GBPUSD,194467.4
2015-02-18,GBPUSD,254238.8
2015-02-19,GBPUSD,213428.0
2015-02-20,GBPUSD,265213.0
2015-02-22,GBPUSD,6233.1
2015-02-23,GBPUSD,208332.3
2015-02-24,GBPUSD,202665.8
2015-02-25,GBPUSD,206175.9
2015-02-26,GBPUSD,257259.7
2015-02-27,GBPUSD,228667.4
2015-03-01,GBPUSD,8342.7
2015-03-02,GBPUSD,185720.3
2015-03-03,GBPUSD,185813.3
2015-03-04,GBPUSD,205854.4
2015-03-05,GBPUSD,220914.3
2015-03-06,GBPUSD,236196.2
2015-03-08,GBPUSD,10783.8
2015-03-09,GBPUSD,217601.8
2015-03-10,GBPUSD,313019.8
2015-03-11,GBPUSD,355233.3
2015-03-12,GBPUSD,281581.4
2015-03-13,GBPUSD,254867.1
2015-03-15,GBPUSD,9145.6
2015-03-16,GBPUSD,197316.5
2015-03-17,GBPUSD,210678.7
2015-03-18,GBPUSD,249202.7
2015-03-19,GBPUSD,326988.0
2015-03-20,GBPUSD,254978.7
2015-03-22,GBPUSD,12802.3
2015-03-23,GBPUSD,292878.2
2015-03-24,GBPUSD,290381.3
2015-03-25,GBPUSD,260937.6
2015-03-26,GBPUSD,304747.1
2015-03-27,GBPUSD,291439.1
2015-03-29,GBPUSD,10183.2
2015-03-30,GBPUSD,297487.0
2015-03-31,GBPUSD,307041.3
2015-04-01,GBPUSD,284530.8
2015-04-02,GBPUSD,262963.3
2015-04-03,GBPUSD,128915.2
2015-04-05,GBPUSD,10497.2
2015-04-06,GBPUSD,125988.4
2015-04-07,GBPUSD,255457.0
2015-04-08,GBPUSD,262007.0
2015-04-09,GBPUSD,252218.6
2015-04-10,GBPUSD,221788.1
2015-04-12,GBPUSD,9039.8
2015-04-13,GBPUSD,243028.4
2015-04-14,GBPUSD,275581.6
2015-04-15,GBPUSD,245688.2
2015-04-16,GBPUSD,279494.2
2015-04-17,GBPUSD,292563.3
2015-04-19,GBPUSD,13600.3
2015-04-20,GBPUSD,255111.0
2015-04-21,GBPUSD,229523.0
2015-04-22,GBPUSD,294763.1
2015-04-23,GBPUSD,282891.2
2015-04-24,GBPUSD,260542.4
2015-04-26,GBPUSD,6136.5
2015-04-27,GBPUSD,234030.9
2015-04-28,GBPUSD,249804.0
2015-04-29,GBPUSD,330316.5
2015-04-30,GBPUSD,356620.5
2015-05-01,GBPUSD,227808.7
2015-05-03,GBPUSD,13146.8
2015-05-04,GBPUSD,152573.9
2015-05-05,GBPUSD,299530.0
2015-05-06,GBPUSD,302453.6
2015-05-07,GBPUSD,346080.9
2015-05-08,GBPUSD,370865.8
2015-05-10,GBPUSD,12176.5
2015-05-11,GBPUSD,297668.1
2015-05-12,GBPUSD,279270.3
2015-05-13,GBPUSD,311522.6
2015-05-14,GBPUSD,295323.9
2015-05-15,GBPUSD,284810.0
2015-05-17,GBPUSD,7363.0
2015-05-18,GBPUSD,216449.8
2015-05-19,GBPUSD,295618.6
2015-05-20,GBPUSD,257446.7
2015-05-21,GBPUSD,153868.3
2015-05-22,GBPUSD,145993.2
2015-05-24,GBPUSD,6580.5
2015-05-25,GBPUSD,88894.5
2015-05-26,GBPUSD,147686.0
2015-05-27,GBPUSD,145173.0
2015-05-28,GBPUSD,140395.7
2015-05-29,GBPUSD,148836.5
2015-05-31,GBPUSD,5038.0
2015-06-01,GBPUSD,158766.8
2015-06-02,GBPUSD,168349.3
2015-06-03,GBPUSD,166456.7
2015-06-04,GBPUSD,163757.2
2015-06-05,GBPUSD,148270.4
2015-06-07,GBPUSD,4143.3
2015-06-08,GBPUSD,150678.9
2015-06-09,GBPUSD,161036.7
2015-06-10,GBPUSD,181215.8
2015-06-11,GBPUSD,144010.1
2015-06-12,GBPUSD,153466.9
2015-06-14,GBPUSD,5699.3
2015-06-15,GBPUSD,141021.5
2015-06-16,GBPUSD,144451.2
2015-06-17,GBPUSD,163602.3
2015-06-18,GBPUSD,158349.5
2015-06-19,GBPUSD,110890.4
2015-06-21,GBPUSD,3815.0
2015-06-22,GBPUSD,116705.5
2015-06-23,GBPUSD,135114.5
2015-06-24,GBPUSD,126198.0
2015-06-25,GBPUSD,120680.9
2015-06-26,GBPUSD,101780.0
2015-06-28,GBPUSD,13287.3
2015-06-29,GBPUSD,151650.1
2015-06-30,GBPUSD,150000.0
2015-07-01,GBPUSD,145163.3
2015-07-02,GBPUSD,130764.9
2015-07-03,GBPUSD,115221.1
2015-07-05,GBPUSD,9667.8
2015-07-06,GBPUSD,136242.0
2015-07-07,GBPUSD,164797.0
2015-07-08,GBPUSD,158104.0
2015-07-09,GBPUSD,156088.8
2015-07-10,GBPUSD,170969.9
2015-07-12,GBPUSD,6425.6
2015-07-13,GBPUSD,178718.9
2015-07-14,GBPUSD,173195.4
2015-07-15,GBPUSD,187077.1
2015-07-16,GBPUSD,183904.6
2015-07-17,GBPUSD,130530.4
2015-07-19,GBPUSD,3789.5
2015-07-20,GBPUSD,133164.5
2015-07-21,GBPUSD,156899.1
2015-07-22,GBPUSD,158201.5
2015-07-23,GBPUSD,138271.5
2015-07-24,GBPUSD,97216.5
2015-07-26,GBPUSD,3295.9
2015-07-27,GBPUSD,131994.2
2015-07-28,GBPUSD,115454.0
2015-07-29,GBPUSD,115511.6
2015-07-30,GBPUSD,114817.7
2015-07-31,GBPUSD,119376.3
2015-08-02,GBPUSD,4357.1
2015-08-03,GBPUSD,97503.7
2015-08-04,GBPUSD,120257.4
2015-08-05,GBPUSD,144466.3
2015-08-06,GBPUSD,122238.3
2015-08-07,GBPUSD,123901.8
2015-08-09,GBPUSD,3260.1
2015-08-10,GBPUSD,111092.5
2015-08-11,GBPUSD,112819.4
2015-08-12,GBPUSD,128040.5
2015-08-13,GBPUSD,144764.3
2015-08-14,GBPUSD,146384.0
2015-08-16,GBPUSD,5872.9
2015-08-17,GBPUSD,146816.2
2015-08-18,GBPUSD,147834.0
2015-08-19,GBPUSD,177318.8
2015-08-20,GBPUSD,160550.8
2015-08-21,GBPUSD,159669.7
2015-08-23,GBPUSD,9426.3
2015-08-24,GBPUSD,219124.9
2015-08-25,GBPUSD,163962.0
2015-08-26,GBPUSD,200785.3
2015-08-27,GBPUSD,194362.7
2015-08-28,GBPUSD,145822.5
2015-08-30,GBPUSD,7018.7
2015-08-31,GBPUSD,106590.3
2015-09-01,GBPUSD,146057.0
2015-09-02,GBPUSD,140664.5
2015-09-03,GBPUSD,122766.2
2015-09-04,GBPUSD,108299.5
2015-09-06,GBPUSD,7968.9
2015-09-07,GBPUSD,130315.0
2015-09-08,GBPUSD,126396.1
2015-09-09,GBPUSD,127683.6
2015-09-10,GBPUSD,152976.6
2015-09-11,GBPUSD,109186.8
2015-09-13,GBPUSD,4333.8
2015-09-14,GBPUSD,108724.7
2015-09-15,GBPUSD,110204.8
2015-09-16,GBPUSD,130712.1
2015-09-17,GBPUSD,142662.2
2015-09-18,GBPUSD,145085.3
2015-09-20,GBPUSD,6529.1
2015-09-21,GBPUSD,121094.2
2015-09-22,GBPUSD,128781.9
2015-09-23,GBPUSD,141320.4
2015-09-24,GBPUSD,146263.2
2015-09-25,GBPUSD,125296.5
2015-09-27,GBPUSD,5038.5
2015-09-28,GBPUSD,119352.4
2015-09-29,GBPUSD,146668.6
2015-09-30,GBPUSD,140886.4
2015-10-01,GBPUSD,117335.1
2015-10-02,GBPUSD,129057.0
2015-10-04,GBPUSD,9832.9
2015-10-05,GBPUSD,133705.0
2015-10-06,GBPUSD,109378.2
2015-10-07,GBPUSD,145018.4
2015-10-08,GBPUSD,143416.2
2015-10-09,GBPUSD,134887.3
2015-10-11,GBPUSD,8154.0
2015-10-12,GBPUSD,109551.7
2015-10-13,GBPUSD,152644.5
2015-10-14,GBPUSD,164633.4
2015-10-15,GBPUSD,170062.3
2015-10-16,GBPUSD,122415.2
2015-10-18,GBPUSD,5392.9
2015-10-19,GBPUSD,113518.2
2015-10-20,GBPUSD,113435.5
2015-10-21,GBPUSD,118992.4
2015-10-22,GBPUSD,159005.9
2015-10-23,GBPUSD,126796.6
2015-10-25,GBPUSD,6739.2
2015-10-26,GBPUSD,114704.0
2015-10-27,GBPUSD,113230.3
2015-10-28,GBPUSD,120221.1
2015-10-29,GBPUSD,129361.7
2015-10-30,GBPUSD,146812.8
2015-11-01,GBPUSD,5061.6
2015-11-02,GBPUSD,114211.7
2015-11-03,GBPUSD,112202.0
2015-11-04,GBPUSD,127096.8
2015-11-05,GBPUSD,125915.4
2015-11-06,GBPUSD,138651.0
2015-11-08,GBPUSD,5591.8
2015-11-09,GBPUSD,107182.3
2015-11-10,GBPUSD,104201.7
2015-11-11,GBPUSD,109872.3
2015-11-12,GBPUSD,129680.8
2015-11-13,GBPUSD,106996.1
2015-11-15,GBPUSD,7588.2
2015-11-16,GBPUSD,110780.1
2015-11-17,GBPUSD,110328.3
2015-11-18,GBPUSD,115203.2
2015-11-19,GBPUSD,136810.3
2015-11-20,GBPUSD,113272.4
2015-11-22,GBPUSD,4231.5
2015-11-23,GBPUSD,127539.8
2015-11-24,GBPUSD,118073.7
2015-11-25,GBPUSD,122884.8
2015-11-26,GBPUSD,104578.7
2015-11-27,GBPUSD,109189.5
2015-11-29,GBPUSD,3603.2
2015-11-30,GBPUSD,108160.5
2015-12-01,GBPUSD,132337.9
2015-12-02,GBPUSD,141468.6
2015-12-03,GBPUSD,199232.1
2015-12-04,GBPUSD,189347.0
2015-12-06,GBPUSD,7029.0
2015-12-07,GBPUSD,149125.5
2015-12-08,GBPUSD,164064.2
2015-12-09,GBPUSD,172609.8
2015-12-10,GBPUSD,137923.9
2015-12-11,GBPUSD,128714.1
2015-12-13,GBPUSD,4632.2
2015-12-14,GBPUSD,155958.3
2015-12-15,GBPUSD,161092.4
2015-12-16,GBPUSD,171528.3
2015-12-17,GBPUSD,156827.5
2015-12-18,GBPUSD,136233.3
2015-12-20,GBPUSD,4576.3
2015-12-21,GBPUSD,124733.5
2015-12-22,GBPUSD,111368.6
2015-12-23,GBPUSD,110630.5
2015-12-24,GBPUSD,78981.7
2015-12-25,GBPUSD,2655.4
2015-12-27,GBPUSD,4037.6
2015-12-28,GBPUSD,90799.2
2015-12-29,GBPUSD,100655.6
2015-12-30,GBPUSD,112660.2
2015-12-31,GBPUSD,93467.6
2016-01-03,GBPUSD,3595.7
2016-01-04,GBPUSD,140702.5
2016-01-05,GBPUSD,142324.3
2016-01-06,GBPUSD,159362.9
2016-01-07,GBPUSD,172316.7
2016-01-08,GBPUSD,153483.8
2016-01-10,GBPUSD,8575.0
2016-01-11,GBPUSD,148462.4
2016-01-12,GBPUSD,159365.0
2016-01-13,GBPUSD,164566.3
2016-01-14,GBPUSD,167702.0
2016-01-15,GBPUSD,158462.0
2016-01-17,GBPUSD,6286.8
2016-01-18,GBPUSD,136022.0
2016-01-19,GBPUSD,169104.6
2016-01-20,GBPUSD,180391.0
2016-01-21,GBPUSD,183786.4
2016-01-22,GBPUSD,158815.9
2016-01-24,GBPUSD,4782.3
2016-01-25,GBPUSD,145014.6
2016-01-26,GBPUSD,160825.2
2016-01-27,GBPUSD,169706.9
2016-01-28,GBPUSD,171202.5
2016-01-29,GBPUSD,172182.4
2016-01-31,GBPUSD,6691.2
2016-02-01,GBPUSD,166571.5
2016-02-02,GBPUSD,166081.0
2016-02-03,GBPUSD,195234.9
2016-02-04,GBPUSD,196365.5
2016-02-05,GBPUSD,165979.3
2016-02-07,GBPUSD,4866.2
2016-02-08,GBPUSD,194639.2
2016-02-09,GBPUSD,216857.1
2016-02-10,GBPUSD,201282.6
2016-02-11,GBPUSD,213816.5
2016-02-12,GBPUSD,173456.5
2016-02-14,GBPUSD,9519.2
2016-02-15,GBPUSD,143554.1
2016-02-16,GBPUSD,166913.8
2016-02-17,GBPUSD,178270.2
2016-02-18,GBPUSD,171121.7
2016-02-19,GBPUSD,166177.4
2016-02-21,GBPUSD,11624.9
2016-02-22,GBPUSD,184175.0
2016-02-23,GBPUSD,169582.4
2016-02-24,GBPUSD,189457.7
2016-02-25,GBPUSD,167563.4
2016-02-26,GBPUSD,166450.5
2016-02-28,GBPUSD,7954.8
2016-02-29,GBPUSD,182566.6
2016-03-01,GBPUSD,195912.0
2016-03-02,GBPUSD,193198.7
2016-03-03,GBPUSD,189146.7
2016-03-04,GBPUSD,185259.4
2016-03-06,GBPUSD,6988.9
2016-03-07,GBPUSD,165222.1
2016-03-08,GBPUSD,163302.8
2016-03-09,GBPUSD,154034.2
2016-03-10,GBPUSD,206958.2
2016-03-11,GBPUSD,168448.8
2016-03-13,GBPUSD,11425.2
2016-03-14,GBPUSD,141724.3
2016-03-15,GBPUSD,163944.2
2016-03-16,GBPUSD,187320.4
2016-03-17,GBPUSD,182567.6
2016-03-18,GBPUSD,139981.8
2016-03-20,GBPUSD,7424.5
2016-03-21,GBPUSD,137252.6
2016-03-22,GBPUSD,161958.1
2016-03-23,GBPUSD,140569.5
2016-03-24,GBPUSD,135541.1
2016-03-25,GBPUSD,45816.4
2016-03-27,GBPUSD,6297.8
2016-03-28,GBPUSD,77651.3
2016-03-29,GBPUSD,160750.1
2016-03-30,GBPUSD,174557.8
2016-03-31,GBPUSD,158182.5
2016-04-01,GBPUSD,166421.6
2016-04-03,GBPUSD,6464.9
2016-04-04,GBPUSD,139131.0
2016-04-05,GBPUSD,145139.0
2016-04-06,GBPUSD,167343.3
2016-04-07,GBPUSD,170832.3
2016-04-08,GBPUSD,132754.5
2016-04-10,GBPUSD,6050.6
2016-04-11,GBPUSD,151753.6
2016-04-12,GBPUSD,164743.4
2016-04-13,GBPUSD,149232.2
2016-04-14,GBPUSD,138735.8
2016-04-15,GBPUSD,111974.5
2016-04-17,GBPUSD,8913.0
2016-04-18,GBPUSD,126288.2
2016-04-19,GBPUSD,143399.2
2016-04-20,GBPUSD,156383.6
2016-04-21,GBPUSD,160507.9
2016-04-22,GBPUSD,151490.0
2016-04-24,GBPUSD,10098.7
2016-04-25,GBPUSD,163869.6
2016-04-26,GBPUSD,172017.1
2016-04-27,GBPUSD,179099.2
2016-04-28,GBPUSD,185732.0
2016-04-29,GBPUSD,190961.2
2016-05-01,GBPUSD,7368.3
2016-05-02,GBPUSD,126227.3
2016-05-03,GBPUSD,192069.8
2016-05-04,GBPUSD,164000.9
2016-05-05,GBPUSD,146666.1
2016-05-06,GBPUSD,147342.5
2016-05-08,GBPUSD,7064.3
2016-05-09,GBPUSD,138067.6
2016-05-10,GBPUSD,141899.9
2016-05-11,GBPUSD,131662.8
2016-05-12,GBPUSD,133712.9
2016-05-13,GBPUSD,156803.7
2016-05-15,GBPUSD,5893.8
2016-05-16,GBPUSD,102408.5
2016-05-17,GBPUSD,133016.0
2016-05-18,GBPUSD,165717.2
2016-05-19,GBPUSD,182105.0
2016-05-20,GBPUSD,116675.3
2016-05-22,GBPUSD,4226.3
2016-05-23,GBPUSD,126724.9
2016-05-24,GBPUSD,154384.1
2016-05-25,GBPUSD,150578.3
2016-05-26,GBPUSD,154526.6
2016-05-27,GBPUSD,129474.0
2016-05-29,GBPUSD,6427.4
2016-05-30,GBPUSD,74285.5
2016-05-31,GBPUSD,170374.6
2016-06-01,GBPUSD,161256.0
2016-06-02,GBPUSD,141459.3
2016-06-03,GBPUSD,136727.9
2016-06-05,GBPUSD,16174.8
2016-06-06,GBPUSD,166399.7
2016-06-07,GBPUSD,140466.2
2016-06-08,GBPUSD,137541.2
2016-06-09,GBPUSD,127385.5
2016-06-10,GBPUSD,130425.9
2016-06-12,GBPUSD,9791.6
2016-06-13,GBPUSD,172886.9
2016-06-14,GBPUSD,128995.2
2016-06-15,GBPUSD,131051.6
2016-06-16,GBPUSD,139998.9
2016-06-17,GBPUSD,146330.5
2016-06-19,GBPUSD,13702.0
2016-06-20,GBPUSD,175837.0
2016-06-21,GBPUSD,187939.2
2016-06-22,GBPUSD,184042.9
2016-06-23,GBPUSD,251806.5
2016-06-24,GBPUSD,327661.6
2016-06-26,GBPUSD,19638.6
2016-06-27,GBPUSD,230360.1
2016-06-28,GBPUSD,173324.1
2016-06-29,GBPUSD,203107.8
2016-06-30,GBPUSD,226458.7
2016-07-01,GBPUSD,154662.7
2016-07-03,GBPUSD,4567.1
2016-07-04,GBPUSD,113140.6
2016-07-05,GBPUSD,198755.2
2016-07-06,GBPUSD,240396.4
2016-07-07,GBPUSD,186199.5
2016-07-08,GBPUSD,171249.7
2016-07-10,GBPUSD,7022.3
2016-07-11,GBPUSD,182593.6
2016-07-12,GBPUSD,218556.0
2016-07-13,GBPUSD,230336.9
2016-07-14,GBPUSD,223085.2
2016-07-15,GBPUSD,175351.2
2016-07-17,GBPUSD,10230.6
2016-07-18,GBPUSD,155809.4
2016-07-19,GBPUSD,152467.2
2016-07-20,GBPUSD,470035.5
2016-07-21,GBPUSD,526873.2
2016-07-22,GBPUSD,581484.9
2016-07-24,GBPUSD,22774.4
2016-07-25,GBPUSD,407761.7
2016-07-26,GBPUSD,580893.6
2016-07-27,GBPUSD,550250.0
2016-07-28,GBPUSD,556776.6
2016-07-29,GBPUSD,483711.2
2016-07-31,GBPUSD,18012.2
2016-08-01,GBPUSD,486861.8
2016-08-02,GBPUSD,497229.4
2016-08-03,GBPUSD,425774.6
2016-08-04,GBPUSD,533521.2
2016-08-05,GBPUSD,376032.8
2016-08-07,GBPUSD,10354.0
2016-08-08,GBPUSD,303178.7
2016-08-09,GBPUSD,307328.0
2016-08-10,GBPUSD,376642.6
2016-08-11,GBPUSD,291598.2
2016-08-12,GBPUSD,273731.6
2016-08-14,GBPUSD,14564.1
2016-08-15,GBPUSD,241651.4
2016-08-16,GBPUSD,326639.7
2016-08-17,GBPUSD,323130.7
2016-08-18,GBPUSD,374091.4
2016-08-19,GBPUSD,337923.9
2016-08-21,GBPUSD,19985.5
2016-08-22,GBPUSD,350758.7
2016-08-23,GBPUSD,389423.7
2016-08-24,GBPUSD,347920.2
2016-08-25,GBPUSD,308860.4
2016-08-26,GBPUSD,397862.7
2016-08-28,GBPUSD,12730.6
2016-08-29,GBPUSD,297081.7
2016-08-30,GBPUSD,361889.3
2016-08-31,GBPUSD,399748.2
2016-09-01,GBPUSD,409129.7
2016-09-02,GBPUSD,403319.5
2016-09-04,GBPUSD,14353.9
2016-09-05,GBPUSD,389822.3
2016-09-06,GBPUSD,396684.3
2016-09-07,GBPUSD,407751.0
2016-09-08,GBPUSD,413901.1
2016-09-09,GBPUSD,395136.1
2016-09-11,GBPUSD,14203.0
2016-09-12,GBPUSD,445544.0
2016-09-13,GBPUSD,529760.3
2016-09-14,GBPUSD,550441.9
2016-09-15,GBPUSD,480287.3
2016-09-16,GBPUSD,387825.3
2016-09-18,GBPUSD,20217.3
2016-09-19,GBPUSD,475067.5
2016-09-20,GBPUSD,441963.5
2016-09-21,GBPUSD,546963.6
2016-09-22,GBPUSD,607595.4
2016-09-23,GBPUSD,538612.8
2016-09-25,GBPUSD,13610.3
2016-09-26,GBPUSD,432247.6
2016-09-27,GBPUSD,516847.3
2016-09-28,GBPUSD,559046.6
2016-09-29,GBPUSD,484185.1
2016-09-30,GBPUSD,534507.6
2016-10-02,GBPUSD,23885.8
2016-10-03,GBPUSD,443235.2
2016-10-04,GBPUSD,549292.9
2016-10-05,GBPUSD,537360.9
2016-10-06,GBPUSD,533590.8
2016-10-07,GBPUSD,529690.9
2016-10-09,GBPUSD,20890.2
2016-10-10,GBPUSD,387731.8
2016-10-11,GBPUSD,526510.2
2016-10-12,GBPUSD,576985.9
2016-10-13,GBPUSD,487752.9
2016-10-14,GBPUSD,406728.2
2016-10-16,GBPUSD,26138.6
2016-10-17,GBPUSD,413301.0
2016-10-18,GBPUSD,437624.2
2016-10-19,GBPUSD,378294.4
2016-10-20,GBPUSD,365147.6
2016-10-21,GBPUSD,322958.4
2016-10-23,GBPUSD,14945.7
2016-10-24,GBPUSD,217994.2
2016-10-25,GBPUSD,138154.2
2016-10-26,GBPUSD,128457.3
2016-10-27,GBPUSD,140069.8
2016-10-28,GBPUSD,147263.4
2016-10-30,GBPUSD,9530.0
2016-10-31,GBPUSD,123739.1
2016-11-01,GBPUSD,154885.9
2016-11-02,GBPUSD,171256.7
2016-11-03,GBPUSD,195836.4
2016-11-04,GBPUSD,160286.0
2016-11-06,GBPUSD,13907.0
2016-11-07,GBPUSD,148658.0
2016-11-08,GBPUSD,138857.3
2016-11-09,GBPUSD,278438.2
2016-11-10,GBPUSD,217906.3
2016-11-11,GBPUSD,201568.2
2016-11-13,GBPUSD,9898.0
2016-11-14,GBPUSD,200396.1
2016-11-15,GBPUSD,204708.6
2016-11-16,GBPUSD,199540.5
2016-11-17,GBPUSD,179807.0
2016-11-18,GBPUSD,191216.6
2016-11-20,GBPUSD,8682.2
2016-11-21,GBPUSD,190718.6
2016-11-22,GBPUSD,146147.0
2016-11-23,GBPUSD,162580.3
2016-11-24,GBPUSD,153270.3
2016-11-25,GBPUSD,164104.5
2016-11-27,GBPUSD,3759.3
2016-11-28,GBPUSD,167354.8
2016-11-29,GBPUSD,150728.7
2016-11-30,GBPUSD,186976.5
2016-12-01,GBPUSD,181139.6
2016-12-02,GBPUSD,154823.5
2016-12-04,GBPUSD,15135.2
2016-12-05,GBPUSD,196205.6
2016-12-06,GBPUSD,155079.9
2016-12-07,GBPUSD,133663.2
2016-12-08,GBPUSD,164031.5
2016-12-09,GBPUSD,127119.2
2016-12-11,GBPUSD,5073.6
2016-12-12,GBPUSD,149500.7
2016-12-13,GBPUSD,162162.6
2016-12-14,GBPUSD,192952.1
2016-12-15,GBPUSD,222846.8
2016-12-16,GBPUSD,166747.3
2016-12-18,GBPUSD,4827.7
2016-12-19,GBPUSD,143342.5
2016-12-20,GBPUSD,155953.5
2016-12-21,GBPUSD,139347.0
2016-12-22,GBPUSD,134127.6
2016-12-23,GBPUSD,100552.4
2016-12-25,GBPUSD,5372.4
2016-12-26,GBPUSD,48105.2
2016-12-27,GBPUSD,86782.4
2016-12-28,GBPUSD,113212.3
2016-12-29,GBPUSD,127268.3
2016-12-30,GBPUSD,153255.2
2017-01-01,GBPUSD,457.2
2017-01-02,GBPUSD,61793.1
2017-01-03,GBPUSD,144005.2
2017-01-04,GBPUSD,156590.4
2017-01-05,GBPUSD,199446.5
2017-01-06,GBPUSD,156042.5
2017-01-08,GBPUSD,4506.8
2017-01-09,GBPUSD,169242.5
2017-01-10,GBPUSD,174229.0
2017-01-11,GBPUSD,218649.0
2017-01-12,GBPUSD,202020.0
2017-01-13,GBPUSD,175387.5
2017-01-15,GBPUSD,5662.6
2017-01-16,GBPUSD,164952.3
2017-01-17,GBPUSD,241107.2
2017-01-18,GBPUSD,206345.5
2017-01-19,GBPUSD,218022.0
2017-01-20,GBPUSD,208470.7
2017-01-22,GBPUSD,5316.5
2017-01-23,GBPUSD,186501.2
2017-01-24,GBPUSD,194912.7
2017-01-25,GBPUSD,192423.1
2017-01-26,GBPUSD,203749.6
2017-01-27,GBPUSD,180597.3
2017-01-29,GBPUSD,5164.1
2017-01-30,GBPUSD,156004.0
2017-01-31,GBPUSD,195330.1
2017-02-01,GBPUSD,184709.4
2017-02-02,GBPUSD,177069.9
2017-02-03,GBPUSD,164037.6
2017-02-05,GBPUSD,2843.5
2017-02-06,GBPUSD,157769.2
2017-02-07,GBPUSD,169781.3
2017-02-08,GBPUSD,168321.6
2017-02-09,GBPUSD,157000.5
2017-02-10,GBPUSD,161477.6
2017-02-12,GBPUSD,4497.8
2017-02-13,GBPUSD,145731.7
2017-02-14,GBPUSD,162743.4
2017-02-15,GBPUSD,167081.7
2017-02-16,GBPUSD,157614.9
2017-02-17,GBPUSD,152766.6
2017-02-19,GBPUSD,5380.6
2017-02-20,GBPUSD,123038.2
2017-02-21,GBPUSD,143498.4
2017-02-22,GBPUSD,158328.7
2017-02-23,GBPUSD,144477.6
2017-02-24,GBPUSD,131574.9
2017-02-26,GBPUSD,12549.2
2017-02-27,GBPUSD,134111.6
2017-02-28,GBPUSD,147013.0
2017-03-01,GBPUSD,164866.2
2017-03-02,GBPUSD,139819.6
2017-03-03,GBPUSD,141173.0
2017-03-05,GBPUSD,3166.4
2017-03-06,GBPUSD,121851.3
2017-03-07,GBPUSD,134498.3
2017-03-08,GBPUSD,135587.1
2017-03-09,GBPUSD,153844.7
2017-03-10,GBPUSD,133747.3
2017-03-12,GBPUSD,7620.2
2017-03-13,GBPUSD,151744.8
2017-03-14,GBPUSD,130513.2
2017-03-15,GBPUSD,172844.5
2017-03-16,GBPUSD,169158.3
2017-03-17,GBPUSD,131701.7
2017-03-19,GBPUSD,4466.7
2017-03-20,GBPUSD,120061.7
2017-03-21,GBPUSD,148816.4
2017-03-22,GBPUSD,137989.9
2017-03-23,GBPUSD,140294.0
2017-03-24,GBPUSD,112204.1
2017-03-26,GBPUSD,9732.5
2017-03-27,GBPUSD,131785.9
2017-03-28,GBPUSD,133441.8
2017-03-29,GBPUSD,154348.7
2017-03-30,GBPUSD,128896.3
2017-03-31,GBPUSD,139160.1
2017-04-02,GBPUSD,6001.9
2017-04-03,GBPUSD,119467.2
2017-04-04,GBPUSD,124437.7
2017-04-05,GBPUSD,137439.5
2017-04-06,GBPUSD,125760.7
2017-04-07,GBPUSD,151265.7
2017-04-09,GBPUSD,10118.5
2017-04-10,GBPUSD,115096.6
2017-04-11,GBPUSD,141034.6
2017-04-12,GBPUSD,153480.0
2017-04-13,GBPUSD,145216.2
2017-04-14,GBPUSD,90994.4
2017-04-16,GBPUSD,7932.5
2017-04-17,GBPUSD,100534.9
2017-04-18,GBPUSD,199769.9
2017-04-19,GBPUSD,166095.2
2017-04-20,GBPUSD,147628.7
2017-04-21,GBPUSD,125579.6
2017-04-23,GBPUSD,12167.0
2017-04-24,GBPUSD,150755.2
2017-04-25,GBPUSD,151244.8
2017-04-26,GBPUSD,160939.7
2017-04-27,GBPUSD,155015.3
2017-04-28,GBPUSD,157065.7
2017-04-30,GBPUSD,11312.9
2017-05-01,GBPUSD,86527.6
2017-05-02,GBPUSD,114519.9
2017-05-03,GBPUSD,134704.6
2017-05-04,GBPUSD,136304.8
2017-05-05,GBPUSD,130430.4
2017-05-07,GBPUSD,10830.9
2017-05-08,GBPUSD,137267.4
2017-05-09,GBPUSD,156938.5
2017-05-10,GBPUSD,144904.7
2017-05-11,GBPUSD,163011.3
2017-05-12,GBPUSD,150487.5
2017-05-14,GBPUSD,15958.1
2017-05-15,GBPUSD,138322.1
2017-05-16,GBPUSD,158911.8
2017-05-17,GBPUSD,170600.8
2017-05-18,GBPUSD,186870.4
2017-05-19,GBPUSD,141580.9
2017-05-21,GBPUSD,6720.5
2017-05-22,GBPUSD,157293.1
2017-05-23,GBPUSD,157442.0
2017-05-24,GBPUSD,142790.1
2017-05-25,GBPUSD,120470.0
2017-05-26,GBPUSD,134461.8
2017-05-28,GBPUSD,5047.4
2017-05-29,GBPUSD,88763.7
2017-05-30,GBPUSD,126345.0
2017-05-31,GBPUSD,148044.6
2017-06-01,GBPUSD,126119.0
2017-06-02,GBPUSD,107816.7
2017-06-04,GBPUSD,9922.0
2017-06-05,GBPUSD,94555.0
2017-06-06,GBPUSD,110007.7
2017-06-07,GBPUSD,124244.6
2017-06-08,GBPUSD,152617.2
2017-06-09,GBPUSD,183228.3
2017-06-11,GBPUSD,8949.1
2017-06-12,GBPUSD,136990.1
2017-06-13,GBPUSD,125478.8
2017-06-14,GBPUSD,161550.6
2017-06-15,GBPUSD,146000.6
2017-06-16,GBPUSD,119595.6
2017-06-18,GBPUSD,9576.7
2017-06-19,GBPUSD,128796.0
2017-06-20,GBPUSD,171989.2
2017-06-21,GBPUSD,135480.3
2017-06-22,GBPUSD,135599.7
2017-06-23,GBPUSD,110156.4
2017-06-25,GBPUSD,4978.2
2017-06-26,GBPUSD,118813.0
2017-06-27,GBPUSD,147922.1
2017-06-28,GBPUSD,175031.6
2017-06-29,GBPUSD,154606.8
2017-06-30,GBPUSD,134663.9
2017-07-02,GBPUSD,7412.3
2017-07-03,GBPUSD,132505.1
2017-07-04,GBPUSD,153637.0
2017-07-05,GBPUSD,133812.9
2017-07-06,GBPUSD,127744.8
2017-07-07,GBPUSD,115222.1
2017-07-09,GBPUSD,7941.0
2017-07-10,GBPUSD,95492.3
2017-07-11,GBPUSD,117569.1
2017-07-12,GBPUSD,146020.1
2017-07-13,GBPUSD,131318.8
2017-07-14,GBPUSD,128146.2
2017-07-16,GBPUSD,13873.9
2017-07-17,GBPUSD,121296.1
2017-07-18,GBPUSD,153927.0
2017-07-19,GBPUSD,126922.6
2017-07-20,GBPUSD,158446.3
2017-07-21,GBPUSD,116783.1
2017-07-23,GBPUSD,7100.4
2017-07-24,GBPUSD,114475.9
2017-07-25,GBPUSD,128400.9
2017-07-26,GBPUSD,149850.1
2017-07-27,GBPUSD,153194.3
2017-07-28,GBPUSD,128134.5
2017-07-30,GBPUSD,6012.1
2017-07-31,GBPUSD,130090.5
2017-08-01,GBPUSD,125009.6
2017-08-02,GBPUSD,112265.3
2017-08-03,GBPUSD,128021.2
2017-08-04,GBPUSD,109993.1
2017-08-06,GBPUSD,10167.8
2017-08-07,GBPUSD,90580.7
2017-08-08,GBPUSD,99971.9
2017-08-09,GBPUSD,120524.3
2017-08-10,GBPUSD,115907.8
2017-08-11,GBPUSD,111027.8
2017-08-13,GBPUSD,6191.6
2017-08-14,GBPUSD,110712.9
2017-08-15,GBPUSD,129886.6
2017-08-16,GBPUSD,128921.1
2017-08-17,GBPUSD,138058.7
2017-08-18,GBPUSD,119981.6
2017-08-20,GBPUSD,7875.3
2017-08-21,GBPUSD,100894.2
2017-08-22,GBPUSD,105035.6
2017-08-23,GBPUSD,121824.5
2017-08-24,GBPUSD,132048.5
2017-08-25,GBPUSD,125018.4
2017-08-27,GBPUSD,11909.8
2017-08-28,GBPUSD,115725.0
2017-08-29,GBPUSD,141191.6
2017-08-30,GBPUSD,132710.0
2017-08-31,GBPUSD,139794.0
2017-09-01,GBPUSD,128957.5
2017-09-03,GBPUSD,9212.3
2017-09-04,GBPUSD,112422.8
2017-09-05,GBPUSD,150420.8
2017-09-06,GBPUSD,131666.3
2017-09-07,GBPUSD,156812.0
2017-09-08,GBPUSD,149756.1
2017-09-10,GBPUSD,7275.9
2017-09-11,GBPUSD,134426.7
2017-09-12,GBPUSD,145084.4
2017-09-13,GBPUSD,137600.0
2017-09-14,GBPUSD,171716.1
2017-09-15,GBPUSD,167139.0
2017-09-17,GBPUSD,6676.5
2017-09-18,GBPUSD,166116.4
2017-09-19,GBPUSD,152819.3
2017-09-20,GBPUSD,253078.8
2017-09-21,GBPUSD,211354.1
2017-09-22,GBPUSD,230630.1
2017-09-24,GBPUSD,10571.0
2017-09-25,GBPUSD,165584.4
2017-09-26,GBPUSD,154772.5
2017-09-27,GBPUSD,167508.3
2017-09-28,GBPUSD,163251.5
2017-09-29,GBPUSD,140295.0
2017-10-01,GBPUSD,7051.3
2017-10-02,GBPUSD,152691.0
2017-10-03,GBPUSD,143107.5
2017-10-04,GBPUSD,149909.8
2017-10-05,GBPUSD,146324.5
2017-10-06,GBPUSD,140256.1
2017-10-08,GBPUSD,6259.5
2017-10-09,GBPUSD,114786.1
2017-10-10,GBPUSD,130736.4
2017-10-11,GBPUSD,123823.1
2017-10-12,GBPUSD,160125.1
2017-10-13,GBPUSD,142146.8
2017-10-15,GBPUSD,6373.0
2017-10-16,GBPUSD,119366.2
2017-10-17,GBPUSD,140437.8
2017-10-18,GBPUSD,130942.1
2017-10-19,GBPUSD,159048.5
2017-10-20,GBPUSD,140234.3
2017-10-22,GBPUSD,7863.1
2017-10-23,GBPUSD,123355.0
2017-10-24,GBPUSD,128280.5
2017-10-25,GBPUSD,149431.3
2017-10-26,GBPUSD,138773.5
2017-10-27,GBPUSD,121653.2
2017-10-29,GBPUSD,6119.9
2017-10-30,GBPUSD,115473.4
2017-10-31,GBPUSD,120500.9
2017-11-01,GBPUSD,135959.3
2017-11-02,GBPUSD,177874.1
2017-11-03,GBPUSD,126601.4
2017-11-05,GBPUSD,4290.0
2017-11-06,GBPUSD,138475.7
2017-11-07,GBPUSD,154796.8
2017-11-08,GBPUSD,129028.3
2017-11-09,GBPUSD,155293.6
2017-11-10,GBPUSD,143947.3
2017-11-12,GBPUSD,7689.0
2017-11-13,GBPUSD,136954.7
2017-11-14,GBPUSD,139879.2
2017-11-15,GBPUSD,168808.5
2017-11-16,GBPUSD,147206.1
2017-11-17,GBPUSD,160066.5
2017-11-19,GBPUSD,7800.4
2017-11-20,GBPUSD,150683.6
2017-11-21,GBPUSD,140651.7
2017-11-22,GBPUSD,134859.7
2017-11-23,GBPUSD,111897.5
2017-11-24,GBPUSD,127211.6
2017-11-26,GBPUSD,4845.0
2017-11-27,GBPUSD,137836.9
2017-11-28,GBPUSD,185121.8
2017-11-29,GBPUSD,174585.0
2017-11-30,GBPUSD,194392.0
2017-12-01,GBPUSD,199307.6
2017-12-03,GBPUSD,7650.7
2017-12-04,GBPUSD,186753.7
2017-12-05,GBPUSD,169736.7
2017-12-06,GBPUSD,168413.7
2017-12-07,GBPUSD,167314.4
2017-12-08,GBPUSD,167828.9
2017-12-10,GBPUSD,2960.0
2017-12-11,GBPUSD,152621.2
2017-12-12,GBPUSD,158748.7
2017-12-13,GBPUSD,181745.0
2017-12-14,GBPUSD,202517.1
2017-12-15,GBPUSD,185550.7
2017-12-17,GBPUSD,5624.6
2017-12-18,GBPUSD,163200.5
2017-12-19,GBPUSD,187483.6
2017-12-20,GBPUSD,166890.3
2017-12-21,GBPUSD,157390.5
2017-12-22,GBPUSD,152847.9
2017-12-24,GBPUSD,352.2
2017-12-25,GBPUSD,6076.9
2017-12-26,GBPUSD,133342.5
2017-12-27,GBPUSD,150762.0
2017-12-28,GBPUSD,141580.7
2017-12-29,GBPUSD,152944.6
2018-01-01,GBPUSD,6558.7
2018-01-02,GBPUSD,165399.7
2018-01-03,GBPUSD,166337.8
2018-01-04,GBPUSD,158131.2
2018-01-05,GBPUSD,153131.6
2018-01-07,GBPUSD,5527.4
2018-01-08,GBPUSD,126241.2
2018-01-09,GBPUSD,144613.1
2018-01-10,GBPUSD,174887.0
2018-01-11,GBPUSD,179138.3
2018-01-12,GBPUSD,193268.4
2018-01-14,GBPUSD,5307.8
2018-01-15,GBPUSD,171252.4
2018-01-16,GBPUSD,189726.2
2018-01-17,GBPUSD,214329.8
2018-01-18,GBPUSD,213342.3
2018-01-19,GBPUSD,201860.3
2018-01-21,GBPUSD,7511.8
2018-01-22,GBPUSD,190165.3
2018-01-23,GBPUSD,206759.4
2018-01-24,GBPUSD,253510.8
2018-01-25,GBPUSD,321620.1
2018-01-26,GBPUSD,277607.5
2018-01-28,GBPUSD,7050.1
2018-01-29,GBPUSD,250285.5
2018-01-30,GBPUSD,262073.8
2018-01-31,GBPUSD,272886.2
2018-02-01,GBPUSD,255618.8
2018-02-02,GBPUSD,257639.7
2018-02-04,GBPUSD,9712.5
2018-02-05,GBPUSD,269036.9
2018-02-06,GBPUSD,319674.4
2018-02-07,GBPUSD,252421.7
2018-02-08,GBPUSD,331143.7
2018-02-09,GBPUSD,291692.5
2018-02-11,GBPUSD,7193.0
2018-02-12,GBPUSD,216866.4
2018-02-13,GBPUSD,225951.6
2018-02-14,GBPUSD,263237.9
2018-02-15,GBPUSD,253329.6
2018-02-16,GBPUSD,227707.8
2018-02-18,GBPUSD,6204.8
2018-02-19,GBPUSD,182015.3
2018-02-20,GBPUSD,218246.0
2018-02-21,GBPUSD,250655.6
2018-02-22,GBPUSD,234913.4
2018-02-23,GBPUSD,183442.2
2018-02-25,GBPUSD,4975.4
2018-02-26,GBPUSD,145875.6
2018-02-27,GBPUSD,175693.7
2018-02-28,GBPUSD,185035.5
2018-03-01,GBPUSD,209582.4
2018-03-02,GBPUSD,188238.3
2018-03-04,GBPUSD,11881.2
2018-03-05,GBPUSD,178159.4
2018-03-06,GBPUSD,182885.7
2018-03-07,GBPUSD,174116.3
2018-03-08,GBPUSD,179293.5
2018-03-09,GBPUSD,162797.9
2018-03-11,GBPUSD,5008.8
2018-03-12,GBPUSD,127094.8
2018-03-13,GBPUSD,153504.7
2018-03-14,GBPUSD,146893.7
2018-03-15,GBPUSD,183823.7
2018-03-16,GBPUSD,128694.2
2018-03-18,GBPUSD,4818.6
2018-03-19,GBPUSD,170551.2
2018-03-20,GBPUSD,142185.0
2018-03-21,GBPUSD,176216.1
2018-03-22,GBPUSD,189968.8
2018-03-23,GBPUSD,150251.0
2018-03-25,GBPUSD,4229.1
2018-03-26,GBPUSD,125227.6
2018-03-27,GBPUSD,148547.5
2018-03-28,GBPUSD,147577.3
2018-03-29,GBPUSD,149066.2
2018-03-30,GBPUSD,93558.1
2018-04-01,GBPUSD,6369.6
2018-04-02,GBPUSD,97569.4
2018-04-03,GBPUSD,132532.8
2018-04-04,GBPUSD,142400.5
2018-04-05,GBPUSD,150709.6
2018-04-06,GBPUSD,138042.3
2018-04-08,GBPUSD,4043.2
2018-04-09,GBPUSD,122655.5
2018-04-10,GBPUSD,129141.4
2018-04-11,GBPUSD,120138.0
2018-04-12,GBPUSD,128358.6
2018-04-13,GBPUSD,100913.4
2018-04-15,GBPUSD,5159.7
2018-04-16,GBPUSD,98592.0
2018-04-17,GBPUSD,122644.0
2018-04-18,GBPUSD,122988.8
2018-04-19,GBPUSD,140169.8
2018-04-20,GBPUSD,126669.5
2018-04-22,GBPUSD,6455.9
2018-04-23,GBPUSD,112125.8
2018-04-24,GBPUSD,110150.2
2018-04-25,GBPUSD,102771.2
2018-04-26,GBPUSD,136163.2
2018-04-27,GBPUSD,124970.1
2018-04-29,GBPUSD,5460.7
2018-04-30,GBPUSD,112795.7
2018-05-01,GBPUSD,122411.0
2018-05-02,GBPUSD,169206.1
2018-05-03,GBPUSD,165904.5
2018-05-04,GBPUSD,127306.6
2018-05-06,GBPUSD,3215.6
2018-05-07,GBPUSD,110330.6
2018-05-08,GBPUSD,153186.7
2018-05-09,GBPUSD,141810.5
2018-05-10,GBPUSD,179691.3
2018-05-11,GBPUSD,121975.5
2018-05-13,GBPUSD,3527.0
2018-05-14,GBPUSD,105603.2
2018-05-15,GBPUSD,157470.8
2018-05-16,GBPUSD,158885.2
2018-05-17,GBPUSD,694636.0
2018-05-18,GBPUSD,118727.8
2018-05-20,GBPUSD,3899.8
2018-05-21,GBPUSD,125639.9
2018-05-22,GBPUSD,136387.5
2018-05-23,GBPUSD,187717.2
2018-05-24,GBPUSD,174540.8
2018-05-25,GBPUSD,155391.5
2018-05-27,GBPUSD,7360.7
2018-05-28,GBPUSD,124379.1
2018-05-29,GBPUSD,192503.6
2018-05-30,GBPUSD,171446.0
2018-05-31,GBPUSD,182246.7
2018-06-01,GBPUSD,149183.8
2018-06-03,GBPUSD,4493.8
2018-06-04,GBPUSD,111764.5
2018-06-05,GBPUSD,149986.0
2018-06-06,GBPUSD,133692.2
2018-06-07,GBPUSD,156029.8
2018-06-08,GBPUSD,131742.4
2018-06-10,GBPUSD,2982.8
2018-06-11,GBPUSD,109694.7
2018-06-12,GBPUSD,141883.8
2018-06-13,GBPUSD,139879.4
2018-06-14,GBPUSD,174698.9
2018-06-15,GBPUSD,145645.6
2018-06-17,GBPUSD,11437.7
2018-06-18,GBPUSD,121927.3
2018-06-19,GBPUSD,163610.8
2018-06-20,GBPUSD,152588.4
2018-06-21,GBPUSD,210052.7
2018-06-22,GBPUSD,157787.2
2018-06-24,GBPUSD,8482.5
2018-06-25,GBPUSD,153818.7
2018-06-26,GBPUSD,183295.3
2018-06-27,GBPUSD,233685.6
2018-06-28,GBPUSD,198514.5
2018-06-29,GBPUSD,196898.5
2018-07-01,GBPUSD,8887.9
2018-07-02,GBPUSD,161921.6
2018-07-03,GBPUSD,176418.5
2018-07-04,GBPUSD,153950.3
2018-07-05,GBPUSD,165261.0
2018-07-06,GBPUSD,143007.5
2018-07-08,GBPUSD,11744.6
2018-07-09,GBPUSD,183501.6
2018-07-10,GBPUSD,163876.1
2018-07-11,GBPUSD,187964.0
2018-07-12,GBPUSD,159570.8
2018-07-13,GBPUSD,149155.3
2018-07-15,GBPUSD,3224.8
2018-07-16,GBPUSD,145642.5
2018-07-17,GBPUSD,173363.3
2018-07-18,GBPUSD,172144.4
2018-07-19,GBPUSD,184002.6
2018-07-20,GBPUSD,171394.5
2018-07-22,GBPUSD,6264.5
2018-07-23,GBPUSD,139630.8
2018-07-24,GBPUSD,152806.1
2018-07-25,GBPUSD,160555.2
2018-07-26,GBPUSD,153704.5
2018-07-27,GBPUSD,120314.3
2018-07-29,GBPUSD,10906.7
2018-07-30,GBPUSD,106438.4
2018-07-31,GBPUSD,149707.2
2018-08-01,GBPUSD,126813.6
2018-08-02,GBPUSD,142839.9
2018-08-03,GBPUSD,129929.8
2018-08-05,GBPUSD,3615.6
2018-08-06,GBPUSD,99420.4
2018-08-07,GBPUSD,108585.7
2018-08-08,GBPUSD,126195.7
2018-08-09,GBPUSD,138670.6
2018-08-10,GBPUSD,202537.9
2018-08-12,GBPUSD,8176.5
2018-08-13,GBPUSD,154217.8
2018-08-14,GBPUSD,151690.8
2018-08-15,GBPUSD,144941.2
2018-08-16,GBPUSD,145504.5
2018-08-17,GBPUSD,128152.2
2018-08-19,GBPUSD,3766.9
2018-08-20,GBPUSD,107962.6
2018-08-21,GBPUSD,150705.8
2018-08-22,GBPUSD,132707.5
2018-08-23,GBPUSD,124306.7
2018-08-24,GBPUSD,123464.9
2018-08-26,GBPUSD,6610.8
2018-08-27,GBPUSD,115940.5
2018-08-28,GBPUSD,123402.7
2018-08-29,GBPUSD,162718.6
2018-08-30,GBPUSD,142498.2
2018-08-31,GBPUSD,135387.8
2018-09-02,GBPUSD,5713.1
2018-09-03,GBPUSD,126180.1
2018-09-04,GBPUSD,148392.6
2018-09-05,GBPUSD,158888.8
2018-09-06,GBPUSD,141857.6
2018-09-07,GBPUSD,147057.4
2018-09-09,GBPUSD,3687.4
2018-09-10,GBPUSD,128581.1
2018-09-11,GBPUSD,141110.3
2018-09-12,GBPUSD,146576.4
2018-09-13,GBPUSD,142441.8
2018-09-14,GBPUSD,130221.0
2018-09-16,GBPUSD,3010.2
2018-09-17,GBPUSD,144895.1
2018-09-18,GBPUSD,146884.4
2018-09-19,GBPUSD,167940.5
2018-09-20,GBPUSD,157849.3
2018-09-21,GBPUSD,167835.7
2018-09-23,GBPUSD,4666.4
2018-09-24,GBPUSD,133613.1
2018-09-25,GBPUSD,138055.5
2018-09-26,GBPUSD,149876.4
2018-09-27,GBPUSD,142980.3
2018-09-28,GBPUSD,123487.5
2018-09-30,GBPUSD,3106.8
2018-10-01,GBPUSD,141191.2
2018-10-02,GBPUSD,154000.4
2018-10-03,GBPUSD,178916.6
2018-10-04,GBPUSD,168094.6
2018-10-05,GBPUSD,151380.8
2018-10-07,GBPUSD,11356.9
2018-10-08,GBPUSD,142205.4
2018-10-09,GBPUSD,171164.8
2018-10-10,GBPUSD,166756.5
2018-10-11,GBPUSD,216593.4
2018-10-12,GBPUSD,176988.4
2018-10-14,GBPUSD,10288.2
2018-10-15,GBPUSD,163669.5
2018-10-16,GBPUSD,153233.2
2018-10-17,GBPUSD,148735.7
2018-10-18,GBPUSD,147940.7
2018-10-19,GBPUSD,137175.8
2018-10-21,GBPUSD,5791.8
2018-10-22,GBPUSD,146823.8
2018-10-23,GBPUSD,163360.6
2018-10-24,GBPUSD,174961.8
2018-10-25,GBPUSD,163395.2
2018-10-26,GBPUSD,183541.0
2018-10-28,GBPUSD,3464.3
2018-10-29,GBPUSD,147510.1
2018-10-30,GBPUSD,138466.0
2018-10-31,GBPUSD,146333.0
2018-11-01,GBPUSD,172009.3
2018-11-02,GBPUSD,150686.2
2018-11-04,GBPUSD,6814.6
2018-11-05,GBPUSD,135928.7
2018-11-06,GBPUSD,143830.8
2018-11-07,GBPUSD,190030.1
2018-11-08,GBPUSD,157835.8
2018-11-09,GBPUSD,146777.1
2018-11-11,GBPUSD,8691.9
2018-11-12,GBPUSD,170151.5
2018-11-13,GBPUSD,200996.3
2018-11-14,GBPUSD,215815.3
2018-11-15,GBPUSD,238889.8
2018-11-16,GBPUSD,183990.2
2018-11-18,GBPUSD,6297.1
2018-11-19,GBPUSD,158400.9
2018-11-20,GBPUSD,164309.1
2018-11-21,GBPUSD,145250.2
2018-11-22,GBPUSD,125357.3
2018-11-23,GBPUSD,129969.0
2018-11-25,GBPUSD,4422.6
2018-11-26,GBPUSD,141163.8
2018-11-27,GBPUSD,192232.9
2018-11-28,GBPUSD,171906.8
2018-11-29,GBPUSD,164826.5
2018-11-30,GBPUSD,159532.7
2018-12-02,GBPUSD,7846.2
2018-12-03,GBPUSD,148990.8
2018-12-04,GBPUSD,185457.4
2018-12-05,GBPUSD,155839.5
2018-12-06,GBPUSD,188417.0
2018-12-07,GBPUSD,145333.6
2018-12-09,GBPUSD,9126.5
2018-12-10,GBPUSD,182754.6
2018-12-11,GBPUSD,184319.2
2018-12-12,GBPUSD,199335.3
2018-12-13,GBPUSD,149513.2
2018-12-14,GBPUSD,154666.0
2018-12-16,GBPUSD,11240.5
2018-12-17,GBPUSD,166059.1
2018-12-18,GBPUSD,171716.4
2018-12-19,GBPUSD,257259.8
2018-12-20,GBPUSD,301694.3
2018-12-21,GBPUSD,297348.6
2018-12-23,GBPUSD,6651.5
2018-12-24,GBPUSD,220566.2
2018-12-25,GBPUSD,14237.3
2018-12-26,GBPUSD,139015.5
2018-12-27,GBPUSD,319871.7
2018-12-28,GBPUSD,187850.3
2018-12-30,GBPUSD,6301.0
2018-12-31,GBPUSD,162940.4
2019-01-01,GBPUSD,4665.1
2019-01-02,GBPUSD,243215.2
2019-01-03,GBPUSD,269562.9
2019-01-04,GBPUSD,248206.0
2019-01-06,GBPUSD,6445.5
2019-01-07,GBPUSD,188019.7
2019-01-08,GBPUSD,208100.3
2019-01-09,GBPUSD,275204.0
2019-01-10,GBPUSD,237027.2
2019-01-11,GBPUSD,239359.6
2019-01-13,GBPUSD,6176.3
2019-01-14,GBPUSD,232673.6
2019-01-15,GBPUSD,276486.0
2019-01-16,GBPUSD,224243.4
2019-01-17,GBPUSD,219320.0
2019-01-18,GBPUSD,198648.0
2019-01-20,GBPUSD,4342.1
2019-01-21,GBPUSD,166378.2
2019-01-22,GBPUSD,212460.5
2019-01-23,GBPUSD,234408.7
2019-01-24,GBPUSD,234674.9
2019-01-25,GBPUSD,255695.8
2019-01-27,GBPUSD,6701.5
2019-01-28,GBPUSD,205897.1
2019-01-29,GBPUSD,276646.1
2019-01-30,GBPUSD,250098.2
2019-01-31,GBPUSD,234971.4
2019-02-01,GBPUSD,204781.2
2019-02-03,GBPUSD,12012.1
2019-02-04,GBPUSD,212458.1
2019-02-05,GBPUSD,195888.4
2019-02-06,GBPUSD,199566.7
2019-02-07,GBPUSD,209442.7
2019-02-08,GBPUSD,169066.6
2019-02-10,GBPUSD,4382.4
2019-02-11,GBPUSD,217291.9
2019-02-12,GBPUSD,198802.2
2019-02-13,GBPUSD,221003.9
2019-02-14,GBPUSD,221482.2
2019-02-15,GBPUSD,204577.1
2019-02-17,GBPUSD,5926.9
2019-02-18,GBPUSD,219997.6
2019-02-19,GBPUSD,215572.1
2019-02-20,GBPUSD,233663.1
2019-02-21,GBPUSD,246223.0
2019-02-22,GBPUSD,205530.8
2019-02-24,GBPUSD,10013.2
2019-02-25,GBPUSD,229016.0
2019-02-26,GBPUSD,303777.8
2019-02-27,GBPUSD,287323.4
2019-02-28,GBPUSD,252279.3
2019-03-01,GBPUSD,233845.2
2019-03-03,GBPUSD,10337.9
2019-03-04,GBPUSD,218977.4
2019-03-05,GBPUSD,223749.4
2019-03-06,GBPUSD,197105.7
2019-03-07,GBPUSD,237033.7
2019-03-08,GBPUSD,220631.7
2019-03-10,GBPUSD,1349.6
2019-03-11,GBPUSD,276467.8
2019-03-12,GBPUSD,261180.5
2019-03-13,GBPUSD,262538.6
2019-03-14,GBPUSD,281495.5
2019-03-15,GBPUSD,231066.4
2019-03-17,GBPUSD,4446.6
2019-03-18,GBPUSD,210228.7
2019-03-19,GBPUSD,204083.7
2019-03-20,GBPUSD,279546.1
2019-03-21,GBPUSD,261149.5
2019-03-22,GBPUSD,242237.3
2019-03-24,GBPUSD,4914.5
2019-03-25,GBPUSD,235211.5
2019-03-26,GBPUSD,220006.5
2019-03-27,GBPUSD,284563.0
2019-03-28,GBPUSD,265698.4
2019-03-29,GBPUSD,228208.3
2019-03-31,GBPUSD,5653.1
2019-04-01,GBPUSD,235277.0
2019-04-02,GBPUSD,262667.2
2019-04-03,GBPUSD,225090.2
2019-04-04,GBPUSD,227560.7
2019-04-05,GBPUSD,184279.7
2019-04-07,GBPUSD,7322.5
2019-04-08,GBPUSD,194885.0
2019-04-09,GBPUSD,199958.5
2019-04-10,GBPUSD,196511.2
2019-04-11,GBPUSD,170855.4
2019-04-12,GBPUSD,143887.2
2019-04-14,GBPUSD,4406.6
2019-04-15,GBPUSD,138062.5
2019-04-16,GBPUSD,148770.2
2019-04-17,GBPUSD,142128.4
2019-04-18,GBPUSD,195793.1
2019-04-19,GBPUSD,293768.6
2019-04-21,GBPUSD,3961.0
2019-04-22,GBPUSD,68967.9
2019-04-23,GBPUSD,151665.6
2019-04-24,GBPUSD,168347.5
2019-04-25,GBPUSD,162853.1
2019-04-26,GBPUSD,139616.9
2019-04-28,GBPUSD,3876.2
2019-04-29,GBPUSD,129537.2
2019-04-30,GBPUSD,155193.9
2019-05-01,GBPUSD,142505.4
2019-05-02,GBPUSD,192465.6
2019-05-03,GBPUSD,150605.3
2019-05-05,GBPUSD,8634.7
2019-05-06,GBPUSD,138479.4
2019-05-07,GBPUSD,139926.2
2019-05-08,GBPUSD,159823.2
2019-05-09,GBPUSD,149615.1
2019-05-10,GBPUSD,146965.5
2019-05-12,GBPUSD,5957.1
2019-05-13,GBPUSD,129250.3
2019-05-14,GBPUSD,122851.3
2019-05-15,GBPUSD,128008.9
2019-05-16,GBPUSD,107236.1
2019-05-17,GBPUSD,126561.8
2019-05-19,GBPUSD,3815.3
2019-05-20,GBPUSD,103395.6
2019-05-21,GBPUSD,142177.3
2019-05-22,GBPUSD,138930.9
2019-05-23,GBPUSD,156893.9
2019-05-24,GBPUSD,132909.7
2019-05-26,GBPUSD,4012.6
2019-05-27,GBPUSD,131919.5
2019-05-28,GBPUSD,138659.9
2019-05-29,GBPUSD,140831.8
2019-05-30,GBPUSD,115084.5
2019-05-31,GBPUSD,143541.2
2019-06-02,GBPUSD,4387.3
2019-06-03,GBPUSD,149582.0
2019-06-04,GBPUSD,154937.8
2019-06-05,GBPUSD,157224.8
2019-06-06,GBPUSD,163533.5
2019-06-07,GBPUSD,145576.7
2019-06-09,GBPUSD,5989.1
2019-06-10,GBPUSD,132854.2
2019-06-11,GBPUSD,174088.1
2019-06-12,GBPUSD,171839.4
2019-06-13,GBPUSD,155054.8
2019-06-14,GBPUSD,174541.5
2019-06-16,GBPUSD,6125.1
2019-06-17,GBPUSD,121845.0
2019-06-18,GBPUSD,191902.3
2019-06-19,GBPUSD,169607.3
2019-06-20,GBPUSD,208201.2
2019-06-21,GBPUSD,204255.5
2019-06-23,GBPUSD,5457.4
2019-06-24,GBPUSD,138580.3
2019-06-25,GBPUSD,164510.8
2019-06-26,GBPUSD,208257.0
2019-06-27,GBPUSD,181835.1
2019-06-28,GBPUSD,159629.4
2019-06-30,GBPUSD,7288.3
2019-07-01,GBPUSD,152507.7
2019-07-02,GBPUSD,140315.8
2019-07-03,GBPUSD,135350.7
2019-07-04,GBPUSD,100790.0
2019-07-05,GBPUSD,144616.0
2019-07-07,GBPUSD,3946.6
2019-07-08,GBPUSD,108743.6
2019-07-09,GBPUSD,127555.0
2019-07-10,GBPUSD,158489.2
2019-07-11,GBPUSD,167126.9
2019-07-12,GBPUSD,146144.7
2019-07-14,GBPUSD,7515.2
2019-07-15,GBPUSD,99624.1
2019-07-16,GBPUSD,160024.4
2019-07-17,GBPUSD,137391.7
2019-07-18,GBPUSD,156143.5
2019-07-19,GBPUSD,106362.1
2019-07-21,GBPUSD,7771.7
2019-07-22,GBPUSD,99274.2
2019-07-23,GBPUSD,123621.8
2019-07-24,GBPUSD,122047.9
2019-07-25,GBPUSD,168374.2
2019-07-26,GBPUSD,119712.0
2019-07-28,GBPUSD,2532.5
2019-07-29,GBPUSD,143069.5
2019-07-30,GBPUSD,176525.5
2019-07-31,GBPUSD,223538.1
2019-08-01,GBPUSD,249554.0
2019-08-02,GBPUSD,239676.3
2019-08-04,GBPUSD,8676.1
2019-08-05,GBPUSD,222761.7
2019-08-06,GBPUSD,212982.2
2019-08-07,GBPUSD,213521.5
2019-08-08,GBPUSD,180466.8
2019-08-09,GBPUSD,149143.0
2019-08-11,GBPUSD,18063.4
2019-08-12,GBPUSD,206818.2
2019-08-13,GBPUSD,224522.8
2019-08-14,GBPUSD,209199.9
2019-08-15,GBPUSD,235426.5
2019-08-16,GBPUSD,170557.3
2019-08-18,GBPUSD,4274.8
2019-08-19,GBPUSD,149965.1
2019-08-20,GBPUSD,168020.7
2019-08-21,GBPUSD,150596.6
2019-08-22,GBPUSD,189130.0
2019-08-23,GBPUSD,199871.1
2019-08-25,GBPUSD,15211.0
2019-08-26,GBPUSD,223565.8
2019-08-27,GBPUSD,181304.7
2019-08-28,GBPUSD,210587.4
2019-08-29,GBPUSD,179817.3
2019-08-30,GBPUSD,175193.3
2019-09-01,GBPUSD,5508.1
2019-09-02,GBPUSD,165760.0
2019-09-03,GBPUSD,219896.0
2019-09-04,GBPUSD,199573.0
2019-09-05,GBPUSD,202763.7
2019-09-06,GBPUSD,174584.2
2019-09-08,GBPUSD,5397.6
2019-09-09,GBPUSD,167261.2
2019-09-10,GBPUSD,149476.7
2019-09-11,GBPUSD,148165.0
2019-09-12,GBPUSD,193397.1
2019-09-13,GBPUSD,166339.8
2019-09-15,GBPUSD,4976.3
2019-09-16,GBPUSD,141274.0
2019-09-17,GBPUSD,147811.1
2019-09-18,GBPUSD,152168.4
2019-09-19,GBPUSD,171258.7
2019-09-20,GBPUSD,203843.0
2019-09-22,GBPUSD,4954.8
2019-09-23,GBPUSD,170796.2
2019-09-24,GBPUSD,168403.0
2019-09-25,GBPUSD,183322.8
2019-09-26,GBPUSD,166601.1
2019-09-27,GBPUSD,150295.5
2019-09-29,GBPUSD,3792.6
2019-09-30,GBPUSD,152161.3
2019-10-01,GBPUSD,191735.9
2019-10-02,GBPUSD,199652.2
2019-10-03,GBPUSD,188552.3
2019-10-04,GBPUSD,142631.7
2019-10-06,GBPUSD,6494.3
2019-10-07,GBPUSD,139709.5
2019-10-08,GBPUSD,186934.5
2019-10-09,GBPUSD,161859.3
2019-10-10,GBPUSD,209787.7
2019-10-11,GBPUSD,231096.3
2019-10-13,GBPUSD,8358.7
2019-10-14,GBPUSD,177964.9
2019-10-15,GBPUSD,221700.4
2019-10-16,GBPUSD,224513.9
2019-10-17,GBPUSD,220494.2
2019-10-18,GBPUSD,170599.6
2019-10-20,GBPUSD,20850.1
2019-10-21,GBPUSD,180421.5
2019-10-22,GBPUSD,226853.4
2019-10-23,GBPUSD,184618.6
2019-10-24,GBPUSD,183850.2
2019-10-25,GBPUSD,124544.5
2019-10-27,GBPUSD,6735.9
2019-10-28,GBPUSD,133166.5
2019-10-29,GBPUSD,164457.2
2019-10-30,GBPUSD,157073.4
2019-10-31,GBPUSD,179090.5
2019-11-01,GBPUSD,140402.8
2019-11-03,GBPUSD,3902.8
2019-11-04,GBPUSD,119991.7
2019-11-05,GBPUSD,144447.2
2019-11-06,GBPUSD,112937.8
2019-11-07,GBPUSD,155078.4
2019-11-08,GBPUSD,113416.1
2019-11-10,GBPUSD,3526.2
2019-11-11,GBPUSD,115943.0
2019-11-12,GBPUSD,121004.6
2019-11-13,GBPUSD,122550.4
2019-11-14,GBPUSD,113673.9
2019-11-15,GBPUSD,99155.6
2019-11-17,GBPUSD,8982.6
2019-11-18,GBPUSD,113283.1
2019-11-19,GBPUSD,110544.9
2019-11-20,GBPUSD,110635.5
2019-11-21,GBPUSD,129977.3
2019-11-22,GBPUSD,123963.1
2019-11-24,GBPUSD,3490.3
2019-11-25,GBPUSD,103797.4
2019-11-26,GBPUSD,107754.6
2019-11-27,GBPUSD,119416.4
2019-11-28,GBPUSD,111842.0
2019-11-29,GBPUSD,104760.2
2019-12-01,GBPUSD,4049.2
2019-12-02,GBPUSD,108629.8
2019-12-03,GBPUSD,124000.2
2019-12-04,GBPUSD,140271.5
2019-12-05,GBPUSD,121407.3
2019-12-06,GBPUSD,113013.9
2019-12-08,GBPUSD,4257.1
2019-12-09,GBPUSD,109505.9
2019-12-10,GBPUSD,135329.1
2019-12-11,GBPUSD,132610.6
2019-12-12,GBPUSD,207775.1
2019-12-13,GBPUSD,229302.8
2019-12-15,GBPUSD,9463.9
2019-12-16,GBPUSD,159392.7
2019-12-17,GBPUSD,197633.0
2019-12-18,GBPUSD,204307.6
2019-12-19,GBPUSD,193399.6
2019-12-20,GBPUSD,130652.2
2019-12-22,GBPUSD,10892.8
2019-12-23,GBPUSD,139765.8
2019-12-24,GBPUSD,121943.0
2019-12-25,GBPUSD,4201.0
2019-12-26,GBPUSD,84146.9
2019-12-27,GBPUSD,130556.8
2019-12-29,GBPUSD,3517.3
2019-12-30,GBPUSD,132585.0
2019-12-31,GBPUSD,144708.5
2020-01-01,GBPUSD,13073.3
2020-01-02,GBPUSD,236678.4
2020-01-03,GBPUSD,172345.2
2020-01-05,GBPUSD,6450.5
2020-01-06,GBPUSD,146556.0
2020-01-07,GBPUSD,173973.7
2020-01-08,GBPUSD,200770.1
2020-01-09,GBPUSD,188174.5
2020-01-10,GBPUSD,144374.6
2020-01-12,GBPUSD,3989.9
2020-01-13,GBPUSD,148131.3
2020-01-14,GBPUSD,148027.4
2020-01-15,GBPUSD,138950.2
2020-01-16,GBPUSD,138673.7
2020-01-17,GBPUSD,146575.4
2020-01-19,GBPUSD,4401.7
2020-01-20,GBPUSD,95076.3
2020-01-21,GBPUSD,137617.1
2020-01-22,GBPUSD,165246.0
2020-01-23,GBPUSD,134576.4
2020-01-24,GBPUSD,147573.7
2020-01-26,GBPUSD,8110.2
2020-01-27,GBPUSD,117846.5
2020-01-28,GBPUSD,115524.8
2020-01-29,GBPUSD,97490.4
2020-01-30,GBPUSD,149640.1
2020-01-31,GBPUSD,144593.9
2020-02-02,GBPUSD,6864.2
2020-02-03,GBPUSD,159820.5
2020-02-04,GBPUSD,165907.3
2020-02-05,GBPUSD,166000.5
2020-02-06,GBPUSD,129987.0
2020-02-07,GBPUSD,150635.3
2020-02-09,GBPUSD,5662.2
2020-02-10,GBPUSD,131171.1
2020-02-11,GBPUSD,129965.5
2020-02-12,GBPUSD,816804.1
2020-02-13,GBPUSD,901462.7
2020-02-14,GBPUSD,618435.2
2020-02-16,GBPUSD,3331.5
2020-02-17,GBPUSD,101692.5
2020-02-18,GBPUSD,155992.9
2020-02-19,GBPUSD,147418.9
2020-02-20,GBPUSD,121766.1
2020-02-21,GBPUSD,155388.3
2020-02-23,GBPUSD,5764.2
2020-02-24,GBPUSD,171197.5
2020-02-25,GBPUSD,184183.9
2020-02-26,GBPUSD,192236.5
2020-02-27,GBPUSD,214339.5
2020-02-28,GBPUSD,246793.5
2020-03-01,GBPUSD,10811.4
2020-03-02,GBPUSD,260818.6
2020-03-03,GBPUSD,268493.7
2020-03-04,GBPUSD,190666.0
2020-03-05,GBPUSD,168992.0
2020-03-06,GBPUSD,261299.8
2020-03-08,GBPUSD,16279.2
2020-03-09,GBPUSD,353341.1
2020-03-10,GBPUSD,319238.3
2020-03-11,GBPUSD,236868.7
2020-03-12,GBPUSD,330143.1
2020-03-13,GBPUSD,345659.5
2020-03-15,GBPUSD,45208.3
2020-03-16,GBPUSD,394021.9
2020-03-17,GBPUSD,428146.9
2020-03-18,GBPUSD,395433.2
2020-03-19,GBPUSD,434045.3
2020-03-20,GBPUSD,381377.6
2020-03-22,GBPUSD,33325.9
2020-03-23,GBPUSD,419719.6
2020-03-24,GBPUSD,412168.5
2020-03-25,GBPUSD,391413.6
2020-03-26,GBPUSD,395433.5
2020-03-27,GBPUSD,390271.5
2020-03-29,GBPUSD,12544.0
2020-03-30,GBPUSD,266488.0
2020-03-31,GBPUSD,647622.4
2020-04-01,GBPUSD,569216.6
2020-04-02,GBPUSD,544035.8
2020-04-03,GBPUSD,452838.3
2020-04-05,GBPUSD,27719.7
2020-04-06,GBPUSD,420476.5
2020-04-07,GBPUSD,440425.2
2020-04-08,GBPUSD,295191.2
2020-04-09,GBPUSD,371798.0
2020-04-10,GBPUSD,287717.7
2020-04-12,GBPUSD,14050.1
2020-04-13,GBPUSD,231375.1
2020-04-14,GBPUSD,236174.2
2020-04-15,GBPUSD,231271.5
2020-04-16,GBPUSD,278376.4
2020-04-17,GBPUSD,273488.3
2020-04-19,GBPUSD,3990.2
2020-04-20,GBPUSD,204279.7
2020-04-21,GBPUSD,245054.7
2020-04-22,GBPUSD,188038.2
2020-04-23,GBPUSD,225367.8
2020-04-24,GBPUSD,196431.4
2020-04-26,GBPUSD,3426.5
2020-04-27,GBPUSD,156230.8
2020-04-28,GBPUSD,158084.3
2020-04-29,GBPUSD,162539.6
2020-04-30,GBPUSD,219867.3
2020-05-01,GBPUSD,165516.4
2020-05-03,GBPUSD,9466.4
2020-05-04,GBPUSD,160600.1
2020-05-05,GBPUSD,174679.3
2020-05-06,GBPUSD,228259.0
2020-05-07,GBPUSD,193510.2
2020-05-08,GBPUSD,122287.0
2020-05-10,GBPUSD,6003.2
2020-05-11,GBPUSD,194057.5
2020-05-12,GBPUSD,201269.4
2020-05-13,GBPUSD,225952.6
2020-05-14,GBPUSD,213031.9
2020-05-15,GBPUSD,202170.6
2020-05-17,GBPUSD,16796.9
2020-05-18,GBPUSD,191398.8
2020-05-19,GBPUSD,195965.2
2020-05-20,GBPUSD,173041.1
2020-05-21,GBPUSD,169931.9
2020-05-22,GBPUSD,152918.0
2020-05-24,GBPUSD,5755.0
2020-05-25,GBPUSD,168720.7
2020-05-26,GBPUSD,199878.3
2020-05-27,GBPUSD,266208.2
2020-05-28,GBPUSD,227021.7
2020-05-29,GBPUSD,287395.4
2020-05-31,GBPUSD,9548.1
2020-06-01,GBPUSD,208216.9
2020-06-02,GBPUSD,232904.8
2020-06-03,GBPUSD,323327.0
2020-06-04,GBPUSD,364160.6
2020-06-05,GBPUSD,343231.5
2020-06-07,GBPUSD,8395.8
2020-06-08,GBPUSD,238257.5
2020-06-09,GBPUSD,302911.5
2020-06-10,GBPUSD,416405.2
2020-06-11,GBPUSD,470204.1
2020-06-12,GBPUSD,452951.1
2020-06-14,GBPUSD,29046.4
2020-06-15,GBPUSD,423827.9
2020-06-16,GBPUSD,467066.8
2020-06-17,GBPUSD,364152.4
2020-06-18,GBPUSD,352563.0
2020-06-19,GBPUSD,277790.9
2020-06-21,GBPUSD,11830.4
2020-06-22,GBPUSD,273284.4
2020-06-23,GBPUSD,312195.8
2020-06-24,GBPUSD,344137.4
2020-06-25,GBPUSD,283574.3
2020-06-26,GBPUSD,205736.9
2020-06-28,GBPUSD,6152.5
2020-06-29,GBPUSD,207793.1
2020-06-30,GBPUSD,241891.3
2020-07-01,GBPUSD,233311.7
2020-07-02,GBPUSD,215568.2
2020-07-03,GBPUSD,193446.3
2020-07-05,GBPUSD,3891.7
2020-07-06,GBPUSD,188210.2
2020-07-07,GBPUSD,216955.6
2020-07-08,GBPUSD,214308.5
2020-07-09,GBPUSD,227330.2
2020-07-10,GBPUSD,202420.9
2020-07-12,GBPUSD,5557.3
2020-07-13,GBPUSD,193297.3
2020-07-14,GBPUSD,369047.5
2020-07-15,GBPUSD,230683.0
2020-07-16,GBPUSD,271123.0
2020-07-17,GBPUSD,135836.7
2020-07-19,GBPUSD,4238.3
2020-07-20,GBPUSD,179863.9
2020-07-21,GBPUSD,205432.5
2020-07-22,GBPUSD,255728.0
2020-07-23,GBPUSD,247484.3
2020-07-24,GBPUSD,222178.2
2020-07-26,GBPUSD,8319.3
2020-07-27,GBPUSD,255259.9
2020-07-28,GBPUSD,233608.2
2020-07-29,GBPUSD,248649.4
2020-07-30,GBPUSD,285908.0
2020-07-31,GBPUSD,322362.4
2020-08-02,GBPUSD,13361.6
2020-08-03,GBPUSD,297722.5
2020-08-04,GBPUSD,215529.6
2020-08-05,GBPUSD,238851.8
2020-08-06,GBPUSD,325909.1
2020-08-07,GBPUSD,266968.7
2020-08-09,GBPUSD,6494.6
2020-08-10,GBPUSD,253194.8
2020-08-11,GBPUSD,271114.4
2020-08-12,GBPUSD,272034.2
2020-08-13,GBPUSD,229621.7
2020-08-14,GBPUSD,197648.5
2020-08-16,GBPUSD,4420.3
2020-08-17,GBPUSD,182353.0
2020-08-18,GBPUSD,259260.7
2020-08-19,GBPUSD,276034.7
2020-08-20,GBPUSD,286838.4
2020-08-21,GBPUSD,346046.3
2020-08-23,GBPUSD,5848.0
2020-08-24,GBPUSD,221117.0
2020-08-25,GBPUSD,236194.4
2020-08-26,GBPUSD,218427.2
2020-08-27,GBPUSD,379544.5
2020-08-28,GBPUSD,315141.5
2020-08-30,GBPUSD,7586.3
2020-08-31,GBPUSD,710547.5
2020-09-01,GBPUSD,396541.2
2020-09-02,GBPUSD,327199.8
2020-09-03,GBPUSD,329329.6
2020-09-04,GBPUSD,341147.9
2020-09-06,GBPUSD,10927.7
2020-09-07,GBPUSD,205557.7
2020-09-08,GBPUSD,337382.3
2020-09-09,GBPUSD,324341.4
2020-09-10,GBPUSD,438459.8
2020-09-11,GBPUSD,274453.2
2020-09-13,GBPUSD,5737.4
2020-09-14,GBPUSD,208171.0
2020-09-15,GBPUSD,230403.1
2020-09-16,GBPUSD,276512.2
2020-09-17,GBPUSD,378443.3
2020-09-18,GBPUSD,250996.8
2020-09-20,GBPUSD,9777.0
2020-09-21,GBPUSD,317234.5
2020-09-22,GBPUSD,326173.0
2020-09-23,GBPUSD,316722.1
2020-09-24,GBPUSD,335422.5
2020-09-25,GBPUSD,230613.0
2020-09-27,GBPUSD,6057.3
2020-09-28,GBPUSD,254124.4
2020-09-29,GBPUSD,267958.2
2020-09-30,GBPUSD,330165.9
2020-10-01,GBPUSD,324701.8
2020-10-02,GBPUSD,361666.1
2020-10-04,GBPUSD,12462.5
2020-10-05,GBPUSD,219244.4
2020-10-06,GBPUSD,308503.1
2020-10-07,GBPUSD,275557.6
2020-10-08,GBPUSD,224685.5
2020-10-09,GBPUSD,214084.0
2020-10-11,GBPUSD,7198.8
2020-10-12,GBPUSD,183696.7
2020-10-13,GBPUSD,244168.3
2020-10-14,GBPUSD,266925.2
2020-10-15,GBPUSD,256018.2
2020-10-16,GBPUSD,324666.0
2020-10-18,GBPUSD,8148.1
2020-10-19,GBPUSD,288699.1
2020-10-20,GBPUSD,227495.5
2020-10-21,GBPUSD,418784.5
2020-10-22,GBPUSD,707706.5
2020-10-23,GBPUSD,533649.9
2020-10-25,GBPUSD,29713.9
2020-10-26,GBPUSD,824045.5
2020-10-27,GBPUSD,528734.9
2020-10-28,GBPUSD,490682.1
2020-10-29,GBPUSD,504590.6
2020-10-30,GBPUSD,495602.3
2020-11-01,GBPUSD,9393.7
2020-11-02,GBPUSD,412143.4
2020-11-03,GBPUSD,307252.1
2020-11-04,GBPUSD,901789.7
2020-11-05,GBPUSD,678935.6
2020-11-06,GBPUSD,661898.5
2020-11-08,GBPUSD,28323.0
2020-11-09,GBPUSD,881923.4
2020-11-10,GBPUSD,595749.2
2020-11-11,GBPUSD,289362.4
2020-11-12,GBPUSD,255890.0
2020-11-13,GBPUSD,193083.3
2020-11-15,GBPUSD,7395.8
2020-11-16,GBPUSD,206560.3
2020-11-17,GBPUSD,167152.9
2020-11-18,GBPUSD,145728.4
2020-11-19,GBPUSD,206421.5
2020-11-20,GBPUSD,160505.9
2020-11-22,GBPUSD,8308.2
2020-11-23,GBPUSD,174457.0
2020-11-24,GBPUSD,189387.7
2020-11-25,GBPUSD,183348.3
2020-11-26,GBPUSD,132935.6
2020-11-27,GBPUSD,188968.7
2020-11-29,GBPUSD,9263.2
2020-11-30,GBPUSD,212638.1
2020-12-01,GBPUSD,203744.3
2020-12-02,GBPUSD,214542.4
2020-12-03,GBPUSD,231095.3
2020-12-04,GBPUSD,270251.5
2020-12-06,GBPUSD,8847.2
2020-12-07,GBPUSD,250870.2
2020-12-08,GBPUSD,251844.3
2020-12-09,GBPUSD,209274.3
2020-12-10,GBPUSD,234506.9
2020-12-11,GBPUSD,227040.3
2020-12-13,GBPUSD,17310.9
2020-12-14,GBPUSD,188449.3
2020-12-15,GBPUSD,210231.6
2020-12-16,GBPUSD,153767.1
2020-12-17,GBPUSD,113764.9
2020-12-18,GBPUSD,141717.2
2020-12-20,GBPUSD,10832.4
2020-12-21,GBPUSD,210471.2
2020-12-22,GBPUSD,182231.1
2020-12-23,GBPUSD,213420.6
2020-12-24,GBPUSD,235480.6
2020-12-25,GBPUSD,550.5
2020-12-27,GBPUSD,6577.3
2020-12-28,GBPUSD,136779.0
2020-12-29,GBPUSD,170929.2
2020-12-30,GBPUSD,186902.8
2020-12-31,GBPUSD,209155.5
2021-01-03,GBPUSD,6797.5
2021-01-04,GBPUSD,184628.9
2021-01-05,GBPUSD,153539.6
2021-01-06,GBPUSD,197215.3
2021-01-07,GBPUSD,145134.8
2021-01-08,GBPUSD,151513.6
2021-01-10,GBPUSD,5840.5
2021-01-11,GBPUSD,121166.0
2021-01-12,GBPUSD,111160.9
2021-01-13,GBPUSD,119561.3
2021-01-14,GBPUSD,115252.3
2021-01-15,GBPUSD,104933.5
2021-01-17,GBPUSD,4989.5
2021-01-18,GBPUSD,84944.5
2021-01-19,GBPUSD,87480.0
2021-01-20,GBPUSD,91201.8
2021-01-21,GBPUSD,92710.9
2021-01-22,GBPUSD,81581.2
2021-01-24,GBPUSD,3218.0
2021-01-25,GBPUSD,85915.8
2021-01-26,GBPUSD,83007.5
2021-01-27,GBPUSD,130155.4
2021-01-28,GBPUSD,116671.5
2021-01-29,GBPUSD,134619.6
2021-01-31,GBPUSD,6076.7
2021-02-01,GBPUSD,102433.5
2021-02-02,GBPUSD,89768.1
2021-02-03,GBPUSD,78772.6
2021-02-04,GBPUSD,107867.4
2021-02-05,GBPUSD,73448.9
2021-02-07,GBPUSD,13402.3
2021-02-08,GBPUSD,61561.2
2021-02-09,GBPUSD,74776.8
2021-02-10,GBPUSD,80493.1
2021-02-11,GBPUSD,59725.2
2021-02-12,GBPUSD,57293.2
2021-02-14,GBPUSD,10427.5
2021-02-15,GBPUSD,60393.7
2021-02-16,GBPUSD,86157.3
2021-02-17,GBPUSD,95753.5
2021-02-18,GBPUSD,88944.5
2021-02-19,GBPUSD,76386.9
2021-02-21,GBPUSD,5676.7
2021-02-22,GBPUSD,80633.3
2021-02-23,GBPUSD,79082.4
2021-02-24,GBPUSD,94423.9
2021-02-25,GBPUSD,144933.2
2021-02-26,GBPUSD,168617.3
2021-02-28,GBPUSD,11548.9
2021-03-01,GBPUSD,101784.3
2021-03-02,GBPUSD,101734.6
2021-03-03,GBPUSD,125829.4
2021-03-04,GBPUSD,150113.6
2021-03-05,GBPUSD,152501.5
2021-03-07,GBPUSD,14828.8
2021-03-08,GBPUSD,118581.0
2021-03-09,GBPUSD,107522.5
2021-03-10,GBPUSD,111763.6
2021-03-11,GBPUSD,91013.6
2021-03-12,GBPUSD,97616.4
2021-03-14,GBPUSD,4448.9
2021-03-15,GBPUSD,87446.7
2021-03-16,GBPUSD,81500.4
2021-03-17,GBPUSD,99030.4
2021-03-18,GBPUSD,117972.1
2021-03-19,GBPUSD,94703.9
2021-03-21,GBPUSD,4967.8
2021-03-22,GBPUSD,62495.5
2021-03-23,GBPUSD,87929.8
2021-03-24,GBPUSD,82849.3
2021-03-25,GBPUSD,84052.9
2021-03-26,GBPUSD,65359.9
2021-03-28,GBPUSD,2523.9
2021-03-29,GBPUSD,75273.6
2021-03-30,GBPUSD,78948.5
2021-03-31,GBPUSD,74884.8
2021-04-01,GBPUSD,76272.3
2021-04-02,GBPUSD,127818.7
2021-04-04,GBPUSD,6068.0
2021-04-05,GBPUSD,46746.0
2021-04-06,GBPUSD,79045.0
2021-04-07,GBPUSD,87371.8
2021-04-08,GBPUSD,71249.1
2021-04-09,GBPUSD,68298.8
2021-04-11,GBPUSD,3392.1
2021-04-12,GBPUSD,66523.9
2021-04-13,GBPUSD,70864.2
2021-04-14,GBPUSD,65975.0
2021-04-15,GBPUSD,68475.2
2021-04-16,GBPUSD,71552.8
2021-04-18,GBPUSD,2898.2
2021-04-19,GBPUSD,91561.9
2021-04-20,GBPUSD,67853.2
2021-04-21,GBPUSD,62855.8
2021-04-22,GBPUSD,77937.6
2021-04-23,GBPUSD,67547.6
2021-04-25,GBPUSD,2834.6
2021-04-26,GBPUSD,69611.9
2021-04-27,GBPUSD,67217.0
2021-04-28,GBPUSD,76003.7
2021-04-29,GBPUSD,80940.9
2021-04-30,GBPUSD,79265.3
2021-05-02,GBPUSD,2856.9
2021-05-03,GBPUSD,66548.8
2021-05-04,GBPUSD,96958.5
2021-05-05,GBPUSD,62748.7
2021-05-06,GBPUSD,87897.0
2021-05-07,GBPUSD,94196.2
2021-05-09,GBPUSD,3289.5
2021-05-10,GBPUSD,86578.5
2021-05-11,GBPUSD,89495.6
2021-05-12,GBPUSD,109916.6
2021-05-13,GBPUSD,100851.5
2021-05-14,GBPUSD,68903.5
2021-05-16,GBPUSD,1439.9
2021-05-17,GBPUSD,73535.8
2021-05-18,GBPUSD,71244.6
2021-05-19,GBPUSD,99147.6
2021-05-20,GBPUSD,91711.5
2021-05-21,GBPUSD,76232.9
2021-05-23,GBPUSD,6265.7
2021-05-24,GBPUSD,67262.4
2021-05-25,GBPUSD,87218.0
2021-05-26,GBPUSD,74154.3
2021-05-27,GBPUSD,97522.9
2021-05-28,GBPUSD,93966.5
2021-05-30,GBPUSD,1538.9
2021-05-31,GBPUSD,61189.0
2021-06-01,GBPUSD,96331.9
2021-06-02,GBPUSD,85712.7
2021-06-03,GBPUSD,121994.6
2021-06-04,GBPUSD,94464.4
2021-06-06,GBPUSD,3031.6
2021-06-07,GBPUSD,82061.6
2021-06-08,GBPUSD,78023.2
2021-06-09,GBPUSD,67611.6
2021-06-10,GBPUSD,111338.6
2021-06-11,GBPUSD,82763.0
2021-06-13,GBPUSD,2939.0
2021-06-14,GBPUSD,75981.2
2021-06-15,GBPUSD,79038.4
2021-06-16,GBPUSD,116998.0
2021-06-17,GBPUSD,116278.6
2021-06-18,GBPUSD,127385.6
2021-06-20,GBPUSD,3705.6
2021-06-21,GBPUSD,117383.3
2021-06-22,GBPUSD,87325.6
2021-06-23,GBPUSD,86710.5
2021-06-24,GBPUSD,98924.4
2021-06-25,GBPUSD,72175.6
2021-06-27,GBPUSD,3086.8
2021-06-28,GBPUSD,71019.3
2021-06-29,GBPUSD,80221.9
2021-06-30,GBPUSD,85312.2
2021-07-01,GBPUSD,99220.8
2021-07-02,GBPUSD,99099.9
2021-07-04,GBPUSD,3677.5
2021-07-05,GBPUSD,81255.6
2021-07-06,GBPUSD,100766.1
2021-07-07,GBPUSD,106233.8
2021-07-08,GBPUSD,146099.4
2021-07-09,GBPUSD,149844.9
2021-07-11,GBPUSD,4269.3
2021-07-12,GBPUSD,118281.7
2021-07-13,GBPUSD,111801.4
2021-07-14,GBPUSD,108695.6
2021-07-15,GBPUSD,99987.6
2021-07-16,GBPUSD,80998.3
2021-07-18,GBPUSD,3630.0
2021-07-19,GBPUSD,126419.6
2021-07-20,GBPUSD,104152.8
2021-07-21,GBPUSD,77052.8
2021-07-22,GBPUSD,83757.0
2021-07-23,GBPUSD,67872.1
2021-07-25,GBPUSD,1885.1
2021-07-26,GBPUSD,70111.8
2021-07-27,GBPUSD,88385.8
2021-07-28,GBPUSD,72214.3
2021-07-29,GBPUSD,53546.8
2021-07-30,GBPUSD,59197.2
2021-08-01,GBPUSD,1209.6
2021-08-02,GBPUSD,57140.8
2021-08-03,GBPUSD,57672.3
2021-08-04,GBPUSD,58890.8
2021-08-05,GBPUSD,66086.8
2021-08-06,GBPUSD,49586.5
2021-08-08,GBPUSD,9008.4
2021-08-09,GBPUSD,48582.9
2021-08-10,GBPUSD,44152.6
2021-08-11,GBPUSD,51313.0
2021-08-12,GBPUSD,41991.4
2021-08-13,GBPUSD,33612.3
2021-08-15,GBPUSD,2580.5
2021-08-16,GBPUSD,46770.8
2021-08-17,GBPUSD,49121.7
2021-08-18,GBPUSD,43584.5
2021-08-19,GBPUSD,59130.3
2021-08-20,GBPUSD,43484.2
2021-08-22,GBPUSD,2194.1
2021-08-23,GBPUSD,45278.6
2021-08-24,GBPUSD,44923.6
2021-08-25,GBPUSD,42653.1
2021-08-26,GBPUSD,50984.6
2021-08-27,GBPUSD,64037.3
2021-08-29,GBPUSD,3766.5
2021-08-30,GBPUSD,33467.3
2021-08-31,GBPUSD,64054.3
2021-09-01,GBPUSD,53666.2
2021-09-02,GBPUSD,41166.5
2021-09-03,GBPUSD,59701.8
2021-09-05,GBPUSD,2125.3
2021-09-06,GBPUSD,54918.0
2021-09-07,GBPUSD,63392.9
2021-09-08,GBPUSD,59066.5
2021-09-09,GBPUSD,65535.0
2021-09-10,GBPUSD,57046.5
2021-09-12,GBPUSD,2077.1
2021-09-13,GBPUSD,50479.7
2021-09-14,GBPUSD,60922.6
2021-09-15,GBPUSD,50989.2
2021-09-16,GBPUSD,50100.3
2021-09-17,GBPUSD,51731.8
2021-09-19,GBPUSD,2526.1
2021-09-20,GBPUSD,65775.9
2021-09-21,GBPUSD,59003.1
2021-09-22,GBPUSD,76977.2
2021-09-23,GBPUSD,68104.3
2021-09-24,GBPUSD,48827.8
2021-09-26,GBPUSD,2563.5
2021-09-27,GBPUSD,60633.4
2021-09-28,GBPUSD,88783.1
2021-09-29,GBPUSD,74216.5
2021-09-30,GBPUSD,78006.7
2021-10-01,GBPUSD,82961.6
2021-10-03,GBPUSD,2317.5
2021-10-04,GBPUSD,74356.8
2021-10-05,GBPUSD,65944.2
2021-10-06,GBPUSD,81535.6
2021-10-07,GBPUSD,60258.6
2021-10-08,GBPUSD,64762.2
2021-10-10,GBPUSD,2426.6
2021-10-11,GBPUSD,53384.8
2021-10-12,GBPUSD,60478.4
2021-10-13,GBPUSD,68637.2
2021-10-14,GBPUSD,46792.8
2021-10-15,GBPUSD,55916.6
2021-10-17,GBPUSD,6157.4
2021-10-18,GBPUSD,48187.5
2021-10-19,GBPUSD,49403.1
2021-10-20,GBPUSD,51238.6
2021-10-21,GBPUSD,57401.9
2021-10-22,GBPUSD,77869.4
2021-10-24,GBPUSD,2045.3
2021-10-25,GBPUSD,62857.5
2021-10-26,GBPUSD,68360.2
2021-10-27,GBPUSD,76659.3
2021-10-28,GBPUSD,83383.2
2021-10-29,GBPUSD,79854.2
2021-10-31,GBPUSD,2225.8
2021-11-01,GBPUSD,69062.9
2021-11-02,GBPUSD,64134.8
2021-11-03,GBPUSD,71896.3
2021-11-04,GBPUSD,85029.8
2021-11-05,GBPUSD,71201.8
2021-11-07,GBPUSD,7910.6
2021-11-08,GBPUSD,61490.1
2021-11-09,GBPUSD,63829.6
2021-11-10,GBPUSD,90392.5
2021-11-11,GBPUSD,71905.9
2021-11-12,GBPUSD,58398.0
2021-11-14,GBPUSD,4244.2
2021-11-15,GBPUSD,63069.5
2021-11-16,GBPUSD,72514.8
2021-11-17,GBPUSD,77111.3
2021-11-18,GBPUSD,67977.6
2021-11-19,GBPUSD,89854.1
2021-11-21,GBPUSD,7209.1
2021-11-22,GBPUSD,88002.0
2021-11-23,GBPUSD,82673.6
2021-11-24,GBPUSD,84819.9
2021-11-25,GBPUSD,77011.5
2021-11-26,GBPUSD,190844.2
2021-11-28,GBPUSD,3996.6
2021-11-29,GBPUSD,86100.2
2021-11-30,GBPUSD,157689.7
2021-12-01,GBPUSD,103739.8
2021-12-02,GBPUSD,95684.6
2021-12-03,GBPUSD,106951.1
2021-12-05,GBPUSD,3921.0
2021-12-06,GBPUSD,74185.8
2021-12-07,GBPUSD,70224.5
2021-12-08,GBPUSD,99254.1
2021-12-09,GBPUSD,64230.4
2021-12-10,GBPUSD,68275.6
2021-12-12,GBPUSD,4402.2
2021-12-13,GBPUSD,63630.6
2021-12-14,GBPUSD,57726.4
2021-12-15,GBPUSD,81715.8
2021-12-16,GBPUSD,88983.9
2021-12-17,GBPUSD,73527.0
2021-12-19,GBPUSD,2534.8
2021-12-20,GBPUSD,67392.8
2021-12-21,GBPUSD,55703.7
2021-12-22,GBPUSD,52655.4
2021-12-23,GBPUSD,51108.0
2021-12-24,GBPUSD,303696.9
2021-12-26,GBPUSD,1667.8
2021-12-27,GBPUSD,37495.8
2021-12-28,GBPUSD,36119.9
2021-12-29,GBPUSD,42330.0
2021-12-30,GBPUSD,41152.7
2021-12-31,GBPUSD,47651.1
2022-01-02,GBPUSD,1847.3
2022-01-03,GBPUSD,58637.7
2022-01-04,GBPUSD,70428.4
2022-01-05,GBPUSD,86190.3
2022-01-06,GBPUSD,82668.4
2022-01-07,GBPUSD,67994.5
2022-01-09,GBPUSD,3783.0
2022-01-10,GBPUSD,78147.5
2022-01-11,GBPUSD,59044.9
2022-01-12,GBPUSD,52374.4
2022-01-13,GBPUSD,56466.1
2022-01-14,GBPUSD,70311.0
2022-01-16,GBPUSD,3731.8
2022-01-17,GBPUSD,51898.3
2022-01-18,GBPUSD,76927.5
2022-01-19,GBPUSD,66321.9
2022-01-20,GBPUSD,69707.1
2022-01-21,GBPUSD,75504.6
2022-01-23,GBPUSD,3495.6
2022-01-24,GBPUSD,98801.1
2022-01-25,GBPUSD,93419.9
2022-01-26,GBPUSD,104815.8
2022-01-27,GBPUSD,109837.2
2022-01-28,GBPUSD,105354.8
2022-01-30,GBPUSD,2057.1
2022-01-31,GBPUSD,89078.3
2022-02-01,GBPUSD,74624.6
2022-02-02,GBPUSD,72087.4
2022-02-03,GBPUSD,116676.8
2022-02-04,GBPUSD,109009.2
2022-02-06,GBPUSD,2012.1
2022-02-07,GBPUSD,91262.3
2022-02-08,GBPUSD,80456.4
2022-02-09,GBPUSD,55520.7
2022-02-10,GBPUSD,109006.8
2022-02-11,GBPUSD,128082.0
2022-02-13,GBPUSD,5785.1
2022-02-14,GBPUSD,124342.5
2022-02-15,GBPUSD,102876.8
2022-02-16,GBPUSD,84812.2
2022-02-17,GBPUSD,112620.5
2022-02-18,GBPUSD,96183.2
2022-02-20,GBPUSD,2561.0
2022-02-21,GBPUSD,91332.4
2022-02-22,GBPUSD,105403.7
2022-02-23,GBPUSD,87506.8
2022-02-24,GBPUSD,203219.3
2022-02-25,GBPUSD,136501.5
2022-02-27,GBPUSD,15145.3
2022-02-28,GBPUSD,151699.2
2022-03-01,GBPUSD,121419.3
2022-03-02,GBPUSD,145153.1
2022-03-03,GBPUSD,111798.0
2022-03-04,GBPUSD,131893.5
2022-03-06,GBPUSD,8531.6
2022-03-07,GBPUSD,194620.5
2022-03-08,GBPUSD,182502.7
2022-03-09,GBPUSD,120386.0
2022-03-10,GBPUSD,149366.3
2022-03-11,GBPUSD,132504.0
2022-03-13,GBPUSD,6579.2
2022-03-14,GBPUSD,106123.1
2022-03-15,GBPUSD,123656.5
2022-03-16,GBPUSD,140246.2
2022-03-17,GBPUSD,113585.9
2022-03-18,GBPUSD,93757.4
2022-03-20,GBPUSD,5103.0
2022-03-21,GBPUSD,95318.4
2022-03-22,GBPUSD,123587.3
2022-03-23,GBPUSD,96366.8
2022-03-24,GBPUSD,109123.5
2022-03-25,GBPUSD,114665.0
2022-03-27,GBPUSD,4007.2
2022-03-28,GBPUSD,117208.9
2022-03-29,GBPUSD,172025.4
2022-03-30,GBPUSD,137495.4
2022-03-31,GBPUSD,157205.8
2022-04-01,GBPUSD,100943.5
2022-04-03,GBPUSD,2558.8
2022-04-04,GBPUSD,99946.6
2022-04-05,GBPUSD,116411.1
2022-04-06,GBPUSD,120302.6
2022-04-07,GBPUSD,103664.5
2022-04-08,GBPUSD,82323.9
2022-04-10,GBPUSD,3497.0
2022-04-11,GBPUSD,106040.2
2022-04-12,GBPUSD,114767.2
2022-04-13,GBPUSD,95882.8
2022-04-14,GBPUSD,134983.3
2022-04-15,GBPUSD,213553.3
2022-04-17,GBPUSD,4056.9
2022-04-18,GBPUSD,73730.5
2022-04-19,GBPUSD,97615.3
2022-04-20,GBPUSD,111229.5
2022-04-21,GBPUSD,103951.0
2022-04-22,GBPUSD,104156.7
2022-04-24,GBPUSD,5230.3
2022-04-25,GBPUSD,175514.4
2022-04-26,GBPUSD,122481.0
2022-04-27,GBPUSD,132346.8
2022-04-28,GBPUSD,143059.6
2022-04-29,GBPUSD,126490.1
2022-05-01,GBPUSD,5720.3
2022-05-02,GBPUSD,112703.6
2022-05-03,GBPUSD,124007.8
2022-05-04,GBPUSD,151030.6
2022-05-05,GBPUSD,175435.4
2022-05-06,GBPUSD,208332.8
2022-05-08,GBPUSD,6666.4
2022-05-09,GBPUSD,159978.4
2022-05-10,GBPUSD,163878.0
2022-05-11,GBPUSD,183334.0
2022-05-12,GBPUSD,199730.4
2022-05-13,GBPUSD,121915.1
2022-05-15,GBPUSD,6673.4
2022-05-16,GBPUSD,126956.4
2022-05-17,GBPUSD,152132.9
2022-05-18,GBPUSD,120411.1
2022-05-19,GBPUSD,153064.4
2022-05-20,GBPUSD,123606.5
2022-05-22,GBPUSD,5619.8
2022-05-23,GBPUSD,115619.7
2022-05-24,GBPUSD,131744.7
2022-05-25,GBPUSD,131072.9
2022-05-26,GBPUSD,129252.9
2022-05-27,GBPUSD,97387.9
2022-05-29,GBPUSD,4477.9
2022-05-30,GBPUSD,108114.6
2022-05-31,GBPUSD,122065.6
2022-06-01,GBPUSD,115661.1
2022-06-02,GBPUSD,92186.9
2022-06-03,GBPUSD,95447.8
2022-06-05,GBPUSD,4184.9
2022-06-06,GBPUSD,102126.2
2022-06-07,GBPUSD,143318.6
2022-06-08,GBPUSD,110872.7
2022-06-09,GBPUSD,128129.8
2022-06-10,GBPUSD,138700.2
2022-06-12,GBPUSD,14320.7
2022-06-13,GBPUSD,185833.1
2022-06-14,GBPUSD,207814.0
2022-06-15,GBPUSD,248461.8
2022-06-16,GBPUSD,227027.5
2022-06-17,GBPUSD,175075.4
2022-06-19,GBPUSD,7624.8
2022-06-20,GBPUSD,128033.4
2022-06-21,GBPUSD,126777.6
2022-06-22,GBPUSD,166084.9
2022-06-23,GBPUSD,166399.8
2022-06-24,GBPUSD,124849.2
2022-06-26,GBPUSD,8504.8
2022-06-27,GBPUSD,144269.0
2022-06-28,GBPUSD,154092.2
2022-06-29,GBPUSD,174238.1
2022-06-30,GBPUSD,164568.2
2022-07-01,GBPUSD,152115.1
2022-07-03,GBPUSD,7371.1
2022-07-04,GBPUSD,112939.1
2022-07-05,GBPUSD,167610.9
2022-07-06,GBPUSD,198218.7
2022-07-07,GBPUSD,161143.7
2022-07-08,GBPUSD,163711.8
2022-07-10,GBPUSD,6098.3
2022-07-11,GBPUSD,174630.6
2022-07-12,GBPUSD,187343.3
2022-07-13,GBPUSD,227844.9
2022-07-14,GBPUSD,259267.6
2022-07-15,GBPUSD,183102.0
2022-07-17,GBPUSD,7993.4
2022-07-18,GBPUSD,159279.1
2022-07-19,GBPUSD,176549.6
2022-07-20,GBPUSD,185002.7
2022-07-21,GBPUSD,209052.4
2022-07-22,GBPUSD,206153.4
2022-07-24,GBPUSD,6121.8
2022-07-25,GBPUSD,157327.8
2022-07-26,GBPUSD,153083.8
2022-07-27,GBPUSD,184455.2
2022-07-28,GBPUSD,195109.1
2022-07-29,GBPUSD,186121.0
2022-07-31,GBPUSD,4056.6
2022-08-01,GBPUSD,148502.0
2022-08-02,GBPUSD,201221.0
2022-08-03,GBPUSD,156977.2
2022-08-04,GBPUSD,145834.6
2022-08-05,GBPUSD,140748.0
2022-08-07,GBPUSD,5883.8
2022-08-08,GBPUSD,128465.5
2022-08-09,GBPUSD,105138.2
2022-08-10,GBPUSD,130134.4
2022-08-11,GBPUSD,136605.8
2022-08-12,GBPUSD,119786.3
2022-08-14,GBPUSD,6309.6
2022-08-15,GBPUSD,110753.5
2022-08-16,GBPUSD,103627.4
2022-08-17,GBPUSD,119413.6
2022-08-18,GBPUSD,114785.7
2022-08-19,GBPUSD,124883.0
2022-08-21,GBPUSD,6478.9
2022-08-22,GBPUSD,109572.7
2022-08-23,GBPUSD,131608.1
2022-08-24,GBPUSD,126866.5
2022-08-25,GBPUSD,122790.6
2022-08-26,GBPUSD,153807.9
2022-08-28,GBPUSD,12025.1
2022-08-29,GBPUSD,136720.8
2022-08-30,GBPUSD,154928.8
2022-08-31,GBPUSD,171736.3
2022-09-01,GBPUSD,134678.7
2022-09-02,GBPUSD,145762.8
2022-09-04,GBPUSD,9029.0
2022-09-05,GBPUSD,115465.2
2022-09-06,GBPUSD,168612.8
2022-09-07,GBPUSD,171835.5
2022-09-08,GBPUSD,234741.0
2022-09-09,GBPUSD,191782.6
2022-09-11,GBPUSD,11971.8
2022-09-12,GBPUSD,168041.7
2022-09-13,GBPUSD,192207.3
2022-09-14,GBPUSD,196633.2
2022-09-15,GBPUSD,145669.4
2022-09-16,GBPUSD,145149.4
2022-09-18,GBPUSD,7172.4
2022-09-19,GBPUSD,90120.2
2022-09-20,GBPUSD,151421.8
2022-09-21,GBPUSD,194062.6
2022-09-22,GBPUSD,225714.0
2022-09-23,GBPUSD,214771.2
2022-09-25,GBPUSD,20017.8
2022-09-26,GBPUSD,382982.8
2022-09-27,GBPUSD,216782.3
2022-09-28,GBPUSD,341095.0
2022-09-29,GBPUSD,285608.8
2022-09-30,GBPUSD,253468.2
2022-10-02,GBPUSD,21819.4
2022-10-03,GBPUSD,255367.1
2022-10-04,GBPUSD,252400.0
2022-10-05,GBPUSD,315720.4
2022-10-06,GBPUSD,349783.3
2022-10-07,GBPUSD,278079.8
2022-10-09,GBPUSD,39503.5
2022-10-10,GBPUSD,299064.2
2022-10-11,GBPUSD,286439.8
2022-10-12,GBPUSD,235494.4
2022-10-13,GBPUSD,260288.5
2022-10-14,GBPUSD,404516.1
2022-10-16,GBPUSD,38042.0
2022-10-17,GBPUSD,327747.6
2022-10-18,GBPUSD,66913.6
2022-10-19,GBPUSD,335947.9
2022-10-20,GBPUSD,394958.2
2022-10-21,GBPUSD,469709.4
2022-10-23,GBPUSD,41938.1
2022-10-24,GBPUSD,438399.1
2022-10-25,GBPUSD,247523.8
2022-10-26,GBPUSD,461532.0
2022-10-27,GBPUSD,272177.9
2022-10-28,GBPUSD,191617.6
2022-10-30,GBPUSD,29253.7
2022-10-31,GBPUSD,322035.2
2022-11-01,GBPUSD,548474.2
2022-11-02,GBPUSD,697355.6
2022-11-03,GBPUSD,393444.2
2022-11-04,GBPUSD,241850.0
2022-11-06,GBPUSD,24017.5
2022-11-07,GBPUSD,317295.2
2022-11-08,GBPUSD,235041.5
2022-11-09,GBPUSD,319167.0
2022-11-10,GBPUSD,309304.2
2022-11-11,GBPUSD,248898.6
2022-11-13,GBPUSD,29163.0
2022-11-14,GBPUSD,392887.8
2022-11-15,GBPUSD,299340.7
2022-11-16,GBPUSD,234794.9
2022-11-17,GBPUSD,279609.0
2022-11-18,GBPUSD,214234.3
2022-11-20,GBPUSD,14872.3
2022-11-21,GBPUSD,228327.7
2022-11-22,GBPUSD,238178.2
2022-11-23,GBPUSD,269450.2
2022-11-24,GBPUSD,189118.0
2022-11-25,GBPUSD,366367.4
2022-11-27,GBPUSD,32476.6
2022-11-28,GBPUSD,287326.0
2022-11-29,GBPUSD,273721.9
2022-11-30,GBPUSD,417441.0
2022-12-01,GBPUSD,281624.8
2022-12-02,GBPUSD,285431.2
2022-12-04,GBPUSD,7544.8
2022-12-05,GBPUSD,313187.5
2022-12-06,GBPUSD,354929.6
2022-12-07,GBPUSD,217626.1
2022-12-08,GBPUSD,154316.0
2022-12-09,GBPUSD,204699.3
2022-12-11,GBPUSD,7795.2
2022-12-12,GBPUSD,167017.5
2022-12-13,GBPUSD,273723.9
2022-12-14,GBPUSD,217565.7
2022-12-15,GBPUSD,254700.7
2022-12-16,GBPUSD,227390.2
2022-12-18,GBPUSD,13407.7
2022-12-19,GBPUSD,178491.3
2022-12-20,GBPUSD,287642.6
2022-12-21,GBPUSD,231185.7
2022-12-22,GBPUSD,367055.1
2022-12-23,GBPUSD,333520.3
2022-12-25,GBPUSD,272.7
2022-12-26,GBPUSD,63925.8
2022-12-27,GBPUSD,194542.5
2022-12-28,GBPUSD,213778.5
2022-12-29,GBPUSD,150869.4
2022-12-30,GBPUSD,229672.9
2023-01-01,GBPUSD,1737.7
2023-01-02,GBPUSD,188909.6
2023-01-03,GBPUSD,202102.6
2023-01-04,GBPUSD,189431.3
2023-01-05,GBPUSD,222530.2
2023-01-06,GBPUSD,264998.9
2023-01-08,GBPUSD,8780.0
2023-01-09,GBPUSD,169367.8
2023-01-10,GBPUSD,155110.2
2023-01-11,GBPUSD,162085.3
2023-01-12,GBPUSD,284520.2
2023-01-13,GBPUSD,205521.3
2023-01-15,GBPUSD,15723.0
2023-01-16,GBPUSD,175275.3
2023-01-17,GBPUSD,187908.6
2023-01-18,GBPUSD,238529.8
2023-01-19,GBPUSD,167326.1
2023-01-20,GBPUSD,147118.6
2023-01-22,GBPUSD,5722.7
2023-01-23,GBPUSD,133133.9
2023-01-24,GBPUSD,139644.4
2023-01-25,GBPUSD,132063.4
2023-01-26,GBPUSD,138926.2
2023-01-27,GBPUSD,111248.0
2023-01-29,GBPUSD,6059.6
2023-01-30,GBPUSD,129384.1
2023-01-31,GBPUSD,139443.0
2023-02-01,GBPUSD,210495.2
2023-02-02,GBPUSD,204303.8
2023-02-03,GBPUSD,189028.9
2023-02-05,GBPUSD,11612.9
2023-02-06,GBPUSD,155017.7
2023-02-07,GBPUSD,263041.0
2023-02-08,GBPUSD,131989.0
2023-02-09,GBPUSD,160907.7
2023-02-10,GBPUSD,140501.7
2023-02-12,GBPUSD,6240.1
2023-02-13,GBPUSD,129847.0
2023-02-14,GBPUSD,196026.9
2023-02-15,GBPUSD,159065.1
2023-02-16,GBPUSD,169982.2
2023-02-17,GBPUSD,134912.5
2023-02-19,GBPUSD,14319.5
2023-02-20,GBPUSD,149674.7
2023-02-21,GBPUSD,212499.4
2023-02-22,GBPUSD,209687.0
2023-02-23,GBPUSD,204784.4
2023-02-24,GBPUSD,211978.6
2023-02-26,GBPUSD,14956.0
2023-02-27,GBPUSD,205180.1
2023-02-28,GBPUSD,263893.9
2023-03-01,GBPUSD,229517.5
2023-03-02,GBPUSD,220919.8
2023-03-03,GBPUSD,163066.3
2023-03-05,GBPUSD,11525.3
2023-03-06,GBPUSD,159090.5
2023-03-07,GBPUSD,244272.6
2023-03-08,GBPUSD,208792.5
2023-03-09,GBPUSD,182352.5
2023-03-10,GBPUSD,360337.3
2023-03-12,GBPUSD,69170.5
2023-03-13,GBPUSD,478705.0
2023-03-14,GBPUSD,414161.9
2023-03-15,GBPUSD,429566.7
2023-03-16,GBPUSD,374950.4
2023-03-17,GBPUSD,209321.6
2023-03-19,GBPUSD,36144.5
2023-03-20,GBPUSD,313595.6
2023-03-21,GBPUSD,166767.2
2023-03-22,GBPUSD,274531.0
2023-03-23,GBPUSD,239680.0
2023-03-24,GBPUSD,193312.4
2023-03-26,GBPUSD,15550.6
2023-03-27,GBPUSD,181194.4
2023-03-28,GBPUSD,109560.8
2023-03-29,GBPUSD,141039.7
2023-03-30,GBPUSD,151117.6
2023-03-31,GBPUSD,165768.2
2023-04-02,GBPUSD,30652.0
2023-04-03,GBPUSD,159314.0
2023-04-04,GBPUSD,159473.1
2023-04-05,GBPUSD,164335.3
2023-04-06,GBPUSD,126181.6
2023-04-07,GBPUSD,130275.9
2023-04-09,GBPUSD,10950.0
2023-04-10,GBPUSD,129761.2
2023-04-11,GBPUSD,129973.1
2023-04-12,GBPUSD,146241.4
2023-04-13,GBPUSD,138859.1
2023-04-14,GBPUSD,145705.2
2023-04-16,GBPUSD,13066.3
2023-04-17,GBPUSD,119253.3
2023-04-18,GBPUSD,112423.7
2023-04-19,GBPUSD,123075.4
2023-04-20,GBPUSD,133628.7
2023-04-21,GBPUSD,135685.3
2023-04-23,GBPUSD,6207.6
2023-04-24,GBPUSD,109819.4
2023-04-25,GBPUSD,137409.7
2023-04-26,GBPUSD,145874.7
2023-04-27,GBPUSD,166358.5
2023-04-28,GBPUSD,165296.0
2023-04-30,GBPUSD,15544.1
2023-05-01,GBPUSD,141291.0
2023-05-02,GBPUSD,152744.8
2023-05-03,GBPUSD,201942.1
2023-05-04,GBPUSD,196914.3
2023-05-05,GBPUSD,124250.6
2023-05-07,GBPUSD,10627.5
2023-05-08,GBPUSD,94765.2
2023-05-09,GBPUSD,111048.6
2023-05-10,GBPUSD,123378.0
2023-05-11,GBPUSD,164221.0
2023-05-12,GBPUSD,92309.0
2023-05-14,GBPUSD,16677.5
2023-05-15,GBPUSD,95298.8
2023-05-16,GBPUSD,121523.9
2023-05-17,GBPUSD,124849.6
2023-05-18,GBPUSD,125248.6
2023-05-19,GBPUSD,138790.1
2023-05-21,GBPUSD,10576.5
2023-05-22,GBPUSD,128241.7
2023-05-23,GBPUSD,136145.9
2023-05-24,GBPUSD,161460.4
2023-05-25,GBPUSD,145979.3
2023-05-26,GBPUSD,120945.6
2023-05-28,GBPUSD,12804.5
2023-05-29,GBPUSD,79651.2
2023-05-30,GBPUSD,120566.1
2023-05-31,GBPUSD,166841.5
2023-06-01,GBPUSD,132333.1
2023-06-02,GBPUSD,119584.1
2023-06-04,GBPUSD,14112.0
2023-06-05,GBPUSD,110293.1
2023-06-06,GBPUSD,106786.2
2023-06-07,GBPUSD,110474.0
2023-06-08,GBPUSD,116827.0
2023-06-09,GBPUSD,107982.5
2023-06-11,GBPUSD,5850.5
2023-06-12,GBPUSD,102812.9
2023-06-13,GBPUSD,137329.4
2023-06-14,GBPUSD,145735.8
2023-06-15,GBPUSD,148211.5
2023-06-16,GBPUSD,136750.6
2023-06-18,GBPUSD,10002.8
2023-06-19,GBPUSD,98272.6
2023-06-20,GBPUSD,146475.6
2023-06-21,GBPUSD,168035.2
2023-06-22,GBPUSD,178624.5
2023-06-23,GBPUSD,144231.6
2023-06-25,GBPUSD,18325.2
2023-06-26,GBPUSD,145479.8
2023-06-27,GBPUSD,141644.7
2023-06-28,GBPUSD,128981.5
2023-06-29,GBPUSD,133162.0
2023-06-30,GBPUSD,117396.3
2023-07-02,GBPUSD,11307.6
2023-07-03,GBPUSD,114177.0
2023-07-04,GBPUSD,72616.2
2023-07-05,GBPUSD,100768.9
2023-07-06,GBPUSD,136491.6
2023-07-07,GBPUSD,112149.7
2023-07-09,GBPUSD,13417.2
2023-07-10,GBPUSD,122457.5
2023-07-11,GBPUSD,105595.7
2023-07-12,GBPUSD,118584.2
2023-07-13,GBPUSD,123376.4
2023-07-14,GBPUSD,117638.1
2023-07-16,GBPUSD,18052.8
2023-07-17,GBPUSD,100324.3
2023-07-18,GBPUSD,122179.6
2023-07-19,GBPUSD,151983.2
2023-07-20,GBPUSD,119257.8
2023-07-21,GBPUSD,109865.2
2023-07-23,GBPUSD,4060.2
2023-07-24,GBPUSD,130445.9
2023-07-25,GBPUSD,122963.7
2023-07-26,GBPUSD,165534.1
2023-07-27,GBPUSD,171711.5
2023-07-28,GBPUSD,170305.0
2023-07-30,GBPUSD,9340.4
2023-07-31,GBPUSD,109213.2
2023-08-01,GBPUSD,144105.9
2023-08-02,GBPUSD,132046.3
2023-08-03,GBPUSD,147571.9
2023-08-04,GBPUSD,139868.2
2023-08-06,GBPUSD,12753.2
2023-08-07,GBPUSD,100176.2
2023-08-08,GBPUSD,124164.7
2023-08-09,GBPUSD,103353.2
2023-08-10,GBPUSD,143090.6
2023-08-11,GBPUSD,109493.8
2023-08-13,GBPUSD,8877.0
2023-08-14,GBPUSD,137317.8
2023-08-15,GBPUSD,167756.0
2023-08-16,GBPUSD,125229.8
2023-08-17,GBPUSD,134560.8
2023-08-18,GBPUSD,116844.2
2023-08-20,GBPUSD,11323.6
2023-08-21,GBPUSD,108538.7
2023-08-22,GBPUSD,105241.8
2023-08-23,GBPUSD,151317.8
2023-08-24,GBPUSD,124897.1
2023-08-25,GBPUSD,117726.6
2023-08-27,GBPUSD,9062.3
2023-08-28,GBPUSD,114513.0
2023-08-29,GBPUSD,136256.2
2023-08-30,GBPUSD,147432.6
2023-08-31,GBPUSD,132527.5
2023-09-01,GBPUSD,116312.5
2023-09-03,GBPUSD,8245.3
2023-09-04,GBPUSD,63161.3
2023-09-05,GBPUSD,124395.8
2023-09-06,GBPUSD,120729.2
2023-09-07,GBPUSD,104843.5
2023-09-08,GBPUSD,111845.4
2023-09-10,GBPUSD,10515.4
2023-09-11,GBPUSD,121454.6
2023-09-12,GBPUSD,102511.9
2023-09-13,GBPUSD,133672.9
2023-09-14,GBPUSD,155643.3
2023-09-15,GBPUSD,122881.1
2023-09-17,GBPUSD,3573.4
2023-09-18,GBPUSD,91342.2
2023-09-19,GBPUSD,91697.3
2023-09-20,GBPUSD,155021.0
2023-09-21,GBPUSD,120322.1
2023-09-22,GBPUSD,109723.6
2023-09-24,GBPUSD,36672.7
2023-09-25,GBPUSD,97295.9
2023-09-26,GBPUSD,100906.7
2023-09-27,GBPUSD,124833.5
2023-09-28,GBPUSD,118062.7
2023-09-29,GBPUSD,141745.4
2023-10-01,GBPUSD,4968.3
2023-10-02,GBPUSD,115182.4
2023-10-03,GBPUSD,137880.4
2023-10-04,GBPUSD,126896.1
2023-10-05,GBPUSD,121684.5
2023-10-06,GBPUSD,148115.9
2023-10-08,GBPUSD,9125.5
2023-10-09,GBPUSD,101746.0
2023-10-10,GBPUSD,131723.9
2023-10-11,GBPUSD,124525.2
2023-10-12,GBPUSD,118079.1
2023-10-13,GBPUSD,113527.6
2023-10-15,GBPUSD,13591.4
2023-10-16,GBPUSD,104912.3
2023-10-17,GBPUSD,126730.6
2023-10-18,GBPUSD,113000.6
2023-10-19,GBPUSD,148028.0
2023-10-20,GBPUSD,106406.5
2023-10-22,GBPUSD,5942.3
2023-10-23,GBPUSD,105935.8
2023-10-24,GBPUSD,115306.2
2023-10-25,GBPUSD,103905.3
2023-10-26,GBPUSD,115076.7
2023-10-27,GBPUSD,91443.0
2023-10-29,GBPUSD,6570.8
2023-10-30,GBPUSD,87307.9
2023-10-31,GBPUSD,108340.8
2023-11-01,GBPUSD,135887.7
2023-11-02,GBPUSD,118916.1
2023-11-03,GBPUSD,116756.0
2023-11-05,GBPUSD,3619.0
2023-11-06,GBPUSD,89408.0
2023-11-07,GBPUSD,92148.5
2023-11-08,GBPUSD,114174.8
2023-11-09,GBPUSD,126112.9
2023-11-10,GBPUSD,102268.9
2023-11-12,GBPUSD,3016.0
2023-11-13,GBPUSD,81160.8
2023-11-14,GBPUSD,107204.6
2023-11-15,GBPUSD,115447.8
2023-11-16,GBPUSD,98107.8
2023-11-17,GBPUSD,102316.0
2023-11-19,GBPUSD,7763.9
2023-11-20,GBPUSD,97494.9
2023-11-21,GBPUSD,113032.4
2023-11-22,GBPUSD,128203.6
2023-11-23,GBPUSD,76677.5
2023-11-24,GBPUSD,101277.6
2023-11-26,GBPUSD,2410.1
2023-11-27,GBPUSD,92697.0
2023-11-28,GBPUSD,123507.3
2023-11-29,GBPUSD,137245.8
2023-11-30,GBPUSD,153817.9
2023-12-01,GBPUSD,154294.2
2023-12-03,GBPUSD,11528.6
2023-12-04,GBPUSD,135211.8
2023-12-05,GBPUSD,141464.8
2023-12-06,GBPUSD,116067.3
2023-12-07,GBPUSD,149608.5
2023-12-08,GBPUSD,168746.8
2023-12-10,GBPUSD,3869.6
2023-12-11,GBPUSD,111145.2
2023-12-12,GBPUSD,119174.2
2023-12-13,GBPUSD,150012.0
2023-12-14,GBPUSD,205280.5
2023-12-15,GBPUSD,144600.2
2023-12-17,GBPUSD,3177.6
2023-12-18,GBPUSD,105606.8
2023-12-19,GBPUSD,113555.3
2023-12-20,GBPUSD,119355.7
2023-12-21,GBPUSD,181710.7
2023-12-22,GBPUSD,267219.7
2023-12-25,GBPUSD,6876.0
2023-12-26,GBPUSD,177299.4
2023-12-27,GBPUSD,101934.0
2023-12-28,GBPUSD,118656.6
2023-12-29,GBPUSD,153991.3
2024-01-01,GBPUSD,3278.5
2024-01-02,GBPUSD,133476.1
2024-01-03,GBPUSD,149834.3
2024-01-04,GBPUSD,126701.1
2024-01-05,GBPUSD,158997.2
2024-01-07,GBPUSD,2938.0
2024-01-08,GBPUSD,95953.1
2024-01-09,GBPUSD,97271.7
2024-01-10,GBPUSD,92894.0
2024-01-11,GBPUSD,172938.4
2024-01-12,GBPUSD,136934.2
2024-01-14,GBPUSD,4764.9
2024-01-15,GBPUSD,106659.2
2024-01-16,GBPUSD,155860.9
2024-01-17,GBPUSD,152485.1
2024-01-18,GBPUSD,127305.9
2024-01-19,GBPUSD,107651.5
2024-01-21,GBPUSD,6317.7
2024-01-22,GBPUSD,100626.1
2024-01-23,GBPUSD,121462.5
2024-01-24,GBPUSD,120422.6
2024-01-25,GBPUSD,122845.2
2024-01-26,GBPUSD,100759.7
2024-01-28,GBPUSD,6781.7
2024-01-29,GBPUSD,89965.3
2024-01-30,GBPUSD,112902.9
2024-01-31,GBPUSD,170493.1
2024-02-01,GBPUSD,152467.7
2024-02-02,GBPUSD,124319.4
2024-02-04,GBPUSD,7600.5
2024-02-05,GBPUSD,107051.3
2024-02-06,GBPUSD,103843.7
2024-02-07,GBPUSD,103272.7
2024-02-08,GBPUSD,93567.4
2024-02-09,GBPUSD,79997.1
2024-02-11,GBPUSD,5374.2
2024-02-12,GBPUSD,76322.8
2024-02-13,GBPUSD,105806.0
2024-02-14,GBPUSD,111876.2
2024-02-15,GBPUSD,96477.5
2024-02-16,GBPUSD,98400.5
2024-02-18,GBPUSD,6835.5
2024-02-19,GBPUSD,67764.5
2024-02-20,GBPUSD,95230.5
2024-02-21,GBPUSD,94715.3
2024-02-22,GBPUSD,99601.3
2024-02-23,GBPUSD,70723.6
2024-02-25,GBPUSD,2438.8
2024-02-26,GBPUSD,56513.7
2024-02-27,GBPUSD,69025.3
2024-02-28,GBPUSD,73096.6
2024-02-29,GBPUSD,84039.3
2024-03-01,GBPUSD,80507.8
2024-03-03,GBPUSD,3716.1
2024-03-04,GBPUSD,58444.5
2024-03-05,GBPUSD,68359.2
2024-03-06,GBPUSD,69491.3
2024-03-07,GBPUSD,75077.4
2024-03-08,GBPUSD,84773.0
2024-03-10,GBPUSD,3278.2
2024-03-11,GBPUSD,67741.0
2024-03-12,GBPUSD,99274.9
2024-03-13,GBPUSD,74340.5
2024-03-14,GBPUSD,88855.1
2024-03-15,GBPUSD,72961.6
2024-03-17,GBPUSD,3597.7
2024-03-18,GBPUSD,61153.4
2024-03-19,GBPUSD,88988.0
2024-03-20,GBPUSD,122823.1
2024-03-21,GBPUSD,133668.6
2024-03-22,GBPUSD,88619.6
2024-03-24,GBPUSD,4007.8
2024-03-25,GBPUSD,61001.5
2024-03-26,GBPUSD,70008.1
2024-03-27,GBPUSD,76067.9
2024-03-28,GBPUSD,90537.1
2024-03-29,GBPUSD,44550.9
2024-03-31,GBPUSD,11114.6
2024-04-01,GBPUSD,67313.5
2024-04-02,GBPUSD,80919.0
2024-04-03,GBPUSD,94500.5
2024-04-04,GBPUSD,82564.2
2024-04-05,GBPUSD,104314.7
2024-04-07,GBPUSD,5061.5
2024-04-08,GBPUSD,90957.2
2024-04-09,GBPUSD,76691.5
2024-04-10,GBPUSD,123786.0
2024-04-11,GBPUSD,88046.3
2024-04-12,GBPUSD,84897.3
2024-04-14,GBPUSD,5882.7
2024-04-15,GBPUSD,101014.7
2024-04-16,GBPUSD,113751.5
2024-04-17,GBPUSD,98699.5
2024-04-18,GBPUSD,79133.3
2024-04-19,GBPUSD,123925.1
2024-04-21,GBPUSD,3362.3
2024-04-22,GBPUSD,66231.4
2024-04-23,GBPUSD,86095.5
2024-04-24,GBPUSD,67300.5
2024-04-25,GBPUSD,106176.7
2024-04-26,GBPUSD,86076.8
2024-04-28,GBPUSD,1826.4
2024-04-29,GBPUSD,93411.9
2024-04-30,GBPUSD,99746.5
2024-05-01,GBPUSD,111501.1
2024-05-02,GBPUSD,115335.0
2024-05-03,GBPUSD,120883.9
2024-05-05,GBPUSD,4314.5
2024-05-06,GBPUSD,86663.8
2024-05-07,GBPUSD,82336.3
2024-05-08,GBPUSD,74588.4
2024-05-09,GBPUSD,89960.4
2024-05-10,GBPUSD,67656.2
2024-05-12,GBPUSD,2324.8
2024-05-13,GBPUSD,65272.2
2024-05-14,GBPUSD,86095.3
2024-05-15,GBPUSD,92606.3
2024-05-16,GBPUSD,71247.1
2024-05-17,GBPUSD,53856.6
2024-05-19,GBPUSD,2010.7
2024-05-20,GBPUSD,57867.3
2024-05-21,GBPUSD,45820.6
2024-05-22,GBPUSD,79158.9
2024-05-23,GBPUSD,87184.3
2024-05-24,GBPUSD,62628.5
2024-05-26,GBPUSD,2885.2
2024-05-27,GBPUSD,49192.9
2024-05-28,GBPUSD,69841.0
2024-05-29,GBPUSD,74738.1
2024-05-30,GBPUSD,70396.1
2024-05-31,GBPUSD,79331.7
2024-06-02,GBPUSD,2506.8
2024-06-03,GBPUSD,80611.6
2024-06-04,GBPUSD,82775.9
2024-06-05,GBPUSD,73501.5
2024-06-06,GBPUSD,74464.2
2024-06-07,GBPUSD,86026.8
2024-06-09,GBPUSD,5515.8
2024-06-10,GBPUSD,60800.2
2024-06-11,GBPUSD,68546.7
2024-06-12,GBPUSD,119989.1
2024-06-13,GBPUSD,79821.0
2024-06-14,GBPUSD,88549.7
2024-06-16,GBPUSD,4811.7
2024-06-17,GBPUSD,66683.5
2024-06-18,GBPUSD,84301.0
2024-06-19,GBPUSD,52589.3
2024-06-20,GBPUSD,79244.7
2024-06-21,GBPUSD,80137.0
2024-06-23,GBPUSD,5613.7
2024-06-24,GBPUSD,61199.3
2024-06-25,GBPUSD,59052.0
2024-06-26,GBPUSD,70629.5
2024-06-27,GBPUSD,71506.1
2024-06-28,GBPUSD,83964.5
2024-06-30,GBPUSD,3786.4
2024-07-01,GBPUSD,91471.4
2024-07-02,GBPUSD,74694.6
2024-07-03,GBPUSD,83108.8
2024-07-04,GBPUSD,41473.9
2024-07-05,GBPUSD,97307.1
2024-07-07,GBPUSD,5464.3
2024-07-08,GBPUSD,78318.9
2024-07-09,GBPUSD,81050.1
2024-07-10,GBPUSD,73089.4
2024-07-11,GBPUSD,111546.6
2024-07-12,GBPUSD,110866.4
2024-07-14,GBPUSD,5215.6
2024-07-15,GBPUSD,97636.2
2024-07-16,GBPUSD,97233.5
2024-07-17,GBPUSD,105836.3
2024-07-18,GBPUSD,94436.2
2024-07-19,GBPUSD,81685.8
2024-07-21,GBPUSD,6488.3
2024-07-22,GBPUSD,84173.5
2024-07-23,GBPUSD,82427.3
2024-07-24,GBPUSD,99826.7
2024-07-25,GBPUSD,119688.6
2024-07-26,GBPUSD,83252.9
2024-07-28,GBPUSD,4793.6
2024-07-29,GBPUSD,94560.1
2024-07-30,GBPUSD,88057.7
2024-07-31,GBPUSD,140357.0
2024-08-01,GBPUSD,132281.4
2024-08-02,GBPUSD,138183.4
2024-08-04,GBPUSD,9284.1
2024-08-05,GBPUSD,265189.7
2024-08-06,GBPUSD,159672.0
2024-08-07,GBPUSD,113276.8
2024-08-08,GBPUSD,108211.7
2024-08-09,GBPUSD,68315.3
2024-08-11,GBPUSD,4009.1
2024-08-12,GBPUSD,70024.4
2024-08-13,GBPUSD,76240.9
2024-08-14,GBPUSD,81374.8
2024-08-15,GBPUSD,71502.5
2024-08-16,GBPUSD,51164.6
2024-08-18,GBPUSD,3308.9
2024-08-19,GBPUSD,66296.5
2024-08-20,GBPUSD,92254.8
2024-08-21,GBPUSD,104921.2
2024-08-22,GBPUSD,103989.7
2024-08-23,GBPUSD,110062.5
2024-08-25,GBPUSD,5979.2
2024-08-26,GBPUSD,105023.0
2024-08-27,GBPUSD,83759.5
2024-08-28,GBPUSD,97657.3
2024-08-29,GBPUSD,110829.7
2024-08-30,GBPUSD,115063.2
2024-09-01,GBPUSD,4408.8
2024-09-02,GBPUSD,49454.4
2024-09-03,GBPUSD,125497.8
2024-09-04,GBPUSD,98215.2
2024-09-05,GBPUSD,113461.9
2024-09-06,GBPUSD,157907.2
2024-09-08,GBPUSD,5194.1
2024-09-09,GBPUSD,89000.8
2024-09-10,GBPUSD,91042.5
2024-09-11,GBPUSD,119320.4
2024-09-12,GBPUSD,106382.7
2024-09-13,GBPUSD,93420.7
2024-09-15,GBPUSD,4529.3
2024-09-16,GBPUSD,92450.4
2024-09-17,GBPUSD,108446.1
2024-09-18,GBPUSD,213920.7
2024-09-19,GBPUSD,163530.1
2024-09-20,GBPUSD,145906.8
2024-09-22,GBPUSD,3360.9
2024-09-23,GBPUSD,141390.8
2024-09-24,GBPUSD,137778.3
2024-09-25,GBPUSD,132649.2
2024-09-26,GBPUSD,129994.5
2024-09-27,GBPUSD,139283.6
2024-09-29,GBPUSD,3794.3
2024-09-30,GBPUSD,133810.5
2024-10-01,GBPUSD,203698.8
2024-10-02,GBPUSD,121923.9
2024-10-03,GBPUSD,171312.4
2024-10-04,GBPUSD,151592.8
2024-10-06,GBPUSD,12206.9
2024-10-07,GBPUSD,128293.7
2024-10-08,GBPUSD,125084.0
2024-10-09,GBPUSD,112261.5
2024-10-10,GBPUSD,134175.3
2024-10-11,GBPUSD,76816.6
2024-10-13,GBPUSD,4433.4
2024-10-14,GBPUSD,89168.6
2024-10-15,GBPUSD,108809.4
2024-10-16,GBPUSD,104918.9
2024-10-17,GBPUSD,125581.0
2024-10-18,GBPUSD,102317.9
2024-10-20,GBPUSD,4400.0
2024-10-21,GBPUSD,98908.0
2024-10-22,GBPUSD,104024.3
2024-10-23,GBPUSD,128559.0
2024-10-24,GBPUSD,124314.7
2024-10-25,GBPUSD,110991.2
2024-10-27,GBPUSD,11331.8
2024-10-28,GBPUSD,101394.3
2024-10-29,GBPUSD,113542.0
2024-10-30,GBPUSD,150026.6
2024-10-31,GBPUSD,148895.4
2024-11-01,GBPUSD,125604.1
2024-11-03,GBPUSD,5646.7
2024-11-04,GBPUSD,147861.0
2024-11-05,GBPUSD,144426.4
2024-11-06,GBPUSD,516997.4
2024-11-07,GBPUSD,218433.6
2024-11-08,GBPUSD,156065.9
2024-11-10,GBPUSD,5606.6
2024-11-11,GBPUSD,130223.5
2024-11-12,GBPUSD,182165.6
2024-11-13,GBPUSD,188904.9
2024-11-14,GBPUSD,189381.8
2024-11-15,GBPUSD,191322.9
2024-11-17,GBPUSD,10075.8
2024-11-18,GBPUSD,144272.0
2024-11-19,GBPUSD,148948.5
2024-11-20,GBPUSD,143975.3
2024-11-21,GBPUSD,161727.0
2024-11-22,GBPUSD,211070.2
2024-11-24,GBPUSD,13161.9
2024-11-25,GBPUSD,179781.6
2024-11-26,GBPUSD,209057.2
2024-11-27,GBPUSD,168531.9
2024-11-28,GBPUSD,123769.1
2024-11-29,GBPUSD,183702.0
2024-12-01,GBPUSD,7084.4
2024-12-02,GBPUSD,185656.8
2024-12-03,GBPUSD,191918.4
2024-12-04,GBPUSD,169388.0
2024-12-05,GBPUSD,150513.5
2024-12-06,GBPUSD,144692.7
2024-12-08,GBPUSD,5047.1
2024-12-09,GBPUSD,139267.9
2024-12-10,GBPUSD,136798.3
2024-12-11,GBPUSD,160378.2
2024-12-12,GBPUSD,178499.3
2024-12-13,GBPUSD,120469.8
2024-12-15,GBPUSD,6491.0
2024-12-16,GBPUSD,101928.0
2024-12-17,GBPUSD,107188.6
2024-12-18,GBPUSD,172981.9
2024-12-19,GBPUSD,188470.4
2024-12-20,GBPUSD,153364.8
2024-12-22,GBPUSD,9289.9
2024-12-23,GBPUSD,112379.6
2024-12-24,GBPUSD,90210.7
2024-12-25,GBPUSD,6679.1
2024-12-26,GBPUSD,112339.0
2024-12-27,GBPUSD,156724.9
2024-12-29,GBPUSD,4427.4
2024-12-30,GBPUSD,112885.7
2024-12-31,GBPUSD,107712.8
2025-01-01,GBPUSD,9414.3
2025-01-02,GBPUSD,145120.5
2025-01-03,GBPUSD,96631.5
2025-01-05,GBPUSD,5160.7
2025-01-06,GBPUSD,167726.8
2025-01-07,GBPUSD,198219.4
2025-01-08,GBPUSD,162561.4
2025-01-09,GBPUSD,148077.7
2025-01-10,GBPUSD,182063.8
2025-01-12,GBPUSD,3966.9
2025-01-13,GBPUSD,161392.3
2025-01-14,GBPUSD,156712.4
2025-01-15,GBPUSD,150123.6
2025-01-16,GBPUSD,156320.8
2025-01-17,GBPUSD,127357.7
2025-01-19,GBPUSD,4307.2
2025-01-20,GBPUSD,144399.8
2025-01-21,GBPUSD,183678.2
2025-01-22,GBPUSD,141344.4
2025-01-23,GBPUSD,203289.0
2025-01-24,GBPUSD,195446.4
2025-01-26,GBPUSD,5834.8
2025-01-27,GBPUSD,223796.5
2025-01-28,GBPUSD,177087.3
2025-01-29,GBPUSD,195186.7
2025-01-30,GBPUSD,177082.9
2025-01-31,GBPUSD,206363.9
2025-02-02,GBPUSD,14532.1
2025-02-03,GBPUSD,278294.7
2025-02-04,GBPUSD,172352.9
2025-02-05,GBPUSD,151750.5
2025-02-06,GBPUSD,143774.6
2025-02-07,GBPUSD,163458.3
2025-02-09,GBPUSD,6412.3
2025-02-10,GBPUSD,127849.0
2025-02-11,GBPUSD,111617.8
2025-02-12,GBPUSD,145043.7
2025-02-13,GBPUSD,177455.7
2025-02-14,GBPUSD,101796.9
2025-02-16,GBPUSD,2566.8
2025-02-17,GBPUSD,33973.6
2025-02-18,GBPUSD,52138.2
2025-02-19,GBPUSD,90447.6
2025-02-20,GBPUSD,121259.7
2025-02-21,GBPUSD,120667.2
2025-02-23,GBPUSD,2493.1
2025-02-24,GBPUSD,137977.7
2025-02-25,GBPUSD,132105.2
2025-02-26,GBPUSD,147963.1
2025-02-27,GBPUSD,161005.5
2025-02-28,GBPUSD,122800.4
2025-03-02,GBPUSD,7653.3
2025-03-03,GBPUSD,151970.1
2025-03-04,GBPUSD,173974.0
2025-03-05,GBPUSD,195523.3
2025-03-06,GBPUSD,161481.5
2025-03-07,GBPUSD,125889.9
2025-03-09,GBPUSD,11324.6
2025-03-10,GBPUSD,124083.5
2025-03-11,GBPUSD,164262.6
2025-03-12,GBPUSD,137424.7
2025-03-13,GBPUSD,96635.6
2025-03-14,GBPUSD,125446.8
2025-03-16,GBPUSD,7407.7
2025-03-17,GBPUSD,73807.8
2025-03-18,GBPUSD,134848.2
2025-03-19,GBPUSD,94331.1
2025-03-20,GBPUSD,90431.0
2025-03-21,GBPUSD,76696.9
2025-03-23,GBPUSD,5739.1
2025-03-24,GBPUSD,91414.5
2025-03-25,GBPUSD,71126.4
2025-03-26,GBPUSD,92421.5
2025-03-27,GBPUSD,93608.5
2025-03-28,GBPUSD,76610.9
2025-03-30,GBPUSD,5997.5
2025-03-31,GBPUSD,119022.6
2025-04-01,GBPUSD,115701.1
2025-04-02,GBPUSD,131923.5
2025-04-03,GBPUSD,201564.0
2025-04-04,GBPUSD,270746.7
2025-04-06,GBPUSD,28434.8
2025-04-07,GBPUSD,286101.6
2025-04-08,GBPUSD,204356.3
2025-04-09,GBPUSD,301144.1
2025-04-10,GBPUSD,233887.9
2025-04-11,GBPUSD,307061.2
2025-04-13,GBPUSD,11043.6
2025-04-14,GBPUSD,172982.1
2025-04-15,GBPUSD,111968.1
2025-04-16,GBPUSD,143513.5
2025-04-17,GBPUSD,107279.9
2025-04-18,GBPUSD,526018.7
2025-04-20,GBPUSD,10570.5
2025-04-21,GBPUSD,105282.5
2025-04-22,GBPUSD,151560.1
2025-04-23,GBPUSD,144022.4
2025-04-24,GBPUSD,88954.6
2025-04-25,GBPUSD,80496.6
2025-04-27,GBPUSD,7493.1
2025-04-28,GBPUSD,78784.6
2025-04-29,GBPUSD,83576.6
2025-04-30,GBPUSD,97653.6
2025-05-01,GBPUSD,81687.0
2025-05-02,GBPUSD,103693.7
2025-05-04,GBPUSD,4694.1
2025-05-05,GBPUSD,84321.2
2025-05-06,GBPUSD,98325.5
2025-05-07,GBPUSD,111227.9
2025-05-08,GBPUSD,110123.0
2025-05-09,GBPUSD,74207.1
2025-05-11,GBPUSD,6643.9
2025-05-12,GBPUSD,119770.6
2025-05-13,GBPUSD,93117.4
2025-05-14,GBPUSD,100680.3
2025-05-15,GBPUSD,96585.9
2025-05-16,GBPUSD,86535.5
2025-05-18,GBPUSD,4455.8
2025-05-19,GBPUSD,88947.7
2025-05-20,GBPUSD,87335.4
2025-05-21,GBPUSD,105225.3
2025-05-22,GBPUSD,108869.9
2025-05-23,GBPUSD,98973.0
2025-05-25,GBPUSD,9159.4
2025-05-26,GBPUSD,72344.1
2025-05-27,GBPUSD,94804.4
2025-05-28,GBPUSD,96215.5
2025-05-29,GBPUSD,112280.9
2025-05-30,GBPUSD,110090.1
2025-06-01,GBPUSD,4371.7
2025-06-02,GBPUSD,95929.2
2025-06-03,GBPUSD,86744.1
2025-06-04,GBPUSD,85084.5
2025-06-05,GBPUSD,100375.9
2025-06-06,GBPUSD,91193.9
2025-06-08,GBPUSD,2427.9
2025-06-09,GBPUSD,80141.5
2025-06-10,GBPUSD,73691.4
2025-06-11,GBPUSD,75747.8
2025-06-12,GBPUSD,92217.2
2025-06-13,GBPUSD,112538.2
2025-06-15,GBPUSD,5397.0
2025-06-16,GBPUSD,83959.2
2025-06-17,GBPUSD,93463.3
2025-06-18,GBPUSD,106529.7
2025-06-19,GBPUSD,73660.4
2025-06-20,GBPUSD,72402.2
2025-06-22,GBPUSD,6924.4
2025-06-23,GBPUSD,108886.8
2025-06-24,GBPUSD,85500.7
2025-06-25,GBPUSD,63959.3
2025-06-26,GBPUSD,101534.6
2025-06-27,GBPUSD,100867.8
2025-06-29,GBPUSD,5432.0
2025-06-30,GBPUSD,101674.8
2025-07-01,GBPUSD,85554.2
2025-07-02,GBPUSD,80485.2
2025-07-03,GBPUSD,82937.3
2025-07-04,GBPUSD,101696.6
2025-07-06,GBPUSD,2811.6
2025-07-07,GBPUSD,93947.0
2025-07-08,GBPUSD,124567.8
2025-07-09,GBPUSD,74197.9
2025-07-10,GBPUSD,72149.6
2025-07-11,GBPUSD,86944.2
2025-07-13,GBPUSD,4324.1
2025-07-14,GBPUSD,74563.5
2025-07-15,GBPUSD,90979.0
2025-07-16,GBPUSD,110953.5
2025-07-17,GBPUSD,73330.7
2025-07-18,GBPUSD,61181.1
2025-07-20,GBPUSD,5134.8
2025-07-21,GBPUSD,68202.9
2025-07-22,GBPUSD,64485.1
2025-07-23,GBPUSD,75916.0
2025-07-24,GBPUSD,109332.0
2025-07-25,GBPUSD,81134.5
2025-07-27,GBPUSD,4769.9
2025-07-28,GBPUSD,94790.8
2025-07-29,GBPUSD,82504.1
2025-07-30,GBPUSD,119010.9
2025-07-31,GBPUSD,91813.2
2025-08-01,GBPUSD,129011.0
2025-08-03,GBPUSD,4040.9
2025-08-04,GBPUSD,86001.4
2025-08-05,GBPUSD,92649.3
2025-08-06,GBPUSD,70102.0
2025-08-07,GBPUSD,82021.0
2025-08-08,GBPUSD,57680.4
2025-08-10,GBPUSD,1412.8
2025-08-11,GBPUSD,58392.2
2025-08-12,GBPUSD,90182.5
2025-08-13,GBPUSD,56708.8
2025-08-14,GBPUSD,79140.1
2025-08-15,GBPUSD,55878.1
2025-08-17,GBPUSD,1823.8
2025-08-18,GBPUSD,57847.3
2025-08-19,GBPUSD,62686.3
2025-08-20,GBPUSD,77195.8
2025-08-21,GBPUSD,69228.0
2025-08-22,GBPUSD,85410.7
2025-08-24,GBPUSD,4493.6
2025-08-25,GBPUSD,66762.5
2025-08-26,GBPUSD,100813.7
2025-08-27,GBPUSD,83151.7
2025-08-28,GBPUSD,82260.5
2025-08-29,GBPUSD,90065.0
2025-08-31,GBPUSD,1766.2
2025-09-01,GBPUSD,55906.9
2025-09-02,GBPUSD,108282.3
2025-09-03,GBPUSD,86631.7
2025-09-04,GBPUSD,77227.3
2025-09-05,GBPUSD,94418.9
2025-09-07,GBPUSD,4519.6
2025-09-08,GBPUSD,83051.7
2025-09-09,GBPUSD,79410.5
2025-09-10,GBPUSD,81794.1
2025-09-11,GBPUSD,89790.0
2025-09-12,GBPUSD,78945.3
2025-09-14,GBPUSD,2203.6
2025-09-15,GBPUSD,59442.2
2025-09-16,GBPUSD,80213.5
2025-09-17,GBPUSD,88769.2
2025-09-18,GBPUSD,145965.0
2025-09-19,GBPUSD,112330.5
2025-09-21,GBPUSD,5174.9
2025-09-22,GBPUSD,79437.2
2025-09-23,GBPUSD,93270.3
2025-09-24,GBPUSD,90082.3
2025-09-25,GBPUSD,96568.5
2025-09-26,GBPUSD,72955.4
2025-09-28,GBPUSD,1546.6
2025-09-29,GBPUSD,65676.7
2025-09-30,GBPUSD,82257.0
2025-10-01,GBPUSD,100036.6
2025-10-02,GBPUSD,80067.2
2025-10-03,GBPUSD,61173.2
2025-10-05,GBPUSD,9344.1
2025-10-06,GBPUSD,111910.2
2025-10-07,GBPUSD,90212.8
2025-10-08,GBPUSD,78532.3
2025-10-09,GBPUSD,91313.2
2025-10-10,GBPUSD,109387.6
2025-10-12,GBPUSD,6716.4
2025-10-13,GBPUSD,74180.3
2025-10-14,GBPUSD,117878.7
2025-10-15,GBPUSD,100282.9
2025-10-16,GBPUSD,112912.0
2025-10-17,GBPUSD,123000.8
2025-10-19,GBPUSD,3030.3
2025-10-20,GBPUSD,87720.4
2025-10-21,GBPUSD,119164.1
2025-10-22,GBPUSD,100946.4
2025-10-23,GBPUSD,81828.4
2025-10-24,GBPUSD,102847.8
2025-10-26,GBPUSD,4638.2
2025-10-27,GBPUSD,89674.2
2025-10-28,GBPUSD,95004.3
2025-10-29,GBPUSD,136217.0
2025-10-30,GBPUSD,107170.8
2025-10-31,GBPUSD,85630.6
2025-11-02,GBPUSD,6319.0
2025-11-03,GBPUSD,86686.7
2025-11-04,GBPUSD,114440.7
2025-11-05,GBPUSD,80756.9
2025-11-06,GBPUSD,89501.2
2025-11-07,GBPUSD,89068.1
2025-11-09,GBPUSD,2635.0
2025-11-10,GBPUSD,78601.9
2025-11-11,GBPUSD,67338.6
2025-11-12,GBPUSD,72014.9
2025-11-13,GBPUSD,91582.1
2025-11-14,GBPUSD,89168.2
2025-11-16,GBPUSD,1772.7
2025-11-17,GBPUSD,70904.1
2025-11-18,GBPUSD,85207.5
2025-11-19,GBPUSD,79427.5
2025-11-20,GBPUSD,89431.2
2025-11-21,GBPUSD,110759.6
2025-11-23,GBPUSD,1712.2
2025-11-24,GBPUSD,81517.0
2025-11-25,GBPUSD,97744.0
2025-11-26,GBPUSD,111885.9
2025-11-27,GBPUSD,58149.8
2025-11-28,GBPUSD,244663.2
2025-11-30,GBPUSD,2714.4
2025-12-01,GBPUSD,105537.9
2025-12-02,GBPUSD,83745.0
2025-12-03,GBPUSD,79818.8
2025-12-04,GBPUSD,74564.0
2025-12-05,GBPUSD,63254.4
2025-12-07,GBPUSD,4749.6
2025-12-08,GBPUSD,66871.7
2025-12-09,GBPUSD,74938.3
2025-12-10,GBPUSD,97348.4
2025-12-11,GBPUSD,86366.5
2025-12-12,GBPUSD,84344.4
2025-12-14,GBPUSD,2651.0
2025-12-15,GBPUSD,71652.8
2025-12-16,GBPUSD,123718.6
2025-12-17,GBPUSD,96653.1
2025-12-18,GBPUSD,104240.6
2025-12-19,GBPUSD,81468.8
2025-12-21,GBPUSD,9587.3
2025-12-22,GBPUSD,85179.8
2025-12-23,GBPUSD,75588.7
2025-12-24,GBPUSD,83605.8
2025-12-25,GBPUSD,8504.8
2025-12-26,GBPUSD,85504.1
2025-12-28,GBPUSD,4264.6
2025-12-29,GBPUSD,94054.7
2025-12-30,GBPUSD,60803.1
2025-12-31,GBPUSD,72359.6
2010-01-01,USDCAD,138232.2
2010-01-03,USDCAD,5871.8
2010-01-04,USDCAD,175450.7
2010-01-05,USDCAD,178357.1
2010-01-06,USDCAD,200447.6
2010-01-07,USDCAD,205842.7
2010-01-08,USDCAD,210982.5
2010-01-10,USDCAD,20930.8
2010-01-11,USDCAD,171752.9
2010-01-12,USDCAD,191430.7
2010-01-13,USDCAD,197984.1
2010-01-14,USDCAD,220637.7
2010-01-15,USDCAD,156184.9
2010-01-17,USDCAD,16705.0
2010-01-18,USDCAD,78151.9
2010-01-19,USDCAD,166195.1
2010-01-20,USDCAD,238925.1
2010-01-21,USDCAD,231535.8
2010-01-22,USDCAD,211110.9
2010-01-24,USDCAD,9281.5
2010-01-25,USDCAD,183878.7
2010-01-26,USDCAD,232978.7
2010-01-27,USDCAD,188904.2
2010-01-28,USDCAD,210586.6
2010-01-29,USDCAD,209645.5
2010-01-31,USDCAD,25781.0
2010-02-01,USDCAD,210684.0
2010-02-02,USDCAD,186912.3
2010-02-03,USDCAD,156944.2
2010-02-04,USDCAD,196834.3
2010-02-05,USDCAD,225564.8
2010-02-07,USDCAD,19312.8
2010-02-08,USDCAD,229755.5
2010-02-09,USDCAD,238178.7
2010-02-10,USDCAD,255663.6
2010-02-11,USDCAD,233219.8
2010-02-12,USDCAD,242289.2
2010-02-14,USDCAD,16090.8
2010-02-15,USDCAD,91309.9
2010-02-16,USDCAD,191685.4
2010-02-17,USDCAD,154866.6
2010-02-18,USDCAD,175657.0
2010-02-19,USDCAD,174251.7
2010-02-21,USDCAD,23341.4
2010-02-22,USDCAD,232916.3
2010-02-23,USDCAD,209502.5
2010-02-24,USDCAD,201321.7
2010-02-25,USDCAD,194722.0
2010-02-26,USDCAD,188347.0
2010-02-28,USDCAD,19089.5
2010-03-01,USDCAD,218729.6
2010-03-02,USDCAD,242384.7
2010-03-03,USDCAD,175421.0
2010-03-04,USDCAD,140941.3
2010-03-05,USDCAD,118801.4
2010-03-07,USDCAD,17513.0
2010-03-08,USDCAD,172939.4
2010-03-09,USDCAD,164326.7
2010-03-10,USDCAD,136373.2
2010-03-11,USDCAD,154261.7
2010-03-12,USDCAD,207025.0
2010-03-14,USDCAD,11861.9
2010-03-15,USDCAD,167624.9
2010-03-16,USDCAD,187929.7
2010-03-17,USDCAD,194849.4
2010-03-18,USDCAD,145530.8
2010-03-19,USDCAD,172317.0
2010-03-21,USDCAD,15820.3
2010-03-22,USDCAD,211921.1
2010-03-23,USDCAD,185016.9
2010-03-24,USDCAD,179932.0
2010-03-25,USDCAD,187284.8
2010-03-26,USDCAD,176695.0
2010-03-28,USDCAD,20560.6
2010-03-29,USDCAD,203200.5
2010-03-30,USDCAD,180752.8
2010-03-31,USDCAD,196195.1
2010-04-01,USDCAD,211355.9
2010-04-02,USDCAD,80302.2
2010-04-04,USDCAD,27159.3
2010-04-05,USDCAD,126323.3
2010-04-06,USDCAD,157446.4
2010-04-07,USDCAD,186825.3
2010-04-08,USDCAD,193670.5
2010-04-09,USDCAD,176858.9
2010-04-11,USDCAD,28443.0
2010-04-12,USDCAD,204255.7
2010-04-13,USDCAD,200830.6
2010-04-14,USDCAD,218221.8
2010-04-15,USDCAD,175339.4
2010-04-16,USDCAD,243832.3
2010-04-18,USDCAD,9001.7
2010-04-19,USDCAD,187107.2
2010-04-20,USDCAD,205831.9
2010-04-21,USDCAD,281748.2
2010-04-22,USDCAD,250548.7
2010-04-23,USDCAD,212061.3
2010-04-25,USDCAD,25513.6
2010-04-26,USDCAD,179061.5
2010-04-27,USDCAD,334093.5
2010-04-28,USDCAD,250974.1
2010-04-29,USDCAD,233561.0
2010-04-30,USDCAD,218524.8
2010-05-02,USDCAD,45218.3
2010-05-03,USDCAD,193209.9
2010-05-04,USDCAD,242851.7
2010-05-05,USDCAD,313080.3
2010-05-06,USDCAD,257528.2
2010-05-07,USDCAD,243326.3
2010-05-09,USDCAD,36253.2
2010-05-10,USDCAD,287829.0
2010-05-11,USDCAD,268856.0
2010-05-12,USDCAD,205444.2
2010-05-13,USDCAD,190304.8
2010-05-14,USDCAD,237080.7
2010-05-16,USDCAD,32493.8
2010-05-17,USDCAD,249342.9
2010-05-18,USDCAD,222152.2
2010-05-19,USDCAD,304387.0
2010-05-20,USDCAD,299028.4
2010-05-21,USDCAD,281186.2
2010-05-23,USDCAD,38128.5
2010-05-24,USDCAD,325813.1
2010-05-25,USDCAD,422657.4
2010-05-26,USDCAD,256208.0
2010-05-27,USDCAD,281167.2
2010-05-28,USDCAD,220946.8
2010-05-30,USDCAD,72212.7
2010-05-31,USDCAD,100579.3
2010-06-01,USDCAD,198902.2
2010-06-02,USDCAD,243743.7
2010-06-03,USDCAD,197084.2
2010-06-04,USDCAD,206338.5
2010-06-06,USDCAD,41903.9
2010-06-07,USDCAD,266463.2
2010-06-08,USDCAD,319565.3
2010-06-09,USDCAD,197008.0
2010-06-10,USDCAD,211139.8
2010-06-11,USDCAD,174001.6
2010-06-13,USDCAD,52324.6
2010-06-14,USDCAD,183019.1
2010-06-15,USDCAD,192276.0
2010-06-16,USDCAD,163999.5
2010-06-17,USDCAD,167379.3
2010-06-18,USDCAD,172450.0
2010-06-20,USDCAD,36683.5
2010-06-21,USDCAD,156449.6
2010-06-22,USDCAD,166762.0
2010-06-23,USDCAD,184248.8
2010-06-24,USDCAD,169116.7
2010-06-25,USDCAD,159034.4
2010-06-27,USDCAD,32372.3
2010-06-28,USDCAD,168371.0
2010-06-29,USDCAD,175700.6
2010-06-30,USDCAD,158209.9
2010-07-01,USDCAD,201365.5
2010-07-02,USDCAD,144862.9
2010-07-04,USDCAD,37656.1
2010-07-05,USDCAD,112807.8
2010-07-06,USDCAD,188062.7
2010-07-07,USDCAD,208852.4
2010-07-08,USDCAD,156359.0
2010-07-09,USDCAD,139329.4
2010-07-11,USDCAD,34717.1
2010-07-12,USDCAD,179538.2
2010-07-13,USDCAD,178192.3
2010-07-14,USDCAD,173344.9
2010-07-15,USDCAD,237944.3
2010-07-16,USDCAD,199242.7
2010-07-18,USDCAD,40804.4
2010-07-19,USDCAD,185249.5
2010-07-20,USDCAD,194364.1
2010-07-21,USDCAD,214754.1
2010-07-22,USDCAD,188028.8
2010-07-23,USDCAD,167884.7
2010-07-25,USDCAD,37627.4
2010-07-26,USDCAD,180514.0
2010-07-27,USDCAD,164361.3
2010-07-28,USDCAD,197096.2
2010-07-29,USDCAD,172970.2
2010-07-30,USDCAD,202347.2
2010-08-01,USDCAD,29576.8
2010-08-02,USDCAD,155551.8
2010-08-03,USDCAD,168602.0
2010-08-04,USDCAD,163645.7
2010-08-05,USDCAD,153636.7
2010-08-06,USDCAD,142897.2
2010-08-08,USDCAD,33617.2
2010-08-09,USDCAD,192927.0
2010-08-10,USDCAD,260251.7
2010-08-11,USDCAD,306051.6
2010-08-12,USDCAD,256741.0
2010-08-13,USDCAD,214820.0
2010-08-15,USDCAD,41418.2
2010-08-16,USDCAD,212480.8
2010-08-17,USDCAD,255764.5
2010-08-18,USDCAD,233621.7
2010-08-19,USDCAD,239762.6
2010-08-20,USDCAD,205876.9
2010-08-22,USDCAD,40579.5
2010-08-23,USDCAD,192996.8
2010-08-24,USDCAD,216456.5
2010-08-25,USDCAD,263465.7
2010-08-26,USDCAD,257986.0
2010-08-27,USDCAD,185944.1
2010-08-29,USDCAD,42304.5
2010-08-30,USDCAD,224985.1
2010-08-31,USDCAD,227197.5
2010-09-01,USDCAD,187278.9
2010-09-02,USDCAD,147897.2
2010-09-03,USDCAD,153820.1
2010-09-05,USDCAD,47443.0
2010-09-06,USDCAD,115940.4
2010-09-07,USDCAD,240318.3
2010-09-08,USDCAD,232239.8
2010-09-09,USDCAD,247564.2
2010-09-10,USDCAD,208662.5
2010-09-12,USDCAD,16995.6
2010-09-13,USDCAD,211977.6
2010-09-14,USDCAD,207091.1
2010-09-15,USDCAD,254769.3
2010-09-16,USDCAD,227030.4
2010-09-17,USDCAD,204555.5
2010-09-19,USDCAD,16781.8
2010-09-20,USDCAD,212627.2
2010-09-21,USDCAD,197529.7
2010-09-22,USDCAD,248707.7
2010-09-23,USDCAD,232338.0
2010-09-24,USDCAD,185190.7
2010-09-26,USDCAD,16265.3
2010-09-27,USDCAD,262782.2
2010-09-28,USDCAD,242302.0
2010-09-29,USDCAD,238656.1
2010-09-30,USDCAD,238672.9
2010-10-01,USDCAD,206770.9
2010-10-03,USDCAD,20976.2
2010-10-04,USDCAD,204025.6
2010-10-05,USDCAD,210299.3
2010-10-06,USDCAD,217581.0
2010-10-07,USDCAD,189077.4
2010-10-08,USDCAD,161049.5
2010-10-10,USDCAD,24698.4
2010-10-11,USDCAD,199589.9
2010-10-12,USDCAD,252913.6
2010-10-13,USDCAD,208142.0
2010-10-14,USDCAD,252094.9
2010-10-15,USDCAD,188393.2
2010-10-17,USDCAD,27765.8
2010-10-18,USDCAD,276257.5
2010-10-19,USDCAD,266506.5
2010-10-20,USDCAD,208326.1
2010-10-21,USDCAD,259304.0
2010-10-22,USDCAD,182934.2
2010-10-24,USDCAD,49028.2
2010-10-25,USDCAD,149445.5
2010-10-26,USDCAD,89650.8
2010-10-27,USDCAD,89408.1
2010-10-28,USDCAD,95101.7
2010-10-29,USDCAD,74867.3
2010-10-31,USDCAD,17514.8
2010-11-01,USDCAD,82015.7
2010-11-02,USDCAD,80845.7
2010-11-03,USDCAD,85028.8
2010-11-04,USDCAD,79954.1
2010-11-05,USDCAD,83230.6
2010-11-07,USDCAD,23289.0
2010-11-08,USDCAD,94714.2
2010-11-09,USDCAD,87601.6
2010-11-10,USDCAD,83929.6
2010-11-11,USDCAD,79222.9
2010-11-12,USDCAD,80965.2
2010-11-14,USDCAD,5317.2
2010-11-15,USDCAD,35159.7
2010-11-16,USDCAD,43287.7
2010-11-17,USDCAD,38702.2
2010-11-18,USDCAD,35864.1
2010-11-19,USDCAD,31449.5
2010-11-21,USDCAD,5637.3
2010-11-22,USDCAD,34971.1
2010-11-23,USDCAD,46017.2
2010-11-24,USDCAD,37238.0
2010-11-25,USDCAD,24760.1
2010-11-26,USDCAD,30104.9
2010-11-28,USDCAD,4379.4
2010-11-29,USDCAD,66529.6
2010-11-30,USDCAD,107438.1
2010-12-01,USDCAD,88356.8
2010-12-02,USDCAD,88935.8
2010-12-03,USDCAD,75222.6
2010-12-05,USDCAD,9164.4
2010-12-06,USDCAD,60524.7
2010-12-07,USDCAD,72654.9
2010-12-08,USDCAD,73829.2
2010-12-09,USDCAD,65914.9
2010-12-10,USDCAD,52413.4
2010-12-12,USDCAD,8429.7
2010-12-13,USDCAD,72042.7
2010-12-14,USDCAD,78034.6
2010-12-15,USDCAD,98092.3
2010-12-16,USDCAD,68128.1
2010-12-17,USDCAD,76831.4
2010-12-19,USDCAD,5350.2
2010-12-20,USDCAD,81146.3
2010-12-21,USDCAD,72092.2
2010-12-22,USDCAD,63918.4
2010-12-23,USDCAD,48551.6
2010-12-24,USDCAD,26660.3
2010-12-26,USDCAD,8778.6
2010-12-27,USDCAD,35719.6
2010-12-28,USDCAD,52529.5
2010-12-29,USDCAD,57979.8
2010-12-30,USDCAD,43340.6
2010-12-31,USDCAD,44075.5
2011-01-02,USDCAD,7145.7
2011-01-03,USDCAD,59331.9
2011-01-04,USDCAD,84428.3
2011-01-05,USDCAD,77604.5
2011-01-06,USDCAD,73774.5
2011-01-07,USDCAD,81840.8
2011-01-09,USDCAD,11272.2
2011-01-10,USDCAD,66948.5
2011-01-11,USDCAD,71891.4
2011-01-12,USDCAD,74711.4
2011-01-13,USDCAD,73229.0
2011-01-14,USDCAD,75480.4
2011-01-16,USDCAD,9455.3
2011-01-17,USDCAD,45105.9
2011-01-18,USDCAD,82352.1
2011-01-19,USDCAD,70826.0
2011-01-20,USDCAD,84686.5
2011-01-21,USDCAD,69393.1
2011-01-23,USDCAD,7131.2
2011-01-24,USDCAD,57822.2
2011-01-25,USDCAD,78764.9
2011-01-26,USDCAD,62488.2
2011-01-27,USDCAD,71265.6
2011-01-28,USDCAD,67908.0
2011-01-30,USDCAD,7493.5
2011-01-31,USDCAD,81571.9
2011-02-01,USDCAD,89370.7
2011-02-02,USDCAD,72802.3
2011-02-03,USDCAD,79752.3
2011-02-04,USDCAD,82048.6
2011-02-06,USDCAD,8244.1
2011-02-07,USDCAD,71171.6
2011-02-08,USDCAD,82510.9
2011-02-09,USDCAD,75316.5
2011-02-10,USDCAD,77336.1
2011-02-11,USDCAD,63294.7
2011-02-13,USDCAD,8238.3
2011-02-14,USDCAD,67001.3
2011-02-15,USDCAD,80646.2
2011-02-16,USDCAD,74812.4
2011-02-17,USDCAD,74159.2
2011-02-18,USDCAD,74134.3
2011-02-20,USDCAD,4032.8
2011-02-21,USDCAD,42970.4
2011-02-22,USDCAD,106853.0
2011-02-23,USDCAD,95690.0
2011-02-24,USDCAD,101819.0
2011-02-25,USDCAD,70126.7
2011-02-27,USDCAD,9568.8
2011-02-28,USDCAD,84064.5
2011-03-01,USDCAD,90454.0
2011-03-02,USDCAD,70751.1
2011-03-03,USDCAD,72631.4
2011-03-04,USDCAD,72196.8
2011-03-06,USDCAD,5291.3
2011-03-07,USDCAD,66054.2
2011-03-08,USDCAD,78406.4
2011-03-09,USDCAD,68186.6
2011-03-10,USDCAD,97839.0
2011-03-11,USDCAD,90921.6
2011-03-13,USDCAD,9106.1
2011-03-14,USDCAD,75763.7
2011-03-15,USDCAD,152130.9
2011-03-16,USDCAD,138620.0
2011-03-17,USDCAD,117250.2
2011-03-18,USDCAD,98693.6
2011-03-20,USDCAD,19767.1
2011-03-21,USDCAD,70292.4
2011-03-22,USDCAD,82998.3
2011-03-23,USDCAD,84492.5
2011-03-24,USDCAD,91219.2
2011-03-25,USDCAD,78213.5
2011-03-27,USDCAD,6917.0
2011-03-28,USDCAD,77580.0
2011-03-29,USDCAD,65201.0
2011-03-30,USDCAD,80655.5
2011-03-31,USDCAD,80456.8
2011-04-01,USDCAD,88656.6
2011-04-03,USDCAD,3410.0
2011-04-04,USDCAD,64070.6
2011-04-05,USDCAD,80906.5
2011-04-06,USDCAD,77773.8
2011-04-07,USDCAD,85427.9
2011-04-08,USDCAD,78847.4
2011-04-10,USDCAD,5114.9
2011-04-11,USDCAD,70115.8
2011-04-12,USDCAD,93246.4
2011-04-13,USDCAD,79113.6
2011-04-14,USDCAD,108577.1
2011-04-15,USDCAD,81675.4
2011-04-17,USDCAD,10469.2
2011-04-18,USDCAD,95841.3
2011-04-19,USDCAD,99992.0
2011-04-20,USDCAD,92738.1
2011-04-21,USDCAD,91191.8
2011-04-22,USDCAD,15659.5
2011-04-24,USDCAD,6868.7
2011-04-25,USDCAD,55213.8
2011-04-26,USDCAD,84376.0
2011-04-27,USDCAD,90473.7
2011-04-28,USDCAD,80841.2
2011-04-29,USDCAD,70284.8
2011-05-01,USDCAD,11349.8
2011-05-02,USDCAD,74457.4
2011-05-03,USDCAD,94753.6
2011-05-04,USDCAD,119423.3
2011-05-05,USDCAD,138487.8
2011-05-06,USDCAD,146331.3
2011-05-08,USDCAD,11143.0
2011-05-09,USDCAD,112742.4
2011-05-10,USDCAD,105289.5
2011-05-11,USDCAD,117539.8
2011-05-12,USDCAD,123052.4
2011-05-13,USDCAD,119531.0
2011-05-15,USDCAD,9587.9
2011-05-16,USDCAD,133122.4
2011-05-17,USDCAD,136160.1
2011-05-18,USDCAD,113876.6
2011-05-19,USDCAD,119733.7
2011-05-20,USDCAD,118345.6
2011-05-22,USDCAD,9650.0
2011-05-23,USDCAD,114803.1
2011-05-24,USDCAD,110606.6
2011-05-25,USDCAD,116335.7
2011-05-26,USDCAD,115558.9
2011-05-27,USDCAD,103337.6
2011-05-29,USDCAD,8943.2
2011-05-30,USDCAD,43207.2
2011-05-31,USDCAD,103125.0
2011-06-01,USDCAD,103621.4
2011-06-02,USDCAD,123779.9
2011-06-03,USDCAD,115949.7
2011-06-05,USDCAD,10359.8
2011-06-06,USDCAD,108294.4
2011-06-07,USDCAD,107301.1
2011-06-08,USDCAD,116358.3
2011-06-09,USDCAD,116813.4
2011-06-10,USDCAD,114335.9
2011-06-12,USDCAD,9447.0
2011-06-13,USDCAD,99649.0
2011-06-14,USDCAD,104003.4
2011-06-15,USDCAD,126711.0
2011-06-16,USDCAD,140613.3
2011-06-17,USDCAD,122662.4
2011-06-19,USDCAD,9471.5
2011-06-20,USDCAD,98790.9
2011-06-21,USDCAD,103619.0
2011-06-22,USDCAD,112859.5
2011-06-23,USDCAD,140893.2
2011-06-24,USDCAD,126626.8
2011-06-26,USDCAD,9116.1
2011-06-27,USDCAD,121017.3
2011-06-28,USDCAD,117554.3
2011-06-29,USDCAD,121533.0
2011-06-30,USDCAD,106664.6
2011-07-01,USDCAD,78870.1
2011-07-03,USDCAD,7226.5
2011-07-04,USDCAD,47807.4
2011-07-05,USDCAD,78468.2
2011-07-06,USDCAD,84990.5
2011-07-07,USDCAD,84816.4
2011-07-08,USDCAD,93435.1
2011-07-10,USDCAD,7707.6
2011-07-11,USDCAD,113295.7
2011-07-12,USDCAD,146330.8
2011-07-13,USDCAD,125939.0
2011-07-14,USDCAD,119883.1
2011-07-15,USDCAD,97468.5
2011-07-17,USDCAD,9475.7
2011-07-18,USDCAD,100438.3
2011-07-19,USDCAD,106854.3
2011-07-20,USDCAD,101120.4
2011-07-21,USDCAD,119248.3
2011-07-22,USDCAD,99106.2
2011-07-24,USDCAD,9052.2
2011-07-25,USDCAD,85046.0
2011-07-26,USDCAD,92755.0
2011-07-27,USDCAD,102039.6
2011-07-28,USDCAD,100037.8
2011-07-29,USDCAD,113705.1
2011-07-31,USDCAD,13937.8
2011-08-01,USDCAD,99866.9
2011-08-02,USDCAD,119356.8
2011-08-03,USDCAD,131616.9
2011-08-04,USDCAD,157594.9
2011-08-05,USDCAD,175835.8
2011-08-07,USDCAD,17467.3
2011-08-08,USDCAD,174826.7
2011-08-09,USDCAD,222720.4
2011-08-10,USDCAD,173510.3
2011-08-11,USDCAD,190135.8
2011-08-12,USDCAD,132999.0
2011-08-14,USDCAD,5476.6
2011-08-15,USDCAD,95542.8
2011-08-16,USDCAD,113925.9
2011-08-17,USDCAD,103130.2
2011-08-18,USDCAD,127984.8
2011-08-19,USDCAD,136581.9
2011-08-21,USDCAD,9663.2
2011-08-22,USDCAD,120862.5
2011-08-23,USDCAD,124502.3
2011-08-24,USDCAD,114752.8
2011-08-25,USDCAD,124706.6
2011-08-26,USDCAD,121662.4
2011-08-28,USDCAD,11113.7
2011-08-29,USDCAD,88533.1
2011-08-30,USDCAD,106123.5
2011-08-31,USDCAD,105314.0
2011-09-01,USDCAD,102483.9
2011-09-02,USDCAD,99783.9
2011-09-04,USDCAD,7770.8
2011-09-05,USDCAD,71655.8
2011-09-06,USDCAD,125436.2
2011-09-07,USDCAD,109515.5
2011-09-08,USDCAD,114000.5
2011-09-09,USDCAD,119534.5
2011-09-11,USDCAD,9541.6
2011-09-12,USDCAD,145754.4
2011-09-13,USDCAD,151440.2
2011-09-14,USDCAD,144251.0
2011-09-15,USDCAD,134592.8
2011-09-16,USDCAD,118787.5
2011-09-18,USDCAD,10877.2
2011-09-19,USDCAD,124241.0
2011-09-20,USDCAD,131801.9
2011-09-21,USDCAD,139569.6
2011-09-22,USDCAD,183259.9
2011-09-23,USDCAD,167493.7
2011-09-25,USDCAD,13197.6
2011-09-26,USDCAD,177198.5
2011-09-27,USDCAD,145321.5
2011-09-28,USDCAD,148922.5
2011-09-29,USDCAD,149048.0
2011-09-30,USDCAD,138513.2
2011-10-02,USDCAD,16508.1
2011-10-03,USDCAD,156211.3
2011-10-04,USDCAD,175848.1
2011-10-05,USDCAD,149495.9
2011-10-06,USDCAD,138602.8
2011-10-07,USDCAD,130776.1
2011-10-09,USDCAD,11231.0
2011-10-10,USDCAD,120169.7
2011-10-11,USDCAD,135086.9
2011-10-12,USDCAD,132993.6
2011-10-13,USDCAD,128905.9
2011-10-14,USDCAD,115430.6
2011-10-16,USDCAD,8390.7
2011-10-17,USDCAD,130632.0
2011-10-18,USDCAD,151092.8
2011-10-19,USDCAD,136200.7
2011-10-20,USDCAD,150824.1
2011-10-21,USDCAD,129126.2
2011-10-23,USDCAD,14464.5
2011-10-24,USDCAD,137546.5
2011-10-25,USDCAD,146858.2
2011-10-26,USDCAD,149006.4
2011-10-27,USDCAD,168738.0
2011-10-28,USDCAD,130079.6
2011-10-30,USDCAD,4434.9
2011-10-31,USDCAD,159486.0
2011-11-01,USDCAD,184632.4
2011-11-02,USDCAD,157552.4
2011-11-03,USDCAD,166882.6
2011-11-04,USDCAD,135626.8
2011-11-06,USDCAD,10343.1
2011-11-07,USDCAD,132531.1
2011-11-08,USDCAD,124769.8
2011-11-09,USDCAD,153929.6
2011-11-10,USDCAD,152475.4
2011-11-11,USDCAD,114994.8
2011-11-13,USDCAD,9843.2
2011-11-14,USDCAD,128657.9
2011-11-15,USDCAD,141359.6
2011-11-16,USDCAD,157654.7
2011-11-17,USDCAD,171183.0
2011-11-18,USDCAD,154321.3
2011-11-20,USDCAD,13499.0
2011-11-21,USDCAD,157865.4
2011-11-22,USDCAD,156865.6
2011-11-23,USDCAD,160998.2
2011-11-24,USDCAD,105241.8
2011-11-25,USDCAD,119399.5
2011-11-27,USDCAD,18018.8
2011-11-28,USDCAD,150204.2
2011-11-29,USDCAD,151129.5
2011-11-30,USDCAD,165640.8
2011-12-01,USDCAD,131603.1
2011-12-02,USDCAD,118975.7
2011-12-04,USDCAD,12481.1
2011-12-05,USDCAD,116278.0
2011-12-06,USDCAD,132678.1
2011-12-07,USDCAD,136378.0
2011-12-08,USDCAD,155198.1
2011-12-09,USDCAD,152169.6
2011-12-11,USDCAD,9536.8
2011-12-12,USDCAD,150468.3
2011-12-13,USDCAD,154813.8
2011-12-14,USDCAD,155855.6
2011-12-15,USDCAD,154565.3
2011-12-16,USDCAD,137422.6
2011-12-18,USDCAD,11234.8
2011-12-19,USDCAD,167694.7
2011-12-20,USDCAD,155504.4
2011-12-21,USDCAD,173450.1
2011-12-22,USDCAD,127830.5
2011-12-23,USDCAD,92542.9
2011-12-25,USDCAD,2174.6
2011-12-26,USDCAD,20383.7
2011-12-27,USDCAD,82521.2
2011-12-28,USDCAD,124069.1
2011-12-29,USDCAD,119632.2
2011-12-30,USDCAD,102184.3
2012-01-01,USDCAD,5202.8
2012-01-02,USDCAD,24732.5
2012-01-03,USDCAD,127451.9
2012-01-04,USDCAD,149444.8
2012-01-05,USDCAD,176649.3
2012-01-06,USDCAD,150810.8
2012-01-08,USDCAD,10027.8
2012-01-09,USDCAD,158721.1
2012-01-10,USDCAD,150153.5
2012-01-11,USDCAD,160213.4
2012-01-12,USDCAD,159907.2
2012-01-13,USDCAD,167390.2
2012-01-15,USDCAD,10946.9
2012-01-16,USDCAD,119380.9
2012-01-17,USDCAD,165307.9
2012-01-18,USDCAD,183723.5
2012-01-19,USDCAD,168602.9
2012-01-20,USDCAD,160164.6
2012-01-22,USDCAD,15525.8
2012-01-23,USDCAD,138381.2
2012-01-24,USDCAD,142210.7
2012-01-25,USDCAD,165775.9
2012-01-26,USDCAD,159624.6
2012-01-27,USDCAD,154451.3
2012-01-29,USDCAD,9012.1
2012-01-30,USDCAD,152361.6
2012-01-31,USDCAD,182654.5
2012-02-01,USDCAD,190328.9
2012-02-02,USDCAD,178139.8
2012-02-03,USDCAD,178244.0
2012-02-05,USDCAD,11083.4
2012-02-06,USDCAD,154384.0
2012-02-07,USDCAD,164341.2
2012-02-08,USDCAD,150321.3
2012-02-09,USDCAD,152705.8
2012-02-10,USDCAD,141639.9
2012-02-12,USDCAD,17667.5
2012-02-13,USDCAD,144969.9
2012-02-14,USDCAD,140176.0
2012-02-15,USDCAD,169076.9
2012-02-16,USDCAD,160855.8
2012-02-17,USDCAD,140466.2
2012-02-19,USDCAD,22564.0
2012-02-20,USDCAD,91396.5
2012-02-21,USDCAD,146868.8
2012-02-22,USDCAD,144508.5
2012-02-23,USDCAD,140599.7
2012-02-24,USDCAD,141150.0
2012-02-26,USDCAD,23423.2
2012-02-27,USDCAD,139696.1
2012-02-28,USDCAD,150084.6
2012-02-29,USDCAD,168586.6
2012-03-01,USDCAD,161400.9
2012-03-02,USDCAD,130133.2
2012-03-04,USDCAD,14417.3
2012-03-05,USDCAD,141645.9
2012-03-06,USDCAD,154492.5
2012-03-07,USDCAD,133717.9
2012-03-08,USDCAD,144120.9
2012-03-09,USDCAD,133720.0
2012-03-11,USDCAD,10935.4
2012-03-12,USDCAD,124829.4
2012-03-13,USDCAD,137004.6
2012-03-14,USDCAD,146057.1
2012-03-15,USDCAD,150089.3
2012-03-16,USDCAD,122493.5
2012-03-18,USDCAD,12492.3
2012-03-19,USDCAD,113724.6
2012-03-20,USDCAD,132599.6
2012-03-21,USDCAD,136688.6
2012-03-22,USDCAD,160886.2
2012-03-23,USDCAD,137359.1
2012-03-25,USDCAD,9817.4
2012-03-26,USDCAD,153490.5
2012-03-27,USDCAD,144803.3
2012-03-28,USDCAD,157548.1
2012-03-29,USDCAD,151305.1
2012-03-30,USDCAD,131906.0
2012-04-01,USDCAD,11647.9
2012-04-02,USDCAD,143244.2
2012-04-03,USDCAD,148376.3
2012-04-04,USDCAD,160926.3
2012-04-05,USDCAD,133425.5
2012-04-06,USDCAD,48019.5
2012-04-08,USDCAD,13149.1
2012-04-09,USDCAD,88334.5
2012-04-10,USDCAD,156949.2
2012-04-11,USDCAD,131402.5
2012-04-12,USDCAD,140945.8
2012-04-13,USDCAD,147901.3
2012-04-15,USDCAD,13464.4
2012-04-16,USDCAD,150099.7
2012-04-17,USDCAD,159504.4
2012-04-18,USDCAD,155504.5
2012-04-19,USDCAD,165800.4
2012-04-20,USDCAD,135388.2
2012-04-22,USDCAD,10698.4
2012-04-23,USDCAD,146702.7
2012-04-24,USDCAD,146965.7
2012-04-25,USDCAD,142222.6
2012-04-26,USDCAD,143620.4
2012-04-27,USDCAD,137119.8
2012-04-29,USDCAD,13265.3
2012-04-30,USDCAD,125466.5
2012-05-01,USDCAD,99503.6
2012-05-02,USDCAD,125203.2
2012-05-03,USDCAD,132160.4
2012-05-04,USDCAD,127345.9
2012-05-06,USDCAD,9991.2
2012-05-07,USDCAD,134430.7
2012-05-08,USDCAD,148109.6
2012-05-09,USDCAD,161436.4
2012-05-10,USDCAD,147279.2
2012-05-11,USDCAD,136883.3
2012-05-13,USDCAD,5980.9
2012-05-14,USDCAD,122711.3
2012-05-15,USDCAD,145263.3
2012-05-16,USDCAD,158725.5
2012-05-17,USDCAD,148290.5
2012-05-18,USDCAD,148453.1
2012-05-20,USDCAD,7437.0
2012-05-21,USDCAD,127592.6
2012-05-22,USDCAD,131391.7
2012-05-23,USDCAD,160453.6
2012-05-24,USDCAD,158477.1
2012-05-25,USDCAD,121527.1
2012-05-27,USDCAD,8443.4
2012-05-28,USDCAD,74433.8
2012-05-29,USDCAD,133187.5
2012-05-30,USDCAD,156804.9
2012-05-31,USDCAD,149981.6
2012-06-01,USDCAD,159332.5
2012-06-03,USDCAD,10869.8
2012-06-04,USDCAD,131536.7
2012-06-05,USDCAD,131792.4
2012-06-06,USDCAD,138949.8
2012-06-07,USDCAD,136411.6
2012-06-08,USDCAD,131297.9
2012-06-10,USDCAD,13711.2
2012-06-11,USDCAD,127607.6
2012-06-12,USDCAD,148640.9
2012-06-13,USDCAD,139792.0
2012-06-14,USDCAD,141742.6
2012-06-15,USDCAD,112872.2
2012-06-17,USDCAD,12469.2
2012-06-18,USDCAD,153037.7
2012-06-19,USDCAD,166828.8
2012-06-20,USDCAD,166819.4
2012-06-21,USDCAD,180011.9
2012-06-22,USDCAD,155283.7
2012-06-24,USDCAD,16458.4
2012-06-25,USDCAD,136338.9
2012-06-26,USDCAD,154205.3
2012-06-27,USDCAD,147607.2
2012-06-28,USDCAD,187268.9
2012-06-29,USDCAD,198666.3
2012-07-01,USDCAD,15569.7
2012-07-02,USDCAD,156696.9
2012-07-03,USDCAD,136609.7
2012-07-04,USDCAD,115484.9
2012-07-05,USDCAD,162190.7
2012-07-06,USDCAD,146518.2
2012-07-08,USDCAD,15124.5
2012-07-09,USDCAD,130708.2
2012-07-10,USDCAD,147512.5
2012-07-11,USDCAD,150009.3
2012-07-12,USDCAD,159546.4
2012-07-13,USDCAD,144609.6
2012-07-15,USDCAD,11165.5
2012-07-16,USDCAD,130991.2
2012-07-17,USDCAD,154395.1
2012-07-18,USDCAD,139220.1
2012-07-19,USDCAD,134970.6
2012-07-20,USDCAD,129418.4
2012-07-22,USDCAD,13067.1
2012-07-23,USDCAD,153316.1
2012-07-24,USDCAD,151447.8
2012-07-25,USDCAD,158830.7
2012-07-26,USDCAD,160554.5
2012-07-27,USDCAD,164441.8
2012-07-29,USDCAD,6060.8
2012-07-30,USDCAD,142088.2
2012-07-31,USDCAD,147447.8
2012-08-01,USDCAD,144459.1
2012-08-02,USDCAD,156672.1
2012-08-03,USDCAD,164671.9
2012-08-05,USDCAD,7931.7
2012-08-06,USDCAD,137143.1
2012-08-07,USDCAD,157011.1
2012-08-08,USDCAD,171898.1
2012-08-09,USDCAD,170736.8
2012-08-10,USDCAD,147230.0
2012-08-12,USDCAD,11531.5
2012-08-13,USDCAD,151280.7
2012-08-14,USDCAD,150218.8
2012-08-15,USDCAD,120150.6
2012-08-16,USDCAD,119766.7
2012-08-17,USDCAD,110700.4
2012-08-19,USDCAD,10470.0
2012-08-20,USDCAD,104867.3
2012-08-21,USDCAD,123015.7
2012-08-22,USDCAD,127653.3
2012-08-23,USDCAD,136303.8
2012-08-24,USDCAD,120487.0
2012-08-26,USDCAD,8382.1
2012-08-27,USDCAD,69512.9
2012-08-28,USDCAD,133304.9
2012-08-29,USDCAD,111698.5
2012-08-30,USDCAD,116382.4
2012-08-31,USDCAD,134997.2
2012-09-02,USDCAD,11419.7
2012-09-03,USDCAD,86942.8
2012-09-04,USDCAD,123854.3
2012-09-05,USDCAD,137323.7
2012-09-06,USDCAD,158048.3
2012-09-07,USDCAD,121552.6
2012-09-09,USDCAD,4746.2
2012-09-10,USDCAD,94224.9
2012-09-11,USDCAD,104555.7
2012-09-12,USDCAD,116098.9
2012-09-13,USDCAD,117253.5
2012-09-14,USDCAD,113416.1
2012-09-16,USDCAD,7510.7
2012-09-17,USDCAD,98241.8
2012-09-18,USDCAD,105095.8
2012-09-19,USDCAD,103323.0
2012-09-20,USDCAD,112037.8
2012-09-21,USDCAD,98950.1
2012-09-23,USDCAD,6322.7
2012-09-24,USDCAD,91691.0
2012-09-25,USDCAD,112754.2
2012-09-26,USDCAD,111134.3
2012-09-27,USDCAD,103692.5
2012-09-28,USDCAD,101382.7
2012-09-30,USDCAD,11944.5
2012-10-01,USDCAD,115126.4
2012-10-02,USDCAD,105871.5
2012-10-03,USDCAD,119779.6
2012-10-04,USDCAD,124389.9
2012-10-05,USDCAD,103258.4
2012-10-07,USDCAD,13660.6
2012-10-08,USDCAD,100005.4
2012-10-09,USDCAD,128588.3
2012-10-10,USDCAD,122802.9
2012-10-11,USDCAD,116825.0
2012-10-12,USDCAD,106197.1
2012-10-14,USDCAD,10742.9
2012-10-15,USDCAD,106564.3
2012-10-16,USDCAD,125658.8
2012-10-17,USDCAD,121243.9
2012-10-18,USDCAD,109304.5
2012-10-19,USDCAD,110795.6
2012-10-21,USDCAD,12491.1
2012-10-22,USDCAD,109458.6
2012-10-23,USDCAD,122257.6
2012-10-24,USDCAD,127405.8
2012-10-25,USDCAD,120549.5
2012-10-26,USDCAD,118961.5
2012-10-28,USDCAD,11670.1
2012-10-29,USDCAD,76782.5
2012-10-30,USDCAD,57850.2
2012-10-31,USDCAD,98428.4
2012-11-01,USDCAD,89952.8
2012-11-02,USDCAD,109084.2
2012-11-04,USDCAD,9253.6
2012-11-05,USDCAD,97914.3
2012-11-06,USDCAD,102404.1
2012-11-07,USDCAD,157642.6
2012-11-08,USDCAD,128256.3
2012-11-09,USDCAD,109708.4
2012-11-11,USDCAD,13341.4
2012-11-12,USDCAD,73658.6
2012-11-13,USDCAD,90271.7
2012-11-14,USDCAD,84712.1
2012-11-15,USDCAD,85178.9
2012-11-16,USDCAD,87990.5
2012-11-18,USDCAD,11429.1
2012-11-19,USDCAD,78163.5
2012-11-20,USDCAD,76190.1
2012-11-21,USDCAD,77121.8
2012-11-22,USDCAD,46264.0
2012-11-23,USDCAD,63783.3
2012-11-25,USDCAD,6468.0
2012-11-26,USDCAD,70483.1
2012-11-27,USDCAD,72455.9
2012-11-28,USDCAD,81588.4
2012-11-29,USDCAD,75761.0
2012-11-30,USDCAD,75013.4
2012-12-02,USDCAD,8105.7
2012-12-03,USDCAD,70808.6
2012-12-04,USDCAD,72768.9
2012-12-05,USDCAD,81713.8
2012-12-06,USDCAD,79828.0
2012-12-07,USDCAD,72926.5
2012-12-09,USDCAD,11511.0
2012-12-10,USDCAD,69065.1
2012-12-11,USDCAD,66799.6
2012-12-12,USDCAD,67813.3
2012-12-13,USDCAD,68448.6
2012-12-14,USDCAD,66228.9
2012-12-16,USDCAD,8980.3
2012-12-17,USDCAD,64231.0
2012-12-18,USDCAD,54060.8
2012-12-19,USDCAD,63712.8
2012-12-20,USDCAD,66201.3
2012-12-21,USDCAD,72427.2
2012-12-23,USDCAD,6998.2
2012-12-24,USDCAD,44964.3
2012-12-25,USDCAD,8414.8
2012-12-26,USDCAD,39273.6
2012-12-27,USDCAD,60164.7
2012-12-28,USDCAD,62408.8
2012-12-30,USDCAD,5768.0
2012-12-31,USDCAD,63423.3
2013-01-01,USDCAD,1537.7
2013-01-02,USDCAD,77884.6
2013-01-03,USDCAD,66105.1
2013-01-04,USDCAD,71613.6
2013-01-06,USDCAD,2234.1
2013-01-07,USDCAD,60072.2
2013-01-08,USDCAD,64404.4
2013-01-09,USDCAD,64440.4
2013-01-10,USDCAD,77981.8
2013-01-11,USDCAD,72962.8
2013-01-13,USDCAD,1840.2
2013-01-14,USDCAD,66875.9
2013-01-15,USDCAD,75092.3
2013-01-16,USDCAD,74499.5
2013-01-17,USDCAD,69829.9
2013-01-18,USDCAD,79101.7
2013-01-20,USDCAD,2060.1
2013-01-21,USDCAD,52374.1
2013-01-22,USDCAD,83306.4
2013-01-23,USDCAD,84487.1
2013-01-24,USDCAD,89873.8
2013-01-25,USDCAD,81280.5
2013-01-27,USDCAD,2677.4
2013-01-28,USDCAD,67444.8
2013-01-29,USDCAD,71124.7
2013-01-30,USDCAD,77709.8
2013-01-31,USDCAD,71705.0
2013-02-01,USDCAD,71825.0
2013-02-03,USDCAD,1955.6
2013-02-04,USDCAD,63977.9
2013-02-05,USDCAD,70381.7
2013-02-06,USDCAD,72997.3
2013-02-07,USDCAD,70279.0
2013-02-08,USDCAD,66305.5
2013-02-10,USDCAD,3974.0
2013-02-11,USDCAD,60911.7
2013-02-12,USDCAD,67861.0
2013-02-13,USDCAD,56547.1
2013-02-14,USDCAD,61483.2
2013-02-15,USDCAD,65435.6
2013-02-17,USDCAD,3085.4
2013-02-18,USDCAD,49991.4
2013-02-19,USDCAD,66052.9
2013-02-20,USDCAD,75593.2
2013-02-21,USDCAD,78136.6
2013-02-22,USDCAD,80064.8
2013-02-24,USDCAD,4714.5
2013-02-25,USDCAD,102278.1
2013-02-26,USDCAD,98523.4
2013-02-27,USDCAD,89913.9
2013-02-28,USDCAD,77808.6
2013-03-01,USDCAD,77281.2
2013-03-03,USDCAD,2345.3
2013-03-04,USDCAD,67260.1
2013-03-05,USDCAD,66771.0
2013-03-06,USDCAD,72776.8
2013-03-07,USDCAD,68605.5
2013-03-08,USDCAD,73363.5
2013-03-10,USDCAD,3622.9
2013-03-11,USDCAD,61310.7
2013-03-12,USDCAD,70320.8
2013-03-13,USDCAD,73301.9
2013-03-14,USDCAD,77812.2
2013-03-15,USDCAD,72523.1
2013-03-17,USDCAD,6551.8
2013-03-18,USDCAD,73266.6
2013-03-19,USDCAD,77665.1
2013-03-20,USDCAD,78729.2
2013-03-21,USDCAD,80519.2
2013-03-22,USDCAD,63114.6
2013-03-24,USDCAD,3470.6
2013-03-25,USDCAD,84727.5
2013-03-26,USDCAD,71764.6
2013-03-27,USDCAD,72442.2
2013-03-28,USDCAD,71217.3
2013-03-29,USDCAD,26683.0
2013-03-31,USDCAD,3344.7
2013-04-01,USDCAD,40826.2
2013-04-02,USDCAD,66543.3
2013-04-03,USDCAD,63750.2
2013-04-04,USDCAD,82719.0
2013-04-05,USDCAD,83318.8
2013-04-07,USDCAD,5624.2
2013-04-08,USDCAD,68427.5
2013-04-09,USDCAD,70773.3
2013-04-10,USDCAD,65038.5
2013-04-11,USDCAD,72684.1
2013-04-12,USDCAD,63782.2
2013-04-14,USDCAD,2992.6
2013-04-15,USDCAD,114917.8
2013-04-16,USDCAD,103086.7
2013-04-17,USDCAD,108755.9
2013-04-18,USDCAD,105704.3
2013-04-19,USDCAD,76020.6
2013-04-21,USDCAD,4954.4
2013-04-22,USDCAD,90691.2
2013-04-23,USDCAD,93084.1
2013-04-24,USDCAD,82986.3
2013-04-25,USDCAD,82748.7
2013-04-26,USDCAD,78273.1
2013-04-28,USDCAD,2646.8
2013-04-29,USDCAD,65648.0
2013-04-30,USDCAD,74652.9
2013-05-01,USDCAD,65676.0
2013-05-02,USDCAD,77542.7
2013-05-03,USDCAD,70050.7
2013-05-05,USDCAD,2185.1
2013-05-06,USDCAD,51798.7
2013-05-07,USDCAD,69690.2
2013-05-08,USDCAD,63598.4
2013-05-09,USDCAD,80648.8
2013-05-10,USDCAD,92527.2
2013-05-12,USDCAD,4830.5
2013-05-13,USDCAD,79007.0
2013-05-14,USDCAD,92517.9
2013-05-15,USDCAD,91990.0
2013-05-16,USDCAD,85198.1
2013-05-17,USDCAD,91160.4
2013-05-19,USDCAD,3506.1
2013-05-20,USDCAD,83487.5
2013-05-21,USDCAD,93615.9
2013-05-22,USDCAD,125555.8
2013-05-23,USDCAD,121712.7
2013-05-24,USDCAD,81135.3
2013-05-26,USDCAD,5522.3
2013-05-27,USDCAD,43890.0
2013-05-28,USDCAD,92582.9
2013-05-29,USDCAD,110031.9
2013-05-30,USDCAD,115331.0
2013-05-31,USDCAD,105008.3
2013-06-02,USDCAD,3965.7
2013-06-03,USDCAD,110990.7
2013-06-04,USDCAD,104437.9
2013-06-05,USDCAD,119738.0
2013-06-06,USDCAD,132087.2
2013-06-07,USDCAD,117046.0
2013-06-09,USDCAD,4739.3
2013-06-10,USDCAD,104863.9
2013-06-11,USDCAD,128296.2
2013-06-12,USDCAD,106625.5
2013-06-13,USDCAD,116409.3
2013-06-14,USDCAD,86871.7
2013-06-16,USDCAD,4081.4
2013-06-17,USDCAD,67234.0
2013-06-18,USDCAD,77118.9
2013-06-19,USDCAD,95851.2
2013-06-20,USDCAD,132793.1
2013-06-21,USDCAD,106937.5
2013-06-23,USDCAD,4809.7
2013-06-24,USDCAD,121915.2
2013-06-25,USDCAD,116281.5
2013-06-26,USDCAD,114273.9
2013-06-27,USDCAD,99515.9
2013-06-28,USDCAD,112927.7
2013-06-30,USDCAD,3945.0
2013-07-01,USDCAD,81552.1
2013-07-02,USDCAD,100664.7
2013-07-03,USDCAD,93603.7
2013-07-04,USDCAD,73915.5
2013-07-05,USDCAD,96206.6
2013-07-07,USDCAD,3576.3
2013-07-08,USDCAD,73272.8
2013-07-09,USDCAD,88230.0
2013-07-10,USDCAD,110658.3
2013-07-11,USDCAD,119816.0
2013-07-12,USDCAD,81277.4
2013-07-14,USDCAD,3456.6
2013-07-15,USDCAD,78076.9
2013-07-16,USDCAD,95095.2
2013-07-17,USDCAD,108145.0
2013-07-18,USDCAD,88379.9
2013-07-19,USDCAD,82587.6
2013-07-21,USDCAD,2300.2
2013-07-22,USDCAD,76194.1
2013-07-23,USDCAD,82389.8
2013-07-24,USDCAD,94646.4
2013-07-25,USDCAD,88377.2
2013-07-26,USDCAD,67859.4
2013-07-28,USDCAD,2651.4
2013-07-29,USDCAD,152209.4
2013-07-30,USDCAD,156268.2
2013-07-31,USDCAD,178382.4
2013-08-01,USDCAD,88432.2
2013-08-02,USDCAD,86559.0
2013-08-04,USDCAD,4394.0
2013-08-05,USDCAD,64223.4
2013-08-06,USDCAD,70254.0
2013-08-07,USDCAD,78289.5
2013-08-08,USDCAD,87831.7
2013-08-09,USDCAD,69662.1
2013-08-11,USDCAD,3647.5
2013-08-12,USDCAD,55253.9
2013-08-13,USDCAD,68182.5
2013-08-14,USDCAD,75283.1
2013-08-15,USDCAD,84957.5
2013-08-16,USDCAD,74165.4
2013-08-18,USDCAD,4178.9
2013-08-19,USDCAD,64018.2
2013-08-20,USDCAD,82108.3
2013-08-21,USDCAD,98748.2
2013-08-22,USDCAD,83941.5
2013-08-23,USDCAD,77489.9
2013-08-25,USDCAD,3429.5
2013-08-26,USDCAD,48658.6
2013-08-27,USDCAD,73614.3
2013-08-28,USDCAD,74040.1
2013-08-29,USDCAD,66971.9
2013-08-30,USDCAD,64600.2
2013-09-01,USDCAD,4413.1
2013-09-02,USDCAD,52062.3
2013-09-03,USDCAD,64404.3
2013-09-04,USDCAD,60629.9
2013-09-05,USDCAD,68925.0
2013-09-06,USDCAD,73836.6
2013-09-08,USDCAD,3079.2
2013-09-09,USDCAD,44366.0
2013-09-10,USDCAD,58418.9
2013-09-11,USDCAD,58124.3
2013-09-12,USDCAD,68717.6
2013-09-13,USDCAD,50860.5
2013-09-15,USDCAD,4321.8
2013-09-16,USDCAD,51771.8
2013-09-17,USDCAD,48444.3
2013-09-18,USDCAD,84623.8
2013-09-19,USDCAD,76328.9
2013-09-20,USDCAD,56206.3
2013-09-22,USDCAD,1918.1
2013-09-23,USDCAD,45584.6
2013-09-24,USDCAD,42708.2
2013-09-25,USDCAD,50273.6
2013-09-26,USDCAD,44157.9
2013-09-27,USDCAD,40226.9
2013-09-29,USDCAD,2241.4
2013-09-30,USDCAD,53645.2
2013-10-01,USDCAD,65290.4
2013-10-02,USDCAD,75522.1
2013-10-03,USDCAD,60782.1
2013-10-04,USDCAD,39594.3
2013-10-06,USDCAD,2940.0
2013-10-07,USDCAD,40979.2
2013-10-08,USDCAD,56461.9
2013-10-09,USDCAD,56869.1
2013-10-10,USDCAD,53596.9
2013-10-11,USDCAD,51741.1
2013-10-13,USDCAD,3145.3
2013-10-14,USDCAD,33941.6
2013-10-15,USDCAD,53911.1
2013-10-16,USDCAD,51790.6
2013-10-17,USDCAD,58101.1
2013-10-18,USDCAD,40995.1
2013-10-20,USDCAD,1291.2
2013-10-21,USDCAD,35076.6
2013-10-22,USDCAD,45548.0
2013-10-23,USDCAD,74403.9
2013-10-24,USDCAD,64244.1
2013-10-25,USDCAD,50334.0
2013-10-27,USDCAD,1607.2
2013-10-28,USDCAD,42861.1
2013-10-29,USDCAD,51634.2
2013-10-30,USDCAD,62106.6
2013-10-31,USDCAD,62827.6
2013-11-01,USDCAD,53243.7
2013-11-03,USDCAD,1454.4
2013-11-04,USDCAD,40224.3
2013-11-05,USDCAD,56554.1
2013-11-06,USDCAD,53439.3
2013-11-07,USDCAD,70367.1
2013-11-08,USDCAD,62530.5
2013-11-10,USDCAD,1878.3
2013-11-11,USDCAD,42581.1
2013-11-12,USDCAD,67897.6
2013-11-13,USDCAD,60162.0
2013-11-14,USDCAD,70980.1
2013-11-15,USDCAD,49468.3
2013-11-17,USDCAD,3508.4
2013-11-18,USDCAD,52411.1
2013-11-19,USDCAD,66255.6
2013-11-20,USDCAD,79997.9
2013-11-21,USDCAD,87110.3
2013-11-22,USDCAD,73753.1
2013-11-24,USDCAD,2599.7
2013-11-25,USDCAD,67855.4
2013-11-26,USDCAD,67996.7
2013-11-27,USDCAD,70400.9
2013-11-28,USDCAD,49113.8
2013-11-29,USDCAD,73525.0
2013-12-01,USDCAD,2671.6
2013-12-02,USDCAD,74639.1
2013-12-03,USDCAD,75174.2
2013-12-04,USDCAD,91265.0
2013-12-05,USDCAD,59951.7
2013-12-06,USDCAD,58748.0
2013-12-08,USDCAD,1848.2
2013-12-09,USDCAD,40152.3
2013-12-10,USDCAD,41283.1
2013-12-11,USDCAD,42970.6
2013-12-12,USDCAD,53160.7
2013-12-13,USDCAD,41993.7
2013-12-15,USDCAD,1378.6
2013-12-16,USDCAD,36420.9
2013-12-17,USDCAD,39519.9
2013-12-18,USDCAD,95652.7
2013-12-19,USDCAD,63372.2
2013-12-20,USDCAD,66242.6
2013-12-22,USDCAD,1391.7
2013-12-23,USDCAD,52353.5
2013-12-24,USDCAD,28288.9
2013-12-25,USDCAD,1684.5
2013-12-26,USDCAD,21346.8
2013-12-27,USDCAD,55643.2
2013-12-29,USDCAD,1026.8
2013-12-30,USDCAD,37534.4
2013-12-31,USDCAD,34941.3
2014-01-01,USDCAD,489.6
2014-01-02,USDCAD,55652.7
2014-01-03,USDCAD,53238.1
2014-01-05,USDCAD,787.0
2014-01-06,USDCAD,43788.4
2014-01-07,USDCAD,60760.4
2014-01-08,USDCAD,64465.7
2014-01-09,USDCAD,60782.0
2014-01-10,USDCAD,76376.2
2014-01-12,USDCAD,1403.1
2014-01-13,USDCAD,56053.5
2014-01-14,USDCAD,58438.3
2014-01-15,USDCAD,59380.6
2014-01-16,USDCAD,58505.2
2014-01-17,USDCAD,55683.2
2014-01-19,USDCAD,1262.9
2014-01-20,USDCAD,37417.9
2014-01-21,USDCAD,51916.6
2014-01-22,USDCAD,65420.8
2014-01-23,USDCAD,93527.7
2014-01-24,USDCAD,81178.3
2014-01-26,USDCAD,1676.3
2014-01-27,USDCAD,62110.4
2014-01-28,USDCAD,58496.4
2014-01-29,USDCAD,71041.1
2014-01-30,USDCAD,55897.7
2014-01-31,USDCAD,68381.6
2014-02-02,USDCAD,1823.1
2014-02-03,USDCAD,61430.2
2014-02-04,USDCAD,58377.6
2014-02-05,USDCAD,61836.8
2014-02-06,USDCAD,52648.9
2014-02-07,USDCAD,58353.3
2014-02-09,USDCAD,1735.5
2014-02-10,USDCAD,34864.1
2014-02-11,USDCAD,50265.1
2014-02-12,USDCAD,47643.6
2014-02-13,USDCAD,46616.5
2014-02-14,USDCAD,45266.0
2014-02-16,USDCAD,1445.7
2014-02-17,USDCAD,27908.2
2014-02-18,USDCAD,45610.3
2014-02-19,USDCAD,61029.9
2014-02-20,USDCAD,51656.4
2014-02-21,USDCAD,56606.0
2014-02-23,USDCAD,1751.0
2014-02-24,USDCAD,43363.7
2014-02-25,USDCAD,38563.4
2014-02-26,USDCAD,47519.0
2014-02-27,USDCAD,46718.9
2014-02-28,USDCAD,54380.8
2014-03-02,USDCAD,2018.0
2014-03-03,USDCAD,49074.9
2014-03-04,USDCAD,45113.7
2014-03-05,USDCAD,49349.9
2014-03-06,USDCAD,56129.3
2014-03-07,USDCAD,49723.9
2014-03-09,USDCAD,1572.0
2014-03-10,USDCAD,39623.9
2014-03-11,USDCAD,40920.3
2014-03-12,USDCAD,54698.9
2014-03-13,USDCAD,65030.7
2014-03-14,USDCAD,54737.0
2014-03-16,USDCAD,3360.1
2014-03-17,USDCAD,47920.7
2014-03-18,USDCAD,56048.5
2014-03-19,USDCAD,73969.6
2014-03-20,USDCAD,50239.6
2014-03-21,USDCAD,54028.8
2014-03-23,USDCAD,2672.0
2014-03-24,USDCAD,49487.1
2014-03-25,USDCAD,51604.3
2014-03-26,USDCAD,62055.1
2014-03-27,USDCAD,68333.9
2014-03-28,USDCAD,48968.8
2014-03-30,USDCAD,1658.7
2014-03-31,USDCAD,53960.7
2014-04-01,USDCAD,44807.1
2014-04-02,USDCAD,42620.3
2014-04-03,USDCAD,43536.8
2014-04-04,USDCAD,46412.6
2014-04-06,USDCAD,2265.3
2014-04-07,USDCAD,50442.9
2014-04-08,USDCAD,61490.0
2014-04-09,USDCAD,62866.2
2014-04-10,USDCAD,57749.5
2014-04-11,USDCAD,51708.4
2014-04-13,USDCAD,2960.6
2014-04-14,USDCAD,46021.1
2014-04-15,USDCAD,55250.8
2014-04-16,USDCAD,62119.9
2014-04-17,USDCAD,45241.5
2014-04-18,USDCAD,21839.2
2014-04-20,USDCAD,2255.4
2014-04-21,USDCAD,26710.5
2014-04-22,USDCAD,44318.9
2014-04-23,USDCAD,49210.2
2014-04-24,USDCAD,40439.1
2014-04-25,USDCAD,34762.5
2014-04-27,USDCAD,2236.0
2014-04-28,USDCAD,43303.8
2014-04-29,USDCAD,57191.7
2014-04-30,USDCAD,57935.5
2014-05-01,USDCAD,47332.1
2014-05-02,USDCAD,55047.7
2014-05-04,USDCAD,1741.4
2014-05-05,USDCAD,39302.1
2014-05-06,USDCAD,49309.5
2014-05-07,USDCAD,44240.7
2014-05-08,USDCAD,54551.1
2014-05-09,USDCAD,62696.9
2014-05-11,USDCAD,1653.5
2014-05-12,USDCAD,41082.3
2014-05-13,USDCAD,58753.8
2014-05-14,USDCAD,52644.5
2014-05-15,USDCAD,54089.5
2014-05-16,USDCAD,36601.5
2014-05-18,USDCAD,1877.7
2014-05-19,USDCAD,45662.9
2014-05-20,USDCAD,51109.8
2014-05-21,USDCAD,52144.0
2014-05-22,USDCAD,45644.8
2014-05-23,USDCAD,40093.4
2014-05-25,USDCAD,1732.0
2014-05-26,USDCAD,23436.8
2014-05-27,USDCAD,49480.7
2014-05-28,USDCAD,51060.8
2014-05-29,USDCAD,50070.6
2014-05-30,USDCAD,50159.0
2014-06-01,USDCAD,2409.9
2014-06-02,USDCAD,49160.6
2014-06-03,USDCAD,49820.6
2014-06-04,USDCAD,66923.4
2014-06-05,USDCAD,73730.6
2014-06-06,USDCAD,66239.8
2014-06-08,USDCAD,3643.8
2014-06-09,USDCAD,61056.3
2014-06-10,USDCAD,68242.8
2014-06-11,USDCAD,62514.6
2014-06-12,USDCAD,55125.4
2014-06-13,USDCAD,50821.8
2014-06-15,USDCAD,3427.7
2014-06-16,USDCAD,54813.5
2014-06-17,USDCAD,52134.3
2014-06-18,USDCAD,60755.3
2014-06-19,USDCAD,53678.2
2014-06-20,USDCAD,45573.8
2014-06-22,USDCAD,2750.3
2014-06-23,USDCAD,53881.5
2014-06-24,USDCAD,38493.6
2014-06-25,USDCAD,44414.7
2014-06-26,USDCAD,43460.4
2014-06-27,USDCAD,37093.9
2014-06-29,USDCAD,1956.4
2014-06-30,USDCAD,46283.5
2014-07-01,USDCAD,47296.0
2014-07-02,USDCAD,55652.3
2014-07-03,USDCAD,67936.3
2014-07-04,USDCAD,37080.5
2014-07-06,USDCAD,3281.1
2014-07-07,USDCAD,54065.9
2014-07-08,USDCAD,54883.7
2014-07-09,USDCAD,59995.6
2014-07-10,USDCAD,62583.7
2014-07-11,USDCAD,61630.9
2014-07-13,USDCAD,3604.3
2014-07-14,USDCAD,54175.1
2014-07-15,USDCAD,64601.1
2014-07-16,USDCAD,70217.8
2014-07-17,USDCAD,62074.6
2014-07-18,USDCAD,60647.0
2014-07-20,USDCAD,2627.8
2014-07-21,USDCAD,43825.0
2014-07-22,USDCAD,44852.8
2014-07-23,USDCAD,46691.2
2014-07-24,USDCAD,43410.1
2014-07-25,USDCAD,60705.2
2014-07-27,USDCAD,3484.7
2014-07-28,USDCAD,59105.4
2014-07-29,USDCAD,66438.8
2014-07-30,USDCAD,76243.0
2014-07-31,USDCAD,78817.8
2014-08-01,USDCAD,84049.0
2014-08-03,USDCAD,3795.1
2014-08-04,USDCAD,56457.3
2014-08-05,USDCAD,61702.9
2014-08-06,USDCAD,49318.9
2014-08-07,USDCAD,60252.9
2014-08-08,USDCAD,61973.1
2014-08-10,USDCAD,3397.7
2014-08-11,USDCAD,44979.5
2014-08-12,USDCAD,49814.2
2014-08-13,USDCAD,56519.0
2014-08-14,USDCAD,48755.3
2014-08-15,USDCAD,55979.5
2014-08-17,USDCAD,1924.1
2014-08-18,USDCAD,46524.9
2014-08-19,USDCAD,56795.7
2014-08-20,USDCAD,61691.4
2014-08-21,USDCAD,48660.2
2014-08-22,USDCAD,53507.6
2014-08-24,USDCAD,6288.6
2014-08-25,USDCAD,43995.9
2014-08-26,USDCAD,47345.7
2014-08-27,USDCAD,59904.9
2014-08-28,USDCAD,53978.1
2014-08-29,USDCAD,49054.8
2014-08-31,USDCAD,3501.0
2014-09-01,USDCAD,30690.0
2014-09-02,USDCAD,51546.2
2014-09-03,USDCAD,58109.6
2014-09-04,USDCAD,63848.1
2014-09-05,USDCAD,61408.4
2014-09-07,USDCAD,5482.5
2014-09-08,USDCAD,77046.3
2014-09-09,USDCAD,94353.9
2014-09-10,USDCAD,101500.7
2014-09-11,USDCAD,96745.0
2014-09-12,USDCAD,89028.0
2014-09-14,USDCAD,4143.3
2014-09-15,USDCAD,76936.4
2014-09-16,USDCAD,90171.7
2014-09-17,USDCAD,80943.3
2014-09-18,USDCAD,63197.5
2014-09-19,USDCAD,69126.4
2014-09-21,USDCAD,2307.6
2014-09-22,USDCAD,57247.1
2014-09-23,USDCAD,69106.2
2014-09-24,USDCAD,64333.5
2014-09-25,USDCAD,76035.2
2014-09-26,USDCAD,59694.0
2014-09-28,USDCAD,5145.4
2014-09-29,USDCAD,70324.0
2014-09-30,USDCAD,73759.4
2014-10-01,USDCAD,77484.6
2014-10-02,USDCAD,100513.4
2014-10-03,USDCAD,70443.9
2014-10-05,USDCAD,3576.9
2014-10-06,USDCAD,67173.0
2014-10-07,USDCAD,80562.4
2014-10-08,USDCAD,88582.1
2014-10-09,USDCAD,94097.6
2014-10-10,USDCAD,86389.4
2014-10-12,USDCAD,6136.3
2014-10-13,USDCAD,66449.7
2014-10-14,USDCAD,76886.7
2014-10-15,USDCAD,138974.9
2014-10-16,USDCAD,121055.5
2014-10-17,USDCAD,69083.3
2014-10-19,USDCAD,5629.6
2014-10-20,USDCAD,62140.8
2014-10-21,USDCAD,73553.4
2014-10-22,USDCAD,79785.2
2014-10-23,USDCAD,73010.9
2014-10-24,USDCAD,53420.9
2014-10-26,USDCAD,5406.4
2014-10-27,USDCAD,56647.1
2014-10-28,USDCAD,72495.0
2014-10-29,USDCAD,77362.6
2014-10-30,USDCAD,77787.9
2014-10-31,USDCAD,87170.9
2014-11-02,USDCAD,4705.6
2014-11-03,USDCAD,90315.0
2014-11-04,USDCAD,84984.2
2014-11-05,USDCAD,97917.4
2014-11-06,USDCAD,110429.2
2014-11-07,USDCAD,100765.6
2014-11-09,USDCAD,6788.0
2014-11-10,USDCAD,76248.3
2014-11-11,USDCAD,77276.0
2014-11-12,USDCAD,86893.1
2014-11-13,USDCAD,77956.3
2014-11-14,USDCAD,86625.5
2014-11-16,USDCAD,4436.5
2014-11-17,USDCAD,78785.7
2014-11-18,USDCAD,63053.0
2014-11-19,USDCAD,97717.9
2014-11-20,USDCAD,96912.6
2014-11-21,USDCAD,96371.1
2014-11-23,USDCAD,3685.3
2014-11-24,USDCAD,82617.0
2014-11-25,USDCAD,93753.6
2014-11-26,USDCAD,66761.2
2014-11-27,USDCAD,72319.2
2014-11-28,USDCAD,81246.6
2014-11-30,USDCAD,4657.0
2014-12-01,USDCAD,104416.0
2014-12-02,USDCAD,84640.5
2014-12-03,USDCAD,91395.4
2014-12-04,USDCAD,104889.0
2014-12-05,USDCAD,89819.8
2014-12-07,USDCAD,1661.3
2014-12-08,USDCAD,83842.0
2014-12-09,USDCAD,110164.7
2014-12-10,USDCAD,104873.3
2014-12-11,USDCAD,134914.7
2014-12-12,USDCAD,101845.5
2014-12-14,USDCAD,10155.6
2014-12-15,USDCAD,108371.2
2014-12-16,USDCAD,129004.3
2014-12-17,USDCAD,136034.1
2014-12-18,USDCAD,108328.8
2014-12-19,USDCAD,82186.7
2014-12-21,USDCAD,7548.9
2014-12-22,USDCAD,68228.0
2014-12-23,USDCAD,72027.6
2014-12-24,USDCAD,39530.3
2014-12-25,USDCAD,7363.9
2014-12-26,USDCAD,50216.2
2014-12-28,USDCAD,4175.7
2014-12-29,USDCAD,54074.6
2014-12-30,USDCAD,60306.4
2014-12-31,USDCAD,62574.7
2015-01-01,USDCAD,5861.8
2015-01-02,USDCAD,73835.2
2015-01-04,USDCAD,8345.9
2015-01-05,USDCAD,80117.8
2015-01-06,USDCAD,87031.8
2015-01-07,USDCAD,95012.8
2015-01-08,USDCAD,91197.9
2015-01-09,USDCAD,79962.8
2015-01-11,USDCAD,4289.6
2015-01-12,USDCAD,82703.6
2015-01-13,USDCAD,92711.5
2015-01-14,USDCAD,114521.4
2015-01-15,USDCAD,183320.6
2015-01-16,USDCAD,93205.7
2015-01-18,USDCAD,2594.7
2015-01-19,USDCAD,57447.6
2015-01-20,USDCAD,81568.1
2015-01-21,USDCAD,117978.6
2015-01-22,USDCAD,195659.7
2015-01-23,USDCAD,103549.0
2015-01-25,USDCAD,4621.8
2015-01-26,USDCAD,91125.7
2015-01-27,USDCAD,90125.7
2015-01-28,USDCAD,95103.6
2015-01-29,USDCAD,93482.4
2015-01-30,USDCAD,101415.1
2015-02-01,USDCAD,3298.5
2015-02-02,USDCAD,110993.4
2015-02-03,USDCAD,137174.4
2015-02-04,USDCAD,120729.1
2015-02-05,USDCAD,104569.1
2015-02-06,USDCAD,95266.2
2015-02-08,USDCAD,4599.0
2015-02-09,USDCAD,80359.4
2015-02-10,USDCAD,95290.5
2015-02-11,USDCAD,99124.3
2015-02-12,USDCAD,113699.8
2015-02-13,USDCAD,105696.1
2015-02-15,USDCAD,7340.9
2015-02-16,USDCAD,67545.9
2015-02-17,USDCAD,96141.7
2015-02-18,USDCAD,100219.9
2015-02-19,USDCAD,111524.3
2015-02-20,USDCAD,97826.5
2015-02-22,USDCAD,5160.3
2015-02-23,USDCAD,94211.7
2015-02-24,USDCAD,125086.6
2015-02-25,USDCAD,113139.9
2015-02-26,USDCAD,131680.8
2015-02-27,USDCAD,115398.1
2015-03-01,USDCAD,4925.8
2015-03-02,USDCAD,82268.8
2015-03-03,USDCAD,106217.7
2015-03-04,USDCAD,102144.8
2015-03-05,USDCAD,91688.7
2015-03-06,USDCAD,104971.4
2015-03-08,USDCAD,4101.8
2015-03-09,USDCAD,96893.9
2015-03-10,USDCAD,151334.8
2015-03-11,USDCAD,150682.8
2015-03-12,USDCAD,133580.2
2015-03-13,USDCAD,115372.0
2015-03-15,USDCAD,5949.5
2015-03-16,USDCAD,113214.9
2015-03-17,USDCAD,95041.4
2015-03-18,USDCAD,144608.9
2015-03-19,USDCAD,150916.1
2015-03-20,USDCAD,118346.3
2015-03-22,USDCAD,8942.7
2015-03-23,USDCAD,133289.0
2015-03-24,USDCAD,126619.9
2015-03-25,USDCAD,118068.0
2015-03-26,USDCAD,142820.5
2015-03-27,USDCAD,121149.3
2015-03-29,USDCAD,10377.6
2015-03-30,USDCAD,120746.4
2015-03-31,USDCAD,136396.8
2015-04-01,USDCAD,136871.1
2015-04-02,USDCAD,121679.7
2015-04-03,USDCAD,83213.8
2015-04-05,USDCAD,12440.1
2015-04-06,USDCAD,82001.8
2015-04-07,USDCAD,126082.4
2015-04-08,USDCAD,137847.5
2015-04-09,USDCAD,109588.0
2015-04-10,USDCAD,106743.5
2015-04-12,USDCAD,7962.0
2015-04-13,USDCAD,113563.2
2015-04-14,USDCAD,116501.8
2015-04-15,USDCAD,139887.0
2015-04-16,USDCAD,138418.5
2015-04-17,USDCAD,127893.0
2015-04-19,USDCAD,6237.5
2015-04-20,USDCAD,115478.4
2015-04-21,USDCAD,119394.3
2015-04-22,USDCAD,100647.5
2015-04-23,USDCAD,108223.3
2015-04-24,USDCAD,95493.5
2015-04-26,USDCAD,6998.4
2015-04-27,USDCAD,99872.2
2015-04-28,USDCAD,106386.5
2015-04-29,USDCAD,139107.9
2015-04-30,USDCAD,124240.4
2015-05-01,USDCAD,79154.5
2015-05-03,USDCAD,4450.9
2015-05-04,USDCAD,71629.0
2015-05-05,USDCAD,101286.0
2015-05-06,USDCAD,103467.3
2015-05-07,USDCAD,108270.1
2015-05-08,USDCAD,103993.4
2015-05-10,USDCAD,4854.2
2015-05-11,USDCAD,86837.8
2015-05-12,USDCAD,95426.3
2015-05-13,USDCAD,97874.8
2015-05-14,USDCAD,121275.0
2015-05-15,USDCAD,96537.8
2015-05-17,USDCAD,7041.1
2015-05-18,USDCAD,86421.4
2015-05-19,USDCAD,104048.9
2015-05-20,USDCAD,110644.4
2015-05-21,USDCAD,87140.2
2015-05-22,USDCAD,80936.5
2015-05-24,USDCAD,3576.4
2015-05-25,USDCAD,38964.5
2015-05-26,USDCAD,89650.3
2015-05-27,USDCAD,93329.8
2015-05-28,USDCAD,100980.9
2015-05-29,USDCAD,102135.6
2015-05-31,USDCAD,2870.1
2015-06-01,USDCAD,95741.2
2015-06-02,USDCAD,113511.3
2015-06-03,USDCAD,110236.1
2015-06-04,USDCAD,97946.5
2015-06-05,USDCAD,96522.3
2015-06-07,USDCAD,3369.8
2015-06-08,USDCAD,100151.4
2015-06-09,USDCAD,106481.5
2015-06-10,USDCAD,119272.2
2015-06-11,USDCAD,97240.8
2015-06-12,USDCAD,74857.9
2015-06-14,USDCAD,3828.3
2015-06-15,USDCAD,82132.1
2015-06-16,USDCAD,68561.1
2015-06-17,USDCAD,85069.5
2015-06-18,USDCAD,93452.8
2015-06-19,USDCAD,69960.7
2015-06-21,USDCAD,3550.1
2015-06-22,USDCAD,76649.6
2015-06-23,USDCAD,81523.5
2015-06-24,USDCAD,82633.1
2015-06-25,USDCAD,74695.2
2015-06-26,USDCAD,63988.4
2015-06-28,USDCAD,7697.4
2015-06-29,USDCAD,89145.0
2015-06-30,USDCAD,96677.3
2015-07-01,USDCAD,85655.6
2015-07-02,USDCAD,96071.5
2015-07-03,USDCAD,70535.0
2015-07-05,USDCAD,5107.8
2015-07-06,USDCAD,99567.6
2015-07-07,USDCAD,115035.7
2015-07-08,USDCAD,111828.1
2015-07-09,USDCAD,106414.6
2015-07-10,USDCAD,102469.5
2015-07-12,USDCAD,3847.0
2015-07-13,USDCAD,112461.5
2015-07-14,USDCAD,111744.6
2015-07-15,USDCAD,124671.2
2015-07-16,USDCAD,107866.5
2015-07-17,USDCAD,91722.2
2015-07-19,USDCAD,2773.1
2015-07-20,USDCAD,100235.2
2015-07-21,USDCAD,118694.4
2015-07-22,USDCAD,105363.3
2015-07-23,USDCAD,108266.7
2015-07-24,USDCAD,96048.2
2015-07-26,USDCAD,2547.8
2015-07-27,USDCAD,109032.1
2015-07-28,USDCAD,111196.6
2015-07-29,USDCAD,118546.5
2015-07-30,USDCAD,119334.6
2015-07-31,USDCAD,133119.1
2015-08-02,USDCAD,3913.7
2015-08-03,USDCAD,116438.1
2015-08-04,USDCAD,142934.6
2015-08-05,USDCAD,136034.3
2015-08-06,USDCAD,117656.0
2015-08-07,USDCAD,121034.6
2015-08-09,USDCAD,3449.3
2015-08-10,USDCAD,102803.6
2015-08-11,USDCAD,126230.5
2015-08-12,USDCAD,128146.2
2015-08-13,USDCAD,134815.2
2015-08-14,USDCAD,111235.1
2015-08-16,USDCAD,3223.2
2015-08-17,USDCAD,100214.5
2015-08-18,USDCAD,96376.2
2015-08-19,USDCAD,106286.7
2015-08-20,USDCAD,109951.1
2015-08-21,USDCAD,111845.7
2015-08-23,USDCAD,7131.3
2015-08-24,USDCAD,147087.2
2015-08-25,USDCAD,120294.4
2015-08-26,USDCAD,132130.4
2015-08-27,USDCAD,126228.6
2015-08-28,USDCAD,127421.6
2015-08-30,USDCAD,5583.5
2015-08-31,USDCAD,115831.5
2015-09-01,USDCAD,137332.9
2015-09-02,USDCAD,129838.0
2015-09-03,USDCAD,110526.8
2015-09-04,USDCAD,96157.8
2015-09-06,USDCAD,6248.5
2015-09-07,USDCAD,84348.3
2015-09-08,USDCAD,98952.7
2015-09-09,USDCAD,104152.0
2015-09-10,USDCAD,126458.8
2015-09-11,USDCAD,84251.5
2015-09-13,USDCAD,2459.1
2015-09-14,USDCAD,91648.9
2015-09-15,USDCAD,90316.9
2015-09-16,USDCAD,89711.3
2015-09-17,USDCAD,112407.2
2015-09-18,USDCAD,120637.2
2015-09-20,USDCAD,4275.2
2015-09-21,USDCAD,95634.0
2015-09-22,USDCAD,85910.2
2015-09-23,USDCAD,93207.4
2015-09-24,USDCAD,110906.5
2015-09-25,USDCAD,85127.3
2015-09-27,USDCAD,2773.9
2015-09-28,USDCAD,83043.2
2015-09-29,USDCAD,112121.9
2015-09-30,USDCAD,109631.8
2015-10-01,USDCAD,107538.3
2015-10-02,USDCAD,82882.6
2015-10-04,USDCAD,5934.5
2015-10-05,USDCAD,103394.6
2015-10-06,USDCAD,99071.5
2015-10-07,USDCAD,127083.2
2015-10-08,USDCAD,118293.1
2015-10-09,USDCAD,105691.3
2015-10-11,USDCAD,4381.3
2015-10-12,USDCAD,87784.2
2015-10-13,USDCAD,125437.9
2015-10-14,USDCAD,128879.5
2015-10-15,USDCAD,119431.1
2015-10-16,USDCAD,91281.8
2015-10-18,USDCAD,5187.5
2015-10-19,USDCAD,89760.3
2015-10-20,USDCAD,93924.9
2015-10-21,USDCAD,106303.1
2015-10-22,USDCAD,114419.1
2015-10-23,USDCAD,110029.6
2015-10-25,USDCAD,3898.8
2015-10-26,USDCAD,90607.0
2015-10-27,USDCAD,93219.9
2015-10-28,USDCAD,114040.5
2015-10-29,USDCAD,117073.4
2015-10-30,USDCAD,117293.8
2015-11-01,USDCAD,4146.3
2015-11-02,USDCAD,95066.7
2015-11-03,USDCAD,110298.9
2015-11-04,USDCAD,107001.6
2015-11-05,USDCAD,107544.3
2015-11-06,USDCAD,116159.6
2015-11-08,USDCAD,2636.1
2015-11-09,USDCAD,103613.5
2015-11-10,USDCAD,98342.5
2015-11-11,USDCAD,90863.6
2015-11-12,USDCAD,116628.4
2015-11-13,USDCAD,94917.4
2015-11-15,USDCAD,5332.0
2015-11-16,USDCAD,111446.4
2015-11-17,USDCAD,120025.8
2015-11-18,USDCAD,104939.7
2015-11-19,USDCAD,118829.6
2015-11-20,USDCAD,111520.9
2015-11-22,USDCAD,3103.7
2015-11-23,USDCAD,124062.4
2015-11-24,USDCAD,116005.3
2015-11-25,USDCAD,108350.1
2015-11-26,USDCAD,87273.8
2015-11-27,USDCAD,89906.4
2015-11-29,USDCAD,2725.6
2015-11-30,USDCAD,114396.6
2015-12-01,USDCAD,144326.4
2015-12-02,USDCAD,140793.7
2015-12-03,USDCAD,161880.6
2015-12-04,USDCAD,148049.4
2015-12-06,USDCAD,4480.7
2015-12-07,USDCAD,125527.9
2015-12-08,USDCAD,145016.8
2015-12-09,USDCAD,136433.5
2015-12-10,USDCAD,129201.2
2015-12-11,USDCAD,118676.3
2015-12-13,USDCAD,3500.2
2015-12-14,USDCAD,170591.4
2015-12-15,USDCAD,151114.0
2015-12-16,USDCAD,137278.3
2015-12-17,USDCAD,125596.2
2015-12-18,USDCAD,122213.8
2015-12-20,USDCAD,2704.2
2015-12-21,USDCAD,109084.3
2015-12-22,USDCAD,94888.5
2015-12-23,USDCAD,92571.4
2015-12-24,USDCAD,61443.1
2015-12-25,USDCAD,2264.3
2015-12-27,USDCAD,5912.9
2015-12-28,USDCAD,69642.6
2015-12-29,USDCAD,83446.4
2015-12-30,USDCAD,101312.7
2015-12-31,USDCAD,69291.9
2016-01-03,USDCAD,4289.8
2016-01-04,USDCAD,115647.6
2016-01-05,USDCAD,128822.0
2016-01-06,USDCAD,151161.8
2016-01-07,USDCAD,166706.8
2016-01-08,USDCAD,142002.2
2016-01-10,USDCAD,5148.5
2016-01-11,USDCAD,146981.9
2016-01-12,USDCAD,165934.4
2016-01-13,USDCAD,160416.4
2016-01-14,USDCAD,167233.0
2016-01-15,USDCAD,169569.0
2016-01-17,USDCAD,3958.3
2016-01-18,USDCAD,140766.5
2016-01-19,USDCAD,183193.6
2016-01-20,USDCAD,215851.2
2016-01-21,USDCAD,219300.3
2016-01-22,USDCAD,183801.1
2016-01-24,USDCAD,6135.7
2016-01-25,USDCAD,169118.8
2016-01-26,USDCAD,189823.3
2016-01-27,USDCAD,202261.5
2016-01-28,USDCAD,204161.9
2016-01-29,USDCAD,181355.9
2016-01-31,USDCAD,5076.6
2016-02-01,USDCAD,189107.5
2016-02-02,USDCAD,184545.8
2016-02-03,USDCAD,209959.3
2016-02-04,USDCAD,197291.4
2016-02-05,USDCAD,167789.8
2016-02-07,USDCAD,9729.5
2016-02-08,USDCAD,184513.7
2016-02-09,USDCAD,211501.9
2016-02-10,USDCAD,217799.9
2016-02-11,USDCAD,243580.3
2016-02-12,USDCAD,177195.4
2016-02-14,USDCAD,3923.9
2016-02-15,USDCAD,123540.8
2016-02-16,USDCAD,193293.2
2016-02-17,USDCAD,193076.3
2016-02-18,USDCAD,169166.6
2016-02-19,USDCAD,154367.5
2016-02-21,USDCAD,5943.9
2016-02-22,USDCAD,147340.3
2016-02-23,USDCAD,158404.9
2016-02-24,USDCAD,179580.2
2016-02-25,USDCAD,187350.1
2016-02-26,USDCAD,160634.5
2016-02-28,USDCAD,7286.8
2016-02-29,USDCAD,169312.2
2016-03-01,USDCAD,175071.8
2016-03-02,USDCAD,157442.1
2016-03-03,USDCAD,149725.5
2016-03-04,USDCAD,136933.8
2016-03-06,USDCAD,7146.4
2016-03-07,USDCAD,133434.8
2016-03-08,USDCAD,130195.0
2016-03-09,USDCAD,170879.9
2016-03-10,USDCAD,173084.4
2016-03-11,USDCAD,155747.4
2016-03-13,USDCAD,12520.6
2016-03-14,USDCAD,138065.1
2016-03-15,USDCAD,154202.4
2016-03-16,USDCAD,160925.8
2016-03-17,USDCAD,179304.0
2016-03-18,USDCAD,157471.1
2016-03-20,USDCAD,14524.8
2016-03-21,USDCAD,140791.1
2016-03-22,USDCAD,158865.5
2016-03-23,USDCAD,155363.6
2016-03-24,USDCAD,138220.8
2016-03-25,USDCAD,74901.5
2016-03-27,USDCAD,3274.6
2016-03-28,USDCAD,111121.3
2016-03-29,USDCAD,159822.9
2016-03-30,USDCAD,184522.8
2016-03-31,USDCAD,177731.8
2016-04-01,USDCAD,155593.7
2016-04-03,USDCAD,5141.5
2016-04-04,USDCAD,143748.9
2016-04-05,USDCAD,161699.6
2016-04-06,USDCAD,168911.4
2016-04-07,USDCAD,157997.0
2016-04-08,USDCAD,144335.6
2016-04-10,USDCAD,6932.3
2016-04-11,USDCAD,176653.2
2016-04-12,USDCAD,170456.6
2016-04-13,USDCAD,178368.7
2016-04-14,USDCAD,158019.8
2016-04-15,USDCAD,133641.0
2016-04-17,USDCAD,13691.9
2016-04-18,USDCAD,186038.7
2016-04-19,USDCAD,176614.0
2016-04-20,USDCAD,166999.7
2016-04-21,USDCAD,155091.7
2016-04-22,USDCAD,160132.7
2016-04-24,USDCAD,5900.0
2016-04-25,USDCAD,153745.9
2016-04-26,USDCAD,150528.3
2016-04-27,USDCAD,168230.5
2016-04-28,USDCAD,192431.1
2016-04-29,USDCAD,171463.0
2016-05-01,USDCAD,10313.3
2016-05-02,USDCAD,133644.5
2016-05-03,USDCAD,174321.5
2016-05-04,USDCAD,168901.8
2016-05-05,USDCAD,145853.2
2016-05-06,USDCAD,141879.6
2016-05-08,USDCAD,10777.9
2016-05-09,USDCAD,140522.2
2016-05-10,USDCAD,139733.5
2016-05-11,USDCAD,141046.2
2016-05-12,USDCAD,140281.9
2016-05-13,USDCAD,145744.1
2016-05-15,USDCAD,5073.5
2016-05-16,USDCAD,106103.4
2016-05-17,USDCAD,125840.2
2016-05-18,USDCAD,149040.6
2016-05-19,USDCAD,176938.8
2016-05-20,USDCAD,114977.9
2016-05-22,USDCAD,2933.5
2016-05-23,USDCAD,116412.8
2016-05-24,USDCAD,129703.5
2016-05-25,USDCAD,135906.6
2016-05-26,USDCAD,119906.8
2016-05-27,USDCAD,118666.4
2016-05-29,USDCAD,6755.8
2016-05-30,USDCAD,105131.7
2016-05-31,USDCAD,135553.5
2016-06-01,USDCAD,150228.2
2016-06-02,USDCAD,137600.6
2016-06-03,USDCAD,142397.1
2016-06-05,USDCAD,5980.6
2016-06-06,USDCAD,139852.3
2016-06-07,USDCAD,133176.3
2016-06-08,USDCAD,133031.8
2016-06-09,USDCAD,135770.1
2016-06-10,USDCAD,134681.5
2016-06-12,USDCAD,6777.4
2016-06-13,USDCAD,145243.3
2016-06-14,USDCAD,141304.1
2016-06-15,USDCAD,152212.3
2016-06-16,USDCAD,163959.1
2016-06-17,USDCAD,140316.1
2016-06-19,USDCAD,7268.2
2016-06-20,USDCAD,142551.9
2016-06-21,USDCAD,129048.1
2016-06-22,USDCAD,127733.2
2016-06-23,USDCAD,166031.6
2016-06-24,USDCAD,183150.9
2016-06-26,USDCAD,12908.0
2016-06-27,USDCAD,175261.4
2016-06-28,USDCAD,156408.3
2016-06-29,USDCAD,156679.5
2016-06-30,USDCAD,164854.0
2016-07-01,USDCAD,128933.3
2016-07-03,USDCAD,3157.5
2016-07-04,USDCAD,113724.3
2016-07-05,USDCAD,151625.9
2016-07-06,USDCAD,189048.5
2016-07-07,USDCAD,170306.6
2016-07-08,USDCAD,160979.5
2016-07-10,USDCAD,7215.6
2016-07-11,USDCAD,164693.4
2016-07-12,USDCAD,155554.7
2016-07-13,USDCAD,163633.1
2016-07-14,USDCAD,172128.5
2016-07-15,USDCAD,134539.2
2016-07-17,USDCAD,7048.1
2016-07-18,USDCAD,132430.9
2016-07-19,USDCAD,137393.3
2016-07-20,USDCAD,395844.0
2016-07-21,USDCAD,504410.7
2016-07-22,USDCAD,535345.0
2016-07-24,USDCAD,14510.0
2016-07-25,USDCAD,441943.1
2016-07-26,USDCAD,549546.8
2016-07-27,USDCAD,551469.1
2016-07-28,USDCAD,527750.3
2016-07-29,USDCAD,527118.4
2016-07-31,USDCAD,10600.6
2016-08-01,USDCAD,383969.8
2016-08-02,USDCAD,547619.2
2016-08-03,USDCAD,474359.6
2016-08-04,USDCAD,443336.0
2016-08-05,USDCAD,411825.1
2016-08-07,USDCAD,8352.0
2016-08-08,USDCAD,368678.6
2016-08-09,USDCAD,386878.6
2016-08-10,USDCAD,394085.4
2016-08-11,USDCAD,400482.1
2016-08-12,USDCAD,353320.9
2016-08-14,USDCAD,8082.8
2016-08-15,USDCAD,319687.3
2016-08-16,USDCAD,378681.3
2016-08-17,USDCAD,403501.1
2016-08-18,USDCAD,410598.0
2016-08-19,USDCAD,370857.9
2016-08-21,USDCAD,12022.7
2016-08-22,USDCAD,468155.8
2016-08-23,USDCAD,455513.9
2016-08-24,USDCAD,473236.6
2016-08-25,USDCAD,405916.4
2016-08-26,USDCAD,453848.0
2016-08-28,USDCAD,9940.1
2016-08-29,USDCAD,450046.3
2016-08-30,USDCAD,461595.6
2016-08-31,USDCAD,499141.5
2016-09-01,USDCAD,523978.0
2016-09-02,USDCAD,506112.4
2016-09-04,USDCAD,11718.0
2016-09-05,USDCAD,332026.6
2016-09-06,USDCAD,441025.6
2016-09-07,USDCAD,453935.1
2016-09-08,USDCAD,489977.1
2016-09-09,USDCAD,457970.7
2016-09-11,USDCAD,18265.5
2016-09-12,USDCAD,542264.8
2016-09-13,USDCAD,586997.4
2016-09-14,USDCAD,555732.2
2016-09-15,USDCAD,505510.0
2016-09-16,USDCAD,473465.0
2016-09-18,USDCAD,9430.0
2016-09-19,USDCAD,499055.1
2016-09-20,USDCAD,548982.4
2016-09-21,USDCAD,672015.7
2016-09-22,USDCAD,600642.9
2016-09-23,USDCAD,618971.5
2016-09-25,USDCAD,15512.9
2016-09-26,USDCAD,547520.4
2016-09-27,USDCAD,693473.1
2016-09-28,USDCAD,781390.1
2016-09-29,USDCAD,789698.4
2016-09-30,USDCAD,625335.8
2016-10-02,USDCAD,13419.7
2016-10-03,USDCAD,577692.5
2016-10-04,USDCAD,649725.6
2016-10-05,USDCAD,531885.2
2016-10-06,USDCAD,517788.2
2016-10-07,USDCAD,614710.7
2016-10-09,USDCAD,16483.3
2016-10-10,USDCAD,503517.2
2016-10-11,USDCAD,572020.6
2016-10-12,USDCAD,525537.6
2016-10-13,USDCAD,569684.2
2016-10-14,USDCAD,502714.4
2016-10-16,USDCAD,13256.5
2016-10-17,USDCAD,435758.4
2016-10-18,USDCAD,423207.6
2016-10-19,USDCAD,439854.9
2016-10-20,USDCAD,485057.3
2016-10-21,USDCAD,446212.2
2016-10-23,USDCAD,14407.7
2016-10-24,USDCAD,241745.9
2016-10-25,USDCAD,157959.8
2016-10-26,USDCAD,161608.9
2016-10-27,USDCAD,161586.2
2016-10-28,USDCAD,166065.2
2016-10-30,USDCAD,6102.9
2016-10-31,USDCAD,150654.2
2016-11-01,USDCAD,181008.2
2016-11-02,USDCAD,186837.5
2016-11-03,USDCAD,177615.2
2016-11-04,USDCAD,165831.1
2016-11-06,USDCAD,7782.1
2016-11-07,USDCAD,149598.6
2016-11-08,USDCAD,160060.0
2016-11-09,USDCAD,286587.2
2016-11-10,USDCAD,243278.6
2016-11-11,USDCAD,245766.4
2016-11-13,USDCAD,5442.3
2016-11-14,USDCAD,224996.0
2016-11-15,USDCAD,210559.0
2016-11-16,USDCAD,189462.4
2016-11-17,USDCAD,190646.5
2016-11-18,USDCAD,195556.8
2016-11-20,USDCAD,6065.0
2016-11-21,USDCAD,171913.6
2016-11-22,USDCAD,166800.9
2016-11-23,USDCAD,173724.3
2016-11-24,USDCAD,128926.8
2016-11-25,USDCAD,153009.5
2016-11-27,USDCAD,4564.5
2016-11-28,USDCAD,185066.2
2016-11-29,USDCAD,163782.9
2016-11-30,USDCAD,196370.2
2016-12-01,USDCAD,175266.0
2016-12-02,USDCAD,147778.7
2016-12-04,USDCAD,11901.1
2016-12-05,USDCAD,158099.2
2016-12-06,USDCAD,127092.7
2016-12-07,USDCAD,124111.2
2016-12-08,USDCAD,137346.3
2016-12-09,USDCAD,116610.2
2016-12-11,USDCAD,6859.2
2016-12-12,USDCAD,149869.0
2016-12-13,USDCAD,143934.7
2016-12-14,USDCAD,187352.2
2016-12-15,USDCAD,229147.1
2016-12-16,USDCAD,175883.0
2016-12-18,USDCAD,5786.7
2016-12-19,USDCAD,139965.0
2016-12-20,USDCAD,142256.4
2016-12-21,USDCAD,129182.3
2016-12-22,USDCAD,142250.6
2016-12-23,USDCAD,100784.4
2016-12-25,USDCAD,5010.0
2016-12-26,USDCAD,48132.0
2016-12-27,USDCAD,108526.9
2016-12-28,USDCAD,128620.6
2016-12-29,USDCAD,143193.5
2016-12-30,USDCAD,144227.5
2017-01-01,USDCAD,523.5
2017-01-02,USDCAD,87741.7
2017-01-03,USDCAD,164973.8
2017-01-04,USDCAD,192473.5
2017-01-05,USDCAD,212433.2
2017-01-06,USDCAD,183896.1
2017-01-08,USDCAD,5748.3
2017-01-09,USDCAD,156448.7
2017-01-10,USDCAD,177157.2
2017-01-11,USDCAD,225692.9
2017-01-12,USDCAD,192070.5
2017-01-13,USDCAD,188994.0
2017-01-15,USDCAD,8694.0
2017-01-16,USDCAD,136804.9
2017-01-17,USDCAD,197127.6
2017-01-18,USDCAD,211682.6
2017-01-19,USDCAD,221115.8
2017-01-20,USDCAD,200915.5
2017-01-22,USDCAD,6850.7
2017-01-23,USDCAD,185803.3
2017-01-24,USDCAD,190731.2
2017-01-25,USDCAD,186826.9
2017-01-26,USDCAD,177653.3
2017-01-27,USDCAD,161229.2
2017-01-29,USDCAD,7135.3
2017-01-30,USDCAD,167515.5
2017-01-31,USDCAD,207480.9
2017-02-01,USDCAD,195819.8
2017-02-02,USDCAD,181217.7
2017-02-03,USDCAD,168046.1
2017-02-05,USDCAD,4911.5
2017-02-06,USDCAD,161665.8
2017-02-07,USDCAD,167144.2
2017-02-08,USDCAD,163357.4
2017-02-09,USDCAD,149549.5
2017-02-10,USDCAD,157376.1
2017-02-12,USDCAD,7173.4
2017-02-13,USDCAD,139340.9
2017-02-14,USDCAD,145387.5
2017-02-15,USDCAD,147323.4
2017-02-16,USDCAD,151544.6
2017-02-17,USDCAD,130079.1
2017-02-19,USDCAD,5923.1
2017-02-20,USDCAD,85915.8
2017-02-21,USDCAD,119227.0
2017-02-22,USDCAD,123876.0
2017-02-23,USDCAD,122497.9
2017-02-24,USDCAD,118318.2
2017-02-26,USDCAD,4790.1
2017-02-27,USDCAD,133196.8
2017-02-28,USDCAD,157285.4
2017-03-01,USDCAD,173326.9
2017-03-02,USDCAD,141003.4
2017-03-03,USDCAD,143579.7
2017-03-05,USDCAD,4172.1
2017-03-06,USDCAD,129029.3
2017-03-07,USDCAD,131576.0
2017-03-08,USDCAD,146579.5
2017-03-09,USDCAD,172996.9
2017-03-10,USDCAD,146517.0
2017-03-12,USDCAD,4807.2
2017-03-13,USDCAD,132675.6
2017-03-14,USDCAD,131758.9
2017-03-15,USDCAD,157938.4
2017-03-16,USDCAD,156848.8
2017-03-17,USDCAD,123850.5
2017-03-19,USDCAD,4327.0
2017-03-20,USDCAD,126265.8
2017-03-21,USDCAD,146246.2
2017-03-22,USDCAD,141484.3
2017-03-23,USDCAD,136436.3
2017-03-24,USDCAD,118318.2
2017-03-26,USDCAD,8044.5
2017-03-27,USDCAD,127730.4
2017-03-28,USDCAD,104746.0
2017-03-29,USDCAD,108627.0
2017-03-30,USDCAD,113693.8
2017-03-31,USDCAD,116108.7
2017-04-02,USDCAD,3590.9
2017-04-03,USDCAD,108540.4
2017-04-04,USDCAD,109478.7
2017-04-05,USDCAD,124391.9
2017-04-06,USDCAD,117353.5
2017-04-07,USDCAD,136651.2
2017-04-09,USDCAD,5864.8
2017-04-10,USDCAD,106972.9
2017-04-11,USDCAD,108567.8
2017-04-12,USDCAD,150997.3
2017-04-13,USDCAD,124034.8
2017-04-14,USDCAD,63679.9
2017-04-16,USDCAD,7511.7
2017-04-17,USDCAD,93953.3
2017-04-18,USDCAD,139480.3
2017-04-19,USDCAD,119290.1
2017-04-20,USDCAD,116849.0
2017-04-21,USDCAD,113373.0
2017-04-23,USDCAD,10747.9
2017-04-24,USDCAD,129308.0
2017-04-25,USDCAD,140542.2
2017-04-26,USDCAD,154271.3
2017-04-27,USDCAD,148097.4
2017-04-28,USDCAD,122990.0
2017-04-30,USDCAD,9163.0
2017-05-01,USDCAD,81912.9
2017-05-02,USDCAD,114643.6
2017-05-03,USDCAD,134543.9
2017-05-04,USDCAD,152894.6
2017-05-05,USDCAD,163601.3
2017-05-07,USDCAD,5883.5
2017-05-08,USDCAD,136880.9
2017-05-09,USDCAD,133407.6
2017-05-10,USDCAD,140397.7
2017-05-11,USDCAD,141804.9
2017-05-12,USDCAD,129025.4
2017-05-14,USDCAD,7527.4
2017-05-15,USDCAD,137843.0
2017-05-16,USDCAD,127130.9
2017-05-17,USDCAD,149440.7
2017-05-18,USDCAD,160235.6
2017-05-19,USDCAD,121944.4
2017-05-21,USDCAD,4656.6
2017-05-22,USDCAD,104135.6
2017-05-23,USDCAD,118080.0
2017-05-24,USDCAD,136974.7
2017-05-25,USDCAD,137198.9
2017-05-26,USDCAD,108680.4
2017-05-28,USDCAD,5028.5
2017-05-29,USDCAD,59491.2
2017-05-30,USDCAD,81270.0
2017-05-31,USDCAD,106928.6
2017-06-01,USDCAD,101620.8
2017-06-02,USDCAD,96205.1
2017-06-04,USDCAD,5529.5
2017-06-05,USDCAD,81515.1
2017-06-06,USDCAD,97203.8
2017-06-07,USDCAD,96364.4
2017-06-08,USDCAD,104353.9
2017-06-09,USDCAD,95601.9
2017-06-11,USDCAD,4481.1
2017-06-12,USDCAD,102108.0
2017-06-13,USDCAD,101171.9
2017-06-14,USDCAD,143922.1
2017-06-15,USDCAD,118255.3
2017-06-16,USDCAD,87636.8
2017-06-18,USDCAD,5586.4
2017-06-19,USDCAD,89272.8
2017-06-20,USDCAD,91523.7
2017-06-21,USDCAD,111914.1
2017-06-22,USDCAD,104052.7
2017-06-23,USDCAD,88611.0
2017-06-25,USDCAD,4825.0
2017-06-26,USDCAD,90069.6
2017-06-27,USDCAD,124316.4
2017-06-28,USDCAD,142427.3
2017-06-29,USDCAD,124376.3
2017-06-30,USDCAD,108739.0
2017-07-02,USDCAD,5735.8
2017-07-03,USDCAD,77875.8
2017-07-04,USDCAD,99694.5
2017-07-05,USDCAD,132718.3
2017-07-06,USDCAD,108849.2
2017-07-07,USDCAD,109038.6
2017-07-09,USDCAD,6854.1
2017-07-10,USDCAD,97104.3
2017-07-11,USDCAD,96229.5
2017-07-12,USDCAD,733.0
2017-07-13,USDCAD,124507.9
2017-07-14,USDCAD,112408.7
2017-07-16,USDCAD,8582.7
2017-07-17,USDCAD,106556.3
2017-07-18,USDCAD,126543.7
2017-07-19,USDCAD,97186.0
2017-07-20,USDCAD,126001.0
2017-07-21,USDCAD,116549.3
2017-07-23,USDCAD,5584.6
2017-07-24,USDCAD,112609.5
2017-07-25,USDCAD,117667.2
2017-07-26,USDCAD,141136.9
2017-07-27,USDCAD,136340.0
2017-07-28,USDCAD,125529.5
2017-07-30,USDCAD,7095.9
2017-07-31,USDCAD,130393.4
2017-08-01,USDCAD,125490.1
2017-08-02,USDCAD,129582.5
2017-08-03,USDCAD,117680.0
2017-08-04,USDCAD,107882.0
2017-08-06,USDCAD,8549.4
2017-08-07,USDCAD,90546.8
2017-08-08,USDCAD,109660.7
2017-08-09,USDCAD,179988.3
2017-08-10,USDCAD,125116.4
2017-08-11,USDCAD,137732.1
2017-08-13,USDCAD,9346.7
2017-08-14,USDCAD,125538.2
2017-08-15,USDCAD,132490.7
2017-08-16,USDCAD,129012.5
2017-08-17,USDCAD,122878.6
2017-08-18,USDCAD,130633.3
2017-08-20,USDCAD,4570.1
2017-08-21,USDCAD,116857.3
2017-08-22,USDCAD,116931.7
2017-08-23,USDCAD,134413.6
2017-08-24,USDCAD,138699.8
2017-08-25,USDCAD,138188.2
2017-08-27,USDCAD,8142.3
2017-08-28,USDCAD,120300.5
2017-08-29,USDCAD,144409.3
2017-08-30,USDCAD,141388.2
2017-08-31,USDCAD,162332.1
2017-09-01,USDCAD,143016.2
2017-09-03,USDCAD,10358.7
2017-09-04,USDCAD,105206.1
2017-09-05,USDCAD,168696.5
2017-09-06,USDCAD,169994.2
2017-09-07,USDCAD,169201.9
2017-09-08,USDCAD,174221.3
2017-09-10,USDCAD,6343.7
2017-09-11,USDCAD,141221.2
2017-09-12,USDCAD,153458.5
2017-09-13,USDCAD,131302.5
2017-09-14,USDCAD,155286.5
2017-09-15,USDCAD,151714.3
2017-09-17,USDCAD,5517.2
2017-09-18,USDCAD,145284.1
2017-09-19,USDCAD,144898.7
2017-09-20,USDCAD,223217.9
2017-09-21,USDCAD,348059.7
2017-09-22,USDCAD,197302.1
2017-09-24,USDCAD,7986.9
2017-09-25,USDCAD,136721.5
2017-09-26,USDCAD,147301.9
2017-09-27,USDCAD,179564.7
2017-09-28,USDCAD,170001.6
2017-09-29,USDCAD,140554.8
2017-10-01,USDCAD,5953.8
2017-10-02,USDCAD,133460.9
2017-10-03,USDCAD,136879.3
2017-10-04,USDCAD,119466.8
2017-10-05,USDCAD,129866.6
2017-10-06,USDCAD,136856.8
2017-10-08,USDCAD,5613.7
2017-10-09,USDCAD,98086.4
2017-10-10,USDCAD,138279.8
2017-10-11,USDCAD,141088.3
2017-10-12,USDCAD,138914.6
2017-10-13,USDCAD,128871.3
2017-10-15,USDCAD,4383.9
2017-10-16,USDCAD,129861.4
2017-10-17,USDCAD,130873.1
2017-10-18,USDCAD,146292.8
2017-10-19,USDCAD,136189.8
2017-10-20,USDCAD,142662.3
2017-10-22,USDCAD,8229.6
2017-10-23,USDCAD,115917.4
2017-10-24,USDCAD,133789.8
2017-10-25,USDCAD,155577.9
2017-10-26,USDCAD,136601.4
2017-10-27,USDCAD,141236.5
2017-10-29,USDCAD,6451.5
2017-10-30,USDCAD,112077.9
2017-10-31,USDCAD,121923.5
2017-11-01,USDCAD,132164.6
2017-11-02,USDCAD,124179.4
2017-11-03,USDCAD,126141.8
2017-11-05,USDCAD,4642.1
2017-11-06,USDCAD,122420.3
2017-11-07,USDCAD,111462.0
2017-11-08,USDCAD,92531.5
2017-11-09,USDCAD,105473.8
2017-11-10,USDCAD,94723.0
2017-11-12,USDCAD,6247.7
2017-11-13,USDCAD,80391.4
2017-11-14,USDCAD,95074.2
2017-11-15,USDCAD,110049.0
2017-11-16,USDCAD,92135.2
2017-11-17,USDCAD,103972.8
2017-11-19,USDCAD,8746.6
2017-11-20,USDCAD,99279.0
2017-11-21,USDCAD,100599.6
2017-11-22,USDCAD,106104.0
2017-11-23,USDCAD,93474.1
2017-11-24,USDCAD,101093.6
2017-11-26,USDCAD,5004.8
2017-11-27,USDCAD,103612.0
2017-11-28,USDCAD,108398.0
2017-11-29,USDCAD,111280.2
2017-11-30,USDCAD,112153.2
2017-12-01,USDCAD,130530.5
2017-12-03,USDCAD,6607.8
2017-12-04,USDCAD,104012.4
2017-12-05,USDCAD,98466.4
2017-12-06,USDCAD,106735.2
2017-12-07,USDCAD,96145.8
2017-12-08,USDCAD,85194.2
2017-12-10,USDCAD,3604.9
2017-12-11,USDCAD,102392.0
2017-12-12,USDCAD,106960.5
2017-12-13,USDCAD,112701.1
2017-12-14,USDCAD,129926.2
2017-12-15,USDCAD,117728.3
2017-12-17,USDCAD,7277.6
2017-12-18,USDCAD,95525.6
2017-12-19,USDCAD,104278.8
2017-12-20,USDCAD,104796.6
2017-12-21,USDCAD,110878.4
2017-12-22,USDCAD,103672.4
2017-12-24,USDCAD,184.6
2017-12-25,USDCAD,6185.6
2017-12-26,USDCAD,48675.1
2017-12-27,USDCAD,93087.4
2017-12-28,USDCAD,95173.0
2017-12-29,USDCAD,95228.2
2018-01-01,USDCAD,3928.7
2018-01-02,USDCAD,111022.7
2018-01-03,USDCAD,118140.5
2018-01-04,USDCAD,128739.2
2018-01-05,USDCAD,124603.5
2018-01-07,USDCAD,3188.4
2018-01-08,USDCAD,102038.7
2018-01-09,USDCAD,114265.5
2018-01-10,USDCAD,147820.2
2018-01-11,USDCAD,144255.1
2018-01-12,USDCAD,146305.2
2018-01-14,USDCAD,4134.5
2018-01-15,USDCAD,149536.3
2018-01-16,USDCAD,144640.7
2018-01-17,USDCAD,164329.7
2018-01-18,USDCAD,158496.2
2018-01-19,USDCAD,142090.3
2018-01-21,USDCAD,4299.4
2018-01-22,USDCAD,122268.2
2018-01-23,USDCAD,135849.6
2018-01-24,USDCAD,156798.6
2018-01-25,USDCAD,179575.4
2018-01-26,USDCAD,176352.3
2018-01-28,USDCAD,4245.5
2018-01-29,USDCAD,148331.3
2018-01-30,USDCAD,156449.2
2018-01-31,USDCAD,165555.9
2018-02-01,USDCAD,149253.3
2018-02-02,USDCAD,172079.7
2018-02-04,USDCAD,5552.3
2018-02-05,USDCAD,171174.7
2018-02-06,USDCAD,217564.3
2018-02-07,USDCAD,162011.6
2018-02-08,USDCAD,198411.1
2018-02-09,USDCAD,197265.0
2018-02-11,USDCAD,3884.2
2018-02-12,USDCAD,135916.7
2018-02-13,USDCAD,131840.9
2018-02-14,USDCAD,165606.1
2018-02-15,USDCAD,158457.0
2018-02-16,USDCAD,147977.8
2018-02-18,USDCAD,3515.3
2018-02-19,USDCAD,108195.7
2018-02-20,USDCAD,128893.4
2018-02-21,USDCAD,143795.0
2018-02-22,USDCAD,131973.8
2018-02-23,USDCAD,126431.9
2018-02-25,USDCAD,3849.1
2018-02-26,USDCAD,107049.0
2018-02-27,USDCAD,139788.4
2018-02-28,USDCAD,128661.7
2018-03-01,USDCAD,166419.5
2018-03-02,USDCAD,149343.1
2018-03-04,USDCAD,5363.1
2018-03-05,USDCAD,156894.0
2018-03-06,USDCAD,158677.1
2018-03-07,USDCAD,177581.6
2018-03-08,USDCAD,162162.1
2018-03-09,USDCAD,143162.2
2018-03-11,USDCAD,4562.0
2018-03-12,USDCAD,110528.6
2018-03-13,USDCAD,144679.4
2018-03-14,USDCAD,145805.3
2018-03-15,USDCAD,131870.6
2018-03-16,USDCAD,113189.6
2018-03-18,USDCAD,6435.3
2018-03-19,USDCAD,132214.7
2018-03-20,USDCAD,109851.6
2018-03-21,USDCAD,136835.5
2018-03-22,USDCAD,149227.2
2018-03-23,USDCAD,151210.3
2018-03-25,USDCAD,6918.9
2018-03-26,USDCAD,113470.6
2018-03-27,USDCAD,120501.5
2018-03-28,USDCAD,139885.3
2018-03-29,USDCAD,106505.5
2018-03-30,USDCAD,48486.3
2018-04-01,USDCAD,3263.6
2018-04-02,USDCAD,87872.4
2018-04-03,USDCAD,119268.9
2018-04-04,USDCAD,134876.2
2018-04-05,USDCAD,123292.5
2018-04-06,USDCAD,121192.0
2018-04-08,USDCAD,5552.6
2018-04-09,USDCAD,102803.6
2018-04-10,USDCAD,113918.5
2018-04-11,USDCAD,99000.4
2018-04-12,USDCAD,102030.8
2018-04-13,USDCAD,82786.6
2018-04-15,USDCAD,4744.0
2018-04-16,USDCAD,74022.5
2018-04-17,USDCAD,79153.0
2018-04-18,USDCAD,100906.6
2018-04-19,USDCAD,103467.3
2018-04-20,USDCAD,94489.8
2018-04-22,USDCAD,3543.7
2018-04-23,USDCAD,92317.0
2018-04-24,USDCAD,92351.1
2018-04-25,USDCAD,96332.1
2018-04-26,USDCAD,112255.4
2018-04-27,USDCAD,88193.0
2018-04-29,USDCAD,4880.3
2018-04-30,USDCAD,87347.5
2018-05-01,USDCAD,119972.0
2018-05-02,USDCAD,146493.3
2018-05-03,USDCAD,129629.3
2018-05-04,USDCAD,101076.2
2018-05-06,USDCAD,2828.8
2018-05-07,USDCAD,89016.9
2018-05-08,USDCAD,133483.3
2018-05-09,USDCAD,108526.0
2018-05-10,USDCAD,124575.0
2018-05-11,USDCAD,90175.9
2018-05-13,USDCAD,3095.1
2018-05-14,USDCAD,79220.7
2018-05-15,USDCAD,104667.6
2018-05-16,USDCAD,105244.9
2018-05-17,USDCAD,99194.9
2018-05-18,USDCAD,89120.9
2018-05-20,USDCAD,4695.6
2018-05-21,USDCAD,79507.0
2018-05-22,USDCAD,84533.3
2018-05-23,USDCAD,123448.0
2018-05-24,USDCAD,112284.3
2018-05-25,USDCAD,102603.1
2018-05-27,USDCAD,4408.1
2018-05-28,USDCAD,84708.3
2018-05-29,USDCAD,134058.4
2018-05-30,USDCAD,140951.7
2018-05-31,USDCAD,133969.5
2018-06-01,USDCAD,120191.0
2018-06-03,USDCAD,3124.4
2018-06-04,USDCAD,99115.7
2018-06-05,USDCAD,118059.4
2018-06-06,USDCAD,116557.8
2018-06-07,USDCAD,108317.3
2018-06-08,USDCAD,106751.4
2018-06-10,USDCAD,3628.1
2018-06-11,USDCAD,77743.9
2018-06-12,USDCAD,108983.5
2018-06-13,USDCAD,117783.5
2018-06-14,USDCAD,142772.8
2018-06-15,USDCAD,121402.1
2018-06-17,USDCAD,4261.6
2018-06-18,USDCAD,107775.8
2018-06-19,USDCAD,156775.9
2018-06-20,USDCAD,119247.3
2018-06-21,USDCAD,133029.7
2018-06-22,USDCAD,115508.8
2018-06-24,USDCAD,4420.5
2018-06-25,USDCAD,126506.9
2018-06-26,USDCAD,131702.7
2018-06-27,USDCAD,144747.2
2018-06-28,USDCAD,127744.1
2018-06-29,USDCAD,128791.9
2018-07-01,USDCAD,7350.7
2018-07-02,USDCAD,101343.5
2018-07-03,USDCAD,112992.6
2018-07-04,USDCAD,97310.8
2018-07-05,USDCAD,113761.0
2018-07-06,USDCAD,97267.3
2018-07-08,USDCAD,3937.5
2018-07-09,USDCAD,90709.5
2018-07-10,USDCAD,95568.2
2018-07-11,USDCAD,139578.0
2018-07-12,USDCAD,111916.0
2018-07-13,USDCAD,96913.3
2018-07-15,USDCAD,3253.9
2018-07-16,USDCAD,97523.3
2018-07-17,USDCAD,116626.4
2018-07-18,USDCAD,119368.9
2018-07-19,USDCAD,139204.2
2018-07-20,USDCAD,134878.0
2018-07-22,USDCAD,7863.1
2018-07-23,USDCAD,111932.3
2018-07-24,USDCAD,103715.0
2018-07-25,USDCAD,125836.7
2018-07-26,USDCAD,113648.0
2018-07-27,USDCAD,91385.5
2018-07-29,USDCAD,2454.0
2018-07-30,USDCAD,77808.6
2018-07-31,USDCAD,123558.0
2018-08-01,USDCAD,101449.2
2018-08-02,USDCAD,85047.3
2018-08-03,USDCAD,91751.2
2018-08-05,USDCAD,3500.8
2018-08-06,USDCAD,65570.9
2018-08-07,USDCAD,83459.1
2018-08-08,USDCAD,96286.1
2018-08-09,USDCAD,91636.1
2018-08-10,USDCAD,125431.5
2018-08-12,USDCAD,7075.3
2018-08-13,USDCAD,119677.0
2018-08-14,USDCAD,98659.0
2018-08-15,USDCAD,115503.5
2018-08-16,USDCAD,100482.2
2018-08-17,USDCAD,106993.5
2018-08-19,USDCAD,6006.9
2018-08-20,USDCAD,89245.0
2018-08-21,USDCAD,92256.6
2018-08-22,USDCAD,111681.0
2018-08-23,USDCAD,99504.4
2018-08-24,USDCAD,109774.8
2018-08-26,USDCAD,4244.4
2018-08-27,USDCAD,110329.1
2018-08-28,USDCAD,100662.5
2018-08-29,USDCAD,105691.0
2018-08-30,USDCAD,97976.4
2018-08-31,USDCAD,112140.7
2018-09-02,USDCAD,4345.0
2018-09-03,USDCAD,72146.9
2018-09-04,USDCAD,104835.2
2018-09-05,USDCAD,104195.8
2018-09-06,USDCAD,100600.9
2018-09-07,USDCAD,107254.9
2018-09-09,USDCAD,4237.6
2018-09-10,USDCAD,76746.2
2018-09-11,USDCAD,92095.4
2018-09-12,USDCAD,124354.0
2018-09-13,USDCAD,99755.8
2018-09-14,USDCAD,83819.1
2018-09-16,USDCAD,3099.6
2018-09-17,USDCAD,77005.9
2018-09-18,USDCAD,101927.9
2018-09-19,USDCAD,99233.0
2018-09-20,USDCAD,93613.4
2018-09-21,USDCAD,83823.4
2018-09-23,USDCAD,3596.6
2018-09-24,USDCAD,67502.5
2018-09-25,USDCAD,62193.2
2018-09-26,USDCAD,79615.3
2018-09-27,USDCAD,83466.4
2018-09-28,USDCAD,83446.7
2018-09-30,USDCAD,7703.4
2018-10-01,USDCAD,91595.2
2018-10-02,USDCAD,80584.5
2018-10-03,USDCAD,85345.0
2018-10-04,USDCAD,81721.7
2018-10-05,USDCAD,80906.5
2018-10-07,USDCAD,6397.4
2018-10-08,USDCAD,74720.9
2018-10-09,USDCAD,83646.0
2018-10-10,USDCAD,101238.2
2018-10-11,USDCAD,132922.1
2018-10-12,USDCAD,92546.5
2018-10-14,USDCAD,7218.5
2018-10-15,USDCAD,104194.2
2018-10-16,USDCAD,88952.5
2018-10-17,USDCAD,112336.2
2018-10-18,USDCAD,111002.0
2018-10-19,USDCAD,103235.8
2018-10-21,USDCAD,5071.0
2018-10-22,USDCAD,105885.9
2018-10-23,USDCAD,101635.5
2018-10-24,USDCAD,137812.3
2018-10-25,USDCAD,122977.7
2018-10-26,USDCAD,128553.1
2018-10-28,USDCAD,2914.7
2018-10-29,USDCAD,98110.6
2018-10-30,USDCAD,85496.4
2018-10-31,USDCAD,83196.8
2018-11-01,USDCAD,87703.7
2018-11-02,USDCAD,92232.4
2018-11-04,USDCAD,6500.3
2018-11-05,USDCAD,86788.4
2018-11-06,USDCAD,87793.0
2018-11-07,USDCAD,120503.6
2018-11-08,USDCAD,109191.6
2018-11-09,USDCAD,102390.9
2018-11-11,USDCAD,4337.4
2018-11-12,USDCAD,88311.4
2018-11-13,USDCAD,106553.7
2018-11-14,USDCAD,118876.5
2018-11-15,USDCAD,114496.9
2018-11-16,USDCAD,103074.8
2018-11-18,USDCAD,3507.2
2018-11-19,USDCAD,96988.8
2018-11-20,USDCAD,119697.7
2018-11-21,USDCAD,83093.0
2018-11-22,USDCAD,71420.6
2018-11-23,USDCAD,99148.8
2018-11-25,USDCAD,5691.3
2018-11-26,USDCAD,87253.7
2018-11-27,USDCAD,93472.6
2018-11-28,USDCAD,98678.4
2018-11-29,USDCAD,102265.7
2018-11-30,USDCAD,101049.6
2018-12-02,USDCAD,5053.6
2018-12-03,USDCAD,124403.8
2018-12-04,USDCAD,116461.5
2018-12-05,USDCAD,93089.4
2018-12-06,USDCAD,121283.0
2018-12-07,USDCAD,108864.4
2018-12-09,USDCAD,3767.6
2018-12-10,USDCAD,104220.4
2018-12-11,USDCAD,104153.5
2018-12-12,USDCAD,102025.6
2018-12-13,USDCAD,113641.9
2018-12-14,USDCAD,98595.8
2018-12-16,USDCAD,10046.4
2018-12-17,USDCAD,94414.3
2018-12-18,USDCAD,117422.5
2018-12-19,USDCAD,156084.7
2018-12-20,USDCAD,186822.5
2018-12-21,USDCAD,207477.8
2018-12-23,USDCAD,4187.1
2018-12-24,USDCAD,141964.5
2018-12-25,USDCAD,6757.9
2018-12-26,USDCAD,122020.4
2018-12-27,USDCAD,180684.2
2018-12-28,USDCAD,171675.7
2018-12-30,USDCAD,2892.4
2018-12-31,USDCAD,120481.5
2019-01-01,USDCAD,5512.4
2019-01-02,USDCAD,171440.9
2019-01-03,USDCAD,207497.7
2019-01-04,USDCAD,156309.3
2019-01-06,USDCAD,4358.7
2019-01-07,USDCAD,132170.0
2019-01-08,USDCAD,125953.5
2019-01-09,USDCAD,146669.5
2019-01-10,USDCAD,175027.8
2019-01-11,USDCAD,110054.0
2019-01-13,USDCAD,5512.1
2019-01-14,USDCAD,91561.7
2019-01-15,USDCAD,129446.6
2019-01-16,USDCAD,110785.4
2019-01-17,USDCAD,114111.4
2019-01-18,USDCAD,105546.5
2019-01-20,USDCAD,6262.8
2019-01-21,USDCAD,94437.9
2019-01-22,USDCAD,110802.6
2019-01-23,USDCAD,106405.4
2019-01-24,USDCAD,127159.3
2019-01-25,USDCAD,109593.1
2019-01-27,USDCAD,2013.2
2019-01-28,USDCAD,95697.6
2019-01-29,USDCAD,117851.3
2019-01-30,USDCAD,143152.4
2019-01-31,USDCAD,123463.0
2019-02-01,USDCAD,116562.0
2019-02-03,USDCAD,3143.7
2019-02-04,USDCAD,98156.1
2019-02-05,USDCAD,93742.8
2019-02-06,USDCAD,99057.2
2019-02-07,USDCAD,100819.7
2019-02-08,USDCAD,104121.2
2019-02-10,USDCAD,3946.0
2019-02-11,USDCAD,98899.0
2019-02-12,USDCAD,94125.0
2019-02-13,USDCAD,94179.8
2019-02-14,USDCAD,116374.2
2019-02-15,USDCAD,103350.1
2019-02-17,USDCAD,4575.3
2019-02-18,USDCAD,84374.2
2019-02-19,USDCAD,105047.2
2019-02-20,USDCAD,108059.8
2019-02-21,USDCAD,138863.8
2019-02-22,USDCAD,115736.2
2019-02-24,USDCAD,5236.5
2019-02-25,USDCAD,117726.1
2019-02-26,USDCAD,108491.2
2019-02-27,USDCAD,258882.7
2019-02-28,USDCAD,131504.4
2019-03-01,USDCAD,137518.2
2019-03-03,USDCAD,4635.3
2019-03-04,USDCAD,118266.7
2019-03-05,USDCAD,111077.7
2019-03-06,USDCAD,110566.2
2019-03-07,USDCAD,125350.5
2019-03-08,USDCAD,348669.0
2019-03-10,USDCAD,646.4
2019-03-11,USDCAD,98398.4
2019-03-12,USDCAD,109095.0
2019-03-13,USDCAD,109545.4
2019-03-14,USDCAD,118416.0
2019-03-15,USDCAD,93565.4
2019-03-17,USDCAD,4618.4
2019-03-18,USDCAD,90543.6
2019-03-19,USDCAD,116983.8
2019-03-20,USDCAD,123702.1
2019-03-21,USDCAD,142571.2
2019-03-22,USDCAD,154129.3
2019-03-24,USDCAD,3607.6
2019-03-25,USDCAD,133887.4
2019-03-26,USDCAD,119895.6
2019-03-27,USDCAD,148313.2
2019-03-28,USDCAD,141658.8
2019-03-29,USDCAD,117161.2
2019-03-31,USDCAD,4167.5
2019-04-01,USDCAD,115631.5
2019-04-02,USDCAD,119878.4
2019-04-03,USDCAD,113639.3
2019-04-04,USDCAD,113654.6
2019-04-05,USDCAD,104994.2
2019-04-07,USDCAD,5671.2
2019-04-08,USDCAD,115743.6
2019-04-09,USDCAD,117039.4
2019-04-10,USDCAD,117133.2
2019-04-11,USDCAD,111736.6
2019-04-12,USDCAD,121742.7
2019-04-14,USDCAD,3585.1
2019-04-15,USDCAD,108110.5
2019-04-16,USDCAD,110239.9
2019-04-17,USDCAD,129513.0
2019-04-18,USDCAD,130353.9
2019-04-19,USDCAD,76091.6
2019-04-21,USDCAD,5326.8
2019-04-22,USDCAD,90542.3
2019-04-23,USDCAD,107990.3
2019-04-24,USDCAD,159371.9
2019-04-25,USDCAD,117028.5
2019-04-26,USDCAD,125801.4
2019-04-28,USDCAD,3814.8
2019-04-29,USDCAD,91964.4
2019-04-30,USDCAD,130184.0
2019-05-01,USDCAD,98853.6
2019-05-02,USDCAD,120432.7
2019-05-03,USDCAD,111139.1
2019-05-05,USDCAD,10338.1
2019-05-06,USDCAD,108648.7
2019-05-07,USDCAD,118631.4
2019-05-08,USDCAD,139541.8
2019-05-09,USDCAD,155812.2
2019-05-10,USDCAD,157823.8
2019-05-12,USDCAD,8398.9
2019-05-13,USDCAD,131632.3
2019-05-14,USDCAD,123535.1
2019-05-15,USDCAD,110960.9
2019-05-16,USDCAD,108557.9
2019-05-17,USDCAD,134697.5
2019-05-19,USDCAD,5691.0
2019-05-20,USDCAD,111101.4
2019-05-21,USDCAD,124063.3
2019-05-22,USDCAD,119735.2
2019-05-23,USDCAD,150819.4
2019-05-24,USDCAD,128529.4
2019-05-26,USDCAD,3206.2
2019-05-27,USDCAD,76327.8
2019-05-28,USDCAD,110151.5
2019-05-29,USDCAD,152442.1
2019-05-30,USDCAD,116077.2
2019-05-31,USDCAD,148610.8
2019-06-02,USDCAD,3926.5
2019-06-03,USDCAD,150381.1
2019-06-04,USDCAD,129198.8
2019-06-05,USDCAD,140967.8
2019-06-06,USDCAD,150750.2
2019-06-07,USDCAD,126517.6
2019-06-09,USDCAD,6534.6
2019-06-10,USDCAD,108224.5
2019-06-11,USDCAD,113169.6
2019-06-12,USDCAD,114806.3
2019-06-13,USDCAD,119454.6
2019-06-14,USDCAD,118156.0
2019-06-16,USDCAD,5464.7
2019-06-17,USDCAD,91486.6
2019-06-18,USDCAD,118258.2
2019-06-19,USDCAD,139623.0
2019-06-20,USDCAD,168112.2
2019-06-21,USDCAD,139272.0
2019-06-23,USDCAD,3876.1
2019-06-24,USDCAD,98559.0
2019-06-25,USDCAD,138197.4
2019-06-26,USDCAD,115142.5
2019-06-27,USDCAD,107044.2
2019-06-28,USDCAD,118607.2
2019-06-30,USDCAD,7269.0
2019-07-01,USDCAD,95290.7
2019-07-02,USDCAD,92080.1
2019-07-03,USDCAD,100041.1
2019-07-04,USDCAD,61966.4
2019-07-05,USDCAD,84635.1
2019-07-07,USDCAD,3715.9
2019-07-08,USDCAD,75270.4
2019-07-09,USDCAD,90392.7
2019-07-10,USDCAD,116540.1
2019-07-11,USDCAD,107489.1
2019-07-12,USDCAD,93411.6
2019-07-14,USDCAD,9699.7
2019-07-15,USDCAD,82454.7
2019-07-16,USDCAD,101506.5
2019-07-17,USDCAD,91137.7
2019-07-18,USDCAD,115103.7
2019-07-19,USDCAD,125027.0
2019-07-21,USDCAD,6385.9
2019-07-22,USDCAD,104780.4
2019-07-23,USDCAD,102011.1
2019-07-24,USDCAD,97297.7
2019-07-25,USDCAD,172869.8
2019-07-26,USDCAD,142372.9
2019-07-28,USDCAD,4053.5
2019-07-29,USDCAD,113481.0
2019-07-30,USDCAD,125260.6
2019-07-31,USDCAD,187585.4
2019-08-01,USDCAD,227086.3
2019-08-02,USDCAD,266786.1
2019-08-04,USDCAD,9738.0
2019-08-05,USDCAD,233852.4
2019-08-06,USDCAD,199862.8
2019-08-07,USDCAD,226229.3
2019-08-08,USDCAD,159556.7
2019-08-09,USDCAD,130487.2
2019-08-11,USDCAD,4804.0
2019-08-12,USDCAD,141436.9
2019-08-13,USDCAD,165195.2
2019-08-14,USDCAD,192590.9
2019-08-15,USDCAD,196905.3
2019-08-16,USDCAD,123228.0
2019-08-18,USDCAD,7801.6
2019-08-19,USDCAD,97326.7
2019-08-20,USDCAD,108048.2
2019-08-21,USDCAD,91847.6
2019-08-22,USDCAD,112067.2
2019-08-23,USDCAD,127108.1
2019-08-25,USDCAD,14308.8
2019-08-26,USDCAD,168462.3
2019-08-27,USDCAD,124394.8
2019-08-28,USDCAD,116714.0
2019-08-29,USDCAD,128349.0
2019-08-30,USDCAD,118385.9
2019-09-01,USDCAD,10324.9
2019-09-02,USDCAD,84699.8
2019-09-03,USDCAD,126856.1
2019-09-04,USDCAD,108528.8
2019-09-05,USDCAD,112616.2
2019-09-06,USDCAD,111196.8
2019-09-08,USDCAD,6503.4
2019-09-09,USDCAD,88801.7
2019-09-10,USDCAD,95680.0
2019-09-11,USDCAD,90421.9
2019-09-12,USDCAD,121003.2
2019-09-13,USDCAD,94133.3
2019-09-15,USDCAD,12381.3
2019-09-16,USDCAD,128616.1
2019-09-17,USDCAD,123623.6
2019-09-18,USDCAD,127456.0
2019-09-19,USDCAD,110296.6
2019-09-20,USDCAD,99015.6
2019-09-22,USDCAD,3044.4
2019-09-23,USDCAD,92220.5
2019-09-24,USDCAD,95782.8
2019-09-25,USDCAD,113302.0
2019-09-26,USDCAD,117954.4
2019-09-27,USDCAD,109980.8
2019-09-29,USDCAD,5612.1
2019-09-30,USDCAD,105388.9
2019-10-01,USDCAD,131772.2
2019-10-02,USDCAD,142875.2
2019-10-03,USDCAD,150309.4
2019-10-04,USDCAD,142061.7
2019-10-06,USDCAD,8318.5
2019-10-07,USDCAD,115375.2
2019-10-08,USDCAD,155212.0
2019-10-09,USDCAD,156717.4
2019-10-10,USDCAD,164133.3
2019-10-11,USDCAD,161577.6
2019-10-13,USDCAD,4070.6
2019-10-14,USDCAD,99327.5
2019-10-15,USDCAD,124028.1
2019-10-16,USDCAD,126350.5
2019-10-17,USDCAD,115403.6
2019-10-18,USDCAD,85371.5
2019-10-20,USDCAD,7063.5
2019-10-21,USDCAD,95184.6
2019-10-22,USDCAD,113036.3
2019-10-23,USDCAD,89143.6
2019-10-24,USDCAD,99673.0
2019-10-25,USDCAD,81789.1
2019-10-27,USDCAD,2658.3
2019-10-28,USDCAD,81191.5
2019-10-29,USDCAD,83993.3
2019-10-30,USDCAD,113704.4
2019-10-31,USDCAD,106421.4
2019-11-01,USDCAD,97528.6
2019-11-03,USDCAD,3265.8
2019-11-04,USDCAD,87261.5
2019-11-05,USDCAD,108468.0
2019-11-06,USDCAD,82082.9
2019-11-07,USDCAD,95131.5
2019-11-08,USDCAD,79961.3
2019-11-10,USDCAD,2655.7
2019-11-11,USDCAD,64075.9
2019-11-12,USDCAD,92297.5
2019-11-13,USDCAD,91248.9
2019-11-14,USDCAD,86803.6
2019-11-15,USDCAD,73062.0
2019-11-17,USDCAD,2879.5
2019-11-18,USDCAD,71083.7
2019-11-19,USDCAD,81637.5
2019-11-20,USDCAD,89865.1
2019-11-21,USDCAD,101555.4
2019-11-22,USDCAD,94974.8
2019-11-24,USDCAD,2843.3
2019-11-25,USDCAD,71264.9
2019-11-26,USDCAD,77491.4
2019-11-27,USDCAD,76887.7
2019-11-28,USDCAD,51390.8
2019-11-29,USDCAD,69225.2
2019-12-01,USDCAD,3546.5
2019-12-02,USDCAD,71750.9
2019-12-03,USDCAD,75848.2
2019-12-04,USDCAD,84606.4
2019-12-05,USDCAD,74326.1
2019-12-06,USDCAD,66771.9
2019-12-08,USDCAD,4831.3
2019-12-09,USDCAD,59790.3
2019-12-10,USDCAD,74011.6
2019-12-11,USDCAD,85002.7
2019-12-12,USDCAD,100467.1
2019-12-13,USDCAD,116539.9
2019-12-15,USDCAD,6633.0
2019-12-16,USDCAD,83084.2
2019-12-17,USDCAD,84365.0
2019-12-18,USDCAD,80431.9
2019-12-19,USDCAD,76554.9
2019-12-20,USDCAD,70731.1
2019-12-22,USDCAD,4580.1
2019-12-23,USDCAD,61339.7
2019-12-24,USDCAD,53903.6
2019-12-25,USDCAD,4307.0
2019-12-26,USDCAD,36026.2
2019-12-27,USDCAD,70094.4
2019-12-29,USDCAD,4676.4
2019-12-30,USDCAD,92993.0
2019-12-31,USDCAD,79491.8
2020-01-01,USDCAD,3984.3
2020-01-02,USDCAD,128122.0
2020-01-03,USDCAD,104812.6
2020-01-05,USDCAD,3763.6
2020-01-06,USDCAD,93743.6
2020-01-07,USDCAD,95034.9
2020-01-08,USDCAD,123561.3
2020-01-09,USDCAD,104710.4
2020-01-10,USDCAD,90130.9
2020-01-12,USDCAD,3067.9
2020-01-13,USDCAD,88907.2
2020-01-14,USDCAD,82475.3
2020-01-15,USDCAD,88237.2
2020-01-16,USDCAD,85454.1
2020-01-17,USDCAD,77085.6
2020-01-19,USDCAD,6583.8
2020-01-20,USDCAD,56772.0
2020-01-21,USDCAD,88189.7
2020-01-22,USDCAD,98052.7
2020-01-23,USDCAD,104949.4
2020-01-24,USDCAD,84483.2
2020-01-26,USDCAD,6146.1
2020-01-27,USDCAD,103881.3
2020-01-28,USDCAD,83701.1
2020-01-29,USDCAD,77262.7
2020-01-30,USDCAD,95085.1
2020-01-31,USDCAD,106768.2
2020-02-02,USDCAD,3902.4
2020-02-03,USDCAD,104521.3
2020-02-04,USDCAD,95166.4
2020-02-05,USDCAD,91425.4
2020-02-06,USDCAD,91909.0
2020-02-07,USDCAD,122167.4
2020-02-09,USDCAD,4790.6
2020-02-10,USDCAD,97014.6
2020-02-11,USDCAD,71036.3
2020-02-12,USDCAD,597577.2
2020-02-13,USDCAD,866813.6
2020-02-14,USDCAD,403246.5
2020-02-16,USDCAD,2997.5
2020-02-17,USDCAD,47861.2
2020-02-18,USDCAD,76432.4
2020-02-19,USDCAD,71956.0
2020-02-20,USDCAD,71595.9
2020-02-21,USDCAD,87915.0
2020-02-23,USDCAD,8813.3
2020-02-24,USDCAD,110100.5
2020-02-25,USDCAD,117744.2
2020-02-26,USDCAD,131972.6
2020-02-27,USDCAD,140006.3
2020-02-28,USDCAD,188667.0
2020-03-01,USDCAD,6182.8
2020-03-02,USDCAD,169044.1
2020-03-03,USDCAD,169290.7
2020-03-04,USDCAD,120820.1
2020-03-05,USDCAD,118682.6
2020-03-06,USDCAD,154367.8
2020-03-08,USDCAD,21688.9
2020-03-09,USDCAD,247939.8
2020-03-10,USDCAD,204724.4
2020-03-11,USDCAD,176119.3
2020-03-12,USDCAD,230803.7
2020-03-13,USDCAD,268496.9
2020-03-15,USDCAD,40109.3
2020-03-16,USDCAD,310364.6
2020-03-17,USDCAD,254003.3
2020-03-18,USDCAD,286471.9
2020-03-19,USDCAD,330606.2
2020-03-20,USDCAD,324806.1
2020-03-22,USDCAD,12763.8
2020-03-23,USDCAD,412268.0
2020-03-24,USDCAD,270716.2
2020-03-25,USDCAD,268616.9
2020-03-26,USDCAD,220752.3
2020-03-27,USDCAD,233405.8
2020-03-29,USDCAD,10858.1
2020-03-30,USDCAD,213519.5
2020-03-31,USDCAD,263504.4
2020-04-01,USDCAD,236762.4
2020-04-02,USDCAD,251469.3
2020-04-03,USDCAD,212415.9
2020-04-05,USDCAD,11639.8
2020-04-06,USDCAD,208423.5
2020-04-07,USDCAD,230264.1
2020-04-08,USDCAD,181793.5
2020-04-09,USDCAD,211782.4
2020-04-10,USDCAD,60230.9
2020-04-12,USDCAD,8049.4
2020-04-13,USDCAD,129599.7
2020-04-14,USDCAD,126383.1
2020-04-15,USDCAD,171624.6
2020-04-16,USDCAD,189477.5
2020-04-17,USDCAD,171046.4
2020-04-19,USDCAD,7122.4
2020-04-20,USDCAD,163822.4
2020-04-21,USDCAD,276585.8
2020-04-22,USDCAD,182215.4
2020-04-23,USDCAD,175129.8
2020-04-24,USDCAD,144201.4
2020-04-26,USDCAD,5336.9
2020-04-27,USDCAD,127908.4
2020-04-28,USDCAD,124384.3
2020-04-29,USDCAD,110198.0
2020-04-30,USDCAD,125108.7
2020-05-01,USDCAD,105155.7
2020-05-03,USDCAD,7210.8
2020-05-04,USDCAD,106835.1
2020-05-05,USDCAD,109775.9
2020-05-06,USDCAD,261467.1
2020-05-07,USDCAD,116477.7
2020-05-08,USDCAD,81635.1
2020-05-10,USDCAD,5673.3
2020-05-11,USDCAD,96284.0
2020-05-12,USDCAD,108404.4
2020-05-13,USDCAD,137475.0
2020-05-14,USDCAD,136597.6
2020-05-15,USDCAD,110126.6
2020-05-17,USDCAD,5977.1
2020-05-18,USDCAD,90699.4
2020-05-19,USDCAD,106570.8
2020-05-20,USDCAD,97976.2
2020-05-21,USDCAD,98186.0
2020-05-22,USDCAD,101575.7
2020-05-24,USDCAD,5164.4
2020-05-25,USDCAD,92558.8
2020-05-26,USDCAD,107231.9
2020-05-27,USDCAD,138145.0
2020-05-28,USDCAD,141072.5
2020-05-29,USDCAD,144522.4
2020-05-31,USDCAD,8736.8
2020-06-01,USDCAD,133621.1
2020-06-02,USDCAD,133577.2
2020-06-03,USDCAD,141348.3
2020-06-04,USDCAD,135554.6
2020-06-05,USDCAD,140998.9
2020-06-07,USDCAD,7122.4
2020-06-08,USDCAD,117114.0
2020-06-09,USDCAD,128360.7
2020-06-10,USDCAD,174919.6
2020-06-11,USDCAD,234004.9
2020-06-12,USDCAD,255416.5
2020-06-14,USDCAD,14517.8
2020-06-15,USDCAD,238348.6
2020-06-16,USDCAD,231130.3
2020-06-17,USDCAD,182479.6
2020-06-18,USDCAD,177606.4
2020-06-19,USDCAD,155109.9
2020-06-21,USDCAD,10472.5
2020-06-22,USDCAD,134200.6
2020-06-23,USDCAD,161373.6
2020-06-24,USDCAD,170313.4
2020-06-25,USDCAD,157263.1
2020-06-26,USDCAD,118634.6
2020-06-28,USDCAD,6345.1
2020-06-29,USDCAD,136613.0
2020-06-30,USDCAD,135200.5
2020-07-01,USDCAD,99019.9
2020-07-02,USDCAD,109031.9
2020-07-03,USDCAD,87703.2
2020-07-05,USDCAD,3957.8
2020-07-06,USDCAD,91502.9
2020-07-07,USDCAD,101015.2
2020-07-08,USDCAD,126208.0
2020-07-09,USDCAD,118748.6
2020-07-10,USDCAD,102474.5
2020-07-12,USDCAD,7115.3
2020-07-13,USDCAD,116649.0
2020-07-14,USDCAD,150310.1
2020-07-15,USDCAD,118514.2
2020-07-16,USDCAD,112327.0
2020-07-17,USDCAD,96115.8
2020-07-19,USDCAD,5665.8
2020-07-20,USDCAD,82728.0
2020-07-21,USDCAD,92521.2
2020-07-22,USDCAD,107548.2
2020-07-23,USDCAD,120200.2
2020-07-24,USDCAD,119073.2
2020-07-26,USDCAD,7979.1
2020-07-27,USDCAD,112610.0
2020-07-28,USDCAD,97796.3
2020-07-29,USDCAD,103540.6
2020-07-30,USDCAD,152818.5
2020-07-31,USDCAD,129860.4
2020-08-02,USDCAD,8887.2
2020-08-03,USDCAD,100134.6
2020-08-04,USDCAD,113247.3
2020-08-05,USDCAD,103209.5
2020-08-06,USDCAD,135227.7
2020-08-07,USDCAD,153682.0
2020-08-09,USDCAD,5611.4
2020-08-10,USDCAD,89667.1
2020-08-11,USDCAD,151249.1
2020-08-12,USDCAD,160586.6
2020-08-13,USDCAD,130437.2
2020-08-14,USDCAD,107034.0
2020-08-16,USDCAD,4924.0
2020-08-17,USDCAD,88617.4
2020-08-18,USDCAD,109686.7
2020-08-19,USDCAD,129551.5
2020-08-20,USDCAD,132233.6
2020-08-21,USDCAD,129498.0
2020-08-23,USDCAD,3953.0
2020-08-24,USDCAD,120017.1
2020-08-25,USDCAD,110083.0
2020-08-26,USDCAD,120601.7
2020-08-27,USDCAD,333825.3
2020-08-28,USDCAD,299195.0
2020-08-30,USDCAD,3593.2
2020-08-31,USDCAD,299734.2
2020-09-01,USDCAD,122194.4
2020-09-02,USDCAD,103948.8
2020-09-03,USDCAD,148968.8
2020-09-04,USDCAD,141066.7
2020-09-06,USDCAD,6258.5
2020-09-07,USDCAD,71535.7
2020-09-08,USDCAD,149726.6
2020-09-09,USDCAD,105793.7
2020-09-10,USDCAD,140244.9
2020-09-11,USDCAD,93580.5
2020-09-13,USDCAD,4110.1
2020-09-14,USDCAD,70170.0
2020-09-15,USDCAD,78993.9
2020-09-16,USDCAD,131345.4
2020-09-17,USDCAD,130978.2
2020-09-18,USDCAD,110813.5
2020-09-20,USDCAD,5940.4
2020-09-21,USDCAD,139087.8
2020-09-22,USDCAD,137691.5
2020-09-23,USDCAD,132096.6
2020-09-24,USDCAD,154841.3
2020-09-25,USDCAD,125888.4
2020-09-27,USDCAD,6040.2
2020-09-28,USDCAD,119077.4
2020-09-29,USDCAD,97434.3
2020-09-30,USDCAD,143066.0
2020-10-01,USDCAD,115936.4
2020-10-02,USDCAD,144254.6
2020-10-04,USDCAD,5939.4
2020-10-05,USDCAD,78455.6
2020-10-06,USDCAD,110155.5
2020-10-07,USDCAD,87980.9
2020-10-08,USDCAD,78339.0
2020-10-09,USDCAD,67238.2
2020-10-11,USDCAD,4622.2
2020-10-12,USDCAD,54430.8
2020-10-13,USDCAD,80918.9
2020-10-14,USDCAD,90140.9
2020-10-15,USDCAD,104369.3
2020-10-16,USDCAD,83312.7
2020-10-18,USDCAD,5195.6
2020-10-19,USDCAD,73761.8
2020-10-20,USDCAD,70969.5
2020-10-21,USDCAD,76118.7
2020-10-22,USDCAD,72430.5
2020-10-23,USDCAD,67048.6
2020-10-25,USDCAD,5027.6
2020-10-26,USDCAD,76611.8
2020-10-27,USDCAD,73575.1
2020-10-28,USDCAD,114457.7
2020-10-29,USDCAD,118586.5
2020-10-30,USDCAD,119598.6
2020-11-01,USDCAD,5385.7
2020-11-02,USDCAD,98815.3
2020-11-03,USDCAD,82781.3
2020-11-04,USDCAD,220165.6
2020-11-05,USDCAD,149580.5
2020-11-06,USDCAD,111594.2
2020-11-08,USDCAD,4172.6
2020-11-09,USDCAD,157390.3
2020-11-10,USDCAD,127407.2
2020-11-11,USDCAD,81967.5
2020-11-12,USDCAD,80879.3
2020-11-13,USDCAD,63210.1
2020-11-15,USDCAD,3631.8
2020-11-16,USDCAD,75714.6
2020-11-17,USDCAD,68719.2
2020-11-18,USDCAD,72283.6
2020-11-19,USDCAD,78897.9
2020-11-20,USDCAD,72403.9
2020-11-22,USDCAD,3500.4
2020-11-23,USDCAD,71414.7
2020-11-24,USDCAD,87592.7
2020-11-25,USDCAD,78894.3
2020-11-26,USDCAD,64025.8
2020-11-27,USDCAD,64834.9
2020-11-29,USDCAD,1849.4
2020-11-30,USDCAD,94415.9
2020-12-01,USDCAD,85248.4
2020-12-02,USDCAD,86147.2
2020-12-03,USDCAD,80333.1
2020-12-04,USDCAD,78208.2
2020-12-06,USDCAD,3881.0
2020-12-07,USDCAD,73454.8
2020-12-08,USDCAD,71491.5
2020-12-09,USDCAD,73517.6
2020-12-10,USDCAD,86221.2
2020-12-11,USDCAD,74376.2
2020-12-13,USDCAD,2352.8
2020-12-14,USDCAD,68833.2
2020-12-15,USDCAD,69779.6
2020-12-16,USDCAD,76994.5
2020-12-17,USDCAD,63073.8
2020-12-18,USDCAD,67715.9
2020-12-20,USDCAD,2544.7
2020-12-21,USDCAD,132793.6
2020-12-22,USDCAD,91102.3
2020-12-23,USDCAD,86399.4
2020-12-24,USDCAD,92715.0
2020-12-25,USDCAD,1002.2
2020-12-27,USDCAD,3403.9
2020-12-28,USDCAD,64254.3
2020-12-29,USDCAD,63669.9
2020-12-30,USDCAD,63884.9
2020-12-31,USDCAD,62815.3
2021-01-03,USDCAD,3351.3
2021-01-04,USDCAD,106819.9
2021-01-05,USDCAD,104188.7
2021-01-06,USDCAD,170530.5
2021-01-07,USDCAD,98692.0
2021-01-08,USDCAD,117789.6
2021-01-10,USDCAD,4056.8
2021-01-11,USDCAD,97832.4
2021-01-12,USDCAD,86668.4
2021-01-13,USDCAD,79459.8
2021-01-14,USDCAD,74401.9
2021-01-15,USDCAD,91147.7
2021-01-17,USDCAD,4400.9
2021-01-18,USDCAD,87689.7
2021-01-19,USDCAD,66108.3
2021-01-20,USDCAD,78751.4
2021-01-21,USDCAD,73273.0
2021-01-22,USDCAD,74211.5
2021-01-24,USDCAD,3311.8
2021-01-25,USDCAD,82673.6
2021-01-26,USDCAD,70022.6
2021-01-27,USDCAD,137300.5
2021-01-28,USDCAD,132522.5
2021-01-29,USDCAD,152242.3
2021-01-31,USDCAD,6803.3
2021-02-01,USDCAD,128747.3
2021-02-02,USDCAD,106624.4
2021-02-03,USDCAD,89803.5
2021-02-04,USDCAD,79723.4
2021-02-05,USDCAD,72698.8
2021-02-07,USDCAD,4593.5
2021-02-08,USDCAD,70767.2
2021-02-09,USDCAD,79965.2
2021-02-10,USDCAD,84775.6
2021-02-11,USDCAD,66941.3
2021-02-12,USDCAD,53388.7
2021-02-14,USDCAD,3174.0
2021-02-15,USDCAD,39228.0
2021-02-16,USDCAD,72939.9
2021-02-17,USDCAD,89200.8
2021-02-18,USDCAD,69989.4
2021-02-19,USDCAD,71151.3
2021-02-21,USDCAD,2874.9
2021-02-22,USDCAD,77932.5
2021-02-23,USDCAD,87524.4
2021-02-24,USDCAD,99418.7
2021-02-25,USDCAD,139386.1
2021-02-26,USDCAD,170801.5
2021-02-28,USDCAD,6547.6
2021-03-01,USDCAD,103338.0
2021-03-02,USDCAD,113595.1
2021-03-03,USDCAD,113864.9
2021-03-04,USDCAD,171094.7
2021-03-05,USDCAD,159764.0
2021-03-07,USDCAD,5412.4
2021-03-08,USDCAD,135180.5
2021-03-09,USDCAD,119637.5
2021-03-10,USDCAD,115195.6
2021-03-11,USDCAD,81332.4
2021-03-12,USDCAD,87705.7
2021-03-14,USDCAD,3575.6
2021-03-15,USDCAD,78948.2
2021-03-16,USDCAD,75926.5
2021-03-17,USDCAD,88575.3
2021-03-18,USDCAD,108369.6
2021-03-19,USDCAD,90583.6
2021-03-21,USDCAD,3446.0
2021-03-22,USDCAD,57181.2
2021-03-23,USDCAD,80524.5
2021-03-24,USDCAD,75728.0
2021-03-25,USDCAD,93959.8
2021-03-26,USDCAD,68243.3
2021-03-28,USDCAD,1678.9
2021-03-29,USDCAD,62509.6
2021-03-30,USDCAD,65367.5
2021-03-31,USDCAD,68469.7
2021-04-01,USDCAD,66886.3
2021-04-02,USDCAD,25165.4
2021-04-04,USDCAD,2885.0
2021-04-05,USDCAD,43199.7
2021-04-06,USDCAD,60733.0
2021-04-07,USDCAD,76877.2
2021-04-08,USDCAD,60325.4
2021-04-09,USDCAD,66601.2
2021-04-11,USDCAD,4408.7
2021-04-12,USDCAD,59666.0
2021-04-13,USDCAD,65227.6
2021-04-14,USDCAD,62902.1
2021-04-15,USDCAD,68358.7
2021-04-16,USDCAD,56679.3
2021-04-18,USDCAD,1577.0
2021-04-19,USDCAD,74348.6
2021-04-20,USDCAD,86251.8
2021-04-21,USDCAD,81281.6
2021-04-22,USDCAD,80740.3
2021-04-23,USDCAD,62820.9
2021-04-25,USDCAD,2278.8
2021-04-26,USDCAD,67260.0
2021-04-27,USDCAD,56467.7
2021-04-28,USDCAD,71480.5
2021-04-29,USDCAD,66506.2
2021-04-30,USDCAD,75923.8
2021-05-02,USDCAD,1225.8
2021-05-03,USDCAD,54705.9
2021-05-04,USDCAD,78138.3
2021-05-05,USDCAD,60442.4
2021-05-06,USDCAD,73942.0
2021-05-07,USDCAD,71769.8
2021-05-09,USDCAD,3580.7
2021-05-10,USDCAD,73360.0
2021-05-11,USDCAD,86994.3
2021-05-12,USDCAD,113691.0
2021-05-13,USDCAD,100189.6
2021-05-14,USDCAD,70283.6
2021-05-16,USDCAD,2453.1
2021-05-17,USDCAD,77878.8
2021-05-18,USDCAD,67342.6
2021-05-19,USDCAD,115068.3
2021-05-20,USDCAD,76135.9
2021-05-21,USDCAD,76886.6
2021-05-23,USDCAD,2460.8
2021-05-24,USDCAD,65569.7
2021-05-25,USDCAD,83162.0
2021-05-26,USDCAD,75509.6
2021-05-27,USDCAD,75071.5
2021-05-28,USDCAD,69829.7
2021-05-30,USDCAD,1527.1
2021-05-31,USDCAD,66895.5
2021-06-01,USDCAD,65249.8
2021-06-02,USDCAD,52067.6
2021-06-03,USDCAD,64693.5
2021-06-04,USDCAD,62261.3
2021-06-06,USDCAD,1018.6
2021-06-07,USDCAD,52584.6
2021-06-08,USDCAD,61926.3
2021-06-09,USDCAD,57107.7
2021-06-10,USDCAD,76115.5
2021-06-11,USDCAD,68546.7
2021-06-13,USDCAD,1532.7
2021-06-14,USDCAD,65120.8
2021-06-15,USDCAD,72284.9
2021-06-16,USDCAD,105903.1
2021-06-17,USDCAD,119575.9
2021-06-18,USDCAD,120657.9
2021-06-20,USDCAD,4490.0
2021-06-21,USDCAD,108481.4
2021-06-22,USDCAD,84335.5
2021-06-23,USDCAD,78149.2
2021-06-24,USDCAD,73010.6
2021-06-25,USDCAD,57677.8
2021-06-27,USDCAD,1464.9
2021-06-28,USDCAD,63322.1
2021-06-29,USDCAD,63947.7
2021-06-30,USDCAD,73427.2
2021-07-01,USDCAD,65210.5
2021-07-02,USDCAD,75835.8
2021-07-04,USDCAD,2921.5
2021-07-05,USDCAD,53048.6
2021-07-06,USDCAD,90980.5
2021-07-07,USDCAD,104167.4
2021-07-08,USDCAD,134787.3
2021-07-09,USDCAD,109163.1
2021-07-11,USDCAD,2417.5
2021-07-12,USDCAD,88162.9
2021-07-13,USDCAD,99276.5
2021-07-14,USDCAD,107972.8
2021-07-15,USDCAD,109000.6
2021-07-16,USDCAD,82129.8
2021-07-18,USDCAD,2882.1
2021-07-19,USDCAD,134657.7
2021-07-20,USDCAD,118760.8
2021-07-21,USDCAD,92770.6
2021-07-22,USDCAD,92610.9
2021-07-23,USDCAD,68615.1
2021-07-25,USDCAD,1957.7
2021-07-26,USDCAD,82891.6
2021-07-27,USDCAD,94570.9
2021-07-28,USDCAD,110312.4
2021-07-29,USDCAD,78640.7
2021-07-30,USDCAD,89765.6
2021-08-01,USDCAD,2877.6
2021-08-02,USDCAD,74535.4
2021-08-03,USDCAD,87079.0
2021-08-04,USDCAD,69362.6
2021-08-05,USDCAD,73167.8
2021-08-06,USDCAD,70166.1
2021-08-08,USDCAD,5542.0
2021-08-09,USDCAD,77885.4
2021-08-10,USDCAD,62755.1
2021-08-11,USDCAD,62976.1
2021-08-12,USDCAD,61993.7
2021-08-13,USDCAD,43934.7
2021-08-15,USDCAD,1438.7
2021-08-16,USDCAD,59840.9
2021-08-17,USDCAD,90228.3
2021-08-18,USDCAD,85591.8
2021-08-19,USDCAD,130430.0
2021-08-20,USDCAD,102382.5
2021-08-22,USDCAD,1965.3
2021-08-23,USDCAD,78124.2
2021-08-24,USDCAD,68408.4
2021-08-25,USDCAD,69938.2
2021-08-26,USDCAD,72327.0
2021-08-27,USDCAD,83570.2
2021-08-29,USDCAD,5211.0
2021-08-30,USDCAD,72366.8
2021-08-31,USDCAD,92898.2
2021-09-01,USDCAD,80571.5
2021-09-02,USDCAD,68460.7
2021-09-03,USDCAD,91292.4
2021-09-05,USDCAD,1673.3
2021-09-06,USDCAD,59447.8
2021-09-07,USDCAD,87381.9
2021-09-08,USDCAD,100306.5
2021-09-09,USDCAD,104211.6
2021-09-10,USDCAD,81792.9
2021-09-12,USDCAD,1943.6
2021-09-13,USDCAD,76259.9
2021-09-14,USDCAD,89469.9
2021-09-15,USDCAD,88271.9
2021-09-16,USDCAD,78929.4
2021-09-17,USDCAD,87208.9
2021-09-19,USDCAD,2578.1
2021-09-20,USDCAD,135834.9
2021-09-21,USDCAD,104677.2
2021-09-22,USDCAD,117006.2
2021-09-23,USDCAD,100424.5
2021-09-24,USDCAD,82141.1
2021-09-26,USDCAD,2196.2
2021-09-27,USDCAD,95824.2
2021-09-28,USDCAD,131862.5
2021-09-29,USDCAD,127988.6
2021-09-30,USDCAD,138893.3
2021-10-01,USDCAD,134353.2
2021-10-03,USDCAD,3175.0
2021-10-04,USDCAD,126996.8
2021-10-05,USDCAD,97563.9
2021-10-06,USDCAD,126207.1
2021-10-07,USDCAD,85716.2
2021-10-08,USDCAD,99195.1
2021-10-10,USDCAD,2934.7
2021-10-11,USDCAD,70881.6
2021-10-12,USDCAD,88819.6
2021-10-13,USDCAD,81908.0
2021-10-14,USDCAD,77941.7
2021-10-15,USDCAD,69803.2
2021-10-17,USDCAD,3661.5
2021-10-18,USDCAD,79608.2
2021-10-19,USDCAD,71705.6
2021-10-20,USDCAD,80063.8
2021-10-21,USDCAD,84351.9
2021-10-22,USDCAD,94901.2
2021-10-24,USDCAD,2827.8
2021-10-25,USDCAD,76429.2
2021-10-26,USDCAD,77319.5
2021-10-27,USDCAD,112719.9
2021-10-28,USDCAD,117668.4
2021-10-29,USDCAD,101504.2
2021-10-31,USDCAD,2136.5
2021-11-01,USDCAD,81870.4
2021-11-02,USDCAD,80583.2
2021-11-03,USDCAD,103968.4
2021-11-04,USDCAD,91756.1
2021-11-05,USDCAD,89571.0
2021-11-07,USDCAD,1457.0
2021-11-08,USDCAD,62945.9
2021-11-09,USDCAD,74010.8
2021-11-10,USDCAD,101403.3
2021-11-11,USDCAD,87523.3
2021-11-12,USDCAD,69601.3
2021-11-14,USDCAD,2467.6
2021-11-15,USDCAD,67738.2
2021-11-16,USDCAD,85505.1
2021-11-17,USDCAD,98915.6
2021-11-18,USDCAD,82007.6
2021-11-19,USDCAD,96075.3
2021-11-21,USDCAD,2959.1
2021-11-22,USDCAD,93493.5
2021-11-23,USDCAD,123792.3
2021-11-24,USDCAD,96868.7
2021-11-25,USDCAD,57604.8
2021-11-26,USDCAD,149603.3
2021-11-28,USDCAD,7086.1
2021-11-29,USDCAD,116305.4
2021-11-30,USDCAD,183510.3
2021-12-01,USDCAD,122372.5
2021-12-02,USDCAD,143679.5
2021-12-03,USDCAD,133648.8
2021-12-05,USDCAD,4227.8
2021-12-06,USDCAD,99209.0
2021-12-07,USDCAD,78824.5
2021-12-08,USDCAD,109810.7
2021-12-09,USDCAD,80278.2
2021-12-10,USDCAD,92948.1
2021-12-12,USDCAD,5169.3
2021-12-13,USDCAD,89804.8
2021-12-14,USDCAD,90178.4
2021-12-15,USDCAD,123427.2
2021-12-16,USDCAD,134683.0
2021-12-17,USDCAD,128181.6
2021-12-19,USDCAD,4491.6
2021-12-20,USDCAD,140995.0
2021-12-21,USDCAD,97575.7
2021-12-22,USDCAD,75083.6
2021-12-23,USDCAD,64211.2
2021-12-24,USDCAD,212185.6
2021-12-26,USDCAD,1855.3
2021-12-27,USDCAD,38935.7
2021-12-28,USDCAD,47704.9
2021-12-29,USDCAD,56447.3
2021-12-30,USDCAD,65682.4
2021-12-31,USDCAD,74870.3
2022-01-02,USDCAD,1981.5
2022-01-03,USDCAD,119764.7
2022-01-04,USDCAD,93800.9
2022-01-05,USDCAD,97823.9
2022-01-06,USDCAD,112629.7
2022-01-07,USDCAD,98388.8
2022-01-09,USDCAD,3620.7
2022-01-10,USDCAD,114184.4
2022-01-11,USDCAD,94902.4
2022-01-12,USDCAD,89091.3
2022-01-13,USDCAD,83335.5
2022-01-14,USDCAD,105472.2
2022-01-16,USDCAD,4577.7
2022-01-17,USDCAD,70202.7
2022-01-18,USDCAD,127086.7
2022-01-19,USDCAD,127626.3
2022-01-20,USDCAD,97748.8
2022-01-21,USDCAD,141696.3
2022-01-23,USDCAD,8365.6
2022-01-24,USDCAD,198380.3
2022-01-25,USDCAD,207732.3
2022-01-26,USDCAD,226911.8
2022-01-27,USDCAD,237062.6
2022-01-28,USDCAD,220394.7
2022-01-30,USDCAD,4828.0
2022-01-31,USDCAD,151498.5
2022-02-01,USDCAD,132283.8
2022-02-02,USDCAD,107062.5
2022-02-03,USDCAD,145713.9
2022-02-04,USDCAD,154557.9
2022-02-06,USDCAD,2519.0
2022-02-07,USDCAD,140119.8
2022-02-08,USDCAD,115174.9
2022-02-09,USDCAD,77006.2
2022-02-10,USDCAD,138401.5
2022-02-11,USDCAD,188505.6
2022-02-13,USDCAD,5025.7
2022-02-14,USDCAD,199589.2
2022-02-15,USDCAD,144924.7
2022-02-16,USDCAD,128099.2
2022-02-17,USDCAD,173072.5
2022-02-18,USDCAD,131069.8
2022-02-20,USDCAD,3770.5
2022-02-21,USDCAD,123477.2
2022-02-22,USDCAD,166150.5
2022-02-23,USDCAD,119251.8
2022-02-24,USDCAD,332873.0
2022-02-25,USDCAD,197146.7
2022-02-27,USDCAD,7177.5
2022-02-28,USDCAD,223702.5
2022-03-01,USDCAD,164121.9
2022-03-02,USDCAD,182746.0
2022-03-03,USDCAD,152737.1
2022-03-04,USDCAD,203491.6
2022-03-06,USDCAD,8419.2
2022-03-07,USDCAD,253418.3
2022-03-08,USDCAD,252661.0
2022-03-09,USDCAD,186765.5
2022-03-10,USDCAD,164462.9
2022-03-11,USDCAD,176557.1
2022-03-13,USDCAD,8340.1
2022-03-14,USDCAD,169310.2
2022-03-15,USDCAD,157952.3
2022-03-16,USDCAD,167781.5
2022-03-17,USDCAD,131255.0
2022-03-18,USDCAD,102868.8
2022-03-20,USDCAD,3262.3
2022-03-21,USDCAD,109925.0
2022-03-22,USDCAD,108052.9
2022-03-23,USDCAD,90198.8
2022-03-24,USDCAD,101243.8
2022-03-25,USDCAD,99222.7
2022-03-27,USDCAD,4671.9
2022-03-28,USDCAD,111899.4
2022-03-29,USDCAD,123696.5
2022-03-30,USDCAD,103977.2
2022-03-31,USDCAD,100355.8
2022-04-01,USDCAD,90591.4
2022-04-03,USDCAD,2231.1
2022-04-04,USDCAD,71170.7
2022-04-05,USDCAD,86782.9
2022-04-06,USDCAD,118275.8
2022-04-07,USDCAD,104342.7
2022-04-08,USDCAD,85052.3
2022-04-10,USDCAD,3353.1
2022-04-11,USDCAD,112253.5
2022-04-12,USDCAD,119434.0
2022-04-13,USDCAD,116510.4
2022-04-14,USDCAD,131884.1
2022-04-15,USDCAD,203614.6
2022-04-17,USDCAD,4224.6
2022-04-18,USDCAD,93547.2
2022-04-19,USDCAD,126929.4
2022-04-20,USDCAD,125364.7
2022-04-21,USDCAD,128010.9
2022-04-22,USDCAD,147150.2
2022-04-24,USDCAD,5362.0
2022-04-25,USDCAD,159433.7
2022-04-26,USDCAD,140499.5
2022-04-27,USDCAD,148758.3
2022-04-28,USDCAD,150519.4
2022-04-29,USDCAD,145071.1
2022-05-01,USDCAD,6030.7
2022-05-02,USDCAD,122471.4
2022-05-03,USDCAD,132683.8
2022-05-04,USDCAD,142721.0
2022-05-05,USDCAD,182515.2
2022-05-06,USDCAD,204098.3
2022-05-08,USDCAD,8213.8
2022-05-09,USDCAD,186809.2
2022-05-10,USDCAD,219585.3
2022-05-11,USDCAD,219182.8
2022-05-12,USDCAD,252170.0
2022-05-13,USDCAD,165111.9
2022-05-15,USDCAD,9739.8
2022-05-16,USDCAD,175464.0
2022-05-17,USDCAD,139181.6
2022-05-18,USDCAD,150571.0
2022-05-19,USDCAD,211887.7
2022-05-20,USDCAD,155157.4
2022-05-22,USDCAD,6712.3
2022-05-23,USDCAD,138725.2
2022-05-24,USDCAD,147360.6
2022-05-25,USDCAD,177354.6
2022-05-26,USDCAD,144352.9
2022-05-27,USDCAD,116721.2
2022-05-29,USDCAD,4955.1
2022-05-30,USDCAD,91128.9
2022-05-31,USDCAD,154839.3
2022-06-01,USDCAD,147909.3
2022-06-02,USDCAD,119999.0
2022-06-03,USDCAD,118112.6
2022-06-05,USDCAD,4531.4
2022-06-06,USDCAD,103293.9
2022-06-07,USDCAD,121033.2
2022-06-08,USDCAD,116990.7
2022-06-09,USDCAD,140966.4
2022-06-10,USDCAD,163120.2
2022-06-12,USDCAD,7353.2
2022-06-13,USDCAD,230934.6
2022-06-14,USDCAD,223325.2
2022-06-15,USDCAD,231934.5
2022-06-16,USDCAD,216957.7
2022-06-17,USDCAD,177819.5
2022-06-19,USDCAD,6850.8
2022-06-20,USDCAD,115374.0
2022-06-21,USDCAD,126181.1
2022-06-22,USDCAD,152064.1
2022-06-23,USDCAD,182227.4
2022-06-24,USDCAD,130990.4
2022-06-26,USDCAD,6892.0
2022-06-27,USDCAD,148530.7
2022-06-28,USDCAD,152556.9
2022-06-29,USDCAD,165594.6
2022-06-30,USDCAD,186061.7
2022-07-01,USDCAD,159172.0
2022-07-03,USDCAD,4860.4
2022-07-04,USDCAD,91010.0
2022-07-05,USDCAD,172855.8
2022-07-06,USDCAD,184862.7
2022-07-07,USDCAD,145030.7
2022-07-08,USDCAD,154510.5
2022-07-10,USDCAD,4830.3
2022-07-11,USDCAD,135698.4
2022-07-12,USDCAD,165713.2
2022-07-13,USDCAD,212830.7
2022-07-14,USDCAD,262121.5
2022-07-15,USDCAD,181266.1
2022-07-17,USDCAD,5684.7
2022-07-18,USDCAD,145150.7
2022-07-19,USDCAD,173035.1
2022-07-20,USDCAD,160884.0
2022-07-21,USDCAD,211914.1
2022-07-22,USDCAD,164468.0
2022-07-24,USDCAD,4988.8
2022-07-25,USDCAD,148765.4
2022-07-26,USDCAD,132530.8
2022-07-27,USDCAD,155231.9
2022-07-28,USDCAD,180665.5
2022-07-29,USDCAD,165475.0
2022-07-31,USDCAD,6956.7
2022-08-01,USDCAD,203182.3
2022-08-02,USDCAD,286228.7
2022-08-03,USDCAD,220683.3
2022-08-04,USDCAD,198317.4
2022-08-05,USDCAD,206720.6
2022-08-07,USDCAD,6697.3
2022-08-08,USDCAD,159415.6
2022-08-09,USDCAD,170672.8
2022-08-10,USDCAD,185132.5
2022-08-11,USDCAD,186260.8
2022-08-12,USDCAD,152300.7
2022-08-14,USDCAD,7213.6
2022-08-15,USDCAD,161626.8
2022-08-16,USDCAD,172048.3
2022-08-17,USDCAD,215187.2
2022-08-18,USDCAD,199629.4
2022-08-19,USDCAD,168351.4
2022-08-21,USDCAD,5001.4
2022-08-22,USDCAD,173458.6
2022-08-23,USDCAD,219578.1
2022-08-24,USDCAD,209457.2
2022-08-25,USDCAD,201361.9
2022-08-26,USDCAD,210374.2
2022-08-28,USDCAD,15990.1
2022-08-29,USDCAD,219785.9
2022-08-30,USDCAD,271875.7
2022-08-31,USDCAD,281493.0
2022-09-01,USDCAD,249590.2
2022-09-02,USDCAD,219226.8
2022-09-04,USDCAD,8834.8
2022-09-05,USDCAD,122988.5
2022-09-06,USDCAD,224958.9
2022-09-07,USDCAD,241480.2
2022-09-08,USDCAD,244247.0
2022-09-09,USDCAD,223921.7
2022-09-11,USDCAD,6690.4
2022-09-12,USDCAD,211876.8
2022-09-13,USDCAD,299642.1
2022-09-14,USDCAD,321578.7
2022-09-15,USDCAD,277603.5
2022-09-16,USDCAD,248972.2
2022-09-18,USDCAD,8221.2
2022-09-19,USDCAD,220586.6
2022-09-20,USDCAD,214307.7
2022-09-21,USDCAD,328030.1
2022-09-22,USDCAD,354682.1
2022-09-23,USDCAD,316909.4
2022-09-25,USDCAD,12675.0
2022-09-26,USDCAD,400426.0
2022-09-27,USDCAD,373320.6
2022-09-28,USDCAD,441394.4
2022-09-29,USDCAD,412100.1
2022-09-30,USDCAD,374001.8
2022-10-02,USDCAD,18317.9
2022-10-03,USDCAD,384754.9
2022-10-04,USDCAD,342951.3
2022-10-05,USDCAD,329540.2
2022-10-06,USDCAD,345431.8
2022-10-07,USDCAD,310587.8
2022-10-09,USDCAD,12737.8
2022-10-10,USDCAD,285722.6
2022-10-11,USDCAD,379885.5
2022-10-12,USDCAD,367413.3
2022-10-13,USDCAD,401124.2
2022-10-14,USDCAD,400109.7
2022-10-16,USDCAD,6975.0
2022-10-17,USDCAD,294457.0
2022-10-18,USDCAD,368535.8
2022-10-19,USDCAD,327782.1
2022-10-20,USDCAD,391656.8
2022-10-21,USDCAD,427577.6
2022-10-23,USDCAD,35504.0
2022-10-24,USDCAD,414999.6
2022-10-25,USDCAD,317684.1
2022-10-26,USDCAD,352746.1
2022-10-27,USDCAD,373883.2
2022-10-28,USDCAD,320020.2
2022-10-30,USDCAD,8314.8
2022-10-31,USDCAD,251194.9
2022-11-01,USDCAD,297197.0
2022-11-02,USDCAD,312841.8
2022-11-03,USDCAD,321894.2
2022-11-04,USDCAD,359049.9
2022-11-06,USDCAD,7658.0
2022-11-07,USDCAD,309788.1
2022-11-08,USDCAD,289960.2
2022-11-09,USDCAD,352599.0
2022-11-10,USDCAD,373904.3
2022-11-11,USDCAD,377223.4
2022-11-13,USDCAD,9808.9
2022-11-14,USDCAD,324018.1
2022-11-15,USDCAD,434523.7
2022-11-16,USDCAD,371884.4
2022-11-17,USDCAD,304601.7
2022-11-18,USDCAD,245917.8
2022-11-20,USDCAD,4023.4
2022-11-21,USDCAD,248924.8
2022-11-22,USDCAD,196446.8
2022-11-23,USDCAD,233459.3
2022-11-24,USDCAD,130435.7
2022-11-25,USDCAD,173482.1
2022-11-27,USDCAD,4567.7
2022-11-28,USDCAD,237832.2
2022-11-29,USDCAD,275181.0
2022-11-30,USDCAD,301032.9
2022-12-01,USDCAD,306134.6
2022-12-02,USDCAD,283323.6
2022-12-04,USDCAD,5336.5
2022-12-05,USDCAD,249299.7
2022-12-06,USDCAD,253350.1
2022-12-07,USDCAD,283697.1
2022-12-08,USDCAD,251412.8
2022-12-09,USDCAD,236805.9
2022-12-11,USDCAD,3411.8
2022-12-12,USDCAD,174386.4
2022-12-13,USDCAD,224701.6
2022-12-14,USDCAD,221163.9
2022-12-15,USDCAD,208256.1
2022-12-16,USDCAD,173927.5
2022-12-18,USDCAD,3352.4
2022-12-19,USDCAD,154873.5
2022-12-20,USDCAD,227569.5
2022-12-21,USDCAD,157918.4
2022-12-22,USDCAD,152820.7
2022-12-23,USDCAD,131629.1
2022-12-25,USDCAD,310.5
2022-12-26,USDCAD,102421.7
2022-12-27,USDCAD,110416.9
2022-12-28,USDCAD,132240.0
2022-12-29,USDCAD,113248.5
2022-12-30,USDCAD,156502.0
2023-01-01,USDCAD,103.0
2023-01-02,USDCAD,125927.1
2023-01-03,USDCAD,194250.9
2023-01-04,USDCAD,197208.5
2023-01-05,USDCAD,200039.0
2023-01-06,USDCAD,189064.1
2023-01-08,USDCAD,3693.8
2023-01-09,USDCAD,162982.5
2023-01-10,USDCAD,187756.4
2023-01-11,USDCAD,130535.5
2023-01-12,USDCAD,194475.5
2023-01-13,USDCAD,156252.6
2023-01-15,USDCAD,4997.6
2023-01-16,USDCAD,98050.7
2023-01-17,USDCAD,159798.7
2023-01-18,USDCAD,193874.1
2023-01-19,USDCAD,146986.1
2023-01-20,USDCAD,122856.5
2023-01-22,USDCAD,2704.8
2023-01-23,USDCAD,122158.2
2023-01-24,USDCAD,116277.7
2023-01-25,USDCAD,128619.9
2023-01-26,USDCAD,122043.6
2023-01-27,USDCAD,110723.4
2023-01-29,USDCAD,2678.2
2023-01-30,USDCAD,138172.7
2023-01-31,USDCAD,156997.6
2023-02-01,USDCAD,181770.0
2023-02-02,USDCAD,198013.4
2023-02-03,USDCAD,206368.4
2023-02-05,USDCAD,5216.8
2023-02-06,USDCAD,159935.8
2023-02-07,USDCAD,195133.6
2023-02-08,USDCAD,149374.7
2023-02-09,USDCAD,128057.1
2023-02-10,USDCAD,162886.3
2023-02-12,USDCAD,2951.4
2023-02-13,USDCAD,112344.3
2023-02-14,USDCAD,183845.9
2023-02-15,USDCAD,152271.0
2023-02-16,USDCAD,166350.7
2023-02-17,USDCAD,151523.9
2023-02-19,USDCAD,2623.3
2023-02-20,USDCAD,66007.1
2023-02-21,USDCAD,155393.5
2023-02-22,USDCAD,146653.6
2023-02-23,USDCAD,136104.0
2023-02-24,USDCAD,160007.4
2023-02-26,USDCAD,3608.4
2023-02-27,USDCAD,135934.5
2023-02-28,USDCAD,137726.4
2023-03-01,USDCAD,179296.6
2023-03-02,USDCAD,153295.9
2023-03-03,USDCAD,137138.5
2023-03-05,USDCAD,2887.8
2023-03-06,USDCAD,115569.5
2023-03-07,USDCAD,158949.1
2023-03-08,USDCAD,146478.5
2023-03-09,USDCAD,142943.5
2023-03-10,USDCAD,259058.0
2023-03-12,USDCAD,24684.1
2023-03-13,USDCAD,369939.4
2023-03-14,USDCAD,268731.4
2023-03-15,USDCAD,265131.0
2023-03-16,USDCAD,246715.5
2023-03-17,USDCAD,173600.8
2023-03-19,USDCAD,8982.2
2023-03-20,USDCAD,181358.7
2023-03-21,USDCAD,111738.6
2023-03-22,USDCAD,139057.1
2023-03-23,USDCAD,149158.9
2023-03-24,USDCAD,155883.5
2023-03-26,USDCAD,10900.4
2023-03-27,USDCAD,112046.8
2023-03-28,USDCAD,101059.8
2023-03-29,USDCAD,88095.0
2023-03-30,USDCAD,90932.7
2023-03-31,USDCAD,99702.8
2023-04-02,USDCAD,8186.4
2023-04-03,USDCAD,113592.9
2023-04-04,USDCAD,113301.9
2023-04-05,USDCAD,98097.0
2023-04-06,USDCAD,82511.2
2023-04-07,USDCAD,52797.1
2023-04-09,USDCAD,3504.8
2023-04-10,USDCAD,64163.3
2023-04-11,USDCAD,82540.8
2023-04-12,USDCAD,112436.7
2023-04-13,USDCAD,93437.8
2023-04-14,USDCAD,113642.5
2023-04-16,USDCAD,2437.8
2023-04-17,USDCAD,92190.7
2023-04-18,USDCAD,88862.8
2023-04-19,USDCAD,85301.5
2023-04-20,USDCAD,64782.2
2023-04-21,USDCAD,67074.3
2023-04-23,USDCAD,2084.6
2023-04-24,USDCAD,56609.7
2023-04-25,USDCAD,70181.1
2023-04-26,USDCAD,82370.7
2023-04-27,USDCAD,76246.1
2023-04-28,USDCAD,84006.3
2023-04-30,USDCAD,3096.2
2023-05-01,USDCAD,61083.3
2023-05-02,USDCAD,83579.4
2023-05-03,USDCAD,97948.7
2023-05-04,USDCAD,104509.8
2023-05-05,USDCAD,83748.9
2023-05-07,USDCAD,3067.3
2023-05-08,USDCAD,52540.8
2023-05-09,USDCAD,54918.1
2023-05-10,USDCAD,81597.9
2023-05-11,USDCAD,81531.9
2023-05-12,USDCAD,63496.7
2023-05-14,USDCAD,3854.8
2023-05-15,USDCAD,60984.4
2023-05-16,USDCAD,72571.2
2023-05-17,USDCAD,69543.0
2023-05-18,USDCAD,67403.0
2023-05-19,USDCAD,74303.8
2023-05-21,USDCAD,3284.1
2023-05-22,USDCAD,62374.3
2023-05-23,USDCAD,75452.0
2023-05-24,USDCAD,81351.8
2023-05-25,USDCAD,73777.7
2023-05-26,USDCAD,71033.9
2023-05-28,USDCAD,2276.8
2023-05-29,USDCAD,29383.3
2023-05-30,USDCAD,72394.8
2023-05-31,USDCAD,86906.0
2023-06-01,USDCAD,81246.4
2023-06-02,USDCAD,75562.9
2023-06-04,USDCAD,3559.6
2023-06-05,USDCAD,63121.2
2023-06-06,USDCAD,65246.6
2023-06-07,USDCAD,79296.5
2023-06-08,USDCAD,72423.2
2023-06-09,USDCAD,63820.3
2023-06-11,USDCAD,2574.6
2023-06-12,USDCAD,64371.8
2023-06-13,USDCAD,81683.5
2023-06-14,USDCAD,90521.5
2023-06-15,USDCAD,73733.7
2023-06-16,USDCAD,74893.3
2023-06-18,USDCAD,2515.1
2023-06-19,USDCAD,45892.4
2023-06-20,USDCAD,84422.2
2023-06-21,USDCAD,94804.1
2023-06-22,USDCAD,87795.8
2023-06-23,USDCAD,89767.4
2023-06-25,USDCAD,3225.4
2023-06-26,USDCAD,80764.7
2023-06-27,USDCAD,88353.6
2023-06-28,USDCAD,91004.5
2023-06-29,USDCAD,80718.3
2023-06-30,USDCAD,81973.9
2023-07-02,USDCAD,1938.0
2023-07-03,USDCAD,62337.6
2023-07-04,USDCAD,37970.9
2023-07-05,USDCAD,70025.8
2023-07-06,USDCAD,89486.0
2023-07-07,USDCAD,82379.8
2023-07-09,USDCAD,3021.1
2023-07-10,USDCAD,74234.1
2023-07-11,USDCAD,79419.4
2023-07-12,USDCAD,94876.5
2023-07-13,USDCAD,88852.6
2023-07-14,USDCAD,74872.5
2023-07-16,USDCAD,1531.3
2023-07-17,USDCAD,58873.7
2023-07-18,USDCAD,82533.5
2023-07-19,USDCAD,100891.7
2023-07-20,USDCAD,103786.4
2023-07-21,USDCAD,96316.2
2023-07-23,USDCAD,2879.3
2023-07-24,USDCAD,94396.0
2023-07-25,USDCAD,87573.1
2023-07-26,USDCAD,125990.3
2023-07-27,USDCAD,116098.9
2023-07-28,USDCAD,109169.1
2023-07-30,USDCAD,5398.7
2023-07-31,USDCAD,93660.7
2023-08-01,USDCAD,107021.8
2023-08-02,USDCAD,116523.0
2023-08-03,USDCAD,122203.6
2023-08-04,USDCAD,119281.3
2023-08-06,USDCAD,4112.4
2023-08-07,USDCAD,103566.5
2023-08-08,USDCAD,132315.2
2023-08-09,USDCAD,120032.3
2023-08-10,USDCAD,136574.1
2023-08-11,USDCAD,114219.3
2023-08-13,USDCAD,5077.5
2023-08-14,USDCAD,122219.0
2023-08-15,USDCAD,141691.3
2023-08-16,USDCAD,135811.5
2023-08-17,USDCAD,140739.4
2023-08-18,USDCAD,154607.6
2023-08-20,USDCAD,3097.6
2023-08-21,USDCAD,113100.0
2023-08-22,USDCAD,136683.0
2023-08-23,USDCAD,111633.8
2023-08-24,USDCAD,116267.1
2023-08-25,USDCAD,120538.3
2023-08-27,USDCAD,3689.9
2023-08-28,USDCAD,112282.6
2023-08-29,USDCAD,133215.9
2023-08-30,USDCAD,130414.0
2023-08-31,USDCAD,121814.9
2023-09-01,USDCAD,107440.5
2023-09-03,USDCAD,2723.9
2023-09-04,USDCAD,55470.1
2023-09-05,USDCAD,120621.4
2023-09-06,USDCAD,112285.3
2023-09-07,USDCAD,99257.2
2023-09-08,USDCAD,102846.2
2023-09-10,USDCAD,6773.2
2023-09-11,USDCAD,95094.3
2023-09-12,USDCAD,94821.6
2023-09-13,USDCAD,158507.8
2023-09-14,USDCAD,118563.1
2023-09-15,USDCAD,122303.0
2023-09-17,USDCAD,1946.3
2023-09-18,USDCAD,95661.4
2023-09-19,USDCAD,112887.6
2023-09-20,USDCAD,142731.5
2023-09-21,USDCAD,126439.6
2023-09-22,USDCAD,103173.1
2023-09-24,USDCAD,8653.8
2023-09-25,USDCAD,87991.6
2023-09-26,USDCAD,124181.5
2023-09-27,USDCAD,120282.8
2023-09-28,USDCAD,145223.5
2023-09-29,USDCAD,140392.3
2023-10-01,USDCAD,5306.7
2023-10-02,USDCAD,133896.9
2023-10-03,USDCAD,168335.9
2023-10-04,USDCAD,183590.3
2023-10-05,USDCAD,153610.5
2023-10-06,USDCAD,164727.9
2023-10-08,USDCAD,9608.9
2023-10-09,USDCAD,109340.9
2023-10-10,USDCAD,146995.6
2023-10-11,USDCAD,124723.1
2023-10-12,USDCAD,120166.5
2023-10-13,USDCAD,116072.1
2023-10-15,USDCAD,5367.0
2023-10-16,USDCAD,111700.5
2023-10-17,USDCAD,122104.8
2023-10-18,USDCAD,130316.6
2023-10-19,USDCAD,145466.5
2023-10-20,USDCAD,105266.6
2023-10-22,USDCAD,4382.1
2023-10-23,USDCAD,115154.6
2023-10-24,USDCAD,113922.3
2023-10-25,USDCAD,111557.7
2023-10-26,USDCAD,135206.0
2023-10-27,USDCAD,115795.6
2023-10-29,USDCAD,3127.6
2023-10-30,USDCAD,95120.2
2023-10-31,USDCAD,111330.9
2023-11-01,USDCAD,140226.8
2023-11-02,USDCAD,107961.7
2023-11-03,USDCAD,120872.7
2023-11-05,USDCAD,2080.3
2023-11-06,USDCAD,85784.5
2023-11-07,USDCAD,101557.4
2023-11-08,USDCAD,106228.3
2023-11-09,USDCAD,126069.6
2023-11-10,USDCAD,97631.6
2023-11-12,USDCAD,3620.8
2023-11-13,USDCAD,88073.4
2023-11-14,USDCAD,126088.6
2023-11-15,USDCAD,132649.2
2023-11-16,USDCAD,135554.5
2023-11-17,USDCAD,120298.6
2023-11-19,USDCAD,4262.8
2023-11-20,USDCAD,113909.6
2023-11-21,USDCAD,121345.0
2023-11-22,USDCAD,129214.8
2023-11-23,USDCAD,66571.5
2023-11-24,USDCAD,85810.4
2023-11-26,USDCAD,2306.7
2023-11-27,USDCAD,96194.4
2023-11-28,USDCAD,115861.7
2023-11-29,USDCAD,118363.7
2023-11-30,USDCAD,160857.5
2023-12-01,USDCAD,131792.5
2023-12-03,USDCAD,5501.1
2023-12-04,USDCAD,133653.8
2023-12-05,USDCAD,117990.6
2023-12-06,USDCAD,119997.0
2023-12-07,USDCAD,123913.0
2023-12-08,USDCAD,148644.0
2023-12-10,USDCAD,2724.9
2023-12-11,USDCAD,108276.7
2023-12-12,USDCAD,112448.0
2023-12-13,USDCAD,131839.0
2023-12-14,USDCAD,162275.4
2023-12-15,USDCAD,119293.8
2023-12-17,USDCAD,2589.4
2023-12-18,USDCAD,89282.6
2023-12-19,USDCAD,92158.7
2023-12-20,USDCAD,109050.2
2023-12-21,USDCAD,164071.5
2023-12-22,USDCAD,185505.6
2023-12-24,USDCAD,0.9
2023-12-25,USDCAD,4482.4
2023-12-26,USDCAD,108493.4
2023-12-27,USDCAD,76314.1
2023-12-28,USDCAD,112105.2
2023-12-29,USDCAD,107051.0
2024-01-01,USDCAD,2265.5
2024-01-02,USDCAD,117497.9
2024-01-03,USDCAD,116802.2
2024-01-04,USDCAD,99063.2
2024-01-05,USDCAD,136090.6
2024-01-07,USDCAD,1511.7
2024-01-08,USDCAD,91096.9
2024-01-09,USDCAD,97937.7
2024-01-10,USDCAD,84314.2
2024-01-11,USDCAD,119012.4
2024-01-12,USDCAD,90904.5
2024-01-14,USDCAD,3664.6
2024-01-15,USDCAD,60657.0
2024-01-16,USDCAD,104074.7
2024-01-17,USDCAD,101176.0
2024-01-18,USDCAD,101142.5
2024-01-19,USDCAD,92193.9
2024-01-21,USDCAD,5850.8
2024-01-22,USDCAD,77003.1
2024-01-23,USDCAD,81701.2
2024-01-24,USDCAD,107538.1
2024-01-25,USDCAD,111374.4
2024-01-26,USDCAD,103814.6
2024-01-28,USDCAD,3203.6
2024-01-29,USDCAD,88466.3
2024-01-30,USDCAD,98590.9
2024-01-31,USDCAD,155249.6
2024-02-01,USDCAD,135379.0
2024-02-02,USDCAD,128149.0
2024-02-04,USDCAD,3717.2
2024-02-05,USDCAD,98073.4
2024-02-06,USDCAD,111109.6
2024-02-07,USDCAD,114155.7
2024-02-08,USDCAD,93061.4
2024-02-09,USDCAD,103074.2
2024-02-11,USDCAD,3488.0
2024-02-12,USDCAD,71235.0
2024-02-13,USDCAD,118185.0
2024-02-14,USDCAD,101078.5
2024-02-15,USDCAD,100134.3
2024-02-16,USDCAD,90823.5
2024-02-18,USDCAD,2377.5
2024-02-19,USDCAD,51240.4
2024-02-20,USDCAD,109296.3
2024-02-21,USDCAD,103835.6
2024-02-22,USDCAD,106944.8
2024-02-23,USDCAD,96877.0
2024-02-25,USDCAD,2332.9
2024-02-26,USDCAD,74276.2
2024-02-27,USDCAD,83649.4
2024-02-28,USDCAD,92470.1
2024-02-29,USDCAD,106980.5
2024-03-01,USDCAD,89775.0
2024-03-03,USDCAD,3692.0
2024-03-04,USDCAD,75385.9
2024-03-05,USDCAD,91348.6
2024-03-06,USDCAD,103484.1
2024-03-07,USDCAD,93697.1
2024-03-08,USDCAD,120052.5
2024-03-10,USDCAD,4883.7
2024-03-11,USDCAD,89196.9
2024-03-12,USDCAD,113272.3
2024-03-13,USDCAD,77684.2
2024-03-14,USDCAD,88085.8
2024-03-15,USDCAD,84966.1
2024-03-17,USDCAD,3089.8
2024-03-18,USDCAD,63698.5
2024-03-19,USDCAD,94659.3
2024-03-20,USDCAD,101093.5
2024-03-21,USDCAD,94522.3
2024-03-22,USDCAD,73027.6
2024-03-24,USDCAD,2530.6
2024-03-25,USDCAD,70734.9
2024-03-26,USDCAD,62901.1
2024-03-27,USDCAD,78143.4
2024-03-28,USDCAD,86882.6
2024-03-29,USDCAD,34630.4
2024-03-31,USDCAD,8640.9
2024-04-01,USDCAD,62876.4
2024-04-02,USDCAD,65994.6
2024-04-03,USDCAD,75247.8
2024-04-04,USDCAD,77697.1
2024-04-05,USDCAD,100559.0
2024-04-07,USDCAD,3575.0
2024-04-08,USDCAD,93268.9
2024-04-09,USDCAD,81278.3
2024-04-10,USDCAD,141047.8
2024-04-11,USDCAD,127141.1
2024-04-12,USDCAD,116503.3
2024-04-14,USDCAD,4783.5
2024-04-15,USDCAD,121100.0
2024-04-16,USDCAD,148581.0
2024-04-17,USDCAD,138400.1
2024-04-18,USDCAD,116756.2
2024-04-19,USDCAD,172176.8
2024-04-21,USDCAD,4268.3
2024-04-22,USDCAD,92837.6
2024-04-23,USDCAD,105413.0
2024-04-24,USDCAD,88333.1
2024-04-25,USDCAD,112114.0
2024-04-26,USDCAD,101880.9
2024-04-28,USDCAD,1593.5
2024-04-29,USDCAD,101298.6
2024-04-30,USDCAD,121571.5
2024-05-01,USDCAD,130604.7
2024-05-02,USDCAD,111950.2
2024-05-03,USDCAD,146143.4
2024-05-05,USDCAD,2419.1
2024-05-06,USDCAD,70430.5
2024-05-07,USDCAD,82543.6
2024-05-08,USDCAD,87879.4
2024-05-09,USDCAD,88105.6
2024-05-10,USDCAD,80075.0
2024-05-12,USDCAD,3274.2
2024-05-13,USDCAD,70856.8
2024-05-14,USDCAD,84193.8
2024-05-15,USDCAD,96297.6
2024-05-16,USDCAD,80773.9
2024-05-17,USDCAD,72518.4
2024-05-19,USDCAD,2583.6
2024-05-20,USDCAD,86144.8
2024-05-21,USDCAD,88752.8
2024-05-22,USDCAD,92665.9
2024-05-23,USDCAD,114221.3
2024-05-24,USDCAD,89411.7
2024-05-26,USDCAD,3250.2
2024-05-27,USDCAD,57475.6
2024-05-28,USDCAD,89203.2
2024-05-29,USDCAD,103239.4
2024-05-30,USDCAD,124689.0
2024-05-31,USDCAD,112888.1
2024-06-02,USDCAD,5529.2
2024-06-03,USDCAD,127391.5
2024-06-04,USDCAD,143439.5
2024-06-05,USDCAD,107841.7
2024-06-06,USDCAD,101388.2
2024-06-07,USDCAD,133372.2
2024-06-09,USDCAD,5538.8
2024-06-10,USDCAD,86435.1
2024-06-11,USDCAD,93734.9
2024-06-12,USDCAD,139258.9
2024-06-13,USDCAD,112680.7
2024-06-14,USDCAD,138511.0
2024-06-16,USDCAD,5593.2
2024-06-17,USDCAD,85770.0
2024-06-18,USDCAD,92267.2
2024-06-19,USDCAD,48828.1
2024-06-20,USDCAD,85830.9
2024-06-21,USDCAD,99435.7
2024-06-23,USDCAD,4350.9
2024-06-24,USDCAD,87416.0
2024-06-25,USDCAD,83038.4
2024-06-26,USDCAD,87369.0
2024-06-27,USDCAD,85721.1
2024-06-28,USDCAD,121403.5
2024-06-30,USDCAD,3778.7
2024-07-01,USDCAD,97284.5
2024-07-02,USDCAD,117531.8
2024-07-03,USDCAD,99933.5
2024-07-04,USDCAD,53458.8
2024-07-05,USDCAD,103688.0
2024-07-07,USDCAD,4594.1
2024-07-08,USDCAD,89368.8
2024-07-09,USDCAD,96105.8
2024-07-10,USDCAD,82161.2
2024-07-11,USDCAD,127856.4
2024-07-12,USDCAD,113464.2
2024-07-14,USDCAD,6237.8
2024-07-15,USDCAD,106954.1
2024-07-16,USDCAD,103704.0
2024-07-17,USDCAD,126859.3
2024-07-18,USDCAD,109299.9
2024-07-19,USDCAD,95620.4
2024-07-21,USDCAD,4003.2
2024-07-22,USDCAD,105046.2
2024-07-23,USDCAD,83231.3
2024-07-24,USDCAD,89890.9
2024-07-25,USDCAD,138914.7
2024-07-26,USDCAD,96128.7
2024-07-28,USDCAD,3788.7
2024-07-29,USDCAD,80655.7
2024-07-30,USDCAD,93540.0
2024-07-31,USDCAD,137896.7
2024-08-01,USDCAD,125360.2
2024-08-02,USDCAD,155328.2
2024-08-04,USDCAD,10393.4
2024-08-05,USDCAD,258439.4
2024-08-06,USDCAD,194067.0
2024-08-07,USDCAD,144461.5
2024-08-08,USDCAD,168721.4
2024-08-09,USDCAD,100768.3
2024-08-11,USDCAD,3569.6
2024-08-12,USDCAD,69900.3
2024-08-13,USDCAD,94532.6
2024-08-14,USDCAD,83926.6
2024-08-15,USDCAD,78226.6
2024-08-16,USDCAD,62422.8
2024-08-18,USDCAD,2511.5
2024-08-19,USDCAD,62489.4
2024-08-20,USDCAD,115461.7
2024-08-21,USDCAD,105518.8
2024-08-22,USDCAD,97766.9
2024-08-23,USDCAD,131531.3
2024-08-25,USDCAD,5784.4
2024-08-26,USDCAD,110341.1
2024-08-27,USDCAD,122336.6
2024-08-28,USDCAD,121405.0
2024-08-29,USDCAD,126435.1
2024-08-30,USDCAD,167862.3
2024-09-01,USDCAD,3309.6
2024-09-02,USDCAD,66110.2
2024-09-03,USDCAD,150124.2
2024-09-04,USDCAD,174099.0
2024-09-05,USDCAD,143680.9
2024-09-06,USDCAD,180267.7
2024-09-08,USDCAD,4301.8
2024-09-09,USDCAD,120541.6
2024-09-10,USDCAD,137568.7
2024-09-11,USDCAD,166657.9
2024-09-12,USDCAD,146436.8
2024-09-13,USDCAD,122286.7
2024-09-15,USDCAD,3973.6
2024-09-16,USDCAD,111030.1
2024-09-17,USDCAD,135611.5
2024-09-18,USDCAD,214792.0
2024-09-19,USDCAD,215013.6
2024-09-20,USDCAD,163257.4
2024-09-22,USDCAD,3272.3
2024-09-23,USDCAD,145159.9
2024-09-24,USDCAD,150646.8
2024-09-25,USDCAD,140025.3
2024-09-26,USDCAD,184267.9
2024-09-27,USDCAD,195452.6
2024-09-29,USDCAD,7429.0
2024-09-30,USDCAD,174504.3
2024-10-01,USDCAD,189132.8
2024-10-02,USDCAD,149089.9
2024-10-03,USDCAD,169876.2
2024-10-04,USDCAD,143895.7
2024-10-06,USDCAD,4563.6
2024-10-07,USDCAD,144598.7
2024-10-08,USDCAD,144116.7
2024-10-09,USDCAD,125001.7
2024-10-10,USDCAD,149231.4
2024-10-11,USDCAD,107709.7
2024-10-13,USDCAD,4844.3
2024-10-14,USDCAD,104209.8
2024-10-15,USDCAD,125520.1
2024-10-16,USDCAD,117570.5
2024-10-17,USDCAD,136796.9
2024-10-18,USDCAD,140607.9
2024-10-20,USDCAD,3488.9
2024-10-21,USDCAD,115381.0
2024-10-22,USDCAD,124452.2
2024-10-23,USDCAD,149655.7
2024-10-24,USDCAD,149471.4
2024-10-25,USDCAD,132068.6
2024-10-27,USDCAD,3732.2
2024-10-28,USDCAD,109463.5
2024-10-29,USDCAD,144184.9
2024-10-30,USDCAD,155219.0
2024-10-31,USDCAD,165545.4
2024-11-01,USDCAD,127233.1
2024-11-03,USDCAD,5845.9
2024-11-04,USDCAD,142204.9
2024-11-05,USDCAD,116729.9
2024-11-06,USDCAD,238093.9
2024-11-07,USDCAD,160806.4
2024-11-08,USDCAD,141659.1
2024-11-10,USDCAD,2770.6
2024-11-11,USDCAD,105494.6
2024-11-12,USDCAD,148311.3
2024-11-13,USDCAD,155184.5
2024-11-14,USDCAD,161703.7
2024-11-15,USDCAD,181136.3
2024-11-17,USDCAD,4441.7
2024-11-18,USDCAD,132151.3
2024-11-19,USDCAD,155934.8
2024-11-20,USDCAD,118544.9
2024-11-21,USDCAD,144787.9
2024-11-22,USDCAD,166353.0
2024-11-24,USDCAD,4907.4
2024-11-25,USDCAD,150894.5
2024-11-26,USDCAD,190267.2
2024-11-27,USDCAD,153031.5
2024-11-28,USDCAD,85690.2
2024-11-29,USDCAD,163826.8
2024-12-01,USDCAD,5018.3
2024-12-02,USDCAD,181544.7
2024-12-03,USDCAD,142022.3
2024-12-04,USDCAD,152648.9
2024-12-05,USDCAD,129626.8
2024-12-06,USDCAD,168437.0
2024-12-08,USDCAD,3394.5
2024-12-09,USDCAD,142157.5
2024-12-10,USDCAD,141343.9
2024-12-11,USDCAD,187149.6
2024-12-12,USDCAD,204928.0
2024-12-13,USDCAD,165610.0
2024-12-15,USDCAD,3376.4
2024-12-16,USDCAD,133228.5
2024-12-17,USDCAD,157095.5
2024-12-18,USDCAD,168287.5
2024-12-19,USDCAD,193243.0
2024-12-20,USDCAD,196320.1
2024-12-22,USDCAD,3273.7
2024-12-23,USDCAD,133001.3
2024-12-24,USDCAD,82845.2
2024-12-25,USDCAD,2546.2
2024-12-26,USDCAD,115270.7
2024-12-27,USDCAD,142311.0
2024-12-29,USDCAD,2776.2
2024-12-30,USDCAD,162687.0
2024-12-31,USDCAD,114878.4
2025-01-01,USDCAD,2888.1
2025-01-02,USDCAD,147719.9
2025-01-03,USDCAD,134072.7
2025-01-05,USDCAD,2779.6
2025-01-06,USDCAD,190581.8
2025-01-07,USDCAD,158144.5
2025-01-08,USDCAD,177626.0
2025-01-09,USDCAD,111250.5
2025-01-10,USDCAD,184825.0
2025-01-12,USDCAD,3809.5
2025-01-13,USDCAD,200710.9
2025-01-14,USDCAD,202583.1
2025-01-15,USDCAD,168833.0
2025-01-16,USDCAD,167835.3
2025-01-17,USDCAD,186057.8
2025-01-19,USDCAD,3512.1
2025-01-20,USDCAD,229134.3
2025-01-21,USDCAD,229842.5
2025-01-22,USDCAD,164542.6
2025-01-23,USDCAD,168383.7
2025-01-24,USDCAD,184994.1
2025-01-26,USDCAD,4737.9
2025-01-27,USDCAD,225288.9
2025-01-28,USDCAD,175472.6
2025-01-29,USDCAD,184161.1
2025-01-30,USDCAD,178177.6
2025-01-31,USDCAD,258443.2
2025-02-02,USDCAD,18858.2
2025-02-03,USDCAD,334154.5
2025-02-04,USDCAD,194800.8
2025-02-05,USDCAD,167275.5
2025-02-06,USDCAD,131137.9
2025-02-07,USDCAD,183215.8
2025-02-09,USDCAD,7028.4
2025-02-10,USDCAD,123051.3
2025-02-11,USDCAD,121307.4
2025-02-12,USDCAD,165971.1
2025-02-13,USDCAD,172115.9
2025-02-14,USDCAD,138878.1
2025-02-16,USDCAD,5767.5
2025-02-17,USDCAD,94991.3
2025-02-18,USDCAD,140521.2
2025-02-19,USDCAD,151301.7
2025-02-20,USDCAD,165427.4
2025-02-21,USDCAD,182206.8
2025-02-23,USDCAD,5598.2
2025-02-24,USDCAD,186981.4
2025-02-25,USDCAD,186671.9
2025-02-26,USDCAD,189309.2
2025-02-27,USDCAD,195915.3
2025-02-28,USDCAD,211792.3
2025-03-02,USDCAD,6793.0
2025-03-03,USDCAD,215251.2
2025-03-04,USDCAD,302395.8
2025-03-05,USDCAD,305202.6
2025-03-06,USDCAD,257877.5
2025-03-07,USDCAD,210176.0
2025-03-09,USDCAD,14138.9
2025-03-10,USDCAD,208383.3
2025-03-11,USDCAD,278548.2
2025-03-12,USDCAD,188152.6
2025-03-13,USDCAD,226851.9
2025-03-14,USDCAD,201620.7
2025-03-16,USDCAD,9242.0
2025-03-17,USDCAD,147937.0
2025-03-18,USDCAD,140529.6
2025-03-19,USDCAD,149076.1
2025-03-20,USDCAD,154199.6
2025-03-21,USDCAD,141419.2
2025-03-23,USDCAD,4837.1
2025-03-24,USDCAD,135393.0
2025-03-25,USDCAD,123514.2
2025-03-26,USDCAD,157161.7
2025-03-27,USDCAD,164096.2
2025-03-28,USDCAD,139555.5
2025-03-30,USDCAD,12673.2
2025-03-31,USDCAD,184507.8
2025-04-01,USDCAD,181044.9
2025-04-02,USDCAD,197550.9
2025-04-03,USDCAD,286835.2
2025-04-04,USDCAD,403039.6
2025-04-06,USDCAD,43305.0
2025-04-07,USDCAD,487481.1
2025-04-08,USDCAD,337475.9
2025-04-09,USDCAD,413513.8
2025-04-10,USDCAD,327457.0
2025-04-11,USDCAD,302467.5
2025-04-13,USDCAD,14573.7
2025-04-14,USDCAD,176498.1
2025-04-15,USDCAD,150622.5
2025-04-16,USDCAD,186192.0
2025-04-17,USDCAD,126664.4
2025-04-18,USDCAD,376708.9
2025-04-20,USDCAD,10783.9
2025-04-21,USDCAD,110802.0
2025-04-22,USDCAD,149437.4
2025-04-23,USDCAD,145563.5
2025-04-24,USDCAD,125264.0
2025-04-25,USDCAD,113641.7
2025-04-27,USDCAD,5420.8
2025-04-28,USDCAD,106004.2
2025-04-29,USDCAD,131149.7
2025-04-30,USDCAD,123919.9
2025-05-01,USDCAD,100037.1
2025-05-02,USDCAD,114074.2
2025-05-04,USDCAD,6374.0
2025-05-05,USDCAD,81479.9
2025-05-06,USDCAD,127129.8
2025-05-07,USDCAD,129442.4
2025-05-08,USDCAD,116161.7
2025-05-09,USDCAD,108383.1
2025-05-11,USDCAD,8876.0
2025-05-12,USDCAD,144495.0
2025-05-13,USDCAD,120347.3
2025-05-14,USDCAD,129682.2
2025-05-15,USDCAD,104350.1
2025-05-16,USDCAD,90432.0
2025-05-18,USDCAD,5622.9
2025-05-19,USDCAD,85435.5
2025-05-20,USDCAD,101641.5
2025-05-21,USDCAD,141801.2
2025-05-22,USDCAD,113255.1
2025-05-23,USDCAD,116255.9
2025-05-25,USDCAD,9504.2
2025-05-26,USDCAD,54171.1
2025-05-27,USDCAD,106534.2
2025-05-28,USDCAD,115301.4
2025-05-29,USDCAD,128987.4
2025-05-30,USDCAD,122416.5
2025-06-01,USDCAD,6427.8
2025-06-02,USDCAD,114448.6
2025-06-03,USDCAD,99931.3
2025-06-04,USDCAD,114540.6
2025-06-05,USDCAD,118396.5
2025-06-06,USDCAD,106085.8
2025-06-08,USDCAD,4212.5
2025-06-09,USDCAD,89870.2
2025-06-10,USDCAD,100063.6
2025-06-11,USDCAD,103310.7
2025-06-12,USDCAD,111115.6
2025-06-13,USDCAD,165269.1
2025-06-15,USDCAD,18711.4
2025-06-16,USDCAD,117591.7
2025-06-17,USDCAD,128922.0
2025-06-18,USDCAD,146015.0
2025-06-19,USDCAD,94130.7
2025-06-20,USDCAD,97488.7
2025-06-22,USDCAD,10753.6
2025-06-23,USDCAD,141719.5
2025-06-24,USDCAD,99974.5
2025-06-25,USDCAD,103536.2
2025-06-26,USDCAD,118757.4
2025-06-27,USDCAD,123545.3
2025-06-29,USDCAD,7683.1
2025-06-30,USDCAD,131002.3
2025-07-01,USDCAD,99599.2
2025-07-02,USDCAD,120159.1
2025-07-03,USDCAD,114785.2
2025-07-04,USDCAD,110866.1
2025-07-06,USDCAD,4359.7
2025-07-07,USDCAD,119283.6
2025-07-08,USDCAD,134000.3
2025-07-09,USDCAD,102431.8
2025-07-10,USDCAD,91316.0
2025-07-11,USDCAD,126791.1
2025-07-13,USDCAD,8635.7
2025-07-14,USDCAD,100032.3
2025-07-15,USDCAD,129876.5
2025-07-16,USDCAD,128692.3
2025-07-17,USDCAD,102524.4
2025-07-18,USDCAD,84936.0
2025-07-20,USDCAD,8441.8
2025-07-21,USDCAD,89444.0
2025-07-22,USDCAD,95574.6
2025-07-23,USDCAD,107876.7
2025-07-24,USDCAD,111814.5
2025-07-25,USDCAD,116057.6
2025-07-27,USDCAD,6957.7
2025-07-28,USDCAD,123477.9
2025-07-29,USDCAD,114187.0
2025-07-30,USDCAD,128142.1
2025-07-31,USDCAD,132148.3
2025-08-01,USDCAD,169476.9
2025-08-03,USDCAD,7426.0
2025-08-04,USDCAD,121024.1
2025-08-05,USDCAD,110049.4
2025-08-06,USDCAD,100080.1
2025-08-07,USDCAD,104360.1
2025-08-08,USDCAD,89705.9
2025-08-10,USDCAD,3208.9
2025-08-11,USDCAD,81727.9
2025-08-12,USDCAD,130988.0
2025-08-13,USDCAD,96121.0
2025-08-14,USDCAD,117462.8
2025-08-15,USDCAD,78684.3
2025-08-17,USDCAD,3329.3
2025-08-18,USDCAD,74862.0
2025-08-19,USDCAD,115385.8
2025-08-20,USDCAD,100137.0
2025-08-21,USDCAD,103809.3
2025-08-22,USDCAD,122245.3
2025-08-24,USDCAD,4952.4
2025-08-25,USDCAD,92620.8
2025-08-26,USDCAD,146749.5
2025-08-27,USDCAD,122392.5
2025-08-28,USDCAD,113419.5
2025-08-29,USDCAD,115718.0
2025-08-31,USDCAD,3211.5
2025-09-01,USDCAD,88562.2
2025-09-02,USDCAD,156568.4
2025-09-03,USDCAD,124282.0
2025-09-04,USDCAD,101491.5
2025-09-05,USDCAD,112961.8
2025-09-07,USDCAD,5457.7
2025-09-08,USDCAD,125596.9
2025-09-09,USDCAD,109797.9
2025-09-10,USDCAD,132912.8
2025-09-11,USDCAD,120243.4
2025-09-12,USDCAD,98582.8
2025-09-14,USDCAD,3831.2
2025-09-15,USDCAD,88720.6
2025-09-16,USDCAD,101257.9
2025-09-17,USDCAD,127903.6
2025-09-18,USDCAD,125186.1
2025-09-19,USDCAD,101156.7
2025-09-21,USDCAD,4477.7
2025-09-22,USDCAD,100183.4
2025-09-23,USDCAD,107591.6
2025-09-24,USDCAD,117941.0
2025-09-25,USDCAD,123006.2
2025-09-26,USDCAD,114228.2
2025-09-28,USDCAD,2872.4
2025-09-29,USDCAD,97014.1
2025-09-30,USDCAD,115504.0
2025-10-01,USDCAD,122323.6
2025-10-02,USDCAD,93256.1
2025-10-03,USDCAD,97135.1
2025-10-05,USDCAD,9000.5
2025-10-06,USDCAD,173890.7
2025-10-07,USDCAD,103949.6
2025-10-08,USDCAD,182825.8
2025-10-09,USDCAD,113292.8
2025-10-10,USDCAD,136805.3
2025-10-12,USDCAD,10395.0
2025-10-13,USDCAD,112796.1
2025-10-14,USDCAD,128128.9
2025-10-15,USDCAD,113128.5
2025-10-16,USDCAD,141425.5
2025-10-17,USDCAD,135667.7
2025-10-19,USDCAD,4179.9
2025-10-20,USDCAD,89346.6
2025-10-21,USDCAD,116980.7
2025-10-22,USDCAD,113765.0
2025-10-23,USDCAD,97134.9
2025-10-24,USDCAD,117825.7
2025-10-26,USDCAD,7508.1
2025-10-27,USDCAD,116288.4
2025-10-28,USDCAD,122296.1
2025-10-29,USDCAD,147582.3
2025-10-30,USDCAD,141405.4
2025-10-31,USDCAD,117924.9
2025-11-02,USDCAD,5988.7
2025-11-03,USDCAD,94119.4
2025-11-04,USDCAD,123196.8
2025-11-05,USDCAD,115566.6
2025-11-06,USDCAD,135431.5
2025-11-07,USDCAD,120210.1
2025-11-09,USDCAD,4913.1
2025-11-10,USDCAD,145816.2
2025-11-11,USDCAD,119892.4
2025-11-12,USDCAD,121709.4
2025-11-13,USDCAD,126521.9
2025-11-14,USDCAD,141602.4
2025-11-16,USDCAD,4252.3
2025-11-17,USDCAD,135592.8
2025-11-18,USDCAD,157603.9
2025-11-19,USDCAD,158884.6
2025-11-20,USDCAD,152855.0
2025-11-21,USDCAD,157912.1
2025-11-23,USDCAD,3800.4
2025-11-24,USDCAD,101399.3
2025-11-25,USDCAD,126214.5
2025-11-26,USDCAD,122962.1
2025-11-27,USDCAD,75159.9
2025-11-28,USDCAD,355764.2
2025-11-30,USDCAD,4459.1
2025-12-01,USDCAD,136711.2
2025-12-02,USDCAD,112169.3
2025-12-03,USDCAD,123528.1
2025-12-04,USDCAD,131544.4
2025-12-05,USDCAD,110714.5
2025-12-07,USDCAD,6198.3
2025-12-08,USDCAD,123540.8
2025-12-09,USDCAD,119298.4
2025-12-10,USDCAD,142523.5
2025-12-11,USDCAD,149362.2
2025-12-12,USDCAD,144858.0
2025-12-14,USDCAD,4373.2
2025-12-15,USDCAD,119713.7
2025-12-16,USDCAD,159133.4
2025-12-17,USDCAD,134815.4
2025-12-18,USDCAD,138320.0
2025-12-19,USDCAD,104682.3
2025-12-21,USDCAD,6687.1
2025-12-22,USDCAD,125040.5
2025-12-23,USDCAD,127440.8
2025-12-24,USDCAD,99878.9
2025-12-25,USDCAD,8117.2
2025-12-26,USDCAD,131557.7
2025-12-28,USDCAD,4419.5
2025-12-29,USDCAD,109906.4
2025-12-30,USDCAD,85656.0
2025-12-31,USDCAD,110112.6
2010-01-01,USDCHF,313679.8
2010-01-03,USDCHF,26848.6
2010-01-04,USDCHF,362099.7
2010-01-05,USDCHF,408354.3
2010-01-06,USDCHF,384455.2
2010-01-07,USDCHF,460559.2
2010-01-08,USDCHF,422077.2
2010-01-10,USDCHF,42084.9
2010-01-11,USDCHF,356171.2
2010-01-12,USDCHF,385677.8
2010-01-13,USDCHF,409930.0
2010-01-14,USDCHF,383909.1
2010-01-15,USDCHF,427581.2
2010-01-17,USDCHF,45939.1
2010-01-18,USDCHF,229415.4
2010-01-19,USDCHF,481931.8
2010-01-20,USDCHF,497771.7
2010-01-21,USDCHF,519038.6
2010-01-22,USDCHF,474391.5
2010-01-24,USDCHF,41827.7
2010-01-25,USDCHF,387707.9
2010-01-26,USDCHF,496885.2
2010-01-27,USDCHF,477298.8
2010-01-28,USDCHF,448913.0
2010-01-29,USDCHF,449297.5
2010-01-31,USDCHF,69490.9
2010-02-01,USDCHF,409704.2
2010-02-02,USDCHF,400401.8
2010-02-03,USDCHF,426163.8
2010-02-04,USDCHF,385365.1
2010-02-05,USDCHF,392932.2
2010-02-07,USDCHF,62635.7
2010-02-08,USDCHF,482059.4
2010-02-09,USDCHF,452210.7
2010-02-10,USDCHF,392988.3
2010-02-11,USDCHF,471878.7
2010-02-12,USDCHF,353626.6
2010-02-14,USDCHF,46211.8
2010-02-15,USDCHF,201051.9
2010-02-16,USDCHF,342476.7
2010-02-17,USDCHF,383076.5
2010-02-18,USDCHF,318880.2
2010-02-19,USDCHF,292019.6
2010-02-21,USDCHF,30131.6
2010-02-22,USDCHF,334256.1
2010-02-23,USDCHF,283700.4
2010-02-24,USDCHF,295709.8
2010-02-25,USDCHF,363108.8
2010-02-26,USDCHF,350331.9
2010-02-28,USDCHF,42718.7
2010-03-01,USDCHF,477618.3
2010-03-02,USDCHF,416114.2
2010-03-03,USDCHF,389764.6
2010-03-04,USDCHF,402163.3
2010-03-05,USDCHF,321217.5
2010-03-07,USDCHF,64625.6
2010-03-08,USDCHF,474463.6
2010-03-09,USDCHF,497036.1
2010-03-10,USDCHF,396222.3
2010-03-11,USDCHF,371262.8
2010-03-12,USDCHF,415798.9
2010-03-14,USDCHF,64664.6
2010-03-15,USDCHF,392473.7
2010-03-16,USDCHF,464596.6
2010-03-17,USDCHF,400157.9
2010-03-18,USDCHF,404209.2
2010-03-19,USDCHF,405127.9
2010-03-21,USDCHF,45948.2
2010-03-22,USDCHF,442394.7
2010-03-23,USDCHF,498457.4
2010-03-24,USDCHF,497567.6
2010-03-25,USDCHF,465038.8
2010-03-26,USDCHF,422267.7
2010-03-28,USDCHF,50356.8
2010-03-29,USDCHF,467447.0
2010-03-30,USDCHF,463243.1
2010-03-31,USDCHF,438676.1
2010-04-01,USDCHF,381076.5
2010-04-02,USDCHF,160721.8
2010-04-04,USDCHF,29706.0
2010-04-05,USDCHF,174053.0
2010-04-06,USDCHF,470296.8
2010-04-07,USDCHF,398236.4
2010-04-08,USDCHF,359954.6
2010-04-09,USDCHF,385452.4
2010-04-11,USDCHF,60817.9
2010-04-12,USDCHF,475396.4
2010-04-13,USDCHF,481697.1
2010-04-14,USDCHF,473240.4
2010-04-15,USDCHF,457406.8
2010-04-16,USDCHF,410472.6
2010-04-18,USDCHF,50598.3
2010-04-19,USDCHF,421790.7
2010-04-20,USDCHF,443261.3
2010-04-21,USDCHF,458885.0
2010-04-22,USDCHF,505581.7
2010-04-23,USDCHF,490957.7
2010-04-25,USDCHF,39965.0
2010-04-26,USDCHF,415794.4
2010-04-27,USDCHF,598576.8
2010-04-28,USDCHF,583256.1
2010-04-29,USDCHF,518289.6
2010-04-30,USDCHF,431556.4
2010-05-02,USDCHF,45454.3
2010-05-03,USDCHF,401191.2
2010-05-04,USDCHF,534196.3
2010-05-05,USDCHF,539462.9
2010-05-06,USDCHF,515848.8
2010-05-07,USDCHF,386190.3
2010-05-09,USDCHF,49224.6
2010-05-10,USDCHF,529818.1
2010-05-11,USDCHF,559873.4
2010-05-12,USDCHF,434440.3
2010-05-13,USDCHF,450227.3
2010-05-14,USDCHF,557643.6
2010-05-16,USDCHF,45700.0
2010-05-17,USDCHF,356204.8
2010-05-18,USDCHF,508696.7
2010-05-19,USDCHF,507674.8
2010-05-20,USDCHF,498217.8
2010-05-21,USDCHF,333084.9
2010-05-23,USDCHF,49251.8
2010-05-24,USDCHF,545083.3
2010-05-25,USDCHF,604084.8
2010-05-26,USDCHF,494914.7
2010-05-27,USDCHF,578845.6
2010-05-28,USDCHF,419835.4
2010-05-30,USDCHF,53701.7
2010-05-31,USDCHF,313949.9
2010-06-01,USDCHF,486093.5
2010-06-02,USDCHF,403708.8
2010-06-03,USDCHF,433199.3
2010-06-04,USDCHF,344005.7
2010-06-06,USDCHF,61261.1
2010-06-07,USDCHF,451433.3
2010-06-08,USDCHF,432949.9
2010-06-09,USDCHF,369780.6
2010-06-10,USDCHF,329216.3
2010-06-11,USDCHF,299255.2
2010-06-13,USDCHF,44836.8
2010-06-14,USDCHF,365183.5
2010-06-15,USDCHF,357835.6
2010-06-16,USDCHF,316499.8
2010-06-17,USDCHF,295573.1
2010-06-18,USDCHF,210320.3
2010-06-20,USDCHF,51117.7
2010-06-21,USDCHF,261334.3
2010-06-22,USDCHF,301155.4
2010-06-23,USDCHF,296972.5
2010-06-24,USDCHF,279024.2
2010-06-25,USDCHF,295147.5
2010-06-27,USDCHF,33021.4
2010-06-28,USDCHF,328553.9
2010-06-29,USDCHF,278139.8
2010-06-30,USDCHF,293276.4
2010-07-01,USDCHF,247915.9
2010-07-02,USDCHF,219025.5
2010-07-04,USDCHF,33051.0
2010-07-05,USDCHF,197678.6
2010-07-06,USDCHF,294363.6
2010-07-07,USDCHF,311504.4
2010-07-08,USDCHF,200746.0
2010-07-09,USDCHF,213817.2
2010-07-11,USDCHF,35526.2
2010-07-12,USDCHF,274821.4
2010-07-13,USDCHF,262655.6
2010-07-14,USDCHF,254582.0
2010-07-15,USDCHF,347254.3
2010-07-16,USDCHF,254676.4
2010-07-18,USDCHF,30246.5
2010-07-19,USDCHF,241158.3
2010-07-20,USDCHF,241977.3
2010-07-21,USDCHF,262493.8
2010-07-22,USDCHF,221123.2
2010-07-23,USDCHF,162991.3
2010-07-25,USDCHF,23847.9
2010-07-26,USDCHF,241933.8
2010-07-27,USDCHF,321951.1
2010-07-28,USDCHF,291576.6
2010-07-29,USDCHF,244887.8
2010-07-30,USDCHF,252843.3
2010-08-01,USDCHF,45699.8
2010-08-02,USDCHF,245414.1
2010-08-03,USDCHF,260618.3
2010-08-04,USDCHF,316009.3
2010-08-05,USDCHF,302175.8
2010-08-06,USDCHF,202721.9
2010-08-08,USDCHF,17477.6
2010-08-09,USDCHF,276258.7
2010-08-10,USDCHF,336602.7
2010-08-11,USDCHF,318360.8
2010-08-12,USDCHF,272284.0
2010-08-13,USDCHF,271966.6
2010-08-15,USDCHF,34566.7
2010-08-16,USDCHF,279483.0
2010-08-17,USDCHF,302616.3
2010-08-18,USDCHF,200546.0
2010-08-19,USDCHF,315558.2
2010-08-20,USDCHF,218877.4
2010-08-22,USDCHF,34285.3
2010-08-23,USDCHF,214059.8
2010-08-24,USDCHF,254061.8
2010-08-25,USDCHF,266529.9
2010-08-26,USDCHF,263840.5
2010-08-27,USDCHF,195613.4
2010-08-29,USDCHF,27615.8
2010-08-30,USDCHF,170379.1
2010-08-31,USDCHF,289992.9
2010-09-01,USDCHF,272834.1
2010-09-02,USDCHF,192877.1
2010-09-03,USDCHF,157716.1
2010-09-05,USDCHF,26165.1
2010-09-06,USDCHF,163168.6
2010-09-07,USDCHF,247195.5
2010-09-08,USDCHF,258406.8
2010-09-09,USDCHF,287759.5
2010-09-10,USDCHF,240405.5
2010-09-12,USDCHF,23998.8
2010-09-13,USDCHF,276250.1
2010-09-14,USDCHF,280264.7
2010-09-15,USDCHF,311945.8
2010-09-16,USDCHF,251100.8
2010-09-17,USDCHF,288739.7
2010-09-19,USDCHF,40170.4
2010-09-20,USDCHF,227803.8
2010-09-21,USDCHF,238799.8
2010-09-22,USDCHF,238795.8
2010-09-23,USDCHF,242636.1
2010-09-24,USDCHF,236587.8
2010-09-26,USDCHF,20079.0
2010-09-27,USDCHF,266656.3
2010-09-28,USDCHF,252763.1
2010-09-29,USDCHF,224905.0
2010-09-30,USDCHF,220303.2
2010-10-01,USDCHF,205828.3
2010-10-03,USDCHF,24935.0
2010-10-04,USDCHF,230131.4
2010-10-05,USDCHF,205904.4
2010-10-06,USDCHF,206418.5
2010-10-07,USDCHF,194262.5
2010-10-08,USDCHF,197279.8
2010-10-10,USDCHF,24661.5
2010-10-11,USDCHF,197791.9
2010-10-12,USDCHF,248080.0
2010-10-13,USDCHF,227380.5
2010-10-14,USDCHF,244585.6
2010-10-15,USDCHF,168294.2
2010-10-17,USDCHF,30032.6
2010-10-18,USDCHF,289995.3
2010-10-19,USDCHF,303681.3
2010-10-20,USDCHF,224231.8
2010-10-21,USDCHF,257504.9
2010-10-22,USDCHF,232578.7
2010-10-24,USDCHF,53805.5
2010-10-25,USDCHF,155560.5
2010-10-26,USDCHF,78230.8
2010-10-27,USDCHF,87699.4
2010-10-28,USDCHF,95028.9
2010-10-29,USDCHF,80092.9
2010-10-31,USDCHF,16025.4
2010-11-01,USDCHF,87865.8
2010-11-02,USDCHF,84209.0
2010-11-03,USDCHF,87730.0
2010-11-04,USDCHF,85724.2
2010-11-05,USDCHF,82808.8
2010-11-07,USDCHF,11376.3
2010-11-08,USDCHF,84235.2
2010-11-09,USDCHF,87442.5
2010-11-10,USDCHF,86908.6
2010-11-11,USDCHF,87075.5
2010-11-12,USDCHF,84265.4
2010-11-14,USDCHF,5770.4
2010-11-15,USDCHF,51073.1
2010-11-16,USDCHF,55526.3
2010-11-17,USDCHF,46336.2
2010-11-18,USDCHF,50346.1
2010-11-19,USDCHF,43400.5
2010-11-21,USDCHF,7967.5
2010-11-22,USDCHF,40900.3
2010-11-23,USDCHF,51276.5
2010-11-24,USDCHF,50806.1
2010-11-25,USDCHF,56893.6
2010-11-26,USDCHF,41747.8
2010-11-28,USDCHF,8129.9
2010-11-29,USDCHF,82192.6
2010-11-30,USDCHF,150907.0
2010-12-01,USDCHF,136297.5
2010-12-02,USDCHF,122685.2
2010-12-03,USDCHF,105091.6
2010-12-05,USDCHF,20130.6
2010-12-06,USDCHF,129354.0
2010-12-07,USDCHF,112606.1
2010-12-08,USDCHF,114575.2
2010-12-09,USDCHF,120830.9
2010-12-10,USDCHF,92203.4
2010-12-12,USDCHF,10526.3
2010-12-13,USDCHF,119372.6
2010-12-14,USDCHF,140023.7
2010-12-15,USDCHF,142916.0
2010-12-16,USDCHF,134709.9
2010-12-17,USDCHF,126846.5
2010-12-19,USDCHF,20600.0
2010-12-20,USDCHF,131684.2
2010-12-21,USDCHF,134061.6
2010-12-22,USDCHF,137225.8
2010-12-23,USDCHF,111504.0
2010-12-24,USDCHF,47633.5
2010-12-26,USDCHF,9199.3
2010-12-27,USDCHF,74147.9
2010-12-28,USDCHF,112297.4
2010-12-29,USDCHF,83972.4
2010-12-30,USDCHF,81166.5
2010-12-31,USDCHF,68727.6
2011-01-02,USDCHF,12176.4
2011-01-03,USDCHF,78930.2
2011-01-04,USDCHF,140318.5
2011-01-05,USDCHF,125091.1
2011-01-06,USDCHF,120992.6
2011-01-07,USDCHF,119396.5
2011-01-09,USDCHF,18102.0
2011-01-10,USDCHF,114838.8
2011-01-11,USDCHF,116777.4
2011-01-12,USDCHF,133837.0
2011-01-13,USDCHF,126580.3
2011-01-14,USDCHF,104863.5
2011-01-16,USDCHF,16423.2
2011-01-17,USDCHF,110997.3
2011-01-18,USDCHF,142047.6
2011-01-19,USDCHF,127868.0
2011-01-20,USDCHF,152174.4
2011-01-21,USDCHF,119488.1
2011-01-23,USDCHF,15916.6
2011-01-24,USDCHF,132919.3
2011-01-25,USDCHF,136979.4
2011-01-26,USDCHF,129308.0
2011-01-27,USDCHF,138816.1
2011-01-28,USDCHF,129705.0
2011-01-30,USDCHF,27051.4
2011-01-31,USDCHF,123188.0
2011-02-01,USDCHF,155477.2
2011-02-02,USDCHF,156123.6
2011-02-03,USDCHF,185660.4
2011-02-04,USDCHF,171456.3
2011-02-06,USDCHF,20087.0
2011-02-07,USDCHF,189368.8
2011-02-08,USDCHF,196705.1
2011-02-09,USDCHF,158739.9
2011-02-10,USDCHF,159796.5
2011-02-11,USDCHF,136543.9
2011-02-13,USDCHF,18326.8
2011-02-14,USDCHF,134529.6
2011-02-15,USDCHF,175025.8
2011-02-16,USDCHF,182731.0
2011-02-17,USDCHF,174918.3
2011-02-18,USDCHF,166568.6
2011-02-20,USDCHF,11843.6
2011-02-21,USDCHF,116903.6
2011-02-22,USDCHF,198111.1
2011-02-23,USDCHF,169205.0
2011-02-24,USDCHF,220297.0
2011-02-25,USDCHF,164130.1
2011-02-27,USDCHF,23921.5
2011-02-28,USDCHF,169240.8
2011-03-01,USDCHF,168066.7
2011-03-02,USDCHF,157174.8
2011-03-03,USDCHF,158947.1
2011-03-04,USDCHF,131165.7
2011-03-06,USDCHF,17975.3
2011-03-07,USDCHF,143863.7
2011-03-08,USDCHF,138781.0
2011-03-09,USDCHF,134081.3
2011-03-10,USDCHF,190260.8
2011-03-11,USDCHF,175813.5
2011-03-13,USDCHF,30270.2
2011-03-14,USDCHF,158492.5
2011-03-15,USDCHF,229115.2
2011-03-16,USDCHF,210623.9
2011-03-17,USDCHF,206425.2
2011-03-18,USDCHF,180173.9
2011-03-20,USDCHF,19090.3
2011-03-21,USDCHF,161555.2
2011-03-22,USDCHF,148981.4
2011-03-23,USDCHF,176462.6
2011-03-24,USDCHF,153555.8
2011-03-25,USDCHF,141734.5
2011-03-27,USDCHF,16776.5
2011-03-28,USDCHF,146567.8
2011-03-29,USDCHF,147842.5
2011-03-30,USDCHF,170595.6
2011-03-31,USDCHF,160470.5
2011-04-01,USDCHF,159521.4
2011-04-03,USDCHF,8905.8
2011-04-04,USDCHF,133535.4
2011-04-05,USDCHF,127771.6
2011-04-06,USDCHF,161016.9
2011-04-07,USDCHF,143876.5
2011-04-08,USDCHF,133450.8
2011-04-10,USDCHF,13420.7
2011-04-11,USDCHF,118016.9
2011-04-12,USDCHF,158525.9
2011-04-13,USDCHF,138003.9
2011-04-14,USDCHF,144728.0
2011-04-15,USDCHF,117934.4
2011-04-17,USDCHF,22542.1
2011-04-18,USDCHF,147520.6
2011-04-19,USDCHF,166633.3
2011-04-20,USDCHF,180110.8
2011-04-21,USDCHF,151775.2
2011-04-22,USDCHF,38066.8
2011-04-24,USDCHF,11472.1
2011-04-25,USDCHF,120895.5
2011-04-26,USDCHF,169379.1
2011-04-27,USDCHF,174557.9
2011-04-28,USDCHF,139415.7
2011-04-29,USDCHF,112978.7
2011-05-01,USDCHF,22392.5
2011-05-02,USDCHF,123958.7
2011-05-03,USDCHF,134803.4
2011-05-04,USDCHF,186512.2
2011-05-05,USDCHF,174515.7
2011-05-06,USDCHF,184784.7
2011-05-08,USDCHF,16497.8
2011-05-09,USDCHF,172360.9
2011-05-10,USDCHF,215096.0
2011-05-11,USDCHF,182694.0
2011-05-12,USDCHF,179100.6
2011-05-13,USDCHF,178382.6
2011-05-15,USDCHF,22633.4
2011-05-16,USDCHF,148349.0
2011-05-17,USDCHF,165791.9
2011-05-18,USDCHF,132360.0
2011-05-19,USDCHF,138006.7
2011-05-20,USDCHF,147390.4
2011-05-22,USDCHF,19255.2
2011-05-23,USDCHF,145381.6
2011-05-24,USDCHF,118800.1
2011-05-25,USDCHF,123855.9
2011-05-26,USDCHF,127379.5
2011-05-27,USDCHF,155337.1
2011-05-29,USDCHF,20533.9
2011-05-30,USDCHF,78618.6
2011-05-31,USDCHF,132944.1
2011-06-01,USDCHF,132179.3
2011-06-02,USDCHF,115190.9
2011-06-03,USDCHF,117908.1
2011-06-05,USDCHF,21650.3
2011-06-06,USDCHF,119234.3
2011-06-07,USDCHF,122731.7
2011-06-08,USDCHF,122179.6
2011-06-09,USDCHF,127560.5
2011-06-10,USDCHF,107962.6
2011-06-12,USDCHF,11294.4
2011-06-13,USDCHF,112376.9
2011-06-14,USDCHF,137316.1
2011-06-15,USDCHF,142259.8
2011-06-16,USDCHF,157699.1
2011-06-17,USDCHF,127616.8
2011-06-19,USDCHF,13362.5
2011-06-20,USDCHF,132041.5
2011-06-21,USDCHF,108819.2
2011-06-22,USDCHF,103580.1
2011-06-23,USDCHF,130464.4
2011-06-24,USDCHF,115550.3
2011-06-26,USDCHF,12639.2
2011-06-27,USDCHF,111657.2
2011-06-28,USDCHF,127432.5
2011-06-29,USDCHF,132260.3
2011-06-30,USDCHF,114694.7
2011-07-01,USDCHF,109258.6
2011-07-03,USDCHF,14665.9
2011-07-04,USDCHF,84185.7
2011-07-05,USDCHF,109637.4
2011-07-06,USDCHF,123861.1
2011-07-07,USDCHF,115839.2
2011-07-08,USDCHF,118992.5
2011-07-10,USDCHF,13799.2
2011-07-11,USDCHF,126291.1
2011-07-12,USDCHF,159615.4
2011-07-13,USDCHF,138791.1
2011-07-14,USDCHF,123699.4
2011-07-15,USDCHF,120895.0
2011-07-17,USDCHF,14000.6
2011-07-18,USDCHF,123443.5
2011-07-19,USDCHF,125381.3
2011-07-20,USDCHF,111343.6
2011-07-21,USDCHF,133869.6
2011-07-22,USDCHF,114395.2
2011-07-24,USDCHF,14905.5
2011-07-25,USDCHF,111377.0
2011-07-26,USDCHF,124831.8
2011-07-27,USDCHF,113085.2
2011-07-28,USDCHF,116754.4
2011-07-29,USDCHF,130423.6
2011-07-31,USDCHF,20241.7
2011-08-01,USDCHF,145128.0
2011-08-02,USDCHF,159744.4
2011-08-03,USDCHF,158313.5
2011-08-04,USDCHF,168205.5
2011-08-05,USDCHF,152673.9
2011-08-07,USDCHF,27592.7
2011-08-08,USDCHF,172432.5
2011-08-09,USDCHF,191272.0
2011-08-10,USDCHF,161606.4
2011-08-11,USDCHF,172512.6
2011-08-12,USDCHF,140730.5
2011-08-14,USDCHF,13709.1
2011-08-15,USDCHF,132773.5
2011-08-16,USDCHF,138628.1
2011-08-17,USDCHF,153281.0
2011-08-18,USDCHF,148366.1
2011-08-19,USDCHF,143318.1
2011-08-21,USDCHF,15849.9
2011-08-22,USDCHF,130685.6
2011-08-23,USDCHF,122848.3
2011-08-24,USDCHF,126195.6
2011-08-25,USDCHF,127406.6
2011-08-26,USDCHF,136005.3
2011-08-28,USDCHF,13391.1
2011-08-29,USDCHF,109485.9
2011-08-30,USDCHF,114841.7
2011-08-31,USDCHF,125141.6
2011-09-01,USDCHF,125249.8
2011-09-02,USDCHF,124395.5
2011-09-04,USDCHF,13412.1
2011-09-05,USDCHF,108785.6
2011-09-06,USDCHF,173259.3
2011-09-07,USDCHF,126675.8
2011-09-08,USDCHF,144157.5
2011-09-09,USDCHF,158500.6
2011-09-11,USDCHF,17551.3
2011-09-12,USDCHF,200541.0
2011-09-13,USDCHF,183057.3
2011-09-14,USDCHF,201459.6
2011-09-15,USDCHF,162834.9
2011-09-16,USDCHF,148410.2
2011-09-18,USDCHF,16347.6
2011-09-19,USDCHF,177666.9
2011-09-20,USDCHF,174873.9
2011-09-21,USDCHF,158971.5
2011-09-22,USDCHF,180420.1
2011-09-23,USDCHF,161319.8
2011-09-25,USDCHF,23251.9
2011-09-26,USDCHF,175762.1
2011-09-27,USDCHF,155861.0
2011-09-28,USDCHF,150053.0
2011-09-29,USDCHF,147855.5
2011-09-30,USDCHF,136595.6
2011-10-02,USDCHF,18808.8
2011-10-03,USDCHF,159914.1
2011-10-04,USDCHF,173779.9
2011-10-05,USDCHF,174520.4
2011-10-06,USDCHF,160755.3
2011-10-07,USDCHF,150245.2
2011-10-09,USDCHF,16968.4
2011-10-10,USDCHF,157229.6
2011-10-11,USDCHF,162315.3
2011-10-12,USDCHF,171241.0
2011-10-13,USDCHF,166790.4
2011-10-14,USDCHF,142852.8
2011-10-16,USDCHF,19977.0
2011-10-17,USDCHF,154544.7
2011-10-18,USDCHF,172253.1
2011-10-19,USDCHF,157337.3
2011-10-20,USDCHF,164451.7
2011-10-21,USDCHF,144401.0
2011-10-23,USDCHF,25002.2
2011-10-24,USDCHF,147291.0
2011-10-25,USDCHF,148478.0
2011-10-26,USDCHF,133256.1
2011-10-27,USDCHF,161840.3
2011-10-28,USDCHF,114517.0
2011-10-30,USDCHF,9495.2
2011-10-31,USDCHF,148035.8
2011-11-01,USDCHF,169551.1
2011-11-02,USDCHF,144758.4
2011-11-03,USDCHF,151448.0
2011-11-04,USDCHF,133752.2
2011-11-06,USDCHF,17034.4
2011-11-07,USDCHF,144568.6
2011-11-08,USDCHF,138731.1
2011-11-09,USDCHF,140570.7
2011-11-10,USDCHF,145066.2
2011-11-11,USDCHF,122830.7
2011-11-13,USDCHF,13271.9
2011-11-14,USDCHF,168356.2
2011-11-15,USDCHF,176788.2
2011-11-16,USDCHF,192668.5
2011-11-17,USDCHF,191473.7
2011-11-18,USDCHF,176054.9
2011-11-20,USDCHF,12507.7
2011-11-21,USDCHF,176419.0
2011-11-22,USDCHF,163749.5
2011-11-23,USDCHF,178842.5
2011-11-24,USDCHF,127075.3
2011-11-25,USDCHF,154632.9
2011-11-27,USDCHF,25442.9
2011-11-28,USDCHF,161727.9
2011-11-29,USDCHF,176943.5
2011-11-30,USDCHF,174366.6
2011-12-01,USDCHF,161882.3
2011-12-02,USDCHF,141023.0
2011-12-04,USDCHF,15695.8
2011-12-05,USDCHF,162763.4
2011-12-06,USDCHF,164212.2
2011-12-07,USDCHF,159134.2
2011-12-08,USDCHF,170952.1
2011-12-09,USDCHF,168077.9
2011-12-11,USDCHF,16251.2
2011-12-12,USDCHF,185448.7
2011-12-13,USDCHF,197945.3
2011-12-14,USDCHF,190263.9
2011-12-15,USDCHF,201715.4
2011-12-16,USDCHF,182897.5
2011-12-18,USDCHF,21267.0
2011-12-19,USDCHF,186261.8
2011-12-20,USDCHF,170099.8
2011-12-21,USDCHF,183849.2
2011-12-22,USDCHF,160579.4
2011-12-23,USDCHF,132926.0
2011-12-25,USDCHF,2170.9
2011-12-26,USDCHF,19671.0
2011-12-27,USDCHF,87593.1
2011-12-28,USDCHF,160961.3
2011-12-29,USDCHF,177981.3
2011-12-30,USDCHF,151532.1
2012-01-01,USDCHF,3287.2
2012-01-02,USDCHF,36509.4
2012-01-03,USDCHF,193709.1
2012-01-04,USDCHF,212819.2
2012-01-05,USDCHF,221578.5
2012-01-06,USDCHF,188786.4
2012-01-08,USDCHF,16617.8
2012-01-09,USDCHF,218819.8
2012-01-10,USDCHF,202308.0
2012-01-11,USDCHF,217269.4
2012-01-12,USDCHF,212223.4
2012-01-13,USDCHF,236765.3
2012-01-15,USDCHF,21413.4
2012-01-16,USDCHF,176622.4
2012-01-17,USDCHF,214402.2
2012-01-18,USDCHF,220992.0
2012-01-19,USDCHF,215278.9
2012-01-20,USDCHF,193809.1
2012-01-22,USDCHF,16895.2
2012-01-23,USDCHF,183016.3
2012-01-24,USDCHF,190510.0
2012-01-25,USDCHF,200031.0
2012-01-26,USDCHF,190188.4
2012-01-27,USDCHF,190424.2
2012-01-29,USDCHF,14166.5
2012-01-30,USDCHF,187375.9
2012-01-31,USDCHF,214150.4
2012-02-01,USDCHF,219196.6
2012-02-02,USDCHF,187854.2
2012-02-03,USDCHF,182370.4
2012-02-05,USDCHF,15278.4
2012-02-06,USDCHF,167859.4
2012-02-07,USDCHF,178189.3
2012-02-08,USDCHF,176550.4
2012-02-09,USDCHF,179609.5
2012-02-10,USDCHF,154738.6
2012-02-12,USDCHF,23256.7
2012-02-13,USDCHF,164833.7
2012-02-14,USDCHF,167751.5
2012-02-15,USDCHF,182869.2
2012-02-16,USDCHF,185303.7
2012-02-17,USDCHF,142747.3
2012-02-19,USDCHF,21208.2
2012-02-20,USDCHF,118720.9
2012-02-21,USDCHF,175627.9
2012-02-22,USDCHF,159458.1
2012-02-23,USDCHF,166547.5
2012-02-24,USDCHF,150066.8
2012-02-26,USDCHF,29438.4
2012-02-27,USDCHF,168231.1
2012-02-28,USDCHF,182553.7
2012-02-29,USDCHF,204296.9
2012-03-01,USDCHF,190533.6
2012-03-02,USDCHF,172369.1
2012-03-04,USDCHF,21385.2
2012-03-05,USDCHF,175496.5
2012-03-06,USDCHF,195789.1
2012-03-07,USDCHF,166290.9
2012-03-08,USDCHF,164218.1
2012-03-09,USDCHF,168469.2
2012-03-11,USDCHF,15843.4
2012-03-12,USDCHF,140364.0
2012-03-13,USDCHF,162979.4
2012-03-14,USDCHF,171379.8
2012-03-15,USDCHF,165937.6
2012-03-16,USDCHF,140875.3
2012-03-18,USDCHF,20535.1
2012-03-19,USDCHF,133189.2
2012-03-20,USDCHF,153200.2
2012-03-21,USDCHF,156502.0
2012-03-22,USDCHF,174968.3
2012-03-23,USDCHF,156959.9
2012-03-25,USDCHF,11708.8
2012-03-26,USDCHF,167797.2
2012-03-27,USDCHF,156380.0
2012-03-28,USDCHF,164302.8
2012-03-29,USDCHF,170139.7
2012-03-30,USDCHF,156076.9
2012-04-01,USDCHF,13929.4
2012-04-02,USDCHF,156069.5
2012-04-03,USDCHF,162418.8
2012-04-04,USDCHF,172209.4
2012-04-05,USDCHF,140075.7
2012-04-06,USDCHF,50800.5
2012-04-08,USDCHF,7887.1
2012-04-09,USDCHF,92646.5
2012-04-10,USDCHF,177633.4
2012-04-11,USDCHF,171113.0
2012-04-12,USDCHF,170717.7
2012-04-13,USDCHF,155708.1
2012-04-15,USDCHF,17095.2
2012-04-16,USDCHF,192805.0
2012-04-17,USDCHF,170964.6
2012-04-18,USDCHF,173797.0
2012-04-19,USDCHF,184335.0
2012-04-20,USDCHF,175666.0
2012-04-22,USDCHF,12828.2
2012-04-23,USDCHF,157654.3
2012-04-24,USDCHF,154331.6
2012-04-25,USDCHF,163454.6
2012-04-26,USDCHF,157265.7
2012-04-27,USDCHF,161261.7
2012-04-29,USDCHF,11585.1
2012-04-30,USDCHF,141682.8
2012-05-01,USDCHF,108676.1
2012-05-02,USDCHF,154677.3
2012-05-03,USDCHF,141251.8
2012-05-04,USDCHF,141396.5
2012-05-06,USDCHF,17468.4
2012-05-07,USDCHF,159770.4
2012-05-08,USDCHF,173169.1
2012-05-09,USDCHF,207198.5
2012-05-10,USDCHF,181898.1
2012-05-11,USDCHF,174677.3
2012-05-13,USDCHF,15520.6
2012-05-14,USDCHF,195409.8
2012-05-15,USDCHF,220978.4
2012-05-16,USDCHF,244419.3
2012-05-17,USDCHF,224882.6
2012-05-18,USDCHF,225470.1
2012-05-20,USDCHF,19374.5
2012-05-21,USDCHF,213559.0
2012-05-22,USDCHF,229264.0
2012-05-23,USDCHF,259082.7
2012-05-24,USDCHF,251984.3
2012-05-25,USDCHF,196744.1
2012-05-27,USDCHF,19755.2
2012-05-28,USDCHF,135921.5
2012-05-29,USDCHF,214246.1
2012-05-30,USDCHF,241861.5
2012-05-31,USDCHF,229644.0
2012-06-01,USDCHF,243114.5
2012-06-03,USDCHF,16783.0
2012-06-04,USDCHF,204199.3
2012-06-05,USDCHF,217762.0
2012-06-06,USDCHF,252547.7
2012-06-07,USDCHF,219513.8
2012-06-08,USDCHF,211829.9
2012-06-10,USDCHF,28716.0
2012-06-11,USDCHF,221710.7
2012-06-12,USDCHF,225968.9
2012-06-13,USDCHF,225300.6
2012-06-14,USDCHF,218978.1
2012-06-15,USDCHF,189302.4
2012-06-17,USDCHF,20638.5
2012-06-18,USDCHF,208258.1
2012-06-19,USDCHF,229449.1
2012-06-20,USDCHF,212958.8
2012-06-21,USDCHF,232534.3
2012-06-22,USDCHF,190109.5
2012-06-24,USDCHF,15415.9
2012-06-25,USDCHF,175805.3
2012-06-26,USDCHF,191817.5
2012-06-27,USDCHF,172901.0
2012-06-28,USDCHF,204080.4
2012-06-29,USDCHF,222054.4
2012-07-01,USDCHF,22099.8
2012-07-02,USDCHF,174773.8
2012-07-03,USDCHF,149541.6
2012-07-04,USDCHF,114068.5
2012-07-05,USDCHF,176997.1
2012-07-06,USDCHF,164902.0
2012-07-08,USDCHF,19680.5
2012-07-09,USDCHF,162568.7
2012-07-10,USDCHF,158468.1
2012-07-11,USDCHF,153321.1
2012-07-12,USDCHF,161521.6
2012-07-13,USDCHF,143188.2
2012-07-15,USDCHF,11352.3
2012-07-16,USDCHF,148409.8
2012-07-17,USDCHF,167936.2
2012-07-18,USDCHF,163746.0
2012-07-19,USDCHF,167104.8
2012-07-20,USDCHF,157305.2
2012-07-22,USDCHF,18220.6
2012-07-23,USDCHF,190458.8
2012-07-24,USDCHF,187968.5
2012-07-25,USDCHF,190555.7
2012-07-26,USDCHF,189270.9
2012-07-27,USDCHF,199038.6
2012-07-29,USDCHF,6380.9
2012-07-30,USDCHF,176107.3
2012-07-31,USDCHF,180729.4
2012-08-01,USDCHF,159714.8
2012-08-02,USDCHF,178710.4
2012-08-03,USDCHF,170422.5
2012-08-05,USDCHF,22449.1
2012-08-06,USDCHF,160668.5
2012-08-07,USDCHF,145857.8
2012-08-08,USDCHF,144197.3
2012-08-09,USDCHF,144371.5
2012-08-10,USDCHF,137522.3
2012-08-12,USDCHF,12854.5
2012-08-13,USDCHF,145865.1
2012-08-14,USDCHF,132266.4
2012-08-15,USDCHF,117120.8
2012-08-16,USDCHF,124912.3
2012-08-17,USDCHF,114831.8
2012-08-19,USDCHF,13229.5
2012-08-20,USDCHF,121168.7
2012-08-21,USDCHF,151738.5
2012-08-22,USDCHF,149145.3
2012-08-23,USDCHF,160248.5
2012-08-24,USDCHF,145120.5
2012-08-26,USDCHF,10644.0
2012-08-27,USDCHF,85706.6
2012-08-28,USDCHF,144673.6
2012-08-29,USDCHF,129982.7
2012-08-30,USDCHF,127426.6
2012-08-31,USDCHF,153806.8
2012-09-02,USDCHF,15458.9
2012-09-03,USDCHF,103343.0
2012-09-04,USDCHF,136122.9
2012-09-05,USDCHF,157716.9
2012-09-06,USDCHF,157926.5
2012-09-07,USDCHF,143558.5
2012-09-09,USDCHF,7477.8
2012-09-10,USDCHF,117874.6
2012-09-11,USDCHF,134629.4
2012-09-12,USDCHF,142977.2
2012-09-13,USDCHF,145236.7
2012-09-14,USDCHF,145159.6
2012-09-16,USDCHF,9990.5
2012-09-17,USDCHF,129447.3
2012-09-18,USDCHF,142314.9
2012-09-19,USDCHF,149154.1
2012-09-20,USDCHF,149564.9
2012-09-21,USDCHF,138878.8
2012-09-23,USDCHF,12143.5
2012-09-24,USDCHF,117267.4
2012-09-25,USDCHF,136116.0
2012-09-26,USDCHF,131782.0
2012-09-27,USDCHF,123898.9
2012-09-28,USDCHF,136582.6
2012-09-30,USDCHF,14239.3
2012-10-01,USDCHF,138045.5
2012-10-02,USDCHF,128756.1
2012-10-03,USDCHF,135277.9
2012-10-04,USDCHF,145796.8
2012-10-05,USDCHF,130293.8
2012-10-07,USDCHF,12708.1
2012-10-08,USDCHF,117799.6
2012-10-09,USDCHF,151463.7
2012-10-10,USDCHF,150308.9
2012-10-11,USDCHF,137287.0
2012-10-12,USDCHF,122704.5
2012-10-14,USDCHF,11126.6
2012-10-15,USDCHF,125542.7
2012-10-16,USDCHF,138274.7
2012-10-17,USDCHF,146163.8
2012-10-18,USDCHF,133814.4
2012-10-19,USDCHF,118942.0
2012-10-21,USDCHF,10220.2
2012-10-22,USDCHF,122484.4
2012-10-23,USDCHF,132827.2
2012-10-24,USDCHF,141278.0
2012-10-25,USDCHF,140561.1
2012-10-26,USDCHF,135980.2
2012-10-28,USDCHF,21067.4
2012-10-29,USDCHF,96739.5
2012-10-30,USDCHF,108115.0
2012-10-31,USDCHF,129102.4
2012-11-01,USDCHF,119077.2
2012-11-02,USDCHF,130026.7
2012-11-04,USDCHF,17727.1
2012-11-05,USDCHF,128526.8
2012-11-06,USDCHF,126895.0
2012-11-07,USDCHF,176783.1
2012-11-08,USDCHF,151137.4
2012-11-09,USDCHF,131391.8
2012-11-11,USDCHF,10753.6
2012-11-12,USDCHF,88356.6
2012-11-13,USDCHF,131745.2
2012-11-14,USDCHF,122240.0
2012-11-15,USDCHF,111594.9
2012-11-16,USDCHF,112533.4
2012-11-18,USDCHF,19018.5
2012-11-19,USDCHF,107918.0
2012-11-20,USDCHF,113076.1
2012-11-21,USDCHF,114291.2
2012-11-22,USDCHF,87716.2
2012-11-23,USDCHF,95848.4
2012-11-25,USDCHF,22314.8
2012-11-26,USDCHF,101632.1
2012-11-27,USDCHF,113000.8
2012-11-28,USDCHF,120130.1
2012-11-29,USDCHF,97808.1
2012-11-30,USDCHF,109773.4
2012-12-02,USDCHF,15038.0
2012-12-03,USDCHF,101933.8
2012-12-04,USDCHF,101287.2
2012-12-05,USDCHF,111389.7
2012-12-06,USDCHF,120863.9
2012-12-07,USDCHF,110759.6
2012-12-09,USDCHF,15361.4
2012-12-10,USDCHF,96763.8
2012-12-11,USDCHF,110465.5
2012-12-12,USDCHF,105844.8
2012-12-13,USDCHF,109119.2
2012-12-14,USDCHF,103668.6
2012-12-16,USDCHF,18684.7
2012-12-17,USDCHF,90890.0
2012-12-18,USDCHF,93890.0
2012-12-19,USDCHF,108502.4
2012-12-20,USDCHF,105192.7
2012-12-21,USDCHF,114473.1
2012-12-23,USDCHF,12853.2
2012-12-24,USDCHF,61604.8
2012-12-25,USDCHF,36781.6
2012-12-26,USDCHF,74349.4
2012-12-27,USDCHF,94297.3
2012-12-28,USDCHF,97674.4
2012-12-30,USDCHF,14194.1
2012-12-31,USDCHF,96119.9
2013-01-01,USDCHF,4880.6
2013-01-02,USDCHF,139551.3
2013-01-03,USDCHF,122022.3
2013-01-04,USDCHF,119496.1
2013-01-06,USDCHF,3355.2
2013-01-07,USDCHF,106953.8
2013-01-08,USDCHF,112101.0
2013-01-09,USDCHF,112730.2
2013-01-10,USDCHF,140301.2
2013-01-11,USDCHF,132697.6
2013-01-13,USDCHF,6444.5
2013-01-14,USDCHF,134802.6
2013-01-15,USDCHF,167142.2
2013-01-16,USDCHF,143423.9
2013-01-17,USDCHF,153999.3
2013-01-18,USDCHF,153736.8
2013-01-20,USDCHF,4333.4
2013-01-21,USDCHF,102083.8
2013-01-22,USDCHF,156657.1
2013-01-23,USDCHF,124464.5
2013-01-24,USDCHF,139776.8
2013-01-25,USDCHF,144691.7
2013-01-27,USDCHF,7382.0
2013-01-28,USDCHF,127078.3
2013-01-29,USDCHF,133734.8
2013-01-30,USDCHF,145678.3
2013-01-31,USDCHF,133853.3
2013-02-01,USDCHF,157716.0
2013-02-03,USDCHF,7138.2
2013-02-04,USDCHF,128578.5
2013-02-05,USDCHF,149301.1
2013-02-06,USDCHF,148027.2
2013-02-07,USDCHF,153684.6
2013-02-08,USDCHF,122046.9
2013-02-10,USDCHF,8850.1
2013-02-11,USDCHF,133887.7
2013-02-12,USDCHF,136993.8
2013-02-13,USDCHF,121382.5
2013-02-14,USDCHF,134897.6
2013-02-15,USDCHF,123213.3
2013-02-17,USDCHF,5111.9
2013-02-18,USDCHF,105661.1
2013-02-19,USDCHF,105170.9
2013-02-20,USDCHF,123799.1
2013-02-21,USDCHF,137056.6
2013-02-22,USDCHF,123878.8
2013-02-24,USDCHF,10094.4
2013-02-25,USDCHF,203898.4
2013-02-26,USDCHF,212061.0
2013-02-27,USDCHF,181162.0
2013-02-28,USDCHF,152657.7
2013-03-01,USDCHF,162344.2
2013-03-03,USDCHF,6819.0
2013-03-04,USDCHF,122635.5
2013-03-05,USDCHF,128052.6
2013-03-06,USDCHF,122706.2
2013-03-07,USDCHF,152600.9
2013-03-08,USDCHF,140214.1
2013-03-10,USDCHF,10865.7
2013-03-11,USDCHF,120032.1
2013-03-12,USDCHF,140636.6
2013-03-13,USDCHF,128462.3
2013-03-14,USDCHF,142270.7
2013-03-15,USDCHF,134806.8
2013-03-17,USDCHF,20213.4
2013-03-18,USDCHF,158563.4
2013-03-19,USDCHF,163712.3
2013-03-20,USDCHF,147686.8
2013-03-21,USDCHF,164378.6
2013-03-22,USDCHF,143872.8
2013-03-24,USDCHF,12657.0
2013-03-25,USDCHF,164736.4
2013-03-26,USDCHF,124033.4
2013-03-27,USDCHF,120464.9
2013-03-28,USDCHF,118331.7
2013-03-29,USDCHF,59379.4
2013-03-31,USDCHF,4569.9
2013-04-01,USDCHF,70581.5
2013-04-02,USDCHF,125098.3
2013-04-03,USDCHF,112760.7
2013-04-04,USDCHF,155775.2
2013-04-05,USDCHF,125723.7
2013-04-07,USDCHF,8723.4
2013-04-08,USDCHF,110593.5
2013-04-09,USDCHF,123664.6
2013-04-10,USDCHF,109889.1
2013-04-11,USDCHF,116849.5
2013-04-12,USDCHF,111599.1
2013-04-14,USDCHF,5338.0
2013-04-15,USDCHF,150556.1
2013-04-16,USDCHF,152556.9
2013-04-17,USDCHF,165261.5
2013-04-18,USDCHF,160924.5
2013-04-19,USDCHF,141961.5
2013-04-21,USDCHF,5848.4
2013-04-22,USDCHF,122365.4
2013-04-23,USDCHF,148827.5
2013-04-24,USDCHF,127003.6
2013-04-25,USDCHF,130984.3
2013-04-26,USDCHF,124800.6
2013-04-28,USDCHF,8218.8
2013-04-29,USDCHF,115203.6
2013-04-30,USDCHF,132137.2
2013-05-01,USDCHF,110199.3
2013-05-02,USDCHF,142718.6
2013-05-03,USDCHF,139603.4
2013-05-05,USDCHF,5995.0
2013-05-06,USDCHF,89534.7
2013-05-07,USDCHF,111892.7
2013-05-08,USDCHF,121616.3
2013-05-09,USDCHF,136422.6
2013-05-10,USDCHF,166303.6
2013-05-12,USDCHF,8581.3
2013-05-13,USDCHF,143648.9
2013-05-14,USDCHF,168380.5
2013-05-15,USDCHF,165037.0
2013-05-16,USDCHF,151474.1
2013-05-17,USDCHF,133330.5
2013-05-19,USDCHF,6199.7
2013-05-20,USDCHF,119947.0
2013-05-21,USDCHF,151235.8
2013-05-22,USDCHF,190234.5
2013-05-23,USDCHF,199775.0
2013-05-24,USDCHF,140311.0
2013-05-26,USDCHF,7543.3
2013-05-27,USDCHF,82040.7
2013-05-28,USDCHF,150952.1
2013-05-29,USDCHF,186660.8
2013-05-30,USDCHF,176467.3
2013-05-31,USDCHF,162712.3
2013-06-02,USDCHF,8234.4
2013-06-03,USDCHF,163060.6
2013-06-04,USDCHF,157572.9
2013-06-05,USDCHF,171447.2
2013-06-06,USDCHF,188043.3
2013-06-07,USDCHF,177863.3
2013-06-09,USDCHF,7557.5
2013-06-10,USDCHF,146551.7
2013-06-11,USDCHF,177302.5
2013-06-12,USDCHF,161189.1
2013-06-13,USDCHF,183262.5
2013-06-14,USDCHF,143045.3
2013-06-16,USDCHF,4273.3
2013-06-17,USDCHF,112519.6
2013-06-18,USDCHF,126868.5
2013-06-19,USDCHF,133844.5
2013-06-20,USDCHF,195998.8
2013-06-21,USDCHF,140873.5
2013-06-23,USDCHF,6835.4
2013-06-24,USDCHF,157757.5
2013-06-25,USDCHF,138499.9
2013-06-26,USDCHF,138235.7
2013-06-27,USDCHF,132101.1
2013-06-28,USDCHF,128781.7
2013-06-30,USDCHF,9082.3
2013-07-01,USDCHF,107600.2
2013-07-02,USDCHF,112818.5
2013-07-03,USDCHF,133059.3
2013-07-04,USDCHF,107727.4
2013-07-05,USDCHF,122540.2
2013-07-07,USDCHF,9245.1
2013-07-08,USDCHF,100262.4
2013-07-09,USDCHF,129965.3
2013-07-10,USDCHF,152342.3
2013-07-11,USDCHF,167899.5
2013-07-12,USDCHF,107362.4
2013-07-14,USDCHF,4143.3
2013-07-15,USDCHF,132519.1
2013-07-16,USDCHF,134231.9
2013-07-17,USDCHF,134631.3
2013-07-18,USDCHF,112072.1
2013-07-19,USDCHF,97816.0
2013-07-21,USDCHF,3708.1
2013-07-22,USDCHF,194084.4
2013-07-23,USDCHF,215532.7
2013-07-24,USDCHF,229633.9
2013-07-25,USDCHF,216299.1
2013-07-26,USDCHF,202762.0
2013-07-28,USDCHF,13555.9
2013-07-29,USDCHF,93638.0
2013-07-30,USDCHF,105053.6
2013-07-31,USDCHF,144032.3
2013-08-01,USDCHF,129498.0
2013-08-02,USDCHF,115236.4
2013-08-04,USDCHF,4643.9
2013-08-05,USDCHF,99369.2
2013-08-06,USDCHF,108689.4
2013-08-07,USDCHF,120161.2
2013-08-08,USDCHF,110421.1
2013-08-09,USDCHF,79265.6
2013-08-11,USDCHF,7647.9
2013-08-12,USDCHF,80303.1
2013-08-13,USDCHF,110947.7
2013-08-14,USDCHF,100561.1
2013-08-15,USDCHF,140914.9
2013-08-16,USDCHF,114044.5
2013-08-18,USDCHF,4359.7
2013-08-19,USDCHF,97016.6
2013-08-20,USDCHF,118299.3
2013-08-21,USDCHF,121334.2
2013-08-22,USDCHF,108954.1
2013-08-23,USDCHF,113937.8
2013-08-25,USDCHF,3718.7
2013-08-26,USDCHF,66306.7
2013-08-27,USDCHF,110171.8
2013-08-28,USDCHF,112874.8
2013-08-29,USDCHF,117404.1
2013-08-30,USDCHF,99671.5
2013-09-01,USDCHF,5616.8
2013-09-02,USDCHF,73731.5
2013-09-03,USDCHF,100423.1
2013-09-04,USDCHF,90300.6
2013-09-05,USDCHF,112639.3
2013-09-06,USDCHF,103361.5
2013-09-08,USDCHF,4569.0
2013-09-09,USDCHF,79494.8
2013-09-10,USDCHF,84424.0
2013-09-11,USDCHF,95866.9
2013-09-12,USDCHF,97471.5
2013-09-13,USDCHF,85526.4
2013-09-15,USDCHF,7762.5
2013-09-16,USDCHF,76662.4
2013-09-17,USDCHF,70247.9
2013-09-18,USDCHF,114699.9
2013-09-19,USDCHF,116280.8
2013-09-20,USDCHF,103125.7
2013-09-22,USDCHF,3930.5
2013-09-23,USDCHF,94000.9
2013-09-24,USDCHF,80711.5
2013-09-25,USDCHF,79275.5
2013-09-26,USDCHF,78488.8
2013-09-27,USDCHF,78068.5
2013-09-29,USDCHF,5349.1
2013-09-30,USDCHF,85754.8
2013-10-01,USDCHF,109018.4
2013-10-02,USDCHF,107043.9
2013-10-03,USDCHF,99218.1
2013-10-04,USDCHF,89130.7
2013-10-06,USDCHF,3812.9
2013-10-07,USDCHF,79073.7
2013-10-08,USDCHF,99820.5
2013-10-09,USDCHF,136401.0
2013-10-10,USDCHF,106817.2
2013-10-11,USDCHF,91019.6
2013-10-13,USDCHF,4869.4
2013-10-14,USDCHF,75352.5
2013-10-15,USDCHF,123969.9
2013-10-16,USDCHF,137104.1
2013-10-17,USDCHF,134692.7
2013-10-18,USDCHF,85090.7
2013-10-20,USDCHF,5362.8
2013-10-21,USDCHF,81370.5
2013-10-22,USDCHF,104397.4
2013-10-23,USDCHF,104462.4
2013-10-24,USDCHF,113903.1
2013-10-25,USDCHF,123297.8
2013-10-27,USDCHF,4107.1
2013-10-28,USDCHF,98030.4
2013-10-29,USDCHF,113516.8
2013-10-30,USDCHF,132117.9
2013-10-31,USDCHF,140496.2
2013-11-01,USDCHF,130384.0
2013-11-03,USDCHF,3190.8
2013-11-04,USDCHF,76028.7
2013-11-05,USDCHF,100220.8
2013-11-06,USDCHF,99412.5
2013-11-07,USDCHF,166539.2
2013-11-08,USDCHF,188044.3
2013-11-10,USDCHF,5161.5
2013-11-11,USDCHF,110488.3
2013-11-12,USDCHF,175084.5
2013-11-13,USDCHF,159009.5
2013-11-14,USDCHF,175191.3
2013-11-15,USDCHF,118295.8
2013-11-17,USDCHF,3162.2
2013-11-18,USDCHF,109115.6
2013-11-19,USDCHF,130392.7
2013-11-20,USDCHF,149179.8
2013-11-21,USDCHF,161334.9
2013-11-22,USDCHF,105272.3
2013-11-24,USDCHF,4464.2
2013-11-25,USDCHF,109776.8
2013-11-26,USDCHF,125644.3
2013-11-27,USDCHF,135286.9
2013-11-28,USDCHF,89659.6
2013-11-29,USDCHF,120170.3
2013-12-01,USDCHF,3568.1
2013-12-02,USDCHF,138144.2
2013-12-03,USDCHF,144111.5
2013-12-04,USDCHF,188617.7
2013-12-05,USDCHF,156580.3
2013-12-06,USDCHF,124272.0
2013-12-08,USDCHF,2634.3
2013-12-09,USDCHF,70003.1
2013-12-10,USDCHF,80870.5
2013-12-11,USDCHF,87647.2
2013-12-12,USDCHF,111234.5
2013-12-13,USDCHF,82908.3
2013-12-15,USDCHF,2235.1
2013-12-16,USDCHF,78667.8
2013-12-17,USDCHF,77462.8
2013-12-18,USDCHF,118448.4
2013-12-19,USDCHF,97909.9
2013-12-20,USDCHF,104332.7
2013-12-22,USDCHF,2107.9
2013-12-23,USDCHF,77560.0
2013-12-24,USDCHF,73983.2
2013-12-25,USDCHF,2647.3
2013-12-26,USDCHF,79249.0
2013-12-27,USDCHF,128996.8
2013-12-29,USDCHF,2901.3
2013-12-30,USDCHF,106625.1
2013-12-31,USDCHF,76246.1
2014-01-01,USDCHF,2366.2
2014-01-02,USDCHF,150585.5
2014-01-03,USDCHF,135042.3
2014-01-05,USDCHF,2306.8
2014-01-06,USDCHF,120756.9
2014-01-07,USDCHF,122773.9
2014-01-08,USDCHF,140011.9
2014-01-09,USDCHF,128751.5
2014-01-10,USDCHF,113798.2
2014-01-12,USDCHF,2357.7
2014-01-13,USDCHF,100241.5
2014-01-14,USDCHF,105805.5
2014-01-15,USDCHF,123266.2
2014-01-16,USDCHF,132623.7
2014-01-17,USDCHF,95792.7
2014-01-19,USDCHF,2864.2
2014-01-20,USDCHF,79952.7
2014-01-21,USDCHF,95021.6
2014-01-22,USDCHF,76564.3
2014-01-23,USDCHF,108384.1
2014-01-24,USDCHF,102962.5
2014-01-26,USDCHF,2653.1
2014-01-27,USDCHF,87731.1
2014-01-28,USDCHF,81517.9
2014-01-29,USDCHF,107142.2
2014-01-30,USDCHF,101300.0
2014-01-31,USDCHF,104163.4
2014-02-02,USDCHF,2136.5
2014-02-03,USDCHF,93641.4
2014-02-04,USDCHF,81476.2
2014-02-05,USDCHF,84834.2
2014-02-06,USDCHF,85746.5
2014-02-07,USDCHF,74471.0
2014-02-09,USDCHF,2495.9
2014-02-10,USDCHF,61593.5
2014-02-11,USDCHF,79575.9
2014-02-12,USDCHF,80257.9
2014-02-13,USDCHF,91933.8
2014-02-14,USDCHF,71174.7
2014-02-16,USDCHF,2132.0
2014-02-17,USDCHF,57076.1
2014-02-18,USDCHF,83563.5
2014-02-19,USDCHF,74864.8
2014-02-20,USDCHF,68885.7
2014-02-21,USDCHF,59690.6
2014-02-23,USDCHF,1857.0
2014-02-24,USDCHF,60422.4
2014-02-25,USDCHF,59463.2
2014-02-26,USDCHF,67139.5
2014-02-27,USDCHF,66685.0
2014-02-28,USDCHF,77600.8
2014-03-02,USDCHF,4247.6
2014-03-03,USDCHF,68832.7
2014-03-04,USDCHF,70199.9
2014-03-05,USDCHF,68293.3
2014-03-06,USDCHF,82178.7
2014-03-07,USDCHF,68198.7
2014-03-09,USDCHF,2034.1
2014-03-10,USDCHF,51272.2
2014-03-11,USDCHF,57911.0
2014-03-12,USDCHF,71266.4
2014-03-13,USDCHF,94065.4
2014-03-14,USDCHF,75362.7
2014-03-16,USDCHF,2787.1
2014-03-17,USDCHF,67053.1
2014-03-18,USDCHF,71889.6
2014-03-19,USDCHF,81320.3
2014-03-20,USDCHF,89984.3
2014-03-21,USDCHF,61032.7
2014-03-23,USDCHF,2518.4
2014-03-24,USDCHF,79042.3
2014-03-25,USDCHF,93169.9
2014-03-26,USDCHF,86193.1
2014-03-27,USDCHF,94280.5
2014-03-28,USDCHF,76692.4
2014-03-30,USDCHF,3054.4
2014-03-31,USDCHF,80996.2
2014-04-01,USDCHF,66231.9
2014-04-02,USDCHF,62041.4
2014-04-03,USDCHF,81529.9
2014-04-04,USDCHF,74112.5
2014-04-06,USDCHF,2295.4
2014-04-07,USDCHF,67195.8
2014-04-08,USDCHF,90494.8
2014-04-09,USDCHF,89375.2
2014-04-10,USDCHF,87178.2
2014-04-11,USDCHF,79919.6
2014-04-13,USDCHF,3566.9
2014-04-14,USDCHF,79092.4
2014-04-15,USDCHF,83213.8
2014-04-16,USDCHF,73828.7
2014-04-17,USDCHF,69463.2
2014-04-18,USDCHF,25448.4
2014-04-20,USDCHF,1864.4
2014-04-21,USDCHF,43319.4
2014-04-22,USDCHF,64110.5
2014-04-23,USDCHF,73271.4
2014-04-24,USDCHF,73755.5
2014-04-25,USDCHF,56865.2
2014-04-27,USDCHF,1641.2
2014-04-28,USDCHF,69119.9
2014-04-29,USDCHF,65074.2
2014-04-30,USDCHF,78519.4
2014-05-01,USDCHF,49492.1
2014-05-02,USDCHF,64753.7
2014-05-04,USDCHF,1449.4
2014-05-05,USDCHF,48960.0
2014-05-06,USDCHF,62573.3
2014-05-07,USDCHF,64074.7
2014-05-08,USDCHF,86123.4
2014-05-09,USDCHF,72388.6
2014-05-11,USDCHF,2910.9
2014-05-12,USDCHF,61430.6
2014-05-13,USDCHF,87380.9
2014-05-14,USDCHF,83000.6
2014-05-15,USDCHF,106023.3
2014-05-16,USDCHF,66494.6
2014-05-18,USDCHF,2309.3
2014-05-19,USDCHF,71232.6
2014-05-20,USDCHF,64024.1
2014-05-21,USDCHF,76344.1
2014-05-22,USDCHF,64558.7
2014-05-23,USDCHF,54683.7
2014-05-25,USDCHF,1986.3
2014-05-26,USDCHF,42424.1
2014-05-27,USDCHF,60660.4
2014-05-28,USDCHF,63418.8
2014-05-29,USDCHF,60214.6
2014-05-30,USDCHF,60326.3
2014-06-01,USDCHF,2392.4
2014-06-02,USDCHF,64624.4
2014-06-03,USDCHF,66310.8
2014-06-04,USDCHF,67003.5
2014-06-05,USDCHF,114391.7
2014-06-06,USDCHF,84938.7
2014-06-08,USDCHF,2335.9
2014-06-09,USDCHF,73385.0
2014-06-10,USDCHF,88533.6
2014-06-11,USDCHF,87172.0
2014-06-12,USDCHF,89652.8
2014-06-13,USDCHF,81078.0
2014-06-15,USDCHF,4270.1
2014-06-16,USDCHF,75187.1
2014-06-17,USDCHF,67289.5
2014-06-18,USDCHF,79141.5
2014-06-19,USDCHF,66442.6
2014-06-20,USDCHF,48799.9
2014-06-22,USDCHF,3219.8
2014-06-23,USDCHF,59458.4
2014-06-24,USDCHF,61171.5
2014-06-25,USDCHF,58228.1
2014-06-26,USDCHF,50141.2
2014-06-27,USDCHF,45743.4
2014-06-29,USDCHF,2069.2
2014-06-30,USDCHF,61393.2
2014-07-01,USDCHF,55939.9
2014-07-02,USDCHF,55950.8
2014-07-03,USDCHF,61969.4
2014-07-04,USDCHF,37794.0
2014-07-06,USDCHF,4038.3
2014-07-07,USDCHF,47432.7
2014-07-08,USDCHF,45236.8
2014-07-09,USDCHF,62576.3
2014-07-10,USDCHF,63838.2
2014-07-11,USDCHF,48955.5
2014-07-13,USDCHF,3892.0
2014-07-14,USDCHF,48979.8
2014-07-15,USDCHF,66235.0
2014-07-16,USDCHF,57242.4
2014-07-17,USDCHF,63235.0
2014-07-18,USDCHF,54743.9
2014-07-20,USDCHF,3224.2
2014-07-21,USDCHF,44043.4
2014-07-22,USDCHF,58580.3
2014-07-23,USDCHF,46730.5
2014-07-24,USDCHF,51938.6
2014-07-25,USDCHF,53069.8
2014-07-27,USDCHF,4142.0
2014-07-28,USDCHF,47060.1
2014-07-29,USDCHF,63854.2
2014-07-30,USDCHF,86525.1
2014-07-31,USDCHF,81081.9
2014-08-01,USDCHF,74707.6
2014-08-03,USDCHF,3989.2
2014-08-04,USDCHF,50926.9
2014-08-05,USDCHF,62346.2
2014-08-06,USDCHF,65488.6
2014-08-07,USDCHF,68578.7
2014-08-08,USDCHF,73582.4
2014-08-10,USDCHF,4040.9
2014-08-11,USDCHF,54022.2
2014-08-12,USDCHF,55751.4
2014-08-13,USDCHF,60033.2
2014-08-14,USDCHF,61429.9
2014-08-15,USDCHF,59837.8
2014-08-17,USDCHF,4068.4
2014-08-18,USDCHF,46442.2
2014-08-19,USDCHF,72223.6
2014-08-20,USDCHF,65910.7
2014-08-21,USDCHF,53929.0
2014-08-22,USDCHF,62457.9
2014-08-24,USDCHF,6583.0
2014-08-25,USDCHF,63061.9
2014-08-26,USDCHF,72323.1
2014-08-27,USDCHF,69193.3
2014-08-28,USDCHF,71861.5
2014-08-29,USDCHF,75808.5
2014-08-31,USDCHF,4147.2
2014-09-01,USDCHF,50754.7
2014-09-02,USDCHF,63941.9
2014-09-03,USDCHF,72844.4
2014-09-04,USDCHF,96291.4
2014-09-05,USDCHF,77180.1
2014-09-07,USDCHF,6148.3
2014-09-08,USDCHF,88371.4
2014-09-09,USDCHF,105041.7
2014-09-10,USDCHF,113898.1
2014-09-11,USDCHF,96981.8
2014-09-12,USDCHF,94292.5
2014-09-14,USDCHF,4661.2
2014-09-15,USDCHF,80721.2
2014-09-16,USDCHF,102323.0
2014-09-17,USDCHF,118950.8
2014-09-18,USDCHF,120275.9
2014-09-19,USDCHF,100625.0
2014-09-21,USDCHF,3159.4
2014-09-22,USDCHF,78455.9
2014-09-23,USDCHF,82370.0
2014-09-24,USDCHF,83151.3
2014-09-25,USDCHF,105834.6
2014-09-26,USDCHF,80736.3
2014-09-28,USDCHF,4926.0
2014-09-29,USDCHF,108699.0
2014-09-30,USDCHF,100827.2
2014-10-01,USDCHF,108286.1
2014-10-02,USDCHF,131430.6
2014-10-03,USDCHF,89471.5
2014-10-05,USDCHF,2848.1
2014-10-06,USDCHF,83188.4
2014-10-07,USDCHF,130071.3
2014-10-08,USDCHF,109997.1
2014-10-09,USDCHF,137734.2
2014-10-10,USDCHF,99157.0
2014-10-12,USDCHF,5842.8
2014-10-13,USDCHF,109836.1
2014-10-14,USDCHF,103189.1
2014-10-15,USDCHF,162176.3
2014-10-16,USDCHF,156410.4
2014-10-17,USDCHF,92134.6
2014-10-19,USDCHF,7152.0
2014-10-20,USDCHF,99031.5
2014-10-21,USDCHF,102412.2
2014-10-22,USDCHF,96908.0
2014-10-23,USDCHF,93158.4
2014-10-24,USDCHF,87922.3
2014-10-26,USDCHF,5773.6
2014-10-27,USDCHF,104275.1
2014-10-28,USDCHF,104268.2
2014-10-29,USDCHF,102117.8
2014-10-30,USDCHF,112375.5
2014-10-31,USDCHF,126731.8
2014-11-02,USDCHF,4558.6
2014-11-03,USDCHF,122933.8
2014-11-04,USDCHF,124979.7
2014-11-05,USDCHF,148361.3
2014-11-06,USDCHF,179218.5
2014-11-07,USDCHF,156335.0
2014-11-09,USDCHF,7174.5
2014-11-10,USDCHF,118330.9
2014-11-11,USDCHF,125785.0
2014-11-12,USDCHF,143740.8
2014-11-13,USDCHF,121626.0
2014-11-14,USDCHF,135936.8
2014-11-16,USDCHF,4708.7
2014-11-17,USDCHF,126624.6
2014-11-18,USDCHF,120629.2
2014-11-19,USDCHF,140514.4
2014-11-20,USDCHF,155942.4
2014-11-21,USDCHF,154016.3
2014-11-23,USDCHF,7542.2
2014-11-24,USDCHF,114296.2
2014-11-25,USDCHF,130424.6
2014-11-26,USDCHF,116391.3
2014-11-27,USDCHF,80276.5
2014-11-28,USDCHF,89750.5
2014-11-30,USDCHF,6692.3
2014-12-01,USDCHF,126480.1
2014-12-02,USDCHF,100918.8
2014-12-03,USDCHF,118966.0
2014-12-04,USDCHF,157108.0
2014-12-05,USDCHF,125175.4
2014-12-07,USDCHF,4057.1
2014-12-08,USDCHF,105532.2
2014-12-09,USDCHF,157081.6
2014-12-10,USDCHF,142170.6
2014-12-11,USDCHF,176754.0
2014-12-12,USDCHF,141808.8
2014-12-14,USDCHF,6244.4
2014-12-15,USDCHF,126007.3
2014-12-16,USDCHF,178384.2
2014-12-17,USDCHF,176637.3
2014-12-18,USDCHF,165698.9
2014-12-19,USDCHF,109058.1
2014-12-21,USDCHF,2384.2
2014-12-22,USDCHF,75131.8
2014-12-23,USDCHF,72668.8
2014-12-24,USDCHF,39771.5
2014-12-25,USDCHF,6816.1
2014-12-26,USDCHF,42175.2
2014-12-28,USDCHF,5785.9
2014-12-29,USDCHF,79072.4
2014-12-30,USDCHF,79193.4
2014-12-31,USDCHF,64515.7
2015-01-01,USDCHF,4621.7
2015-01-02,USDCHF,98150.8
2015-01-04,USDCHF,9791.2
2015-01-05,USDCHF,111761.5
2015-01-06,USDCHF,120222.3
2015-01-07,USDCHF,122931.4
2015-01-08,USDCHF,102508.6
2015-01-09,USDCHF,115476.2
2015-01-11,USDCHF,4956.8
2015-01-12,USDCHF,114560.7
2015-01-13,USDCHF,130315.6
2015-01-14,USDCHF,145786.2
2015-01-15,USDCHF,178807.0
2015-01-16,USDCHF,151307.6
2015-01-18,USDCHF,2843.8
2015-01-19,USDCHF,76743.0
2015-01-20,USDCHF,71829.1
2015-01-21,USDCHF,98277.9
2015-01-22,USDCHF,99391.6
2015-01-23,USDCHF,115588.9
2015-01-25,USDCHF,9499.0
2015-01-26,USDCHF,114358.1
2015-01-27,USDCHF,96797.9
2015-01-28,USDCHF,76649.6
2015-01-29,USDCHF,77786.8
2015-01-30,USDCHF,99305.9
2015-02-01,USDCHF,7406.0
2015-02-02,USDCHF,81105.7
2015-02-03,USDCHF,95261.5
2015-02-04,USDCHF,87226.6
2015-02-05,USDCHF,98584.4
2015-02-06,USDCHF,72796.0
2015-02-08,USDCHF,11641.6
2015-02-09,USDCHF,77471.5
2015-02-10,USDCHF,77835.5
2015-02-11,USDCHF,71955.2
2015-02-12,USDCHF,130837.2
2015-02-13,USDCHF,102986.1
2015-02-15,USDCHF,4439.6
2015-02-16,USDCHF,102000.7
2015-02-17,USDCHF,137117.9
2015-02-18,USDCHF,135030.8
2015-02-19,USDCHF,121521.6
2015-02-20,USDCHF,137810.3
2015-02-22,USDCHF,8364.9
2015-02-23,USDCHF,106591.1
2015-02-24,USDCHF,115742.5
2015-02-25,USDCHF,96059.2
2015-02-26,USDCHF,119677.7
2015-02-27,USDCHF,98287.0
2015-03-01,USDCHF,6506.2
2015-03-02,USDCHF,79650.8
2015-03-03,USDCHF,78106.6
2015-03-04,USDCHF,89434.2
2015-03-05,USDCHF,71127.2
2015-03-06,USDCHF,75197.5
2015-03-08,USDCHF,6144.7
2015-03-09,USDCHF,90976.4
2015-03-10,USDCHF,90510.0
2015-03-11,USDCHF,84842.3
2015-03-12,USDCHF,89712.9
2015-03-13,USDCHF,77289.9
2015-03-15,USDCHF,6023.0
2015-03-16,USDCHF,62657.8
2015-03-17,USDCHF,57576.0
2015-03-18,USDCHF,83465.5
2015-03-19,USDCHF,82760.1
2015-03-20,USDCHF,64587.3
2015-03-22,USDCHF,15628.0
2015-03-23,USDCHF,93810.0
2015-03-24,USDCHF,81509.0
2015-03-25,USDCHF,77579.5
2015-03-26,USDCHF,101145.5
2015-03-27,USDCHF,89264.7
2015-03-29,USDCHF,5167.4
2015-03-30,USDCHF,73195.0
2015-03-31,USDCHF,89467.4
2015-04-01,USDCHF,86360.8
2015-04-02,USDCHF,81353.6
2015-04-03,USDCHF,40626.6
2015-04-05,USDCHF,5608.6
2015-04-06,USDCHF,43788.4
2015-04-07,USDCHF,68858.5
2015-04-08,USDCHF,77199.0
2015-04-09,USDCHF,65789.4
2015-04-10,USDCHF,62286.4
2015-04-12,USDCHF,2705.5
2015-04-13,USDCHF,61381.2
2015-04-14,USDCHF,73602.8
2015-04-15,USDCHF,78424.8
2015-04-16,USDCHF,95286.6
2015-04-17,USDCHF,90072.7
2015-04-19,USDCHF,4469.6
2015-04-20,USDCHF,94471.0
2015-04-21,USDCHF,86341.8
2015-04-22,USDCHF,104011.5
2015-04-23,USDCHF,102429.1
2015-04-24,USDCHF,96537.4
2015-04-26,USDCHF,2427.4
2015-04-27,USDCHF,85511.5
2015-04-28,USDCHF,96879.3
2015-04-29,USDCHF,113592.7
2015-04-30,USDCHF,118878.6
2015-05-01,USDCHF,74196.5
2015-05-03,USDCHF,4403.4
2015-05-04,USDCHF,66769.6
2015-05-05,USDCHF,102040.7
2015-05-06,USDCHF,102146.4
2015-05-07,USDCHF,91340.2
2015-05-08,USDCHF,96987.7
2015-05-10,USDCHF,4259.6
2015-05-11,USDCHF,86325.9
2015-05-12,USDCHF,94882.4
2015-05-13,USDCHF,103011.9
2015-05-14,USDCHF,101475.1
2015-05-15,USDCHF,88557.1
2015-05-17,USDCHF,2700.9
2015-05-18,USDCHF,77618.8
2015-05-19,USDCHF,104893.4
2015-05-20,USDCHF,109019.4
2015-05-21,USDCHF,95775.5
2015-05-22,USDCHF,81865.8
2015-05-24,USDCHF,6190.8
2015-05-25,USDCHF,37630.0
2015-05-26,USDCHF,94609.0
2015-05-27,USDCHF,86196.8
2015-05-28,USDCHF,99988.4
2015-05-29,USDCHF,97324.0
2015-05-31,USDCHF,2619.2
2015-06-01,USDCHF,99219.9
2015-06-02,USDCHF,100503.8
2015-06-03,USDCHF,95607.7
2015-06-04,USDCHF,94379.0
2015-06-05,USDCHF,94229.8
2015-06-07,USDCHF,3274.1
2015-06-08,USDCHF,90352.8
2015-06-09,USDCHF,87169.3
2015-06-10,USDCHF,101495.9
2015-06-11,USDCHF,84780.7
2015-06-12,USDCHF,79579.8
2015-06-14,USDCHF,3763.0
2015-06-15,USDCHF,67215.4
2015-06-16,USDCHF,50142.7
2015-06-17,USDCHF,74913.1
2015-06-18,USDCHF,76506.7
2015-06-19,USDCHF,56799.8
2015-06-21,USDCHF,3052.3
2015-06-22,USDCHF,71591.9
2015-06-23,USDCHF,77930.9
2015-06-24,USDCHF,73394.4
2015-06-25,USDCHF,65304.2
2015-06-26,USDCHF,60658.2
2015-06-28,USDCHF,11510.8
2015-06-29,USDCHF,90353.2
2015-06-30,USDCHF,87385.3
2015-07-01,USDCHF,74483.7
2015-07-02,USDCHF,94185.6
2015-07-03,USDCHF,74592.0
2015-07-05,USDCHF,6686.1
2015-07-06,USDCHF,96253.7
2015-07-07,USDCHF,108879.9
2015-07-08,USDCHF,112081.4
2015-07-09,USDCHF,108304.4
2015-07-10,USDCHF,103317.6
2015-07-12,USDCHF,3180.6
2015-07-13,USDCHF,104954.0
2015-07-14,USDCHF,107966.0
2015-07-15,USDCHF,101904.0
2015-07-16,USDCHF,93082.3
2015-07-17,USDCHF,85388.5
2015-07-19,USDCHF,2231.2
2015-07-20,USDCHF,87124.0
2015-07-21,USDCHF,104682.3
2015-07-22,USDCHF,77957.7
2015-07-23,USDCHF,82063.1
2015-07-24,USDCHF,67154.2
2015-07-26,USDCHF,1435.7
2015-07-27,USDCHF,86398.0
2015-07-28,USDCHF,74259.8
2015-07-29,USDCHF,75007.7
2015-07-30,USDCHF,80935.9
2015-07-31,USDCHF,89635.9
2015-08-02,USDCHF,2540.4
2015-08-03,USDCHF,65460.4
2015-08-04,USDCHF,80763.3
2015-08-05,USDCHF,90248.0
2015-08-06,USDCHF,75870.7
2015-08-07,USDCHF,78007.6
2015-08-09,USDCHF,2300.7
2015-08-10,USDCHF,67412.6
2015-08-11,USDCHF,81999.0
2015-08-12,USDCHF,90000.4
2015-08-13,USDCHF,76015.8
2015-08-14,USDCHF,61526.4
2015-08-16,USDCHF,1848.9
2015-08-17,USDCHF,55268.6
2015-08-18,USDCHF,53015.2
2015-08-19,USDCHF,69578.4
2015-08-20,USDCHF,74365.3
2015-08-21,USDCHF,87169.7
2015-08-23,USDCHF,3940.7
2015-08-24,USDCHF,127782.0
2015-08-25,USDCHF,118326.7
2015-08-26,USDCHF,127265.1
2015-08-27,USDCHF,102331.3
2015-08-28,USDCHF,94215.6
2015-08-30,USDCHF,4057.8
2015-08-31,USDCHF,71260.4
2015-09-01,USDCHF,101545.9
2015-09-02,USDCHF,77414.8
2015-09-03,USDCHF,81157.0
2015-09-04,USDCHF,75321.7
2015-09-06,USDCHF,1523.5
2015-09-07,USDCHF,68243.1
2015-09-08,USDCHF,72662.5
2015-09-09,USDCHF,82144.3
2015-09-10,USDCHF,83339.9
2015-09-11,USDCHF,67958.9
2015-09-13,USDCHF,2549.5
2015-09-14,USDCHF,55162.6
2015-09-15,USDCHF,55757.1
2015-09-16,USDCHF,70405.5
2015-09-17,USDCHF,85228.1
2015-09-18,USDCHF,83595.5
2015-09-20,USDCHF,4077.0
2015-09-21,USDCHF,67513.8
2015-09-22,USDCHF,65090.4
2015-09-23,USDCHF,71562.2
2015-09-24,USDCHF,75622.4
2015-09-25,USDCHF,70274.8
2015-09-27,USDCHF,1948.4
2015-09-28,USDCHF,67019.5
2015-09-29,USDCHF,86690.4
2015-09-30,USDCHF,79362.4
2015-10-01,USDCHF,70295.0
2015-10-02,USDCHF,72617.2
2015-10-04,USDCHF,5535.1
2015-10-05,USDCHF,65741.7
2015-10-06,USDCHF,58121.7
2015-10-07,USDCHF,77066.1
2015-10-08,USDCHF,76363.6
2015-10-09,USDCHF,67348.2
2015-10-11,USDCHF,2904.4
2015-10-12,USDCHF,52569.8
2015-10-13,USDCHF,60158.0
2015-10-14,USDCHF,62152.1
2015-10-15,USDCHF,67824.5
2015-10-16,USDCHF,53401.2
2015-10-18,USDCHF,2235.5
2015-10-19,USDCHF,49384.6
2015-10-20,USDCHF,51837.3
2015-10-21,USDCHF,56184.4
2015-10-22,USDCHF,83219.0
2015-10-23,USDCHF,73890.2
2015-10-25,USDCHF,2562.1
2015-10-26,USDCHF,63731.1
2015-10-27,USDCHF,60976.6
2015-10-28,USDCHF,71189.8
2015-10-29,USDCHF,75156.6
2015-10-30,USDCHF,81187.5
2015-11-01,USDCHF,3697.6
2015-11-02,USDCHF,54340.5
2015-11-03,USDCHF,56157.9
2015-11-04,USDCHF,66790.3
2015-11-05,USDCHF,67901.6
2015-11-06,USDCHF,79449.9
2015-11-08,USDCHF,2073.2
2015-11-09,USDCHF,71217.2
2015-11-10,USDCHF,76033.5
2015-11-11,USDCHF,66828.5
2015-11-12,USDCHF,83824.9
2015-11-13,USDCHF,78127.9
2015-11-15,USDCHF,5668.3
2015-11-16,USDCHF,73006.6
2015-11-17,USDCHF,80793.3
2015-11-18,USDCHF,75002.3
2015-11-19,USDCHF,87366.2
2015-11-20,USDCHF,76802.1
2015-11-22,USDCHF,2374.5
2015-11-23,USDCHF,75018.7
2015-11-24,USDCHF,76021.9
2015-11-25,USDCHF,86901.1
2015-11-26,USDCHF,56528.0
2015-11-27,USDCHF,77508.0
2015-11-29,USDCHF,1650.5
2015-11-30,USDCHF,71085.4
2015-12-01,USDCHF,79496.8
2015-12-02,USDCHF,93717.4
2015-12-03,USDCHF,129550.2
2015-12-04,USDCHF,129208.1
2015-12-06,USDCHF,2539.4
2015-12-07,USDCHF,89227.9
2015-12-08,USDCHF,92264.3
2015-12-09,USDCHF,91835.5
2015-12-10,USDCHF,80116.5
2015-12-11,USDCHF,90617.8
2015-12-13,USDCHF,2389.6
2015-12-14,USDCHF,103366.1
2015-12-15,USDCHF,96529.1
2015-12-16,USDCHF,111996.8
2015-12-17,USDCHF,87593.0
2015-12-18,USDCHF,82490.7
2015-12-20,USDCHF,1774.8
2015-12-21,USDCHF,74804.3
2015-12-22,USDCHF,60514.0
2015-12-23,USDCHF,56775.1
2015-12-24,USDCHF,29528.3
2015-12-25,USDCHF,1994.5
2015-12-27,USDCHF,1632.5
2015-12-28,USDCHF,45249.5
2015-12-29,USDCHF,47881.6
2015-12-30,USDCHF,48122.2
2015-12-31,USDCHF,46375.8
2016-01-03,USDCHF,2551.7
2016-01-04,USDCHF,82185.7
2016-01-05,USDCHF,77487.4
2016-01-06,USDCHF,82598.4
2016-01-07,USDCHF,100288.2
2016-01-08,USDCHF,107931.5
2016-01-10,USDCHF,4841.7
2016-01-11,USDCHF,91808.4
2016-01-12,USDCHF,95253.5
2016-01-13,USDCHF,103618.2
2016-01-14,USDCHF,112920.5
2016-01-15,USDCHF,119134.1
2016-01-17,USDCHF,2870.0
2016-01-18,USDCHF,57241.5
2016-01-19,USDCHF,100277.9
2016-01-20,USDCHF,133490.8
2016-01-21,USDCHF,147711.4
2016-01-22,USDCHF,108590.2
2016-01-24,USDCHF,1987.9
2016-01-25,USDCHF,97021.0
2016-01-26,USDCHF,97544.0
2016-01-27,USDCHF,113677.9
2016-01-28,USDCHF,109989.9
2016-01-29,USDCHF,126965.1
2016-01-31,USDCHF,4103.8
2016-02-01,USDCHF,99376.0
2016-02-02,USDCHF,102501.7
2016-02-03,USDCHF,139929.7
2016-02-04,USDCHF,158593.5
2016-02-05,USDCHF,137960.7
2016-02-07,USDCHF,2372.8
2016-02-08,USDCHF,164644.9
2016-02-09,USDCHF,191913.7
2016-02-10,USDCHF,194400.7
2016-02-11,USDCHF,194240.3
2016-02-12,USDCHF,135641.8
2016-02-14,USDCHF,4370.0
2016-02-15,USDCHF,102519.9
2016-02-16,USDCHF,127635.7
2016-02-17,USDCHF,130599.0
2016-02-18,USDCHF,122550.0
2016-02-19,USDCHF,119767.0
2016-02-21,USDCHF,6766.8
2016-02-22,USDCHF,110747.1
2016-02-23,USDCHF,106274.2
2016-02-24,USDCHF,118594.0
2016-02-25,USDCHF,108271.8
2016-02-26,USDCHF,99080.3
2016-02-28,USDCHF,4166.1
2016-02-29,USDCHF,100581.1
2016-03-01,USDCHF,107079.5
2016-03-02,USDCHF,119727.4
2016-03-03,USDCHF,116671.7
2016-03-04,USDCHF,125661.3
2016-03-06,USDCHF,4005.1
2016-03-07,USDCHF,102014.6
2016-03-08,USDCHF,107259.0
2016-03-09,USDCHF,105692.2
2016-03-10,USDCHF,152117.6
2016-03-11,USDCHF,110784.7
2016-03-13,USDCHF,5708.2
2016-03-14,USDCHF,97611.3
2016-03-15,USDCHF,97007.0
2016-03-16,USDCHF,117067.6
2016-03-17,USDCHF,122897.8
2016-03-18,USDCHF,110010.4
2016-03-20,USDCHF,2655.8
2016-03-21,USDCHF,90888.3
2016-03-22,USDCHF,102729.0
2016-03-23,USDCHF,93335.5
2016-03-24,USDCHF,82066.5
2016-03-25,USDCHF,28261.7
2016-03-27,USDCHF,3523.9
2016-03-28,USDCHF,44079.7
2016-03-29,USDCHF,110479.9
2016-03-30,USDCHF,104985.0
2016-03-31,USDCHF,111581.0
2016-04-01,USDCHF,103186.8
2016-04-03,USDCHF,3323.2
2016-04-04,USDCHF,90823.6
2016-04-05,USDCHF,101999.8
2016-04-06,USDCHF,105166.7
2016-04-07,USDCHF,109991.4
2016-04-08,USDCHF,86735.5
2016-04-10,USDCHF,3397.9
2016-04-11,USDCHF,90699.4
2016-04-12,USDCHF,95196.1
2016-04-13,USDCHF,102798.9
2016-04-14,USDCHF,97134.4
2016-04-15,USDCHF,77802.4
2016-04-17,USDCHF,3756.4
2016-04-18,USDCHF,80526.8
2016-04-19,USDCHF,86776.9
2016-04-20,USDCHF,95010.6
2016-04-21,USDCHF,113533.6
2016-04-22,USDCHF,100168.8
2016-04-24,USDCHF,4343.4
2016-04-25,USDCHF,98512.6
2016-04-26,USDCHF,100636.7
2016-04-27,USDCHF,115323.4
2016-04-28,USDCHF,123346.3
2016-04-29,USDCHF,115131.0
2016-05-01,USDCHF,6201.1
2016-05-02,USDCHF,86105.0
2016-05-03,USDCHF,114752.2
2016-05-04,USDCHF,112997.7
2016-05-05,USDCHF,97447.0
2016-05-06,USDCHF,95564.4
2016-05-08,USDCHF,3486.2
2016-05-09,USDCHF,82880.2
2016-05-10,USDCHF,82285.2
2016-05-11,USDCHF,79348.8
2016-05-12,USDCHF,79604.1
2016-05-13,USDCHF,92341.2
2016-05-15,USDCHF,3614.4
2016-05-16,USDCHF,60641.5
2016-05-17,USDCHF,77198.6
2016-05-18,USDCHF,96356.3
2016-05-19,USDCHF,93128.4
2016-05-20,USDCHF,63857.4
2016-05-22,USDCHF,2736.4
2016-05-23,USDCHF,74795.5
2016-05-24,USDCHF,81243.5
2016-05-25,USDCHF,78371.2
2016-05-26,USDCHF,85329.3
2016-05-27,USDCHF,93678.2
2016-05-29,USDCHF,4167.0
2016-05-30,USDCHF,63963.4
2016-05-31,USDCHF,105505.6
2016-06-01,USDCHF,120388.2
2016-06-02,USDCHF,109277.6
2016-06-03,USDCHF,116654.9
2016-06-05,USDCHF,6378.6
2016-06-06,USDCHF,108134.6
2016-06-07,USDCHF,83078.1
2016-06-08,USDCHF,77288.8
2016-06-09,USDCHF,79004.1
2016-06-10,USDCHF,80849.9
2016-06-12,USDCHF,4481.5
2016-06-13,USDCHF,89629.2
2016-06-14,USDCHF,85580.3
2016-06-15,USDCHF,93010.7
2016-06-16,USDCHF,130059.8
2016-06-17,USDCHF,84576.3
2016-06-19,USDCHF,8530.8
2016-06-20,USDCHF,89565.4
2016-06-21,USDCHF,83156.8
2016-06-22,USDCHF,86942.4
2016-06-23,USDCHF,119729.5
2016-06-24,USDCHF,205029.8
2016-06-26,USDCHF,11236.0
2016-06-27,USDCHF,132990.3
2016-06-28,USDCHF,92572.2
2016-06-29,USDCHF,90472.9
2016-06-30,USDCHF,112902.8
2016-07-01,USDCHF,84748.5
2016-07-03,USDCHF,2656.4
2016-07-04,USDCHF,47052.9
2016-07-05,USDCHF,79148.0
2016-07-06,USDCHF,92017.1
2016-07-07,USDCHF,82302.9
2016-07-08,USDCHF,78789.4
2016-07-10,USDCHF,6039.8
2016-07-11,USDCHF,82474.8
2016-07-12,USDCHF,93141.6
2016-07-13,USDCHF,86643.8
2016-07-14,USDCHF,103296.8
2016-07-15,USDCHF,90561.3
2016-07-17,USDCHF,5164.4
2016-07-18,USDCHF,76159.2
2016-07-19,USDCHF,81716.7
2016-07-20,USDCHF,221235.0
2016-07-21,USDCHF,382396.2
2016-07-22,USDCHF,313321.4
2016-07-24,USDCHF,8176.8
2016-07-25,USDCHF,291833.5
2016-07-26,USDCHF,328996.0
2016-07-27,USDCHF,387034.6
2016-07-28,USDCHF,354091.1
2016-07-29,USDCHF,403955.5
2016-07-31,USDCHF,10009.7
2016-08-01,USDCHF,302798.9
2016-08-02,USDCHF,330479.8
2016-08-03,USDCHF,290645.1
2016-08-04,USDCHF,274799.2
2016-08-05,USDCHF,238375.8
2016-08-07,USDCHF,6547.1
2016-08-08,USDCHF,232118.7
2016-08-09,USDCHF,244103.5
2016-08-10,USDCHF,251500.8
2016-08-11,USDCHF,233843.6
2016-08-12,USDCHF,222279.1
2016-08-14,USDCHF,9481.2
2016-08-15,USDCHF,218005.2
2016-08-16,USDCHF,265263.0
2016-08-17,USDCHF,285046.4
2016-08-18,USDCHF,297320.6
2016-08-19,USDCHF,258184.5
2016-08-21,USDCHF,12806.1
2016-08-22,USDCHF,301049.1
2016-08-23,USDCHF,306960.8
2016-08-24,USDCHF,372840.9
2016-08-25,USDCHF,287849.0
2016-08-26,USDCHF,397299.0
2016-08-28,USDCHF,8668.0
2016-08-29,USDCHF,332035.1
2016-08-30,USDCHF,337220.8
2016-08-31,USDCHF,342784.0
2016-09-01,USDCHF,384200.9
2016-09-02,USDCHF,360478.0
2016-09-04,USDCHF,6912.4
2016-09-05,USDCHF,193485.1
2016-09-06,USDCHF,357313.1
2016-09-07,USDCHF,301736.3
2016-09-08,USDCHF,350006.4
2016-09-09,USDCHF,312817.6
2016-09-11,USDCHF,9342.2
2016-09-12,USDCHF,364955.7
2016-09-13,USDCHF,370809.0
2016-09-14,USDCHF,352998.9
2016-09-15,USDCHF,323784.8
2016-09-16,USDCHF,289768.1
2016-09-18,USDCHF,11304.1
2016-09-19,USDCHF,231814.6
2016-09-20,USDCHF,281439.6
2016-09-21,USDCHF,382244.3
2016-09-22,USDCHF,302282.4
2016-09-23,USDCHF,329928.0
2016-09-25,USDCHF,9036.4
2016-09-26,USDCHF,298285.1
2016-09-27,USDCHF,306219.9
2016-09-28,USDCHF,288817.1
2016-09-29,USDCHF,291017.1
2016-09-30,USDCHF,332545.1
2016-10-02,USDCHF,8104.1
2016-10-03,USDCHF,236927.1
2016-10-04,USDCHF,332495.5
2016-10-05,USDCHF,300797.5
2016-10-06,USDCHF,306740.4
2016-10-07,USDCHF,359736.4
2016-10-09,USDCHF,8342.6
2016-10-10,USDCHF,187939.9
2016-10-11,USDCHF,294780.1
2016-10-12,USDCHF,294508.5
2016-10-13,USDCHF,310872.7
2016-10-14,USDCHF,271858.8
2016-10-16,USDCHF,4552.1
2016-10-17,USDCHF,227760.0
2016-10-18,USDCHF,234534.0
2016-10-19,USDCHF,248939.3
2016-10-20,USDCHF,231762.3
2016-10-21,USDCHF,246580.8
2016-10-23,USDCHF,7878.0
2016-10-24,USDCHF,128663.0
2016-10-25,USDCHF,80914.5
2016-10-26,USDCHF,73180.2
2016-10-27,USDCHF,76900.4
2016-10-28,USDCHF,87347.6
2016-10-30,USDCHF,3974.7
2016-10-31,USDCHF,76274.1
2016-11-01,USDCHF,97737.1
2016-11-02,USDCHF,110447.2
2016-11-03,USDCHF,104292.6
2016-11-04,USDCHF,87196.4
2016-11-06,USDCHF,5959.0
2016-11-07,USDCHF,85080.1
2016-11-08,USDCHF,84352.9
2016-11-09,USDCHF,225078.5
2016-11-10,USDCHF,142425.7
2016-11-11,USDCHF,142625.4
2016-11-13,USDCHF,8475.3
2016-11-14,USDCHF,161036.8
2016-11-15,USDCHF,141220.0
2016-11-16,USDCHF,137002.1
2016-11-17,USDCHF,130770.8
2016-11-18,USDCHF,148444.9
2016-11-20,USDCHF,8745.7
2016-11-21,USDCHF,146054.7
2016-11-22,USDCHF,122121.8
2016-11-23,USDCHF,111557.4
2016-11-24,USDCHF,98127.7
2016-11-25,USDCHF,140519.0
2016-11-27,USDCHF,5180.5
2016-11-28,USDCHF,138041.5
2016-11-29,USDCHF,122246.2
2016-11-30,USDCHF,155311.2
2016-12-01,USDCHF,152396.6
2016-12-02,USDCHF,127803.0
2016-12-04,USDCHF,17499.1
2016-12-05,USDCHF,138342.5
2016-12-06,USDCHF,98846.1
2016-12-07,USDCHF,86660.5
2016-12-08,USDCHF,127452.8
2016-12-09,USDCHF,102573.9
2016-12-11,USDCHF,4466.7
2016-12-12,USDCHF,125842.0
2016-12-13,USDCHF,122960.9
2016-12-14,USDCHF,142792.8
2016-12-15,USDCHF,186775.8
2016-12-16,USDCHF,148884.5
2016-12-18,USDCHF,8257.7
2016-12-19,USDCHF,124127.7
2016-12-20,USDCHF,145089.3
2016-12-21,USDCHF,110362.6
2016-12-22,USDCHF,108562.6
2016-12-23,USDCHF,69043.1
2016-12-25,USDCHF,1483.4
2016-12-26,USDCHF,67428.3
2016-12-27,USDCHF,94080.0
2016-12-28,USDCHF,93289.5
2016-12-29,USDCHF,118441.4
2016-12-30,USDCHF,139553.1
2017-01-01,USDCHF,572.9
2017-01-02,USDCHF,54633.3
2017-01-03,USDCHF,133239.2
2017-01-04,USDCHF,140192.2
2017-01-05,USDCHF,178425.3
2017-01-06,USDCHF,161463.0
2017-01-08,USDCHF,3284.5
2017-01-09,USDCHF,131081.6
2017-01-10,USDCHF,141824.9
2017-01-11,USDCHF,180010.9
2017-01-12,USDCHF,172299.7
2017-01-13,USDCHF,149536.8
2017-01-15,USDCHF,5256.6
2017-01-16,USDCHF,95813.2
2017-01-17,USDCHF,167105.3
2017-01-18,USDCHF,139314.7
2017-01-19,USDCHF,161050.9
2017-01-20,USDCHF,148266.1
2017-01-22,USDCHF,5658.1
2017-01-23,USDCHF,136372.4
2017-01-24,USDCHF,120260.2
2017-01-25,USDCHF,134327.3
2017-01-26,USDCHF,132721.6
2017-01-27,USDCHF,116668.0
2017-01-29,USDCHF,3892.2
2017-01-30,USDCHF,123316.4
2017-01-31,USDCHF,151624.2
2017-02-01,USDCHF,136377.6
2017-02-02,USDCHF,140235.5
2017-02-03,USDCHF,134392.3
2017-02-05,USDCHF,3200.7
2017-02-06,USDCHF,140355.1
2017-02-07,USDCHF,139892.5
2017-02-08,USDCHF,138290.6
2017-02-09,USDCHF,142011.2
2017-02-10,USDCHF,133924.7
2017-02-12,USDCHF,4519.8
2017-02-13,USDCHF,117525.7
2017-02-14,USDCHF,129315.8
2017-02-15,USDCHF,136905.6
2017-02-16,USDCHF,132432.2
2017-02-17,USDCHF,127168.0
2017-02-19,USDCHF,6440.3
2017-02-20,USDCHF,93759.4
2017-02-21,USDCHF,125795.2
2017-02-22,USDCHF,135789.5
2017-02-23,USDCHF,113004.4
2017-02-24,USDCHF,106485.1
2017-02-26,USDCHF,6121.9
2017-02-27,USDCHF,108558.9
2017-02-28,USDCHF,118228.8
2017-03-01,USDCHF,138755.4
2017-03-02,USDCHF,115050.3
2017-03-03,USDCHF,117757.0
2017-03-05,USDCHF,12597.3
2017-03-06,USDCHF,105514.0
2017-03-07,USDCHF,96920.4
2017-03-08,USDCHF,104986.2
2017-03-09,USDCHF,130810.4
2017-03-10,USDCHF,125053.9
2017-03-12,USDCHF,2749.9
2017-03-13,USDCHF,109337.9
2017-03-14,USDCHF,101621.6
2017-03-15,USDCHF,115939.6
2017-03-16,USDCHF,128978.6
2017-03-17,USDCHF,90059.1
2017-03-19,USDCHF,3391.8
2017-03-20,USDCHF,91897.8
2017-03-21,USDCHF,116192.4
2017-03-22,USDCHF,118317.8
2017-03-23,USDCHF,108454.6
2017-03-24,USDCHF,94884.9
2017-03-26,USDCHF,6536.3
2017-03-27,USDCHF,104055.8
2017-03-28,USDCHF,94067.2
2017-03-29,USDCHF,98960.9
2017-03-30,USDCHF,92871.4
2017-03-31,USDCHF,99983.5
2017-04-02,USDCHF,5066.5
2017-04-03,USDCHF,87967.8
2017-04-04,USDCHF,83858.9
2017-04-05,USDCHF,91654.1
2017-04-06,USDCHF,92408.2
2017-04-07,USDCHF,109496.6
2017-04-09,USDCHF,3683.9
2017-04-10,USDCHF,78170.4
2017-04-11,USDCHF,93716.0
2017-04-12,USDCHF,112022.9
2017-04-13,USDCHF,99871.0
2017-04-14,USDCHF,43393.1
2017-04-16,USDCHF,4797.6
2017-04-17,USDCHF,58833.2
2017-04-18,USDCHF,111086.0
2017-04-19,USDCHF,96338.4
2017-04-20,USDCHF,95821.1
2017-04-21,USDCHF,86628.5
2017-04-23,USDCHF,11632.3
2017-04-24,USDCHF,119574.5
2017-04-25,USDCHF,99198.6
2017-04-26,USDCHF,111204.5
2017-04-27,USDCHF,101139.2
2017-04-28,USDCHF,93635.5
2017-04-30,USDCHF,4954.2
2017-05-01,USDCHF,48054.6
2017-05-02,USDCHF,81028.3
2017-05-03,USDCHF,89825.3
2017-05-04,USDCHF,101171.2
2017-05-05,USDCHF,90641.8
2017-05-07,USDCHF,7703.4
2017-05-08,USDCHF,102493.4
2017-05-09,USDCHF,100969.6
2017-05-10,USDCHF,93533.6
2017-05-11,USDCHF,81795.0
2017-05-12,USDCHF,84192.4
2017-05-14,USDCHF,4276.8
2017-05-15,USDCHF,79465.1
2017-05-16,USDCHF,90218.3
2017-05-17,USDCHF,109782.5
2017-05-18,USDCHF,124890.2
2017-05-19,USDCHF,88156.7
2017-05-21,USDCHF,4025.9
2017-05-22,USDCHF,83454.7
2017-05-23,USDCHF,96435.9
2017-05-24,USDCHF,97290.5
2017-05-25,USDCHF,74198.3
2017-05-26,USDCHF,84668.5
2017-05-28,USDCHF,2490.8
2017-05-29,USDCHF,44382.5
2017-05-30,USDCHF,86515.2
2017-05-31,USDCHF,91961.4
2017-06-01,USDCHF,77520.1
2017-06-02,USDCHF,72679.4
2017-06-04,USDCHF,5641.5
2017-06-05,USDCHF,54600.3
2017-06-06,USDCHF,77427.1
2017-06-07,USDCHF,92364.2
2017-06-08,USDCHF,103337.1
2017-06-09,USDCHF,89470.8
2017-06-11,USDCHF,2724.1
2017-06-12,USDCHF,66775.1
2017-06-13,USDCHF,64414.1
2017-06-14,USDCHF,105232.3
2017-06-15,USDCHF,88834.7
2017-06-16,USDCHF,73965.4
2017-06-18,USDCHF,2985.2
2017-06-19,USDCHF,71918.6
2017-06-20,USDCHF,75380.8
2017-06-21,USDCHF,69601.5
2017-06-22,USDCHF,68289.0
2017-06-23,USDCHF,62507.0
2017-06-25,USDCHF,2430.0
2017-06-26,USDCHF,77292.2
2017-06-27,USDCHF,104260.1
2017-06-28,USDCHF,114322.5
2017-06-29,USDCHF,104802.7
2017-06-30,USDCHF,93109.4
2017-07-02,USDCHF,3297.6
2017-07-03,USDCHF,80196.7
2017-07-04,USDCHF,68014.6
2017-07-05,USDCHF,118646.5
2017-07-06,USDCHF,98033.6
2017-07-07,USDCHF,89311.6
2017-07-09,USDCHF,2697.1
2017-07-10,USDCHF,68973.5
2017-07-11,USDCHF,87851.0
2017-07-12,USDCHF,1091.0
2017-07-13,USDCHF,121712.2
2017-07-14,USDCHF,115878.9
2017-07-16,USDCHF,8243.1
2017-07-17,USDCHF,91026.5
2017-07-18,USDCHF,127940.3
2017-07-19,USDCHF,104278.4
2017-07-20,USDCHF,175294.9
2017-07-21,USDCHF,120147.4
2017-07-23,USDCHF,6030.2
2017-07-24,USDCHF,112341.1
2017-07-25,USDCHF,132551.0
2017-07-26,USDCHF,157734.0
2017-07-27,USDCHF,165209.4
2017-07-28,USDCHF,160574.8
2017-07-30,USDCHF,5150.4
2017-07-31,USDCHF,125089.0
2017-08-01,USDCHF,113884.2
2017-08-02,USDCHF,138934.1
2017-08-03,USDCHF,109500.9
2017-08-04,USDCHF,99002.8
2017-08-06,USDCHF,9530.4
2017-08-07,USDCHF,72144.8
2017-08-08,USDCHF,90511.1
2017-08-09,USDCHF,107364.2
2017-08-10,USDCHF,95774.5
2017-08-11,USDCHF,101746.4
2017-08-13,USDCHF,7986.0
2017-08-14,USDCHF,95577.0
2017-08-15,USDCHF,99258.6
2017-08-16,USDCHF,112999.4
2017-08-17,USDCHF,117490.5
2017-08-18,USDCHF,99443.9
2017-08-20,USDCHF,8697.4
2017-08-21,USDCHF,85360.6
2017-08-22,USDCHF,84133.0
2017-08-23,USDCHF,95548.2
2017-08-24,USDCHF,89551.5
2017-08-25,USDCHF,118753.2
2017-08-27,USDCHF,13058.6
2017-08-28,USDCHF,106688.5
2017-08-29,USDCHF,143727.0
2017-08-30,USDCHF,132476.5
2017-08-31,USDCHF,134059.4
2017-09-01,USDCHF,118391.4
2017-09-03,USDCHF,11305.0
2017-09-04,USDCHF,113940.6
2017-09-05,USDCHF,144987.9
2017-09-06,USDCHF,135028.5
2017-09-07,USDCHF,152782.2
2017-09-08,USDCHF,168911.0
2017-09-10,USDCHF,5274.1
2017-09-11,USDCHF,136034.2
2017-09-12,USDCHF,143128.7
2017-09-13,USDCHF,128351.5
2017-09-14,USDCHF,150065.3
2017-09-15,USDCHF,116190.7
2017-09-17,USDCHF,2712.2
2017-09-18,USDCHF,123345.0
2017-09-19,USDCHF,138279.8
2017-09-20,USDCHF,191129.2
2017-09-21,USDCHF,230836.6
2017-09-22,USDCHF,181981.7
2017-09-24,USDCHF,5320.1
2017-09-25,USDCHF,136769.5
2017-09-26,USDCHF,141008.3
2017-09-27,USDCHF,146055.2
2017-09-28,USDCHF,128681.3
2017-09-29,USDCHF,109930.4
2017-10-01,USDCHF,3895.4
2017-10-02,USDCHF,112198.5
2017-10-03,USDCHF,101771.4
2017-10-04,USDCHF,98146.2
2017-10-05,USDCHF,95141.5
2017-10-06,USDCHF,105755.0
2017-10-08,USDCHF,2911.3
2017-10-09,USDCHF,69745.4
2017-10-10,USDCHF,99769.9
2017-10-11,USDCHF,111847.6
2017-10-12,USDCHF,105617.6
2017-10-13,USDCHF,101134.0
2017-10-15,USDCHF,3771.3
2017-10-16,USDCHF,101989.8
2017-10-17,USDCHF,102856.9
2017-10-18,USDCHF,110360.9
2017-10-19,USDCHF,124828.8
2017-10-20,USDCHF,128387.0
2017-10-22,USDCHF,4971.4
2017-10-23,USDCHF,105689.4
2017-10-24,USDCHF,113721.4
2017-10-25,USDCHF,144271.1
2017-10-26,USDCHF,137438.2
2017-10-27,USDCHF,125033.0
2017-10-29,USDCHF,4303.2
2017-10-30,USDCHF,106708.5
2017-10-31,USDCHF,104902.7
2017-11-01,USDCHF,117046.3
2017-11-02,USDCHF,127153.9
2017-11-03,USDCHF,96613.1
2017-11-05,USDCHF,2560.4
2017-11-06,USDCHF,98357.0
2017-11-07,USDCHF,108169.6
2017-11-08,USDCHF,83768.8
2017-11-09,USDCHF,114974.8
2017-11-10,USDCHF,76752.9
2017-11-12,USDCHF,3971.1
2017-11-13,USDCHF,65226.3
2017-11-14,USDCHF,84949.5
2017-11-15,USDCHF,117570.2
2017-11-16,USDCHF,91186.1
2017-11-17,USDCHF,95658.8
2017-11-19,USDCHF,8203.4
2017-11-20,USDCHF,96616.3
2017-11-21,USDCHF,80787.5
2017-11-22,USDCHF,98479.5
2017-11-23,USDCHF,98904.2
2017-11-24,USDCHF,101158.1
2017-11-26,USDCHF,2707.5
2017-11-27,USDCHF,77111.0
2017-11-28,USDCHF,103953.6
2017-11-29,USDCHF,95987.1
2017-11-30,USDCHF,103895.6
2017-12-01,USDCHF,130180.0
2017-12-03,USDCHF,4057.1
2017-12-04,USDCHF,97782.1
2017-12-05,USDCHF,91282.6
2017-12-06,USDCHF,87436.5
2017-12-07,USDCHF,76594.6
2017-12-08,USDCHF,74745.6
2017-12-10,USDCHF,1465.6
2017-12-11,USDCHF,72816.3
2017-12-12,USDCHF,71195.0
2017-12-13,USDCHF,97051.9
2017-12-14,USDCHF,105603.6
2017-12-15,USDCHF,94246.6
2017-12-17,USDCHF,7071.7
2017-12-18,USDCHF,88987.8
2017-12-19,USDCHF,96909.7
2017-12-20,USDCHF,90044.8
2017-12-21,USDCHF,80917.9
2017-12-22,USDCHF,82103.3
2017-12-24,USDCHF,117.4
2017-12-25,USDCHF,3733.2
2017-12-26,USDCHF,45924.4
2017-12-27,USDCHF,77709.8
2017-12-28,USDCHF,100691.9
2017-12-29,USDCHF,74543.0
2018-01-01,USDCHF,6122.9
2018-01-02,USDCHF,91520.7
2018-01-03,USDCHF,72892.3
2018-01-04,USDCHF,79471.6
2018-01-05,USDCHF,76220.5
2018-01-07,USDCHF,2010.2
2018-01-08,USDCHF,69120.0
2018-01-09,USDCHF,82485.5
2018-01-10,USDCHF,116011.6
2018-01-11,USDCHF,113778.8
2018-01-12,USDCHF,127949.7
2018-01-14,USDCHF,4176.5
2018-01-15,USDCHF,102124.8
2018-01-16,USDCHF,123712.9
2018-01-17,USDCHF,145502.6
2018-01-18,USDCHF,139581.8
2018-01-19,USDCHF,130140.1
2018-01-21,USDCHF,3144.2
2018-01-22,USDCHF,101545.3
2018-01-23,USDCHF,109988.4
2018-01-24,USDCHF,142453.8
2018-01-25,USDCHF,213547.9
2018-01-26,USDCHF,174509.3
2018-01-28,USDCHF,5030.3
2018-01-29,USDCHF,146339.9
2018-01-30,USDCHF,156094.4
2018-01-31,USDCHF,152054.8
2018-02-01,USDCHF,146694.0
2018-02-02,USDCHF,164504.3
2018-02-04,USDCHF,5065.7
2018-02-05,USDCHF,153822.4
2018-02-06,USDCHF,221305.1
2018-02-07,USDCHF,157105.9
2018-02-08,USDCHF,172653.3
2018-02-09,USDCHF,161070.9
2018-02-11,USDCHF,3033.7
2018-02-12,USDCHF,113890.7
2018-02-13,USDCHF,117661.6
2018-02-14,USDCHF,145061.9
2018-02-15,USDCHF,140693.1
2018-02-16,USDCHF,135157.2
2018-02-18,USDCHF,2683.0
2018-02-19,USDCHF,88100.4
2018-02-20,USDCHF,115582.2
2018-02-21,USDCHF,129384.9
2018-02-22,USDCHF,122219.6
2018-02-23,USDCHF,107272.5
2018-02-25,USDCHF,3870.9
2018-02-26,USDCHF,105183.5
2018-02-27,USDCHF,122409.6
2018-02-28,USDCHF,123473.1
2018-03-01,USDCHF,146090.0
2018-03-02,USDCHF,135879.2
2018-03-04,USDCHF,9986.2
2018-03-05,USDCHF,127463.3
2018-03-06,USDCHF,130404.2
2018-03-07,USDCHF,132299.7
2018-03-08,USDCHF,127592.5
2018-03-09,USDCHF,125812.4
2018-03-11,USDCHF,3225.7
2018-03-12,USDCHF,98344.0
2018-03-13,USDCHF,106852.8
2018-03-14,USDCHF,94916.0
2018-03-15,USDCHF,106802.8
2018-03-16,USDCHF,93649.4
2018-03-18,USDCHF,1678.3
2018-03-19,USDCHF,112848.2
2018-03-20,USDCHF,91855.7
2018-03-21,USDCHF,104631.1
2018-03-22,USDCHF,130425.8
2018-03-23,USDCHF,112481.7
2018-03-25,USDCHF,2340.4
2018-03-26,USDCHF,93389.9
2018-03-27,USDCHF,98361.2
2018-03-28,USDCHF,108501.0
2018-03-29,USDCHF,86200.5
2018-03-30,USDCHF,43092.2
2018-04-01,USDCHF,2886.7
2018-04-02,USDCHF,66555.1
2018-04-03,USDCHF,89905.0
2018-04-04,USDCHF,90105.0
2018-04-05,USDCHF,86452.8
2018-04-06,USDCHF,114700.4
2018-04-08,USDCHF,3995.8
2018-04-09,USDCHF,90116.5
2018-04-10,USDCHF,100855.0
2018-04-11,USDCHF,93821.0
2018-04-12,USDCHF,98332.5
2018-04-13,USDCHF,78849.0
2018-04-15,USDCHF,3103.4
2018-04-16,USDCHF,70679.4
2018-04-17,USDCHF,82061.3
2018-04-18,USDCHF,93530.5
2018-04-19,USDCHF,97690.4
2018-04-20,USDCHF,82319.9
2018-04-22,USDCHF,4072.8
2018-04-23,USDCHF,84579.2
2018-04-24,USDCHF,94970.8
2018-04-25,USDCHF,94872.1
2018-04-26,USDCHF,105783.6
2018-04-27,USDCHF,90376.7
2018-04-29,USDCHF,2034.9
2018-04-30,USDCHF,93992.5
2018-05-01,USDCHF,84191.8
2018-05-02,USDCHF,122394.5
2018-05-03,USDCHF,121809.3
2018-05-04,USDCHF,83485.3
2018-05-06,USDCHF,1887.9
2018-05-07,USDCHF,88358.4
2018-05-08,USDCHF,102736.1
2018-05-09,USDCHF,105100.6
2018-05-10,USDCHF,111882.6
2018-05-11,USDCHF,86362.4
2018-05-13,USDCHF,3121.9
2018-05-14,USDCHF,73502.5
2018-05-15,USDCHF,94411.3
2018-05-16,USDCHF,102977.6
2018-05-17,USDCHF,90182.5
2018-05-18,USDCHF,74235.0
2018-05-20,USDCHF,3229.7
2018-05-21,USDCHF,82708.8
2018-05-22,USDCHF,87386.4
2018-05-23,USDCHF,122973.6
2018-05-24,USDCHF,106330.9
2018-05-25,USDCHF,101628.4
2018-05-27,USDCHF,5015.1
2018-05-28,USDCHF,75911.6
2018-05-29,USDCHF,132482.0
2018-05-30,USDCHF,118968.4
2018-05-31,USDCHF,116664.6
2018-06-01,USDCHF,95199.4
2018-06-03,USDCHF,2076.3
2018-06-04,USDCHF,74909.5
2018-06-05,USDCHF,90541.4
2018-06-06,USDCHF,88571.1
2018-06-07,USDCHF,97283.1
2018-06-08,USDCHF,95335.4
2018-06-10,USDCHF,1670.4
2018-06-11,USDCHF,72528.5
2018-06-12,USDCHF,87512.6
2018-06-13,USDCHF,87195.8
2018-06-14,USDCHF,111965.0
2018-06-15,USDCHF,101265.5
2018-06-17,USDCHF,2397.3
2018-06-18,USDCHF,82715.0
2018-06-19,USDCHF,121581.9
2018-06-20,USDCHF,100477.4
2018-06-21,USDCHF,120831.9
2018-06-22,USDCHF,88477.5
2018-06-24,USDCHF,2869.2
2018-06-25,USDCHF,99089.7
2018-06-26,USDCHF,108423.5
2018-06-27,USDCHF,139893.3
2018-06-28,USDCHF,111010.9
2018-06-29,USDCHF,107059.1
2018-07-01,USDCHF,5622.2
2018-07-02,USDCHF,90680.8
2018-07-03,USDCHF,89827.2
2018-07-04,USDCHF,81576.5
2018-07-05,USDCHF,101353.4
2018-07-06,USDCHF,84688.4
2018-07-08,USDCHF,3824.6
2018-07-09,USDCHF,97254.2
2018-07-10,USDCHF,95041.0
2018-07-11,USDCHF,128347.8
2018-07-12,USDCHF,100056.4
2018-07-13,USDCHF,95697.8
2018-07-15,USDCHF,2602.1
2018-07-16,USDCHF,92936.1
2018-07-17,USDCHF,107901.9
2018-07-18,USDCHF,103551.4
2018-07-19,USDCHF,131437.7
2018-07-20,USDCHF,122586.8
2018-07-22,USDCHF,3791.7
2018-07-23,USDCHF,103860.4
2018-07-24,USDCHF,102428.0
2018-07-25,USDCHF,120906.1
2018-07-26,USDCHF,108499.1
2018-07-27,USDCHF,88545.9
2018-07-29,USDCHF,1571.0
2018-07-30,USDCHF,68611.1
2018-07-31,USDCHF,105053.3
2018-08-01,USDCHF,84701.2
2018-08-02,USDCHF,88214.0
2018-08-03,USDCHF,79319.6
2018-08-05,USDCHF,2257.8
2018-08-06,USDCHF,73386.4
2018-08-07,USDCHF,70128.1
2018-08-08,USDCHF,74835.4
2018-08-09,USDCHF,73464.0
2018-08-10,USDCHF,113358.4
2018-08-12,USDCHF,4377.9
2018-08-13,USDCHF,105183.6
2018-08-14,USDCHF,88237.1
2018-08-15,USDCHF,94937.7
2018-08-16,USDCHF,96413.2
2018-08-17,USDCHF,92447.5
2018-08-19,USDCHF,2235.1
2018-08-20,USDCHF,80451.7
2018-08-21,USDCHF,93682.6
2018-08-22,USDCHF,88380.6
2018-08-23,USDCHF,86763.4
2018-08-24,USDCHF,89396.3
2018-08-26,USDCHF,2783.4
2018-08-27,USDCHF,79915.5
2018-08-28,USDCHF,91351.8
2018-08-29,USDCHF,93596.7
2018-08-30,USDCHF,94008.7
2018-08-31,USDCHF,104658.8
2018-09-02,USDCHF,2603.9
2018-09-03,USDCHF,54845.7
2018-09-04,USDCHF,97774.2
2018-09-05,USDCHF,98146.6
2018-09-06,USDCHF,96864.7
2018-09-07,USDCHF,95803.4
2018-09-09,USDCHF,1384.4
2018-09-10,USDCHF,78439.4
2018-09-11,USDCHF,82838.7
2018-09-12,USDCHF,82142.5
2018-09-13,USDCHF,77454.0
2018-09-14,USDCHF,69538.2
2018-09-16,USDCHF,2411.8
2018-09-17,USDCHF,62137.1
2018-09-18,USDCHF,84605.4
2018-09-19,USDCHF,84066.7
2018-09-20,USDCHF,81502.9
2018-09-21,USDCHF,86196.7
2018-09-23,USDCHF,2002.5
2018-09-24,USDCHF,68693.3
2018-09-25,USDCHF,77691.5
2018-09-26,USDCHF,90728.1
2018-09-27,USDCHF,100309.4
2018-09-28,USDCHF,93815.4
2018-09-30,USDCHF,3278.7
2018-10-01,USDCHF,91057.1
2018-10-02,USDCHF,93515.0
2018-10-03,USDCHF,103218.8
2018-10-04,USDCHF,104456.4
2018-10-05,USDCHF,96074.2
2018-10-07,USDCHF,4402.0
2018-10-08,USDCHF,77470.4
2018-10-09,USDCHF,104740.2
2018-10-10,USDCHF,108558.6
2018-10-11,USDCHF,138616.3
2018-10-12,USDCHF,99977.5
2018-10-14,USDCHF,4646.6
2018-10-15,USDCHF,89749.7
2018-10-16,USDCHF,77831.0
2018-10-17,USDCHF,85121.0
2018-10-18,USDCHF,91517.0
2018-10-19,USDCHF,87231.0
2018-10-21,USDCHF,3018.0
2018-10-22,USDCHF,76067.6
2018-10-23,USDCHF,85912.4
2018-10-24,USDCHF,92960.3
2018-10-25,USDCHF,85903.0
2018-10-26,USDCHF,99809.7
2018-10-28,USDCHF,8172.0
2018-10-29,USDCHF,89424.7
2018-10-30,USDCHF,78062.9
2018-10-31,USDCHF,85951.9
2018-11-01,USDCHF,90510.1
2018-11-02,USDCHF,88671.5
2018-11-04,USDCHF,5288.9
2018-11-05,USDCHF,68124.8
2018-11-06,USDCHF,69501.9
2018-11-07,USDCHF,102147.6
2018-11-08,USDCHF,86351.3
2018-11-09,USDCHF,79469.6
2018-11-11,USDCHF,4338.5
2018-11-12,USDCHF,78945.0
2018-11-13,USDCHF,95764.0
2018-11-14,USDCHF,99213.9
2018-11-15,USDCHF,106194.8
2018-11-16,USDCHF,84998.6
2018-11-18,USDCHF,4963.2
2018-11-19,USDCHF,82517.7
2018-11-20,USDCHF,95849.8
2018-11-21,USDCHF,75084.6
2018-11-22,USDCHF,52357.5
2018-11-23,USDCHF,51416.0
2018-11-25,USDCHF,4191.5
2018-11-26,USDCHF,74082.8
2018-11-27,USDCHF,75177.4
2018-11-28,USDCHF,74858.6
2018-11-29,USDCHF,79872.5
2018-11-30,USDCHF,66472.6
2018-12-02,USDCHF,2633.6
2018-12-03,USDCHF,74757.1
2018-12-04,USDCHF,80743.5
2018-12-05,USDCHF,54829.6
2018-12-06,USDCHF,95878.4
2018-12-07,USDCHF,77705.9
2018-12-09,USDCHF,2996.0
2018-12-10,USDCHF,91578.2
2018-12-11,USDCHF,86502.0
2018-12-12,USDCHF,92212.9
2018-12-13,USDCHF,80900.1
2018-12-14,USDCHF,68184.0
2018-12-16,USDCHF,16097.5
2018-12-17,USDCHF,68232.0
2018-12-18,USDCHF,80066.4
2018-12-19,USDCHF,137287.8
2018-12-20,USDCHF,151417.3
2018-12-21,USDCHF,138879.5
2018-12-23,USDCHF,4440.8
2018-12-24,USDCHF,108414.9
2018-12-25,USDCHF,3921.5
2018-12-26,USDCHF,70437.3
2018-12-27,USDCHF,147663.9
2018-12-28,USDCHF,124203.7
2018-12-30,USDCHF,3769.8
2018-12-31,USDCHF,101803.3
2019-01-01,USDCHF,3447.6
2019-01-02,USDCHF,129490.9
2019-01-03,USDCHF,156991.9
2019-01-04,USDCHF,140504.7
2019-01-06,USDCHF,4302.2
2019-01-07,USDCHF,108634.2
2019-01-08,USDCHF,111385.7
2019-01-09,USDCHF,144072.7
2019-01-10,USDCHF,123594.5
2019-01-11,USDCHF,104807.4
2019-01-13,USDCHF,2579.8
2019-01-14,USDCHF,94384.3
2019-01-15,USDCHF,119496.0
2019-01-16,USDCHF,94638.7
2019-01-17,USDCHF,98397.1
2019-01-18,USDCHF,85382.4
2019-01-20,USDCHF,4646.9
2019-01-21,USDCHF,68205.0
2019-01-22,USDCHF,94432.1
2019-01-23,USDCHF,107427.4
2019-01-24,USDCHF,150538.2
2019-01-25,USDCHF,126485.4
2019-01-27,USDCHF,2728.9
2019-01-28,USDCHF,95271.7
2019-01-29,USDCHF,128803.8
2019-01-30,USDCHF,142002.4
2019-01-31,USDCHF,138283.7
2019-02-01,USDCHF,130177.8
2019-02-03,USDCHF,4460.4
2019-02-04,USDCHF,102124.3
2019-02-05,USDCHF,101761.4
2019-02-06,USDCHF,102950.2
2019-02-07,USDCHF,113973.5
2019-02-08,USDCHF,90338.9
2019-02-10,USDCHF,5395.8
2019-02-11,USDCHF,98696.5
2019-02-12,USDCHF,99384.1
2019-02-13,USDCHF,99900.4
2019-02-14,USDCHF,121194.6
2019-02-15,USDCHF,102754.6
2019-02-17,USDCHF,1901.3
2019-02-18,USDCHF,70540.7
2019-02-19,USDCHF,117925.8
2019-02-20,USDCHF,128228.0
2019-02-21,USDCHF,148615.6
2019-02-22,USDCHF,122924.4
2019-02-24,USDCHF,3433.8
2019-02-25,USDCHF,111473.2
2019-02-26,USDCHF,127670.7
2019-02-27,USDCHF,127384.5
2019-02-28,USDCHF,151123.4
2019-03-01,USDCHF,134618.2
2019-03-03,USDCHF,17677.4
2019-03-04,USDCHF,110173.9
2019-03-05,USDCHF,114203.3
2019-03-06,USDCHF,108197.8
2019-03-07,USDCHF,132851.1
2019-03-08,USDCHF,136677.1
2019-03-10,USDCHF,592.8
2019-03-11,USDCHF,114246.7
2019-03-12,USDCHF,120619.8
2019-03-13,USDCHF,122933.7
2019-03-14,USDCHF,131245.9
2019-03-15,USDCHF,110432.8
2019-03-17,USDCHF,3722.6
2019-03-18,USDCHF,113722.6
2019-03-19,USDCHF,114637.2
2019-03-20,USDCHF,145663.8
2019-03-21,USDCHF,175295.2
2019-03-22,USDCHF,196664.8
2019-03-24,USDCHF,1998.2
2019-03-25,USDCHF,146410.9
2019-03-26,USDCHF,143319.5
2019-03-27,USDCHF,185013.8
2019-03-28,USDCHF,157897.3
2019-03-29,USDCHF,144767.5
2019-03-31,USDCHF,3248.8
2019-04-01,USDCHF,118495.3
2019-04-02,USDCHF,113540.4
2019-04-03,USDCHF,113959.1
2019-04-04,USDCHF,93275.3
2019-04-05,USDCHF,83349.0
2019-04-07,USDCHF,2427.7
2019-04-08,USDCHF,94411.9
2019-04-09,USDCHF,119610.0
2019-04-10,USDCHF,109812.3
2019-04-11,USDCHF,93301.1
2019-04-12,USDCHF,94691.6
2019-04-14,USDCHF,9391.3
2019-04-15,USDCHF,74818.1
2019-04-16,USDCHF,98562.4
2019-04-17,USDCHF,86145.5
2019-04-18,USDCHF,89045.7
2019-04-19,USDCHF,55068.5
2019-04-21,USDCHF,2258.9
2019-04-22,USDCHF,30312.0
2019-04-23,USDCHF,82653.1
2019-04-24,USDCHF,96493.8
2019-04-25,USDCHF,87656.5
2019-04-26,USDCHF,81753.3
2019-04-28,USDCHF,2162.0
2019-04-29,USDCHF,65874.8
2019-04-30,USDCHF,100278.1
2019-05-01,USDCHF,85358.9
2019-05-02,USDCHF,96110.8
2019-05-03,USDCHF,87648.1
2019-05-05,USDCHF,7627.1
2019-05-06,USDCHF,77432.4
2019-05-07,USDCHF,90442.6
2019-05-08,USDCHF,98978.9
2019-05-09,USDCHF,100771.5
2019-05-10,USDCHF,103114.6
2019-05-12,USDCHF,4816.5
2019-05-13,USDCHF,84910.6
2019-05-14,USDCHF,72087.5
2019-05-15,USDCHF,70521.4
2019-05-16,USDCHF,60052.9
2019-05-17,USDCHF,66397.9
2019-05-19,USDCHF,3036.5
2019-05-20,USDCHF,54289.0
2019-05-21,USDCHF,66754.0
2019-05-22,USDCHF,62262.5
2019-05-23,USDCHF,91528.4
2019-05-24,USDCHF,65711.6
2019-05-26,USDCHF,2309.1
2019-05-27,USDCHF,32396.4
2019-05-28,USDCHF,74003.1
2019-05-29,USDCHF,80763.8
2019-05-30,USDCHF,62630.3
2019-05-31,USDCHF,104819.9
2019-06-02,USDCHF,6043.4
2019-06-03,USDCHF,113448.9
2019-06-04,USDCHF,98391.1
2019-06-05,USDCHF,112431.1
2019-06-06,USDCHF,131560.9
2019-06-07,USDCHF,98153.6
2019-06-09,USDCHF,2794.7
2019-06-10,USDCHF,75061.0
2019-06-11,USDCHF,92783.6
2019-06-12,USDCHF,97187.2
2019-06-13,USDCHF,84356.0
2019-06-14,USDCHF,88285.9
2019-06-16,USDCHF,2786.8
2019-06-17,USDCHF,78930.7
2019-06-18,USDCHF,129715.0
2019-06-19,USDCHF,116002.3
2019-06-20,USDCHF,142158.1
2019-06-21,USDCHF,132737.6
2019-06-23,USDCHF,3837.9
2019-06-24,USDCHF,92639.8
2019-06-25,USDCHF,139229.9
2019-06-26,USDCHF,109935.2
2019-06-27,USDCHF,86135.7
2019-06-28,USDCHF,84726.0
2019-06-30,USDCHF,3295.2
2019-07-01,USDCHF,94734.0
2019-07-02,USDCHF,77741.0
2019-07-03,USDCHF,85966.7
2019-07-04,USDCHF,38923.2
2019-07-05,USDCHF,85362.6
2019-07-07,USDCHF,1676.4
2019-07-08,USDCHF,78504.7
2019-07-09,USDCHF,63776.3
2019-07-10,USDCHF,86631.1
2019-07-11,USDCHF,90009.9
2019-07-12,USDCHF,84006.6
2019-07-14,USDCHF,6567.0
2019-07-15,USDCHF,61919.6
2019-07-16,USDCHF,76216.6
2019-07-17,USDCHF,63161.7
2019-07-18,USDCHF,101086.5
2019-07-19,USDCHF,90586.9
2019-07-21,USDCHF,3190.4
2019-07-22,USDCHF,72526.0
2019-07-23,USDCHF,77646.0
2019-07-24,USDCHF,81569.6
2019-07-25,USDCHF,99013.5
2019-07-26,USDCHF,71356.8
2019-07-28,USDCHF,2283.9
2019-07-29,USDCHF,62097.6
2019-07-30,USDCHF,87997.6
2019-07-31,USDCHF,134871.3
2019-08-01,USDCHF,166009.2
2019-08-02,USDCHF,185401.2
2019-08-04,USDCHF,2893.9
2019-08-05,USDCHF,166907.7
2019-08-06,USDCHF,142162.9
2019-08-07,USDCHF,179611.1
2019-08-08,USDCHF,119262.4
2019-08-09,USDCHF,94422.4
2019-08-11,USDCHF,4268.1
2019-08-12,USDCHF,122767.7
2019-08-13,USDCHF,162910.0
2019-08-14,USDCHF,160708.0
2019-08-15,USDCHF,218195.2
2019-08-16,USDCHF,114743.2
2019-08-18,USDCHF,3444.5
2019-08-19,USDCHF,71944.4
2019-08-20,USDCHF,84080.0
2019-08-21,USDCHF,71945.2
2019-08-22,USDCHF,92558.6
2019-08-23,USDCHF,117831.4
2019-08-25,USDCHF,10477.1
2019-08-26,USDCHF,169461.0
2019-08-27,USDCHF,114118.8
2019-08-28,USDCHF,114086.0
2019-08-29,USDCHF,105784.8
2019-08-30,USDCHF,112399.5
2019-09-01,USDCHF,3576.5
2019-09-02,USDCHF,67186.2
2019-09-03,USDCHF,117004.8
2019-09-04,USDCHF,99559.0
2019-09-05,USDCHF,118697.0
2019-09-06,USDCHF,99730.5
2019-09-08,USDCHF,7341.2
2019-09-09,USDCHF,88241.5
2019-09-10,USDCHF,87542.2
2019-09-11,USDCHF,85818.3
2019-09-12,USDCHF,141109.9
2019-09-13,USDCHF,91812.2
2019-09-15,USDCHF,3935.2
2019-09-16,USDCHF,87450.3
2019-09-17,USDCHF,95611.2
2019-09-18,USDCHF,89676.0
2019-09-19,USDCHF,110478.7
2019-09-20,USDCHF,94116.0
2019-09-22,USDCHF,3241.9
2019-09-23,USDCHF,96533.9
2019-09-24,USDCHF,111854.4
2019-09-25,USDCHF,106401.1
2019-09-26,USDCHF,106673.9
2019-09-27,USDCHF,99995.5
2019-09-29,USDCHF,1669.2
2019-09-30,USDCHF,90464.1
2019-10-01,USDCHF,119887.8
2019-10-02,USDCHF,115013.1
2019-10-03,USDCHF,121021.0
2019-10-04,USDCHF,107476.5
2019-10-06,USDCHF,5502.5
2019-10-07,USDCHF,86598.7
2019-10-08,USDCHF,117887.5
2019-10-09,USDCHF,99078.5
2019-10-10,USDCHF,116363.8
2019-10-11,USDCHF,123944.4
2019-10-13,USDCHF,2963.6
2019-10-14,USDCHF,66831.1
2019-10-15,USDCHF,103156.6
2019-10-16,USDCHF,91911.5
2019-10-17,USDCHF,99269.9
2019-10-18,USDCHF,75631.9
2019-10-20,USDCHF,8497.8
2019-10-21,USDCHF,65398.8
2019-10-22,USDCHF,77894.4
2019-10-23,USDCHF,72170.8
2019-10-24,USDCHF,93120.0
2019-10-25,USDCHF,61324.2
2019-10-27,USDCHF,1871.9
2019-10-28,USDCHF,54349.7
2019-10-29,USDCHF,63620.4
2019-10-30,USDCHF,89717.0
2019-10-31,USDCHF,100808.3
2019-11-01,USDCHF,88329.8
2019-11-03,USDCHF,2216.9
2019-11-04,USDCHF,73348.5
2019-11-05,USDCHF,89725.0
2019-11-06,USDCHF,70977.2
2019-11-07,USDCHF,98124.5
2019-11-08,USDCHF,68087.1
2019-11-10,USDCHF,3696.1
2019-11-11,USDCHF,48042.1
2019-11-12,USDCHF,68879.4
2019-11-13,USDCHF,74401.5
2019-11-14,USDCHF,71601.8
2019-11-15,USDCHF,54046.4
2019-11-17,USDCHF,2657.9
2019-11-18,USDCHF,62385.9
2019-11-19,USDCHF,58077.8
2019-11-20,USDCHF,78788.4
2019-11-21,USDCHF,74493.3
2019-11-22,USDCHF,79475.9
2019-11-24,USDCHF,1162.7
2019-11-25,USDCHF,58690.7
2019-11-26,USDCHF,59132.9
2019-11-27,USDCHF,65546.2
2019-11-28,USDCHF,34857.6
2019-11-29,USDCHF,62883.0
2019-12-01,USDCHF,1784.2
2019-12-02,USDCHF,63549.8
2019-12-03,USDCHF,83374.0
2019-12-04,USDCHF,82717.8
2019-12-05,USDCHF,63661.2
2019-12-06,USDCHF,57592.4
2019-12-08,USDCHF,4448.4
2019-12-09,USDCHF,47188.4
2019-12-10,USDCHF,64873.7
2019-12-11,USDCHF,69678.2
2019-12-12,USDCHF,102138.9
2019-12-13,USDCHF,108948.6
2019-12-15,USDCHF,4796.1
2019-12-16,USDCHF,56057.0
2019-12-17,USDCHF,63345.9
2019-12-18,USDCHF,60832.7
2019-12-19,USDCHF,63459.7
2019-12-20,USDCHF,51384.3
2019-12-22,USDCHF,1724.9
2019-12-23,USDCHF,47131.0
2019-12-24,USDCHF,35022.8
2019-12-25,USDCHF,2899.4
2019-12-26,USDCHF,20946.3
2019-12-27,USDCHF,56638.5
2019-12-29,USDCHF,2027.7
2019-12-30,USDCHF,58967.2
2019-12-31,USDCHF,55459.3
2020-01-01,USDCHF,933.7
2020-01-02,USDCHF,101920.6
2020-01-03,USDCHF,76104.7
2020-01-05,USDCHF,4713.2
2020-01-06,USDCHF,69252.0
2020-01-07,USDCHF,75662.4
2020-01-08,USDCHF,121035.8
2020-01-09,USDCHF,71334.3
2020-01-10,USDCHF,55658.0
2020-01-12,USDCHF,4802.4
2020-01-13,USDCHF,50369.1
2020-01-14,USDCHF,70224.3
2020-01-15,USDCHF,63223.1
2020-01-16,USDCHF,56628.7
2020-01-17,USDCHF,60819.2
2020-01-19,USDCHF,4201.6
2020-01-20,USDCHF,43208.6
2020-01-21,USDCHF,58788.4
2020-01-22,USDCHF,62584.3
2020-01-23,USDCHF,73249.8
2020-01-24,USDCHF,56336.6
2020-01-26,USDCHF,12439.6
2020-01-27,USDCHF,70766.4
2020-01-28,USDCHF,51776.5
2020-01-29,USDCHF,58177.6
2020-01-30,USDCHF,78042.5
2020-01-31,USDCHF,85476.5
2020-02-02,USDCHF,5047.6
2020-02-03,USDCHF,91814.8
2020-02-04,USDCHF,73830.0
2020-02-05,USDCHF,80597.9
2020-02-06,USDCHF,66663.9
2020-02-07,USDCHF,85113.2
2020-02-09,USDCHF,7897.7
2020-02-10,USDCHF,87514.1
2020-02-11,USDCHF,70328.3
2020-02-12,USDCHF,198550.0
2020-02-13,USDCHF,250897.5
2020-02-14,USDCHF,138384.7
2020-02-16,USDCHF,2514.7
2020-02-17,USDCHF,40610.4
2020-02-18,USDCHF,68723.8
2020-02-19,USDCHF,64763.6
2020-02-20,USDCHF,71565.4
2020-02-21,USDCHF,80535.2
2020-02-23,USDCHF,5700.2
2020-02-24,USDCHF,112259.3
2020-02-25,USDCHF,121023.3
2020-02-26,USDCHF,122319.9
2020-02-27,USDCHF,138246.4
2020-02-28,USDCHF,183098.9
2020-03-01,USDCHF,6596.4
2020-03-02,USDCHF,160876.4
2020-03-03,USDCHF,178398.6
2020-03-04,USDCHF,106641.0
2020-03-05,USDCHF,113207.4
2020-03-06,USDCHF,212927.2
2020-03-08,USDCHF,16181.2
2020-03-09,USDCHF,219193.7
2020-03-10,USDCHF,237976.2
2020-03-11,USDCHF,181059.0
2020-03-12,USDCHF,262653.2
2020-03-13,USDCHF,296890.4
2020-03-15,USDCHF,47888.7
2020-03-16,USDCHF,367440.1
2020-03-17,USDCHF,343829.9
2020-03-18,USDCHF,343154.7
2020-03-19,USDCHF,356628.5
2020-03-20,USDCHF,388633.5
2020-03-22,USDCHF,19772.0
2020-03-23,USDCHF,379790.8
2020-03-24,USDCHF,299742.1
2020-03-25,USDCHF,260150.6
2020-03-26,USDCHF,275873.9
2020-03-27,USDCHF,252229.9
2020-03-29,USDCHF,6963.4
2020-03-30,USDCHF,183574.9
2020-03-31,USDCHF,222750.9
2020-04-01,USDCHF,172837.7
2020-04-02,USDCHF,168236.4
2020-04-03,USDCHF,136990.0
2020-04-05,USDCHF,6639.0
2020-04-06,USDCHF,151959.4
2020-04-07,USDCHF,146184.4
2020-04-08,USDCHF,115442.2
2020-04-09,USDCHF,154253.8
2020-04-10,USDCHF,80674.2
2020-04-12,USDCHF,3115.0
2020-04-13,USDCHF,80103.9
2020-04-14,USDCHF,109552.5
2020-04-15,USDCHF,117304.8
2020-04-16,USDCHF,142752.0
2020-04-17,USDCHF,119179.1
2020-04-19,USDCHF,7207.6
2020-04-20,USDCHF,102088.9
2020-04-21,USDCHF,121565.3
2020-04-22,USDCHF,96245.5
2020-04-23,USDCHF,137488.8
2020-04-24,USDCHF,97362.3
2020-04-26,USDCHF,2481.6
2020-04-27,USDCHF,95478.6
2020-04-28,USDCHF,98866.1
2020-04-29,USDCHF,83146.2
2020-04-30,USDCHF,125308.7
2020-05-01,USDCHF,71757.0
2020-05-03,USDCHF,4662.2
2020-05-04,USDCHF,82726.2
2020-05-05,USDCHF,85868.9
2020-05-06,USDCHF,125616.5
2020-05-07,USDCHF,95807.7
2020-05-08,USDCHF,69687.1
2020-05-10,USDCHF,5391.7
2020-05-11,USDCHF,70087.3
2020-05-12,USDCHF,86961.3
2020-05-13,USDCHF,101586.1
2020-05-14,USDCHF,97434.2
2020-05-15,USDCHF,85670.6
2020-05-17,USDCHF,2927.7
2020-05-18,USDCHF,91255.5
2020-05-19,USDCHF,85623.4
2020-05-20,USDCHF,74781.0
2020-05-21,USDCHF,88377.9
2020-05-22,USDCHF,63656.4
2020-05-24,USDCHF,3236.7
2020-05-25,USDCHF,50267.5
2020-05-26,USDCHF,79686.7
2020-05-27,USDCHF,122782.9
2020-05-28,USDCHF,99621.8
2020-05-29,USDCHF,120049.0
2020-05-31,USDCHF,4201.8
2020-06-01,USDCHF,106902.8
2020-06-02,USDCHF,116848.6
2020-06-03,USDCHF,121834.5
2020-06-04,USDCHF,120654.9
2020-06-05,USDCHF,119913.4
2020-06-07,USDCHF,3175.0
2020-06-08,USDCHF,87151.6
2020-06-09,USDCHF,92186.5
2020-06-10,USDCHF,110003.2
2020-06-11,USDCHF,121953.8
2020-06-12,USDCHF,108631.8
2020-06-14,USDCHF,6711.2
2020-06-15,USDCHF,97065.7
2020-06-16,USDCHF,108501.9
2020-06-17,USDCHF,86321.2
2020-06-18,USDCHF,82499.6
2020-06-19,USDCHF,70433.5
2020-06-21,USDCHF,2657.0
2020-06-22,USDCHF,62692.1
2020-06-23,USDCHF,81521.2
2020-06-24,USDCHF,75750.3
2020-06-25,USDCHF,78875.7
2020-06-26,USDCHF,63025.9
2020-06-28,USDCHF,2267.2
2020-06-29,USDCHF,61944.1
2020-06-30,USDCHF,75164.1
2020-07-01,USDCHF,73533.2
2020-07-02,USDCHF,63411.9
2020-07-03,USDCHF,58476.6
2020-07-05,USDCHF,1830.6
2020-07-06,USDCHF,65405.4
2020-07-07,USDCHF,69527.6
2020-07-08,USDCHF,70208.1
2020-07-09,USDCHF,92461.7
2020-07-10,USDCHF,61070.8
2020-07-12,USDCHF,2640.6
2020-07-13,USDCHF,97355.3
2020-07-14,USDCHF,90982.2
2020-07-15,USDCHF,75306.0
2020-07-16,USDCHF,81708.1
2020-07-17,USDCHF,51359.5
2020-07-19,USDCHF,3474.9
2020-07-20,USDCHF,68794.6
2020-07-21,USDCHF,90851.2
2020-07-22,USDCHF,117311.0
2020-07-23,USDCHF,87046.8
2020-07-24,USDCHF,93133.9
2020-07-26,USDCHF,4985.0
2020-07-27,USDCHF,94669.5
2020-07-28,USDCHF,102005.3
2020-07-29,USDCHF,95993.6
2020-07-30,USDCHF,99912.0
2020-07-31,USDCHF,116087.0
2020-08-02,USDCHF,11360.3
2020-08-03,USDCHF,101960.9
2020-08-04,USDCHF,78756.3
2020-08-05,USDCHF,73331.4
2020-08-06,USDCHF,97464.8
2020-08-07,USDCHF,96138.7
2020-08-09,USDCHF,3493.7
2020-08-10,USDCHF,68613.7
2020-08-11,USDCHF,121657.7
2020-08-12,USDCHF,104975.6
2020-08-13,USDCHF,84468.0
2020-08-14,USDCHF,96608.5
2020-08-16,USDCHF,1729.7
2020-08-17,USDCHF,86060.7
2020-08-18,USDCHF,85863.6
2020-08-19,USDCHF,91354.0
2020-08-20,USDCHF,104443.0
2020-08-21,USDCHF,75428.9
2020-08-23,USDCHF,2770.9
2020-08-24,USDCHF,76364.6
2020-08-25,USDCHF,77103.4
2020-08-26,USDCHF,74447.7
2020-08-27,USDCHF,138886.7
2020-08-28,USDCHF,116527.6
2020-08-30,USDCHF,4715.8
2020-08-31,USDCHF,231819.6
2020-09-01,USDCHF,131436.9
2020-09-02,USDCHF,101041.6
2020-09-03,USDCHF,95083.9
2020-09-04,USDCHF,88968.9
2020-09-06,USDCHF,1436.1
2020-09-07,USDCHF,48679.6
2020-09-08,USDCHF,104131.1
2020-09-09,USDCHF,73911.5
2020-09-10,USDCHF,96423.0
2020-09-11,USDCHF,70119.8
2020-09-13,USDCHF,1956.2
2020-09-14,USDCHF,59683.2
2020-09-15,USDCHF,64449.9
2020-09-16,USDCHF,106254.1
2020-09-17,USDCHF,96455.8
2020-09-18,USDCHF,66144.3
2020-09-20,USDCHF,2686.0
2020-09-21,USDCHF,103611.6
2020-09-22,USDCHF,93213.3
2020-09-23,USDCHF,88811.4
2020-09-24,USDCHF,94268.7
2020-09-25,USDCHF,73098.2
2020-09-27,USDCHF,2304.5
2020-09-28,USDCHF,70816.8
2020-09-29,USDCHF,65298.9
2020-09-30,USDCHF,92748.4
2020-10-01,USDCHF,82702.3
2020-10-02,USDCHF,84485.1
2020-10-04,USDCHF,6368.7
2020-10-05,USDCHF,55792.0
2020-10-06,USDCHF,63578.5
2020-10-07,USDCHF,54157.6
2020-10-08,USDCHF,46176.4
2020-10-09,USDCHF,43578.7
2020-10-11,USDCHF,2246.0
2020-10-12,USDCHF,42390.9
2020-10-13,USDCHF,50814.0
2020-10-14,USDCHF,46361.9
2020-10-15,USDCHF,60837.6
2020-10-16,USDCHF,61874.1
2020-10-18,USDCHF,1821.2
2020-10-19,USDCHF,52578.1
2020-10-20,USDCHF,59064.5
2020-10-21,USDCHF,67418.2
2020-10-22,USDCHF,60968.2
2020-10-23,USDCHF,52052.7
2020-10-25,USDCHF,4453.1
2020-10-26,USDCHF,59469.0
2020-10-27,USDCHF,54185.1
2020-10-28,USDCHF,75036.0
2020-10-29,USDCHF,81884.7
2020-10-30,USDCHF,72494.0
2020-11-01,USDCHF,1606.1
2020-11-02,USDCHF,58150.5
2020-11-03,USDCHF,51274.0
2020-11-04,USDCHF,140075.0
2020-11-05,USDCHF,87322.0
2020-11-06,USDCHF,98111.2
2020-11-08,USDCHF,5148.9
2020-11-09,USDCHF,124392.5
2020-11-10,USDCHF,111176.9
2020-11-11,USDCHF,68677.7
2020-11-12,USDCHF,65050.7
2020-11-13,USDCHF,45792.4
2020-11-15,USDCHF,1970.8
2020-11-16,USDCHF,72310.6
2020-11-17,USDCHF,56642.5
2020-11-18,USDCHF,64359.1
2020-11-19,USDCHF,70429.9
2020-11-20,USDCHF,56547.0
2020-11-22,USDCHF,3377.8
2020-11-23,USDCHF,71640.5
2020-11-24,USDCHF,68955.8
2020-11-25,USDCHF,81960.8
2020-11-26,USDCHF,55493.2
2020-11-27,USDCHF,59352.9
2020-11-29,USDCHF,1668.1
2020-11-30,USDCHF,70603.2
2020-12-01,USDCHF,69338.6
2020-12-02,USDCHF,72611.9
2020-12-03,USDCHF,60686.3
2020-12-04,USDCHF,60480.9
2020-12-06,USDCHF,3846.5
2020-12-07,USDCHF,60289.7
2020-12-08,USDCHF,57151.7
2020-12-09,USDCHF,54178.4
2020-12-10,USDCHF,69631.7
2020-12-11,USDCHF,56078.7
2020-12-13,USDCHF,2022.9
2020-12-14,USDCHF,54694.4
2020-12-15,USDCHF,57226.7
2020-12-16,USDCHF,72897.6
2020-12-17,USDCHF,57680.7
2020-12-18,USDCHF,60165.7
2020-12-20,USDCHF,1936.7
2020-12-21,USDCHF,97522.6
2020-12-22,USDCHF,68631.3
2020-12-23,USDCHF,73107.5
2020-12-24,USDCHF,48631.4
2020-12-25,USDCHF,1817.2
2020-12-27,USDCHF,2005.5
2020-12-28,USDCHF,57387.3
2020-12-29,USDCHF,59653.5
2020-12-30,USDCHF,66111.7
2020-12-31,USDCHF,61208.5
2021-01-03,USDCHF,2768.9
2021-01-04,USDCHF,68775.3
2021-01-05,USDCHF,63568.1
2021-01-06,USDCHF,95660.2
2021-01-07,USDCHF,83708.0
2021-01-08,USDCHF,96566.8
2021-01-10,USDCHF,3208.7
2021-01-11,USDCHF,76049.1
2021-01-12,USDCHF,65862.1
2021-01-13,USDCHF,63884.8
2021-01-14,USDCHF,77892.5
2021-01-15,USDCHF,60455.7
2021-01-17,USDCHF,2477.7
2021-01-18,USDCHF,51380.4
2021-01-19,USDCHF,54202.5
2021-01-20,USDCHF,59071.7
2021-01-21,USDCHF,60283.1
2021-01-22,USDCHF,54960.4
2021-01-24,USDCHF,2212.1
2021-01-25,USDCHF,57657.0
2021-01-26,USDCHF,52156.0
2021-01-27,USDCHF,80104.0
2021-01-28,USDCHF,77251.5
2021-01-29,USDCHF,82409.1
2021-01-31,USDCHF,3029.9
2021-02-01,USDCHF,72962.2
2021-02-02,USDCHF,69396.9
2021-02-03,USDCHF,54708.8
2021-02-04,USDCHF,60184.7
2021-02-05,USDCHF,65766.5
2021-02-07,USDCHF,3200.3
2021-02-08,USDCHF,58686.9
2021-02-09,USDCHF,61618.5
2021-02-10,USDCHF,59678.2
2021-02-11,USDCHF,42796.2
2021-02-12,USDCHF,44343.6
2021-02-14,USDCHF,1886.2
2021-02-15,USDCHF,40253.4
2021-02-16,USDCHF,61521.2
2021-02-17,USDCHF,77097.6
2021-02-18,USDCHF,65794.2
2021-02-19,USDCHF,54602.5
2021-02-21,USDCHF,6350.9
2021-02-22,USDCHF,66601.3
2021-02-23,USDCHF,71486.6
2021-02-24,USDCHF,94302.4
2021-02-25,USDCHF,113157.1
2021-02-26,USDCHF,112892.7
2021-02-28,USDCHF,2654.2
2021-03-01,USDCHF,94356.7
2021-03-02,USDCHF,83257.5
2021-03-03,USDCHF,83846.8
2021-03-04,USDCHF,114387.2
2021-03-05,USDCHF,111922.5
2021-03-07,USDCHF,4264.1
2021-03-08,USDCHF,84382.8
2021-03-09,USDCHF,92370.9
2021-03-10,USDCHF,83933.4
2021-03-11,USDCHF,76320.6
2021-03-12,USDCHF,70582.7
2021-03-14,USDCHF,9828.4
2021-03-15,USDCHF,82687.9
2021-03-16,USDCHF,76973.7
2021-03-17,USDCHF,99176.1
2021-03-18,USDCHF,117223.7
2021-03-19,USDCHF,94187.2
2021-03-21,USDCHF,3516.0
2021-03-22,USDCHF,75830.1
2021-03-23,USDCHF,77790.1
2021-03-24,USDCHF,70988.1
2021-03-25,USDCHF,72492.8
2021-03-26,USDCHF,51123.8
2021-03-28,USDCHF,2238.8
2021-03-29,USDCHF,61886.5
2021-03-30,USDCHF,73527.5
2021-03-31,USDCHF,105833.2
2021-04-01,USDCHF,112420.4
2021-04-02,USDCHF,51827.8
2021-04-04,USDCHF,6098.2
2021-04-05,USDCHF,70332.2
2021-04-06,USDCHF,65017.5
2021-04-07,USDCHF,62654.5
2021-04-08,USDCHF,51816.9
2021-04-09,USDCHF,56900.9
2021-04-11,USDCHF,2114.6
2021-04-12,USDCHF,61236.4
2021-04-13,USDCHF,76638.0
2021-04-14,USDCHF,70256.4
2021-04-15,USDCHF,85324.5
2021-04-16,USDCHF,60637.4
2021-04-18,USDCHF,1770.1
2021-04-19,USDCHF,65299.8
2021-04-20,USDCHF,64708.5
2021-04-21,USDCHF,60462.6
2021-04-22,USDCHF,67870.4
2021-04-23,USDCHF,52499.7
2021-04-25,USDCHF,2168.8
2021-04-26,USDCHF,60607.8
2021-04-27,USDCHF,57628.9
2021-04-28,USDCHF,79699.1
2021-04-29,USDCHF,70459.1
2021-04-30,USDCHF,73502.6
2021-05-02,USDCHF,1890.8
2021-05-03,USDCHF,70870.6
2021-05-04,USDCHF,87952.3
2021-05-05,USDCHF,73557.4
2021-05-06,USDCHF,77358.3
2021-05-07,USDCHF,90908.1
2021-05-09,USDCHF,13115.4
2021-05-10,USDCHF,84218.3
2021-05-11,USDCHF,78339.1
2021-05-12,USDCHF,104121.7
2021-05-13,USDCHF,126051.3
2021-05-14,USDCHF,63465.4
2021-05-16,USDCHF,1652.0
2021-05-17,USDCHF,63005.0
2021-05-18,USDCHF,54332.9
2021-05-19,USDCHF,84216.3
2021-05-20,USDCHF,70933.8
2021-05-21,USDCHF,65412.7
2021-05-23,USDCHF,1846.8
2021-05-24,USDCHF,63158.4
2021-05-25,USDCHF,81515.4
2021-05-26,USDCHF,63208.3
2021-05-27,USDCHF,70079.6
2021-05-28,USDCHF,67550.7
2021-05-30,USDCHF,5733.1
2021-05-31,USDCHF,42712.8
2021-06-01,USDCHF,53071.5
2021-06-02,USDCHF,66290.8
2021-06-03,USDCHF,52560.8
2021-06-04,USDCHF,54109.5
2021-06-06,USDCHF,3031.3
2021-06-07,USDCHF,46285.1
2021-06-08,USDCHF,54985.0
2021-06-09,USDCHF,37103.6
2021-06-10,USDCHF,58107.6
2021-06-11,USDCHF,44160.0
2021-06-13,USDCHF,2445.7
2021-06-14,USDCHF,41407.4
2021-06-15,USDCHF,42465.6
2021-06-16,USDCHF,67391.1
2021-06-17,USDCHF,85995.5
2021-06-18,USDCHF,83447.8
2021-06-20,USDCHF,3101.1
2021-06-21,USDCHF,70156.4
2021-06-22,USDCHF,63336.1
2021-06-23,USDCHF,55073.6
2021-06-24,USDCHF,57206.0
2021-06-25,USDCHF,49932.9
2021-06-27,USDCHF,6240.1
2021-06-28,USDCHF,52014.6
2021-06-29,USDCHF,50151.7
2021-06-30,USDCHF,64523.5
2021-07-01,USDCHF,68989.2
2021-07-02,USDCHF,68498.7
2021-07-04,USDCHF,6892.1
2021-07-05,USDCHF,43163.1
2021-07-06,USDCHF,75546.9
2021-07-07,USDCHF,69674.2
2021-07-08,USDCHF,79643.8
2021-07-09,USDCHF,52615.6
2021-07-11,USDCHF,2713.4
2021-07-12,USDCHF,53736.9
2021-07-13,USDCHF,72592.7
2021-07-14,USDCHF,62859.0
2021-07-15,USDCHF,63690.2
2021-07-16,USDCHF,52536.5
2021-07-18,USDCHF,1971.0
2021-07-19,USDCHF,67805.6
2021-07-20,USDCHF,69672.9
2021-07-21,USDCHF,54509.3
2021-07-22,USDCHF,69192.7
2021-07-23,USDCHF,46132.7
2021-07-25,USDCHF,2054.4
2021-07-26,USDCHF,55916.6
2021-07-27,USDCHF,57236.3
2021-07-28,USDCHF,60535.4
2021-07-29,USDCHF,45983.9
2021-07-30,USDCHF,50009.6
2021-08-01,USDCHF,1186.4
2021-08-02,USDCHF,45963.5
2021-08-03,USDCHF,50947.5
2021-08-04,USDCHF,45689.1
2021-08-05,USDCHF,43050.7
2021-08-06,USDCHF,48937.9
2021-08-08,USDCHF,4427.3
2021-08-09,USDCHF,42946.4
2021-08-10,USDCHF,43075.8
2021-08-11,USDCHF,41195.4
2021-08-12,USDCHF,30482.2
2021-08-13,USDCHF,29885.5
2021-08-15,USDCHF,3587.8
2021-08-16,USDCHF,41010.9
2021-08-17,USDCHF,44681.4
2021-08-18,USDCHF,50746.0
2021-08-19,USDCHF,56484.7
2021-08-20,USDCHF,34191.2
2021-08-22,USDCHF,1833.5
2021-08-23,USDCHF,41035.2
2021-08-24,USDCHF,35286.6
2021-08-25,USDCHF,40611.9
2021-08-26,USDCHF,50645.9
2021-08-27,USDCHF,49708.6
2021-08-29,USDCHF,2086.3
2021-08-30,USDCHF,30603.5
2021-08-31,USDCHF,49145.0
2021-09-01,USDCHF,45559.0
2021-09-02,USDCHF,40974.2
2021-09-03,USDCHF,54326.3
2021-09-05,USDCHF,1457.9
2021-09-06,USDCHF,34634.8
2021-09-07,USDCHF,51385.9
2021-09-08,USDCHF,57000.3
2021-09-09,USDCHF,58245.2
2021-09-10,USDCHF,45596.8
2021-09-12,USDCHF,35128.2
2021-09-13,USDCHF,42201.8
2021-09-14,USDCHF,48586.0
2021-09-15,USDCHF,46308.2
2021-09-16,USDCHF,51868.5
2021-09-17,USDCHF,54971.9
2021-09-19,USDCHF,1520.6
2021-09-20,USDCHF,52211.1
2021-09-21,USDCHF,56918.3
2021-09-22,USDCHF,78134.9
2021-09-23,USDCHF,66633.5
2021-09-24,USDCHF,46460.7
2021-09-26,USDCHF,2036.5
2021-09-27,USDCHF,65075.5
2021-09-28,USDCHF,76531.1
2021-09-29,USDCHF,80664.6
2021-09-30,USDCHF,81588.7
2021-10-01,USDCHF,77453.6
2021-10-03,USDCHF,1809.8
2021-10-04,USDCHF,53109.4
2021-10-05,USDCHF,54707.0
2021-10-06,USDCHF,71868.1
2021-10-07,USDCHF,59852.1
2021-10-08,USDCHF,64138.3
2021-10-10,USDCHF,1665.9
2021-10-11,USDCHF,51719.5
2021-10-12,USDCHF,51599.0
2021-10-13,USDCHF,65427.8
2021-10-14,USDCHF,55031.6
2021-10-15,USDCHF,56572.8
2021-10-17,USDCHF,3948.2
2021-10-18,USDCHF,59041.1
2021-10-19,USDCHF,57625.5
2021-10-20,USDCHF,62280.3
2021-10-21,USDCHF,63554.4
2021-10-22,USDCHF,64376.3
2021-10-24,USDCHF,2823.8
2021-10-25,USDCHF,64600.4
2021-10-26,USDCHF,57142.4
2021-10-27,USDCHF,78141.1
2021-10-28,USDCHF,106448.8
2021-10-29,USDCHF,88322.8
2021-10-31,USDCHF,1648.3
2021-11-01,USDCHF,66530.9
2021-11-02,USDCHF,62827.6
2021-11-03,USDCHF,84507.5
2021-11-04,USDCHF,76837.7
2021-11-05,USDCHF,76501.9
2021-11-07,USDCHF,2140.1
2021-11-08,USDCHF,62942.9
2021-11-09,USDCHF,79635.6
2021-11-10,USDCHF,105056.0
2021-11-11,USDCHF,67901.4
2021-11-12,USDCHF,67701.3
2021-11-14,USDCHF,1131.9
2021-11-15,USDCHF,69096.5
2021-11-16,USDCHF,88947.7
2021-11-17,USDCHF,85519.0
2021-11-18,USDCHF,91429.3
2021-11-19,USDCHF,108155.0
2021-11-21,USDCHF,16054.9
2021-11-22,USDCHF,88517.4
2021-11-23,USDCHF,95301.1
2021-11-24,USDCHF,97553.4
2021-11-25,USDCHF,66564.4
2021-11-26,USDCHF,142601.6
2021-11-28,USDCHF,3971.5
2021-11-29,USDCHF,104758.7
2021-11-30,USDCHF,149654.5
2021-12-01,USDCHF,104256.5
2021-12-02,USDCHF,90573.6
2021-12-03,USDCHF,98308.6
2021-12-05,USDCHF,2116.6
2021-12-06,USDCHF,68315.6
2021-12-07,USDCHF,67669.0
2021-12-08,USDCHF,74727.5
2021-12-09,USDCHF,64811.2
2021-12-10,USDCHF,63149.6
2021-12-12,USDCHF,2438.4
2021-12-13,USDCHF,57520.6
2021-12-14,USDCHF,56198.6
2021-12-15,USDCHF,91438.6
2021-12-16,USDCHF,79673.5
2021-12-17,USDCHF,65037.4
2021-12-19,USDCHF,1654.8
2021-12-20,USDCHF,68103.8
2021-12-21,USDCHF,72569.9
2021-12-22,USDCHF,52906.3
2021-12-23,USDCHF,57411.5
2021-12-24,USDCHF,114798.6
2021-12-26,USDCHF,2252.4
2021-12-27,USDCHF,37578.0
2021-12-28,USDCHF,38619.8
2021-12-29,USDCHF,48168.4
2021-12-30,USDCHF,56436.7
2021-12-31,USDCHF,50278.8
2022-01-02,USDCHF,2104.2
2022-01-03,USDCHF,65641.9
2022-01-04,USDCHF,70004.6
2022-01-05,USDCHF,71282.6
2022-01-06,USDCHF,72200.6
2022-01-07,USDCHF,57404.8
2022-01-09,USDCHF,2414.3
2022-01-10,USDCHF,81046.8
2022-01-11,USDCHF,72412.2
2022-01-12,USDCHF,79236.3
2022-01-13,USDCHF,80351.8
2022-01-14,USDCHF,82922.0
2022-01-16,USDCHF,1385.3
2022-01-17,USDCHF,58499.5
2022-01-18,USDCHF,95120.6
2022-01-19,USDCHF,77847.6
2022-01-20,USDCHF,77013.4
2022-01-21,USDCHF,77533.1
2022-01-23,USDCHF,3679.1
2022-01-24,USDCHF,107777.1
2022-01-25,USDCHF,84354.5
2022-01-26,USDCHF,100995.5
2022-01-27,USDCHF,105448.4
2022-01-28,USDCHF,97022.1
2022-01-30,USDCHF,1616.5
2022-01-31,USDCHF,95786.7
2022-02-01,USDCHF,92292.3
2022-02-02,USDCHF,88037.7
2022-02-03,USDCHF,142508.5
2022-02-04,USDCHF,131120.0
2022-02-06,USDCHF,2098.2
2022-02-07,USDCHF,108490.1
2022-02-08,USDCHF,94984.4
2022-02-09,USDCHF,75393.8
2022-02-10,USDCHF,137248.8
2022-02-11,USDCHF,151997.3
2022-02-13,USDCHF,1572.4
2022-02-14,USDCHF,137963.8
2022-02-15,USDCHF,116486.7
2022-02-16,USDCHF,98502.5
2022-02-17,USDCHF,138273.6
2022-02-18,USDCHF,97645.8
2022-02-20,USDCHF,3370.7
2022-02-21,USDCHF,81300.4
2022-02-22,USDCHF,130904.8
2022-02-23,USDCHF,87638.4
2022-02-24,USDCHF,260671.9
2022-02-25,USDCHF,149975.5
2022-02-27,USDCHF,12052.9
2022-02-28,USDCHF,168484.0
2022-03-01,USDCHF,161217.0
2022-03-02,USDCHF,151320.5
2022-03-03,USDCHF,112232.9
2022-03-04,USDCHF,158680.1
2022-03-06,USDCHF,7179.5
2022-03-07,USDCHF,188378.1
2022-03-08,USDCHF,193506.2
2022-03-09,USDCHF,138960.9
2022-03-10,USDCHF,152706.1
2022-03-11,USDCHF,124688.4
2022-03-13,USDCHF,3371.7
2022-03-14,USDCHF,113289.8
2022-03-15,USDCHF,118280.8
2022-03-16,USDCHF,133162.5
2022-03-17,USDCHF,97427.5
2022-03-18,USDCHF,89368.0
2022-03-20,USDCHF,2223.6
2022-03-21,USDCHF,86050.8
2022-03-22,USDCHF,98496.9
2022-03-23,USDCHF,95006.1
2022-03-24,USDCHF,101813.2
2022-03-25,USDCHF,100939.4
2022-03-27,USDCHF,3784.8
2022-03-28,USDCHF,140646.5
2022-03-29,USDCHF,159903.5
2022-03-30,USDCHF,141100.8
2022-03-31,USDCHF,124545.3
2022-04-01,USDCHF,96928.5
2022-04-03,USDCHF,2100.4
2022-04-04,USDCHF,86057.1
2022-04-05,USDCHF,94898.9
2022-04-06,USDCHF,117217.6
2022-04-07,USDCHF,97074.4
2022-04-08,USDCHF,79807.2
2022-04-10,USDCHF,4844.2
2022-04-11,USDCHF,102963.4
2022-04-12,USDCHF,127060.5
2022-04-13,USDCHF,111241.1
2022-04-14,USDCHF,123917.0
2022-04-15,USDCHF,156522.6
2022-04-17,USDCHF,4228.3
2022-04-18,USDCHF,75959.2
2022-04-19,USDCHF,129840.0
2022-04-20,USDCHF,131958.8
2022-04-21,USDCHF,141122.7
2022-04-22,USDCHF,125161.7
2022-04-24,USDCHF,5105.3
2022-04-25,USDCHF,148703.4
2022-04-26,USDCHF,127936.7
2022-04-27,USDCHF,126491.7
2022-04-28,USDCHF,174391.2
2022-04-29,USDCHF,133575.2
2022-05-01,USDCHF,4440.3
2022-05-02,USDCHF,50385.6
2022-05-03,USDCHF,60332.1
2022-05-04,USDCHF,95021.5
2022-05-05,USDCHF,117977.9
2022-05-06,USDCHF,122356.2
2022-05-08,USDCHF,3475.8
2022-05-09,USDCHF,123485.2
2022-05-10,USDCHF,127069.6
2022-05-11,USDCHF,145485.5
2022-05-12,USDCHF,126892.5
2022-05-13,USDCHF,115608.9
2022-05-15,USDCHF,3371.1
2022-05-16,USDCHF,86615.9
2022-05-17,USDCHF,99384.2
2022-05-18,USDCHF,94097.4
2022-05-19,USDCHF,122667.3
2022-05-20,USDCHF,104742.0
2022-05-22,USDCHF,3608.0
2022-05-23,USDCHF,102482.5
2022-05-24,USDCHF,116871.1
2022-05-25,USDCHF,121243.0
2022-05-26,USDCHF,97281.4
2022-05-27,USDCHF,90755.0
2022-05-29,USDCHF,2267.2
2022-05-30,USDCHF,68702.8
2022-05-31,USDCHF,108912.7
2022-06-01,USDCHF,100467.6
2022-06-02,USDCHF,98301.1
2022-06-03,USDCHF,83909.4
2022-06-05,USDCHF,3619.4
2022-06-06,USDCHF,80130.8
2022-06-07,USDCHF,107623.9
2022-06-08,USDCHF,102144.6
2022-06-09,USDCHF,134635.8
2022-06-10,USDCHF,141082.0
2022-06-12,USDCHF,6153.3
2022-06-13,USDCHF,180659.0
2022-06-14,USDCHF,196815.3
2022-06-15,USDCHF,242644.3
2022-06-16,USDCHF,232002.1
2022-06-17,USDCHF,203001.1
2022-06-19,USDCHF,5814.6
2022-06-20,USDCHF,145392.1
2022-06-21,USDCHF,143352.1
2022-06-22,USDCHF,162409.0
2022-06-23,USDCHF,209746.4
2022-06-24,USDCHF,176676.2
2022-06-26,USDCHF,8494.4
2022-06-27,USDCHF,150667.3
2022-06-28,USDCHF,180160.5
2022-06-29,USDCHF,189024.5
2022-06-30,USDCHF,194056.4
2022-07-01,USDCHF,198951.6
2022-07-03,USDCHF,13905.1
2022-07-04,USDCHF,111427.9
2022-07-05,USDCHF,165773.7
2022-07-06,USDCHF,190437.2
2022-07-07,USDCHF,165052.7
2022-07-08,USDCHF,167772.5
2022-07-10,USDCHF,7006.1
2022-07-11,USDCHF,141361.2
2022-07-12,USDCHF,187131.9
2022-07-13,USDCHF,203307.4
2022-07-14,USDCHF,237521.8
2022-07-15,USDCHF,159528.6
2022-07-17,USDCHF,6228.2
2022-07-18,USDCHF,157401.4
2022-07-19,USDCHF,170508.1
2022-07-20,USDCHF,164486.2
2022-07-21,USDCHF,226410.5
2022-07-22,USDCHF,190063.9
2022-07-24,USDCHF,8720.0
2022-07-25,USDCHF,152122.8
2022-07-26,USDCHF,134221.7
2022-07-27,USDCHF,163021.3
2022-07-28,USDCHF,210140.7
2022-07-29,USDCHF,201047.0
2022-07-31,USDCHF,9518.3
2022-08-01,USDCHF,186360.4
2022-08-02,USDCHF,237058.5
2022-08-03,USDCHF,252266.8
2022-08-04,USDCHF,176653.6
2022-08-05,USDCHF,202455.4
2022-08-07,USDCHF,6569.0
2022-08-08,USDCHF,152185.6
2022-08-09,USDCHF,129072.3
2022-08-10,USDCHF,186215.5
2022-08-11,USDCHF,178256.4
2022-08-12,USDCHF,152779.9
2022-08-14,USDCHF,3484.4
2022-08-15,USDCHF,153788.6
2022-08-16,USDCHF,165732.8
2022-08-17,USDCHF,196964.3
2022-08-18,USDCHF,188754.0
2022-08-19,USDCHF,158286.9
2022-08-21,USDCHF,8923.8
2022-08-22,USDCHF,174419.9
2022-08-23,USDCHF,209642.3
2022-08-24,USDCHF,190962.9
2022-08-25,USDCHF,190887.0
2022-08-26,USDCHF,198256.8
2022-08-28,USDCHF,9498.7
2022-08-29,USDCHF,204280.6
2022-08-30,USDCHF,219545.4
2022-08-31,USDCHF,218835.6
2022-09-01,USDCHF,230082.4
2022-09-02,USDCHF,188227.0
2022-09-04,USDCHF,13665.7
2022-09-05,USDCHF,153306.4
2022-09-06,USDCHF,246802.9
2022-09-07,USDCHF,210296.3
2022-09-08,USDCHF,264756.8
2022-09-09,USDCHF,262835.0
2022-09-11,USDCHF,14608.0
2022-09-12,USDCHF,265800.1
2022-09-13,USDCHF,272431.5
2022-09-14,USDCHF,312614.2
2022-09-15,USDCHF,216615.0
2022-09-16,USDCHF,217080.4
2022-09-18,USDCHF,8763.9
2022-09-19,USDCHF,161772.0
2022-09-20,USDCHF,254649.5
2022-09-21,USDCHF,283294.5
2022-09-22,USDCHF,375940.7
2022-09-23,USDCHF,292488.8
2022-09-25,USDCHF,16799.5
2022-09-26,USDCHF,424763.9
2022-09-27,USDCHF,351756.0
2022-09-28,USDCHF,446256.2
2022-09-29,USDCHF,360036.0
2022-09-30,USDCHF,380586.9
2022-10-02,USDCHF,14659.8
2022-10-03,USDCHF,341193.6
2022-10-04,USDCHF,337812.8
2022-10-05,USDCHF,269814.6
2022-10-06,USDCHF,304952.3
2022-10-07,USDCHF,262511.4
2022-10-09,USDCHF,15556.0
2022-10-10,USDCHF,231918.3
2022-10-11,USDCHF,284734.1
2022-10-12,USDCHF,274673.0
2022-10-13,USDCHF,316696.2
2022-10-14,USDCHF,287449.1
2022-10-16,USDCHF,9578.2
2022-10-17,USDCHF,224766.0
2022-10-18,USDCHF,53907.2
2022-10-19,USDCHF,220757.3
2022-10-20,USDCHF,236706.8
2022-10-21,USDCHF,284217.1
2022-10-23,USDCHF,35543.6
2022-10-24,USDCHF,285513.4
2022-10-25,USDCHF,254799.0
2022-10-26,USDCHF,285742.5
2022-10-27,USDCHF,273010.6
2022-10-28,USDCHF,216413.5
2022-10-30,USDCHF,15785.5
2022-10-31,USDCHF,200283.2
2022-11-01,USDCHF,211677.4
2022-11-02,USDCHF,221433.1
2022-11-03,USDCHF,219502.2
2022-11-04,USDCHF,246461.8
2022-11-06,USDCHF,9296.2
2022-11-07,USDCHF,197181.1
2022-11-08,USDCHF,187637.5
2022-11-09,USDCHF,214831.1
2022-11-10,USDCHF,290244.6
2022-11-11,USDCHF,274683.5
2022-11-13,USDCHF,9771.7
2022-11-14,USDCHF,245352.6
2022-11-15,USDCHF,341711.4
2022-11-16,USDCHF,282061.3
2022-11-17,USDCHF,225865.8
2022-11-18,USDCHF,206669.7
2022-11-20,USDCHF,7328.0
2022-11-21,USDCHF,176246.2
2022-11-22,USDCHF,167172.4
2022-11-23,USDCHF,238661.1
2022-11-24,USDCHF,163489.7
2022-11-25,USDCHF,163458.0
2022-11-27,USDCHF,13762.6
2022-11-28,USDCHF,213916.9
2022-11-29,USDCHF,206474.6
2022-11-30,USDCHF,307250.7
2022-12-01,USDCHF,283736.8
2022-12-02,USDCHF,260255.5
2022-12-04,USDCHF,14852.0
2022-12-05,USDCHF,212272.9
2022-12-06,USDCHF,189142.5
2022-12-07,USDCHF,294285.6
2022-12-08,USDCHF,230107.1
2022-12-09,USDCHF,212979.0
2022-12-11,USDCHF,3738.4
2022-12-12,USDCHF,154675.0
2022-12-13,USDCHF,160095.0
2022-12-14,USDCHF,175710.2
2022-12-15,USDCHF,173770.1
2022-12-16,USDCHF,131197.0
2022-12-18,USDCHF,5059.6
2022-12-19,USDCHF,105380.3
2022-12-20,USDCHF,173515.6
2022-12-21,USDCHF,109353.2
2022-12-22,USDCHF,129645.0
2022-12-23,USDCHF,113538.7
2022-12-25,USDCHF,1110.2
2022-12-26,USDCHF,27397.6
2022-12-27,USDCHF,104982.3
2022-12-28,USDCHF,89696.5
2022-12-29,USDCHF,85134.1
2022-12-30,USDCHF,151965.6
2023-01-01,USDCHF,131.0
2023-01-02,USDCHF,100795.8
2023-01-03,USDCHF,148320.9
2023-01-04,USDCHF,145782.5
2023-01-05,USDCHF,142101.8
2023-01-06,USDCHF,141088.8
2023-01-08,USDCHF,6755.7
2023-01-09,USDCHF,119444.1
2023-01-10,USDCHF,113822.4
2023-01-11,USDCHF,111673.2
2023-01-12,USDCHF,162164.3
2023-01-13,USDCHF,118897.7
2023-01-15,USDCHF,10331.0
2023-01-16,USDCHF,87276.1
2023-01-17,USDCHF,123586.6
2023-01-18,USDCHF,175711.2
2023-01-19,USDCHF,118403.3
2023-01-20,USDCHF,99272.2
2023-01-22,USDCHF,5447.6
2023-01-23,USDCHF,108884.2
2023-01-24,USDCHF,95331.1
2023-01-25,USDCHF,95599.1
2023-01-26,USDCHF,109919.9
2023-01-27,USDCHF,90440.4
2023-01-29,USDCHF,2955.8
2023-01-30,USDCHF,94993.0
2023-01-31,USDCHF,109905.8
2023-02-01,USDCHF,130184.1
2023-02-02,USDCHF,142683.2
2023-02-03,USDCHF,132249.6
2023-02-05,USDCHF,9346.8
2023-02-06,USDCHF,100907.1
2023-02-07,USDCHF,151231.0
2023-02-08,USDCHF,100049.2
2023-02-09,USDCHF,92229.0
2023-02-10,USDCHF,110769.4
2023-02-12,USDCHF,5138.5
2023-02-13,USDCHF,89079.2
2023-02-14,USDCHF,160632.4
2023-02-15,USDCHF,118258.7
2023-02-16,USDCHF,112742.5
2023-02-17,USDCHF,103084.9
2023-02-19,USDCHF,3332.1
2023-02-20,USDCHF,88325.6
2023-02-21,USDCHF,107212.7
2023-02-22,USDCHF,104813.7
2023-02-23,USDCHF,95907.7
2023-02-24,USDCHF,110088.7
2023-02-26,USDCHF,2107.8
2023-02-27,USDCHF,82360.7
2023-02-28,USDCHF,93323.8
2023-03-01,USDCHF,103490.0
2023-03-02,USDCHF,96395.1
2023-03-03,USDCHF,97041.7
2023-03-05,USDCHF,3650.2
2023-03-06,USDCHF,86183.8
2023-03-07,USDCHF,120282.7
2023-03-08,USDCHF,100342.5
2023-03-09,USDCHF,95342.0
2023-03-10,USDCHF,179293.8
2023-03-12,USDCHF,12928.8
2023-03-13,USDCHF,265794.5
2023-03-14,USDCHF,217399.9
2023-03-15,USDCHF,270550.1
2023-03-16,USDCHF,239803.6
2023-03-17,USDCHF,156684.9
2023-03-19,USDCHF,21754.5
2023-03-20,USDCHF,161092.8
2023-03-21,USDCHF,125815.7
2023-03-22,USDCHF,145820.0
2023-03-23,USDCHF,149812.9
2023-03-24,USDCHF,135838.4
2023-03-26,USDCHF,12493.3
2023-03-27,USDCHF,127359.5
2023-03-28,USDCHF,81756.0
2023-03-29,USDCHF,90291.8
2023-03-30,USDCHF,94533.8
2023-03-31,USDCHF,98996.0
2023-04-02,USDCHF,12731.2
2023-04-03,USDCHF,111735.8
2023-04-04,USDCHF,94554.8
2023-04-05,USDCHF,85410.5
2023-04-06,USDCHF,84658.4
2023-04-07,USDCHF,61010.0
2023-04-09,USDCHF,6097.5
2023-04-10,USDCHF,67716.8
2023-04-11,USDCHF,66058.5
2023-04-12,USDCHF,80741.2
2023-04-13,USDCHF,78867.3
2023-04-14,USDCHF,81280.0
2023-04-16,USDCHF,7634.7
2023-04-17,USDCHF,66869.5
2023-04-18,USDCHF,69885.6
2023-04-19,USDCHF,75167.4
2023-04-20,USDCHF,81210.4
2023-04-21,USDCHF,71364.8
2023-04-23,USDCHF,3325.9
2023-04-24,USDCHF,66881.0
2023-04-25,USDCHF,75007.8
2023-04-26,USDCHF,84261.7
2023-04-27,USDCHF,82419.7
2023-04-28,USDCHF,96848.9
2023-04-30,USDCHF,7210.5
2023-05-01,USDCHF,67228.0
2023-05-02,USDCHF,83997.2
2023-05-03,USDCHF,102933.5
2023-05-04,USDCHF,112071.8
2023-05-05,USDCHF,84838.6
2023-05-07,USDCHF,7301.8
2023-05-08,USDCHF,54019.2
2023-05-09,USDCHF,59544.9
2023-05-10,USDCHF,79214.2
2023-05-11,USDCHF,76682.0
2023-05-12,USDCHF,66321.3
2023-05-14,USDCHF,12790.0
2023-05-15,USDCHF,60226.5
2023-05-16,USDCHF,70531.8
2023-05-17,USDCHF,73821.8
2023-05-18,USDCHF,75850.1
2023-05-19,USDCHF,66895.0
2023-05-21,USDCHF,2407.9
2023-05-22,USDCHF,80988.6
2023-05-23,USDCHF,72654.2
2023-05-24,USDCHF,79925.9
2023-05-25,USDCHF,75992.0
2023-05-26,USDCHF,75513.2
2023-05-28,USDCHF,7847.3
2023-05-29,USDCHF,33708.9
2023-05-30,USDCHF,81236.0
2023-05-31,USDCHF,84856.4
2023-06-01,USDCHF,79388.1
2023-06-02,USDCHF,75678.0
2023-06-04,USDCHF,4092.3
2023-06-05,USDCHF,66635.5
2023-06-06,USDCHF,61506.6
2023-06-07,USDCHF,61335.2
2023-06-08,USDCHF,68077.2
2023-06-09,USDCHF,57699.9
2023-06-11,USDCHF,2636.4
2023-06-12,USDCHF,61437.1
2023-06-13,USDCHF,75245.6
2023-06-14,USDCHF,80760.9
2023-06-15,USDCHF,76983.6
2023-06-16,USDCHF,78844.4
2023-06-18,USDCHF,18611.0
2023-06-19,USDCHF,58922.6
2023-06-20,USDCHF,83177.0
2023-06-21,USDCHF,83850.0
2023-06-22,USDCHF,102925.8
2023-06-23,USDCHF,90875.3
2023-06-25,USDCHF,8894.2
2023-06-26,USDCHF,66106.6
2023-06-27,USDCHF,77059.0
2023-06-28,USDCHF,76626.1
2023-06-29,USDCHF,80008.7
2023-06-30,USDCHF,80907.2
2023-07-02,USDCHF,2795.1
2023-07-03,USDCHF,72699.9
2023-07-04,USDCHF,47501.6
2023-07-05,USDCHF,63252.1
2023-07-06,USDCHF,93110.5
2023-07-07,USDCHF,78016.2
2023-07-09,USDCHF,4364.6
2023-07-10,USDCHF,67537.7
2023-07-11,USDCHF,62145.3
2023-07-12,USDCHF,91394.2
2023-07-13,USDCHF,105660.0
2023-07-14,USDCHF,116802.2
2023-07-16,USDCHF,14942.8
2023-07-17,USDCHF,104416.5
2023-07-18,USDCHF,179953.1
2023-07-19,USDCHF,172818.3
2023-07-20,USDCHF,160073.5
2023-07-21,USDCHF,131841.3
2023-07-23,USDCHF,15722.8
2023-07-24,USDCHF,176419.4
2023-07-25,USDCHF,141011.5
2023-07-26,USDCHF,173471.6
2023-07-27,USDCHF,282951.8
2023-07-28,USDCHF,162685.9
2023-07-30,USDCHF,11927.6
2023-07-31,USDCHF,153633.8
2023-08-01,USDCHF,202728.9
2023-08-02,USDCHF,161258.3
2023-08-03,USDCHF,205210.7
2023-08-04,USDCHF,185352.5
2023-08-06,USDCHF,14786.2
2023-08-07,USDCHF,94533.3
2023-08-08,USDCHF,138907.7
2023-08-09,USDCHF,102317.6
2023-08-10,USDCHF,176967.7
2023-08-11,USDCHF,131099.8
2023-08-13,USDCHF,18834.1
2023-08-14,USDCHF,117832.5
2023-08-15,USDCHF,207528.2
2023-08-16,USDCHF,139065.0
2023-08-17,USDCHF,139613.6
2023-08-18,USDCHF,127678.1
2023-08-20,USDCHF,10876.2
2023-08-21,USDCHF,99746.0
2023-08-22,USDCHF,110091.5
2023-08-23,USDCHF,161223.6
2023-08-24,USDCHF,134455.3
2023-08-25,USDCHF,131741.7
2023-08-27,USDCHF,10135.6
2023-08-28,USDCHF,115819.0
2023-08-29,USDCHF,128046.3
2023-08-30,USDCHF,139827.7
2023-08-31,USDCHF,131462.8
2023-09-01,USDCHF,156420.6
2023-09-03,USDCHF,11330.8
2023-09-04,USDCHF,71176.2
2023-09-05,USDCHF,129478.8
2023-09-06,USDCHF,106141.5
2023-09-07,USDCHF,101297.4
2023-09-08,USDCHF,142842.8
2023-09-10,USDCHF,61420.4
2023-09-11,USDCHF,117288.9
2023-09-12,USDCHF,83641.1
2023-09-13,USDCHF,117258.5
2023-09-14,USDCHF,166625.2
2023-09-15,USDCHF,113631.6
2023-09-17,USDCHF,3954.7
2023-09-18,USDCHF,80895.1
2023-09-19,USDCHF,89087.8
2023-09-20,USDCHF,178375.7
2023-09-21,USDCHF,170085.2
2023-09-22,USDCHF,101255.5
2023-09-24,USDCHF,14204.5
2023-09-25,USDCHF,117762.5
2023-09-26,USDCHF,110219.3
2023-09-27,USDCHF,155614.0
2023-09-28,USDCHF,176201.2
2023-09-29,USDCHF,210835.4
2023-10-01,USDCHF,19313.0
2023-10-02,USDCHF,170817.2
2023-10-03,USDCHF,247403.6
2023-10-04,USDCHF,204878.7
2023-10-05,USDCHF,214249.5
2023-10-06,USDCHF,271728.2
2023-10-08,USDCHF,21423.9
2023-10-09,USDCHF,144061.1
2023-10-10,USDCHF,190590.6
2023-10-11,USDCHF,176687.7
2023-10-12,USDCHF,157471.2
2023-10-13,USDCHF,159074.3
2023-10-15,USDCHF,21394.7
2023-10-16,USDCHF,125588.9
2023-10-17,USDCHF,120481.0
2023-10-18,USDCHF,113171.4
2023-10-19,USDCHF,147041.5
2023-10-20,USDCHF,104649.8
2023-10-22,USDCHF,54905.2
2023-10-23,USDCHF,89181.0
2023-10-24,USDCHF,106402.0
2023-10-25,USDCHF,80950.7
2023-10-26,USDCHF,112153.0
2023-10-27,USDCHF,101122.5
2023-10-29,USDCHF,9049.0
2023-10-30,USDCHF,78156.7
2023-10-31,USDCHF,106233.7
2023-11-01,USDCHF,122922.0
2023-11-02,USDCHF,111088.8
2023-11-03,USDCHF,96568.3
2023-11-05,USDCHF,9048.6
2023-11-06,USDCHF,69651.8
2023-11-07,USDCHF,83951.9
2023-11-08,USDCHF,91244.1
2023-11-09,USDCHF,96745.9
2023-11-10,USDCHF,77105.7
2023-11-12,USDCHF,9586.0
2023-11-13,USDCHF,66403.4
2023-11-14,USDCHF,129739.3
2023-11-15,USDCHF,87547.9
2023-11-16,USDCHF,92675.8
2023-11-17,USDCHF,87085.3
2023-11-19,USDCHF,5134.7
2023-11-20,USDCHF,78069.4
2023-11-21,USDCHF,86709.4
2023-11-22,USDCHF,91908.4
2023-11-23,USDCHF,59055.6
2023-11-24,USDCHF,211099.6
2023-11-26,USDCHF,7476.4
2023-11-27,USDCHF,77546.7
2023-11-28,USDCHF,91836.8
2023-11-29,USDCHF,108047.5
2023-11-30,USDCHF,144906.6
2023-12-01,USDCHF,138027.2
2023-12-03,USDCHF,12705.3
2023-12-04,USDCHF,137702.8
2023-12-05,USDCHF,138154.3
2023-12-06,USDCHF,111525.0
2023-12-07,USDCHF,153902.8
2023-12-08,USDCHF,160083.5
2023-12-10,USDCHF,10119.6
2023-12-11,USDCHF,98309.4
2023-12-12,USDCHF,122244.2
2023-12-13,USDCHF,162760.2
2023-12-14,USDCHF,199930.3
2023-12-15,USDCHF,140485.4
2023-12-17,USDCHF,14811.7
2023-12-18,USDCHF,85545.5
2023-12-19,USDCHF,118134.7
2023-12-20,USDCHF,85825.3
2023-12-21,USDCHF,133348.7
2023-12-22,USDCHF,286712.8
2023-12-24,USDCHF,52.8
2023-12-25,USDCHF,9830.5
2023-12-26,USDCHF,115886.3
2023-12-27,USDCHF,108612.5
2023-12-28,USDCHF,166741.4
2023-12-29,USDCHF,260582.5
2024-01-01,USDCHF,6791.6
2024-01-02,USDCHF,147124.8
2024-01-03,USDCHF,152836.0
2024-01-04,USDCHF,134379.4
2024-01-05,USDCHF,148441.0
2024-01-07,USDCHF,7343.7
2024-01-08,USDCHF,100255.1
2024-01-09,USDCHF,109751.4
2024-01-10,USDCHF,96097.5
2024-01-11,USDCHF,199645.5
2024-01-12,USDCHF,120774.8
2024-01-14,USDCHF,5555.9
2024-01-15,USDCHF,77431.0
2024-01-16,USDCHF,153312.0
2024-01-17,USDCHF,134891.8
2024-01-18,USDCHF,180473.1
2024-01-19,USDCHF,108642.2
2024-01-21,USDCHF,6035.9
2024-01-22,USDCHF,124074.2
2024-01-23,USDCHF,115140.5
2024-01-24,USDCHF,157764.1
2024-01-25,USDCHF,173214.2
2024-01-26,USDCHF,143117.0
2024-01-28,USDCHF,25084.0
2024-01-29,USDCHF,119949.9
2024-01-30,USDCHF,105900.6
2024-01-31,USDCHF,219491.8
2024-02-01,USDCHF,157922.7
2024-02-02,USDCHF,147167.7
2024-02-04,USDCHF,6993.2
2024-02-05,USDCHF,122937.2
2024-02-06,USDCHF,142669.0
2024-02-07,USDCHF,137896.8
2024-02-08,USDCHF,122067.2
2024-02-09,USDCHF,104495.7
2024-02-11,USDCHF,7187.9
2024-02-12,USDCHF,87687.2
2024-02-13,USDCHF,162184.6
2024-02-14,USDCHF,104657.9
2024-02-15,USDCHF,132796.6
2024-02-16,USDCHF,93996.9
2024-02-18,USDCHF,4004.5
2024-02-19,USDCHF,57589.8
2024-02-20,USDCHF,73207.4
2024-02-21,USDCHF,81743.6
2024-02-22,USDCHF,86690.0
2024-02-23,USDCHF,45093.9
2024-02-25,USDCHF,2171.7
2024-02-26,USDCHF,46816.6
2024-02-27,USDCHF,56422.4
2024-02-28,USDCHF,54830.4
2024-02-29,USDCHF,79886.6
2024-03-01,USDCHF,73201.8
2024-03-03,USDCHF,6612.4
2024-03-04,USDCHF,60944.2
2024-03-05,USDCHF,53465.2
2024-03-06,USDCHF,61977.8
2024-03-07,USDCHF,80976.2
2024-03-08,USDCHF,72422.5
2024-03-10,USDCHF,9038.6
2024-03-11,USDCHF,60039.1
2024-03-12,USDCHF,95467.0
2024-03-13,USDCHF,67941.0
2024-03-14,USDCHF,82702.8
2024-03-15,USDCHF,68431.7
2024-03-17,USDCHF,14555.9
2024-03-18,USDCHF,70739.6
2024-03-19,USDCHF,90693.2
2024-03-20,USDCHF,142979.6
2024-03-21,USDCHF,160789.6
2024-03-22,USDCHF,100927.9
2024-03-24,USDCHF,14459.4
2024-03-25,USDCHF,75531.3
2024-03-26,USDCHF,79547.0
2024-03-27,USDCHF,78776.4
2024-03-28,USDCHF,131737.8
2024-03-29,USDCHF,150986.0
2024-03-31,USDCHF,8413.6
2024-04-01,USDCHF,62080.6
2024-04-02,USDCHF,76569.6
2024-04-03,USDCHF,76529.9
2024-04-04,USDCHF,84746.3
2024-04-05,USDCHF,99281.7
2024-04-07,USDCHF,14607.2
2024-04-08,USDCHF,88969.6
2024-04-09,USDCHF,76727.9
2024-04-10,USDCHF,137043.8
2024-04-11,USDCHF,94501.6
2024-04-12,USDCHF,87998.7
2024-04-14,USDCHF,11883.7
2024-04-15,USDCHF,100186.5
2024-04-16,USDCHF,107588.8
2024-04-17,USDCHF,81068.5
2024-04-18,USDCHF,70596.1
2024-04-19,USDCHF,142487.9
2024-04-21,USDCHF,7452.8
2024-04-22,USDCHF,60597.9
2024-04-23,USDCHF,70784.3
2024-04-24,USDCHF,60015.5
2024-04-25,USDCHF,76696.1
2024-04-26,USDCHF,78226.8
2024-04-28,USDCHF,2991.2
2024-04-29,USDCHF,94226.3
2024-04-30,USDCHF,92532.0
2024-05-01,USDCHF,95667.5
2024-05-02,USDCHF,95449.6
2024-05-03,USDCHF,107096.6
2024-05-05,USDCHF,3590.7
2024-05-06,USDCHF,46601.2
2024-05-07,USDCHF,54829.5
2024-05-08,USDCHF,46032.3
2024-05-09,USDCHF,46604.5
2024-05-10,USDCHF,41463.2
2024-05-12,USDCHF,1589.0
2024-05-13,USDCHF,43286.3
2024-05-14,USDCHF,60801.9
2024-05-15,USDCHF,81490.4
2024-05-16,USDCHF,63232.1
2024-05-17,USDCHF,44672.9
2024-05-19,USDCHF,3417.1
2024-05-20,USDCHF,49619.4
2024-05-21,USDCHF,51948.6
2024-05-22,USDCHF,60479.4
2024-05-23,USDCHF,116955.7
2024-05-24,USDCHF,48406.0
2024-05-26,USDCHF,1977.9
2024-05-27,USDCHF,38908.3
2024-05-28,USDCHF,66677.2
2024-05-29,USDCHF,59392.3
2024-05-30,USDCHF,80028.2
2024-05-31,USDCHF,79317.0
2024-06-02,USDCHF,4264.7
2024-06-03,USDCHF,79576.9
2024-06-04,USDCHF,87589.6
2024-06-05,USDCHF,67918.5
2024-06-06,USDCHF,64258.8
2024-06-07,USDCHF,72991.9
2024-06-09,USDCHF,4887.3
2024-06-10,USDCHF,53873.7
2024-06-11,USDCHF,56834.4
2024-06-12,USDCHF,105306.2
2024-06-13,USDCHF,79078.8
2024-06-14,USDCHF,100634.8
2024-06-16,USDCHF,3484.7
2024-06-17,USDCHF,66307.2
2024-06-18,USDCHF,86474.1
2024-06-19,USDCHF,44099.5
2024-06-20,USDCHF,84639.6
2024-06-21,USDCHF,65725.3
2024-06-23,USDCHF,3504.4
2024-06-24,USDCHF,54736.1
2024-06-25,USDCHF,53335.6
2024-06-26,USDCHF,63856.4
2024-06-27,USDCHF,54852.8
2024-06-28,USDCHF,73770.1
2024-06-30,USDCHF,6528.9
2024-07-01,USDCHF,76269.9
2024-07-02,USDCHF,57859.3
2024-07-03,USDCHF,70546.6
2024-07-04,USDCHF,41785.5
2024-07-05,USDCHF,87303.7
2024-07-07,USDCHF,4328.5
2024-07-08,USDCHF,68244.0
2024-07-09,USDCHF,64796.1
2024-07-10,USDCHF,58469.1
2024-07-11,USDCHF,127962.5
2024-07-12,USDCHF,87771.0
2024-07-14,USDCHF,4439.1
2024-07-15,USDCHF,64217.6
2024-07-16,USDCHF,59134.9
2024-07-17,USDCHF,98437.2
2024-07-18,USDCHF,88454.2
2024-07-19,USDCHF,56903.5
2024-07-21,USDCHF,4084.5
2024-07-22,USDCHF,57515.8
2024-07-23,USDCHF,61826.6
2024-07-24,USDCHF,95265.3
2024-07-25,USDCHF,130406.2
2024-07-26,USDCHF,77459.2
2024-07-28,USDCHF,3982.8
2024-07-29,USDCHF,57264.9
2024-07-30,USDCHF,75684.6
2024-07-31,USDCHF,134736.0
2024-08-01,USDCHF,117917.2
2024-08-02,USDCHF,156369.5
2024-08-04,USDCHF,13164.4
2024-08-05,USDCHF,293992.1
2024-08-06,USDCHF,175627.9
2024-08-07,USDCHF,163857.3
2024-08-08,USDCHF,170015.3
2024-08-09,USDCHF,89375.1
2024-08-11,USDCHF,6382.0
2024-08-12,USDCHF,93230.1
2024-08-13,USDCHF,101955.4
2024-08-14,USDCHF,108209.5
2024-08-15,USDCHF,95590.2
2024-08-16,USDCHF,74681.5
2024-08-18,USDCHF,5522.8
2024-08-19,USDCHF,91344.1
2024-08-20,USDCHF,91492.5
2024-08-21,USDCHF,110582.7
2024-08-22,USDCHF,94042.4
2024-08-23,USDCHF,106222.5
2024-08-25,USDCHF,7256.4
2024-08-26,USDCHF,75131.8
2024-08-27,USDCHF,87455.8
2024-08-28,USDCHF,91949.8
2024-08-29,USDCHF,108961.3
2024-08-30,USDCHF,84192.4
2024-09-01,USDCHF,3344.5
2024-09-02,USDCHF,43923.4
2024-09-03,USDCHF,108963.0
2024-09-04,USDCHF,114248.9
2024-09-05,USDCHF,106582.1
2024-09-06,USDCHF,154420.7
2024-09-08,USDCHF,6282.0
2024-09-09,USDCHF,91547.4
2024-09-10,USDCHF,90590.8
2024-09-11,USDCHF,142645.2
2024-09-12,USDCHF,118181.9
2024-09-13,USDCHF,115577.0
2024-09-15,USDCHF,4180.9
2024-09-16,USDCHF,98639.9
2024-09-17,USDCHF,114386.5
2024-09-18,USDCHF,158172.9
2024-09-19,USDCHF,164306.7
2024-09-20,USDCHF,137032.8
2024-09-22,USDCHF,2889.9
2024-09-23,USDCHF,102989.1
2024-09-24,USDCHF,124164.4
2024-09-25,USDCHF,110254.9
2024-09-26,USDCHF,155823.2
2024-09-27,USDCHF,178705.5
2024-09-29,USDCHF,4953.2
2024-09-30,USDCHF,129621.1
2024-10-01,USDCHF,168990.5
2024-10-02,USDCHF,112828.7
2024-10-03,USDCHF,148159.5
2024-10-04,USDCHF,119761.8
2024-10-06,USDCHF,4348.4
2024-10-07,USDCHF,112511.2
2024-10-08,USDCHF,101396.6
2024-10-09,USDCHF,81423.0
2024-10-10,USDCHF,116235.1
2024-10-11,USDCHF,63809.4
2024-10-13,USDCHF,2077.8
2024-10-14,USDCHF,50707.6
2024-10-15,USDCHF,75886.9
2024-10-16,USDCHF,59813.1
2024-10-17,USDCHF,88922.9
2024-10-18,USDCHF,55949.5
2024-10-20,USDCHF,2683.1
2024-10-21,USDCHF,61167.9
2024-10-22,USDCHF,67403.1
2024-10-23,USDCHF,64977.6
2024-10-24,USDCHF,83301.2
2024-10-25,USDCHF,60705.2
2024-10-27,USDCHF,6952.4
2024-10-28,USDCHF,82252.3
2024-10-29,USDCHF,86369.7
2024-10-30,USDCHF,92006.0
2024-10-31,USDCHF,119422.4
2024-11-01,USDCHF,112112.5
2024-11-03,USDCHF,4035.0
2024-11-04,USDCHF,100843.1
2024-11-05,USDCHF,105759.4
2024-11-06,USDCHF,364440.8
2024-11-07,USDCHF,171107.7
2024-11-08,USDCHF,151642.0
2024-11-10,USDCHF,3833.9
2024-11-11,USDCHF,95625.5
2024-11-12,USDCHF,122683.8
2024-11-13,USDCHF,167793.8
2024-11-14,USDCHF,156922.3
2024-11-15,USDCHF,174773.9
2024-11-17,USDCHF,2525.5
2024-11-18,USDCHF,116011.8
2024-11-19,USDCHF,154046.8
2024-11-20,USDCHF,99504.0
2024-11-21,USDCHF,146952.5
2024-11-22,USDCHF,167143.8
2024-11-24,USDCHF,9559.2
2024-11-25,USDCHF,145328.3
2024-11-26,USDCHF,168191.2
2024-11-27,USDCHF,163478.5
2024-11-28,USDCHF,71629.2
2024-11-29,USDCHF,143743.0
2024-12-01,USDCHF,6398.6
2024-12-02,USDCHF,136568.0
2024-12-03,USDCHF,128257.9
2024-12-04,USDCHF,134052.7
2024-12-05,USDCHF,115992.9
2024-12-06,USDCHF,127357.0
2024-12-08,USDCHF,3350.9
2024-12-09,USDCHF,97558.6
2024-12-10,USDCHF,106014.0
2024-12-11,USDCHF,128702.2
2024-12-12,USDCHF,6257.9
2024-12-13,USDCHF,102325.2
2024-12-15,USDCHF,4110.0
2024-12-16,USDCHF,103932.4
2024-12-17,USDCHF,101992.0
2024-12-18,USDCHF,125441.8
2024-12-19,USDCHF,155319.9
2024-12-20,USDCHF,134205.4
2024-12-22,USDCHF,6389.8
2024-12-23,USDCHF,90617.3
2024-12-24,USDCHF,56468.5
2024-12-25,USDCHF,5189.6
2024-12-26,USDCHF,59445.9
2024-12-27,USDCHF,80444.6
2024-12-29,USDCHF,3070.8
2024-12-30,USDCHF,99572.5
2024-12-31,USDCHF,80655.5
2025-01-01,USDCHF,3991.6
2025-01-02,USDCHF,124220.5
2025-01-03,USDCHF,72755.6
2025-01-05,USDCHF,2188.4
2025-01-06,USDCHF,131691.6
2025-01-07,USDCHF,129758.4
2025-01-08,USDCHF,118328.5
2025-01-09,USDCHF,87997.3
2025-01-10,USDCHF,115194.6
2025-01-12,USDCHF,3194.2
2025-01-13,USDCHF,108651.5
2025-01-14,USDCHF,124785.2
2025-01-15,USDCHF,124266.0
2025-01-16,USDCHF,117594.6
2025-01-17,USDCHF,98796.1
2025-01-19,USDCHF,3682.1
2025-01-20,USDCHF,154246.7
2025-01-21,USDCHF,143836.3
2025-01-22,USDCHF,114163.3
2025-01-23,USDCHF,150808.4
2025-01-24,USDCHF,147990.0
2025-01-26,USDCHF,4300.8
2025-01-27,USDCHF,187260.1
2025-01-28,USDCHF,119874.5
2025-01-29,USDCHF,138053.1
2025-01-30,USDCHF,133651.4
2025-01-31,USDCHF,143880.9
2025-02-02,USDCHF,12813.0
2025-02-03,USDCHF,206617.9
2025-02-04,USDCHF,117186.7
2025-02-05,USDCHF,115925.5
2025-02-06,USDCHF,97762.3
2025-02-07,USDCHF,125517.7
2025-02-09,USDCHF,4069.4
2025-02-10,USDCHF,89599.6
2025-02-11,USDCHF,84012.5
2025-02-12,USDCHF,120728.8
2025-02-13,USDCHF,133813.6
2025-02-14,USDCHF,105094.0
2025-02-16,USDCHF,5697.0
2025-02-17,USDCHF,74355.0
2025-02-18,USDCHF,79138.8
2025-02-19,USDCHF,86064.1
2025-02-20,USDCHF,102660.3
2025-02-21,USDCHF,100707.6
2025-02-23,USDCHF,7692.0
2025-02-24,USDCHF,103277.3
2025-02-25,USDCHF,96743.0
2025-02-26,USDCHF,102598.1
2025-02-27,USDCHF,111881.8
2025-02-28,USDCHF,111646.6
2025-03-02,USDCHF,4248.2
2025-03-03,USDCHF,116821.7
2025-03-04,USDCHF,168295.3
2025-03-05,USDCHF,166956.5
2025-03-06,USDCHF,162802.3
2025-03-07,USDCHF,143371.3
2025-03-09,USDCHF,8219.0
2025-03-10,USDCHF,114980.2
2025-03-11,USDCHF,149203.9
2025-03-12,USDCHF,91126.8
2025-03-13,USDCHF,89112.9
2025-03-14,USDCHF,86350.1
2025-03-16,USDCHF,4663.4
2025-03-17,USDCHF,76218.2
2025-03-18,USDCHF,84783.6
2025-03-19,USDCHF,94951.5
2025-03-20,USDCHF,112057.8
2025-03-21,USDCHF,96207.5
2025-03-23,USDCHF,4314.5
2025-03-24,USDCHF,70427.8
2025-03-25,USDCHF,61071.2
2025-03-26,USDCHF,70579.7
2025-03-27,USDCHF,83724.5
2025-03-28,USDCHF,67854.3
2025-03-30,USDCHF,4794.3
2025-03-31,USDCHF,84370.0
2025-04-01,USDCHF,74720.3
2025-04-02,USDCHF,99124.0
2025-04-03,USDCHF,209222.0
2025-04-04,USDCHF,261074.7
2025-04-06,USDCHF,26356.0
2025-04-07,USDCHF,330330.6
2025-04-08,USDCHF,219847.1
2025-04-09,USDCHF,359939.7
2025-04-10,USDCHF,267015.3
2025-04-11,USDCHF,315772.8
2025-04-13,USDCHF,17823.7
2025-04-14,USDCHF,219331.2
2025-04-15,USDCHF,135336.3
2025-04-16,USDCHF,182452.9
2025-04-17,USDCHF,148129.1
2025-04-18,USDCHF,587472.8
2025-04-20,USDCHF,12127.0
2025-04-21,USDCHF,116989.8
2025-04-22,USDCHF,172879.9
2025-04-23,USDCHF,184792.6
2025-04-24,USDCHF,130061.8
2025-04-25,USDCHF,126122.4
2025-04-27,USDCHF,6047.5
2025-04-28,USDCHF,109524.3
2025-04-29,USDCHF,114486.3
2025-04-30,USDCHF,128821.3
2025-05-01,USDCHF,117896.6
2025-05-02,USDCHF,137406.6
2025-05-04,USDCHF,4905.9
2025-05-05,USDCHF,100223.5
2025-05-06,USDCHF,129246.6
2025-05-07,USDCHF,129654.7
2025-05-08,USDCHF,148993.7
2025-05-09,USDCHF,104486.8
2025-05-11,USDCHF,7801.1
2025-05-12,USDCHF,176358.6
2025-05-13,USDCHF,130223.3
2025-05-14,USDCHF,161511.7
2025-05-15,USDCHF,135975.1
2025-05-16,USDCHF,104719.6
2025-05-18,USDCHF,6515.5
2025-05-19,USDCHF,143782.7
2025-05-20,USDCHF,144838.7
2025-05-21,USDCHF,173926.9
2025-05-22,USDCHF,137535.3
2025-05-23,USDCHF,148290.9
2025-05-25,USDCHF,11762.5
2025-05-26,USDCHF,78624.9
2025-05-27,USDCHF,119010.8
2025-05-28,USDCHF,137095.7
2025-05-29,USDCHF,158124.5
2025-05-30,USDCHF,139177.7
2025-06-01,USDCHF,5619.0
2025-06-02,USDCHF,116463.9
2025-06-03,USDCHF,98592.7
2025-06-04,USDCHF,110024.4
2025-06-05,USDCHF,131143.0
2025-06-06,USDCHF,111541.1
2025-06-08,USDCHF,3421.0
2025-06-09,USDCHF,72232.5
2025-06-10,USDCHF,90599.6
2025-06-11,USDCHF,93758.7
2025-06-12,USDCHF,126010.6
2025-06-13,USDCHF,155682.5
2025-06-15,USDCHF,31819.7
2025-06-16,USDCHF,100143.8
2025-06-17,USDCHF,107002.9
2025-06-18,USDCHF,110485.4
2025-06-19,USDCHF,90011.7
2025-06-20,USDCHF,90200.7
2025-06-22,USDCHF,9333.2
2025-06-23,USDCHF,128466.4
2025-06-24,USDCHF,114856.3
2025-06-25,USDCHF,75632.7
2025-06-26,USDCHF,114909.8
2025-06-27,USDCHF,109571.1
2025-06-29,USDCHF,8541.3
2025-06-30,USDCHF,99729.9
2025-07-01,USDCHF,102931.3
2025-07-02,USDCHF,82068.5
2025-07-03,USDCHF,86386.8
2025-07-04,USDCHF,129215.6
2025-07-06,USDCHF,3794.8
2025-07-07,USDCHF,101463.6
2025-07-08,USDCHF,82576.8
2025-07-09,USDCHF,77465.3
2025-07-10,USDCHF,69851.1
2025-07-11,USDCHF,68090.9
2025-07-13,USDCHF,5713.6
2025-07-14,USDCHF,64908.9
2025-07-15,USDCHF,81282.2
2025-07-16,USDCHF,116696.1
2025-07-17,USDCHF,72138.4
2025-07-18,USDCHF,61153.6
2025-07-20,USDCHF,6041.5
2025-07-21,USDCHF,86692.3
2025-07-22,USDCHF,69110.1
2025-07-23,USDCHF,101048.0
2025-07-24,USDCHF,94854.1
2025-07-25,USDCHF,79674.5
2025-07-27,USDCHF,3598.2
2025-07-28,USDCHF,93721.4
2025-07-29,USDCHF,90517.4
2025-07-30,USDCHF,118198.7
2025-07-31,USDCHF,94470.3
2025-08-01,USDCHF,164193.8
2025-08-03,USDCHF,4590.1
2025-08-04,USDCHF,97904.0
2025-08-05,USDCHF,106254.7
2025-08-06,USDCHF,87337.6
2025-08-07,USDCHF,101317.9
2025-08-08,USDCHF,67729.6
2025-08-10,USDCHF,2885.0
2025-08-11,USDCHF,52163.6
2025-08-12,USDCHF,115970.1
2025-08-13,USDCHF,84465.2
2025-08-14,USDCHF,87405.6
2025-08-15,USDCHF,73527.1
2025-08-17,USDCHF,2767.7
2025-08-18,USDCHF,52120.5
2025-08-19,USDCHF,79598.9
2025-08-20,USDCHF,69751.1
2025-08-21,USDCHF,71196.4
2025-08-22,USDCHF,99490.3
2025-08-24,USDCHF,4750.8
2025-08-25,USDCHF,57897.5
2025-08-26,USDCHF,108466.0
2025-08-27,USDCHF,82640.4
2025-08-28,USDCHF,71121.2
2025-08-29,USDCHF,70068.4
2025-08-31,USDCHF,3554.6
2025-09-01,USDCHF,52802.6
2025-09-02,USDCHF,115563.9
2025-09-03,USDCHF,82713.0
2025-09-04,USDCHF,87655.7
2025-09-05,USDCHF,108370.3
2025-09-07,USDCHF,6322.6
2025-09-08,USDCHF,71399.5
2025-09-09,USDCHF,101276.3
2025-09-10,USDCHF,73246.2
2025-09-11,USDCHF,95142.4
2025-09-12,USDCHF,48510.0
2025-09-14,USDCHF,2552.4
2025-09-15,USDCHF,41062.3
2025-09-16,USDCHF,94549.2
2025-09-17,USDCHF,108886.3
2025-09-18,USDCHF,105031.2
2025-09-19,USDCHF,80985.6
2025-09-21,USDCHF,4271.7
2025-09-22,USDCHF,66673.6
2025-09-23,USDCHF,77446.3
2025-09-24,USDCHF,79084.7
2025-09-25,USDCHF,90920.8
2025-09-26,USDCHF,75860.2
2025-09-28,USDCHF,10586.4
2025-09-29,USDCHF,75182.9
2025-09-30,USDCHF,82941.8
2025-10-01,USDCHF,120273.0
2025-10-02,USDCHF,90629.8
2025-10-03,USDCHF,95111.5
2025-10-05,USDCHF,14785.3
2025-10-06,USDCHF,110842.4
2025-10-07,USDCHF,84803.5
2025-10-08,USDCHF,76203.9
2025-10-09,USDCHF,87942.6
2025-10-10,USDCHF,92297.1
2025-10-12,USDCHF,10891.7
2025-10-13,USDCHF,83521.1
2025-10-14,USDCHF,105457.2
2025-10-15,USDCHF,87286.8
2025-10-16,USDCHF,96844.8
2025-10-17,USDCHF,121665.0
2025-10-19,USDCHF,3498.4
2025-10-20,USDCHF,61706.8
2025-10-21,USDCHF,89632.2
2025-10-22,USDCHF,73391.5
2025-10-23,USDCHF,60091.1
2025-10-24,USDCHF,71195.8
2025-10-26,USDCHF,3903.8
2025-10-27,USDCHF,62385.3
2025-10-28,USDCHF,73644.9
2025-10-29,USDCHF,102250.1
2025-10-30,USDCHF,95839.8
2025-10-31,USDCHF,66312.8
2025-11-02,USDCHF,6623.7
2025-11-03,USDCHF,59355.4
2025-11-04,USDCHF,66538.2
2025-11-05,USDCHF,62764.2
2025-11-06,USDCHF,55149.0
2025-11-07,USDCHF,58921.0
2025-11-09,USDCHF,6784.6
2025-11-10,USDCHF,56551.1
2025-11-11,USDCHF,66141.8
2025-11-12,USDCHF,65113.4
2025-11-13,USDCHF,88917.1
2025-11-14,USDCHF,93981.5
2025-11-16,USDCHF,3004.1
2025-11-17,USDCHF,56637.2
2025-11-18,USDCHF,68033.4
2025-11-19,USDCHF,75772.0
2025-11-20,USDCHF,82875.3
2025-11-21,USDCHF,87654.5
2025-11-23,USDCHF,2939.8
2025-11-24,USDCHF,54203.2
2025-11-25,USDCHF,72378.7
2025-11-26,USDCHF,83670.7
2025-11-27,USDCHF,38271.0
2025-11-28,USDCHF,195450.2
2025-11-30,USDCHF,3897.0
2025-12-01,USDCHF,79669.7
2025-12-02,USDCHF,56063.7
2025-12-03,USDCHF,70748.9
2025-12-04,USDCHF,60496.2
2025-12-05,USDCHF,63579.4
2025-12-07,USDCHF,9120.7
2025-12-08,USDCHF,57646.5
2025-12-09,USDCHF,64592.5
2025-12-10,USDCHF,79830.1
2025-12-11,USDCHF,90878.2
2025-12-12,USDCHF,75325.3
2025-12-14,USDCHF,4876.9
2025-12-15,USDCHF,57871.0
2025-12-16,USDCHF,88145.0
2025-12-17,USDCHF,85740.3
2025-12-18,USDCHF,74009.4
2025-12-19,USDCHF,65893.5
2025-12-21,USDCHF,9638.2
2025-12-22,USDCHF,60650.3
2025-12-23,USDCHF,72541.6
2025-12-24,USDCHF,85437.1
2025-12-25,USDCHF,15628.9
2025-12-26,USDCHF,81394.1
2025-12-28,USDCHF,5519.9
2025-12-29,USDCHF,69682.4
2025-12-30,USDCHF,53358.3
2025-12-31,USDCHF,63681.5
2010-01-01,USDJPY,4811.0
2010-01-03,USDJPY,21224.0
2010-01-04,USDJPY,578017.0
2010-01-05,USDJPY,641027.0
2010-01-06,USDJPY,652575.0
2010-01-07,USDJPY,582184.0
2010-01-08,USDJPY,567743.0
2010-01-10,USDJPY,16769.0
2010-01-11,USDJPY,581296.0
2010-01-12,USDJPY,618225.0
2010-01-13,USDJPY,707868.0
2010-01-14,USDJPY,562974.0
2010-01-15,USDJPY,634278.0
2010-01-17,USDJPY,14500.0
2010-01-18,USDJPY,378074.0
2010-01-19,USDJPY,654299.0
2010-01-20,USDJPY,639032.0
2010-01-21,USDJPY,688999.0
2010-01-22,USDJPY,668189.0
2010-01-24,USDJPY,9959.0
2010-01-25,USDJPY,523244.0
2010-01-26,USDJPY,589199.0
2010-01-27,USDJPY,554313.0
2010-01-28,USDJPY,560526.0
2010-01-29,USDJPY,496223.0
2010-01-31,USDJPY,11789.0
2010-02-01,USDJPY,377780.0
2010-02-02,USDJPY,443240.0
2010-02-03,USDJPY,504881.0
2010-02-04,USDJPY,443423.0
2010-02-05,USDJPY,469546.0
2010-02-07,USDJPY,13098.0
2010-02-08,USDJPY,456821.0
2010-02-09,USDJPY,537435.0
2010-02-10,USDJPY,485866.0
2010-02-11,USDJPY,462434.0
2010-02-12,USDJPY,347265.0
2010-02-14,USDJPY,7161.0
2010-02-15,USDJPY,228801.0
2010-02-16,USDJPY,346942.0
2010-02-17,USDJPY,446908.0
2010-02-18,USDJPY,444066.0
2010-02-19,USDJPY,412383.0
2010-02-21,USDJPY,13321.0
2010-02-22,USDJPY,381426.0
2010-02-23,USDJPY,389811.0
2010-02-24,USDJPY,342249.0
2010-02-25,USDJPY,417704.0
2010-02-26,USDJPY,336261.0
2010-02-28,USDJPY,11498.0
2010-03-01,USDJPY,362854.0
2010-03-02,USDJPY,364200.0
2010-03-03,USDJPY,381523.0
2010-03-04,USDJPY,315349.0
2010-03-05,USDJPY,304707.0
2010-03-07,USDJPY,22155.0
2010-03-08,USDJPY,441363.0
2010-03-09,USDJPY,511347.0
2010-03-10,USDJPY,432812.0
2010-03-11,USDJPY,433203.0
2010-03-12,USDJPY,440583.0
2010-03-14,USDJPY,12346.0
2010-03-15,USDJPY,383203.0
2010-03-16,USDJPY,478649.0
2010-03-17,USDJPY,503045.0
2010-03-18,USDJPY,486698.0
2010-03-19,USDJPY,355360.0
2010-03-21,USDJPY,6397.0
2010-03-22,USDJPY,358341.0
2010-03-23,USDJPY,381948.0
2010-03-24,USDJPY,492615.0
2010-03-25,USDJPY,429644.0
2010-03-26,USDJPY,357892.0
2010-03-28,USDJPY,11263.0
2010-03-29,USDJPY,470469.0
2010-03-30,USDJPY,498560.0
2010-03-31,USDJPY,545067.0
2010-04-01,USDJPY,447200.0
2010-04-02,USDJPY,199890.0
2010-04-04,USDJPY,12577.0
2010-04-05,USDJPY,249806.0
2010-04-06,USDJPY,495911.0
2010-04-07,USDJPY,516139.0
2010-04-08,USDJPY,430837.0
2010-04-09,USDJPY,390869.0
2010-04-11,USDJPY,21706.0
2010-04-12,USDJPY,516489.0
2010-04-13,USDJPY,543402.0
2010-04-14,USDJPY,551593.0
2010-04-15,USDJPY,491322.0
2010-04-16,USDJPY,486981.0
2010-04-18,USDJPY,19683.0
2010-04-19,USDJPY,564306.0
2010-04-20,USDJPY,462158.0
2010-04-21,USDJPY,494450.0
2010-04-22,USDJPY,611423.0
2010-04-23,USDJPY,458101.0
2010-04-25,USDJPY,15274.0
2010-04-26,USDJPY,445182.0
2010-04-27,USDJPY,563884.0
2010-04-28,USDJPY,601175.0
2010-04-29,USDJPY,371937.0
2010-04-30,USDJPY,373037.0
2010-05-02,USDJPY,15122.0
2010-05-03,USDJPY,335610.0
2010-05-04,USDJPY,564672.0
2010-05-05,USDJPY,558259.0
2010-05-06,USDJPY,559580.0
2010-05-07,USDJPY,435174.0
2010-05-09,USDJPY,18481.0
2010-05-10,USDJPY,547507.0
2010-05-11,USDJPY,554657.0
2010-05-12,USDJPY,535512.0
2010-05-13,USDJPY,497678.0
2010-05-14,USDJPY,534201.0
2010-05-16,USDJPY,13589.0
2010-05-17,USDJPY,438753.0
2010-05-18,USDJPY,546228.0
2010-05-19,USDJPY,602558.0
2010-05-20,USDJPY,464981.0
2010-05-21,USDJPY,379209.0
2010-05-23,USDJPY,30509.0
2010-05-24,USDJPY,531268.0
2010-05-25,USDJPY,727414.0
2010-05-26,USDJPY,556965.0
2010-05-27,USDJPY,621325.0
2010-05-28,USDJPY,477373.0
2010-05-30,USDJPY,11416.0
2010-05-31,USDJPY,222924.0
2010-06-01,USDJPY,442226.0
2010-06-02,USDJPY,513142.0
2010-06-03,USDJPY,416347.0
2010-06-04,USDJPY,396003.0
2010-06-06,USDJPY,21744.0
2010-06-07,USDJPY,591071.0
2010-06-08,USDJPY,539352.0
2010-06-09,USDJPY,445594.0
2010-06-10,USDJPY,419529.0
2010-06-11,USDJPY,315923.0
2010-06-13,USDJPY,12161.0
2010-06-14,USDJPY,357163.0
2010-06-15,USDJPY,424614.0
2010-06-16,USDJPY,351843.0
2010-06-17,USDJPY,340097.0
2010-06-18,USDJPY,269506.0
2010-06-20,USDJPY,16648.0
2010-06-21,USDJPY,343520.0
2010-06-22,USDJPY,330700.0
2010-06-23,USDJPY,269155.0
2010-06-24,USDJPY,327527.0
2010-06-25,USDJPY,328909.0
2010-06-27,USDJPY,10213.0
2010-06-28,USDJPY,314324.0
2010-06-29,USDJPY,316697.0
2010-06-30,USDJPY,288066.0
2010-07-01,USDJPY,417441.0
2010-07-02,USDJPY,342878.0
2010-07-04,USDJPY,12177.0
2010-07-05,USDJPY,222535.0
2010-07-06,USDJPY,389592.0
2010-07-07,USDJPY,482859.0
2010-07-08,USDJPY,343729.0
2010-07-09,USDJPY,300888.0
2010-07-11,USDJPY,12941.0
2010-07-12,USDJPY,366205.0
2010-07-13,USDJPY,432364.0
2010-07-14,USDJPY,423156.0
2010-07-15,USDJPY,465854.0
2010-07-16,USDJPY,386041.0
2010-07-18,USDJPY,11011.0
2010-07-19,USDJPY,370957.0
2010-07-20,USDJPY,401501.0
2010-07-21,USDJPY,341085.0
2010-07-22,USDJPY,364384.0
2010-07-23,USDJPY,318495.0
2010-07-25,USDJPY,11419.0
2010-07-26,USDJPY,324884.0
2010-07-27,USDJPY,423789.0
2010-07-28,USDJPY,415236.0
2010-07-29,USDJPY,413832.0
2010-07-30,USDJPY,389846.0
2010-08-01,USDJPY,13248.0
2010-08-02,USDJPY,395313.0
2010-08-03,USDJPY,377379.0
2010-08-04,USDJPY,403461.0
2010-08-05,USDJPY,361201.0
2010-08-06,USDJPY,306412.0
2010-08-08,USDJPY,6402.0
2010-08-09,USDJPY,394364.0
2010-08-10,USDJPY,448429.0
2010-08-11,USDJPY,519989.0
2010-08-12,USDJPY,471618.0
2010-08-13,USDJPY,356011.0
2010-08-15,USDJPY,14931.0
2010-08-16,USDJPY,384637.0
2010-08-17,USDJPY,425254.0
2010-08-18,USDJPY,311354.0
2010-08-19,USDJPY,413763.0
2010-08-20,USDJPY,297616.0
2010-08-22,USDJPY,10342.0
2010-08-23,USDJPY,346659.0
2010-08-24,USDJPY,419681.0
2010-08-25,USDJPY,400912.0
2010-08-26,USDJPY,323932.0
2010-08-27,USDJPY,389367.0
2010-08-29,USDJPY,19825.0
2010-08-30,USDJPY,361925.0
2010-08-31,USDJPY,384972.0
2010-09-01,USDJPY,375376.0
2010-09-02,USDJPY,297451.0
2010-09-03,USDJPY,264919.0
2010-09-05,USDJPY,7906.0
2010-09-06,USDJPY,208884.0
2010-09-07,USDJPY,402604.0
2010-09-08,USDJPY,490192.0
2010-09-09,USDJPY,463650.0
2010-09-10,USDJPY,383623.0
2010-09-12,USDJPY,10384.0
2010-09-13,USDJPY,381321.0
2010-09-14,USDJPY,403824.0
2010-09-15,USDJPY,446135.0
2010-09-16,USDJPY,382714.0
2010-09-17,USDJPY,326330.0
2010-09-19,USDJPY,5585.0
2010-09-20,USDJPY,240999.0
2010-09-21,USDJPY,325317.0
2010-09-22,USDJPY,341498.0
2010-09-23,USDJPY,312072.0
2010-09-24,USDJPY,330611.0
2010-09-26,USDJPY,9023.0
2010-09-27,USDJPY,373328.0
2010-09-28,USDJPY,362804.0
2010-09-29,USDJPY,356960.0
2010-09-30,USDJPY,326311.0
2010-10-01,USDJPY,330995.0
2010-10-03,USDJPY,8562.0
2010-10-04,USDJPY,293639.0
2010-10-05,USDJPY,304086.0
2010-10-06,USDJPY,341232.0
2010-10-07,USDJPY,281182.0
2010-10-08,USDJPY,293451.0
2010-10-10,USDJPY,12741.0
2010-10-11,USDJPY,221668.0
2010-10-12,USDJPY,307108.0
2010-10-13,USDJPY,268096.0
2010-10-14,USDJPY,379962.0
2010-10-15,USDJPY,239014.0
2010-10-17,USDJPY,10470.0
2010-10-18,USDJPY,319876.0
2010-10-19,USDJPY,298191.0
2010-10-20,USDJPY,217893.0
2010-10-21,USDJPY,314880.0
2010-10-22,USDJPY,254388.0
2010-10-24,USDJPY,33537.0
2010-10-25,USDJPY,184438.0
2010-10-26,USDJPY,100918.0
2010-10-27,USDJPY,106805.0
2010-10-28,USDJPY,104283.0
2010-10-29,USDJPY,93892.0
2010-10-31,USDJPY,10517.0
2010-11-01,USDJPY,104594.0
2010-11-02,USDJPY,98512.0
2010-11-03,USDJPY,106805.0
2010-11-04,USDJPY,99762.0
2010-11-05,USDJPY,93970.0
2010-11-07,USDJPY,8331.0
2010-11-08,USDJPY,101736.0
2010-11-09,USDJPY,101867.0
2010-11-10,USDJPY,106197.0
2010-11-11,USDJPY,103526.0
2010-11-12,USDJPY,94140.0
2010-11-14,USDJPY,3730.0
2010-11-15,USDJPY,62638.0
2010-11-16,USDJPY,57122.0
2010-11-17,USDJPY,45584.0
2010-11-18,USDJPY,52187.0
2010-11-19,USDJPY,40995.0
2010-11-21,USDJPY,3473.0
2010-11-22,USDJPY,36216.0
2010-11-23,USDJPY,51473.0
2010-11-24,USDJPY,48532.0
2010-11-25,USDJPY,29187.0
2010-11-26,USDJPY,36655.0
2010-11-28,USDJPY,3582.0
2010-11-29,USDJPY,54902.0
2010-11-30,USDJPY,105456.0
2010-12-01,USDJPY,92302.0
2010-12-02,USDJPY,85058.0
2010-12-03,USDJPY,72805.0
2010-12-05,USDJPY,3934.0
2010-12-06,USDJPY,68740.0
2010-12-07,USDJPY,85258.0
2010-12-08,USDJPY,102550.0
2010-12-09,USDJPY,92537.0
2010-12-10,USDJPY,77663.0
2010-12-12,USDJPY,3483.0
2010-12-13,USDJPY,99268.0
2010-12-14,USDJPY,98495.0
2010-12-15,USDJPY,98910.0
2010-12-16,USDJPY,85727.0
2010-12-17,USDJPY,75010.0
2010-12-19,USDJPY,3219.0
2010-12-20,USDJPY,82242.0
2010-12-21,USDJPY,75334.0
2010-12-22,USDJPY,67219.0
2010-12-23,USDJPY,57539.0
2010-12-24,USDJPY,37779.0
2010-12-26,USDJPY,3733.0
2010-12-27,USDJPY,47281.0
2010-12-28,USDJPY,87689.0
2010-12-29,USDJPY,65094.0
2010-12-30,USDJPY,66847.0
2010-12-31,USDJPY,46272.0
2011-01-02,USDJPY,12496.7
2011-01-03,USDJPY,66018.1
2011-01-04,USDJPY,95480.3
2011-01-05,USDJPY,93278.2
2011-01-06,USDJPY,94366.3
2011-01-07,USDJPY,92766.7
2011-01-09,USDJPY,15183.2
2011-01-10,USDJPY,81477.0
2011-01-11,USDJPY,102238.0
2011-01-12,USDJPY,93140.0
2011-01-13,USDJPY,93162.9
2011-01-14,USDJPY,111166.0
2011-01-16,USDJPY,14081.7
2011-01-17,USDJPY,75947.4
2011-01-18,USDJPY,105479.9
2011-01-19,USDJPY,119714.6
2011-01-20,USDJPY,139215.7
2011-01-21,USDJPY,112052.2
2011-01-23,USDJPY,14121.4
2011-01-24,USDJPY,104243.1
2011-01-25,USDJPY,125050.9
2011-01-26,USDJPY,110315.5
2011-01-27,USDJPY,124324.3
2011-01-28,USDJPY,113568.4
2011-01-30,USDJPY,17912.8
2011-01-31,USDJPY,114636.6
2011-02-01,USDJPY,138965.5
2011-02-02,USDJPY,127600.0
2011-02-03,USDJPY,125759.9
2011-02-04,USDJPY,152669.4
2011-02-06,USDJPY,21930.3
2011-02-07,USDJPY,140395.5
2011-02-08,USDJPY,137880.8
2011-02-09,USDJPY,127316.6
2011-02-10,USDJPY,133415.3
2011-02-11,USDJPY,81988.4
2011-02-13,USDJPY,22270.0
2011-02-14,USDJPY,97160.9
2011-02-15,USDJPY,151990.3
2011-02-16,USDJPY,134321.5
2011-02-17,USDJPY,119325.3
2011-02-18,USDJPY,109519.6
2011-02-20,USDJPY,10161.8
2011-02-21,USDJPY,80206.0
2011-02-22,USDJPY,164916.7
2011-02-23,USDJPY,118900.1
2011-02-24,USDJPY,135119.0
2011-02-25,USDJPY,103195.1
2011-02-27,USDJPY,22307.8
2011-02-28,USDJPY,105076.0
2011-03-01,USDJPY,114462.5
2011-03-02,USDJPY,97887.2
2011-03-03,USDJPY,111954.9
2011-03-04,USDJPY,90936.0
2011-03-06,USDJPY,21671.6
2011-03-07,USDJPY,136224.7
2011-03-08,USDJPY,159156.8
2011-03-09,USDJPY,131079.9
2011-03-10,USDJPY,186061.6
2011-03-11,USDJPY,151961.1
2011-03-13,USDJPY,43364.3
2011-03-14,USDJPY,170457.0
2011-03-15,USDJPY,219116.4
2011-03-16,USDJPY,248929.7
2011-03-17,USDJPY,263713.5
2011-03-18,USDJPY,221373.4
2011-03-20,USDJPY,44156.7
2011-03-21,USDJPY,127818.5
2011-03-22,USDJPY,132636.7
2011-03-23,USDJPY,143861.7
2011-03-24,USDJPY,124346.0
2011-03-25,USDJPY,110062.9
2011-03-27,USDJPY,18400.5
2011-03-28,USDJPY,111221.7
2011-03-29,USDJPY,149194.0
2011-03-30,USDJPY,164243.7
2011-03-31,USDJPY,176621.5
2011-04-01,USDJPY,171543.0
2011-04-03,USDJPY,14529.5
2011-04-04,USDJPY,135169.6
2011-04-05,USDJPY,116425.6
2011-04-06,USDJPY,143497.5
2011-04-07,USDJPY,139574.2
2011-04-08,USDJPY,123316.3
2011-04-10,USDJPY,14220.7
2011-04-11,USDJPY,113039.9
2011-04-12,USDJPY,169349.4
2011-04-13,USDJPY,135527.8
2011-04-14,USDJPY,160942.5
2011-04-15,USDJPY,126901.4
2011-04-17,USDJPY,25060.1
2011-04-18,USDJPY,147162.1
2011-04-19,USDJPY,178180.0
2011-04-20,USDJPY,193291.5
2011-04-21,USDJPY,196287.8
2011-04-22,USDJPY,56876.8
2011-04-24,USDJPY,21744.3
2011-04-25,USDJPY,119002.8
2011-04-26,USDJPY,167482.8
2011-04-27,USDJPY,167142.4
2011-04-28,USDJPY,142390.0
2011-04-29,USDJPY,87700.9
2011-05-01,USDJPY,21594.4
2011-05-02,USDJPY,103346.7
2011-05-03,USDJPY,113018.6
2011-05-04,USDJPY,132724.2
2011-05-05,USDJPY,183859.5
2011-05-06,USDJPY,186155.7
2011-05-08,USDJPY,11773.3
2011-05-09,USDJPY,160076.7
2011-05-10,USDJPY,178577.1
2011-05-11,USDJPY,196542.2
2011-05-12,USDJPY,164580.2
2011-05-13,USDJPY,174550.2
2011-05-15,USDJPY,16548.5
2011-05-16,USDJPY,141578.5
2011-05-17,USDJPY,169247.3
2011-05-18,USDJPY,143939.1
2011-05-19,USDJPY,154256.0
2011-05-20,USDJPY,114208.1
2011-05-22,USDJPY,21453.2
2011-05-23,USDJPY,136664.3
2011-05-24,USDJPY,140457.2
2011-05-25,USDJPY,150336.6
2011-05-26,USDJPY,144951.8
2011-05-27,USDJPY,145491.3
2011-05-29,USDJPY,20120.0
2011-05-30,USDJPY,71669.7
2011-05-31,USDJPY,152207.2
2011-06-01,USDJPY,135790.1
2011-06-02,USDJPY,152258.3
2011-06-03,USDJPY,138828.0
2011-06-05,USDJPY,22581.4
2011-06-06,USDJPY,104358.5
2011-06-07,USDJPY,107491.9
2011-06-08,USDJPY,135306.7
2011-06-09,USDJPY,139607.8
2011-06-10,USDJPY,128993.3
2011-06-12,USDJPY,9676.9
2011-06-13,USDJPY,113489.6
2011-06-14,USDJPY,120270.0
2011-06-15,USDJPY,133902.9
2011-06-16,USDJPY,158597.3
2011-06-17,USDJPY,119756.6
2011-06-19,USDJPY,12477.6
2011-06-20,USDJPY,102328.4
2011-06-21,USDJPY,82849.7
2011-06-22,USDJPY,91035.4
2011-06-23,USDJPY,119050.5
2011-06-24,USDJPY,103412.9
2011-06-26,USDJPY,8818.0
2011-06-27,USDJPY,109957.3
2011-06-28,USDJPY,120203.3
2011-06-29,USDJPY,115843.2
2011-06-30,USDJPY,126660.7
2011-07-01,USDJPY,100303.0
2011-07-03,USDJPY,11925.1
2011-07-04,USDJPY,65800.3
2011-07-05,USDJPY,90270.2
2011-07-06,USDJPY,87711.7
2011-07-07,USDJPY,91075.3
2011-07-08,USDJPY,92625.2
2011-07-10,USDJPY,11862.7
2011-07-11,USDJPY,88788.2
2011-07-12,USDJPY,140487.1
2011-07-13,USDJPY,115398.3
2011-07-14,USDJPY,118170.9
2011-07-15,USDJPY,87963.8
2011-07-17,USDJPY,12075.6
2011-07-18,USDJPY,74532.5
2011-07-19,USDJPY,91808.8
2011-07-20,USDJPY,90015.5
2011-07-21,USDJPY,108158.0
2011-07-22,USDJPY,83846.4
2011-07-24,USDJPY,12191.1
2011-07-25,USDJPY,91264.3
2011-07-26,USDJPY,97950.0
2011-07-27,USDJPY,90114.5
2011-07-28,USDJPY,91982.6
2011-07-29,USDJPY,116131.5
2011-07-31,USDJPY,20281.4
2011-08-01,USDJPY,146262.0
2011-08-02,USDJPY,122584.6
2011-08-03,USDJPY,125021.7
2011-08-04,USDJPY,221578.2
2011-08-05,USDJPY,157974.5
2011-08-07,USDJPY,28809.0
2011-08-08,USDJPY,144875.4
2011-08-09,USDJPY,194056.0
2011-08-10,USDJPY,154259.8
2011-08-11,USDJPY,153853.1
2011-08-12,USDJPY,106769.8
2011-08-14,USDJPY,11081.9
2011-08-15,USDJPY,94859.3
2011-08-16,USDJPY,88890.2
2011-08-17,USDJPY,86125.8
2011-08-18,USDJPY,95046.5
2011-08-19,USDJPY,114008.4
2011-08-21,USDJPY,15276.7
2011-08-22,USDJPY,95295.3
2011-08-23,USDJPY,86958.1
2011-08-24,USDJPY,86728.6
2011-08-25,USDJPY,93472.8
2011-08-26,USDJPY,87020.3
2011-08-28,USDJPY,9275.9
2011-08-29,USDJPY,60535.4
2011-08-30,USDJPY,69653.6
2011-08-31,USDJPY,75602.3
2011-09-01,USDJPY,98508.5
2011-09-02,USDJPY,72770.9
2011-09-04,USDJPY,9494.9
2011-09-05,USDJPY,56136.9
2011-09-06,USDJPY,110929.4
2011-09-07,USDJPY,90857.5
2011-09-08,USDJPY,92522.2
2011-09-09,USDJPY,101663.0
2011-09-11,USDJPY,11348.7
2011-09-12,USDJPY,118056.0
2011-09-13,USDJPY,100674.7
2011-09-14,USDJPY,92611.2
2011-09-15,USDJPY,89177.4
2011-09-16,USDJPY,78611.4
2011-09-18,USDJPY,10664.1
2011-09-19,USDJPY,69522.7
2011-09-20,USDJPY,76749.8
2011-09-21,USDJPY,95621.2
2011-09-22,USDJPY,118656.0
2011-09-23,USDJPY,77692.9
2011-09-25,USDJPY,12638.8
2011-09-26,USDJPY,111912.3
2011-09-27,USDJPY,99994.4
2011-09-28,USDJPY,92588.1
2011-09-29,USDJPY,97774.2
2011-09-30,USDJPY,96789.1
2011-10-02,USDJPY,13405.4
2011-10-03,USDJPY,114606.1
2011-10-04,USDJPY,100913.7
2011-10-05,USDJPY,80687.7
2011-10-06,USDJPY,86053.0
2011-10-07,USDJPY,73925.3
2011-10-09,USDJPY,12356.9
2011-10-10,USDJPY,56395.6
2011-10-11,USDJPY,66918.8
2011-10-12,USDJPY,102301.2
2011-10-13,USDJPY,82033.2
2011-10-14,USDJPY,73150.9
2011-10-16,USDJPY,9934.9
2011-10-17,USDJPY,89368.3
2011-10-18,USDJPY,81711.4
2011-10-19,USDJPY,61783.7
2011-10-20,USDJPY,75565.9
2011-10-21,USDJPY,72464.1
2011-10-23,USDJPY,11359.0
2011-10-24,USDJPY,68313.3
2011-10-25,USDJPY,75824.9
2011-10-26,USDJPY,75545.3
2011-10-27,USDJPY,86602.6
2011-10-28,USDJPY,54341.9
2011-10-30,USDJPY,5779.7
2011-10-31,USDJPY,170438.2
2011-11-01,USDJPY,109193.2
2011-11-02,USDJPY,81223.0
2011-11-03,USDJPY,71464.9
2011-11-04,USDJPY,67500.3
2011-11-06,USDJPY,13626.3
2011-11-07,USDJPY,65733.1
2011-11-08,USDJPY,68577.1
2011-11-09,USDJPY,80449.0
2011-11-10,USDJPY,76618.8
2011-11-11,USDJPY,65166.9
2011-11-13,USDJPY,8129.9
2011-11-14,USDJPY,71233.0
2011-11-15,USDJPY,81713.9
2011-11-16,USDJPY,76881.4
2011-11-17,USDJPY,78187.1
2011-11-18,USDJPY,93434.6
2011-11-20,USDJPY,17259.2
2011-11-21,USDJPY,79714.0
2011-11-22,USDJPY,72014.7
2011-11-23,USDJPY,54223.9
2011-11-24,USDJPY,62681.9
2011-11-25,USDJPY,72732.0
2011-11-27,USDJPY,16180.3
2011-11-28,USDJPY,68838.7
2011-11-29,USDJPY,74800.7
2011-11-30,USDJPY,85308.1
2011-12-01,USDJPY,67991.2
2011-12-02,USDJPY,55606.0
2011-12-04,USDJPY,13681.3
2011-12-05,USDJPY,58952.8
2011-12-06,USDJPY,66208.5
2011-12-07,USDJPY,61338.7
2011-12-08,USDJPY,90686.6
2011-12-09,USDJPY,72036.5
2011-12-11,USDJPY,9485.5
2011-12-12,USDJPY,70364.9
2011-12-13,USDJPY,78405.8
2011-12-14,USDJPY,80559.3
2011-12-15,USDJPY,81206.9
2011-12-16,USDJPY,60659.9
2011-12-18,USDJPY,8885.6
2011-12-19,USDJPY,69917.8
2011-12-20,USDJPY,70430.0
2011-12-21,USDJPY,79460.5
2011-12-22,USDJPY,64876.5
2011-12-23,USDJPY,44182.3
2011-12-25,USDJPY,2268.2
2011-12-26,USDJPY,20114.6
2011-12-27,USDJPY,57648.5
2011-12-28,USDJPY,70906.0
2011-12-29,USDJPY,69226.8
2011-12-30,USDJPY,82422.6
2012-01-01,USDJPY,7672.1
2012-01-02,USDJPY,12783.0
2012-01-03,USDJPY,76014.5
2012-01-04,USDJPY,76896.5
2012-01-05,USDJPY,93902.2
2012-01-06,USDJPY,85493.5
2012-01-08,USDJPY,11022.8
2012-01-09,USDJPY,54202.4
2012-01-10,USDJPY,70394.4
2012-01-11,USDJPY,74424.4
2012-01-12,USDJPY,84565.4
2012-01-13,USDJPY,80562.4
2012-01-15,USDJPY,10084.4
2012-01-16,USDJPY,52964.6
2012-01-17,USDJPY,78369.4
2012-01-18,USDJPY,79634.5
2012-01-19,USDJPY,85548.4
2012-01-20,USDJPY,77126.3
2012-01-22,USDJPY,15178.3
2012-01-23,USDJPY,57091.5
2012-01-24,USDJPY,71423.5
2012-01-25,USDJPY,108259.3
2012-01-26,USDJPY,77012.8
2012-01-27,USDJPY,90692.8
2012-01-29,USDJPY,9138.7
2012-01-30,USDJPY,87284.5
2012-01-31,USDJPY,106158.5
2012-02-01,USDJPY,88548.0
2012-02-02,USDJPY,73508.1
2012-02-03,USDJPY,74029.6
2012-02-05,USDJPY,11009.0
2012-02-06,USDJPY,65594.2
2012-02-07,USDJPY,75542.7
2012-02-08,USDJPY,78728.4
2012-02-09,USDJPY,88072.9
2012-02-10,USDJPY,73344.1
2012-02-12,USDJPY,15442.2
2012-02-13,USDJPY,69545.1
2012-02-14,USDJPY,93692.4
2012-02-15,USDJPY,84001.2
2012-02-16,USDJPY,76582.8
2012-02-17,USDJPY,75671.2
2012-02-19,USDJPY,27771.4
2012-02-20,USDJPY,67491.5
2012-02-21,USDJPY,75579.0
2012-02-22,USDJPY,80221.6
2012-02-23,USDJPY,73511.8
2012-02-24,USDJPY,86074.5
2012-02-26,USDJPY,23710.8
2012-02-27,USDJPY,107559.9
2012-02-28,USDJPY,114963.5
2012-02-29,USDJPY,114926.8
2012-03-01,USDJPY,96656.4
2012-03-02,USDJPY,97908.9
2012-03-04,USDJPY,31694.4
2012-03-05,USDJPY,85635.7
2012-03-06,USDJPY,115359.5
2012-03-07,USDJPY,94737.0
2012-03-08,USDJPY,92468.7
2012-03-09,USDJPY,100572.2
2012-03-11,USDJPY,17682.1
2012-03-12,USDJPY,74196.2
2012-03-13,USDJPY,102946.7
2012-03-14,USDJPY,91866.8
2012-03-15,USDJPY,102859.5
2012-03-16,USDJPY,89352.0
2012-03-18,USDJPY,12375.6
2012-03-19,USDJPY,82788.5
2012-03-20,USDJPY,73271.5
2012-03-21,USDJPY,103832.6
2012-03-22,USDJPY,138761.7
2012-03-23,USDJPY,108545.2
2012-03-25,USDJPY,10764.6
2012-03-26,USDJPY,102966.9
2012-03-27,USDJPY,97918.8
2012-03-28,USDJPY,107737.2
2012-03-29,USDJPY,110883.7
2012-03-30,USDJPY,111292.8
2012-04-01,USDJPY,11987.7
2012-04-02,USDJPY,120959.1
2012-04-03,USDJPY,107843.3
2012-04-04,USDJPY,108853.1
2012-04-05,USDJPY,93607.2
2012-04-06,USDJPY,55835.8
2012-04-08,USDJPY,13194.5
2012-04-09,USDJPY,73669.7
2012-04-10,USDJPY,129841.2
2012-04-11,USDJPY,105599.4
2012-04-12,USDJPY,96542.4
2012-04-13,USDJPY,88094.0
2012-04-15,USDJPY,16492.4
2012-04-16,USDJPY,105466.7
2012-04-17,USDJPY,88437.3
2012-04-18,USDJPY,105213.9
2012-04-19,USDJPY,103191.3
2012-04-20,USDJPY,75073.4
2012-04-22,USDJPY,8131.5
2012-04-23,USDJPY,87147.0
2012-04-24,USDJPY,85345.6
2012-04-25,USDJPY,106638.7
2012-04-26,USDJPY,100899.2
2012-04-27,USDJPY,122751.2
2012-04-29,USDJPY,11148.9
2012-04-30,USDJPY,74258.1
2012-05-01,USDJPY,74469.2
2012-05-02,USDJPY,90079.7
2012-05-03,USDJPY,66897.3
2012-05-04,USDJPY,65316.2
2012-05-06,USDJPY,12018.1
2012-05-07,USDJPY,80733.1
2012-05-08,USDJPY,89757.2
2012-05-09,USDJPY,102280.7
2012-05-10,USDJPY,96518.2
2012-05-11,USDJPY,88958.1
2012-05-13,USDJPY,7666.0
2012-05-14,USDJPY,109596.2
2012-05-15,USDJPY,119985.4
2012-05-16,USDJPY,132328.2
2012-05-17,USDJPY,144407.2
2012-05-18,USDJPY,130775.9
2012-05-20,USDJPY,11113.7
2012-05-21,USDJPY,112265.8
2012-05-22,USDJPY,133730.7
2012-05-23,USDJPY,157143.1
2012-05-24,USDJPY,127105.3
2012-05-25,USDJPY,107052.9
2012-05-27,USDJPY,14460.7
2012-05-28,USDJPY,82164.8
2012-05-29,USDJPY,114199.6
2012-05-30,USDJPY,143542.4
2012-05-31,USDJPY,150257.9
2012-06-01,USDJPY,160814.5
2012-06-03,USDJPY,13827.3
2012-06-04,USDJPY,118245.0
2012-06-05,USDJPY,127595.7
2012-06-06,USDJPY,156592.9
2012-06-07,USDJPY,143473.3
2012-06-08,USDJPY,132174.3
2012-06-10,USDJPY,20736.2
2012-06-11,USDJPY,126145.9
2012-06-12,USDJPY,142786.8
2012-06-13,USDJPY,116306.7
2012-06-14,USDJPY,114028.2
2012-06-15,USDJPY,115229.0
2012-06-17,USDJPY,26617.3
2012-06-18,USDJPY,117484.4
2012-06-19,USDJPY,85527.5
2012-06-20,USDJPY,106828.1
2012-06-21,USDJPY,113857.5
2012-06-22,USDJPY,89553.2
2012-06-24,USDJPY,8302.8
2012-06-25,USDJPY,91232.5
2012-06-26,USDJPY,95833.4
2012-06-27,USDJPY,81624.5
2012-06-28,USDJPY,93212.1
2012-06-29,USDJPY,123673.8
2012-07-01,USDJPY,15891.0
2012-07-02,USDJPY,88706.1
2012-07-03,USDJPY,79262.2
2012-07-04,USDJPY,56622.3
2012-07-05,USDJPY,97456.1
2012-07-06,USDJPY,85425.9
2012-07-08,USDJPY,12845.8
2012-07-09,USDJPY,60483.3
2012-07-10,USDJPY,75652.2
2012-07-11,USDJPY,83396.9
2012-07-12,USDJPY,94027.8
2012-07-13,USDJPY,68565.5
2012-07-15,USDJPY,8575.5
2012-07-16,USDJPY,61672.5
2012-07-17,USDJPY,79479.9
2012-07-18,USDJPY,70080.0
2012-07-19,USDJPY,76214.6
2012-07-20,USDJPY,64091.8
2012-07-22,USDJPY,10640.0
2012-07-23,USDJPY,79796.3
2012-07-24,USDJPY,69488.7
2012-07-25,USDJPY,70571.0
2012-07-26,USDJPY,76708.5
2012-07-27,USDJPY,81479.0
2012-07-29,USDJPY,5166.8
2012-07-30,USDJPY,69370.2
2012-07-31,USDJPY,67270.1
2012-08-01,USDJPY,70389.1
2012-08-02,USDJPY,75353.8
2012-08-03,USDJPY,77238.4
2012-08-05,USDJPY,10115.3
2012-08-06,USDJPY,62676.1
2012-08-07,USDJPY,67594.1
2012-08-08,USDJPY,71803.6
2012-08-09,USDJPY,80967.7
2012-08-10,USDJPY,62738.0
2012-08-12,USDJPY,7163.6
2012-08-13,USDJPY,51958.4
2012-08-14,USDJPY,68686.9
2012-08-15,USDJPY,67388.2
2012-08-16,USDJPY,76943.2
2012-08-17,USDJPY,61927.2
2012-08-19,USDJPY,8234.9
2012-08-20,USDJPY,59546.2
2012-08-21,USDJPY,70222.1
2012-08-22,USDJPY,81319.8
2012-08-23,USDJPY,73695.9
2012-08-24,USDJPY,60888.2
2012-08-26,USDJPY,8169.3
2012-08-27,USDJPY,38467.7
2012-08-28,USDJPY,65155.2
2012-08-29,USDJPY,55424.6
2012-08-30,USDJPY,54962.7
2012-08-31,USDJPY,73963.0
2012-09-02,USDJPY,6361.1
2012-09-03,USDJPY,45199.8
2012-09-04,USDJPY,65523.6
2012-09-05,USDJPY,61851.9
2012-09-06,USDJPY,80006.6
2012-09-07,USDJPY,88354.4
2012-09-09,USDJPY,4249.0
2012-09-10,USDJPY,55492.1
2012-09-11,USDJPY,77033.6
2012-09-12,USDJPY,89771.9
2012-09-13,USDJPY,91504.0
2012-09-14,USDJPY,106862.0
2012-09-16,USDJPY,8350.1
2012-09-17,USDJPY,74450.7
2012-09-18,USDJPY,83605.7
2012-09-19,USDJPY,123491.8
2012-09-20,USDJPY,93516.7
2012-09-21,USDJPY,74405.1
2012-09-23,USDJPY,7917.5
2012-09-24,USDJPY,56353.4
2012-09-25,USDJPY,62685.7
2012-09-26,USDJPY,61538.3
2012-09-27,USDJPY,55169.3
2012-09-28,USDJPY,82267.7
2012-09-30,USDJPY,8132.7
2012-10-01,USDJPY,67508.8
2012-10-02,USDJPY,61948.5
2012-10-03,USDJPY,71286.1
2012-10-04,USDJPY,73167.4
2012-10-05,USDJPY,77743.8
2012-10-07,USDJPY,6837.3
2012-10-08,USDJPY,50993.8
2012-10-09,USDJPY,64685.7
2012-10-10,USDJPY,65325.7
2012-10-11,USDJPY,78902.6
2012-10-12,USDJPY,61076.7
2012-10-14,USDJPY,7925.5
2012-10-15,USDJPY,76106.8
2012-10-16,USDJPY,87077.0
2012-10-17,USDJPY,89147.8
2012-10-18,USDJPY,93494.2
2012-10-19,USDJPY,64475.0
2012-10-21,USDJPY,10072.0
2012-10-22,USDJPY,82172.6
2012-10-23,USDJPY,86551.8
2012-10-24,USDJPY,79288.9
2012-10-25,USDJPY,93186.1
2012-10-26,USDJPY,92895.7
2012-10-28,USDJPY,10056.2
2012-10-29,USDJPY,58942.5
2012-10-30,USDJPY,78284.2
2012-10-31,USDJPY,77903.8
2012-11-01,USDJPY,74447.4
2012-11-02,USDJPY,77138.9
2012-11-04,USDJPY,21167.3
2012-11-05,USDJPY,64284.4
2012-11-06,USDJPY,64343.8
2012-11-07,USDJPY,116031.9
2012-11-08,USDJPY,89118.7
2012-11-09,USDJPY,105170.7
2012-11-11,USDJPY,10914.8
2012-11-12,USDJPY,51192.1
2012-11-13,USDJPY,76914.1
2012-11-14,USDJPY,91937.1
2012-11-15,USDJPY,110072.4
2012-11-16,USDJPY,93359.6
2012-11-18,USDJPY,18944.2
2012-11-19,USDJPY,78224.9
2012-11-20,USDJPY,89897.6
2012-11-21,USDJPY,98844.8
2012-11-22,USDJPY,76774.9
2012-11-23,USDJPY,67598.1
2012-11-25,USDJPY,17225.6
2012-11-26,USDJPY,83279.5
2012-11-27,USDJPY,76349.2
2012-11-28,USDJPY,93064.9
2012-11-29,USDJPY,80143.3
2012-11-30,USDJPY,90733.7
2012-12-02,USDJPY,18075.3
2012-12-03,USDJPY,71997.9
2012-12-04,USDJPY,73436.4
2012-12-05,USDJPY,86822.5
2012-12-06,USDJPY,72019.4
2012-12-07,USDJPY,75286.0
2012-12-09,USDJPY,17535.0
2012-12-10,USDJPY,60056.3
2012-12-11,USDJPY,58453.4
2012-12-12,USDJPY,95521.6
2012-12-13,USDJPY,103005.7
2012-12-14,USDJPY,102869.2
2012-12-16,USDJPY,17103.7
2012-12-17,USDJPY,94069.8
2012-12-18,USDJPY,92678.9
2012-12-19,USDJPY,109110.3
2012-12-20,USDJPY,108451.6
2012-12-21,USDJPY,114441.4
2012-12-23,USDJPY,19383.3
2012-12-24,USDJPY,48528.2
2012-12-25,USDJPY,43314.3
2012-12-26,USDJPY,89629.8
2012-12-27,USDJPY,119761.4
2012-12-28,USDJPY,97074.3
2012-12-30,USDJPY,13315.6
2012-12-31,USDJPY,77320.9
2013-01-01,USDJPY,5996.2
2013-01-02,USDJPY,125075.0
2013-01-03,USDJPY,115139.0
2013-01-04,USDJPY,143252.3
2013-01-06,USDJPY,7375.6
2013-01-07,USDJPY,129745.4
2013-01-08,USDJPY,131275.1
2013-01-09,USDJPY,136154.8
2013-01-10,USDJPY,153028.8
2013-01-11,USDJPY,146624.1
2013-01-13,USDJPY,11325.6
2013-01-14,USDJPY,125711.3
2013-01-15,USDJPY,193293.0
2013-01-16,USDJPY,191549.0
2013-01-17,USDJPY,212326.5
2013-01-18,USDJPY,154091.6
2013-01-20,USDJPY,6984.6
2013-01-21,USDJPY,130219.7
2013-01-22,USDJPY,207122.4
2013-01-23,USDJPY,153494.8
2013-01-24,USDJPY,170099.2
2013-01-25,USDJPY,152418.8
2013-01-27,USDJPY,7609.8
2013-01-28,USDJPY,143200.0
2013-01-29,USDJPY,155203.7
2013-01-30,USDJPY,152641.5
2013-01-31,USDJPY,148488.2
2013-02-01,USDJPY,169188.3
2013-02-03,USDJPY,7508.9
2013-02-04,USDJPY,161019.8
2013-02-05,USDJPY,184012.4
2013-02-06,USDJPY,157544.6
2013-02-07,USDJPY,158766.5
2013-02-08,USDJPY,164101.4
2013-02-10,USDJPY,7219.5
2013-02-11,USDJPY,145988.6
2013-02-12,USDJPY,193514.9
2013-02-13,USDJPY,153105.6
2013-02-14,USDJPY,165256.9
2013-02-15,USDJPY,196845.4
2013-02-17,USDJPY,8221.4
2013-02-18,USDJPY,125466.2
2013-02-19,USDJPY,131045.7
2013-02-20,USDJPY,148203.2
2013-02-21,USDJPY,167654.9
2013-02-22,USDJPY,139292.5
2013-02-24,USDJPY,18973.5
2013-02-25,USDJPY,225797.0
2013-02-26,USDJPY,252571.7
2013-02-27,USDJPY,189265.7
2013-02-28,USDJPY,160272.3
2013-03-01,USDJPY,156762.8
2013-03-03,USDJPY,7396.1
2013-03-04,USDJPY,138111.3
2013-03-05,USDJPY,131473.0
2013-03-06,USDJPY,131661.5
2013-03-07,USDJPY,155125.0
2013-03-08,USDJPY,176011.5
2013-03-10,USDJPY,9744.2
2013-03-11,USDJPY,122206.6
2013-03-12,USDJPY,171257.3
2013-03-13,USDJPY,159040.1
2013-03-14,USDJPY,155220.7
2013-03-15,USDJPY,156337.1
2013-03-17,USDJPY,27044.5
2013-03-18,USDJPY,167166.1
2013-03-19,USDJPY,168724.4
2013-03-20,USDJPY,159158.0
2013-03-21,USDJPY,203363.1
2013-03-22,USDJPY,169221.6
2013-03-24,USDJPY,13497.5
2013-03-25,USDJPY,189054.9
2013-03-26,USDJPY,168907.0
2013-03-27,USDJPY,166849.3
2013-03-28,USDJPY,162051.6
2013-03-29,USDJPY,61735.3
2013-03-31,USDJPY,6316.3
2013-04-01,USDJPY,118383.9
2013-04-02,USDJPY,155914.1
2013-04-03,USDJPY,156677.5
2013-04-04,USDJPY,251884.1
2013-04-05,USDJPY,260325.5
2013-04-07,USDJPY,27041.2
2013-04-08,USDJPY,215782.2
2013-04-09,USDJPY,198422.9
2013-04-10,USDJPY,191862.7
2013-04-11,USDJPY,194981.7
2013-04-12,USDJPY,193801.8
2013-04-14,USDJPY,16869.8
2013-04-15,USDJPY,287205.2
2013-04-16,USDJPY,245478.0
2013-04-17,USDJPY,246027.1
2013-04-18,USDJPY,216965.8
2013-04-19,USDJPY,209517.4
2013-04-21,USDJPY,13587.4
2013-04-22,USDJPY,193429.5
2013-04-23,USDJPY,238071.8
2013-04-24,USDJPY,188371.1
2013-04-25,USDJPY,184348.4
2013-04-26,USDJPY,228362.3
2013-04-28,USDJPY,9419.7
2013-04-29,USDJPY,131937.4
2013-04-30,USDJPY,154438.5
2013-05-01,USDJPY,135566.6
2013-05-02,USDJPY,158890.8
2013-05-03,USDJPY,121653.5
2013-05-05,USDJPY,5390.4
2013-05-06,USDJPY,81567.6
2013-05-07,USDJPY,149385.1
2013-05-08,USDJPY,136510.9
2013-05-09,USDJPY,179279.1
2013-05-10,USDJPY,200502.1
2013-05-12,USDJPY,13992.5
2013-05-13,USDJPY,150682.0
2013-05-14,USDJPY,179371.3
2013-05-15,USDJPY,183730.1
2013-05-16,USDJPY,182358.0
2013-05-17,USDJPY,153125.0
2013-05-19,USDJPY,16422.6
2013-05-20,USDJPY,144673.5
2013-05-21,USDJPY,157138.0
2013-05-22,USDJPY,211679.1
2013-05-23,USDJPY,284921.4
2013-05-24,USDJPY,247752.4
2013-05-26,USDJPY,12811.4
2013-05-27,USDJPY,103460.0
2013-05-28,USDJPY,199266.2
2013-05-29,USDJPY,228048.9
2013-05-30,USDJPY,251104.7
2013-05-31,USDJPY,219286.7
2013-06-02,USDJPY,9281.8
2013-06-03,USDJPY,203126.8
2013-06-04,USDJPY,188639.7
2013-06-05,USDJPY,221276.3
2013-06-06,USDJPY,272058.0
2013-06-07,USDJPY,325741.3
2013-06-09,USDJPY,16726.1
2013-06-10,USDJPY,202052.6
2013-06-11,USDJPY,290590.4
2013-06-12,USDJPY,224617.7
2013-06-13,USDJPY,288501.2
2013-06-14,USDJPY,237185.2
2013-06-16,USDJPY,9986.7
2013-06-17,USDJPY,139890.7
2013-06-18,USDJPY,134965.7
2013-06-19,USDJPY,137803.0
2013-06-20,USDJPY,193656.4
2013-06-21,USDJPY,124972.0
2013-06-23,USDJPY,11015.5
2013-06-24,USDJPY,154682.9
2013-06-25,USDJPY,151005.0
2013-06-26,USDJPY,120637.1
2013-06-27,USDJPY,116113.7
2013-06-28,USDJPY,111198.0
2013-06-30,USDJPY,6492.4
2013-07-01,USDJPY,84675.4
2013-07-02,USDJPY,95946.8
2013-07-03,USDJPY,119469.1
2013-07-04,USDJPY,77102.4
2013-07-05,USDJPY,95145.8
2013-07-07,USDJPY,6972.4
2013-07-08,USDJPY,85119.3
2013-07-09,USDJPY,87696.9
2013-07-10,USDJPY,135238.6
2013-07-11,USDJPY,136728.0
2013-07-12,USDJPY,93416.1
2013-07-14,USDJPY,3329.1
2013-07-15,USDJPY,78605.4
2013-07-16,USDJPY,94908.6
2013-07-17,USDJPY,117745.9
2013-07-18,USDJPY,121545.8
2013-07-19,USDJPY,123327.8
2013-07-21,USDJPY,9370.3
2013-07-22,USDJPY,112422.6
2013-07-23,USDJPY,113250.4
2013-07-24,USDJPY,122256.4
2013-07-25,USDJPY,125396.7
2013-07-26,USDJPY,118310.1
2013-07-28,USDJPY,10503.3
2013-07-29,USDJPY,112518.8
2013-07-30,USDJPY,109385.2
2013-07-31,USDJPY,132715.9
2013-08-01,USDJPY,129441.5
2013-08-02,USDJPY,118250.9
2013-08-04,USDJPY,3856.6
2013-08-05,USDJPY,96052.0
2013-08-06,USDJPY,115088.5
2013-08-07,USDJPY,130256.3
2013-08-08,USDJPY,133328.1
2013-08-09,USDJPY,96120.2
2013-08-11,USDJPY,5340.0
2013-08-12,USDJPY,97785.4
2013-08-13,USDJPY,115181.7
2013-08-14,USDJPY,108115.8
2013-08-15,USDJPY,147949.2
2013-08-16,USDJPY,114247.7
2013-08-18,USDJPY,3883.3
2013-08-19,USDJPY,103168.3
2013-08-20,USDJPY,120387.2
2013-08-21,USDJPY,123059.7
2013-08-22,USDJPY,119419.6
2013-08-23,USDJPY,108436.7
2013-08-25,USDJPY,4535.3
2013-08-26,USDJPY,76423.0
2013-08-27,USDJPY,125561.6
2013-08-28,USDJPY,107538.1
2013-08-29,USDJPY,109819.0
2013-08-30,USDJPY,97360.0
2013-09-01,USDJPY,4107.2
2013-09-02,USDJPY,88934.6
2013-09-03,USDJPY,110809.4
2013-09-04,USDJPY,95126.2
2013-09-05,USDJPY,113591.7
2013-09-06,USDJPY,112438.0
2013-09-08,USDJPY,11699.5
2013-09-09,USDJPY,93036.4
2013-09-10,USDJPY,103857.7
2013-09-11,USDJPY,122619.8
2013-09-12,USDJPY,109014.6
2013-09-13,USDJPY,92517.1
2013-09-15,USDJPY,9769.5
2013-09-16,USDJPY,79237.1
2013-09-17,USDJPY,82670.0
2013-09-18,USDJPY,131307.4
2013-09-19,USDJPY,116810.8
2013-09-20,USDJPY,86471.0
2013-09-22,USDJPY,3371.7
2013-09-23,USDJPY,65724.6
2013-09-24,USDJPY,85607.0
2013-09-25,USDJPY,82786.2
2013-09-26,USDJPY,101892.9
2013-09-27,USDJPY,84969.3
2013-09-29,USDJPY,7834.3
2013-09-30,USDJPY,106113.4
2013-10-01,USDJPY,119321.2
2013-10-02,USDJPY,118939.0
2013-10-03,USDJPY,108019.3
2013-10-04,USDJPY,90285.5
2013-10-06,USDJPY,5244.0
2013-10-07,USDJPY,90185.3
2013-10-08,USDJPY,97238.4
2013-10-09,USDJPY,104506.3
2013-10-10,USDJPY,110168.5
2013-10-11,USDJPY,86317.5
2013-10-13,USDJPY,5027.9
2013-10-14,USDJPY,51688.4
2013-10-15,USDJPY,103940.1
2013-10-16,USDJPY,107713.2
2013-10-17,USDJPY,120183.2
2013-10-18,USDJPY,82339.9
2013-10-20,USDJPY,4624.8
2013-10-21,USDJPY,77928.2
2013-10-22,USDJPY,88942.7
2013-10-23,USDJPY,124330.1
2013-10-24,USDJPY,111306.2
2013-10-25,USDJPY,91607.5
2013-10-27,USDJPY,5964.5
2013-10-28,USDJPY,84269.3
2013-10-29,USDJPY,96875.8
2013-10-30,USDJPY,115359.8
2013-10-31,USDJPY,121311.8
2013-11-01,USDJPY,110937.1
2013-11-03,USDJPY,3358.2
2013-11-04,USDJPY,63720.4
2013-11-05,USDJPY,100766.4
2013-11-06,USDJPY,92849.6
2013-11-07,USDJPY,150924.5
2013-11-08,USDJPY,127646.2
2013-11-10,USDJPY,5678.7
2013-11-11,USDJPY,70663.1
2013-11-12,USDJPY,118836.9
2013-11-13,USDJPY,110455.5
2013-11-14,USDJPY,150962.8
2013-11-15,USDJPY,97460.6
2013-11-17,USDJPY,5981.8
2013-11-18,USDJPY,96954.8
2013-11-19,USDJPY,118780.0
2013-11-20,USDJPY,123089.0
2013-11-21,USDJPY,133004.0
2013-11-22,USDJPY,101735.9
2013-11-24,USDJPY,4240.5
2013-11-25,USDJPY,112937.6
2013-11-26,USDJPY,94127.9
2013-11-27,USDJPY,108044.3
2013-11-28,USDJPY,87957.4
2013-11-29,USDJPY,115772.4
2013-12-01,USDJPY,3652.9
2013-12-02,USDJPY,105254.7
2013-12-03,USDJPY,134267.0
2013-12-04,USDJPY,166516.8
2013-12-05,USDJPY,146163.8
2013-12-06,USDJPY,138373.2
2013-12-08,USDJPY,8315.1
2013-12-09,USDJPY,103874.5
2013-12-10,USDJPY,117536.8
2013-12-11,USDJPY,121672.6
2013-12-12,USDJPY,129484.5
2013-12-13,USDJPY,129570.0
2013-12-15,USDJPY,4922.7
2013-12-16,USDJPY,106812.3
2013-12-17,USDJPY,85130.3
2013-12-18,USDJPY,142758.3
2013-12-19,USDJPY,122147.2
2013-12-20,USDJPY,104070.6
2013-12-22,USDJPY,2518.4
2013-12-23,USDJPY,48747.3
2013-12-24,USDJPY,51266.4
2013-12-25,USDJPY,15332.2
2013-12-26,USDJPY,77407.6
2013-12-27,USDJPY,91839.8
2013-12-29,USDJPY,6142.9
2013-12-30,USDJPY,66838.3
2013-12-31,USDJPY,50964.0
2014-01-01,USDJPY,2030.5
2014-01-02,USDJPY,106753.4
2014-01-03,USDJPY,110287.4
2014-01-05,USDJPY,3486.1
2014-01-06,USDJPY,121891.4
2014-01-07,USDJPY,121127.8
2014-01-08,USDJPY,131648.4
2014-01-09,USDJPY,116533.7
2014-01-10,USDJPY,126282.5
2014-01-12,USDJPY,5275.9
2014-01-13,USDJPY,123461.7
2014-01-14,USDJPY,124523.4
2014-01-15,USDJPY,106720.0
2014-01-16,USDJPY,101127.3
2014-01-17,USDJPY,82342.5
2014-01-19,USDJPY,3640.8
2014-01-20,USDJPY,76396.9
2014-01-21,USDJPY,102359.4
2014-01-22,USDJPY,113146.3
2014-01-23,USDJPY,163206.7
2014-01-24,USDJPY,187378.9
2014-01-26,USDJPY,12676.5
2014-01-27,USDJPY,199633.2
2014-01-28,USDJPY,135555.2
2014-01-29,USDJPY,180393.0
2014-01-30,USDJPY,139439.7
2014-01-31,USDJPY,154568.2
2014-02-02,USDJPY,5283.7
2014-02-03,USDJPY,182431.2
2014-02-04,USDJPY,162005.4
2014-02-05,USDJPY,158062.4
2014-02-06,USDJPY,127569.4
2014-02-07,USDJPY,127773.0
2014-02-09,USDJPY,5468.7
2014-02-10,USDJPY,95554.9
2014-02-11,USDJPY,100368.1
2014-02-12,USDJPY,103147.5
2014-02-13,USDJPY,109291.0
2014-02-14,USDJPY,117031.9
2014-02-16,USDJPY,5423.2
2014-02-17,USDJPY,78083.7
2014-02-18,USDJPY,116156.9
2014-02-19,USDJPY,91714.6
2014-02-20,USDJPY,122993.9
2014-02-21,USDJPY,88917.0
2014-02-23,USDJPY,2690.6
2014-02-24,USDJPY,79333.9
2014-02-25,USDJPY,82363.1
2014-02-26,USDJPY,89835.3
2014-02-27,USDJPY,109549.3
2014-02-28,USDJPY,103105.4
2014-03-02,USDJPY,9152.8
2014-03-03,USDJPY,100609.1
2014-03-04,USDJPY,97321.3
2014-03-05,USDJPY,91978.6
2014-03-06,USDJPY,102931.3
2014-03-07,USDJPY,95811.3
2014-03-09,USDJPY,7090.4
2014-03-10,USDJPY,87571.2
2014-03-11,USDJPY,85856.5
2014-03-12,USDJPY,88949.6
2014-03-13,USDJPY,120354.8
2014-03-14,USDJPY,113754.7
2014-03-16,USDJPY,3982.7
2014-03-17,USDJPY,87002.9
2014-03-18,USDJPY,96602.2
2014-03-19,USDJPY,93288.2
2014-03-20,USDJPY,86198.5
2014-03-21,USDJPY,60052.1
2014-03-23,USDJPY,2961.9
2014-03-24,USDJPY,85206.3
2014-03-25,USDJPY,77938.7
2014-03-26,USDJPY,85628.7
2014-03-27,USDJPY,103316.5
2014-03-28,USDJPY,75303.9
2014-03-30,USDJPY,4092.8
2014-03-31,USDJPY,77260.8
2014-04-01,USDJPY,64544.8
2014-04-02,USDJPY,63031.0
2014-04-03,USDJPY,67458.8
2014-04-04,USDJPY,75597.9
2014-04-06,USDJPY,3501.4
2014-04-07,USDJPY,77417.1
2014-04-08,USDJPY,121616.5
2014-04-09,USDJPY,88002.0
2014-04-10,USDJPY,112799.7
2014-04-11,USDJPY,105504.9
2014-04-13,USDJPY,4521.2
2014-04-14,USDJPY,80957.7
2014-04-15,USDJPY,103968.4
2014-04-16,USDJPY,90197.0
2014-04-17,USDJPY,74162.7
2014-04-18,USDJPY,20529.6
2014-04-20,USDJPY,3304.6
2014-04-21,USDJPY,38147.5
2014-04-22,USDJPY,63868.9
2014-04-23,USDJPY,69043.8
2014-04-24,USDJPY,81082.8
2014-04-25,USDJPY,74411.6
2014-04-27,USDJPY,2482.7
2014-04-28,USDJPY,81708.3
2014-04-29,USDJPY,62976.0
2014-04-30,USDJPY,89722.3
2014-05-01,USDJPY,50587.3
2014-05-02,USDJPY,81347.6
2014-05-04,USDJPY,2073.6
2014-05-05,USDJPY,50494.5
2014-05-06,USDJPY,65290.3
2014-05-07,USDJPY,86838.0
2014-05-08,USDJPY,89711.2
2014-05-09,USDJPY,69633.7
2014-05-11,USDJPY,3148.1
2014-05-12,USDJPY,60597.7
2014-05-13,USDJPY,74765.4
2014-05-14,USDJPY,74009.8
2014-05-15,USDJPY,103064.5
2014-05-16,USDJPY,80240.8
2014-05-18,USDJPY,2452.9
2014-05-19,USDJPY,85734.0
2014-05-20,USDJPY,80817.0
2014-05-21,USDJPY,99029.0
2014-05-22,USDJPY,85391.0
2014-05-23,USDJPY,74608.5
2014-05-25,USDJPY,2225.7
2014-05-26,USDJPY,41449.8
2014-05-27,USDJPY,85156.8
2014-05-28,USDJPY,81792.5
2014-05-29,USDJPY,85538.7
2014-05-30,USDJPY,81781.1
2014-06-01,USDJPY,3099.0
2014-06-02,USDJPY,94083.4
2014-06-03,USDJPY,85857.7
2014-06-04,USDJPY,96703.4
2014-06-05,USDJPY,110227.8
2014-06-06,USDJPY,96171.6
2014-06-08,USDJPY,3612.3
2014-06-09,USDJPY,70744.3
2014-06-10,USDJPY,89449.3
2014-06-11,USDJPY,88667.5
2014-06-12,USDJPY,95727.9
2014-06-13,USDJPY,94280.2
2014-06-15,USDJPY,2975.1
2014-06-16,USDJPY,75551.1
2014-06-17,USDJPY,81127.0
2014-06-18,USDJPY,79415.8
2014-06-19,USDJPY,79127.8
2014-06-20,USDJPY,49782.5
2014-06-22,USDJPY,2315.6
2014-06-23,USDJPY,62077.2
2014-06-24,USDJPY,55786.7
2014-06-25,USDJPY,69506.5
2014-06-26,USDJPY,72351.3
2014-06-27,USDJPY,69387.0
2014-06-29,USDJPY,2185.8
2014-06-30,USDJPY,67436.3
2014-07-01,USDJPY,80585.8
2014-07-02,USDJPY,75038.6
2014-07-03,USDJPY,82374.7
2014-07-04,USDJPY,50916.9
2014-07-06,USDJPY,4060.7
2014-07-07,USDJPY,64900.4
2014-07-08,USDJPY,69505.5
2014-07-09,USDJPY,75193.1
2014-07-10,USDJPY,94096.6
2014-07-11,USDJPY,75797.2
2014-07-13,USDJPY,3013.8
2014-07-14,USDJPY,61605.9
2014-07-15,USDJPY,83288.3
2014-07-16,USDJPY,59224.5
2014-07-17,USDJPY,91803.6
2014-07-18,USDJPY,86579.4
2014-07-20,USDJPY,2881.3
2014-07-21,USDJPY,61071.6
2014-07-22,USDJPY,71129.3
2014-07-23,USDJPY,60013.4
2014-07-24,USDJPY,69140.0
2014-07-25,USDJPY,70468.5
2014-07-27,USDJPY,3654.8
2014-07-28,USDJPY,73990.5
2014-07-29,USDJPY,88107.7
2014-07-30,USDJPY,108189.3
2014-07-31,USDJPY,103961.2
2014-08-01,USDJPY,108769.6
2014-08-03,USDJPY,3788.8
2014-08-04,USDJPY,66408.5
2014-08-05,USDJPY,71310.0
2014-08-06,USDJPY,84143.1
2014-08-07,USDJPY,96085.5
2014-08-08,USDJPY,112093.1
2014-08-10,USDJPY,4912.5
2014-08-11,USDJPY,68643.3
2014-08-12,USDJPY,71568.6
2014-08-13,USDJPY,74830.7
2014-08-14,USDJPY,73866.1
2014-08-15,USDJPY,85052.3
2014-08-17,USDJPY,2844.8
2014-08-18,USDJPY,59941.8
2014-08-19,USDJPY,61585.8
2014-08-20,USDJPY,90638.8
2014-08-21,USDJPY,76006.8
2014-08-22,USDJPY,85670.1
2014-08-24,USDJPY,5901.8
2014-08-25,USDJPY,60474.4
2014-08-26,USDJPY,73298.4
2014-08-27,USDJPY,75990.2
2014-08-28,USDJPY,80794.1
2014-08-29,USDJPY,68362.7
2014-08-31,USDJPY,3546.2
2014-09-01,USDJPY,50350.2
2014-09-02,USDJPY,97800.1
2014-09-03,USDJPY,92599.4
2014-09-04,USDJPY,103191.4
2014-09-05,USDJPY,99991.0
2014-09-07,USDJPY,6340.2
2014-09-08,USDJPY,107895.5
2014-09-09,USDJPY,123331.8
2014-09-10,USDJPY,134534.7
2014-09-11,USDJPY,128683.2
2014-09-12,USDJPY,110867.3
2014-09-14,USDJPY,4275.0
2014-09-15,USDJPY,95560.5
2014-09-16,USDJPY,118255.4
2014-09-17,USDJPY,116041.3
2014-09-18,USDJPY,96294.7
2014-09-19,USDJPY,108142.0
2014-09-21,USDJPY,4374.0
2014-09-22,USDJPY,89101.9
2014-09-23,USDJPY,97017.2
2014-09-24,USDJPY,98407.6
2014-09-25,USDJPY,111536.2
2014-09-26,USDJPY,101259.6
2014-09-28,USDJPY,6390.8
2014-09-29,USDJPY,103720.1
2014-09-30,USDJPY,111564.3
2014-10-01,USDJPY,136931.7
2014-10-02,USDJPY,148091.4
2014-10-03,USDJPY,99930.4
2014-10-05,USDJPY,3653.6
2014-10-06,USDJPY,96981.3
2014-10-07,USDJPY,141501.0
2014-10-08,USDJPY,141247.2
2014-10-09,USDJPY,158603.4
2014-10-10,USDJPY,138095.5
2014-10-12,USDJPY,9105.0
2014-10-13,USDJPY,116664.3
2014-10-14,USDJPY,149607.9
2014-10-15,USDJPY,207326.7
2014-10-16,USDJPY,196312.8
2014-10-17,USDJPY,122006.2
2014-10-19,USDJPY,6070.6
2014-10-20,USDJPY,105483.4
2014-10-21,USDJPY,117415.8
2014-10-22,USDJPY,101471.1
2014-10-23,USDJPY,110148.3
2014-10-24,USDJPY,91713.1
2014-10-26,USDJPY,3097.5
2014-10-27,USDJPY,86770.8
2014-10-28,USDJPY,82711.6
2014-10-29,USDJPY,83955.7
2014-10-30,USDJPY,105762.8
2014-10-31,USDJPY,144739.0
2014-11-02,USDJPY,8734.6
2014-11-03,USDJPY,116389.9
2014-11-04,USDJPY,127981.9
2014-11-05,USDJPY,135416.9
2014-11-06,USDJPY,157022.5
2014-11-07,USDJPY,145765.4
2014-11-09,USDJPY,5909.1
2014-11-10,USDJPY,114725.4
2014-11-11,USDJPY,138511.0
2014-11-12,USDJPY,147653.0
2014-11-13,USDJPY,120894.8
2014-11-14,USDJPY,131794.1
2014-11-16,USDJPY,11009.9
2014-11-17,USDJPY,137984.5
2014-11-18,USDJPY,112473.3
2014-11-19,USDJPY,147419.0
2014-11-20,USDJPY,158896.7
2014-11-21,USDJPY,144202.0
2014-11-23,USDJPY,5251.1
2014-11-24,USDJPY,96176.6
2014-11-25,USDJPY,120369.0
2014-11-26,USDJPY,87377.2
2014-11-27,USDJPY,69423.8
2014-11-28,USDJPY,86604.1
2014-11-30,USDJPY,6139.1
2014-12-01,USDJPY,120847.4
2014-12-02,USDJPY,110116.4
2014-12-03,USDJPY,110060.0
2014-12-04,USDJPY,116758.5
2014-12-05,USDJPY,117453.2
2014-12-07,USDJPY,8288.4
2014-12-08,USDJPY,115659.0
2014-12-09,USDJPY,164623.9
2014-12-10,USDJPY,166351.8
2014-12-11,USDJPY,152027.5
2014-12-12,USDJPY,144532.9
2014-12-14,USDJPY,16096.6
2014-12-15,USDJPY,167088.7
2014-12-16,USDJPY,198708.0
2014-12-17,USDJPY,165672.0
2014-12-18,USDJPY,134297.8
2014-12-19,USDJPY,112275.8
2014-12-21,USDJPY,3662.4
2014-12-22,USDJPY,87916.5
2014-12-23,USDJPY,74465.8
2014-12-24,USDJPY,57860.6
2014-12-25,USDJPY,13607.1
2014-12-26,USDJPY,35968.2
2014-12-28,USDJPY,3750.3
2014-12-29,USDJPY,74719.3
2014-12-30,USDJPY,97867.7
2014-12-31,USDJPY,56706.1
2015-01-01,USDJPY,3785.1
2015-01-02,USDJPY,79041.0
2015-01-04,USDJPY,8107.4
2015-01-05,USDJPY,136169.3
2015-01-06,USDJPY,162053.9
2015-01-07,USDJPY,153828.9
2015-01-08,USDJPY,124796.5
2015-01-09,USDJPY,143341.3
2015-01-11,USDJPY,4532.8
2015-01-12,USDJPY,137924.6
2015-01-13,USDJPY,192232.6
2015-01-14,USDJPY,212064.4
2015-01-15,USDJPY,231127.7
2015-01-16,USDJPY,191663.2
2015-01-18,USDJPY,4227.7
2015-01-19,USDJPY,105313.5
2015-01-20,USDJPY,160799.0
2015-01-21,USDJPY,168898.8
2015-01-22,USDJPY,149488.0
2015-01-23,USDJPY,141064.4
2015-01-25,USDJPY,9221.6
2015-01-26,USDJPY,112557.5
2015-01-27,USDJPY,136998.6
2015-01-28,USDJPY,140895.1
2015-01-29,USDJPY,146033.8
2015-01-30,USDJPY,148956.0
2015-02-01,USDJPY,8160.4
2015-02-02,USDJPY,134615.5
2015-02-03,USDJPY,148990.8
2015-02-04,USDJPY,138715.0
2015-02-05,USDJPY,116461.7
2015-02-06,USDJPY,111480.9
2015-02-08,USDJPY,5986.6
2015-02-09,USDJPY,115275.0
2015-02-10,USDJPY,129759.1
2015-02-11,USDJPY,121811.7
2015-02-12,USDJPY,152285.8
2015-02-13,USDJPY,115740.9
2015-02-15,USDJPY,6575.4
2015-02-16,USDJPY,85310.0
2015-02-17,USDJPY,108686.1
2015-02-18,USDJPY,116212.4
2015-02-19,USDJPY,100719.6
2015-02-20,USDJPY,113506.1
2015-02-22,USDJPY,4668.7
2015-02-23,USDJPY,82209.5
2015-02-24,USDJPY,110418.8
2015-02-25,USDJPY,98110.9
2015-02-26,USDJPY,108219.9
2015-02-27,USDJPY,109855.2
2015-03-01,USDJPY,6477.1
2015-03-02,USDJPY,92705.6
2015-03-03,USDJPY,112983.5
2015-03-04,USDJPY,106047.5
2015-03-05,USDJPY,106095.4
2015-03-06,USDJPY,112733.6
2015-03-08,USDJPY,5920.9
2015-03-09,USDJPY,114165.8
2015-03-10,USDJPY,164620.3
2015-03-11,USDJPY,149743.1
2015-03-12,USDJPY,142977.2
2015-03-13,USDJPY,120991.4
2015-03-15,USDJPY,5934.6
2015-03-16,USDJPY,103780.8
2015-03-17,USDJPY,98575.8
2015-03-18,USDJPY,129340.5
2015-03-19,USDJPY,133548.1
2015-03-20,USDJPY,108307.1
2015-03-22,USDJPY,7309.2
2015-03-23,USDJPY,128245.9
2015-03-24,USDJPY,129047.7
2015-03-25,USDJPY,114413.0
2015-03-26,USDJPY,145821.9
2015-03-27,USDJPY,120882.7
2015-03-29,USDJPY,5356.1
2015-03-30,USDJPY,99039.9
2015-03-31,USDJPY,116481.8
2015-04-01,USDJPY,134095.7
2015-04-02,USDJPY,104868.4
2015-04-03,USDJPY,51738.2
2015-04-05,USDJPY,3812.3
2015-04-06,USDJPY,67728.1
2015-04-07,USDJPY,100436.4
2015-04-08,USDJPY,115231.0
2015-04-09,USDJPY,106119.2
2015-04-10,USDJPY,88856.8
2015-04-12,USDJPY,3161.7
2015-04-13,USDJPY,102309.1
2015-04-14,USDJPY,112596.3
2015-04-15,USDJPY,104580.6
2015-04-16,USDJPY,114729.6
2015-04-17,USDJPY,110585.8
2015-04-19,USDJPY,5341.3
2015-04-20,USDJPY,102974.0
2015-04-21,USDJPY,113095.6
2015-04-22,USDJPY,119204.9
2015-04-23,USDJPY,132318.5
2015-04-24,USDJPY,112961.9
2015-04-26,USDJPY,4259.9
2015-04-27,USDJPY,106351.4
2015-04-28,USDJPY,106474.2
2015-04-29,USDJPY,121189.6
2015-04-30,USDJPY,142684.8
2015-05-01,USDJPY,77224.3
2015-05-03,USDJPY,3447.8
2015-05-04,USDJPY,68491.5
2015-05-05,USDJPY,104553.4
2015-05-06,USDJPY,107078.0
2015-05-07,USDJPY,120019.7
2015-05-08,USDJPY,108875.3
2015-05-10,USDJPY,5500.0
2015-05-11,USDJPY,94522.1
2015-05-12,USDJPY,115360.5
2015-05-13,USDJPY,111028.2
2015-05-14,USDJPY,123429.6
2015-05-15,USDJPY,116832.8
2015-05-17,USDJPY,3955.8
2015-05-18,USDJPY,96580.8
2015-05-19,USDJPY,120470.6
2015-05-20,USDJPY,128596.2
2015-05-21,USDJPY,115516.9
2015-05-22,USDJPY,97933.0
2015-05-24,USDJPY,4839.9
2015-05-25,USDJPY,48793.2
2015-05-26,USDJPY,125124.9
2015-05-27,USDJPY,134385.7
2015-05-28,USDJPY,133843.3
2015-05-29,USDJPY,121940.2
2015-05-31,USDJPY,5139.2
2015-06-01,USDJPY,127280.3
2015-06-02,USDJPY,152280.8
2015-06-03,USDJPY,129678.3
2015-06-04,USDJPY,134569.0
2015-06-05,USDJPY,114065.0
2015-06-07,USDJPY,4804.0
2015-06-08,USDJPY,125224.5
2015-06-09,USDJPY,133587.6
2015-06-10,USDJPY,168466.6
2015-06-11,USDJPY,138291.8
2015-06-12,USDJPY,106258.6
2015-06-14,USDJPY,5993.4
2015-06-15,USDJPY,101619.8
2015-06-16,USDJPY,91998.4
2015-06-17,USDJPY,116823.9
2015-06-18,USDJPY,131348.4
2015-06-19,USDJPY,92233.8
2015-06-21,USDJPY,6809.0
2015-06-22,USDJPY,100244.6
2015-06-23,USDJPY,104304.9
2015-06-24,USDJPY,109354.5
2015-06-25,USDJPY,101147.7
2015-06-26,USDJPY,91452.3
2015-06-28,USDJPY,16483.3
2015-06-29,USDJPY,133701.0
2015-06-30,USDJPY,137660.9
2015-07-01,USDJPY,114889.8
2015-07-02,USDJPY,104737.1
2015-07-03,USDJPY,77034.0
2015-07-05,USDJPY,12164.7
2015-07-06,USDJPY,121695.9
2015-07-07,USDJPY,127236.3
2015-07-08,USDJPY,162504.1
2015-07-09,USDJPY,126423.5
2015-07-10,USDJPY,108279.3
2015-07-12,USDJPY,7205.5
2015-07-13,USDJPY,112788.0
2015-07-14,USDJPY,99504.8
2015-07-15,USDJPY,101662.0
2015-07-16,USDJPY,97976.2
2015-07-17,USDJPY,69539.1
2015-07-19,USDJPY,1967.0
2015-07-20,USDJPY,60159.4
2015-07-21,USDJPY,82080.1
2015-07-22,USDJPY,85677.4
2015-07-23,USDJPY,74661.3
2015-07-24,USDJPY,67325.0
2015-07-26,USDJPY,2641.5
2015-07-27,USDJPY,89833.2
2015-07-28,USDJPY,82823.3
2015-07-29,USDJPY,82017.6
2015-07-30,USDJPY,83771.7
2015-07-31,USDJPY,85807.5
2015-08-02,USDJPY,2751.6
2015-08-03,USDJPY,66247.1
2015-08-04,USDJPY,82363.1
2015-08-05,USDJPY,91659.6
2015-08-06,USDJPY,69774.7
2015-08-07,USDJPY,73652.4
2015-08-09,USDJPY,2382.1
2015-08-10,USDJPY,59391.1
2015-08-11,USDJPY,84353.0
2015-08-12,USDJPY,99985.6
2015-08-13,USDJPY,96896.0
2015-08-14,USDJPY,90392.3
2015-08-16,USDJPY,3530.4
2015-08-17,USDJPY,79620.0
2015-08-18,USDJPY,82015.5
2015-08-19,USDJPY,107102.5
2015-08-20,USDJPY,106255.1
2015-08-21,USDJPY,143377.4
2015-08-23,USDJPY,13668.2
2015-08-24,USDJPY,229462.4
2015-08-25,USDJPY,221205.6
2015-08-26,USDJPY,225331.0
2015-08-27,USDJPY,192954.7
2015-08-28,USDJPY,140447.5
2015-08-30,USDJPY,8393.0
2015-08-31,USDJPY,117662.4
2015-09-01,USDJPY,193651.1
2015-09-02,USDJPY,163550.4
2015-09-03,USDJPY,140912.1
2015-09-04,USDJPY,158324.8
2015-09-06,USDJPY,6507.2
2015-09-07,USDJPY,110003.5
2015-09-08,USDJPY,164211.7
2015-09-09,USDJPY,184056.3
2015-09-10,USDJPY,188569.7
2015-09-11,USDJPY,121210.0
2015-09-13,USDJPY,7716.0
2015-09-14,USDJPY,141115.7
2015-09-15,USDJPY,153585.8
2015-09-16,USDJPY,135057.9
2015-09-17,USDJPY,153559.2
2015-09-18,USDJPY,171089.3
2015-09-20,USDJPY,10283.8
2015-09-21,USDJPY,129648.4
2015-09-22,USDJPY,140142.2
2015-09-23,USDJPY,146000.6
2015-09-24,USDJPY,190701.3
2015-09-25,USDJPY,172239.0
2015-09-27,USDJPY,11753.4
2015-09-28,USDJPY,179834.7
2015-09-29,USDJPY,209671.2
2015-09-30,USDJPY,173792.0
2015-10-01,USDJPY,170959.8
2015-10-02,USDJPY,177244.9
2015-10-04,USDJPY,9422.2
2015-10-05,USDJPY,141567.3
2015-10-06,USDJPY,133787.8
2015-10-07,USDJPY,165050.1
2015-10-08,USDJPY,141899.2
2015-10-09,USDJPY,126608.8
2015-10-11,USDJPY,7728.0
2015-10-12,USDJPY,70108.9
2015-10-13,USDJPY,103731.2
2015-10-14,USDJPY,131683.4
2015-10-15,USDJPY,144052.5
2015-10-16,USDJPY,101309.2
2015-10-18,USDJPY,7068.3
2015-10-19,USDJPY,101914.6
2015-10-20,USDJPY,94952.9
2015-10-21,USDJPY,108777.6
2015-10-22,USDJPY,125496.1
2015-10-23,USDJPY,133924.9
2015-10-25,USDJPY,10403.2
2015-10-26,USDJPY,102700.9
2015-10-27,USDJPY,108189.7
2015-10-28,USDJPY,111153.9
2015-10-29,USDJPY,130569.1
2015-10-30,USDJPY,156846.5
2015-11-01,USDJPY,6528.9
2015-11-02,USDJPY,99411.4
2015-11-03,USDJPY,85642.8
2015-11-04,USDJPY,119348.7
2015-11-05,USDJPY,123013.4
2015-11-06,USDJPY,131752.2
2015-11-08,USDJPY,4512.4
2015-11-09,USDJPY,113955.2
2015-11-10,USDJPY,115637.9
2015-11-11,USDJPY,96466.4
2015-11-12,USDJPY,122365.4
2015-11-13,USDJPY,107820.4
2015-11-15,USDJPY,8387.4
2015-11-16,USDJPY,127169.4
2015-11-17,USDJPY,112233.5
2015-11-18,USDJPY,104110.9
2015-11-19,USDJPY,123582.2
2015-11-20,USDJPY,101055.4
2015-11-22,USDJPY,5065.9
2015-11-23,USDJPY,88042.9
2015-11-24,USDJPY,106272.2
2015-11-25,USDJPY,101906.5
2015-11-26,USDJPY,71748.9
2015-11-27,USDJPY,76629.2
2015-11-29,USDJPY,4102.2
2015-11-30,USDJPY,88865.2
2015-12-01,USDJPY,109438.9
2015-12-02,USDJPY,114796.1
2015-12-03,USDJPY,155331.2
2015-12-04,USDJPY,142195.3
2015-12-06,USDJPY,5212.7
2015-12-07,USDJPY,96890.1
2015-12-08,USDJPY,116366.7
2015-12-09,USDJPY,140532.3
2015-12-10,USDJPY,131870.4
2015-12-11,USDJPY,143260.3
2015-12-13,USDJPY,5928.3
2015-12-14,USDJPY,169756.5
2015-12-15,USDJPY,143520.9
2015-12-16,USDJPY,151788.8
2015-12-17,USDJPY,135611.9
2015-12-18,USDJPY,165420.4
2015-12-20,USDJPY,5318.1
2015-12-21,USDJPY,122091.8
2015-12-22,USDJPY,102955.3
2015-12-23,USDJPY,69724.0
2015-12-24,USDJPY,60415.5
2015-12-25,USDJPY,7938.6
2015-12-27,USDJPY,3797.1
2015-12-28,USDJPY,70613.9
2015-12-29,USDJPY,73861.7
2015-12-30,USDJPY,68555.0
2015-12-31,USDJPY,62786.9
2016-01-03,USDJPY,4554.3
2016-01-04,USDJPY,146692.8
2016-01-05,USDJPY,156293.9
2016-01-06,USDJPY,178412.5
2016-01-07,USDJPY,208172.3
2016-01-08,USDJPY,189598.6
2016-01-10,USDJPY,10762.8
2016-01-11,USDJPY,196173.7
2016-01-12,USDJPY,198056.2
2016-01-13,USDJPY,187727.3
2016-01-14,USDJPY,213431.8
2016-01-15,USDJPY,223095.8
2016-01-17,USDJPY,7524.1
2016-01-18,USDJPY,140341.6
2016-01-19,USDJPY,180902.7
2016-01-20,USDJPY,238727.2
2016-01-21,USDJPY,272544.7
2016-01-22,USDJPY,192109.6
2016-01-24,USDJPY,4617.0
2016-01-25,USDJPY,173302.4
2016-01-26,USDJPY,171653.9
2016-01-27,USDJPY,194101.1
2016-01-28,USDJPY,188795.7
2016-01-29,USDJPY,217156.8
2016-01-31,USDJPY,8397.6
2016-02-01,USDJPY,161690.7
2016-02-02,USDJPY,181471.8
2016-02-03,USDJPY,239275.6
2016-02-04,USDJPY,235747.1
2016-02-05,USDJPY,203091.1
2016-02-07,USDJPY,8589.1
2016-02-08,USDJPY,215709.5
2016-02-09,USDJPY,272925.8
2016-02-10,USDJPY,275773.8
2016-02-11,USDJPY,289587.0
2016-02-12,USDJPY,257547.1
2016-02-14,USDJPY,7915.4
2016-02-15,USDJPY,177143.5
2016-02-16,USDJPY,202040.4
2016-02-17,USDJPY,201425.9
2016-02-18,USDJPY,177056.6
2016-02-19,USDJPY,179428.6
2016-02-21,USDJPY,6428.6
2016-02-22,USDJPY,161663.6
2016-02-23,USDJPY,202728.0
2016-02-24,USDJPY,212603.4
2016-02-25,USDJPY,216103.2
2016-02-26,USDJPY,175278.1
2016-02-28,USDJPY,7589.9
2016-02-29,USDJPY,200745.9
2016-03-01,USDJPY,190956.7
2016-03-02,USDJPY,199478.9
2016-03-03,USDJPY,193580.8
2016-03-04,USDJPY,206281.3
2016-03-06,USDJPY,8537.4
2016-03-07,USDJPY,163416.2
2016-03-08,USDJPY,203671.7
2016-03-09,USDJPY,183429.5
2016-03-10,USDJPY,244720.5
2016-03-11,USDJPY,179211.7
2016-03-13,USDJPY,8120.4
2016-03-14,USDJPY,140188.2
2016-03-15,USDJPY,173735.2
2016-03-16,USDJPY,182457.8
2016-03-17,USDJPY,221647.9
2016-03-18,USDJPY,165186.5
2016-03-20,USDJPY,8475.9
2016-03-21,USDJPY,132956.2
2016-03-22,USDJPY,175775.5
2016-03-23,USDJPY,161083.3
2016-03-24,USDJPY,138104.1
2016-03-25,USDJPY,47746.3
2016-03-27,USDJPY,8746.4
2016-03-28,USDJPY,85014.2
2016-03-29,USDJPY,154470.9
2016-03-30,USDJPY,149699.1
2016-03-31,USDJPY,146012.1
2016-04-01,USDJPY,165549.7
2016-04-03,USDJPY,7151.3
2016-04-04,USDJPY,145270.3
2016-04-05,USDJPY,189267.8
2016-04-06,USDJPY,160908.6
2016-04-07,USDJPY,207881.2
2016-04-08,USDJPY,160800.8
2016-04-10,USDJPY,10953.6
2016-04-11,USDJPY,173527.1
2016-04-12,USDJPY,156599.0
2016-04-13,USDJPY,146995.6
2016-04-14,USDJPY,135905.7
2016-04-15,USDJPY,111368.8
2016-04-17,USDJPY,13286.6
2016-04-18,USDJPY,150320.8
2016-04-19,USDJPY,144415.1
2016-04-20,USDJPY,153479.4
2016-04-21,USDJPY,166026.9
2016-04-22,USDJPY,181282.9
2016-04-24,USDJPY,13117.0
2016-04-25,USDJPY,164130.9
2016-04-26,USDJPY,153949.1
2016-04-27,USDJPY,160281.6
2016-04-28,USDJPY,213263.2
2016-04-29,USDJPY,194054.7
2016-05-01,USDJPY,17889.4
2016-05-02,USDJPY,153206.0
2016-05-03,USDJPY,163134.5
2016-05-04,USDJPY,148914.3
2016-05-05,USDJPY,108285.8
2016-05-06,USDJPY,147146.3
2016-05-08,USDJPY,6812.0
2016-05-09,USDJPY,140565.3
2016-05-10,USDJPY,141469.1
2016-05-11,USDJPY,130556.0
2016-05-12,USDJPY,148720.8
2016-05-13,USDJPY,158814.7
2016-05-15,USDJPY,7254.7
2016-05-16,USDJPY,104136.9
2016-05-17,USDJPY,128041.1
2016-05-18,USDJPY,156078.2
2016-05-19,USDJPY,154067.7
2016-05-20,USDJPY,114211.4
2016-05-22,USDJPY,5595.9
2016-05-23,USDJPY,129747.6
2016-05-24,USDJPY,125443.2
2016-05-25,USDJPY,120867.8
2016-05-26,USDJPY,133009.2
2016-05-27,USDJPY,121622.8
2016-05-29,USDJPY,12540.2
2016-05-30,USDJPY,99731.6
2016-05-31,USDJPY,143600.8
2016-06-01,USDJPY,172527.2
2016-06-02,USDJPY,168280.5
2016-06-03,USDJPY,191644.3
2016-06-05,USDJPY,14840.5
2016-06-06,USDJPY,175627.2
2016-06-07,USDJPY,143160.7
2016-06-08,USDJPY,149954.4
2016-06-09,USDJPY,147444.5
2016-06-10,USDJPY,134952.3
2016-06-12,USDJPY,13060.9
2016-06-13,USDJPY,178509.3
2016-06-14,USDJPY,175562.5
2016-06-15,USDJPY,159671.1
2016-06-16,USDJPY,226096.5
2016-06-17,USDJPY,166820.7
2016-06-19,USDJPY,13606.2
2016-06-20,USDJPY,155681.5
2016-06-21,USDJPY,162287.0
2016-06-22,USDJPY,162140.3
2016-06-23,USDJPY,204352.3
2016-06-24,USDJPY,239305.3
2016-06-26,USDJPY,16929.9
2016-06-27,USDJPY,185485.3
2016-06-28,USDJPY,161523.8
2016-06-29,USDJPY,152306.9
2016-06-30,USDJPY,164195.0
2016-07-01,USDJPY,126275.9
2016-07-03,USDJPY,8107.5
2016-07-04,USDJPY,113232.0
2016-07-05,USDJPY,139738.1
2016-07-06,USDJPY,191273.4
2016-07-07,USDJPY,145592.4
2016-07-08,USDJPY,145544.1
2016-07-10,USDJPY,9239.5
2016-07-11,USDJPY,175681.1
2016-07-12,USDJPY,230306.9
2016-07-13,USDJPY,222525.5
2016-07-14,USDJPY,234449.4
2016-07-15,USDJPY,202217.0
2016-07-17,USDJPY,16046.5
2016-07-18,USDJPY,142183.7
2016-07-19,USDJPY,177345.6
2016-07-20,USDJPY,395902.8
2016-07-21,USDJPY,878372.2
2016-07-22,USDJPY,666654.6
2016-07-24,USDJPY,34320.1
2016-07-25,USDJPY,585310.4
2016-07-26,USDJPY,865498.1
2016-07-27,USDJPY,837097.2
2016-07-28,USDJPY,702835.3
2016-07-29,USDJPY,743742.1
2016-07-31,USDJPY,33644.5
2016-08-01,USDJPY,546531.1
2016-08-02,USDJPY,696186.5
2016-08-03,USDJPY,609446.3
2016-08-04,USDJPY,551684.8
2016-08-05,USDJPY,518984.8
2016-08-07,USDJPY,22992.8
2016-08-08,USDJPY,442346.6
2016-08-09,USDJPY,374449.6
2016-08-10,USDJPY,423441.9
2016-08-11,USDJPY,393682.9
2016-08-12,USDJPY,419311.5
2016-08-14,USDJPY,18257.8
2016-08-15,USDJPY,383236.4
2016-08-16,USDJPY,505625.8
2016-08-17,USDJPY,498043.8
2016-08-18,USDJPY,522769.4
2016-08-19,USDJPY,451791.8
2016-08-21,USDJPY,36505.8
2016-08-22,USDJPY,610580.4
2016-08-23,USDJPY,596479.9
2016-08-24,USDJPY,564839.9
2016-08-25,USDJPY,463719.0
2016-08-26,USDJPY,526186.7
2016-08-28,USDJPY,26838.7
2016-08-29,USDJPY,479183.8
2016-08-30,USDJPY,486663.3
2016-08-31,USDJPY,547196.7
2016-09-01,USDJPY,539869.6
2016-09-02,USDJPY,584351.4
2016-09-04,USDJPY,21835.4
2016-09-05,USDJPY,425432.7
2016-09-06,USDJPY,638290.3
2016-09-07,USDJPY,593805.9
2016-09-08,USDJPY,655166.2
2016-09-09,USDJPY,652858.6
2016-09-11,USDJPY,29766.3
2016-09-12,USDJPY,699085.3
2016-09-13,USDJPY,663699.1
2016-09-14,USDJPY,640557.6
2016-09-15,USDJPY,599425.5
2016-09-16,USDJPY,537075.8
2016-09-18,USDJPY,21637.6
2016-09-19,USDJPY,496894.0
2016-09-20,USDJPY,503143.1
2016-09-21,USDJPY,782404.6
2016-09-22,USDJPY,613893.7
2016-09-23,USDJPY,694031.4
2016-09-25,USDJPY,17414.4
2016-09-26,USDJPY,617866.5
2016-09-27,USDJPY,672832.5
2016-09-28,USDJPY,613276.8
2016-09-29,USDJPY,717220.2
2016-09-30,USDJPY,725903.7
2016-10-02,USDJPY,24918.4
2016-10-03,USDJPY,529635.2
2016-10-04,USDJPY,781170.7
2016-10-05,USDJPY,668081.2
2016-10-06,USDJPY,620499.7
2016-10-07,USDJPY,635267.9
2016-10-09,USDJPY,32389.5
2016-10-10,USDJPY,450088.7
2016-10-11,USDJPY,615553.1
2016-10-12,USDJPY,526931.5
2016-10-13,USDJPY,554016.0
2016-10-14,USDJPY,607103.8
2016-10-16,USDJPY,21784.8
2016-10-17,USDJPY,534698.7
2016-10-18,USDJPY,495571.7
2016-10-19,USDJPY,456508.4
2016-10-20,USDJPY,495144.7
2016-10-21,USDJPY,440926.2
2016-10-23,USDJPY,21231.3
2016-10-24,USDJPY,256516.8
2016-10-25,USDJPY,142463.2
2016-10-26,USDJPY,140780.1
2016-10-27,USDJPY,144339.2
2016-10-28,USDJPY,159185.5
2016-10-30,USDJPY,8681.1
2016-10-31,USDJPY,134336.3
2016-11-01,USDJPY,187019.1
2016-11-02,USDJPY,212594.9
2016-11-03,USDJPY,202815.9
2016-11-04,USDJPY,179342.9
2016-11-06,USDJPY,16432.3
2016-11-07,USDJPY,160319.0
2016-11-08,USDJPY,168621.9
2016-11-09,USDJPY,469677.8
2016-11-10,USDJPY,327318.1
2016-11-11,USDJPY,250820.5
2016-11-13,USDJPY,9112.6
2016-11-14,USDJPY,265328.9
2016-11-15,USDJPY,241609.5
2016-11-16,USDJPY,223365.7
2016-11-17,USDJPY,241538.6
2016-11-18,USDJPY,226274.5
2016-11-20,USDJPY,11645.8
2016-11-21,USDJPY,234745.6
2016-11-22,USDJPY,203411.7
2016-11-23,USDJPY,211569.3
2016-11-24,USDJPY,182276.9
2016-11-25,USDJPY,229216.1
2016-11-27,USDJPY,8467.3
2016-11-28,USDJPY,251405.2
2016-11-29,USDJPY,218655.9
2016-11-30,USDJPY,265867.6
2016-12-01,USDJPY,242996.2
2016-12-02,USDJPY,203579.9
2016-12-04,USDJPY,18183.1
2016-12-05,USDJPY,233074.0
2016-12-06,USDJPY,180036.2
2016-12-07,USDJPY,161861.1
2016-12-08,USDJPY,218838.8
2016-12-09,USDJPY,175175.0
2016-12-11,USDJPY,8211.0
2016-12-12,USDJPY,209373.7
2016-12-13,USDJPY,195275.8
2016-12-14,USDJPY,220658.8
2016-12-15,USDJPY,306609.0
2016-12-16,USDJPY,212459.9
2016-12-18,USDJPY,11199.1
2016-12-19,USDJPY,195739.8
2016-12-20,USDJPY,196394.7
2016-12-21,USDJPY,166318.2
2016-12-22,USDJPY,157523.9
2016-12-23,USDJPY,96333.8
2016-12-25,USDJPY,6758.9
2016-12-26,USDJPY,101213.8
2016-12-27,USDJPY,108057.3
2016-12-28,USDJPY,131494.5
2016-12-29,USDJPY,164614.5
2016-12-30,USDJPY,183648.8
2017-01-01,USDJPY,504.1
2017-01-02,USDJPY,77485.3
2017-01-03,USDJPY,190994.7
2017-01-04,USDJPY,204020.0
2017-01-05,USDJPY,280988.6
2017-01-06,USDJPY,226943.5
2017-01-08,USDJPY,6347.9
2017-01-09,USDJPY,213167.9
2017-01-10,USDJPY,248993.7
2017-01-11,USDJPY,297728.6
2017-01-12,USDJPY,302609.8
2017-01-13,USDJPY,261902.5
2017-01-15,USDJPY,9500.3
2017-01-16,USDJPY,183731.1
2017-01-17,USDJPY,299196.1
2017-01-18,USDJPY,265544.8
2017-01-19,USDJPY,296496.2
2017-01-20,USDJPY,277086.9
2017-01-22,USDJPY,12407.7
2017-01-23,USDJPY,278455.4
2017-01-24,USDJPY,231820.3
2017-01-25,USDJPY,249614.6
2017-01-26,USDJPY,250416.3
2017-01-27,USDJPY,220977.0
2017-01-29,USDJPY,10548.8
2017-01-30,USDJPY,231328.6
2017-01-31,USDJPY,298573.6
2017-02-01,USDJPY,262262.4
2017-02-02,USDJPY,255952.2
2017-02-03,USDJPY,231025.0
2017-02-05,USDJPY,8214.4
2017-02-06,USDJPY,221947.1
2017-02-07,USDJPY,217325.5
2017-02-08,USDJPY,217052.0
2017-02-09,USDJPY,205934.2
2017-02-10,USDJPY,206111.9
2017-02-12,USDJPY,8206.6
2017-02-13,USDJPY,188676.5
2017-02-14,USDJPY,204688.8
2017-02-15,USDJPY,210171.2
2017-02-16,USDJPY,225154.5
2017-02-17,USDJPY,190824.3
2017-02-19,USDJPY,6191.2
2017-02-20,USDJPY,118947.3
2017-02-21,USDJPY,165310.1
2017-02-22,USDJPY,201010.2
2017-02-23,USDJPY,174869.1
2017-02-24,USDJPY,171519.2
2017-02-26,USDJPY,10143.1
2017-02-27,USDJPY,172581.9
2017-02-28,USDJPY,204373.6
2017-03-01,USDJPY,237709.4
2017-03-02,USDJPY,183750.7
2017-03-03,USDJPY,193959.9
2017-03-05,USDJPY,6423.7
2017-03-06,USDJPY,155565.6
2017-03-07,USDJPY,141982.4
2017-03-08,USDJPY,180592.7
2017-03-09,USDJPY,207097.9
2017-03-10,USDJPY,188451.6
2017-03-12,USDJPY,5833.5
2017-03-13,USDJPY,156021.2
2017-03-14,USDJPY,158396.0
2017-03-15,USDJPY,191828.4
2017-03-16,USDJPY,203625.9
2017-03-17,USDJPY,143000.8
2017-03-19,USDJPY,6335.8
2017-03-20,USDJPY,138096.8
2017-03-21,USDJPY,218729.2
2017-03-22,USDJPY,235372.8
2017-03-23,USDJPY,249994.0
2017-03-24,USDJPY,197129.1
2017-03-26,USDJPY,19005.5
2017-03-27,USDJPY,193045.5
2017-03-28,USDJPY,184670.6
2017-03-29,USDJPY,187320.8
2017-03-30,USDJPY,191702.1
2017-03-31,USDJPY,193655.5
2017-04-02,USDJPY,7985.2
2017-04-03,USDJPY,184163.9
2017-04-04,USDJPY,197172.9
2017-04-05,USDJPY,222185.8
2017-04-06,USDJPY,212438.3
2017-04-07,USDJPY,261310.3
2017-04-09,USDJPY,10554.0
2017-04-10,USDJPY,168669.5
2017-04-11,USDJPY,206772.8
2017-04-12,USDJPY,244868.8
2017-04-13,USDJPY,195974.1
2017-04-14,USDJPY,75960.7
2017-04-16,USDJPY,17681.9
2017-04-17,USDJPY,128555.0
2017-04-18,USDJPY,189117.3
2017-04-19,USDJPY,180904.3
2017-04-20,USDJPY,179997.7
2017-04-21,USDJPY,161393.6
2017-04-23,USDJPY,23902.2
2017-04-24,USDJPY,188468.6
2017-04-25,USDJPY,189280.5
2017-04-26,USDJPY,228061.3
2017-04-27,USDJPY,186219.5
2017-04-28,USDJPY,161169.7
2017-04-30,USDJPY,7555.9
2017-05-01,USDJPY,116251.3
2017-05-02,USDJPY,139851.3
2017-05-03,USDJPY,140233.3
2017-05-04,USDJPY,158002.4
2017-05-05,USDJPY,160960.5
2017-05-07,USDJPY,14650.9
2017-05-08,USDJPY,162245.5
2017-05-09,USDJPY,165765.0
2017-05-10,USDJPY,167254.8
2017-05-11,USDJPY,159042.5
2017-05-12,USDJPY,146192.1
2017-05-14,USDJPY,9330.9
2017-05-15,USDJPY,136748.3
2017-05-16,USDJPY,162779.0
2017-05-17,USDJPY,230553.8
2017-05-18,USDJPY,262134.6
2017-05-19,USDJPY,186247.5
2017-05-21,USDJPY,9009.7
2017-05-22,USDJPY,164234.0
2017-05-23,USDJPY,194197.7
2017-05-24,USDJPY,183151.0
2017-05-25,USDJPY,165094.5
2017-05-26,USDJPY,141071.7
2017-05-28,USDJPY,8502.6
2017-05-29,USDJPY,91686.9
2017-05-30,USDJPY,144809.2
2017-05-31,USDJPY,158560.2
2017-06-01,USDJPY,145656.1
2017-06-02,USDJPY,137162.5
2017-06-04,USDJPY,8186.2
2017-06-05,USDJPY,106870.4
2017-06-06,USDJPY,158022.3
2017-06-07,USDJPY,151123.0
2017-06-08,USDJPY,164448.8
2017-06-09,USDJPY,152926.7
2017-06-11,USDJPY,5121.6
2017-06-12,USDJPY,149654.2
2017-06-13,USDJPY,120192.3
2017-06-14,USDJPY,187307.8
2017-06-15,USDJPY,177874.7
2017-06-16,USDJPY,148318.8
2017-06-18,USDJPY,7426.2
2017-06-19,USDJPY,144884.9
2017-06-20,USDJPY,153519.2
2017-06-21,USDJPY,180093.5
2017-06-22,USDJPY,166823.6
2017-06-23,USDJPY,124751.9
2017-06-25,USDJPY,5424.5
2017-06-26,USDJPY,138648.0
2017-06-27,USDJPY,174482.6
2017-06-28,USDJPY,198298.6
2017-06-29,USDJPY,206549.0
2017-06-30,USDJPY,167763.2
2017-07-02,USDJPY,7747.6
2017-07-03,USDJPY,146699.0
2017-07-04,USDJPY,131161.9
2017-07-05,USDJPY,160265.0
2017-07-06,USDJPY,160897.9
2017-07-07,USDJPY,149472.5
2017-07-09,USDJPY,8076.5
2017-07-10,USDJPY,121525.2
2017-07-11,USDJPY,335283.1
2017-07-12,USDJPY,1516.0
2017-07-13,USDJPY,168183.9
2017-07-14,USDJPY,161593.7
2017-07-16,USDJPY,10019.2
2017-07-17,USDJPY,167054.2
2017-07-18,USDJPY,188373.5
2017-07-19,USDJPY,195354.6
2017-07-20,USDJPY,199402.9
2017-07-21,USDJPY,152840.2
2017-07-23,USDJPY,9307.0
2017-07-24,USDJPY,155935.6
2017-07-25,USDJPY,181514.5
2017-07-26,USDJPY,199177.2
2017-07-27,USDJPY,243540.3
2017-07-28,USDJPY,178799.0
2017-07-30,USDJPY,10841.6
2017-07-31,USDJPY,175783.1
2017-08-01,USDJPY,198763.0
2017-08-02,USDJPY,202682.4
2017-08-03,USDJPY,180219.8
2017-08-04,USDJPY,155516.2
2017-08-06,USDJPY,15134.5
2017-08-07,USDJPY,135726.9
2017-08-08,USDJPY,137667.7
2017-08-09,USDJPY,405835.0
2017-08-10,USDJPY,181312.0
2017-08-11,USDJPY,170298.1
2017-08-13,USDJPY,10763.0
2017-08-14,USDJPY,163089.1
2017-08-15,USDJPY,168007.1
2017-08-16,USDJPY,165032.0
2017-08-17,USDJPY,206105.7
2017-08-18,USDJPY,195937.9
2017-08-20,USDJPY,8535.6
2017-08-21,USDJPY,159065.7
2017-08-22,USDJPY,139909.3
2017-08-23,USDJPY,168502.1
2017-08-24,USDJPY,163163.3
2017-08-25,USDJPY,168168.0
2017-08-27,USDJPY,9258.5
2017-08-28,USDJPY,145202.7
2017-08-29,USDJPY,235210.8
2017-08-30,USDJPY,192464.5
2017-08-31,USDJPY,185880.8
2017-09-01,USDJPY,167451.4
2017-09-03,USDJPY,11336.1
2017-09-04,USDJPY,112739.5
2017-09-05,USDJPY,175392.6
2017-09-06,USDJPY,170312.2
2017-09-07,USDJPY,187062.1
2017-09-08,USDJPY,186289.8
2017-09-10,USDJPY,13000.3
2017-09-11,USDJPY,157683.2
2017-09-12,USDJPY,166476.9
2017-09-13,USDJPY,155657.4
2017-09-14,USDJPY,176019.5
2017-09-15,USDJPY,174296.5
2017-09-17,USDJPY,7147.4
2017-09-18,USDJPY,152310.0
2017-09-19,USDJPY,176256.0
2017-09-20,USDJPY,224231.1
2017-09-21,USDJPY,290757.3
2017-09-22,USDJPY,187224.2
2017-09-24,USDJPY,19192.3
2017-09-25,USDJPY,183732.4
2017-09-26,USDJPY,172260.6
2017-09-27,USDJPY,200116.6
2017-09-28,USDJPY,194102.8
2017-09-29,USDJPY,189920.5
2017-10-01,USDJPY,6838.6
2017-10-02,USDJPY,159766.0
2017-10-03,USDJPY,162170.8
2017-10-04,USDJPY,170665.2
2017-10-05,USDJPY,155717.4
2017-10-06,USDJPY,167688.8
2017-10-08,USDJPY,8336.2
2017-10-09,USDJPY,110259.3
2017-10-10,USDJPY,153998.4
2017-10-11,USDJPY,155772.3
2017-10-12,USDJPY,164214.7
2017-10-13,USDJPY,150071.5
2017-10-15,USDJPY,6526.2
2017-10-16,USDJPY,142795.4
2017-10-17,USDJPY,144222.6
2017-10-18,USDJPY,151108.5
2017-10-19,USDJPY,169274.0
2017-10-20,USDJPY,163114.0
2017-10-22,USDJPY,12962.2
2017-10-23,USDJPY,155951.8
2017-10-24,USDJPY,163903.4
2017-10-25,USDJPY,193039.7
2017-10-26,USDJPY,165316.2
2017-10-27,USDJPY,160416.1
2017-10-29,USDJPY,8225.6
2017-10-30,USDJPY,138121.5
2017-10-31,USDJPY,146132.7
2017-11-01,USDJPY,164654.8
2017-11-02,USDJPY,173209.9
2017-11-03,USDJPY,118685.6
2017-11-05,USDJPY,10428.2
2017-11-06,USDJPY,149468.0
2017-11-07,USDJPY,149359.2
2017-11-08,USDJPY,131611.3
2017-11-09,USDJPY,187683.9
2017-11-10,USDJPY,138197.9
2017-11-12,USDJPY,10134.2
2017-11-13,USDJPY,118410.9
2017-11-14,USDJPY,135373.7
2017-11-15,USDJPY,183899.4
2017-11-16,USDJPY,143477.8
2017-11-17,USDJPY,153560.4
2017-11-19,USDJPY,14805.8
2017-11-20,USDJPY,152866.7
2017-11-21,USDJPY,148631.5
2017-11-22,USDJPY,152380.6
2017-11-23,USDJPY,104292.4
2017-11-24,USDJPY,121621.7
2017-11-26,USDJPY,8272.6
2017-11-27,USDJPY,154652.9
2017-11-28,USDJPY,191781.6
2017-11-29,USDJPY,180694.0
2017-11-30,USDJPY,177453.3
2017-12-01,USDJPY,224798.2
2017-12-03,USDJPY,17910.0
2017-12-04,USDJPY,201187.9
2017-12-05,USDJPY,175706.9
2017-12-06,USDJPY,191706.7
2017-12-07,USDJPY,167693.9
2017-12-08,USDJPY,131975.6
2017-12-10,USDJPY,14371.6
2017-12-11,USDJPY,121873.9
2017-12-12,USDJPY,117845.7
2017-12-13,USDJPY,156120.7
2017-12-14,USDJPY,153027.1
2017-12-15,USDJPY,142584.0
2017-12-17,USDJPY,14269.6
2017-12-18,USDJPY,143063.4
2017-12-19,USDJPY,122046.8
2017-12-20,USDJPY,132680.6
2017-12-21,USDJPY,118152.0
2017-12-22,USDJPY,104367.9
2017-12-24,USDJPY,206.9
2017-12-25,USDJPY,7993.0
2017-12-26,USDJPY,79796.5
2017-12-27,USDJPY,124905.3
2017-12-28,USDJPY,109334.0
2017-12-29,USDJPY,103977.5
2018-01-01,USDJPY,11495.5
2018-01-02,USDJPY,111794.8
2018-01-03,USDJPY,105259.2
2018-01-04,USDJPY,119401.8
2018-01-05,USDJPY,117241.6
2018-01-07,USDJPY,8579.9
2018-01-08,USDJPY,98520.3
2018-01-09,USDJPY,127799.5
2018-01-10,USDJPY,159636.8
2018-01-11,USDJPY,151845.4
2018-01-12,USDJPY,157907.1
2018-01-14,USDJPY,8787.0
2018-01-15,USDJPY,142062.3
2018-01-16,USDJPY,161100.5
2018-01-17,USDJPY,179935.4
2018-01-18,USDJPY,160758.0
2018-01-19,USDJPY,157859.6
2018-01-21,USDJPY,11972.7
2018-01-22,USDJPY,139305.8
2018-01-23,USDJPY,170996.7
2018-01-24,USDJPY,195810.4
2018-01-25,USDJPY,249468.1
2018-01-26,USDJPY,227393.1
2018-01-28,USDJPY,16200.3
2018-01-29,USDJPY,188017.6
2018-01-30,USDJPY,220570.8
2018-01-31,USDJPY,212958.7
2018-02-01,USDJPY,199249.7
2018-02-02,USDJPY,223364.5
2018-02-04,USDJPY,32787.0
2018-02-05,USDJPY,239134.6
2018-02-06,USDJPY,355209.4
2018-02-07,USDJPY,249920.9
2018-02-08,USDJPY,289175.3
2018-02-09,USDJPY,311321.8
2018-02-11,USDJPY,8995.3
2018-02-12,USDJPY,193988.5
2018-02-13,USDJPY,216881.7
2018-02-14,USDJPY,253728.0
2018-02-15,USDJPY,231387.5
2018-02-16,USDJPY,207664.1
2018-02-18,USDJPY,11970.9
2018-02-19,USDJPY,132436.0
2018-02-20,USDJPY,170819.9
2018-02-21,USDJPY,199711.7
2018-02-22,USDJPY,250904.6
2018-02-23,USDJPY,142473.9
2018-02-25,USDJPY,12607.3
2018-02-26,USDJPY,165513.8
2018-02-27,USDJPY,174466.7
2018-02-28,USDJPY,165371.0
2018-03-01,USDJPY,221053.4
2018-03-02,USDJPY,200340.8
2018-03-04,USDJPY,13135.5
2018-03-05,USDJPY,190646.1
2018-03-06,USDJPY,197302.6
2018-03-07,USDJPY,203152.3
2018-03-08,USDJPY,169905.9
2018-03-09,USDJPY,193522.4
2018-03-11,USDJPY,6728.5
2018-03-12,USDJPY,178938.5
2018-03-13,USDJPY,185093.8
2018-03-14,USDJPY,167345.4
2018-03-15,USDJPY,163122.7
2018-03-16,USDJPY,131744.7
2018-03-18,USDJPY,7242.9
2018-03-19,USDJPY,175328.0
2018-03-20,USDJPY,164483.4
2018-03-21,USDJPY,154185.8
2018-03-22,USDJPY,253153.7
2018-03-23,USDJPY,227880.9
2018-03-25,USDJPY,7782.5
2018-03-26,USDJPY,190135.7
2018-03-27,USDJPY,223590.3
2018-03-28,USDJPY,230821.0
2018-03-29,USDJPY,178041.6
2018-03-30,USDJPY,95609.2
2018-04-01,USDJPY,8196.7
2018-04-02,USDJPY,137907.3
2018-04-03,USDJPY,183263.8
2018-04-04,USDJPY,196936.7
2018-04-05,USDJPY,240063.5
2018-04-06,USDJPY,190162.3
2018-04-08,USDJPY,10187.1
2018-04-09,USDJPY,189435.0
2018-04-10,USDJPY,183644.4
2018-04-11,USDJPY,154426.3
2018-04-12,USDJPY,143646.3
2018-04-13,USDJPY,121368.8
2018-04-15,USDJPY,5789.7
2018-04-16,USDJPY,114618.4
2018-04-17,USDJPY,115086.7
2018-04-18,USDJPY,112974.4
2018-04-19,USDJPY,126837.1
2018-04-20,USDJPY,117911.7
2018-04-22,USDJPY,10758.0
2018-04-23,USDJPY,117144.2
2018-04-24,USDJPY,147441.0
2018-04-25,USDJPY,151760.3
2018-04-26,USDJPY,138564.7
2018-04-27,USDJPY,122525.7
2018-04-29,USDJPY,4652.5
2018-04-30,USDJPY,94475.3
2018-05-01,USDJPY,101128.8
2018-05-02,USDJPY,121502.9
2018-05-03,USDJPY,125151.8
2018-05-04,USDJPY,119083.0
2018-05-06,USDJPY,3452.4
2018-05-07,USDJPY,87441.9
2018-05-08,USDJPY,115344.3
2018-05-09,USDJPY,132547.5
2018-05-10,USDJPY,153317.2
2018-05-11,USDJPY,101588.5
2018-05-13,USDJPY,8309.7
2018-05-14,USDJPY,100674.4
2018-05-15,USDJPY,148858.1
2018-05-16,USDJPY,138895.0
2018-05-17,USDJPY,136170.5
2018-05-18,USDJPY,119833.2
2018-05-20,USDJPY,5575.0
2018-05-21,USDJPY,115028.2
2018-05-22,USDJPY,120395.1
2018-05-23,USDJPY,188249.5
2018-05-24,USDJPY,167978.7
2018-05-25,USDJPY,139360.5
2018-05-27,USDJPY,7600.3
2018-05-28,USDJPY,119228.8
2018-05-29,USDJPY,239084.8
2018-05-30,USDJPY,193469.9
2018-05-31,USDJPY,176824.9
2018-06-01,USDJPY,142923.9
2018-06-03,USDJPY,3505.3
2018-06-04,USDJPY,126456.2
2018-06-05,USDJPY,159349.4
2018-06-06,USDJPY,136009.5
2018-06-07,USDJPY,158027.8
2018-06-08,USDJPY,146595.8
2018-06-10,USDJPY,6341.4
2018-06-11,USDJPY,122120.3
2018-06-12,USDJPY,144801.2
2018-06-13,USDJPY,116522.9
2018-06-14,USDJPY,131009.6
2018-06-15,USDJPY,128541.5
2018-06-17,USDJPY,7340.8
2018-06-18,USDJPY,109855.9
2018-06-19,USDJPY,169822.8
2018-06-20,USDJPY,131563.8
2018-06-21,USDJPY,171070.5
2018-06-22,USDJPY,122366.1
2018-06-24,USDJPY,8040.8
2018-06-25,USDJPY,160016.8
2018-06-26,USDJPY,168018.5
2018-06-27,USDJPY,245147.5
2018-06-28,USDJPY,171513.4
2018-06-29,USDJPY,162582.1
2018-07-01,USDJPY,14850.8
2018-07-02,USDJPY,153404.6
2018-07-03,USDJPY,161903.1
2018-07-04,USDJPY,136137.5
2018-07-05,USDJPY,160495.9
2018-07-06,USDJPY,127507.1
2018-07-08,USDJPY,7073.0
2018-07-09,USDJPY,133993.4
2018-07-10,USDJPY,143201.8
2018-07-11,USDJPY,187751.5
2018-07-12,USDJPY,154107.5
2018-07-13,USDJPY,121816.1
2018-07-15,USDJPY,9574.2
2018-07-16,USDJPY,124785.6
2018-07-17,USDJPY,171755.1
2018-07-18,USDJPY,153051.4
2018-07-19,USDJPY,166867.4
2018-07-20,USDJPY,188643.8
2018-07-22,USDJPY,13134.6
2018-07-23,USDJPY,173777.2
2018-07-24,USDJPY,158219.2
2018-07-25,USDJPY,185017.7
2018-07-26,USDJPY,143987.3
2018-07-27,USDJPY,129207.4
2018-07-29,USDJPY,8074.6
2018-07-30,USDJPY,123628.2
2018-07-31,USDJPY,175176.3
2018-08-01,USDJPY,152689.3
2018-08-02,USDJPY,148377.8
2018-08-03,USDJPY,123013.4
2018-08-05,USDJPY,5590.7
2018-08-06,USDJPY,127584.9
2018-08-07,USDJPY,113303.2
2018-08-08,USDJPY,130476.0
2018-08-09,USDJPY,131083.1
2018-08-10,USDJPY,171751.5
2018-08-12,USDJPY,9470.2
2018-08-13,USDJPY,170481.4
2018-08-14,USDJPY,151850.0
2018-08-15,USDJPY,167872.6
2018-08-16,USDJPY,148002.6
2018-08-17,USDJPY,115302.8
2018-08-19,USDJPY,5507.7
2018-08-20,USDJPY,105028.2
2018-08-21,USDJPY,116543.6
2018-08-22,USDJPY,118950.4
2018-08-23,USDJPY,128683.4
2018-08-24,USDJPY,100647.9
2018-08-26,USDJPY,5359.0
2018-08-27,USDJPY,112116.6
2018-08-28,USDJPY,113501.2
2018-08-29,USDJPY,117372.7
2018-08-30,USDJPY,131014.2
2018-08-31,USDJPY,118290.9
2018-09-02,USDJPY,8194.2
2018-09-03,USDJPY,92282.5
2018-09-04,USDJPY,127182.6
2018-09-05,USDJPY,121957.1
2018-09-06,USDJPY,136519.5
2018-09-07,USDJPY,138643.1
2018-09-09,USDJPY,4856.9
2018-09-10,USDJPY,101663.3
2018-09-11,USDJPY,104064.6
2018-09-12,USDJPY,120308.9
2018-09-13,USDJPY,117173.4
2018-09-14,USDJPY,102500.1
2018-09-16,USDJPY,4310.5
2018-09-17,USDJPY,88536.2
2018-09-18,USDJPY,133658.0
2018-09-19,USDJPY,119644.4
2018-09-20,USDJPY,118631.4
2018-09-21,USDJPY,100800.0
2018-09-23,USDJPY,2522.8
2018-09-24,USDJPY,87213.5
2018-09-25,USDJPY,93882.9
2018-09-26,USDJPY,111504.8
2018-09-27,USDJPY,105638.9
2018-09-28,USDJPY,102612.1
2018-09-30,USDJPY,4973.4
2018-10-01,USDJPY,104926.3
2018-10-02,USDJPY,124126.2
2018-10-03,USDJPY,122751.7
2018-10-04,USDJPY,151865.4
2018-10-05,USDJPY,131268.1
2018-10-07,USDJPY,4801.6
2018-10-08,USDJPY,110641.3
2018-10-09,USDJPY,164783.0
2018-10-10,USDJPY,186501.4
2018-10-11,USDJPY,252147.2
2018-10-12,USDJPY,173221.3
2018-10-14,USDJPY,6707.5
2018-10-15,USDJPY,180247.0
2018-10-16,USDJPY,143847.8
2018-10-17,USDJPY,157425.8
2018-10-18,USDJPY,164429.5
2018-10-19,USDJPY,163839.1
2018-10-21,USDJPY,5403.0
2018-10-22,USDJPY,162951.6
2018-10-23,USDJPY,192862.2
2018-10-24,USDJPY,206853.5
2018-10-25,USDJPY,185109.8
2018-10-26,USDJPY,222384.2
2018-10-28,USDJPY,8430.4
2018-10-29,USDJPY,190460.8
2018-10-30,USDJPY,188744.7
2018-10-31,USDJPY,148041.4
2018-11-01,USDJPY,138226.5
2018-11-02,USDJPY,151254.9
2018-11-04,USDJPY,10756.5
2018-11-05,USDJPY,113754.1
2018-11-06,USDJPY,116847.2
2018-11-07,USDJPY,173282.9
2018-11-08,USDJPY,130067.4
2018-11-09,USDJPY,130374.3
2018-11-11,USDJPY,15926.0
2018-11-12,USDJPY,135469.5
2018-11-13,USDJPY,169102.1
2018-11-14,USDJPY,176706.6
2018-11-15,USDJPY,190047.8
2018-11-16,USDJPY,141080.4
2018-11-18,USDJPY,14353.8
2018-11-19,USDJPY,132501.5
2018-11-20,USDJPY,156355.7
2018-11-21,USDJPY,128085.0
2018-11-22,USDJPY,95829.4
2018-11-23,USDJPY,100578.3
2018-11-25,USDJPY,15035.7
2018-11-26,USDJPY,115325.8
2018-11-27,USDJPY,115409.0
2018-11-28,USDJPY,121364.1
2018-11-29,USDJPY,117562.2
2018-11-30,USDJPY,109002.5
2018-12-02,USDJPY,12962.4
2018-12-03,USDJPY,116891.9
2018-12-04,USDJPY,158589.8
2018-12-05,USDJPY,94240.6
2018-12-06,USDJPY,202425.1
2018-12-07,USDJPY,161750.7
2018-12-09,USDJPY,8223.8
2018-12-10,USDJPY,176864.4
2018-12-11,USDJPY,162767.6
2018-12-12,USDJPY,151227.5
2018-12-13,USDJPY,141551.9
2018-12-14,USDJPY,131318.1
2018-12-16,USDJPY,9905.3
2018-12-17,USDJPY,137238.3
2018-12-18,USDJPY,153328.6
2018-12-19,USDJPY,216271.5
2018-12-20,USDJPY,376125.3
2018-12-21,USDJPY,279180.2
2018-12-23,USDJPY,16775.9
2018-12-24,USDJPY,299289.6
2018-12-25,USDJPY,22642.2
2018-12-26,USDJPY,194321.2
2018-12-27,USDJPY,348402.2
2018-12-28,USDJPY,264501.6
2018-12-30,USDJPY,9547.0
2018-12-31,USDJPY,152645.2
2019-01-01,USDJPY,13625.0
2019-01-02,USDJPY,273287.8
2019-01-03,USDJPY,325336.5
2019-01-04,USDJPY,286367.2
2019-01-06,USDJPY,10218.9
2019-01-07,USDJPY,218632.7
2019-01-08,USDJPY,219059.3
2019-01-09,USDJPY,222133.6
2019-01-10,USDJPY,237042.5
2019-01-11,USDJPY,172754.3
2019-01-13,USDJPY,6325.8
2019-01-14,USDJPY,150474.7
2019-01-15,USDJPY,218462.7
2019-01-16,USDJPY,179536.1
2019-01-17,USDJPY,208276.7
2019-01-18,USDJPY,193050.4
2019-01-20,USDJPY,16236.5
2019-01-21,USDJPY,117444.9
2019-01-22,USDJPY,180084.2
2019-01-23,USDJPY,190272.6
2019-01-24,USDJPY,188156.5
2019-01-25,USDJPY,179537.8
2019-01-27,USDJPY,9348.4
2019-01-28,USDJPY,177059.8
2019-01-29,USDJPY,173819.6
2019-01-30,USDJPY,188069.4
2019-01-31,USDJPY,178800.6
2019-02-01,USDJPY,149957.1
2019-02-03,USDJPY,15684.7
2019-02-04,USDJPY,148842.5
2019-02-05,USDJPY,127153.7
2019-02-06,USDJPY,144129.4
2019-02-07,USDJPY,188795.1
2019-02-08,USDJPY,141488.8
2019-02-10,USDJPY,9413.8
2019-02-11,USDJPY,141604.2
2019-02-12,USDJPY,141110.0
2019-02-13,USDJPY,126167.2
2019-02-14,USDJPY,175836.4
2019-02-15,USDJPY,153335.0
2019-02-17,USDJPY,14856.0
2019-02-18,USDJPY,143662.2
2019-02-19,USDJPY,152079.9
2019-02-20,USDJPY,168845.7
2019-02-21,USDJPY,171053.0
2019-02-22,USDJPY,146180.5
2019-02-24,USDJPY,14096.0
2019-02-25,USDJPY,163456.3
2019-02-26,USDJPY,179035.2
2019-02-27,USDJPY,174838.1
2019-02-28,USDJPY,176865.0
2019-03-01,USDJPY,172240.0
2019-03-03,USDJPY,19638.2
2019-03-04,USDJPY,157249.5
2019-03-05,USDJPY,148903.7
2019-03-06,USDJPY,141692.7
2019-03-07,USDJPY,169635.0
2019-03-08,USDJPY,211101.4
2019-03-10,USDJPY,678.3
2019-03-11,USDJPY,155168.8
2019-03-12,USDJPY,158092.2
2019-03-13,USDJPY,145822.0
2019-03-14,USDJPY,192922.4
2019-03-15,USDJPY,157532.6
2019-03-17,USDJPY,5137.7
2019-03-18,USDJPY,136630.2
2019-03-19,USDJPY,131532.6
2019-03-20,USDJPY,200438.7
2019-03-21,USDJPY,180848.5
2019-03-22,USDJPY,231125.8
2019-03-24,USDJPY,7501.8
2019-03-25,USDJPY,241762.7
2019-03-26,USDJPY,215399.3
2019-03-27,USDJPY,260211.9
2019-03-28,USDJPY,236859.1
2019-03-29,USDJPY,188675.0
2019-03-31,USDJPY,10968.4
2019-04-01,USDJPY,165298.7
2019-04-02,USDJPY,129031.8
2019-04-03,USDJPY,147190.4
2019-04-04,USDJPY,133595.1
2019-04-05,USDJPY,117330.4
2019-04-07,USDJPY,7279.0
2019-04-08,USDJPY,121223.1
2019-04-09,USDJPY,133221.5
2019-04-10,USDJPY,129743.4
2019-04-11,USDJPY,133802.9
2019-04-12,USDJPY,124225.7
2019-04-14,USDJPY,8820.3
2019-04-15,USDJPY,106738.1
2019-04-16,USDJPY,147088.2
2019-04-17,USDJPY,112317.8
2019-04-18,USDJPY,139879.8
2019-04-19,USDJPY,101262.4
2019-04-21,USDJPY,7014.7
2019-04-22,USDJPY,77453.2
2019-04-23,USDJPY,110467.4
2019-04-24,USDJPY,120023.4
2019-04-25,USDJPY,133719.2
2019-04-26,USDJPY,127439.8
2019-04-28,USDJPY,2509.4
2019-04-29,USDJPY,80640.1
2019-04-30,USDJPY,112866.7
2019-05-01,USDJPY,96806.2
2019-05-02,USDJPY,125625.2
2019-05-03,USDJPY,104718.2
2019-05-05,USDJPY,17788.5
2019-05-06,USDJPY,126972.3
2019-05-07,USDJPY,166057.4
2019-05-08,USDJPY,187539.6
2019-05-09,USDJPY,206240.0
2019-05-10,USDJPY,220165.5
2019-05-12,USDJPY,12412.1
2019-05-13,USDJPY,205916.7
2019-05-14,USDJPY,154274.6
2019-05-15,USDJPY,184225.8
2019-05-16,USDJPY,154545.4
2019-05-17,USDJPY,198533.1
2019-05-19,USDJPY,7255.0
2019-05-20,USDJPY,187279.8
2019-05-21,USDJPY,160168.5
2019-05-22,USDJPY,150148.7
2019-05-23,USDJPY,212572.2
2019-05-24,USDJPY,156228.6
2019-05-26,USDJPY,6268.3
2019-05-27,USDJPY,102997.9
2019-05-28,USDJPY,172250.0
2019-05-29,USDJPY,202492.2
2019-05-30,USDJPY,175171.2
2019-05-31,USDJPY,236831.7
2019-06-02,USDJPY,12190.2
2019-06-03,USDJPY,225169.5
2019-06-04,USDJPY,206440.4
2019-06-05,USDJPY,223464.6
2019-06-06,USDJPY,192584.6
2019-06-07,USDJPY,176298.8
2019-06-09,USDJPY,9873.0
2019-06-10,USDJPY,165287.2
2019-06-11,USDJPY,164783.5
2019-06-12,USDJPY,174141.6
2019-06-13,USDJPY,173311.7
2019-06-14,USDJPY,154234.3
2019-06-16,USDJPY,8836.2
2019-06-17,USDJPY,120433.1
2019-06-18,USDJPY,197356.1
2019-06-19,USDJPY,182671.9
2019-06-20,USDJPY,243872.6
2019-06-21,USDJPY,210101.8
2019-06-23,USDJPY,7404.4
2019-06-24,USDJPY,163247.7
2019-06-25,USDJPY,233246.7
2019-06-26,USDJPY,176632.2
2019-06-27,USDJPY,176220.4
2019-06-28,USDJPY,155271.0
2019-06-30,USDJPY,14178.4
2019-07-01,USDJPY,152319.0
2019-07-02,USDJPY,120342.6
2019-07-03,USDJPY,139240.8
2019-07-04,USDJPY,68827.2
2019-07-05,USDJPY,125532.8
2019-07-07,USDJPY,7041.7
2019-07-08,USDJPY,110379.1
2019-07-09,USDJPY,122716.5
2019-07-10,USDJPY,159143.2
2019-07-11,USDJPY,140917.1
2019-07-12,USDJPY,125778.8
2019-07-14,USDJPY,9912.4
2019-07-15,USDJPY,116406.8
2019-07-16,USDJPY,142086.5
2019-07-17,USDJPY,114901.0
2019-07-18,USDJPY,168982.2
2019-07-19,USDJPY,142884.4
2019-07-21,USDJPY,9366.2
2019-07-22,USDJPY,135736.3
2019-07-23,USDJPY,117442.5
2019-07-24,USDJPY,112110.0
2019-07-25,USDJPY,144849.5
2019-07-26,USDJPY,111193.3
2019-07-28,USDJPY,4456.9
2019-07-29,USDJPY,107824.5
2019-07-30,USDJPY,170524.8
2019-07-31,USDJPY,209961.9
2019-08-01,USDJPY,307523.7
2019-08-02,USDJPY,380248.7
2019-08-04,USDJPY,16065.3
2019-08-05,USDJPY,392311.4
2019-08-06,USDJPY,357691.9
2019-08-07,USDJPY,372478.2
2019-08-08,USDJPY,261748.7
2019-08-09,USDJPY,190241.2
2019-08-11,USDJPY,11797.4
2019-08-12,USDJPY,228804.7
2019-08-13,USDJPY,318184.8
2019-08-14,USDJPY,315690.3
2019-08-15,USDJPY,363534.2
2019-08-16,USDJPY,216605.2
2019-08-18,USDJPY,7510.1
2019-08-19,USDJPY,211218.0
2019-08-20,USDJPY,201222.2
2019-08-21,USDJPY,149386.9
2019-08-22,USDJPY,185081.3
2019-08-23,USDJPY,240623.8
2019-08-25,USDJPY,31070.1
2019-08-26,USDJPY,347192.1
2019-08-27,USDJPY,225362.9
2019-08-28,USDJPY,214006.5
2019-08-29,USDJPY,211077.3
2019-08-30,USDJPY,190104.8
2019-09-01,USDJPY,11148.8
2019-09-02,USDJPY,126938.1
2019-09-03,USDJPY,207791.5
2019-09-04,USDJPY,180930.9
2019-09-05,USDJPY,206903.8
2019-09-06,USDJPY,190223.2
2019-09-08,USDJPY,11475.8
2019-09-09,USDJPY,155393.1
2019-09-10,USDJPY,192174.8
2019-09-11,USDJPY,170206.9
2019-09-12,USDJPY,250213.8
2019-09-13,USDJPY,170050.2
2019-09-15,USDJPY,21960.8
2019-09-16,USDJPY,186308.7
2019-09-17,USDJPY,167874.9
2019-09-18,USDJPY,150682.0
2019-09-19,USDJPY,210013.9
2019-09-20,USDJPY,168803.4
2019-09-22,USDJPY,10594.0
2019-09-23,USDJPY,166966.0
2019-09-24,USDJPY,211933.0
2019-09-25,USDJPY,257757.0
2019-09-26,USDJPY,209169.7
2019-09-27,USDJPY,207353.8
2019-09-29,USDJPY,9460.2
2019-09-30,USDJPY,179398.8
2019-10-01,USDJPY,216562.1
2019-10-02,USDJPY,264209.2
2019-10-03,USDJPY,231435.7
2019-10-04,USDJPY,162582.4
2019-10-06,USDJPY,13422.3
2019-10-07,USDJPY,148835.6
2019-10-08,USDJPY,211793.7
2019-10-09,USDJPY,180611.7
2019-10-10,USDJPY,238510.3
2019-10-11,USDJPY,198704.4
2019-10-13,USDJPY,9158.6
2019-10-14,USDJPY,119737.2
2019-10-15,USDJPY,159917.0
2019-10-16,USDJPY,172444.1
2019-10-17,USDJPY,167086.0
2019-10-18,USDJPY,138273.6
2019-10-20,USDJPY,17946.4
2019-10-21,USDJPY,134219.4
2019-10-22,USDJPY,133273.3
2019-10-23,USDJPY,146735.4
2019-10-24,USDJPY,140103.8
2019-10-25,USDJPY,110613.3
2019-10-27,USDJPY,5837.0
2019-10-28,USDJPY,114533.2
2019-10-29,USDJPY,112787.0
2019-10-30,USDJPY,132625.9
2019-10-31,USDJPY,174841.5
2019-11-01,USDJPY,115215.0
2019-11-03,USDJPY,13152.0
2019-11-04,USDJPY,95594.1
2019-11-05,USDJPY,119876.4
2019-11-06,USDJPY,120675.3
2019-11-07,USDJPY,159439.0
2019-11-08,USDJPY,126155.0
2019-11-10,USDJPY,4822.0
2019-11-11,USDJPY,77829.2
2019-11-12,USDJPY,118914.6
2019-11-13,USDJPY,128122.6
2019-11-14,USDJPY,133905.2
2019-11-15,USDJPY,92478.1
2019-11-17,USDJPY,5143.7
2019-11-18,USDJPY,112606.5
2019-11-19,USDJPY,109288.2
2019-11-20,USDJPY,151717.0
2019-11-21,USDJPY,153134.0
2019-11-22,USDJPY,104806.3
2019-11-24,USDJPY,8505.7
2019-11-25,USDJPY,84904.6
2019-11-26,USDJPY,105237.5
2019-11-27,USDJPY,92521.6
2019-11-28,USDJPY,66421.4
2019-11-29,USDJPY,91148.7
2019-12-01,USDJPY,7302.9
2019-12-02,USDJPY,122977.3
2019-12-03,USDJPY,153822.2
2019-12-04,USDJPY,138071.4
2019-12-05,USDJPY,115333.6
2019-12-06,USDJPY,99036.9
2019-12-08,USDJPY,3999.2
2019-12-09,USDJPY,68545.1
2019-12-10,USDJPY,94808.2
2019-12-11,USDJPY,83050.0
2019-12-12,USDJPY,143226.0
2019-12-13,USDJPY,156720.4
2019-12-15,USDJPY,8527.0
2019-12-16,USDJPY,84973.7
2019-12-17,USDJPY,79765.1
2019-12-18,USDJPY,77821.6
2019-12-19,USDJPY,84514.6
2019-12-20,USDJPY,66155.1
2019-12-22,USDJPY,7668.1
2019-12-23,USDJPY,72071.1
2019-12-24,USDJPY,54833.3
2019-12-25,USDJPY,13325.7
2019-12-26,USDJPY,102753.0
2019-12-27,USDJPY,71858.8
2019-12-29,USDJPY,3380.8
2019-12-30,USDJPY,90959.0
2019-12-31,USDJPY,66015.5
2020-01-01,USDJPY,4454.8
2020-01-02,USDJPY,214741.2
2020-01-03,USDJPY,180245.6
2020-01-05,USDJPY,14019.0
2020-01-06,USDJPY,131314.1
2020-01-07,USDJPY,143561.3
2020-01-08,USDJPY,230555.3
2020-01-09,USDJPY,125102.4
2020-01-10,USDJPY,85184.5
2020-01-12,USDJPY,10608.1
2020-01-13,USDJPY,77147.4
2020-01-14,USDJPY,113492.8
2020-01-15,USDJPY,96246.3
2020-01-16,USDJPY,82183.1
2020-01-17,USDJPY,84080.2
2020-01-19,USDJPY,9928.2
2020-01-20,USDJPY,49295.7
2020-01-21,USDJPY,105116.5
2020-01-22,USDJPY,93487.8
2020-01-23,USDJPY,125183.4
2020-01-24,USDJPY,101719.9
2020-01-26,USDJPY,20159.3
2020-01-27,USDJPY,157463.9
2020-01-28,USDJPY,137194.8
2020-01-29,USDJPY,121861.5
2020-01-30,USDJPY,184813.9
2020-01-31,USDJPY,172525.2
2020-02-02,USDJPY,10400.1
2020-02-03,USDJPY,169183.4
2020-02-04,USDJPY,119075.8
2020-02-05,USDJPY,144629.8
2020-02-06,USDJPY,108432.5
2020-02-07,USDJPY,124315.1
2020-02-09,USDJPY,11237.9
2020-02-10,USDJPY,97235.7
2020-02-11,USDJPY,69358.7
2020-02-12,USDJPY,430245.0
2020-02-13,USDJPY,764566.1
2020-02-14,USDJPY,346663.5
2020-02-16,USDJPY,11033.8
2020-02-17,USDJPY,83588.0
2020-02-18,USDJPY,109164.0
2020-02-19,USDJPY,120944.3
2020-02-20,USDJPY,172275.8
2020-02-21,USDJPY,183431.4
2020-02-23,USDJPY,18801.2
2020-02-24,USDJPY,259816.4
2020-02-25,USDJPY,345498.6
2020-02-26,USDJPY,375992.8
2020-02-27,USDJPY,387685.3
2020-02-28,USDJPY,496295.1
2020-03-01,USDJPY,20977.6
2020-03-02,USDJPY,421097.8
2020-03-03,USDJPY,398622.8
2020-03-04,USDJPY,306638.8
2020-03-05,USDJPY,278041.9
2020-03-06,USDJPY,379250.6
2020-03-08,USDJPY,43996.4
2020-03-09,USDJPY,468283.9
2020-03-10,USDJPY,510171.8
2020-03-11,USDJPY,390877.6
2020-03-12,USDJPY,486292.8
2020-03-13,USDJPY,489778.8
2020-03-15,USDJPY,57544.1
2020-03-16,USDJPY,500885.0
2020-03-17,USDJPY,691013.5
2020-03-18,USDJPY,626430.1
2020-03-19,USDJPY,635811.2
2020-03-20,USDJPY,481888.6
2020-03-22,USDJPY,39415.5
2020-03-23,USDJPY,519847.0
2020-03-24,USDJPY,456092.5
2020-03-25,USDJPY,439682.0
2020-03-26,USDJPY,444165.6
2020-03-27,USDJPY,309009.7
2020-03-29,USDJPY,22856.8
2020-03-30,USDJPY,275874.2
2020-03-31,USDJPY,337384.8
2020-04-01,USDJPY,267983.1
2020-04-02,USDJPY,266499.9
2020-04-03,USDJPY,221655.6
2020-04-05,USDJPY,15583.9
2020-04-06,USDJPY,250690.0
2020-04-07,USDJPY,253556.0
2020-04-08,USDJPY,203206.1
2020-04-09,USDJPY,215267.8
2020-04-10,USDJPY,129970.4
2020-04-12,USDJPY,14820.5
2020-04-13,USDJPY,138985.2
2020-04-14,USDJPY,139022.3
2020-04-15,USDJPY,174688.5
2020-04-16,USDJPY,204611.1
2020-04-17,USDJPY,170525.9
2020-04-19,USDJPY,6576.6
2020-04-20,USDJPY,136189.9
2020-04-21,USDJPY,164003.2
2020-04-22,USDJPY,130687.2
2020-04-23,USDJPY,168215.1
2020-04-24,USDJPY,127837.9
2020-04-26,USDJPY,8500.7
2020-04-27,USDJPY,234494.0
2020-04-28,USDJPY,150197.2
2020-04-29,USDJPY,130097.9
2020-04-30,USDJPY,191235.3
2020-05-01,USDJPY,135331.3
2020-05-03,USDJPY,8766.3
2020-05-04,USDJPY,118748.1
2020-05-05,USDJPY,128641.5
2020-05-06,USDJPY,140683.9
2020-05-07,USDJPY,144902.8
2020-05-08,USDJPY,121170.9
2020-05-10,USDJPY,9973.3
2020-05-11,USDJPY,119845.1
2020-05-12,USDJPY,110515.2
2020-05-13,USDJPY,130414.9
2020-05-14,USDJPY,115635.4
2020-05-15,USDJPY,112524.1
2020-05-17,USDJPY,6128.4
2020-05-18,USDJPY,107952.0
2020-05-19,USDJPY,129084.1
2020-05-20,USDJPY,91117.8
2020-05-21,USDJPY,108578.2
2020-05-22,USDJPY,82002.1
2020-05-24,USDJPY,6315.2
2020-05-25,USDJPY,56654.8
2020-05-26,USDJPY,109780.5
2020-05-27,USDJPY,138188.5
2020-05-28,USDJPY,118870.0
2020-05-29,USDJPY,162839.1
2020-05-31,USDJPY,6920.2
2020-06-01,USDJPY,123368.2
2020-06-02,USDJPY,147063.3
2020-06-03,USDJPY,205461.1
2020-06-04,USDJPY,228329.3
2020-06-05,USDJPY,232321.0
2020-06-07,USDJPY,10554.5
2020-06-08,USDJPY,184017.0
2020-06-09,USDJPY,224757.9
2020-06-10,USDJPY,235395.8
2020-06-11,USDJPY,272695.1
2020-06-12,USDJPY,257074.5
2020-06-14,USDJPY,17792.4
2020-06-15,USDJPY,222373.7
2020-06-16,USDJPY,230648.8
2020-06-17,USDJPY,172347.1
2020-06-18,USDJPY,203156.6
2020-06-19,USDJPY,143895.2
2020-06-21,USDJPY,13477.0
2020-06-22,USDJPY,141756.1
2020-06-23,USDJPY,233430.4
2020-06-24,USDJPY,194124.5
2020-06-25,USDJPY,182561.2
2020-06-26,USDJPY,131322.3
2020-06-28,USDJPY,8920.8
2020-06-29,USDJPY,152153.8
2020-06-30,USDJPY,165828.4
2020-07-01,USDJPY,150351.2
2020-07-02,USDJPY,121561.1
2020-07-03,USDJPY,73099.2
2020-07-05,USDJPY,5020.3
2020-07-06,USDJPY,109036.4
2020-07-07,USDJPY,131248.5
2020-07-08,USDJPY,117974.1
2020-07-09,USDJPY,221213.0
2020-07-10,USDJPY,119336.3
2020-07-12,USDJPY,6122.0
2020-07-13,USDJPY,163693.9
2020-07-14,USDJPY,172731.7
2020-07-15,USDJPY,154312.6
2020-07-16,USDJPY,159136.8
2020-07-17,USDJPY,97221.5
2020-07-19,USDJPY,4880.3
2020-07-20,USDJPY,206849.8
2020-07-21,USDJPY,162653.7
2020-07-22,USDJPY,230823.2
2020-07-23,USDJPY,163929.7
2020-07-24,USDJPY,231693.0
2020-07-26,USDJPY,12750.8
2020-07-27,USDJPY,215418.5
2020-07-28,USDJPY,195628.0
2020-07-29,USDJPY,204805.6
2020-07-30,USDJPY,224218.8
2020-07-31,USDJPY,275066.2
2020-08-02,USDJPY,18706.8
2020-08-03,USDJPY,268447.9
2020-08-04,USDJPY,172972.7
2020-08-05,USDJPY,189150.0
2020-08-06,USDJPY,177866.8
2020-08-07,USDJPY,180628.0
2020-08-09,USDJPY,9709.0
2020-08-10,USDJPY,130790.3
2020-08-11,USDJPY,246722.0
2020-08-12,USDJPY,314247.4
2020-08-13,USDJPY,190546.8
2020-08-14,USDJPY,180629.7
2020-08-16,USDJPY,5833.4
2020-08-17,USDJPY,158238.2
2020-08-18,USDJPY,403905.6
2020-08-19,USDJPY,295939.7
2020-08-20,USDJPY,236326.8
2020-08-21,USDJPY,234791.8
2020-08-23,USDJPY,6371.2
2020-08-24,USDJPY,147482.1
2020-08-25,USDJPY,250094.9
2020-08-26,USDJPY,188405.7
2020-08-27,USDJPY,278515.2
2020-08-28,USDJPY,306410.8
2020-08-30,USDJPY,17043.5
2020-08-31,USDJPY,712080.8
2020-09-01,USDJPY,256020.1
2020-09-02,USDJPY,234932.6
2020-09-03,USDJPY,243348.9
2020-09-04,USDJPY,195589.6
2020-09-06,USDJPY,9738.0
2020-09-07,USDJPY,99632.0
2020-09-08,USDJPY,257219.9
2020-09-09,USDJPY,172212.7
2020-09-10,USDJPY,208430.6
2020-09-11,USDJPY,128941.7
2020-09-13,USDJPY,4577.0
2020-09-14,USDJPY,113291.6
2020-09-15,USDJPY,134241.8
2020-09-16,USDJPY,180141.0
2020-09-17,USDJPY,181845.3
2020-09-18,USDJPY,127670.5
2020-09-20,USDJPY,8491.5
2020-09-21,USDJPY,160094.8
2020-09-22,USDJPY,140544.4
2020-09-23,USDJPY,173371.5
2020-09-24,USDJPY,162934.7
2020-09-25,USDJPY,142027.7
2020-09-27,USDJPY,3442.8
2020-09-28,USDJPY,136887.4
2020-09-29,USDJPY,152112.2
2020-09-30,USDJPY,196778.4
2020-10-01,USDJPY,187650.2
2020-10-02,USDJPY,183058.9
2020-10-04,USDJPY,24321.3
2020-10-05,USDJPY,127946.7
2020-10-06,USDJPY,151661.8
2020-10-07,USDJPY,149412.1
2020-10-08,USDJPY,122271.9
2020-10-09,USDJPY,120309.3
2020-10-11,USDJPY,9912.5
2020-10-12,USDJPY,109498.0
2020-10-13,USDJPY,118596.7
2020-10-14,USDJPY,120890.9
2020-10-15,USDJPY,116309.5
2020-10-16,USDJPY,110304.1
2020-10-18,USDJPY,6489.6
2020-10-19,USDJPY,116463.9
2020-10-20,USDJPY,107740.1
2020-10-21,USDJPY,145033.2
2020-10-22,USDJPY,108716.4
2020-10-23,USDJPY,90101.0
2020-10-25,USDJPY,9675.7
2020-10-26,USDJPY,93899.2
2020-10-27,USDJPY,89455.1
2020-10-28,USDJPY,114953.6
2020-10-29,USDJPY,113012.0
2020-10-30,USDJPY,135392.0
2020-11-01,USDJPY,9477.0
2020-11-02,USDJPY,118623.5
2020-11-03,USDJPY,181813.3
2020-11-04,USDJPY,302957.8
2020-11-05,USDJPY,236761.1
2020-11-06,USDJPY,232924.3
2020-11-08,USDJPY,14693.5
2020-11-09,USDJPY,318231.2
2020-11-10,USDJPY,228765.7
2020-11-11,USDJPY,161829.6
2020-11-12,USDJPY,156628.8
2020-11-13,USDJPY,135885.2
2020-11-15,USDJPY,6747.0
2020-11-16,USDJPY,133727.5
2020-11-17,USDJPY,101011.5
2020-11-18,USDJPY,114611.6
2020-11-19,USDJPY,128208.8
2020-11-20,USDJPY,83432.1
2020-11-22,USDJPY,12779.1
2020-11-23,USDJPY,109883.2
2020-11-24,USDJPY,135366.9
2020-11-25,USDJPY,115943.5
2020-11-26,USDJPY,101059.7
2020-11-27,USDJPY,85065.4
2020-11-29,USDJPY,3064.6
2020-11-30,USDJPY,124985.6
2020-12-01,USDJPY,110087.4
2020-12-02,USDJPY,111036.7
2020-12-03,USDJPY,104199.9
2020-12-04,USDJPY,117372.8
2020-12-06,USDJPY,6110.2
2020-12-07,USDJPY,108596.2
2020-12-08,USDJPY,100619.9
2020-12-09,USDJPY,92276.4
2020-12-10,USDJPY,110158.1
2020-12-11,USDJPY,94811.7
2020-12-13,USDJPY,9083.5
2020-12-14,USDJPY,106519.6
2020-12-15,USDJPY,87225.9
2020-12-16,USDJPY,100951.3
2020-12-17,USDJPY,101999.0
2020-12-18,USDJPY,90112.7
2020-12-20,USDJPY,5981.1
2020-12-21,USDJPY,134985.8
2020-12-22,USDJPY,102630.0
2020-12-23,USDJPY,93285.5
2020-12-24,USDJPY,76436.2
2020-12-25,USDJPY,8384.3
2020-12-27,USDJPY,3446.8
2020-12-28,USDJPY,80020.0
2020-12-29,USDJPY,72929.0
2020-12-30,USDJPY,86052.0
2020-12-31,USDJPY,71189.1
2021-01-03,USDJPY,5385.8
2021-01-04,USDJPY,117632.8
2021-01-05,USDJPY,111323.4
2021-01-06,USDJPY,150627.7
2021-01-07,USDJPY,124247.0
2021-01-08,USDJPY,134179.8
2021-01-10,USDJPY,5264.9
2021-01-11,USDJPY,100756.4
2021-01-12,USDJPY,100431.9
2021-01-13,USDJPY,101506.6
2021-01-14,USDJPY,113987.4
2021-01-15,USDJPY,87216.2
2021-01-17,USDJPY,3840.4
2021-01-18,USDJPY,92270.2
2021-01-19,USDJPY,102192.0
2021-01-20,USDJPY,89877.0
2021-01-21,USDJPY,106023.3
2021-01-22,USDJPY,81561.2
2021-01-24,USDJPY,3524.3
2021-01-25,USDJPY,80688.6
2021-01-26,USDJPY,66282.2
2021-01-27,USDJPY,90484.8
2021-01-28,USDJPY,86014.6
2021-01-29,USDJPY,94403.6
2021-01-31,USDJPY,6051.0
2021-02-01,USDJPY,67429.8
2021-02-02,USDJPY,76003.3
2021-02-03,USDJPY,55346.2
2021-02-04,USDJPY,67565.8
2021-02-05,USDJPY,80142.5
2021-02-07,USDJPY,9188.5
2021-02-08,USDJPY,71209.2
2021-02-09,USDJPY,82407.4
2021-02-10,USDJPY,80688.2
2021-02-11,USDJPY,53467.9
2021-02-12,USDJPY,59735.5
2021-02-14,USDJPY,9947.2
2021-02-15,USDJPY,58246.2
2021-02-16,USDJPY,81950.5
2021-02-17,USDJPY,91126.0
2021-02-18,USDJPY,70786.1
2021-02-19,USDJPY,70728.7
2021-02-21,USDJPY,4371.0
2021-02-22,USDJPY,83809.6
2021-02-23,USDJPY,73019.2
2021-02-24,USDJPY,104043.4
2021-02-25,USDJPY,140123.9
2021-02-26,USDJPY,155139.2
2021-02-28,USDJPY,4323.6
2021-03-01,USDJPY,93080.6
2021-03-02,USDJPY,79678.5
2021-03-03,USDJPY,95507.8
2021-03-04,USDJPY,120441.6
2021-03-05,USDJPY,147774.6
2021-03-07,USDJPY,8135.8
2021-03-08,USDJPY,110876.1
2021-03-09,USDJPY,132810.0
2021-03-10,USDJPY,116177.3
2021-03-11,USDJPY,122414.5
2021-03-12,USDJPY,109977.2
2021-03-14,USDJPY,7048.0
2021-03-15,USDJPY,101707.8
2021-03-16,USDJPY,96577.1
2021-03-17,USDJPY,105920.0
2021-03-18,USDJPY,130598.1
2021-03-19,USDJPY,106557.6
2021-03-21,USDJPY,6799.1
2021-03-22,USDJPY,88123.7
2021-03-23,USDJPY,93856.8
2021-03-24,USDJPY,93041.8
2021-03-25,USDJPY,89789.5
2021-03-26,USDJPY,88617.4
2021-03-28,USDJPY,5150.4
2021-03-29,USDJPY,73509.8
2021-03-30,USDJPY,88796.2
2021-03-31,USDJPY,104916.2
2021-04-01,USDJPY,82391.1
2021-04-02,USDJPY,92399.5
2021-04-04,USDJPY,6698.8
2021-04-05,USDJPY,54688.4
2021-04-06,USDJPY,97379.7
2021-04-07,USDJPY,94141.4
2021-04-08,USDJPY,95329.3
2021-04-09,USDJPY,79042.2
2021-04-11,USDJPY,2806.5
2021-04-12,USDJPY,73503.0
2021-04-13,USDJPY,100044.4
2021-04-14,USDJPY,83165.5
2021-04-15,USDJPY,81183.0
2021-04-16,USDJPY,74041.9
2021-04-18,USDJPY,3791.5
2021-04-19,USDJPY,96575.2
2021-04-20,USDJPY,99207.8
2021-04-21,USDJPY,80462.3
2021-04-22,USDJPY,89801.9
2021-04-23,USDJPY,78258.9
2021-04-25,USDJPY,2960.1
2021-04-26,USDJPY,87520.9
2021-04-27,USDJPY,83193.8
2021-04-28,USDJPY,95358.0
2021-04-29,USDJPY,84813.3
2021-04-30,USDJPY,80353.4
2021-05-02,USDJPY,1855.2
2021-05-03,USDJPY,71707.3
2021-05-04,USDJPY,86267.5
2021-05-05,USDJPY,76269.9
2021-05-06,USDJPY,96109.0
2021-05-07,USDJPY,106136.7
2021-05-09,USDJPY,4035.6
2021-05-10,USDJPY,92521.7
2021-05-11,USDJPY,90378.4
2021-05-12,USDJPY,117296.2
2021-05-13,USDJPY,92003.2
2021-05-14,USDJPY,71849.4
2021-05-16,USDJPY,2631.9
2021-05-17,USDJPY,69007.6
2021-05-18,USDJPY,71008.3
2021-05-19,USDJPY,105950.8
2021-05-20,USDJPY,77085.5
2021-05-21,USDJPY,69796.9
2021-05-23,USDJPY,2568.7
2021-05-24,USDJPY,65488.2
2021-05-25,USDJPY,81961.5
2021-05-26,USDJPY,72989.8
2021-05-27,USDJPY,92898.8
2021-05-28,USDJPY,81779.1
2021-05-30,USDJPY,1812.7
2021-05-31,USDJPY,55638.3
2021-06-01,USDJPY,74376.8
2021-06-02,USDJPY,66413.4
2021-06-03,USDJPY,73490.9
2021-06-04,USDJPY,75752.3
2021-06-06,USDJPY,2184.6
2021-06-07,USDJPY,70664.1
2021-06-08,USDJPY,65654.8
2021-06-09,USDJPY,64563.7
2021-06-10,USDJPY,95367.0
2021-06-11,USDJPY,74360.0
2021-06-13,USDJPY,2829.4
2021-06-14,USDJPY,66212.3
2021-06-15,USDJPY,63918.6
2021-06-16,USDJPY,95239.2
2021-06-17,USDJPY,108964.0
2021-06-18,USDJPY,111781.4
2021-06-20,USDJPY,3464.2
2021-06-21,USDJPY,118475.1
2021-06-22,USDJPY,82877.1
2021-06-23,USDJPY,91895.7
2021-06-24,USDJPY,83084.0
2021-06-25,USDJPY,66847.4
2021-06-27,USDJPY,2734.0
2021-06-28,USDJPY,76609.3
2021-06-29,USDJPY,80029.8
2021-06-30,USDJPY,93129.0
2021-07-01,USDJPY,85903.0
2021-07-02,USDJPY,82053.0
2021-07-04,USDJPY,4528.1
2021-07-05,USDJPY,99177.2
2021-07-06,USDJPY,91875.1
2021-07-07,USDJPY,97649.0
2021-07-08,USDJPY,135331.6
2021-07-09,USDJPY,97619.5
2021-07-11,USDJPY,4343.5
2021-07-12,USDJPY,74606.4
2021-07-13,USDJPY,95384.9
2021-07-14,USDJPY,89332.0
2021-07-15,USDJPY,89921.4
2021-07-16,USDJPY,81475.2
2021-07-18,USDJPY,5042.7
2021-07-19,USDJPY,109857.9
2021-07-20,USDJPY,124807.2
2021-07-21,USDJPY,103602.5
2021-07-22,USDJPY,91161.0
2021-07-23,USDJPY,76539.4
2021-07-25,USDJPY,2072.3
2021-07-26,USDJPY,92377.7
2021-07-27,USDJPY,126027.2
2021-07-28,USDJPY,110442.5
2021-07-29,USDJPY,95104.9
2021-07-30,USDJPY,84271.5
2021-08-01,USDJPY,2866.9
2021-08-02,USDJPY,84396.3
2021-08-03,USDJPY,85957.8
2021-08-04,USDJPY,100127.5
2021-08-05,USDJPY,82298.0
2021-08-06,USDJPY,82736.0
2021-08-08,USDJPY,6296.4
2021-08-09,USDJPY,70316.4
2021-08-10,USDJPY,72971.8
2021-08-11,USDJPY,76780.5
2021-08-12,USDJPY,61818.1
2021-08-13,USDJPY,54606.5
2021-08-15,USDJPY,5108.8
2021-08-16,USDJPY,75660.5
2021-08-17,USDJPY,80371.8
2021-08-18,USDJPY,75785.2
2021-08-19,USDJPY,103392.2
2021-08-20,USDJPY,70691.6
2021-08-22,USDJPY,4780.0
2021-08-23,USDJPY,85534.0
2021-08-24,USDJPY,71782.5
2021-08-25,USDJPY,84777.7
2021-08-26,USDJPY,77832.1
2021-08-27,USDJPY,78615.5
2021-08-29,USDJPY,2025.5
2021-08-30,USDJPY,44707.4
2021-08-31,USDJPY,92161.8
2021-09-01,USDJPY,87367.9
2021-09-02,USDJPY,62143.3
2021-09-03,USDJPY,81949.4
2021-09-05,USDJPY,2737.1
2021-09-06,USDJPY,61803.6
2021-09-07,USDJPY,85954.5
2021-09-08,USDJPY,72969.2
2021-09-09,USDJPY,79956.0
2021-09-10,USDJPY,66358.5
2021-09-12,USDJPY,3288.6
2021-09-13,USDJPY,61400.4
2021-09-14,USDJPY,73634.6
2021-09-15,USDJPY,76336.8
2021-09-16,USDJPY,76505.0
2021-09-17,USDJPY,68918.4
2021-09-19,USDJPY,1548.2
2021-09-20,USDJPY,88737.5
2021-09-21,USDJPY,88256.4
2021-09-22,USDJPY,109152.8
2021-09-23,USDJPY,73194.5
2021-09-24,USDJPY,73934.6
2021-09-26,USDJPY,2633.0
2021-09-27,USDJPY,97373.8
2021-09-28,USDJPY,111283.1
2021-09-29,USDJPY,105400.5
2021-09-30,USDJPY,108347.0
2021-10-01,USDJPY,117873.0
2021-10-03,USDJPY,4021.1
2021-10-04,USDJPY,117323.4
2021-10-05,USDJPY,104717.0
2021-10-06,USDJPY,115724.0
2021-10-07,USDJPY,83708.5
2021-10-08,USDJPY,97831.8
2021-10-10,USDJPY,3512.8
2021-10-11,USDJPY,83895.5
2021-10-12,USDJPY,126616.7
2021-10-13,USDJPY,115705.8
2021-10-14,USDJPY,96121.2
2021-10-15,USDJPY,103862.6
2021-10-17,USDJPY,9667.1
2021-10-18,USDJPY,128263.0
2021-10-19,USDJPY,101623.2
2021-10-20,USDJPY,113961.9
2021-10-21,USDJPY,119422.4
2021-10-22,USDJPY,111909.6
2021-10-24,USDJPY,4786.0
2021-10-25,USDJPY,106801.7
2021-10-26,USDJPY,92090.1
2021-10-27,USDJPY,127942.3
2021-10-28,USDJPY,141047.3
2021-10-29,USDJPY,149138.7
2021-10-31,USDJPY,4335.7
2021-11-01,USDJPY,106736.2
2021-11-02,USDJPY,123338.0
2021-11-03,USDJPY,124630.0
2021-11-04,USDJPY,124563.8
2021-11-05,USDJPY,133899.8
2021-11-07,USDJPY,3400.8
2021-11-08,USDJPY,99354.3
2021-11-09,USDJPY,130277.5
2021-11-10,USDJPY,141747.0
2021-11-11,USDJPY,80695.3
2021-11-12,USDJPY,101004.2
2021-11-14,USDJPY,2674.6
2021-11-15,USDJPY,88628.8
2021-11-16,USDJPY,113767.6
2021-11-17,USDJPY,114352.9
2021-11-18,USDJPY,106751.9
2021-11-19,USDJPY,146937.8
2021-11-21,USDJPY,5829.8
2021-11-22,USDJPY,116944.3
2021-11-23,USDJPY,135830.4
2021-11-24,USDJPY,128406.3
2021-11-25,USDJPY,99885.3
2021-11-26,USDJPY,244548.4
2021-11-28,USDJPY,20138.9
2021-11-29,USDJPY,184517.0
2021-11-30,USDJPY,263512.2
2021-12-01,USDJPY,179526.1
2021-12-02,USDJPY,161484.4
2021-12-03,USDJPY,156931.5
2021-12-05,USDJPY,6218.3
2021-12-06,USDJPY,116400.9
2021-12-07,USDJPY,99346.9
2021-12-08,USDJPY,123138.9
2021-12-09,USDJPY,90263.9
2021-12-10,USDJPY,116066.2
2021-12-12,USDJPY,6711.7
2021-12-13,USDJPY,78368.2
2021-12-14,USDJPY,105792.3
2021-12-15,USDJPY,118785.2
2021-12-16,USDJPY,121843.7
2021-12-17,USDJPY,127275.7
2021-12-19,USDJPY,6719.4
2021-12-20,USDJPY,130037.6
2021-12-21,USDJPY,84115.0
2021-12-22,USDJPY,74253.4
2021-12-23,USDJPY,74031.1
2021-12-24,USDJPY,111700.5
2021-12-26,USDJPY,3417.2
2021-12-27,USDJPY,43981.3
2021-12-28,USDJPY,56445.0
2021-12-29,USDJPY,66294.5
2021-12-30,USDJPY,64680.5
2021-12-31,USDJPY,47599.3
2022-01-02,USDJPY,3157.9
2022-01-03,USDJPY,72963.8
2022-01-04,USDJPY,115829.3
2022-01-05,USDJPY,110730.0
2022-01-06,USDJPY,103411.4
2022-01-07,USDJPY,79529.8
2022-01-09,USDJPY,4496.9
2022-01-10,USDJPY,93413.3
2022-01-11,USDJPY,100913.2
2022-01-12,USDJPY,87320.7
2022-01-13,USDJPY,92878.1
2022-01-14,USDJPY,120736.5
2022-01-16,USDJPY,4411.4
2022-01-17,USDJPY,63985.9
2022-01-18,USDJPY,123944.3
2022-01-19,USDJPY,114417.6
2022-01-20,USDJPY,106311.4
2022-01-21,USDJPY,128663.9
2022-01-23,USDJPY,6359.8
2022-01-24,USDJPY,158621.0
2022-01-25,USDJPY,172033.0
2022-01-26,USDJPY,138917.9
2022-01-27,USDJPY,182933.0
2022-01-28,USDJPY,148743.2
2022-01-30,USDJPY,8362.0
2022-01-31,USDJPY,132251.1
2022-02-01,USDJPY,130813.8
2022-02-02,USDJPY,100558.8
2022-02-03,USDJPY,139789.3
2022-02-04,USDJPY,141658.1
2022-02-06,USDJPY,7344.9
2022-02-07,USDJPY,115495.6
2022-02-08,USDJPY,114186.4
2022-02-09,USDJPY,102990.1
2022-02-10,USDJPY,166408.3
2022-02-11,USDJPY,160481.0
2022-02-13,USDJPY,14842.2
2022-02-14,USDJPY,185521.3
2022-02-15,USDJPY,137896.0
2022-02-16,USDJPY,117182.7
2022-02-17,USDJPY,189045.8
2022-02-18,USDJPY,130871.4
2022-02-20,USDJPY,8602.8
2022-02-21,USDJPY,105696.9
2022-02-22,USDJPY,174988.8
2022-02-23,USDJPY,94423.8
2022-02-24,USDJPY,296847.8
2022-02-25,USDJPY,171522.2
2022-02-27,USDJPY,19065.2
2022-02-28,USDJPY,171534.9
2022-03-01,USDJPY,150039.5
2022-03-02,USDJPY,162462.7
2022-03-03,USDJPY,115436.2
2022-03-04,USDJPY,177068.4
2022-03-06,USDJPY,15218.1
2022-03-07,USDJPY,175877.4
2022-03-08,USDJPY,166721.0
2022-03-09,USDJPY,123908.4
2022-03-10,USDJPY,130583.4
2022-03-11,USDJPY,133573.3
2022-03-13,USDJPY,7096.4
2022-03-14,USDJPY,117224.1
2022-03-15,USDJPY,137334.6
2022-03-16,USDJPY,149474.3
2022-03-17,USDJPY,130391.5
2022-03-18,USDJPY,92171.9
2022-03-20,USDJPY,5756.6
2022-03-21,USDJPY,77767.9
2022-03-22,USDJPY,179042.4
2022-03-23,USDJPY,145029.0
2022-03-24,USDJPY,151586.1
2022-03-25,USDJPY,187183.1
2022-03-27,USDJPY,9321.1
2022-03-28,USDJPY,311717.8
2022-03-29,USDJPY,313889.8
2022-03-30,USDJPY,305392.7
2022-03-31,USDJPY,287026.7
2022-04-01,USDJPY,231755.1
2022-04-03,USDJPY,10714.1
2022-04-04,USDJPY,145618.0
2022-04-05,USDJPY,182913.6
2022-04-06,USDJPY,191549.1
2022-04-07,USDJPY,156424.0
2022-04-08,USDJPY,152700.0
2022-04-10,USDJPY,10009.2
2022-04-11,USDJPY,230471.5
2022-04-12,USDJPY,231941.5
2022-04-13,USDJPY,247493.4
2022-04-14,USDJPY,238623.0
2022-04-15,USDJPY,310976.3
2022-04-17,USDJPY,15180.7
2022-04-18,USDJPY,160388.3
2022-04-19,USDJPY,297780.6
2022-04-20,USDJPY,345277.5
2022-04-21,USDJPY,291661.2
2022-04-22,USDJPY,295513.3
2022-04-24,USDJPY,18820.0
2022-04-25,USDJPY,341354.9
2022-04-26,USDJPY,329868.5
2022-04-27,USDJPY,287810.2
2022-04-28,USDJPY,425654.9
2022-04-29,USDJPY,307546.1
2022-05-01,USDJPY,20714.4
2022-05-02,USDJPY,248964.9
2022-05-03,USDJPY,184415.7
2022-05-04,USDJPY,221428.3
2022-05-05,USDJPY,295326.3
2022-05-06,USDJPY,302788.1
2022-05-08,USDJPY,14400.6
2022-05-09,USDJPY,255837.9
2022-05-10,USDJPY,298929.1
2022-05-11,USDJPY,299531.5
2022-05-12,USDJPY,394933.4
2022-05-13,USDJPY,281094.4
2022-05-15,USDJPY,17664.3
2022-05-16,USDJPY,222095.4
2022-05-17,USDJPY,214672.4
2022-05-18,USDJPY,240837.0
2022-05-19,USDJPY,334679.1
2022-05-20,USDJPY,240894.0
2022-05-22,USDJPY,8608.5
2022-05-23,USDJPY,216793.2
2022-05-24,USDJPY,230505.2
2022-05-25,USDJPY,240304.9
2022-05-26,USDJPY,207341.9
2022-05-27,USDJPY,156311.5
2022-05-29,USDJPY,7171.7
2022-05-30,USDJPY,138208.6
2022-05-31,USDJPY,257755.8
2022-06-01,USDJPY,252398.7
2022-06-02,USDJPY,152911.7
2022-06-03,USDJPY,159326.0
2022-06-05,USDJPY,12844.8
2022-06-06,USDJPY,171920.7
2022-06-07,USDJPY,224813.0
2022-06-08,USDJPY,241746.0
2022-06-09,USDJPY,261861.8
2022-06-10,USDJPY,227010.3
2022-06-12,USDJPY,32184.0
2022-06-13,USDJPY,391390.4
2022-06-14,USDJPY,352034.8
2022-06-15,USDJPY,348742.5
2022-06-16,USDJPY,369314.7
2022-06-17,USDJPY,359855.9
2022-06-19,USDJPY,21141.7
2022-06-20,USDJPY,232897.3
2022-06-21,USDJPY,256807.7
2022-06-22,USDJPY,286374.7
2022-06-23,USDJPY,331206.2
2022-06-24,USDJPY,304829.1
2022-06-26,USDJPY,12548.8
2022-06-27,USDJPY,271846.7
2022-06-28,USDJPY,252236.8
2022-06-29,USDJPY,285529.3
2022-06-30,USDJPY,257897.5
2022-07-01,USDJPY,316453.1
2022-07-03,USDJPY,15903.8
2022-07-04,USDJPY,196098.7
2022-07-05,USDJPY,277670.3
2022-07-06,USDJPY,324239.1
2022-07-07,USDJPY,231923.5
2022-07-08,USDJPY,275379.8
2022-07-10,USDJPY,7599.6
2022-07-11,USDJPY,179353.6
2022-07-12,USDJPY,192322.6
2022-07-13,USDJPY,218160.9
2022-07-14,USDJPY,344271.3
2022-07-15,USDJPY,225027.3
2022-07-17,USDJPY,8132.1
2022-07-18,USDJPY,197272.7
2022-07-19,USDJPY,236113.8
2022-07-20,USDJPY,203762.8
2022-07-21,USDJPY,327749.2
2022-07-22,USDJPY,289523.4
2022-07-24,USDJPY,12202.3
2022-07-25,USDJPY,211886.5
2022-07-26,USDJPY,187814.1
2022-07-27,USDJPY,239526.2
2022-07-28,USDJPY,329309.8
2022-07-29,USDJPY,351044.2
2022-07-31,USDJPY,14121.8
2022-08-01,USDJPY,423527.2
2022-08-02,USDJPY,572097.5
2022-08-03,USDJPY,489414.2
2022-08-04,USDJPY,544043.2
2022-08-05,USDJPY,477312.1
2022-08-07,USDJPY,29405.5
2022-08-08,USDJPY,359405.9
2022-08-09,USDJPY,280161.0
2022-08-10,USDJPY,419104.6
2022-08-11,USDJPY,466129.4
2022-08-12,USDJPY,383049.8
2022-08-14,USDJPY,21282.2
2022-08-15,USDJPY,370585.6
2022-08-16,USDJPY,358711.8
2022-08-17,USDJPY,425695.9
2022-08-18,USDJPY,370174.6
2022-08-19,USDJPY,334797.0
2022-08-21,USDJPY,26929.6
2022-08-22,USDJPY,330273.9
2022-08-23,USDJPY,405051.4
2022-08-24,USDJPY,380409.7
2022-08-25,USDJPY,380016.8
2022-08-26,USDJPY,367956.2
2022-08-28,USDJPY,23910.9
2022-08-29,USDJPY,419394.4
2022-08-30,USDJPY,465375.6
2022-08-31,USDJPY,427400.4
2022-09-01,USDJPY,464073.9
2022-09-02,USDJPY,381462.0
2022-09-04,USDJPY,16904.2
2022-09-05,USDJPY,279430.8
2022-09-06,USDJPY,472152.0
2022-09-07,USDJPY,587026.7
2022-09-08,USDJPY,421816.1
2022-09-09,USDJPY,660604.1
2022-09-11,USDJPY,20828.2
2022-09-12,USDJPY,600547.1
2022-09-13,USDJPY,669586.2
2022-09-14,USDJPY,600542.8
2022-09-15,USDJPY,477854.8
2022-09-16,USDJPY,350881.0
2022-09-18,USDJPY,19057.7
2022-09-19,USDJPY,307015.0
2022-09-20,USDJPY,360753.2
2022-09-21,USDJPY,527709.8
2022-09-22,USDJPY,685704.2
2022-09-23,USDJPY,601819.8
2022-09-25,USDJPY,28476.4
2022-09-26,USDJPY,607944.7
2022-09-27,USDJPY,547380.6
2022-09-28,USDJPY,742203.9
2022-09-29,USDJPY,701451.6
2022-09-30,USDJPY,623674.2
2022-10-02,USDJPY,32298.0
2022-10-03,USDJPY,457436.5
2022-10-04,USDJPY,505959.5
2022-10-05,USDJPY,440481.0
2022-10-06,USDJPY,377399.3
2022-10-07,USDJPY,421920.5
2022-10-09,USDJPY,22749.5
2022-10-10,USDJPY,333452.4
2022-10-11,USDJPY,432776.8
2022-10-12,USDJPY,614947.2
2022-10-13,USDJPY,562517.9
2022-10-14,USDJPY,629913.9
2022-10-16,USDJPY,47126.9
2022-10-17,USDJPY,584154.2
2022-10-18,USDJPY,58157.9
2022-10-19,USDJPY,438533.4
2022-10-20,USDJPY,621777.4
2022-10-21,USDJPY,663990.5
2022-10-23,USDJPY,48675.5
2022-10-24,USDJPY,655486.6
2022-10-25,USDJPY,537823.9
2022-10-26,USDJPY,633419.2
2022-10-27,USDJPY,598149.9
2022-10-28,USDJPY,574619.8
2022-10-30,USDJPY,26625.1
2022-10-31,USDJPY,391770.6
2022-11-01,USDJPY,702797.7
2022-11-02,USDJPY,740464.1
2022-11-03,USDJPY,621686.6
2022-11-04,USDJPY,764476.0
2022-11-06,USDJPY,27575.1
2022-11-07,USDJPY,714636.3
2022-11-08,USDJPY,731893.8
2022-11-09,USDJPY,796825.4
2022-11-10,USDJPY,788787.1
2022-11-11,USDJPY,706411.5
2022-11-13,USDJPY,19335.9
2022-11-14,USDJPY,585530.2
2022-11-15,USDJPY,1086209.5
2022-11-16,USDJPY,970465.4
2022-11-17,USDJPY,819973.5
2022-11-18,USDJPY,742492.6
2022-11-20,USDJPY,26106.3
2022-11-21,USDJPY,561878.2
2022-11-22,USDJPY,689582.6
2022-11-23,USDJPY,721372.2
2022-11-24,USDJPY,655285.6
2022-11-25,USDJPY,692152.5
2022-11-27,USDJPY,18781.1
2022-11-28,USDJPY,823095.0
2022-11-29,USDJPY,807046.2
2022-11-30,USDJPY,732783.5
2022-12-01,USDJPY,789691.8
2022-12-02,USDJPY,785656.0
2022-12-04,USDJPY,15284.5
2022-12-05,USDJPY,550423.4
2022-12-06,USDJPY,657069.8
2022-12-07,USDJPY,888935.7
2022-12-08,USDJPY,753689.9
2022-12-09,USDJPY,774338.9
2022-12-11,USDJPY,23703.7
2022-12-12,USDJPY,671468.1
2022-12-13,USDJPY,787346.1
2022-12-14,USDJPY,795738.5
2022-12-15,USDJPY,718694.2
2022-12-16,USDJPY,597612.6
2022-12-18,USDJPY,24695.0
2022-12-19,USDJPY,374353.3
2022-12-20,USDJPY,846300.5
2022-12-21,USDJPY,550882.7
2022-12-22,USDJPY,616242.1
2022-12-23,USDJPY,546506.6
2022-12-25,USDJPY,746.5
2022-12-26,USDJPY,133077.4
2022-12-27,USDJPY,377403.9
2022-12-28,USDJPY,368852.5
2022-12-29,USDJPY,476143.1
2022-12-30,USDJPY,691343.3
2023-01-01,USDJPY,420.9
2023-01-02,USDJPY,196119.3
2023-01-03,USDJPY,668484.0
2023-01-04,USDJPY,831535.8
2023-01-05,USDJPY,875708.2
2023-01-06,USDJPY,844539.1
2023-01-08,USDJPY,35111.5
2023-01-09,USDJPY,847691.6
2023-01-10,USDJPY,844498.8
2023-01-11,USDJPY,727532.7
2023-01-12,USDJPY,770586.2
2023-01-13,USDJPY,366233.7
2023-01-15,USDJPY,12572.6
2023-01-16,USDJPY,250411.6
2023-01-17,USDJPY,321587.2
2023-01-18,USDJPY,505280.1
2023-01-19,USDJPY,289511.2
2023-01-20,USDJPY,253809.3
2023-01-22,USDJPY,8426.4
2023-01-23,USDJPY,269100.4
2023-01-24,USDJPY,417228.4
2023-01-25,USDJPY,629498.1
2023-01-26,USDJPY,742092.3
2023-01-27,USDJPY,557647.2
2023-01-29,USDJPY,28385.2
2023-01-30,USDJPY,675288.0
2023-01-31,USDJPY,608937.1
2023-02-01,USDJPY,712599.4
2023-02-02,USDJPY,526587.5
2023-02-03,USDJPY,470341.5
2023-02-05,USDJPY,23481.7
2023-02-06,USDJPY,526459.3
2023-02-07,USDJPY,796206.4
2023-02-08,USDJPY,496121.2
2023-02-09,USDJPY,640107.7
2023-02-10,USDJPY,696344.7
2023-02-12,USDJPY,15505.2
2023-02-13,USDJPY,610010.3
2023-02-14,USDJPY,860565.4
2023-02-15,USDJPY,635065.5
2023-02-16,USDJPY,710402.0
2023-02-17,USDJPY,617063.2
2023-02-19,USDJPY,17352.3
2023-02-20,USDJPY,428037.7
2023-02-21,USDJPY,580482.9
2023-02-22,USDJPY,516554.9
2023-02-23,USDJPY,539979.0
2023-02-24,USDJPY,751325.6
2023-02-26,USDJPY,11544.6
2023-02-27,USDJPY,519295.3
2023-02-28,USDJPY,562109.2
2023-03-01,USDJPY,623700.1
2023-03-02,USDJPY,631586.5
2023-03-03,USDJPY,463151.2
2023-03-05,USDJPY,28918.1
2023-03-06,USDJPY,506865.2
2023-03-07,USDJPY,595895.7
2023-03-08,USDJPY,528318.6
2023-03-09,USDJPY,528472.2
2023-03-10,USDJPY,662886.2
2023-03-12,USDJPY,45350.9
2023-03-13,USDJPY,877122.0
2023-03-14,USDJPY,944691.3
2023-03-15,USDJPY,1106061.9
2023-03-16,USDJPY,1070841.4
2023-03-17,USDJPY,841271.9
2023-03-19,USDJPY,43747.3
2023-03-20,USDJPY,685692.0
2023-03-21,USDJPY,535963.9
2023-03-22,USDJPY,664071.4
2023-03-23,USDJPY,603952.9
2023-03-24,USDJPY,683323.6
2023-03-26,USDJPY,27922.2
2023-03-27,USDJPY,625504.2
2023-03-28,USDJPY,590363.7
2023-03-29,USDJPY,451529.0
2023-03-30,USDJPY,415656.8
2023-03-31,USDJPY,460102.8
2023-04-02,USDJPY,45959.7
2023-04-03,USDJPY,586602.2
2023-04-04,USDJPY,597311.2
2023-04-05,USDJPY,610380.1
2023-04-06,USDJPY,477866.5
2023-04-07,USDJPY,207882.8
2023-04-09,USDJPY,14863.3
2023-04-10,USDJPY,548527.2
2023-04-11,USDJPY,501104.3
2023-04-12,USDJPY,433765.4
2023-04-13,USDJPY,442791.0
2023-04-14,USDJPY,457656.3
2023-04-16,USDJPY,22305.6
2023-04-17,USDJPY,501726.9
2023-04-18,USDJPY,547534.6
2023-04-19,USDJPY,561466.2
2023-04-20,USDJPY,517949.9
2023-04-21,USDJPY,437838.7
2023-04-23,USDJPY,12280.2
2023-04-24,USDJPY,445722.7
2023-04-25,USDJPY,486634.9
2023-04-26,USDJPY,700986.2
2023-04-27,USDJPY,588471.6
2023-04-28,USDJPY,564520.1
2023-04-30,USDJPY,32417.6
2023-05-01,USDJPY,489598.3
2023-05-02,USDJPY,644268.0
2023-05-03,USDJPY,676750.6
2023-05-04,USDJPY,730800.6
2023-05-05,USDJPY,158918.0
2023-05-07,USDJPY,10299.0
2023-05-08,USDJPY,360920.8
2023-05-09,USDJPY,420269.6
2023-05-10,USDJPY,514091.6
2023-05-11,USDJPY,602278.3
2023-05-12,USDJPY,490654.6
2023-05-14,USDJPY,35611.5
2023-05-15,USDJPY,323496.8
2023-05-16,USDJPY,377414.9
2023-05-17,USDJPY,366878.9
2023-05-18,USDJPY,558283.4
2023-05-19,USDJPY,515377.8
2023-05-21,USDJPY,21567.4
2023-05-22,USDJPY,584955.3
2023-05-23,USDJPY,612391.5
2023-05-24,USDJPY,578383.5
2023-05-25,USDJPY,577548.0
2023-05-26,USDJPY,396824.2
2023-05-28,USDJPY,35135.2
2023-05-29,USDJPY,265186.9
2023-05-30,USDJPY,575188.6
2023-05-31,USDJPY,414751.1
2023-06-01,USDJPY,276275.3
2023-06-02,USDJPY,360515.7
2023-06-04,USDJPY,11329.4
2023-06-05,USDJPY,356112.1
2023-06-06,USDJPY,275858.9
2023-06-07,USDJPY,405320.6
2023-06-08,USDJPY,352079.0
2023-06-09,USDJPY,365093.5
2023-06-11,USDJPY,12170.3
2023-06-12,USDJPY,345558.3
2023-06-13,USDJPY,404376.7
2023-06-14,USDJPY,426776.2
2023-06-15,USDJPY,438887.5
2023-06-16,USDJPY,439841.4
2023-06-18,USDJPY,15677.8
2023-06-19,USDJPY,263004.2
2023-06-20,USDJPY,394858.8
2023-06-21,USDJPY,498998.8
2023-06-22,USDJPY,481174.3
2023-06-23,USDJPY,458003.5
2023-06-25,USDJPY,22061.9
2023-06-26,USDJPY,388437.8
2023-06-27,USDJPY,325231.0
2023-06-28,USDJPY,370700.0
2023-06-29,USDJPY,448055.3
2023-06-30,USDJPY,460165.2
2023-07-02,USDJPY,16938.1
2023-07-03,USDJPY,414467.4
2023-07-04,USDJPY,229645.8
2023-07-05,USDJPY,391918.2
2023-07-06,USDJPY,412418.6
2023-07-07,USDJPY,473372.6
2023-07-09,USDJPY,17912.6
2023-07-10,USDJPY,426990.4
2023-07-11,USDJPY,451943.5
2023-07-12,USDJPY,491350.6
2023-07-13,USDJPY,427408.5
2023-07-14,USDJPY,497819.5
2023-07-16,USDJPY,9507.6
2023-07-17,USDJPY,301768.8
2023-07-18,USDJPY,437753.6
2023-07-19,USDJPY,477130.9
2023-07-20,USDJPY,351657.9
2023-07-21,USDJPY,208754.1
2023-07-23,USDJPY,6849.9
2023-07-24,USDJPY,331867.7
2023-07-25,USDJPY,383407.4
2023-07-26,USDJPY,484370.8
2023-07-27,USDJPY,602956.4
2023-07-28,USDJPY,538356.8
2023-07-30,USDJPY,25100.7
2023-07-31,USDJPY,460087.4
2023-08-01,USDJPY,213820.0
2023-08-02,USDJPY,335910.1
2023-08-03,USDJPY,447147.2
2023-08-04,USDJPY,461731.3
2023-08-06,USDJPY,18119.1
2023-08-07,USDJPY,412550.2
2023-08-08,USDJPY,350989.4
2023-08-09,USDJPY,310291.1
2023-08-10,USDJPY,346851.7
2023-08-11,USDJPY,401352.5
2023-08-13,USDJPY,8078.2
2023-08-14,USDJPY,285953.1
2023-08-15,USDJPY,433370.9
2023-08-16,USDJPY,406956.2
2023-08-17,USDJPY,393241.8
2023-08-18,USDJPY,370272.9
2023-08-20,USDJPY,9333.7
2023-08-21,USDJPY,411121.2
2023-08-22,USDJPY,384295.2
2023-08-23,USDJPY,334356.1
2023-08-24,USDJPY,391068.9
2023-08-25,USDJPY,374982.1
2023-08-27,USDJPY,10098.2
2023-08-28,USDJPY,318181.9
2023-08-29,USDJPY,442410.8
2023-08-30,USDJPY,478334.0
2023-08-31,USDJPY,457964.1
2023-09-01,USDJPY,417797.3
2023-09-03,USDJPY,6144.7
2023-09-04,USDJPY,141924.7
2023-09-05,USDJPY,409502.4
2023-09-06,USDJPY,395148.9
2023-09-07,USDJPY,341180.3
2023-09-08,USDJPY,406136.5
2023-09-10,USDJPY,25109.8
2023-09-11,USDJPY,481175.1
2023-09-12,USDJPY,335798.3
2023-09-13,USDJPY,441321.4
2023-09-14,USDJPY,323744.4
2023-09-15,USDJPY,395273.8
2023-09-17,USDJPY,5115.9
2023-09-18,USDJPY,265418.2
2023-09-19,USDJPY,316216.2
2023-09-20,USDJPY,367067.7
2023-09-21,USDJPY,359785.2
2023-09-22,USDJPY,416119.5
2023-09-24,USDJPY,13725.7
2023-09-25,USDJPY,296858.2
2023-09-26,USDJPY,326986.6
2023-09-27,USDJPY,312914.5
2023-09-28,USDJPY,359981.6
2023-09-29,USDJPY,384235.2
2023-10-01,USDJPY,15176.5
2023-10-02,USDJPY,310186.5
2023-10-03,USDJPY,383018.6
2023-10-04,USDJPY,409293.3
2023-10-05,USDJPY,425731.7
2023-10-06,USDJPY,410579.2
2023-10-08,USDJPY,19001.1
2023-10-09,USDJPY,273378.0
2023-10-10,USDJPY,392325.7
2023-10-11,USDJPY,401865.4
2023-10-12,USDJPY,369081.9
2023-10-13,USDJPY,340265.3
2023-10-15,USDJPY,12844.3
2023-10-16,USDJPY,268356.4
2023-10-17,USDJPY,301233.5
2023-10-18,USDJPY,287017.1
2023-10-19,USDJPY,330820.7
2023-10-20,USDJPY,282166.2
2023-10-22,USDJPY,6316.9
2023-10-23,USDJPY,232848.2
2023-10-24,USDJPY,281544.8
2023-10-25,USDJPY,232253.6
2023-10-26,USDJPY,342998.7
2023-10-27,USDJPY,300072.2
2023-10-29,USDJPY,8914.5
2023-10-30,USDJPY,300624.6
2023-10-31,USDJPY,394912.0
2023-11-01,USDJPY,338126.1
2023-11-02,USDJPY,302681.9
2023-11-03,USDJPY,221874.5
2023-11-05,USDJPY,4307.5
2023-11-06,USDJPY,207976.6
2023-11-07,USDJPY,277307.9
2023-11-08,USDJPY,276043.2
2023-11-09,USDJPY,302981.1
2023-11-10,USDJPY,249825.5
2023-11-12,USDJPY,6171.9
2023-11-13,USDJPY,225374.5
2023-11-14,USDJPY,283341.5
2023-11-15,USDJPY,309688.3
2023-11-16,USDJPY,296359.6
2023-11-17,USDJPY,355939.4
2023-11-19,USDJPY,8398.5
2023-11-20,USDJPY,407998.9
2023-11-21,USDJPY,457742.9
2023-11-22,USDJPY,447548.0
2023-11-23,USDJPY,281846.9
2023-11-24,USDJPY,255667.6
2023-11-26,USDJPY,7498.2
2023-11-27,USDJPY,400378.8
2023-11-28,USDJPY,508457.4
2023-11-29,USDJPY,598079.2
2023-11-30,USDJPY,566125.0
2023-12-01,USDJPY,547546.2
2023-12-03,USDJPY,28330.6
2023-12-04,USDJPY,581763.9
2023-12-05,USDJPY,547796.4
2023-12-06,USDJPY,447729.1
2023-12-07,USDJPY,735079.9
2023-12-08,USDJPY,798293.8
2023-12-10,USDJPY,11526.6
2023-12-11,USDJPY,565140.5
2023-12-12,USDJPY,517897.9
2023-12-13,USDJPY,683839.4
2023-12-14,USDJPY,840915.6
2023-12-15,USDJPY,682613.3
2023-12-17,USDJPY,10090.3
2023-12-18,USDJPY,535081.9
2023-12-19,USDJPY,611144.0
2023-12-20,USDJPY,592165.8
2023-12-21,USDJPY,450681.9
2023-12-22,USDJPY,598837.2
2023-12-24,USDJPY,64.4
2023-12-25,USDJPY,8987.1
2023-12-26,USDJPY,275542.0
2023-12-27,USDJPY,408670.0
2023-12-28,USDJPY,504795.0
2023-12-29,USDJPY,440873.7
2024-01-01,USDJPY,8172.6
2024-01-02,USDJPY,322657.5
2024-01-03,USDJPY,440214.5
2024-01-04,USDJPY,494083.1
2024-01-05,USDJPY,628376.6
2024-01-07,USDJPY,9847.3
2024-01-08,USDJPY,502245.3
2024-01-09,USDJPY,513309.7
2024-01-10,USDJPY,425199.2
2024-01-11,USDJPY,517542.8
2024-01-12,USDJPY,480932.2
2024-01-14,USDJPY,6085.8
2024-01-15,USDJPY,334735.9
2024-01-16,USDJPY,636401.5
2024-01-17,USDJPY,560608.6
2024-01-18,USDJPY,541010.2
2024-01-19,USDJPY,451868.7
2024-01-21,USDJPY,8519.7
2024-01-22,USDJPY,478042.8
2024-01-23,USDJPY,441985.0
2024-01-24,USDJPY,485580.1
2024-01-25,USDJPY,548355.9
2024-01-26,USDJPY,463167.2
2024-01-28,USDJPY,10040.3
2024-01-29,USDJPY,272132.4
2024-01-30,USDJPY,433708.0
2024-01-31,USDJPY,542069.1
2024-02-01,USDJPY,548009.8
2024-02-02,USDJPY,548685.6
2024-02-04,USDJPY,9607.7
2024-02-05,USDJPY,525544.8
2024-02-06,USDJPY,519773.5
2024-02-07,USDJPY,405836.6
2024-02-08,USDJPY,564244.5
2024-02-09,USDJPY,428562.0
2024-02-11,USDJPY,10155.3
2024-02-12,USDJPY,409305.2
2024-02-13,USDJPY,425615.8
2024-02-14,USDJPY,312481.2
2024-02-15,USDJPY,343938.4
2024-02-16,USDJPY,439387.6
2024-02-18,USDJPY,7955.8
2024-02-19,USDJPY,202345.9
2024-02-20,USDJPY,322648.2
2024-02-21,USDJPY,334926.2
2024-02-22,USDJPY,295676.3
2024-02-23,USDJPY,252528.5
2024-02-25,USDJPY,8970.4
2024-02-26,USDJPY,263179.0
2024-02-27,USDJPY,208194.2
2024-02-28,USDJPY,301280.3
2024-02-29,USDJPY,316741.7
2024-03-01,USDJPY,446111.3
2024-03-03,USDJPY,6774.6
2024-03-04,USDJPY,267087.4
2024-03-05,USDJPY,353633.3
2024-03-06,USDJPY,219458.1
2024-03-07,USDJPY,318267.7
2024-03-08,USDJPY,282301.8
2024-03-10,USDJPY,16467.1
2024-03-11,USDJPY,312968.2
2024-03-12,USDJPY,442991.6
2024-03-13,USDJPY,357019.1
2024-03-14,USDJPY,512441.0
2024-03-15,USDJPY,287055.1
2024-03-17,USDJPY,11522.1
2024-03-18,USDJPY,222837.2
2024-03-19,USDJPY,426043.2
2024-03-20,USDJPY,365086.3
2024-03-21,USDJPY,277048.7
2024-03-22,USDJPY,256900.0
2024-03-24,USDJPY,9664.5
2024-03-25,USDJPY,260306.1
2024-03-26,USDJPY,344726.4
2024-03-27,USDJPY,363056.6
2024-03-28,USDJPY,281703.5
2024-03-29,USDJPY,105304.2
2024-03-31,USDJPY,11250.3
2024-04-01,USDJPY,238939.6
2024-04-02,USDJPY,326282.3
2024-04-03,USDJPY,291770.8
2024-04-04,USDJPY,356720.4
2024-04-05,USDJPY,425917.2
2024-04-07,USDJPY,16656.1
2024-04-08,USDJPY,244418.5
2024-04-09,USDJPY,277012.6
2024-04-10,USDJPY,358549.4
2024-04-11,USDJPY,318405.9
2024-04-12,USDJPY,287219.1
2024-04-14,USDJPY,15254.4
2024-04-15,USDJPY,315207.7
2024-04-16,USDJPY,303013.6
2024-04-17,USDJPY,190594.1
2024-04-18,USDJPY,249751.4
2024-04-19,USDJPY,329649.2
2024-04-21,USDJPY,9406.8
2024-04-22,USDJPY,165951.8
2024-04-23,USDJPY,191480.8
2024-04-24,USDJPY,184436.0
2024-04-25,USDJPY,269211.8
2024-04-26,USDJPY,309475.0
2024-04-28,USDJPY,17366.8
2024-04-29,USDJPY,473470.1
2024-04-30,USDJPY,220680.8
2024-05-01,USDJPY,326455.4
2024-05-02,USDJPY,424274.0
2024-05-03,USDJPY,367913.6
2024-05-05,USDJPY,11932.2
2024-05-06,USDJPY,216705.7
2024-05-07,USDJPY,262757.3
2024-05-08,USDJPY,239278.7
2024-05-09,USDJPY,231352.5
2024-05-10,USDJPY,221905.5
2024-05-12,USDJPY,7043.4
2024-05-13,USDJPY,194088.4
2024-05-14,USDJPY,193433.6
2024-05-15,USDJPY,328272.8
2024-05-16,USDJPY,326374.6
2024-05-17,USDJPY,224368.6
2024-05-19,USDJPY,6748.2
2024-05-20,USDJPY,228306.6
2024-05-21,USDJPY,355541.9
2024-05-22,USDJPY,229629.8
2024-05-23,USDJPY,257286.8
2024-05-24,USDJPY,170613.5
2024-05-26,USDJPY,5867.9
2024-05-27,USDJPY,131015.8
2024-05-28,USDJPY,210601.1
2024-05-29,USDJPY,216836.4
2024-05-30,USDJPY,312864.7
2024-05-31,USDJPY,302749.5
2024-06-02,USDJPY,11980.0
2024-06-03,USDJPY,307120.3
2024-06-04,USDJPY,428049.9
2024-06-05,USDJPY,381832.7
2024-06-06,USDJPY,265197.2
2024-06-07,USDJPY,372021.3
2024-06-09,USDJPY,11959.3
2024-06-10,USDJPY,293524.2
2024-06-11,USDJPY,319375.3
2024-06-12,USDJPY,384264.1
2024-06-13,USDJPY,361756.5
2024-06-14,USDJPY,441951.4
2024-06-16,USDJPY,12575.3
2024-06-17,USDJPY,267466.8
2024-06-18,USDJPY,222716.1
2024-06-19,USDJPY,133038.0
2024-06-20,USDJPY,230974.9
2024-06-21,USDJPY,252604.9
2024-06-23,USDJPY,9694.0
2024-06-24,USDJPY,240618.7
2024-06-25,USDJPY,252747.1
2024-06-26,USDJPY,272672.9
2024-06-27,USDJPY,285786.9
2024-06-28,USDJPY,346298.3
2024-06-30,USDJPY,11430.3
2024-07-01,USDJPY,258744.2
2024-07-02,USDJPY,195306.5
2024-07-03,USDJPY,242083.9
2024-07-04,USDJPY,167694.1
2024-07-05,USDJPY,259689.0
2024-07-07,USDJPY,14728.7
2024-07-08,USDJPY,315014.5
2024-07-09,USDJPY,255230.1
2024-07-10,USDJPY,218180.9
2024-07-11,USDJPY,320843.8
2024-07-12,USDJPY,316014.7
2024-07-14,USDJPY,15369.4
2024-07-15,USDJPY,325486.2
2024-07-16,USDJPY,295081.0
2024-07-17,USDJPY,497008.9
2024-07-18,USDJPY,452300.5
2024-07-19,USDJPY,335941.4
2024-07-21,USDJPY,13918.3
2024-07-22,USDJPY,421966.4
2024-07-23,USDJPY,433665.3
2024-07-24,USDJPY,570617.6
2024-07-25,USDJPY,533192.2
2024-07-26,USDJPY,503839.8
2024-07-28,USDJPY,35430.6
2024-07-29,USDJPY,580523.4
2024-07-30,USDJPY,511311.5
2024-07-31,USDJPY,791197.2
2024-08-01,USDJPY,806343.6
2024-08-02,USDJPY,759774.4
2024-08-04,USDJPY,60735.1
2024-08-05,USDJPY,837875.1
2024-08-06,USDJPY,575176.4
2024-08-07,USDJPY,562120.2
2024-08-08,USDJPY,794134.6
2024-08-09,USDJPY,673383.2
2024-08-11,USDJPY,23603.8
2024-08-12,USDJPY,577619.9
2024-08-13,USDJPY,607618.8
2024-08-14,USDJPY,395578.2
2024-08-15,USDJPY,337212.6
2024-08-16,USDJPY,458675.4
2024-08-18,USDJPY,19865.5
2024-08-19,USDJPY,557987.8
2024-08-20,USDJPY,587790.2
2024-08-21,USDJPY,542195.9
2024-08-22,USDJPY,413030.6
2024-08-23,USDJPY,328431.2
2024-08-25,USDJPY,25792.0
2024-08-26,USDJPY,388119.6
2024-08-27,USDJPY,454645.2
2024-08-28,USDJPY,491371.1
2024-08-29,USDJPY,568641.9
2024-08-30,USDJPY,454882.2
2024-09-01,USDJPY,16222.9
2024-09-02,USDJPY,310092.2
2024-09-03,USDJPY,601240.6
2024-09-04,USDJPY,585067.7
2024-09-05,USDJPY,600861.4
2024-09-06,USDJPY,672320.8
2024-09-08,USDJPY,30963.9
2024-09-09,USDJPY,560044.6
2024-09-10,USDJPY,463192.5
2024-09-11,USDJPY,686009.9
2024-09-12,USDJPY,663972.4
2024-09-13,USDJPY,571298.9
2024-09-15,USDJPY,18885.7
2024-09-16,USDJPY,569014.0
2024-09-17,USDJPY,578176.6
2024-09-18,USDJPY,588854.6
2024-09-19,USDJPY,673713.5
2024-09-20,USDJPY,667647.8
2024-09-22,USDJPY,20563.9
2024-09-23,USDJPY,571614.6
2024-09-24,USDJPY,493324.5
2024-09-25,USDJPY,472756.9
2024-09-26,USDJPY,530040.9
2024-09-27,USDJPY,512470.7
2024-09-29,USDJPY,24545.6
2024-09-30,USDJPY,579306.2
2024-10-01,USDJPY,596796.7
2024-10-02,USDJPY,571684.8
2024-10-03,USDJPY,548301.2
2024-10-04,USDJPY,477679.2
2024-10-06,USDJPY,17900.7
2024-10-07,USDJPY,576577.7
2024-10-08,USDJPY,488901.4
2024-10-09,USDJPY,363985.8
2024-10-10,USDJPY,453526.9
2024-10-11,USDJPY,301775.7
2024-10-13,USDJPY,9931.4
2024-10-14,USDJPY,209919.9
2024-10-15,USDJPY,369599.2
2024-10-16,USDJPY,348912.5
2024-10-17,USDJPY,354122.0
2024-10-18,USDJPY,316368.2
2024-10-20,USDJPY,7582.4
2024-10-21,USDJPY,348520.0
2024-10-22,USDJPY,312008.1
2024-10-23,USDJPY,478669.6
2024-10-24,USDJPY,512743.1
2024-10-25,USDJPY,405093.8
2024-10-27,USDJPY,32469.1
2024-10-28,USDJPY,400051.3
2024-10-29,USDJPY,403846.9
2024-10-30,USDJPY,440512.8
2024-10-31,USDJPY,507652.9
2024-11-01,USDJPY,442008.3
2024-11-03,USDJPY,16368.3
2024-11-04,USDJPY,490913.8
2024-11-05,USDJPY,527002.3
2024-11-06,USDJPY,1188840.0
2024-11-07,USDJPY,750707.1
2024-11-08,USDJPY,657322.8
2024-11-10,USDJPY,10138.6
2024-11-11,USDJPY,460709.8
2024-11-12,USDJPY,583092.6
2024-11-13,USDJPY,683578.9
2024-11-14,USDJPY,627589.2
2024-11-15,USDJPY,711080.1
2024-11-17,USDJPY,16037.0
2024-11-18,USDJPY,710853.6
2024-11-19,USDJPY,759306.1
2024-11-20,USDJPY,574095.4
2024-11-21,USDJPY,791208.9
2024-11-22,USDJPY,716900.9
2024-11-24,USDJPY,18687.9
2024-11-25,USDJPY,762569.4
2024-11-26,USDJPY,749971.1
2024-11-27,USDJPY,772955.0
2024-11-28,USDJPY,411990.1
2024-11-29,USDJPY,743602.8
2024-12-01,USDJPY,25430.8
2024-12-02,USDJPY,761265.2
2024-12-03,USDJPY,676074.8
2024-12-04,USDJPY,605435.4
2024-12-05,USDJPY,657494.4
2024-12-06,USDJPY,584797.2
2024-12-08,USDJPY,10576.4
2024-12-09,USDJPY,489092.6
2024-12-10,USDJPY,529364.6
2024-12-11,USDJPY,575244.2
2024-12-12,USDJPY,592604.8
2024-12-13,USDJPY,456197.2
2024-12-15,USDJPY,11409.0
2024-12-16,USDJPY,414697.8
2024-12-17,USDJPY,511415.4
2024-12-18,USDJPY,543939.6
2024-12-19,USDJPY,735799.8
2024-12-20,USDJPY,730388.2
2024-12-22,USDJPY,14257.5
2024-12-23,USDJPY,456659.3
2024-12-24,USDJPY,301195.7
2024-12-25,USDJPY,17545.3
2024-12-26,USDJPY,357384.7
2024-12-27,USDJPY,376711.0
2024-12-29,USDJPY,8027.6
2024-12-30,USDJPY,418952.9
2024-12-31,USDJPY,502446.1
