DATE,rate,cur,code
1964-06-01,3.86,USD,IR3TIB01USM156N
1964-07-01,3.87,USD,IR3TIB01USM156N
1964-08-01,3.85,USD,IR3TIB01USM156N
1964-09-01,3.87,USD,IR3TIB01USM156N
1964-10-01,3.94,USD,IR3TIB01USM156N
1964-11-01,3.99,USD,IR3TIB01USM156N
1964-12-01,4.14,USD,IR3TIB01USM156N
1965-01-01,4.13,USD,IR3TIB01USM156N
1965-02-01,4.19,USD,IR3TIB01USM156N
1965-03-01,4.27,USD,IR3TIB01USM156N
1965-04-01,4.28,USD,IR3TIB01USM156N
1965-05-01,4.32,USD,IR3TIB01USM156N
1965-06-01,4.31,USD,IR3TIB01USM156N
1965-07-01,4.29,USD,IR3TIB01USM156N
1965-08-01,4.3,USD,IR3TIB01USM156N
1965-09-01,4.34,USD,IR3TIB01USM156N
1965-10-01,4.46,USD,IR3TIB01USM156N
1965-11-01,4.49,USD,IR3TIB01USM156N
1965-12-01,4.75,USD,IR3TIB01USM156N
1966-01-01,4.95,USD,IR3TIB01USM156N
1966-02-01,5.05,USD,IR3TIB01USM156N
1966-03-01,5.19,USD,IR3TIB01USM156N
1966-04-01,5.26,USD,IR3TIB01USM156N
1966-05-01,5.38,USD,IR3TIB01USM156N
1966-06-01,5.5,USD,IR3TIB01USM156N
1966-07-01,5.62,USD,IR3TIB01USM156N
1966-08-01,5.72,USD,IR3TIB01USM156N
1966-09-01,5.86,USD,IR3TIB01USM156N
1966-10-01,5.83,USD,IR3TIB01USM156N
1966-11-01,5.79,USD,IR3TIB01USM156N
1966-12-01,5.65,USD,IR3TIB01USM156N
1967-01-01,5.4,USD,IR3TIB01USM156N
1967-02-01,5.18,USD,IR3TIB01USM156N
1967-03-01,5.01,USD,IR3TIB01USM156N
1967-04-01,4.43,USD,IR3TIB01USM156N
1967-05-01,4.49,USD,IR3TIB01USM156N
1967-06-01,4.66,USD,IR3TIB01USM156N
1967-07-01,5.0,USD,IR3TIB01USM156N
1967-08-01,4.93,USD,IR3TIB01USM156N
1967-09-01,4.91,USD,IR3TIB01USM156N
1967-10-01,5.22,USD,IR3TIB01USM156N
1967-11-01,5.4,USD,IR3TIB01USM156N
1967-12-01,5.62,USD,IR3TIB01USM156N
1968-01-01,5.48,USD,IR3TIB01USM156N
1968-02-01,5.33,USD,IR3TIB01USM156N
1968-03-01,5.58,USD,IR3TIB01USM156N
1968-04-01,5.78,USD,IR3TIB01USM156N
1968-05-01,6.14,USD,IR3TIB01USM156N
1968-06-01,6.12,USD,IR3TIB01USM156N
1968-07-01,6.03,USD,IR3TIB01USM156N
1968-08-01,5.85,USD,IR3TIB01USM156N
1968-09-01,5.78,USD,IR3TIB01USM156N
1968-10-01,5.9,USD,IR3TIB01USM156N
1968-11-01,6.05,USD,IR3TIB01USM156N
1968-12-01,6.27,USD,IR3TIB01USM156N
1969-01-01,6.5,USD,IR3TIB01USM156N
1969-02-01,6.52,USD,IR3TIB01USM156N
1969-03-01,6.65,USD,IR3TIB01USM156N
1969-04-01,6.84,USD,IR3TIB01USM156N
1969-05-01,7.28,USD,IR3TIB01USM156N
1969-06-01,8.01,USD,IR3TIB01USM156N
1969-07-01,8.69,USD,IR3TIB01USM156N
1969-08-01,8.38,USD,IR3TIB01USM156N
1969-09-01,8.47,USD,IR3TIB01USM156N
1969-10-01,8.56,USD,IR3TIB01USM156N
1969-11-01,8.46,USD,IR3TIB01USM156N
1969-12-01,8.77,USD,IR3TIB01USM156N
1970-01-01,8.91,USD,IR3TIB01USM156N
1970-02-01,8.58,USD,IR3TIB01USM156N
1970-03-01,8.08,USD,IR3TIB01USM156N
1970-04-01,7.51,USD,IR3TIB01USM156N
1970-05-01,8.08,USD,IR3TIB01USM156N
1970-06-01,8.07,USD,IR3TIB01USM156N
1970-07-01,8.01,USD,IR3TIB01USM156N
1970-08-01,7.72,USD,IR3TIB01USM156N
1970-09-01,7.3,USD,IR3TIB01USM156N
1970-10-01,6.76,USD,IR3TIB01USM156N
1970-11-01,6.08,USD,IR3TIB01USM156N
1970-12-01,5.67,USD,IR3TIB01USM156N
1971-01-01,5.09,USD,IR3TIB01USM156N
1971-02-01,4.38,USD,IR3TIB01USM156N
1971-03-01,3.85,USD,IR3TIB01USM156N
1971-04-01,4.45,USD,IR3TIB01USM156N
1971-05-01,4.98,USD,IR3TIB01USM156N
1971-06-01,5.4,USD,IR3TIB01USM156N
1971-07-01,5.75,USD,IR3TIB01USM156N
1971-08-01,5.74,USD,IR3TIB01USM156N
1971-09-01,5.63,USD,IR3TIB01USM156N
1971-10-01,5.27,USD,IR3TIB01USM156N
1971-11-01,4.87,USD,IR3TIB01USM156N
1971-12-01,4.65,USD,IR3TIB01USM156N
1972-01-01,3.95,USD,IR3TIB01USM156N
1972-02-01,3.61,USD,IR3TIB01USM156N
1972-03-01,4.08,USD,IR3TIB01USM156N
1972-04-01,4.6,USD,IR3TIB01USM156N
1972-05-01,4.41,USD,IR3TIB01USM156N
1972-06-01,4.64,USD,IR3TIB01USM156N
1972-07-01,4.82,USD,IR3TIB01USM156N
1972-08-01,4.85,USD,IR3TIB01USM156N
1972-09-01,5.13,USD,IR3TIB01USM156N
1972-10-01,5.25,USD,IR3TIB01USM156N
1972-11-01,5.22,USD,IR3TIB01USM156N
1972-12-01,5.43,USD,IR3TIB01USM156N
1973-01-01,5.81,USD,IR3TIB01USM156N
1973-02-01,6.34,USD,IR3TIB01USM156N
1973-03-01,7.05,USD,IR3TIB01USM156N
1973-04-01,7.31,USD,IR3TIB01USM156N
1973-05-01,7.55,USD,IR3TIB01USM156N
1973-06-01,8.16,USD,IR3TIB01USM156N
1973-07-01,9.7,USD,IR3TIB01USM156N
1973-08-01,10.77,USD,IR3TIB01USM156N
1973-09-01,10.59,USD,IR3TIB01USM156N
1973-10-01,9.2,USD,IR3TIB01USM156N
1973-11-01,9.24,USD,IR3TIB01USM156N
1973-12-01,9.27,USD,IR3TIB01USM156N
1974-01-01,9.0,USD,IR3TIB01USM156N
1974-02-01,8.08,USD,IR3TIB01USM156N
1974-03-01,8.84,USD,IR3TIB01USM156N
1974-04-01,10.25,USD,IR3TIB01USM156N
1974-05-01,11.2,USD,IR3TIB01USM156N
1974-06-01,11.38,USD,IR3TIB01USM156N
1974-07-01,12.25,USD,IR3TIB01USM156N
1974-08-01,12.23,USD,IR3TIB01USM156N
1974-09-01,11.6,USD,IR3TIB01USM156N
1974-10-01,9.78,USD,IR3TIB01USM156N
1974-11-01,9.09,USD,IR3TIB01USM156N
1974-12-01,9.23,USD,IR3TIB01USM156N
1975-01-01,7.48,USD,IR3TIB01USM156N
1975-02-01,6.41,USD,IR3TIB01USM156N
1975-03-01,6.18,USD,IR3TIB01USM156N
1975-04-01,6.26,USD,IR3TIB01USM156N
1975-05-01,5.79,USD,IR3TIB01USM156N
1975-06-01,5.82,USD,IR3TIB01USM156N
1975-07-01,6.55,USD,IR3TIB01USM156N
1975-08-01,6.87,USD,IR3TIB01USM156N
1975-09-01,7.03,USD,IR3TIB01USM156N
1975-10-01,6.56,USD,IR3TIB01USM156N
1975-11-01,6.26,USD,IR3TIB01USM156N
1975-12-01,6.03,USD,IR3TIB01USM156N
1976-01-01,5.14,USD,IR3TIB01USM156N
1976-02-01,5.18,USD,IR3TIB01USM156N
1976-03-01,5.34,USD,IR3TIB01USM156N
1976-04-01,5.12,USD,IR3TIB01USM156N
1976-05-01,5.56,USD,IR3TIB01USM156N
1976-06-01,5.84,USD,IR3TIB01USM156N
1976-07-01,5.52,USD,IR3TIB01USM156N
1976-08-01,5.39,USD,IR3TIB01USM156N
1976-09-01,5.33,USD,IR3TIB01USM156N
1976-10-01,5.12,USD,IR3TIB01USM156N
1976-11-01,5.01,USD,IR3TIB01USM156N
1976-12-01,4.67,USD,IR3TIB01USM156N
1977-01-01,4.83,USD,IR3TIB01USM156N
1977-02-01,4.83,USD,IR3TIB01USM156N
1977-03-01,4.84,USD,IR3TIB01USM156N
1977-04-01,4.8,USD,IR3TIB01USM156N
1977-05-01,5.36,USD,IR3TIB01USM156N
1977-06-01,5.42,USD,IR3TIB01USM156N
1977-07-01,5.46,USD,IR3TIB01USM156N
1977-08-01,5.9,USD,IR3TIB01USM156N
1977-09-01,6.19,USD,IR3TIB01USM156N
1977-10-01,6.67,USD,IR3TIB01USM156N
1977-11-01,6.68,USD,IR3TIB01USM156N
1977-12-01,6.71,USD,IR3TIB01USM156N
1978-01-01,6.94,USD,IR3TIB01USM156N
1978-02-01,6.9,USD,IR3TIB01USM156N
1978-03-01,6.86,USD,IR3TIB01USM156N
1978-04-01,7.03,USD,IR3TIB01USM156N
1978-05-01,7.4,USD,IR3TIB01USM156N
1978-06-01,7.83,USD,IR3TIB01USM156N
1978-07-01,8.12,USD,IR3TIB01USM156N
1978-08-01,8.06,USD,IR3TIB01USM156N
1978-09-01,8.64,USD,IR3TIB01USM156N
1978-10-01,9.44,USD,IR3TIB01USM156N
1978-11-01,10.72,USD,IR3TIB01USM156N
1978-12-01,10.72,USD,IR3TIB01USM156N
1979-01-01,10.51,USD,IR3TIB01USM156N
1979-02-01,10.19,USD,IR3TIB01USM156N
1979-03-01,10.13,USD,IR3TIB01USM156N
1979-04-01,10.06,USD,IR3TIB01USM156N
1979-05-01,10.16,USD,IR3TIB01USM156N
1979-06-01,9.95,USD,IR3TIB01USM156N
1979-07-01,10.11,USD,IR3TIB01USM156N
1979-08-01,10.71,USD,IR3TIB01USM156N
1979-09-01,11.89,USD,IR3TIB01USM156N
1979-10-01,13.66,USD,IR3TIB01USM156N
1979-11-01,13.9,USD,IR3TIB01USM156N
1979-12-01,13.43,USD,IR3TIB01USM156N
1980-01-01,13.39,USD,IR3TIB01USM156N
1980-02-01,14.3,USD,IR3TIB01USM156N
1980-03-01,17.57,USD,IR3TIB01USM156N
1980-04-01,16.14,USD,IR3TIB01USM156N
1980-05-01,9.79,USD,IR3TIB01USM156N
1980-06-01,8.49,USD,IR3TIB01USM156N
1980-07-01,8.65,USD,IR3TIB01USM156N
1980-08-01,9.91,USD,IR3TIB01USM156N
1980-09-01,11.29,USD,IR3TIB01USM156N
1980-10-01,12.94,USD,IR3TIB01USM156N
1980-11-01,15.68,USD,IR3TIB01USM156N
1980-12-01,18.65,USD,IR3TIB01USM156N
1981-01-01,17.19,USD,IR3TIB01USM156N
1981-02-01,16.14,USD,IR3TIB01USM156N
1981-03-01,14.43,USD,IR3TIB01USM156N
1981-04-01,15.08,USD,IR3TIB01USM156N
1981-05-01,18.27,USD,IR3TIB01USM156N
1981-06-01,16.9,USD,IR3TIB01USM156N
1981-07-01,17.76,USD,IR3TIB01USM156N
1981-08-01,17.96,USD,IR3TIB01USM156N
1981-09-01,16.84,USD,IR3TIB01USM156N
1981-10-01,15.39,USD,IR3TIB01USM156N
1981-11-01,12.48,USD,IR3TIB01USM156N
1981-12-01,12.49,USD,IR3TIB01USM156N
1982-01-01,13.51,USD,IR3TIB01USM156N
1982-02-01,15.0,USD,IR3TIB01USM156N
1982-03-01,14.21,USD,IR3TIB01USM156N
1982-04-01,14.44,USD,IR3TIB01USM156N
1982-05-01,13.8,USD,IR3TIB01USM156N
1982-06-01,14.46,USD,IR3TIB01USM156N
1982-07-01,13.44,USD,IR3TIB01USM156N
1982-08-01,10.61,USD,IR3TIB01USM156N
1982-09-01,10.66,USD,IR3TIB01USM156N
1982-10-01,9.51,USD,IR3TIB01USM156N
1982-11-01,8.95,USD,IR3TIB01USM156N
1982-12-01,8.66,USD,IR3TIB01USM156N
1983-01-01,8.36,USD,IR3TIB01USM156N
1983-02-01,8.54,USD,IR3TIB01USM156N
1983-03-01,8.69,USD,IR3TIB01USM156N
1983-04-01,8.63,USD,IR3TIB01USM156N
1983-05-01,8.49,USD,IR3TIB01USM156N
1983-06-01,9.2,USD,IR3TIB01USM156N
1983-07-01,9.5,USD,IR3TIB01USM156N
1983-08-01,9.77,USD,IR3TIB01USM156N
1983-09-01,9.39,USD,IR3TIB01USM156N
1983-10-01,9.18,USD,IR3TIB01USM156N
1983-11-01,9.36,USD,IR3TIB01USM156N
1983-12-01,9.69,USD,IR3TIB01USM156N
1984-01-01,9.42,USD,IR3TIB01USM156N
1984-02-01,9.54,USD,IR3TIB01USM156N
1984-03-01,10.08,USD,IR3TIB01USM156N
1984-04-01,10.41,USD,IR3TIB01USM156N
1984-05-01,11.11,USD,IR3TIB01USM156N
1984-06-01,11.34,USD,IR3TIB01USM156N
1984-07-01,11.56,USD,IR3TIB01USM156N
1984-08-01,11.47,USD,IR3TIB01USM156N
1984-09-01,11.29,USD,IR3TIB01USM156N
1984-10-01,10.38,USD,IR3TIB01USM156N
1984-11-01,9.18,USD,IR3TIB01USM156N
1984-12-01,8.6,USD,IR3TIB01USM156N
1985-01-01,8.14,USD,IR3TIB01USM156N
1985-02-01,8.69,USD,IR3TIB01USM156N
1985-03-01,9.02,USD,IR3TIB01USM156N
1985-04-01,8.49,USD,IR3TIB01USM156N
1985-05-01,7.92,USD,IR3TIB01USM156N
1985-06-01,7.44,USD,IR3TIB01USM156N
1985-07-01,7.64,USD,IR3TIB01USM156N
1985-08-01,7.81,USD,IR3TIB01USM156N
1985-09-01,7.93,USD,IR3TIB01USM156N
1985-10-01,7.88,USD,IR3TIB01USM156N
1985-11-01,7.81,USD,IR3TIB01USM156N
1985-12-01,7.8,USD,IR3TIB01USM156N
1986-01-01,7.82,USD,IR3TIB01USM156N
1986-02-01,7.69,USD,IR3TIB01USM156N
1986-03-01,7.24,USD,IR3TIB01USM156N
1986-04-01,6.6,USD,IR3TIB01USM156N
1986-05-01,6.65,USD,IR3TIB01USM156N
1986-06-01,6.73,USD,IR3TIB01USM156N
1986-07-01,6.37,USD,IR3TIB01USM156N
1986-08-01,5.92,USD,IR3TIB01USM156N
1986-09-01,5.71,USD,IR3TIB01USM156N
1986-10-01,5.69,USD,IR3TIB01USM156N
1986-11-01,5.76,USD,IR3TIB01USM156N
1986-12-01,6.04,USD,IR3TIB01USM156N
1987-01-01,5.87,USD,IR3TIB01USM156N
1987-02-01,6.1,USD,IR3TIB01USM156N
1987-03-01,6.17,USD,IR3TIB01USM156N
1987-04-01,6.52,USD,IR3TIB01USM156N
1987-05-01,6.99,USD,IR3TIB01USM156N
1987-06-01,6.94,USD,IR3TIB01USM156N
1987-07-01,6.7,USD,IR3TIB01USM156N
1987-08-01,6.75,USD,IR3TIB01USM156N
1987-09-01,7.37,USD,IR3TIB01USM156N
1987-10-01,8.02,USD,IR3TIB01USM156N
1987-11-01,7.24,USD,IR3TIB01USM156N
1987-12-01,7.66,USD,IR3TIB01USM156N
1988-01-01,6.92,USD,IR3TIB01USM156N
1988-02-01,6.6,USD,IR3TIB01USM156N
1988-03-01,6.63,USD,IR3TIB01USM156N
1988-04-01,6.92,USD,IR3TIB01USM156N
1988-05-01,7.24,USD,IR3TIB01USM156N
1988-06-01,7.51,USD,IR3TIB01USM156N
1988-07-01,7.94,USD,IR3TIB01USM156N
1988-08-01,8.35,USD,IR3TIB01USM156N
1988-09-01,8.23,USD,IR3TIB01USM156N
1988-10-01,8.36,USD,IR3TIB01USM156N
1988-11-01,8.78,USD,IR3TIB01USM156N
1988-12-01,9.25,USD,IR3TIB01USM156N
1989-01-01,9.2,USD,IR3TIB01USM156N
1989-02-01,9.51,USD,IR3TIB01USM156N
1989-03-01,10.09,USD,IR3TIB01USM156N
1989-04-01,9.94,USD,IR3TIB01USM156N
1989-05-01,9.59,USD,IR3TIB01USM156N
1989-06-01,9.2,USD,IR3TIB01USM156N
1989-07-01,8.76,USD,IR3TIB01USM156N
1989-08-01,8.64,USD,IR3TIB01USM156N
1989-09-01,8.78,USD,IR3TIB01USM156N
1989-10-01,8.6,USD,IR3TIB01USM156N
1989-11-01,8.39,USD,IR3TIB01USM156N
1989-12-01,8.32,USD,IR3TIB01USM156N
1990-01-01,8.16,USD,IR3TIB01USM156N
1990-02-01,8.22,USD,IR3TIB01USM156N
1990-03-01,8.35,USD,IR3TIB01USM156N
1990-04-01,8.42,USD,IR3TIB01USM156N
1990-05-01,8.35,USD,IR3TIB01USM156N
1990-06-01,8.23,USD,IR3TIB01USM156N
1990-07-01,8.1,USD,IR3TIB01USM156N
1990-08-01,7.97,USD,IR3TIB01USM156N
1990-09-01,8.06,USD,IR3TIB01USM156N
1990-10-01,8.06,USD,IR3TIB01USM156N
1990-11-01,8.03,USD,IR3TIB01USM156N
1990-12-01,7.82,USD,IR3TIB01USM156N
1991-01-01,7.17,USD,IR3TIB01USM156N
1991-02-01,6.52,USD,IR3TIB01USM156N
1991-03-01,6.45,USD,IR3TIB01USM156N
1991-04-01,6.06,USD,IR3TIB01USM156N
1991-05-01,5.91,USD,IR3TIB01USM156N
1991-06-01,6.07,USD,IR3TIB01USM156N
1991-07-01,5.98,USD,IR3TIB01USM156N
1991-08-01,5.65,USD,IR3TIB01USM156N
1991-09-01,5.47,USD,IR3TIB01USM156N
1991-10-01,5.33,USD,IR3TIB01USM156N
1991-11-01,4.94,USD,IR3TIB01USM156N
1991-12-01,4.47,USD,IR3TIB01USM156N
1992-01-01,4.05,USD,IR3TIB01USM156N
1992-02-01,4.07,USD,IR3TIB01USM156N
1992-03-01,4.25,USD,IR3TIB01USM156N
1992-04-01,4.0,USD,IR3TIB01USM156N
1992-05-01,3.82,USD,IR3TIB01USM156N
1992-06-01,3.86,USD,IR3TIB01USM156N
1992-07-01,3.37,USD,IR3TIB01USM156N
1992-08-01,3.31,USD,IR3TIB01USM156N
1992-09-01,3.13,USD,IR3TIB01USM156N
1992-10-01,3.26,USD,IR3TIB01USM156N
1992-11-01,3.58,USD,IR3TIB01USM156N
1992-12-01,3.48,USD,IR3TIB01USM156N
1993-01-01,3.19,USD,IR3TIB01USM156N
1993-02-01,3.12,USD,IR3TIB01USM156N
1993-03-01,3.11,USD,IR3TIB01USM156N
1993-04-01,3.09,USD,IR3TIB01USM156N
1993-05-01,3.1,USD,IR3TIB01USM156N
1993-06-01,3.21,USD,IR3TIB01USM156N
1993-07-01,3.16,USD,IR3TIB01USM156N
1993-08-01,3.14,USD,IR3TIB01USM156N
1993-09-01,3.12,USD,IR3TIB01USM156N
1993-10-01,3.24,USD,IR3TIB01USM156N
1993-11-01,3.35,USD,IR3TIB01USM156N
1993-12-01,3.26,USD,IR3TIB01USM156N
1994-01-01,3.15,USD,IR3TIB01USM156N
1994-02-01,3.43,USD,IR3TIB01USM156N
1994-03-01,3.77,USD,IR3TIB01USM156N
1994-04-01,4.01,USD,IR3TIB01USM156N
1994-05-01,4.51,USD,IR3TIB01USM156N
1994-06-01,4.52,USD,IR3TIB01USM156N
1994-07-01,4.73,USD,IR3TIB01USM156N
1994-08-01,4.81,USD,IR3TIB01USM156N
1994-09-01,5.03,USD,IR3TIB01USM156N
1994-10-01,5.51,USD,IR3TIB01USM156N
1994-11-01,5.79,USD,IR3TIB01USM156N
1994-12-01,6.29,USD,IR3TIB01USM156N
1995-01-01,6.24,USD,IR3TIB01USM156N
1995-02-01,6.16,USD,IR3TIB01USM156N
1995-03-01,6.15,USD,IR3TIB01USM156N
1995-04-01,6.11,USD,IR3TIB01USM156N
1995-05-01,6.02,USD,IR3TIB01USM156N
1995-06-01,5.9,USD,IR3TIB01USM156N
1995-07-01,5.77,USD,IR3TIB01USM156N
1995-08-01,5.77,USD,IR3TIB01USM156N
1995-09-01,5.73,USD,IR3TIB01USM156N
1995-10-01,5.79,USD,IR3TIB01USM156N
1995-11-01,5.74,USD,IR3TIB01USM156N
1995-12-01,5.62,USD,IR3TIB01USM156N
1996-01-01,5.39,USD,IR3TIB01USM156N
1996-02-01,5.15,USD,IR3TIB01USM156N
1996-03-01,5.29,USD,IR3TIB01USM156N
1996-04-01,5.36,USD,IR3TIB01USM156N
1996-05-01,5.36,USD,IR3TIB01USM156N
1996-06-01,5.46,USD,IR3TIB01USM156N
1996-07-01,5.53,USD,IR3TIB01USM156N
1996-08-01,5.4,USD,IR3TIB01USM156N
1996-09-01,5.51,USD,IR3TIB01USM156N
1996-10-01,5.41,USD,IR3TIB01USM156N
1996-11-01,5.38,USD,IR3TIB01USM156N
1996-12-01,5.44,USD,IR3TIB01USM156N
1997-01-01,5.43,USD,IR3TIB01USM156N
1997-02-01,5.37,USD,IR3TIB01USM156N
1997-03-01,5.53,USD,IR3TIB01USM156N
1997-04-01,5.71,USD,IR3TIB01USM156N
1997-05-01,5.7,USD,IR3TIB01USM156N
1997-06-01,5.66,USD,IR3TIB01USM156N
1997-07-01,5.6,USD,IR3TIB01USM156N
1997-08-01,5.6,USD,IR3TIB01USM156N
1997-09-01,5.6,USD,IR3TIB01USM156N
1997-10-01,5.65,USD,IR3TIB01USM156N
1997-11-01,5.74,USD,IR3TIB01USM156N
1997-12-01,5.8,USD,IR3TIB01USM156N
1998-01-01,5.54,USD,IR3TIB01USM156N
1998-02-01,5.54,USD,IR3TIB01USM156N
1998-03-01,5.58,USD,IR3TIB01USM156N
1998-04-01,5.58,USD,IR3TIB01USM156N
1998-05-01,5.59,USD,IR3TIB01USM156N
1998-06-01,5.6,USD,IR3TIB01USM156N
1998-07-01,5.59,USD,IR3TIB01USM156N
1998-08-01,5.58,USD,IR3TIB01USM156N
1998-09-01,5.41,USD,IR3TIB01USM156N
1998-10-01,5.21,USD,IR3TIB01USM156N
1998-11-01,5.24,USD,IR3TIB01USM156N
1998-12-01,5.14,USD,IR3TIB01USM156N
1999-01-01,4.89,USD,IR3TIB01USM156N
1999-02-01,4.9,USD,IR3TIB01USM156N
1999-03-01,4.91,USD,IR3TIB01USM156N
1999-04-01,4.88,USD,IR3TIB01USM156N
1999-05-01,4.92,USD,IR3TIB01USM156N
1999-06-01,5.13,USD,IR3TIB01USM156N
1999-07-01,5.24,USD,IR3TIB01USM156N
1999-08-01,5.41,USD,IR3TIB01USM156N
1999-09-01,5.5,USD,IR3TIB01USM156N
1999-10-01,6.13,USD,IR3TIB01USM156N
1999-11-01,6.0,USD,IR3TIB01USM156N
1999-12-01,6.05,USD,IR3TIB01USM156N
2000-01-01,5.95,USD,IR3TIB01USM156N
2000-02-01,6.01,USD,IR3TIB01USM156N
2000-03-01,6.14,USD,IR3TIB01USM156N
2000-04-01,6.28,USD,IR3TIB01USM156N
2000-05-01,6.71,USD,IR3TIB01USM156N
2000-06-01,6.73,USD,IR3TIB01USM156N
2000-07-01,6.67,USD,IR3TIB01USM156N
2000-08-01,6.61,USD,IR3TIB01USM156N
2000-09-01,6.6,USD,IR3TIB01USM156N
2000-10-01,6.67,USD,IR3TIB01USM156N
2000-11-01,6.65,USD,IR3TIB01USM156N
2000-12-01,6.45,USD,IR3TIB01USM156N
2001-01-01,5.62,USD,IR3TIB01USM156N
2001-02-01,5.26,USD,IR3TIB01USM156N
2001-03-01,4.89,USD,IR3TIB01USM156N
2001-04-01,4.53,USD,IR3TIB01USM156N
2001-05-01,4.02,USD,IR3TIB01USM156N
2001-06-01,3.74,USD,IR3TIB01USM156N
2001-07-01,3.66,USD,IR3TIB01USM156N
2001-08-01,3.48,USD,IR3TIB01USM156N
2001-09-01,2.87,USD,IR3TIB01USM156N
2001-10-01,2.31,USD,IR3TIB01USM156N
2001-11-01,2.03,USD,IR3TIB01USM156N
2001-12-01,1.83,USD,IR3TIB01USM156N
2002-01-01,1.74,USD,IR3TIB01USM156N
2002-02-01,1.82,USD,IR3TIB01USM156N
2002-03-01,1.91,USD,IR3TIB01USM156N
2002-04-01,1.87,USD,IR3TIB01USM156N
2002-05-01,1.82,USD,IR3TIB01USM156N
2002-06-01,1.81,USD,IR3TIB01USM156N
2002-07-01,1.79,USD,IR3TIB01USM156N
2002-08-01,1.73,USD,IR3TIB01USM156N
2002-09-01,1.76,USD,IR3TIB01USM156N
2002-10-01,1.73,USD,IR3TIB01USM156N
2002-11-01,1.39,USD,IR3TIB01USM156N
2002-12-01,1.34,USD,IR3TIB01USM156N
2003-01-01,1.29,USD,IR3TIB01USM156N
2003-02-01,1.27,USD,IR3TIB01USM156N
2003-03-01,1.23,USD,IR3TIB01USM156N
2003-04-01,1.24,USD,IR3TIB01USM156N
2003-05-01,1.22,USD,IR3TIB01USM156N
2003-06-01,1.04,USD,IR3TIB01USM156N
2003-07-01,1.05,USD,IR3TIB01USM156N
2003-08-01,1.08,USD,IR3TIB01USM156N
2003-09-01,1.08,USD,IR3TIB01USM156N
2003-10-01,1.1,USD,IR3TIB01USM156N
2003-11-01,1.11,USD,IR3TIB01USM156N
2003-12-01,1.1,USD,IR3TIB01USM156N
2004-01-01,1.06,USD,IR3TIB01USM156N
2004-02-01,1.05,USD,IR3TIB01USM156N
2004-03-01,1.05,USD,IR3TIB01USM156N
2004-04-01,1.08,USD,IR3TIB01USM156N
2004-05-01,1.2,USD,IR3TIB01USM156N
2004-06-01,1.46,USD,IR3TIB01USM156N
2004-07-01,1.57,USD,IR3TIB01USM156N
2004-08-01,1.68,USD,IR3TIB01USM156N
2004-09-01,1.86,USD,IR3TIB01USM156N
2004-10-01,2.04,USD,IR3TIB01USM156N
2004-11-01,2.26,USD,IR3TIB01USM156N
2004-12-01,2.45,USD,IR3TIB01USM156N
2005-01-01,2.61,USD,IR3TIB01USM156N
2005-02-01,2.77,USD,IR3TIB01USM156N
2005-03-01,2.97,USD,IR3TIB01USM156N
2005-04-01,3.09,USD,IR3TIB01USM156N
2005-05-01,3.22,USD,IR3TIB01USM156N
2005-06-01,3.38,USD,IR3TIB01USM156N
2005-07-01,3.57,USD,IR3TIB01USM156N
2005-08-01,3.77,USD,IR3TIB01USM156N
2005-09-01,3.87,USD,IR3TIB01USM156N
2005-10-01,4.13,USD,IR3TIB01USM156N
2005-11-01,4.31,USD,IR3TIB01USM156N
2005-12-01,4.45,USD,IR3TIB01USM156N
2006-01-01,4.56,USD,IR3TIB01USM156N
2006-02-01,4.72,USD,IR3TIB01USM156N
2006-03-01,4.88,USD,IR3TIB01USM156N
2006-04-01,5.03,USD,IR3TIB01USM156N
2006-05-01,5.15,USD,IR3TIB01USM156N
2006-06-01,5.35,USD,IR3TIB01USM156N
2006-07-01,5.46,USD,IR3TIB01USM156N
2006-08-01,5.38,USD,IR3TIB01USM156N
2006-09-01,5.34,USD,IR3TIB01USM156N
2006-10-01,5.33,USD,IR3TIB01USM156N
2006-11-01,5.32,USD,IR3TIB01USM156N
2006-12-01,5.32,USD,IR3TIB01USM156N
2007-01-01,5.32,USD,IR3TIB01USM156N
2007-02-01,5.31,USD,IR3TIB01USM156N
2007-03-01,5.3,USD,IR3TIB01USM156N
2007-04-01,5.31,USD,IR3TIB01USM156N
2007-05-01,5.31,USD,IR3TIB01USM156N
2007-06-01,5.33,USD,IR3TIB01USM156N
2007-07-01,5.32,USD,IR3TIB01USM156N
2007-08-01,5.49,USD,IR3TIB01USM156N
2007-09-01,5.46,USD,IR3TIB01USM156N
2007-10-01,5.08,USD,IR3TIB01USM156N
2007-11-01,4.97,USD,IR3TIB01USM156N
2007-12-01,5.02,USD,IR3TIB01USM156N
2008-01-01,3.84,USD,IR3TIB01USM156N
2008-02-01,3.06,USD,IR3TIB01USM156N
2008-03-01,2.79,USD,IR3TIB01USM156N
2008-04-01,2.85,USD,IR3TIB01USM156N
2008-05-01,2.66,USD,IR3TIB01USM156N
2008-06-01,2.76,USD,IR3TIB01USM156N
2008-07-01,2.79,USD,IR3TIB01USM156N
2008-08-01,2.79,USD,IR3TIB01USM156N
2008-09-01,3.59,USD,IR3TIB01USM156N
2008-10-01,4.32,USD,IR3TIB01USM156N
2008-11-01,2.36,USD,IR3TIB01USM156N
2008-12-01,1.77,USD,IR3TIB01USM156N
2009-01-01,1.02,USD,IR3TIB01USM156N
2009-02-01,1.16,USD,IR3TIB01USM156N
2009-03-01,1.07,USD,IR3TIB01USM156N
2009-04-01,0.89,USD,IR3TIB01USM156N
2009-05-01,0.57,USD,IR3TIB01USM156N
2009-06-01,0.39,USD,IR3TIB01USM156N
2009-07-01,0.35,USD,IR3TIB01USM156N
2009-08-01,0.3,USD,IR3TIB01USM156N
2009-09-01,0.25,USD,IR3TIB01USM156N
2009-10-01,0.24,USD,IR3TIB01USM156N
2009-11-01,0.21,USD,IR3TIB01USM156N
2009-12-01,0.22,USD,IR3TIB01USM156N
2010-01-01,0.2,USD,IR3TIB01USM156N
2010-02-01,0.19,USD,IR3TIB01USM156N
2010-03-01,0.23,USD,IR3TIB01USM156N
2010-04-01,0.3,USD,IR3TIB01USM156N
2010-05-01,0.45,USD,IR3TIB01USM156N
2010-06-01,0.52,USD,IR3TIB01USM156N
2010-07-01,0.41,USD,IR3TIB01USM156N
2010-08-01,0.32,USD,IR3TIB01USM156N
2010-09-01,0.28,USD,IR3TIB01USM156N
2010-10-01,0.27,USD,IR3TIB01USM156N
2010-11-01,0.27,USD,IR3TIB01USM156N
2010-12-01,0.3,USD,IR3TIB01USM156N
2011-01-01,0.29,USD,IR3TIB01USM156N
2011-02-01,0.28,USD,IR3TIB01USM156N
2011-03-01,0.28,USD,IR3TIB01USM156N
2011-04-01,0.23,USD,IR3TIB01USM156N
2011-05-01,0.21,USD,IR3TIB01USM156N
2011-06-01,0.22,USD,IR3TIB01USM156N
2011-07-01,0.24,USD,IR3TIB01USM156N
2011-08-01,0.29,USD,IR3TIB01USM156N
2011-09-01,0.33,USD,IR3TIB01USM156N
2011-10-01,0.37,USD,IR3TIB01USM156N
2011-11-01,0.41,USD,IR3TIB01USM156N
2011-12-01,0.49,USD,IR3TIB01USM156N
2012-01-01,0.4,USD,IR3TIB01USM156N
2012-02-01,0.3,USD,IR3TIB01USM156N
2012-03-01,0.29,USD,IR3TIB01USM156N
2012-04-01,0.29,USD,IR3TIB01USM156N
2012-05-01,0.29,USD,IR3TIB01USM156N
2012-06-01,0.32,USD,IR3TIB01USM156N
2012-07-01,0.3,USD,IR3TIB01USM156N
2012-08-01,0.26,USD,IR3TIB01USM156N
2012-09-01,0.24,USD,IR3TIB01USM156N
2012-10-01,0.23,USD,IR3TIB01USM156N
2012-11-01,0.23,USD,IR3TIB01USM156N
2012-12-01,0.24,USD,IR3TIB01USM156N
2013-01-01,0.23,USD,IR3TIB01USM156N
2013-02-01,0.22,USD,IR3TIB01USM156N
2013-03-01,0.21,USD,IR3TIB01USM156N
2013-04-01,0.2,USD,IR3TIB01USM156N
2013-05-01,0.2,USD,IR3TIB01USM156N
2013-06-01,0.19,USD,IR3TIB01USM156N
2013-07-01,0.14,USD,IR3TIB01USM156N
2013-08-01,0.12,USD,IR3TIB01USM156N
2013-09-01,0.11,USD,IR3TIB01USM156N
2013-10-01,0.12,USD,IR3TIB01USM156N
2013-11-01,0.12,USD,IR3TIB01USM156N
2013-12-01,0.14,USD,IR3TIB01USM156N
2014-01-01,0.12,USD,IR3TIB01USM156N
2014-02-01,0.13,USD,IR3TIB01USM156N
2014-03-01,0.12,USD,IR3TIB01USM156N
2014-04-01,0.12,USD,IR3TIB01USM156N
2014-05-01,0.11,USD,IR3TIB01USM156N
2014-06-01,0.11,USD,IR3TIB01USM156N
2014-07-01,0.13,USD,IR3TIB01USM156N
2014-08-01,0.13,USD,IR3TIB01USM156N
2014-09-01,0.12,USD,IR3TIB01USM156N
2014-10-01,0.12,USD,IR3TIB01USM156N
2014-11-01,0.13,USD,IR3TIB01USM156N
2014-12-01,0.15,USD,IR3TIB01USM156N
2015-01-01,0.16,USD,IR3TIB01USM156N
2015-02-01,0.15,USD,IR3TIB01USM156N
2015-03-01,0.14,USD,IR3TIB01USM156N
2015-04-01,0.13,USD,IR3TIB01USM156N
2015-05-01,0.15,USD,IR3TIB01USM156N
2015-06-01,0.18,USD,IR3TIB01USM156N
2015-07-01,0.19,USD,IR3TIB01USM156N
2015-08-01,0.26,USD,IR3TIB01USM156N
2015-09-01,0.27,USD,IR3TIB01USM156N
2015-10-01,0.25,USD,IR3TIB01USM156N
2015-11-01,0.3,USD,IR3TIB01USM156N
2015-12-01,0.54,USD,IR3TIB01USM156N
2016-01-01,0.57,USD,IR3TIB01USM156N
2016-02-01,0.54,USD,IR3TIB01USM156N
2016-03-01,0.55,USD,IR3TIB01USM156N
2016-04-01,0.55,USD,IR3TIB01USM156N
2016-05-01,0.57,USD,IR3TIB01USM156N
2016-06-01,0.55,USD,IR3TIB01USM156N
2016-07-01,0.62,USD,IR3TIB01USM156N
2016-08-01,0.73,USD,IR3TIB01USM156N
2016-09-01,0.75,USD,IR3TIB01USM156N
2016-10-01,0.72,USD,IR3TIB01USM156N
2016-11-01,0.71,USD,IR3TIB01USM156N
2016-12-01,0.87,USD,IR3TIB01USM156N
2017-01-01,0.9,USD,IR3TIB01USM156N
2017-02-01,0.87,USD,IR3TIB01USM156N
2017-03-01,0.98,USD,IR3TIB01USM156N
2017-04-01,1.03,USD,IR3TIB01USM156N
2017-05-01,1.05,USD,IR3TIB01USM156N
2017-06-01,1.16,USD,IR3TIB01USM156N
2017-07-01,1.22,USD,IR3TIB01USM156N
2017-08-01,1.25,USD,IR3TIB01USM156N
2017-09-01,1.25,USD,IR3TIB01USM156N
2017-10-01,1.26,USD,IR3TIB01USM156N
2017-11-01,1.32,USD,IR3TIB01USM156N
2017-12-01,1.54,USD,IR3TIB01USM156N
2018-01-01,1.63,USD,IR3TIB01USM156N
2018-02-01,1.78,USD,IR3TIB01USM156N
2018-03-01,2.08,USD,IR3TIB01USM156N
2018-04-01,2.2,USD,IR3TIB01USM156N
2018-05-01,2.16,USD,IR3TIB01USM156N
2018-06-01,2.19,USD,IR3TIB01USM156N
2018-07-01,2.17,USD,IR3TIB01USM156N
2018-08-01,2.19,USD,IR3TIB01USM156N
2018-09-01,2.24,USD,IR3TIB01USM156N
2018-10-01,2.37,USD,IR3TIB01USM156N
2018-11-01,2.56,USD,IR3TIB01USM156N
2018-12-01,2.69,USD,IR3TIB01USM156N
2019-01-01,2.59,USD,IR3TIB01USM156N
2019-02-01,2.49,USD,IR3TIB01USM156N
2019-03-01,2.48,USD,IR3TIB01USM156N
2019-04-01,2.47,USD,IR3TIB01USM156N
2019-05-01,2.44,USD,IR3TIB01USM156N
2019-06-01,2.3,USD,IR3TIB01USM156N
2019-07-01,2.22,USD,IR3TIB01USM156N
2019-08-01,2.06,USD,IR3TIB01USM156N
2019-09-01,2.03,USD,IR3TIB01USM156N
2019-10-01,1.88,USD,IR3TIB01USM156N
2019-11-01,1.77,USD,IR3TIB01USM156N
2019-12-01,1.76,USD,IR3TIB01USM156N
2020-01-01,1.65,USD,IR3TIB01USM156N
2020-02-01,1.59,USD,IR3TIB01USM156N
2020-03-01,1.35,USD,IR3TIB01USM156N
2020-05-01,0.17,USD,IR3TIB01USM156N
2020-06-01,0.2,USD,IR3TIB01USM156N
2020-07-01,0.18,USD,IR3TIB01USM156N
2020-08-01,0.15,USD,IR3TIB01USM156N
2020-09-01,0.13,USD,IR3TIB01USM156N
2020-10-01,0.12,USD,IR3TIB01USM156N
2020-11-01,0.16,USD,IR3TIB01USM156N
2020-12-01,0.17,USD,IR3TIB01USM156N
2021-01-01,0.14,USD,IR3TIB01USM156N
2021-02-01,0.11,USD,IR3TIB01USM156N
2021-03-01,0.1,USD,IR3TIB01USM156N
2021-04-01,0.11,USD,IR3TIB01USM156N
2021-05-01,0.1,USD,IR3TIB01USM156N
2021-06-01,0.09,USD,IR3TIB01USM156N
2021-07-01,0.1,USD,IR3TIB01USM156N
2021-08-01,0.1,USD,IR3TIB01USM156N
2021-09-01,0.1,USD,IR3TIB01USM156N
2021-10-01,0.11,USD,IR3TIB01USM156N
2021-11-01,0.14,USD,IR3TIB01USM156N
2021-12-01,0.17,USD,IR3TIB01USM156N
2022-01-01,0.22,USD,IR3TIB01USM156N
2022-02-01,0.38,USD,IR3TIB01USM156N
2022-03-01,0.73,USD,IR3TIB01USM156N
2022-04-01,0.91,USD,IR3TIB01USM156N
2022-05-01,1.33,USD,IR3TIB01USM156N
2022-06-01,1.87,USD,IR3TIB01USM156N
2022-07-01,2.5,USD,IR3TIB01USM156N
2022-08-01,2.76,USD,IR3TIB01USM156N
2022-09-01,3.21,USD,IR3TIB01USM156N
2022-10-01,3.85,USD,IR3TIB01USM156N
2022-11-01,4.46,USD,IR3TIB01USM156N
2022-12-01,4.51,USD,IR3TIB01USM156N
2023-01-01,4.61,USD,IR3TIB01USM156N
2023-02-01,4.74,USD,IR3TIB01USM156N
2023-03-01,4.91,USD,IR3TIB01USM156N
2023-04-01,5.03,USD,IR3TIB01USM156N
2023-05-01,5.15,USD,IR3TIB01USM156N
2023-06-01,5.22,USD,IR3TIB01USM156N
2023-07-01,5.35,USD,IR3TIB01USM156N
2023-08-01,5.44,USD,IR3TIB01USM156N
2023-09-01,5.49,USD,IR3TIB01USM156N
2023-10-01,5.46,USD,IR3TIB01USM156N
2023-11-01,5.41,USD,IR3TIB01USM156N
2023-12-01,5.32,USD,IR3TIB01USM156N
2024-01-01,5.26,USD,IR3TIB01USM156N
2024-02-01,5.22,USD,IR3TIB01USM156N
2024-03-01,5.29,USD,IR3TIB01USM156N
2024-04-01,5.33,USD,IR3TIB01USM156N
2024-05-01,5.33,USD,IR3TIB01USM156N
2024-06-01,5.28,USD,IR3TIB01USM156N
2024-07-01,5.31,USD,IR3TIB01USM156N
2024-08-01,5.12,USD,IR3TIB01USM156N
2024-09-01,4.86,USD,IR3TIB01USM156N
2024-10-01,4.62,USD,IR3TIB01USM156N
2024-11-01,4.53,USD,IR3TIB01USM156N
2024-12-01,4.46,USD,IR3TIB01USM156N
2025-01-01,4.33,USD,IR3TIB01USM156N
2025-02-01,4.34,USD,IR3TIB01USM156N
2025-03-01,4.29,USD,IR3TIB01USM156N
2025-04-01,4.32,USD,IR3TIB01USM156N
2025-05-01,4.29,USD,IR3TIB01USM156N
2025-06-01,4.31,USD,IR3TIB01USM156N
2025-07-01,4.28,USD,IR3TIB01USM156N
2025-08-01,4.22,USD,IR3TIB01USM156N
2025-09-01,4.1,USD,IR3TIB01USM156N
2025-10-01,3.98,USD,IR3TIB01USM156N
2025-11-01,3.86,USD,IR3TIB01USM156N
2025-12-01,3.74,USD,IR3TIB01USM156N
2026-01-01,3.63,USD,IR3TIB01USM156N
2026-02-01,3.66,USD,IR3TIB01USM156N
2026-03-01,3.69,USD,IR3TIB01USM156N
2026-04-01,3.77,USD,IR3TIB01USM156N
2026-05-01,3.72,USD,IR3TIB01USM156N
2026-06-01,3.77,USD,IR3TIB01USM156N
1994-01-01,6.91,EUR,IR3TIB01EZM156N
1994-02-01,6.86,EUR,IR3TIB01EZM156N
1994-03-01,6.75,EUR,IR3TIB01EZM156N
1994-04-01,6.57,EUR,IR3TIB01EZM156N
1994-05-01,6.24,EUR,IR3TIB01EZM156N
1994-06-01,6.3,EUR,IR3TIB01EZM156N
1994-07-01,6.34,EUR,IR3TIB01EZM156N
1994-08-01,6.43,EUR,IR3TIB01EZM156N
1994-09-01,6.38,EUR,IR3TIB01EZM156N
1994-10-01,6.43,EUR,IR3TIB01EZM156N
1994-11-01,6.4,EUR,IR3TIB01EZM156N
1994-12-01,6.69,EUR,IR3TIB01EZM156N
1995-01-01,6.66,EUR,IR3TIB01EZM156N
1995-02-01,6.59,EUR,IR3TIB01EZM156N
1995-03-01,7.58,EUR,IR3TIB01EZM156N
1995-04-01,7.29,EUR,IR3TIB01EZM156N
1995-05-01,7.04,EUR,IR3TIB01EZM156N
1995-06-01,7.08,EUR,IR3TIB01EZM156N
1995-07-01,6.92,EUR,IR3TIB01EZM156N
1995-08-01,6.66,EUR,IR3TIB01EZM156N
1995-09-01,6.5,EUR,IR3TIB01EZM156N
1995-10-01,6.75,EUR,IR3TIB01EZM156N
1995-11-01,6.45,EUR,IR3TIB01EZM156N
1995-12-01,6.32,EUR,IR3TIB01EZM156N
1996-01-01,5.81,EUR,IR3TIB01EZM156N
1996-02-01,5.58,EUR,IR3TIB01EZM156N
1996-03-01,5.5,EUR,IR3TIB01EZM156N
1996-04-01,5.27,EUR,IR3TIB01EZM156N
1996-05-01,5.06,EUR,IR3TIB01EZM156N
1996-06-01,5.08,EUR,IR3TIB01EZM156N
1996-07-01,5.06,EUR,IR3TIB01EZM156N
1996-08-01,5.08,EUR,IR3TIB01EZM156N
1996-09-01,4.86,EUR,IR3TIB01EZM156N
1996-10-01,4.69,EUR,IR3TIB01EZM156N
1996-11-01,4.57,EUR,IR3TIB01EZM156N
1996-12-01,4.5,EUR,IR3TIB01EZM156N
1997-01-01,4.39,EUR,IR3TIB01EZM156N
1997-02-01,4.43,EUR,IR3TIB01EZM156N
1997-03-01,4.5,EUR,IR3TIB01EZM156N
1997-04-01,4.39,EUR,IR3TIB01EZM156N
1997-05-01,4.3,EUR,IR3TIB01EZM156N
1997-06-01,4.29,EUR,IR3TIB01EZM156N
1997-07-01,4.3,EUR,IR3TIB01EZM156N
1997-08-01,4.36,EUR,IR3TIB01EZM156N
1997-09-01,4.31,EUR,IR3TIB01EZM156N
1997-10-01,4.44,EUR,IR3TIB01EZM156N
1997-11-01,4.49,EUR,IR3TIB01EZM156N
1997-12-01,4.37,EUR,IR3TIB01EZM156N
1998-01-01,4.26,EUR,IR3TIB01EZM156N
1998-02-01,4.24,EUR,IR3TIB01EZM156N
1998-03-01,4.11,EUR,IR3TIB01EZM156N
1998-04-01,4.09,EUR,IR3TIB01EZM156N
1998-05-01,4.06,EUR,IR3TIB01EZM156N
1998-06-01,4.02,EUR,IR3TIB01EZM156N
1998-07-01,3.95,EUR,IR3TIB01EZM156N
1998-08-01,3.93,EUR,IR3TIB01EZM156N
1998-09-01,3.93,EUR,IR3TIB01EZM156N
1998-10-01,3.81,EUR,IR3TIB01EZM156N
1998-11-01,3.69,EUR,IR3TIB01EZM156N
1998-12-01,3.37,EUR,IR3TIB01EZM156N
1999-01-01,3.1321,EUR,IR3TIB01EZM156N
1999-02-01,3.0934,EUR,IR3TIB01EZM156N
1999-03-01,3.04669565217391,EUR,IR3TIB01EZM156N
1999-04-01,2.69645454545455,EUR,IR3TIB01EZM156N
1999-05-01,2.57895238095238,EUR,IR3TIB01EZM156N
1999-06-01,2.62668181818182,EUR,IR3TIB01EZM156N
1999-07-01,2.67645454545455,EUR,IR3TIB01EZM156N
1999-08-01,2.69504545454545,EUR,IR3TIB01EZM156N
1999-09-01,2.72668181818182,EUR,IR3TIB01EZM156N
1999-10-01,3.37566666666667,EUR,IR3TIB01EZM156N
1999-11-01,3.46768181818182,EUR,IR3TIB01EZM156N
1999-12-01,3.44604545454545,EUR,IR3TIB01EZM156N
2000-01-01,3.34314285714286,EUR,IR3TIB01EZM156N
2000-02-01,3.53676190476191,EUR,IR3TIB01EZM156N
2000-03-01,3.747043478260871,EUR,IR3TIB01EZM156N
2000-04-01,3.92527777777778,EUR,IR3TIB01EZM156N
2000-05-01,4.36204545454546,EUR,IR3TIB01EZM156N
2000-06-01,4.501727272727271,EUR,IR3TIB01EZM156N
2000-07-01,4.58290476190476,EUR,IR3TIB01EZM156N
2000-08-01,4.77708695652174,EUR,IR3TIB01EZM156N
2000-09-01,4.85280952380952,EUR,IR3TIB01EZM156N
2000-10-01,5.0412727272727285,EUR,IR3TIB01EZM156N
2000-11-01,5.09195454545454,EUR,IR3TIB01EZM156N
2000-12-01,4.93915789473684,EUR,IR3TIB01EZM156N
2001-01-01,4.77072727272727,EUR,IR3TIB01EZM156N
2001-02-01,4.7558,EUR,IR3TIB01EZM156N
2001-03-01,4.70863636363636,EUR,IR3TIB01EZM156N
2001-04-01,4.682,EUR,IR3TIB01EZM156N
2001-05-01,4.63668181818182,EUR,IR3TIB01EZM156N
2001-06-01,4.45357142857143,EUR,IR3TIB01EZM156N
2001-07-01,4.46713636363636,EUR,IR3TIB01EZM156N
2001-08-01,4.35352173913043,EUR,IR3TIB01EZM156N
2001-09-01,3.98285,EUR,IR3TIB01EZM156N
2001-10-01,3.59986956521739,EUR,IR3TIB01EZM156N
2001-11-01,3.38568181818182,EUR,IR3TIB01EZM156N
2001-12-01,3.34488888888889,EUR,IR3TIB01EZM156N
2002-01-01,3.33877272727273,EUR,IR3TIB01EZM156N
2002-02-01,3.3571,EUR,IR3TIB01EZM156N
2002-03-01,3.3908,EUR,IR3TIB01EZM156N
2002-04-01,3.40690476190476,EUR,IR3TIB01EZM156N
2002-05-01,3.46713636363636,EUR,IR3TIB01EZM156N
2002-06-01,3.464,EUR,IR3TIB01EZM156N
2002-07-01,3.41,EUR,IR3TIB01EZM156N
2002-08-01,3.35190909090909,EUR,IR3TIB01EZM156N
2002-09-01,3.31014285714286,EUR,IR3TIB01EZM156N
2002-10-01,3.26126086956522,EUR,IR3TIB01EZM156N
2002-11-01,3.12414285714286,EUR,IR3TIB01EZM156N
2002-12-01,2.94105,EUR,IR3TIB01EZM156N
2003-01-01,2.83181818181818,EUR,IR3TIB01EZM156N
2003-02-01,2.68745,EUR,IR3TIB01EZM156N
2003-03-01,2.52995238095238,EUR,IR3TIB01EZM156N
2003-04-01,2.53335,EUR,IR3TIB01EZM156N
2003-05-01,2.4005238095238095,EUR,IR3TIB01EZM156N
2003-06-01,2.15185714285714,EUR,IR3TIB01EZM156N
2003-07-01,2.13004347826087,EUR,IR3TIB01EZM156N
2003-08-01,2.14042857142857,EUR,IR3TIB01EZM156N
2003-09-01,2.14731818181818,EUR,IR3TIB01EZM156N
2003-10-01,2.1435652173913,EUR,IR3TIB01EZM156N
2003-11-01,2.15905,EUR,IR3TIB01EZM156N
2003-12-01,2.14633333333333,EUR,IR3TIB01EZM156N
2004-01-01,2.08947619047619,EUR,IR3TIB01EZM156N
2004-02-01,2.07055,EUR,IR3TIB01EZM156N
2004-03-01,2.02882608695652,EUR,IR3TIB01EZM156N
2004-04-01,2.04875,EUR,IR3TIB01EZM156N
2004-05-01,2.08585714285714,EUR,IR3TIB01EZM156N
2004-06-01,2.11268181818182,EUR,IR3TIB01EZM156N
2004-07-01,2.11604545454546,EUR,IR3TIB01EZM156N
2004-08-01,2.11427272727273,EUR,IR3TIB01EZM156N
2004-09-01,2.1185909090909094,EUR,IR3TIB01EZM156N
2004-10-01,2.14733333333333,EUR,IR3TIB01EZM156N
2004-11-01,2.17031818181818,EUR,IR3TIB01EZM156N
2004-12-01,2.17317391304348,EUR,IR3TIB01EZM156N
2005-01-01,2.14542857142857,EUR,IR3TIB01EZM156N
2005-02-01,2.13835,EUR,IR3TIB01EZM156N
2005-03-01,2.13719047619048,EUR,IR3TIB01EZM156N
2005-04-01,2.1372380952381,EUR,IR3TIB01EZM156N
2005-05-01,2.12563636363636,EUR,IR3TIB01EZM156N
2005-06-01,2.11104545454545,EUR,IR3TIB01EZM156N
2005-07-01,2.1194285714285694,EUR,IR3TIB01EZM156N
2005-08-01,2.13247826086957,EUR,IR3TIB01EZM156N
2005-09-01,2.13913636363636,EUR,IR3TIB01EZM156N
2005-10-01,2.19661904761905,EUR,IR3TIB01EZM156N
2005-11-01,2.36086363636364,EUR,IR3TIB01EZM156N
2005-12-01,2.47285714285714,EUR,IR3TIB01EZM156N
2006-01-01,2.51168181818182,EUR,IR3TIB01EZM156N
2006-02-01,2.60035,EUR,IR3TIB01EZM156N
2006-03-01,2.72260869565217,EUR,IR3TIB01EZM156N
2006-04-01,2.79377777777778,EUR,IR3TIB01EZM156N
2006-05-01,2.889,EUR,IR3TIB01EZM156N
2006-06-01,2.98568181818182,EUR,IR3TIB01EZM156N
2006-07-01,3.10219047619048,EUR,IR3TIB01EZM156N
2006-08-01,3.22647826086957,EUR,IR3TIB01EZM156N
2006-09-01,3.3353809523809494,EUR,IR3TIB01EZM156N
2006-10-01,3.502,EUR,IR3TIB01EZM156N
2006-11-01,3.59718181818182,EUR,IR3TIB01EZM156N
2006-12-01,3.6842105263157903,EUR,IR3TIB01EZM156N
2007-01-01,3.75186363636364,EUR,IR3TIB01EZM156N
2007-02-01,3.8182,EUR,IR3TIB01EZM156N
2007-03-01,3.8909090909090898,EUR,IR3TIB01EZM156N
2007-04-01,3.97526315789474,EUR,IR3TIB01EZM156N
2007-05-01,4.07136363636364,EUR,IR3TIB01EZM156N
2007-06-01,4.147761904761911,EUR,IR3TIB01EZM156N
2007-07-01,4.21618181818182,EUR,IR3TIB01EZM156N
2007-08-01,4.5436086956521695,EUR,IR3TIB01EZM156N
2007-09-01,4.7417,EUR,IR3TIB01EZM156N
2007-10-01,4.68739130434783,EUR,IR3TIB01EZM156N
2007-11-01,4.63854545454545,EUR,IR3TIB01EZM156N
2007-12-01,4.848368421052631,EUR,IR3TIB01EZM156N
2008-01-01,4.48154545454545,EUR,IR3TIB01EZM156N
2008-02-01,4.36209523809524,EUR,IR3TIB01EZM156N
2008-03-01,4.59636842105263,EUR,IR3TIB01EZM156N
2008-04-01,4.7835,EUR,IR3TIB01EZM156N
2008-05-01,4.85738095238095,EUR,IR3TIB01EZM156N
2008-06-01,4.9405238095238095,EUR,IR3TIB01EZM156N
2008-07-01,4.961,EUR,IR3TIB01EZM156N
2008-08-01,4.96519047619048,EUR,IR3TIB01EZM156N
2008-09-01,5.01918181818182,EUR,IR3TIB01EZM156N
2008-10-01,5.11308695652174,EUR,IR3TIB01EZM156N
2008-11-01,4.2383,EUR,IR3TIB01EZM156N
2008-12-01,3.29261904761905,EUR,IR3TIB01EZM156N
2009-01-01,2.45652380952381,EUR,IR3TIB01EZM156N
2009-02-01,1.94305,EUR,IR3TIB01EZM156N
2009-03-01,1.63545454545455,EUR,IR3TIB01EZM156N
2009-04-01,1.4223,EUR,IR3TIB01EZM156N
2009-05-01,1.2817,EUR,IR3TIB01EZM156N
2009-06-01,1.22790909090909,EUR,IR3TIB01EZM156N
2009-07-01,0.9749565217391312,EUR,IR3TIB01EZM156N
2009-08-01,0.860476190476191,EUR,IR3TIB01EZM156N
2009-09-01,0.772090909090909,EUR,IR3TIB01EZM156N
2009-10-01,0.7375,EUR,IR3TIB01EZM156N
2009-11-01,0.716190476190476,EUR,IR3TIB01EZM156N
2009-12-01,0.712045454545454,EUR,IR3TIB01EZM156N
2010-01-01,0.67975,EUR,IR3TIB01EZM156N
2010-02-01,0.6617,EUR,IR3TIB01EZM156N
2010-03-01,0.64495652173913,EUR,IR3TIB01EZM156N
2010-04-01,0.6447,EUR,IR3TIB01EZM156N
2010-05-01,0.68652380952381,EUR,IR3TIB01EZM156N
2010-06-01,0.727590909090909,EUR,IR3TIB01EZM156N
2010-07-01,0.848818181818182,EUR,IR3TIB01EZM156N
2010-08-01,0.8955,EUR,IR3TIB01EZM156N
2010-09-01,0.8805,EUR,IR3TIB01EZM156N
2010-10-01,0.997666666666667,EUR,IR3TIB01EZM156N
2010-11-01,1.04204545454545,EUR,IR3TIB01EZM156N
2010-12-01,1.02169565217391,EUR,IR3TIB01EZM156N
2011-01-01,1.0172380952381,EUR,IR3TIB01EZM156N
2011-02-01,1.08675,EUR,IR3TIB01EZM156N
2011-03-01,1.17552173913043,EUR,IR3TIB01EZM156N
2011-04-01,1.32121052631579,EUR,IR3TIB01EZM156N
2011-05-01,1.42509090909091,EUR,IR3TIB01EZM156N
2011-06-01,1.48859090909091,EUR,IR3TIB01EZM156N
2011-07-01,1.59761904761905,EUR,IR3TIB01EZM156N
2011-08-01,1.55208695652174,EUR,IR3TIB01EZM156N
2011-09-01,1.53645454545455,EUR,IR3TIB01EZM156N
2011-10-01,1.57585714285714,EUR,IR3TIB01EZM156N
2011-11-01,1.48468181818182,EUR,IR3TIB01EZM156N
2011-12-01,1.42609523809524,EUR,IR3TIB01EZM156N
2012-01-01,1.22222727272727,EUR,IR3TIB01EZM156N
2012-02-01,1.04828571428571,EUR,IR3TIB01EZM156N
2012-03-01,0.858454545454546,EUR,IR3TIB01EZM156N
2012-04-01,0.744315789473684,EUR,IR3TIB01EZM156N
2012-05-01,0.684909090909091,EUR,IR3TIB01EZM156N
2012-06-01,0.658857142857143,EUR,IR3TIB01EZM156N
2012-07-01,0.497045454545455,EUR,IR3TIB01EZM156N
2012-08-01,0.332391304347826,EUR,IR3TIB01EZM156N
2012-09-01,0.2463,EUR,IR3TIB01EZM156N
2012-10-01,0.207913043478261,EUR,IR3TIB01EZM156N
2012-11-01,0.192,EUR,IR3TIB01EZM156N
2012-12-01,0.185473684210526,EUR,IR3TIB01EZM156N
2013-01-01,0.204909090909091,EUR,IR3TIB01EZM156N
2013-02-01,0.22335,EUR,IR3TIB01EZM156N
2013-03-01,0.20605,EUR,IR3TIB01EZM156N
2013-04-01,0.208904761904762,EUR,IR3TIB01EZM156N
2013-05-01,0.201227272727273,EUR,IR3TIB01EZM156N
2013-06-01,0.21025,EUR,IR3TIB01EZM156N
2013-07-01,0.221434782608696,EUR,IR3TIB01EZM156N
2013-08-01,0.225863636363636,EUR,IR3TIB01EZM156N
2013-09-01,0.223238095238095,EUR,IR3TIB01EZM156N
2013-10-01,0.225826086956522,EUR,IR3TIB01EZM156N
2013-11-01,0.223380952380952,EUR,IR3TIB01EZM156N
2013-12-01,0.2735,EUR,IR3TIB01EZM156N
2014-01-01,0.292045454545455,EUR,IR3TIB01EZM156N
2014-02-01,0.2881,EUR,IR3TIB01EZM156N
2014-03-01,0.305333333333333,EUR,IR3TIB01EZM156N
2014-04-01,0.32975,EUR,IR3TIB01EZM156N
2014-05-01,0.324571428571429,EUR,IR3TIB01EZM156N
2014-06-01,0.241428571428571,EUR,IR3TIB01EZM156N
2014-07-01,0.20504347826087,EUR,IR3TIB01EZM156N
2014-08-01,0.191571428571429,EUR,IR3TIB01EZM156N
2014-09-01,0.0970909090909091,EUR,IR3TIB01EZM156N
2014-10-01,0.0826086956521739,EUR,IR3TIB01EZM156N
2014-11-01,0.0809,EUR,IR3TIB01EZM156N
2014-12-01,0.0809047619047619,EUR,IR3TIB01EZM156N
2015-01-01,0.0626666666666667,EUR,IR3TIB01EZM156N
2015-02-01,0.0482,EUR,IR3TIB01EZM156N
2015-03-01,0.0271818181818182,EUR,IR3TIB01EZM156N
2015-04-01,0.0047,EUR,IR3TIB01EZM156N
2015-05-01,-0.0103684210526316,EUR,IR3TIB01EZM156N
2015-06-01,-0.0139090909090909,EUR,IR3TIB01EZM156N
2015-07-01,-0.0187391304347826,EUR,IR3TIB01EZM156N
2015-08-01,-0.0276666666666667,EUR,IR3TIB01EZM156N
2015-09-01,-0.0370454545454546,EUR,IR3TIB01EZM156N
2015-10-01,-0.0535909090909091,EUR,IR3TIB01EZM156N
2015-11-01,-0.0876190476190476,EUR,IR3TIB01EZM156N
2015-12-01,-0.126318181818182,EUR,IR3TIB01EZM156N
2016-01-01,-0.14615,EUR,IR3TIB01EZM156N
2016-02-01,-0.183571428571429,EUR,IR3TIB01EZM156N
2016-03-01,-0.22852380952381,EUR,IR3TIB01EZM156N
2016-04-01,-0.249190476190476,EUR,IR3TIB01EZM156N
2016-05-01,-0.257181818181818,EUR,IR3TIB01EZM156N
2016-06-01,-0.267909090909091,EUR,IR3TIB01EZM156N
2016-07-01,-0.294523809523809,EUR,IR3TIB01EZM156N
2016-08-01,-0.298217391304348,EUR,IR3TIB01EZM156N
2016-09-01,-0.301636363636364,EUR,IR3TIB01EZM156N
2016-10-01,-0.309,EUR,IR3TIB01EZM156N
2016-11-01,-0.312681818181818,EUR,IR3TIB01EZM156N
2016-12-01,-0.315761904761905,EUR,IR3TIB01EZM156N
2017-01-01,-0.325545454545455,EUR,IR3TIB01EZM156N
2017-02-01,-0.3286,EUR,IR3TIB01EZM156N
2017-03-01,-0.329347826086957,EUR,IR3TIB01EZM156N
2017-04-01,-0.330388888888889,EUR,IR3TIB01EZM156N
2017-05-01,-0.329454545454545,EUR,IR3TIB01EZM156N
2017-06-01,-0.33,EUR,IR3TIB01EZM156N
2017-07-01,-0.330428571428571,EUR,IR3TIB01EZM156N
2017-08-01,-0.329086956521739,EUR,IR3TIB01EZM156N
2017-09-01,-0.329380952380952,EUR,IR3TIB01EZM156N
2017-10-01,-0.329545454545455,EUR,IR3TIB01EZM156N
2017-11-01,-0.329,EUR,IR3TIB01EZM156N
2017-12-01,-0.327894736842105,EUR,IR3TIB01EZM156N
2018-01-01,-0.328454545454546,EUR,IR3TIB01EZM156N
2018-02-01,-0.3285,EUR,IR3TIB01EZM156N
2018-03-01,-0.327904761904762,EUR,IR3TIB01EZM156N
2018-04-01,-0.32845,EUR,IR3TIB01EZM156N
2018-05-01,-0.325227272727273,EUR,IR3TIB01EZM156N
2018-06-01,-0.322047619047619,EUR,IR3TIB01EZM156N
2018-07-01,-0.320727272727273,EUR,IR3TIB01EZM156N
2018-08-01,-0.319,EUR,IR3TIB01EZM156N
2018-09-01,-0.31885,EUR,IR3TIB01EZM156N
2018-10-01,-0.317695652173913,EUR,IR3TIB01EZM156N
2018-11-01,-0.316363636363636,EUR,IR3TIB01EZM156N
2018-12-01,-0.311894736842105,EUR,IR3TIB01EZM156N
2019-01-01,-0.308,EUR,IR3TIB01EZM156N
2019-02-01,-0.30845,EUR,IR3TIB01EZM156N
2019-03-01,-0.309190476190476,EUR,IR3TIB01EZM156N
2019-04-01,-0.31045,EUR,IR3TIB01EZM156N
2019-05-01,-0.311863636363636,EUR,IR3TIB01EZM156N
2019-06-01,-0.3289,EUR,IR3TIB01EZM156N
2019-07-01,-0.364869565217391,EUR,IR3TIB01EZM156N
2019-08-01,-0.407681818181818,EUR,IR3TIB01EZM156N
2019-09-01,-0.417571428571429,EUR,IR3TIB01EZM156N
2019-10-01,-0.412869565217391,EUR,IR3TIB01EZM156N
2019-11-01,-0.401285714285714,EUR,IR3TIB01EZM156N
2019-12-01,-0.3947,EUR,IR3TIB01EZM156N
2020-01-01,-0.391136363636364,EUR,IR3TIB01EZM156N
2020-02-01,-0.40885,EUR,IR3TIB01EZM156N
2020-03-01,-0.416636363636364,EUR,IR3TIB01EZM156N
2020-04-01,-0.25405,EUR,IR3TIB01EZM156N
2020-05-01,-0.27195,EUR,IR3TIB01EZM156N
2020-06-01,-0.376,EUR,IR3TIB01EZM156N
2020-07-01,-0.444130434782609,EUR,IR3TIB01EZM156N
2020-08-01,-0.479714285714286,EUR,IR3TIB01EZM156N
2020-09-01,-0.491363636363636,EUR,IR3TIB01EZM156N
2020-10-01,-0.509136363636364,EUR,IR3TIB01EZM156N
2020-11-01,-0.520857142857143,EUR,IR3TIB01EZM156N
2020-12-01,-0.538090909090909,EUR,IR3TIB01EZM156N
2021-01-01,-0.54715,EUR,IR3TIB01EZM156N
2021-02-01,-0.5411,EUR,IR3TIB01EZM156N
2021-03-01,-0.539086956521739,EUR,IR3TIB01EZM156N
2021-04-01,-0.53815,EUR,IR3TIB01EZM156N
2021-05-01,-0.540095238095238,EUR,IR3TIB01EZM156N
2021-06-01,-0.542909090909091,EUR,IR3TIB01EZM156N
2021-07-01,-0.544818181818182,EUR,IR3TIB01EZM156N
2021-08-01,-0.547590909090909,EUR,IR3TIB01EZM156N
2021-09-01,-0.545045454545454,EUR,IR3TIB01EZM156N
2021-10-01,-0.549809523809524,EUR,IR3TIB01EZM156N
2021-11-01,-0.567363636363636,EUR,IR3TIB01EZM156N
2021-12-01,-0.58195652173913,EUR,IR3TIB01EZM156N
2022-01-01,-0.560142857142857,EUR,IR3TIB01EZM156N
2022-02-01,-0.53150000005,EUR,IR3TIB01EZM156N
2022-03-01,-0.495434782608696,EUR,IR3TIB01EZM156N
2022-04-01,-0.447894736842105,EUR,IR3TIB01EZM156N
2022-05-01,-0.385727272727273,EUR,IR3TIB01EZM156N
2022-06-01,-0.239227272727273,EUR,IR3TIB01EZM156N
2022-07-01,0.0366190476190476,EUR,IR3TIB01EZM156N
2022-08-01,0.394739130434783,EUR,IR3TIB01EZM156N
2022-09-01,1.01086363636364,EUR,IR3TIB01EZM156N
2022-10-01,1.42766666666667,EUR,IR3TIB01EZM156N
2022-11-01,1.82522727272727,EUR,IR3TIB01EZM156N
2022-12-01,2.06347619047619,EUR,IR3TIB01EZM156N
2023-01-01,2.34486363636364,EUR,IR3TIB01EZM156N
2023-02-01,2.64035,EUR,IR3TIB01EZM156N
2023-03-01,2.9105652173913095,EUR,IR3TIB01EZM156N
2023-04-01,3.167,EUR,IR3TIB01EZM156N
2023-05-01,3.3664347826087,EUR,IR3TIB01EZM156N
2023-06-01,3.53586363636364,EUR,IR3TIB01EZM156N
2023-07-01,3.67180952380952,EUR,IR3TIB01EZM156N
2023-08-01,3.78030434782609,EUR,IR3TIB01EZM156N
2023-09-01,3.88004761904762,EUR,IR3TIB01EZM156N
2023-10-01,3.96763636363636,EUR,IR3TIB01EZM156N
2023-11-01,3.97163636363636,EUR,IR3TIB01EZM156N
2023-12-01,3.93309523809524,EUR,IR3TIB01EZM156N
2024-01-01,3.9252727272727297,EUR,IR3TIB01EZM156N
2024-02-01,3.92319047619048,EUR,IR3TIB01EZM156N
2024-03-01,3.9223809523809514,EUR,IR3TIB01EZM156N
2024-04-01,3.88636363636364,EUR,IR3TIB01EZM156N
2024-05-01,3.81365217391304,EUR,IR3TIB01EZM156N
2024-06-01,3.7245,EUR,IR3TIB01EZM156N
2024-07-01,3.68482608695652,EUR,IR3TIB01EZM156N
2024-08-01,3.54759090909091,EUR,IR3TIB01EZM156N
2024-09-01,3.43371428571428,EUR,IR3TIB01EZM156N
2024-10-01,3.16660869565217,EUR,IR3TIB01EZM156N
2024-11-01,3.0067619047619,EUR,IR3TIB01EZM156N
2024-12-01,2.81609090909091,EUR,IR3TIB01EZM156N
2025-01-01,2.7031304348,EUR,IR3TIB01EZM156N
2025-02-01,2.52495,EUR,IR3TIB01EZM156N
2025-03-01,2.4424285714,EUR,IR3TIB01EZM156N
2025-04-01,2.2481818182,EUR,IR3TIB01EZM156N
2025-05-01,2.0912727273,EUR,IR3TIB01EZM156N
2025-06-01,1.9836190476,EUR,IR3TIB01EZM156N
2025-07-01,1.9863478261,EUR,IR3TIB01EZM156N
2025-08-01,2.0210952381,EUR,IR3TIB01EZM156N
2025-09-01,2.0272727273,EUR,IR3TIB01EZM156N
2025-10-01,2.0344347826,EUR,IR3TIB01EZM156N
2025-11-01,2.04165,EUR,IR3TIB01EZM156N
2025-12-01,2.0457826087,EUR,IR3TIB01EZM156N
2026-01-01,2.0277272727,EUR,IR3TIB01EZM156N
1957-01-01,4.84,GBP,IR3TIB01GBM156N
1957-02-01,4.44,GBP,IR3TIB01GBM156N
1957-03-01,4.25,GBP,IR3TIB01GBM156N
1957-04-01,4.18,GBP,IR3TIB01GBM156N
1957-05-01,4.04,GBP,IR3TIB01GBM156N
1957-06-01,4.08,GBP,IR3TIB01GBM156N
1957-07-01,4.06,GBP,IR3TIB01GBM156N
1957-08-01,4.17,GBP,IR3TIB01GBM156N
1957-09-01,5.4,GBP,IR3TIB01GBM156N
1957-10-01,6.81,GBP,IR3TIB01GBM156N
1957-11-01,6.77,GBP,IR3TIB01GBM156N
1957-12-01,6.67,GBP,IR3TIB01GBM156N
1958-01-01,6.51,GBP,IR3TIB01GBM156N
1958-02-01,6.17,GBP,IR3TIB01GBM156N
1958-03-01,5.96,GBP,IR3TIB01GBM156N
1958-04-01,5.47,GBP,IR3TIB01GBM156N
1958-05-01,5.24,GBP,IR3TIB01GBM156N
1958-06-01,4.64,GBP,IR3TIB01GBM156N
1958-07-01,4.31,GBP,IR3TIB01GBM156N
1958-08-01,3.98,GBP,IR3TIB01GBM156N
1958-09-01,3.82,GBP,IR3TIB01GBM156N
1958-10-01,3.79,GBP,IR3TIB01GBM156N
1958-11-01,3.67,GBP,IR3TIB01GBM156N
1958-12-01,3.34,GBP,IR3TIB01GBM156N
1959-01-01,3.28,GBP,IR3TIB01GBM156N
1959-02-01,3.23,GBP,IR3TIB01GBM156N
1959-03-01,3.41,GBP,IR3TIB01GBM156N
1959-04-01,3.4,GBP,IR3TIB01GBM156N
1959-05-01,3.44,GBP,IR3TIB01GBM156N
1959-06-01,3.54,GBP,IR3TIB01GBM156N
1959-07-01,3.57,GBP,IR3TIB01GBM156N
1959-08-01,3.6,GBP,IR3TIB01GBM156N
1959-09-01,3.59,GBP,IR3TIB01GBM156N
1959-10-01,3.58,GBP,IR3TIB01GBM156N
1959-11-01,3.55,GBP,IR3TIB01GBM156N
1959-12-01,3.72,GBP,IR3TIB01GBM156N
1960-01-01,4.14,GBP,IR3TIB01GBM156N
1960-02-01,4.69,GBP,IR3TIB01GBM156N
1960-03-01,4.74,GBP,IR3TIB01GBM156N
1960-04-01,4.8,GBP,IR3TIB01GBM156N
1960-05-01,4.76,GBP,IR3TIB01GBM156N
1960-06-01,5.03,GBP,IR3TIB01GBM156N
1960-07-01,5.76,GBP,IR3TIB01GBM156N
1960-08-01,5.75,GBP,IR3TIB01GBM156N
1960-09-01,5.71,GBP,IR3TIB01GBM156N
1960-10-01,5.62,GBP,IR3TIB01GBM156N
1960-11-01,4.98,GBP,IR3TIB01GBM156N
1960-12-01,4.63,GBP,IR3TIB01GBM156N
1961-01-01,4.44,GBP,IR3TIB01GBM156N
1961-02-01,4.48,GBP,IR3TIB01GBM156N
1961-03-01,4.61,GBP,IR3TIB01GBM156N
1961-04-01,4.63,GBP,IR3TIB01GBM156N
1961-05-01,4.55,GBP,IR3TIB01GBM156N
1961-06-01,4.64,GBP,IR3TIB01GBM156N
1961-07-01,5.1,GBP,IR3TIB01GBM156N
1961-08-01,6.91,GBP,IR3TIB01GBM156N
1961-09-01,6.84,GBP,IR3TIB01GBM156N
1961-10-01,6.32,GBP,IR3TIB01GBM156N
1961-11-01,5.67,GBP,IR3TIB01GBM156N
1961-12-01,5.61,GBP,IR3TIB01GBM156N
1962-01-01,5.65,GBP,IR3TIB01GBM156N
1962-02-01,5.65,GBP,IR3TIB01GBM156N
1962-03-01,5.13,GBP,IR3TIB01GBM156N
1962-04-01,4.5,GBP,IR3TIB01GBM156N
1962-05-01,4.14,GBP,IR3TIB01GBM156N
1962-06-01,3.99,GBP,IR3TIB01GBM156N
1962-07-01,4.09,GBP,IR3TIB01GBM156N
1962-08-01,4.02,GBP,IR3TIB01GBM156N
1962-09-01,3.93,GBP,IR3TIB01GBM156N
1962-10-01,3.92,GBP,IR3TIB01GBM156N
1962-11-01,4.03,GBP,IR3TIB01GBM156N
1962-12-01,3.86,GBP,IR3TIB01GBM156N
1963-01-01,3.69,GBP,IR3TIB01GBM156N
1963-02-01,3.63,GBP,IR3TIB01GBM156N
1963-03-01,3.7,GBP,IR3TIB01GBM156N
1963-04-01,3.88,GBP,IR3TIB01GBM156N
1963-05-01,3.88,GBP,IR3TIB01GBM156N
1963-06-01,3.84,GBP,IR3TIB01GBM156N
1963-07-01,3.87,GBP,IR3TIB01GBM156N
1963-08-01,3.85,GBP,IR3TIB01GBM156N
1963-09-01,3.88,GBP,IR3TIB01GBM156N
1963-10-01,3.86,GBP,IR3TIB01GBM156N
1963-11-01,3.91,GBP,IR3TIB01GBM156N
1963-12-01,3.91,GBP,IR3TIB01GBM156N
1964-01-01,3.91,GBP,IR3TIB01GBM156N
1964-02-01,4.0,GBP,IR3TIB01GBM156N
1964-03-01,4.53,GBP,IR3TIB01GBM156N
1964-04-01,4.53,GBP,IR3TIB01GBM156N
1964-05-01,4.56,GBP,IR3TIB01GBM156N
1964-06-01,4.65,GBP,IR3TIB01GBM156N
1964-07-01,4.73,GBP,IR3TIB01GBM156N
1964-08-01,4.84,GBP,IR3TIB01GBM156N
1964-09-01,4.84,GBP,IR3TIB01GBM156N
1964-10-01,4.88,GBP,IR3TIB01GBM156N
1964-11-01,5.42,GBP,IR3TIB01GBM156N
1964-12-01,6.84,GBP,IR3TIB01GBM156N
1965-01-01,6.84,GBP,IR3TIB01GBM156N
1965-02-01,6.75,GBP,IR3TIB01GBM156N
1965-03-01,6.74,GBP,IR3TIB01GBM156N
1965-04-01,6.78,GBP,IR3TIB01GBM156N
1965-05-01,6.73,GBP,IR3TIB01GBM156N
1965-06-01,6.04,GBP,IR3TIB01GBM156N
1965-07-01,5.97,GBP,IR3TIB01GBM156N
1965-08-01,5.97,GBP,IR3TIB01GBM156N
1965-09-01,5.97,GBP,IR3TIB01GBM156N
1965-10-01,5.92,GBP,IR3TIB01GBM156N
1965-11-01,5.91,GBP,IR3TIB01GBM156N
1965-12-01,5.91,GBP,IR3TIB01GBM156N
1966-01-01,5.91,GBP,IR3TIB01GBM156N
1966-02-01,5.95,GBP,IR3TIB01GBM156N
1966-03-01,5.97,GBP,IR3TIB01GBM156N
1966-04-01,5.97,GBP,IR3TIB01GBM156N
1966-05-01,5.97,GBP,IR3TIB01GBM156N
1966-06-01,5.97,GBP,IR3TIB01GBM156N
1966-07-01,6.56,GBP,IR3TIB01GBM156N
1966-08-01,6.97,GBP,IR3TIB01GBM156N
1966-09-01,7.01,GBP,IR3TIB01GBM156N
1966-10-01,6.97,GBP,IR3TIB01GBM156N
1966-11-01,6.93,GBP,IR3TIB01GBM156N
1966-12-01,6.94,GBP,IR3TIB01GBM156N
1967-01-01,6.77,GBP,IR3TIB01GBM156N
1967-02-01,6.4,GBP,IR3TIB01GBM156N
1967-03-01,6.18,GBP,IR3TIB01GBM156N
1967-04-01,5.69,GBP,IR3TIB01GBM156N
1967-05-01,5.51,GBP,IR3TIB01GBM156N
1967-06-01,5.44,GBP,IR3TIB01GBM156N
1967-07-01,5.47,GBP,IR3TIB01GBM156N
1967-08-01,5.53,GBP,IR3TIB01GBM156N
1967-09-01,5.54,GBP,IR3TIB01GBM156N
1967-10-01,5.79,GBP,IR3TIB01GBM156N
1967-11-01,6.88,GBP,IR3TIB01GBM156N
1967-12-01,7.78,GBP,IR3TIB01GBM156N
1968-01-01,7.78,GBP,IR3TIB01GBM156N
1968-02-01,7.75,GBP,IR3TIB01GBM156N
1968-03-01,7.65,GBP,IR3TIB01GBM156N
1968-04-01,7.41,GBP,IR3TIB01GBM156N
1968-05-01,7.42,GBP,IR3TIB01GBM156N
1968-06-01,7.53,GBP,IR3TIB01GBM156N
1968-07-01,7.58,GBP,IR3TIB01GBM156N
1968-08-01,7.44,GBP,IR3TIB01GBM156N
1968-09-01,7.3,GBP,IR3TIB01GBM156N
1968-10-01,6.97,GBP,IR3TIB01GBM156N
1968-11-01,7.02,GBP,IR3TIB01GBM156N
1968-12-01,7.25,GBP,IR3TIB01GBM156N
1969-01-01,7.28,GBP,IR3TIB01GBM156N
1969-02-01,7.33,GBP,IR3TIB01GBM156N
1969-03-01,8.35,GBP,IR3TIB01GBM156N
1969-04-01,8.41,GBP,IR3TIB01GBM156N
1969-05-01,8.45,GBP,IR3TIB01GBM156N
1969-06-01,8.68,GBP,IR3TIB01GBM156N
1969-07-01,8.87,GBP,IR3TIB01GBM156N
1969-08-01,8.87,GBP,IR3TIB01GBM156N
1969-09-01,8.87,GBP,IR3TIB01GBM156N
1969-10-01,8.87,GBP,IR3TIB01GBM156N
1969-11-01,8.87,GBP,IR3TIB01GBM156N
1969-12-01,8.87,GBP,IR3TIB01GBM156N
1970-01-01,8.87,GBP,IR3TIB01GBM156N
1970-02-01,8.87,GBP,IR3TIB01GBM156N
1970-03-01,8.61,GBP,IR3TIB01GBM156N
1970-04-01,8.29,GBP,IR3TIB01GBM156N
1970-05-01,8.06,GBP,IR3TIB01GBM156N
1970-06-01,8.06,GBP,IR3TIB01GBM156N
1970-07-01,8.06,GBP,IR3TIB01GBM156N
1970-08-01,8.06,GBP,IR3TIB01GBM156N
1970-09-01,8.06,GBP,IR3TIB01GBM156N
1970-10-01,8.06,GBP,IR3TIB01GBM156N
1970-11-01,8.06,GBP,IR3TIB01GBM156N
1970-12-01,8.06,GBP,IR3TIB01GBM156N
1971-01-01,8.06,GBP,IR3TIB01GBM156N
1971-02-01,8.06,GBP,IR3TIB01GBM156N
1971-03-01,8.06,GBP,IR3TIB01GBM156N
1971-04-01,7.06,GBP,IR3TIB01GBM156N
1971-05-01,7.05,GBP,IR3TIB01GBM156N
1971-06-01,6.74,GBP,IR3TIB01GBM156N
1971-07-01,6.43,GBP,IR3TIB01GBM156N
1971-08-01,6.02,GBP,IR3TIB01GBM156N
1971-09-01,5.3,GBP,IR3TIB01GBM156N
1971-10-01,4.91,GBP,IR3TIB01GBM156N
1971-11-01,4.77,GBP,IR3TIB01GBM156N
1971-12-01,4.51,GBP,IR3TIB01GBM156N
1972-01-01,4.43,GBP,IR3TIB01GBM156N
1972-02-01,4.85,GBP,IR3TIB01GBM156N
1972-03-01,4.79,GBP,IR3TIB01GBM156N
1972-04-01,4.62,GBP,IR3TIB01GBM156N
1972-05-01,4.62,GBP,IR3TIB01GBM156N
1972-06-01,5.72,GBP,IR3TIB01GBM156N
1972-07-01,6.8,GBP,IR3TIB01GBM156N
1972-08-01,7.08,GBP,IR3TIB01GBM156N
1972-09-01,7.13,GBP,IR3TIB01GBM156N
1972-10-01,7.34,GBP,IR3TIB01GBM156N
1972-11-01,7.84,GBP,IR3TIB01GBM156N
1972-12-01,8.09,GBP,IR3TIB01GBM156N
1973-01-01,8.75,GBP,IR3TIB01GBM156N
1973-02-01,9.35,GBP,IR3TIB01GBM156N
1973-03-01,9.77,GBP,IR3TIB01GBM156N
1973-04-01,8.72,GBP,IR3TIB01GBM156N
1973-05-01,8.46,GBP,IR3TIB01GBM156N
1973-06-01,8.07,GBP,IR3TIB01GBM156N
1973-07-01,8.74,GBP,IR3TIB01GBM156N
1973-08-01,12.55,GBP,IR3TIB01GBM156N
1973-09-01,12.59,GBP,IR3TIB01GBM156N
1973-10-01,11.98,GBP,IR3TIB01GBM156N
1973-11-01,12.4,GBP,IR3TIB01GBM156N
1973-12-01,13.76,GBP,IR3TIB01GBM156N
1974-01-01,13.72,GBP,IR3TIB01GBM156N
1974-02-01,13.63,GBP,IR3TIB01GBM156N
1974-03-01,14.4,GBP,IR3TIB01GBM156N
1974-04-01,13.93,GBP,IR3TIB01GBM156N
1974-05-01,13.34,GBP,IR3TIB01GBM156N
1974-06-01,12.6,GBP,IR3TIB01GBM156N
1974-07-01,13.22,GBP,IR3TIB01GBM156N
1974-08-01,12.81,GBP,IR3TIB01GBM156N
1974-09-01,12.09,GBP,IR3TIB01GBM156N
1974-10-01,11.95,GBP,IR3TIB01GBM156N
1974-11-01,12.09,GBP,IR3TIB01GBM156N
1974-12-01,12.93,GBP,IR3TIB01GBM156N
1975-01-01,11.95,GBP,IR3TIB01GBM156N
1975-02-01,11.42,GBP,IR3TIB01GBM156N
1975-03-01,10.38,GBP,IR3TIB01GBM156N
1975-04-01,9.54,GBP,IR3TIB01GBM156N
1975-05-01,10.1,GBP,IR3TIB01GBM156N
1975-06-01,9.68,GBP,IR3TIB01GBM156N
1975-07-01,9.93,GBP,IR3TIB01GBM156N
1975-08-01,10.53,GBP,IR3TIB01GBM156N
1975-09-01,10.45,GBP,IR3TIB01GBM156N
1975-10-01,11.41,GBP,IR3TIB01GBM156N
1975-11-01,11.18,GBP,IR3TIB01GBM156N
1975-12-01,10.88,GBP,IR3TIB01GBM156N
1976-01-01,10.04,GBP,IR3TIB01GBM156N
1976-02-01,8.98,GBP,IR3TIB01GBM156N
1976-03-01,8.56,GBP,IR3TIB01GBM156N
1976-04-01,9.04,GBP,IR3TIB01GBM156N
1976-05-01,10.28,GBP,IR3TIB01GBM156N
1976-06-01,11.09,GBP,IR3TIB01GBM156N
1976-07-01,10.99,GBP,IR3TIB01GBM156N
1976-08-01,10.96,GBP,IR3TIB01GBM156N
1976-09-01,11.98,GBP,IR3TIB01GBM156N
1976-10-01,14.25,GBP,IR3TIB01GBM156N
1976-11-01,14.3,GBP,IR3TIB01GBM156N
1976-12-01,13.9,GBP,IR3TIB01GBM156N
1977-01-01,13.0,GBP,IR3TIB01GBM156N
1977-02-01,11.33,GBP,IR3TIB01GBM156N
1977-03-01,9.99,GBP,IR3TIB01GBM156N
1977-04-01,8.35,GBP,IR3TIB01GBM156N
1977-05-01,7.55,GBP,IR3TIB01GBM156N
1977-06-01,7.73,GBP,IR3TIB01GBM156N
1977-07-01,7.61,GBP,IR3TIB01GBM156N
1977-08-01,6.87,GBP,IR3TIB01GBM156N
1977-09-01,5.92,GBP,IR3TIB01GBM156N
1977-10-01,4.83,GBP,IR3TIB01GBM156N
1977-11-01,5.13,GBP,IR3TIB01GBM156N
1977-12-01,6.58,GBP,IR3TIB01GBM156N
1978-01-01,6.01,GBP,IR3TIB01GBM156N
1978-02-01,6.43,GBP,IR3TIB01GBM156N
1978-03-01,6.46,GBP,IR3TIB01GBM156N
1978-04-01,7.34,GBP,IR3TIB01GBM156N
1978-05-01,8.86,GBP,IR3TIB01GBM156N
1978-06-01,9.63,GBP,IR3TIB01GBM156N
1978-07-01,9.84,GBP,IR3TIB01GBM156N
1978-08-01,9.36,GBP,IR3TIB01GBM156N
1978-09-01,9.26,GBP,IR3TIB01GBM156N
1978-10-01,10.29,GBP,IR3TIB01GBM156N
1978-11-01,11.85,GBP,IR3TIB01GBM156N
1978-12-01,12.07,GBP,IR3TIB01GBM156N
1979-01-01,12.37,GBP,IR3TIB01GBM156N
1979-02-01,12.89,GBP,IR3TIB01GBM156N
1979-03-01,11.68,GBP,IR3TIB01GBM156N
1979-04-01,11.52,GBP,IR3TIB01GBM156N
1979-05-01,11.56,GBP,IR3TIB01GBM156N
1979-06-01,12.93,GBP,IR3TIB01GBM156N
1979-07-01,13.71,GBP,IR3TIB01GBM156N
1979-08-01,13.8,GBP,IR3TIB01GBM156N
1979-09-01,14.07,GBP,IR3TIB01GBM156N
1979-10-01,14.05,GBP,IR3TIB01GBM156N
1979-11-01,16.04,GBP,IR3TIB01GBM156N
1979-12-01,16.63,GBP,IR3TIB01GBM156N
1980-01-01,16.7,GBP,IR3TIB01GBM156N
1980-02-01,17.4,GBP,IR3TIB01GBM156N
1980-03-01,17.57,GBP,IR3TIB01GBM156N
1980-04-01,17.08,GBP,IR3TIB01GBM156N
1980-05-01,16.58,GBP,IR3TIB01GBM156N
1980-06-01,16.29,GBP,IR3TIB01GBM156N
1980-07-01,15.18,GBP,IR3TIB01GBM156N
1980-08-01,15.72,GBP,IR3TIB01GBM156N
1980-09-01,15.24,GBP,IR3TIB01GBM156N
1980-10-01,15.28,GBP,IR3TIB01GBM156N
1980-11-01,15.13,GBP,IR3TIB01GBM156N
1980-12-01,14.03,GBP,IR3TIB01GBM156N
1981-01-01,13.46,GBP,IR3TIB01GBM156N
1981-02-01,12.31,GBP,IR3TIB01GBM156N
1981-03-01,11.7,GBP,IR3TIB01GBM156N
1981-04-01,11.54,GBP,IR3TIB01GBM156N
1981-05-01,11.56,GBP,IR3TIB01GBM156N
1981-06-01,12.13,GBP,IR3TIB01GBM156N
1981-07-01,13.27,GBP,IR3TIB01GBM156N
1981-08-01,13.55,GBP,IR3TIB01GBM156N
1981-09-01,14.16,GBP,IR3TIB01GBM156N
1981-10-01,15.53,GBP,IR3TIB01GBM156N
1981-11-01,14.25,GBP,IR3TIB01GBM156N
1981-12-01,14.56,GBP,IR3TIB01GBM156N
1982-01-01,14.39,GBP,IR3TIB01GBM156N
1982-02-01,13.68,GBP,IR3TIB01GBM156N
1982-03-01,12.68,GBP,IR3TIB01GBM156N
1982-04-01,12.99,GBP,IR3TIB01GBM156N
1982-05-01,12.69,GBP,IR3TIB01GBM156N
1982-06-01,12.36,GBP,IR3TIB01GBM156N
1982-07-01,11.72,GBP,IR3TIB01GBM156N
1982-08-01,10.56,GBP,IR3TIB01GBM156N
1982-09-01,10.12,GBP,IR3TIB01GBM156N
1982-10-01,9.33,GBP,IR3TIB01GBM156N
1982-11-01,8.94,GBP,IR3TIB01GBM156N
1982-12-01,10.12,GBP,IR3TIB01GBM156N
1983-01-01,10.68,GBP,IR3TIB01GBM156N
1983-02-01,10.89,GBP,IR3TIB01GBM156N
1983-03-01,10.53,GBP,IR3TIB01GBM156N
1983-04-01,9.89,GBP,IR3TIB01GBM156N
1983-05-01,9.84,GBP,IR3TIB01GBM156N
1983-06-01,9.54,GBP,IR3TIB01GBM156N
1983-07-01,9.46,GBP,IR3TIB01GBM156N
1983-08-01,9.44,GBP,IR3TIB01GBM156N
1983-09-01,9.24,GBP,IR3TIB01GBM156N
1983-10-01,8.91,GBP,IR3TIB01GBM156N
1983-11-01,8.89,GBP,IR3TIB01GBM156N
1983-12-01,8.9,GBP,IR3TIB01GBM156N
1984-01-01,8.92,GBP,IR3TIB01GBM156N
1984-02-01,8.88,GBP,IR3TIB01GBM156N
1984-03-01,8.45,GBP,IR3TIB01GBM156N
1984-04-01,8.41,GBP,IR3TIB01GBM156N
1984-05-01,9.03,GBP,IR3TIB01GBM156N
1984-06-01,9.02,GBP,IR3TIB01GBM156N
1984-07-01,11.03,GBP,IR3TIB01GBM156N
1984-08-01,10.48,GBP,IR3TIB01GBM156N
1984-09-01,10.13,GBP,IR3TIB01GBM156N
1984-10-01,10.06,GBP,IR3TIB01GBM156N
1984-11-01,9.34,GBP,IR3TIB01GBM156N
1984-12-01,9.15,GBP,IR3TIB01GBM156N
1985-01-01,11.06,GBP,IR3TIB01GBM156N
1985-02-01,13.23,GBP,IR3TIB01GBM156N
1985-03-01,13.1,GBP,IR3TIB01GBM156N
1985-04-01,12.15,GBP,IR3TIB01GBM156N
1985-05-01,12.0,GBP,IR3TIB01GBM156N
1985-06-01,11.94,GBP,IR3TIB01GBM156N
1985-07-01,11.51,GBP,IR3TIB01GBM156N
1985-08-01,11.04,GBP,IR3TIB01GBM156N
1985-09-01,11.11,GBP,IR3TIB01GBM156N
1985-10-01,11.12,GBP,IR3TIB01GBM156N
1985-11-01,11.14,GBP,IR3TIB01GBM156N
1985-12-01,11.2,GBP,IR3TIB01GBM156N
1986-01-01,12.863,GBP,IR3TIB01GBM156N
1986-02-01,12.71875,GBP,IR3TIB01GBM156N
1986-03-01,11.77679,GBP,IR3TIB01GBM156N
1986-04-01,10.5767,GBP,IR3TIB01GBM156N
1986-05-01,10.26705,GBP,IR3TIB01GBM156N
1986-06-01,9.82292,GBP,IR3TIB01GBM156N
1986-07-01,10.03805,GBP,IR3TIB01GBM156N
1986-08-01,9.89435,GBP,IR3TIB01GBM156N
1986-09-01,10.18892,GBP,IR3TIB01GBM156N
1986-10-01,11.1644,GBP,IR3TIB01GBM156N
1986-11-01,11.24609,GBP,IR3TIB01GBM156N
1986-12-01,11.40421,GBP,IR3TIB01GBM156N
1987-01-01,11.10085,GBP,IR3TIB01GBM156N
1987-02-01,10.89219,GBP,IR3TIB01GBM156N
1987-03-01,10.0142,GBP,IR3TIB01GBM156N
1987-04-01,9.83097,GBP,IR3TIB01GBM156N
1987-05-01,8.86792,GBP,IR3TIB01GBM156N
1987-06-01,8.93608,GBP,IR3TIB01GBM156N
1987-07-01,9.24796,GBP,IR3TIB01GBM156N
1987-08-01,10.0997,GBP,IR3TIB01GBM156N
1987-09-01,10.19602,GBP,IR3TIB01GBM156N
1987-10-01,10.0277,GBP,IR3TIB01GBM156N
1987-11-01,8.99851,GBP,IR3TIB01GBM156N
1987-12-01,7.97283,GBP,IR3TIB01GBM156N
1988-01-01,8.88691,GBP,IR3TIB01GBM156N
1988-02-01,9.28795,GBP,IR3TIB01GBM156N
1988-03-01,8.91304,GBP,IR3TIB01GBM156N
1988-04-01,8.37426,GBP,IR3TIB01GBM156N
1988-05-01,8.06676,GBP,IR3TIB01GBM156N
1988-06-01,8.97514,GBP,IR3TIB01GBM156N
1988-07-01,10.57366,GBP,IR3TIB01GBM156N
1988-08-01,11.44429,GBP,IR3TIB01GBM156N
1988-09-01,12.19034,GBP,IR3TIB01GBM156N
1988-10-01,12.0439,GBP,IR3TIB01GBM156N
1988-11-01,12.31818,GBP,IR3TIB01GBM156N
1988-12-01,13.15767,GBP,IR3TIB01GBM156N
1989-01-01,13.16122,GBP,IR3TIB01GBM156N
1989-02-01,13.06406,GBP,IR3TIB01GBM156N
1989-03-01,13.0625,GBP,IR3TIB01GBM156N
1989-04-01,13.18359,GBP,IR3TIB01GBM156N
1989-05-01,13.22215,GBP,IR3TIB01GBM156N
1989-06-01,14.18253,GBP,IR3TIB01GBM156N
1989-07-01,13.96317,GBP,IR3TIB01GBM156N
1989-08-01,13.89572,GBP,IR3TIB01GBM156N
1989-09-01,14.07217,GBP,IR3TIB01GBM156N
1989-10-01,15.06818,GBP,IR3TIB01GBM156N
1989-11-01,15.15412,GBP,IR3TIB01GBM156N
1989-12-01,15.15179,GBP,IR3TIB01GBM156N
1990-01-01,15.19837,GBP,IR3TIB01GBM156N
1990-02-01,15.14922,GBP,IR3TIB01GBM156N
1990-03-01,15.31676,GBP,IR3TIB01GBM156N
1990-04-01,15.25744,GBP,IR3TIB01GBM156N
1990-05-01,15.19429,GBP,IR3TIB01GBM156N
1990-06-01,15.01302,GBP,IR3TIB01GBM156N
1990-07-01,14.9858,GBP,IR3TIB01GBM156N
1990-08-01,15.01664,GBP,IR3TIB01GBM156N
1990-09-01,14.95117,GBP,IR3TIB01GBM156N
1990-10-01,14.06216,GBP,IR3TIB01GBM156N
1990-11-01,13.68111,GBP,IR3TIB01GBM156N
1990-12-01,13.8817,GBP,IR3TIB01GBM156N
1991-01-01,14.01087,GBP,IR3TIB01GBM156N
1991-02-01,13.29532,GBP,IR3TIB01GBM156N
1991-03-01,12.4628,GBP,IR3TIB01GBM156N
1991-04-01,12.01492,GBP,IR3TIB01GBM156N
1991-05-01,11.56522,GBP,IR3TIB01GBM156N
1991-06-01,11.29844,GBP,IR3TIB01GBM156N
1991-07-01,11.12976,GBP,IR3TIB01GBM156N
1991-08-01,10.93324,GBP,IR3TIB01GBM156N
1991-09-01,10.33408,GBP,IR3TIB01GBM156N
1991-10-01,10.45823,GBP,IR3TIB01GBM156N
1991-11-01,10.52977,GBP,IR3TIB01GBM156N
1991-12-01,10.84837,GBP,IR3TIB01GBM156N
1992-01-01,10.71773,GBP,IR3TIB01GBM156N
1992-02-01,10.42031,GBP,IR3TIB01GBM156N
1992-03-01,10.67045,GBP,IR3TIB01GBM156N
1992-04-01,10.65483,GBP,IR3TIB01GBM156N
1992-05-01,10.109,GBP,IR3TIB01GBM156N
1992-06-01,10.05078,GBP,IR3TIB01GBM156N
1992-07-01,10.20245,GBP,IR3TIB01GBM156N
1992-08-01,10.4122,GBP,IR3TIB01GBM156N
1992-09-01,10.03729,GBP,IR3TIB01GBM156N
1992-10-01,8.39347,GBP,IR3TIB01GBM156N
1992-11-01,7.26711,GBP,IR3TIB01GBM156N
1992-12-01,7.23132,GBP,IR3TIB01GBM156N
1993-01-01,6.98363,GBP,IR3TIB01GBM156N
1993-02-01,6.23086,GBP,IR3TIB01GBM156N
1993-03-01,6.03193,GBP,IR3TIB01GBM156N
1993-04-01,6.02379,GBP,IR3TIB01GBM156N
1993-05-01,6.04427,GBP,IR3TIB01GBM156N
1993-06-01,5.9517,GBP,IR3TIB01GBM156N
1993-07-01,6.00355,GBP,IR3TIB01GBM156N
1993-08-01,5.91406,GBP,IR3TIB01GBM156N
1993-09-01,5.95987,GBP,IR3TIB01GBM156N
1993-10-01,5.81362,GBP,IR3TIB01GBM156N
1993-11-01,5.6076,GBP,IR3TIB01GBM156N
1993-12-01,5.38281,GBP,IR3TIB01GBM156N
1994-01-01,5.44345,GBP,IR3TIB01GBM156N
1994-02-01,5.26328,GBP,IR3TIB01GBM156N
1994-03-01,5.22758,GBP,IR3TIB01GBM156N
1994-04-01,5.28981,GBP,IR3TIB01GBM156N
1994-05-01,5.22727,GBP,IR3TIB01GBM156N
1994-06-01,5.18786,GBP,IR3TIB01GBM156N
1994-07-01,5.26637,GBP,IR3TIB01GBM156N
1994-08-01,5.57745,GBP,IR3TIB01GBM156N
1994-09-01,5.76811,GBP,IR3TIB01GBM156N
1994-10-01,5.9747,GBP,IR3TIB01GBM156N
1994-11-01,6.12536,GBP,IR3TIB01GBM156N
1994-12-01,6.42685,GBP,IR3TIB01GBM156N
1995-01-01,6.63778,GBP,IR3TIB01GBM156N
1995-02-01,6.80391,GBP,IR3TIB01GBM156N
1995-03-01,6.72554,GBP,IR3TIB01GBM156N
1995-04-01,6.73633,GBP,IR3TIB01GBM156N
1995-05-01,6.77616,GBP,IR3TIB01GBM156N
1995-06-01,6.71484,GBP,IR3TIB01GBM156N
1995-07-01,6.87686,GBP,IR3TIB01GBM156N
1995-08-01,6.87568,GBP,IR3TIB01GBM156N
1995-09-01,6.79539,GBP,IR3TIB01GBM156N
1995-10-01,6.81783,GBP,IR3TIB01GBM156N
1995-11-01,6.72088,GBP,IR3TIB01GBM156N
1995-12-01,6.54985,GBP,IR3TIB01GBM156N
1996-01-01,6.44718,GBP,IR3TIB01GBM156N
1996-02-01,6.24554,GBP,IR3TIB01GBM156N
1996-03-01,6.13988,GBP,IR3TIB01GBM156N
1996-04-01,6.08452,GBP,IR3TIB01GBM156N
1996-05-01,6.11651,GBP,IR3TIB01GBM156N
1996-06-01,5.93477,GBP,IR3TIB01GBM156N
1996-07-01,5.82167,GBP,IR3TIB01GBM156N
1996-08-01,5.83647,GBP,IR3TIB01GBM156N
1996-09-01,5.86365,GBP,IR3TIB01GBM156N
1996-10-01,6.01953,GBP,IR3TIB01GBM156N
1996-11-01,6.38579,GBP,IR3TIB01GBM156N
1996-12-01,6.43164,GBP,IR3TIB01GBM156N
1997-01-01,6.41491,GBP,IR3TIB01GBM156N
1997-02-01,6.28848,GBP,IR3TIB01GBM156N
1997-03-01,6.30413,GBP,IR3TIB01GBM156N
1997-04-01,6.45437,GBP,IR3TIB01GBM156N
1997-05-01,6.53214,GBP,IR3TIB01GBM156N
1997-06-01,6.66462,GBP,IR3TIB01GBM156N
1997-07-01,7.04144,GBP,IR3TIB01GBM156N
1997-08-01,7.24349,GBP,IR3TIB01GBM156N
1997-09-01,7.29687,GBP,IR3TIB01GBM156N
1997-10-01,7.35615,GBP,IR3TIB01GBM156N
1997-11-01,7.62617,GBP,IR3TIB01GBM156N
1997-12-01,7.7179,GBP,IR3TIB01GBM156N
1998-01-01,7.5854,GBP,IR3TIB01GBM156N
1998-02-01,7.54395,GBP,IR3TIB01GBM156N
1998-03-01,7.56676,GBP,IR3TIB01GBM156N
1998-04-01,7.53533,GBP,IR3TIB01GBM156N
1998-05-01,7.4881,GBP,IR3TIB01GBM156N
1998-06-01,7.71396,GBP,IR3TIB01GBM156N
1998-07-01,7.80622,GBP,IR3TIB01GBM156N
1998-08-01,7.72824,GBP,IR3TIB01GBM156N
1998-09-01,7.46768,GBP,IR3TIB01GBM156N
1998-10-01,7.22061,GBP,IR3TIB01GBM156N
1998-11-01,6.97448,GBP,IR3TIB01GBM156N
1998-12-01,6.46034,GBP,IR3TIB01GBM156N
1999-01-01,5.92171,GBP,IR3TIB01GBM156N
1999-02-01,5.53197,GBP,IR3TIB01GBM156N
1999-03-01,5.42287,GBP,IR3TIB01GBM156N
1999-04-01,5.31773,GBP,IR3TIB01GBM156N
1999-05-01,5.34875,GBP,IR3TIB01GBM156N
1999-06-01,5.22114,GBP,IR3TIB01GBM156N
1999-07-01,5.16688,GBP,IR3TIB01GBM156N
1999-08-01,5.25409,GBP,IR3TIB01GBM156N
1999-09-01,5.4107,GBP,IR3TIB01GBM156N
1999-10-01,6.02564,GBP,IR3TIB01GBM156N
1999-11-01,5.8725,GBP,IR3TIB01GBM156N
1999-12-01,6.05531,GBP,IR3TIB01GBM156N
2000-01-01,6.13632,GBP,IR3TIB01GBM156N
2000-02-01,6.23781,GBP,IR3TIB01GBM156N
2000-03-01,6.22838,GBP,IR3TIB01GBM156N
2000-04-01,6.29647,GBP,IR3TIB01GBM156N
2000-05-01,6.30356,GBP,IR3TIB01GBM156N
2000-06-01,6.22682,GBP,IR3TIB01GBM156N
2000-07-01,6.19247,GBP,IR3TIB01GBM156N
2000-08-01,6.21754,GBP,IR3TIB01GBM156N
2000-09-01,6.20569,GBP,IR3TIB01GBM156N
2000-10-01,6.16274,GBP,IR3TIB01GBM156N
2000-11-01,6.08629,GBP,IR3TIB01GBM156N
2000-12-01,5.95539,GBP,IR3TIB01GBM156N
2001-01-01,5.84578,GBP,IR3TIB01GBM156N
2001-02-01,5.75655,GBP,IR3TIB01GBM156N
2001-03-01,5.55126,GBP,IR3TIB01GBM156N
2001-04-01,5.40449,GBP,IR3TIB01GBM156N
2001-05-01,5.24858,GBP,IR3TIB01GBM156N
2001-06-01,5.25854,GBP,IR3TIB01GBM156N
2001-07-01,5.25436,GBP,IR3TIB01GBM156N
2001-08-01,4.99658,GBP,IR3TIB01GBM156N
2001-09-01,4.72946,GBP,IR3TIB01GBM156N
2001-10-01,4.42821,GBP,IR3TIB01GBM156N
2001-11-01,3.99675,GBP,IR3TIB01GBM156N
2001-12-01,4.0506,GBP,IR3TIB01GBM156N
2002-01-01,4.04677,GBP,IR3TIB01GBM156N
2002-02-01,4.05268,GBP,IR3TIB01GBM156N
2002-03-01,4.13055,GBP,IR3TIB01GBM156N
2002-04-01,4.17319,GBP,IR3TIB01GBM156N
2002-05-01,4.1537,GBP,IR3TIB01GBM156N
2002-06-01,4.17758,GBP,IR3TIB01GBM156N
2002-07-01,4.06054,GBP,IR3TIB01GBM156N
2002-08-01,3.98654,GBP,IR3TIB01GBM156N
2002-09-01,3.98872,GBP,IR3TIB01GBM156N
2002-10-01,3.96401,GBP,IR3TIB01GBM156N
2002-11-01,3.97142,GBP,IR3TIB01GBM156N
2002-12-01,4.01777,GBP,IR3TIB01GBM156N
2003-01-01,3.98263,GBP,IR3TIB01GBM156N
2003-02-01,3.75425,GBP,IR3TIB01GBM156N
2003-03-01,3.65503,GBP,IR3TIB01GBM156N
2003-04-01,3.64598,GBP,IR3TIB01GBM156N
2003-05-01,3.63252,GBP,IR3TIB01GBM156N
2003-06-01,3.63966,GBP,IR3TIB01GBM156N
2003-07-01,3.49022,GBP,IR3TIB01GBM156N
2003-08-01,3.52249,GBP,IR3TIB01GBM156N
2003-09-01,3.6967,GBP,IR3TIB01GBM156N
2003-10-01,3.80338,GBP,IR3TIB01GBM156N
2003-11-01,3.98043,GBP,IR3TIB01GBM156N
2003-12-01,4.01864,GBP,IR3TIB01GBM156N
2004-01-01,4.05531,GBP,IR3TIB01GBM156N
2004-02-01,4.16654,GBP,IR3TIB01GBM156N
2004-03-01,4.29673,GBP,IR3TIB01GBM156N
2004-04-01,4.39472,GBP,IR3TIB01GBM156N
2004-05-01,4.52872,GBP,IR3TIB01GBM156N
2004-06-01,4.78974,GBP,IR3TIB01GBM156N
2004-07-01,4.85702,GBP,IR3TIB01GBM156N
2004-08-01,4.96284,GBP,IR3TIB01GBM156N
2004-09-01,4.9469,GBP,IR3TIB01GBM156N
2004-10-01,4.90071,GBP,IR3TIB01GBM156N
2004-11-01,4.88359,GBP,IR3TIB01GBM156N
2004-12-01,4.87103,GBP,IR3TIB01GBM156N
2005-01-01,4.87316,GBP,IR3TIB01GBM156N
2005-02-01,4.89069,GBP,IR3TIB01GBM156N
2005-03-01,4.98736,GBP,IR3TIB01GBM156N
2005-04-01,4.94336,GBP,IR3TIB01GBM156N
2005-05-01,4.89375,GBP,IR3TIB01GBM156N
2005-06-01,4.84144,GBP,IR3TIB01GBM156N
2005-07-01,4.65794,GBP,IR3TIB01GBM156N
2005-08-01,4.59465,GBP,IR3TIB01GBM156N
2005-09-01,4.59686,GBP,IR3TIB01GBM156N
2005-10-01,4.58701,GBP,IR3TIB01GBM156N
2005-11-01,4.61847,GBP,IR3TIB01GBM156N
2005-12-01,4.63732,GBP,IR3TIB01GBM156N
2006-01-01,4.60368,GBP,IR3TIB01GBM156N
2006-02-01,4.58199,GBP,IR3TIB01GBM156N
2006-03-01,4.58741,GBP,IR3TIB01GBM156N
2006-04-01,4.6296,GBP,IR3TIB01GBM156N
2006-05-01,4.7015,GBP,IR3TIB01GBM156N
2006-06-01,4.73498,GBP,IR3TIB01GBM156N
2006-07-01,4.73322,GBP,IR3TIB01GBM156N
2006-08-01,4.94425,GBP,IR3TIB01GBM156N
2006-09-01,5.02501,GBP,IR3TIB01GBM156N
2006-10-01,5.13176,GBP,IR3TIB01GBM156N
2006-11-01,5.22544,GBP,IR3TIB01GBM156N
2006-12-01,5.29167,GBP,IR3TIB01GBM156N
2007-01-01,5.48623,GBP,IR3TIB01GBM156N
2007-02-01,5.5657,GBP,IR3TIB01GBM156N
2007-03-01,5.54946,GBP,IR3TIB01GBM156N
2007-04-01,5.64899,GBP,IR3TIB01GBM156N
2007-05-01,5.76742,GBP,IR3TIB01GBM156N
2007-06-01,5.88018,GBP,IR3TIB01GBM156N
2007-07-01,6.02396,GBP,IR3TIB01GBM156N
2007-08-01,6.41946,GBP,IR3TIB01GBM156N
2007-09-01,6.64694,GBP,IR3TIB01GBM156N
2007-10-01,6.27014,GBP,IR3TIB01GBM156N
2007-11-01,6.40858,GBP,IR3TIB01GBM156N
2007-12-01,6.35943,GBP,IR3TIB01GBM156N
2008-01-01,5.65965,GBP,IR3TIB01GBM156N
2008-02-01,5.64202,GBP,IR3TIB01GBM156N
2008-03-01,5.89929,GBP,IR3TIB01GBM156N
2008-04-01,5.91881,GBP,IR3TIB01GBM156N
2008-05-01,5.82639,GBP,IR3TIB01GBM156N
2008-06-01,5.92944,GBP,IR3TIB01GBM156N
2008-07-01,5.8322,GBP,IR3TIB01GBM156N
2008-08-01,5.76619,GBP,IR3TIB01GBM156N
2008-09-01,5.9106,GBP,IR3TIB01GBM156N
2008-10-01,6.13304,GBP,IR3TIB01GBM156N
2008-11-01,4.44684,GBP,IR3TIB01GBM156N
2008-12-01,3.17247,GBP,IR3TIB01GBM156N
2009-01-01,2.34276,GBP,IR3TIB01GBM156N
2009-02-01,2.09038,GBP,IR3TIB01GBM156N
2009-03-01,1.83139,GBP,IR3TIB01GBM156N
2009-04-01,1.53413,GBP,IR3TIB01GBM156N
2009-05-01,1.35795,GBP,IR3TIB01GBM156N
2009-06-01,1.24117,GBP,IR3TIB01GBM156N
2009-07-01,1.00113,GBP,IR3TIB01GBM156N
2009-08-01,0.77369,GBP,IR3TIB01GBM156N
2009-09-01,0.6056,GBP,IR3TIB01GBM156N
2009-10-01,0.57087,GBP,IR3TIB01GBM156N
2009-11-01,0.60936,GBP,IR3TIB01GBM156N
2009-12-01,0.60541,GBP,IR3TIB01GBM156N
2010-01-01,0.61265,GBP,IR3TIB01GBM156N
2010-02-01,0.6331,GBP,IR3TIB01GBM156N
2010-03-01,0.64549,GBP,IR3TIB01GBM156N
2010-04-01,0.65592,GBP,IR3TIB01GBM156N
2010-05-01,0.69713,GBP,IR3TIB01GBM156N
2010-06-01,0.72839,GBP,IR3TIB01GBM156N
2010-07-01,0.73603,GBP,IR3TIB01GBM156N
2010-08-01,0.73296,GBP,IR3TIB01GBM156N
2010-09-01,0.72859,GBP,IR3TIB01GBM156N
2010-10-01,0.7384,GBP,IR3TIB01GBM156N
2010-11-01,0.73901,GBP,IR3TIB01GBM156N
2010-12-01,0.74962,GBP,IR3TIB01GBM156N
2011-01-01,0.76866,GBP,IR3TIB01GBM156N
2011-02-01,0.79962,GBP,IR3TIB01GBM156N
2011-03-01,0.80913,GBP,IR3TIB01GBM156N
2011-04-01,0.82096,GBP,IR3TIB01GBM156N
2011-05-01,0.82344,GBP,IR3TIB01GBM156N
2011-06-01,0.82512,GBP,IR3TIB01GBM156N
2011-07-01,0.8289,GBP,IR3TIB01GBM156N
2011-08-01,0.85782,GBP,IR3TIB01GBM156N
2011-09-01,0.9181,GBP,IR3TIB01GBM156N
2011-10-01,0.96991,GBP,IR3TIB01GBM156N
2011-11-01,1.01182,GBP,IR3TIB01GBM156N
2011-12-01,1.06148,GBP,IR3TIB01GBM156N
2012-01-01,1.08709,GBP,IR3TIB01GBM156N
2012-02-01,1.07249,GBP,IR3TIB01GBM156N
2012-03-01,1.03757,GBP,IR3TIB01GBM156N
2012-04-01,1.01792,GBP,IR3TIB01GBM156N
2012-05-01,1.005,GBP,IR3TIB01GBM156N
2012-06-01,0.94978,GBP,IR3TIB01GBM156N
2012-07-01,0.81735,GBP,IR3TIB01GBM156N
2012-08-01,0.70481,GBP,IR3TIB01GBM156N
2012-09-01,0.64803,GBP,IR3TIB01GBM156N
2012-10-01,0.54397,GBP,IR3TIB01GBM156N
2012-11-01,0.52452,GBP,IR3TIB01GBM156N
2012-12-01,0.51848,GBP,IR3TIB01GBM156N
2013-01-01,0.51228,GBP,IR3TIB01GBM156N
2013-02-01,0.50988,GBP,IR3TIB01GBM156N
2013-03-01,0.50688,GBP,IR3TIB01GBM156N
2013-04-01,0.50557,GBP,IR3TIB01GBM156N
2013-05-01,0.50563,GBP,IR3TIB01GBM156N
2013-06-01,0.50794,GBP,IR3TIB01GBM156N
2013-07-01,0.50944,GBP,IR3TIB01GBM156N
2013-08-01,0.51262,GBP,IR3TIB01GBM156N
2013-09-01,0.51688,GBP,IR3TIB01GBM156N
2013-10-01,0.51663,GBP,IR3TIB01GBM156N
2013-11-01,0.52344,GBP,IR3TIB01GBM156N
2013-12-01,0.52474,GBP,IR3TIB01GBM156N
2014-01-01,0.52093,GBP,IR3TIB01GBM156N
2014-02-01,0.52153,GBP,IR3TIB01GBM156N
2014-03-01,0.52157,GBP,IR3TIB01GBM156N
2014-04-01,0.52665,GBP,IR3TIB01GBM156N
2014-05-01,0.52744,GBP,IR3TIB01GBM156N
2014-06-01,0.54394,GBP,IR3TIB01GBM156N
2014-07-01,0.55641,GBP,IR3TIB01GBM156N
2014-08-01,0.56119,GBP,IR3TIB01GBM156N
2014-09-01,0.56291,GBP,IR3TIB01GBM156N
2014-10-01,0.55836,GBP,IR3TIB01GBM156N
2014-11-01,0.55628,GBP,IR3TIB01GBM156N
2014-12-01,0.55818,GBP,IR3TIB01GBM156N
2015-01-01,0.5626,GBP,IR3TIB01GBM156N
2015-02-01,0.56363,GBP,IR3TIB01GBM156N
2015-03-01,0.56436,GBP,IR3TIB01GBM156N
2015-04-01,0.5695,GBP,IR3TIB01GBM156N
2015-05-01,0.56798,GBP,IR3TIB01GBM156N
2015-06-01,0.57188,GBP,IR3TIB01GBM156N
2015-07-01,0.58084,GBP,IR3TIB01GBM156N
2015-08-01,0.5867,GBP,IR3TIB01GBM156N
2015-09-01,0.58576,GBP,IR3TIB01GBM156N
2015-10-01,0.58006,GBP,IR3TIB01GBM156N
2015-11-01,0.57371,GBP,IR3TIB01GBM156N
2015-12-01,0.58277,GBP,IR3TIB01GBM156N
2016-01-01,0.58976,GBP,IR3TIB01GBM156N
2016-02-01,0.59073,GBP,IR3TIB01GBM156N
2016-03-01,0.58825,GBP,IR3TIB01GBM156N
2016-04-01,0.5889,GBP,IR3TIB01GBM156N
2016-05-01,0.58929,GBP,IR3TIB01GBM156N
2016-06-01,0.57468,GBP,IR3TIB01GBM156N
2016-07-01,0.5136,GBP,IR3TIB01GBM156N
2016-08-01,0.40613,GBP,IR3TIB01GBM156N
2016-09-01,0.37907,GBP,IR3TIB01GBM156N
2016-10-01,0.3975,GBP,IR3TIB01GBM156N
2016-11-01,0.39773,GBP,IR3TIB01GBM156N
2016-12-01,0.37226,GBP,IR3TIB01GBM156N
2017-01-01,0.3621,GBP,IR3TIB01GBM156N
2017-02-01,0.35674,GBP,IR3TIB01GBM156N
2017-03-01,0.34567,GBP,IR3TIB01GBM156N
2017-04-01,0.33513,GBP,IR3TIB01GBM156N
2017-05-01,0.31081,GBP,IR3TIB01GBM156N
2017-06-01,0.29442,GBP,IR3TIB01GBM156N
2017-07-01,0.2931,GBP,IR3TIB01GBM156N
2017-08-01,0.28119,GBP,IR3TIB01GBM156N
2017-09-01,0.30911,GBP,IR3TIB01GBM156N
2017-10-01,0.38187,GBP,IR3TIB01GBM156N
2017-11-01,0.51857,GBP,IR3TIB01GBM156N
2017-12-01,0.51871,GBP,IR3TIB01GBM156N
2018-01-01,0.5225,GBP,IR3TIB01GBM156N
2018-02-01,0.54683,GBP,IR3TIB01GBM156N
2018-03-01,0.62842,GBP,IR3TIB01GBM156N
2018-04-01,0.75629,GBP,IR3TIB01GBM156N
2018-05-01,0.64355,GBP,IR3TIB01GBM156N
2018-06-01,0.63868,GBP,IR3TIB01GBM156N
2018-07-01,0.74619,GBP,IR3TIB01GBM156N
2018-08-01,0.80519,GBP,IR3TIB01GBM156N
2018-09-01,0.80093,GBP,IR3TIB01GBM156N
2018-10-01,0.80618,GBP,IR3TIB01GBM156N
2018-11-01,0.87483,GBP,IR3TIB01GBM156N
2018-12-01,0.90444,GBP,IR3TIB01GBM156N
2019-01-01,0.91822,GBP,IR3TIB01GBM156N
2019-02-01,0.87598,GBP,IR3TIB01GBM156N
2019-03-01,0.84,GBP,IR3TIB01GBM156N
2019-04-01,0.82,GBP,IR3TIB01GBM156N
2019-05-01,0.8,GBP,IR3TIB01GBM156N
2019-06-01,0.78,GBP,IR3TIB01GBM156N
2019-07-01,0.77,GBP,IR3TIB01GBM156N
2019-08-01,0.76,GBP,IR3TIB01GBM156N
2019-09-01,0.77,GBP,IR3TIB01GBM156N
2019-10-01,0.78,GBP,IR3TIB01GBM156N
2019-11-01,0.79,GBP,IR3TIB01GBM156N
2019-12-01,0.79,GBP,IR3TIB01GBM156N
2020-01-01,0.74,GBP,IR3TIB01GBM156N
2020-02-01,0.75,GBP,IR3TIB01GBM156N
2020-03-01,0.53,GBP,IR3TIB01GBM156N
2020-04-01,0.65,GBP,IR3TIB01GBM156N
2020-05-01,0.33,GBP,IR3TIB01GBM156N
2020-06-01,0.19,GBP,IR3TIB01GBM156N
2020-07-01,0.1,GBP,IR3TIB01GBM156N
2020-08-01,0.07,GBP,IR3TIB01GBM156N
2020-09-01,0.06,GBP,IR3TIB01GBM156N
2020-10-01,0.05,GBP,IR3TIB01GBM156N
2020-11-01,0.04,GBP,IR3TIB01GBM156N
2020-12-01,0.03,GBP,IR3TIB01GBM156N
2021-01-01,0.03,GBP,IR3TIB01GBM156N
2021-02-01,0.05,GBP,IR3TIB01GBM156N
2021-03-01,0.08,GBP,IR3TIB01GBM156N
2021-04-01,0.09,GBP,IR3TIB01GBM156N
2021-05-01,0.08,GBP,IR3TIB01GBM156N
2021-06-01,0.08,GBP,IR3TIB01GBM156N
2021-07-01,0.08,GBP,IR3TIB01GBM156N
2021-08-01,0.07,GBP,IR3TIB01GBM156N
2021-09-01,0.07,GBP,IR3TIB01GBM156N
2021-10-01,0.16,GBP,IR3TIB01GBM156N
2021-11-01,0.13,GBP,IR3TIB01GBM156N
2021-12-01,0.16,GBP,IR3TIB01GBM156N
2022-01-01,0.53,GBP,IR3TIB01GBM156N
2022-02-01,0.81,GBP,IR3TIB01GBM156N
2022-03-01,0.99,GBP,IR3TIB01GBM156N
2022-04-01,1.13,GBP,IR3TIB01GBM156N
2022-05-01,1.31,GBP,IR3TIB01GBM156N
2022-06-01,1.57,GBP,IR3TIB01GBM156N
2022-07-01,1.84,GBP,IR3TIB01GBM156N
2022-08-01,2.23,GBP,IR3TIB01GBM156N
2022-09-01,2.91,GBP,IR3TIB01GBM156N
2022-10-01,3.39,GBP,IR3TIB01GBM156N
2022-11-01,3.52,GBP,IR3TIB01GBM156N
2022-12-01,3.78,GBP,IR3TIB01GBM156N
2023-01-01,4.01,GBP,IR3TIB01GBM156N
2023-02-01,4.21,GBP,IR3TIB01GBM156N
2023-03-01,4.33,GBP,IR3TIB01GBM156N
2023-04-01,4.52,GBP,IR3TIB01GBM156N
2023-05-01,4.73,GBP,IR3TIB01GBM156N
2023-06-01,5.09,GBP,IR3TIB01GBM156N
2023-07-01,5.49,GBP,IR3TIB01GBM156N
2023-08-01,5.53,GBP,IR3TIB01GBM156N
2023-09-01,5.52,GBP,IR3TIB01GBM156N
2023-10-01,5.4,GBP,IR3TIB01GBM156N
2023-11-01,5.36,GBP,IR3TIB01GBM156N
2023-12-01,5.22,GBP,IR3TIB01GBM156N
2024-01-01,5.2,GBP,IR3TIB01GBM156N
2024-02-01,5.21,GBP,IR3TIB01GBM156N
2024-03-01,5.2,GBP,IR3TIB01GBM156N
2024-04-01,5.18,GBP,IR3TIB01GBM156N
2024-05-01,5.16,GBP,IR3TIB01GBM156N
2024-06-01,5.16,GBP,IR3TIB01GBM156N
2024-07-01,5.09,GBP,IR3TIB01GBM156N
2024-08-01,4.91,GBP,IR3TIB01GBM156N
2024-09-01,4.84,GBP,IR3TIB01GBM156N
2024-10-01,4.75,GBP,IR3TIB01GBM156N
2024-11-01,4.68,GBP,IR3TIB01GBM156N
2024-12-01,4.64,GBP,IR3TIB01GBM156N
2025-01-01,4.55,GBP,IR3TIB01GBM156N
2025-02-01,4.44,GBP,IR3TIB01GBM156N
2025-03-01,4.39,GBP,IR3TIB01GBM156N
2025-04-01,4.26,GBP,IR3TIB01GBM156N
2025-05-01,4.19,GBP,IR3TIB01GBM156N
2025-06-01,4.15,GBP,IR3TIB01GBM156N
2025-07-01,4.05,GBP,IR3TIB01GBM156N
2025-08-01,3.98,GBP,IR3TIB01GBM156N
2025-09-01,3.97,GBP,IR3TIB01GBM156N
2025-10-01,3.93,GBP,IR3TIB01GBM156N
2025-11-01,3.84,GBP,IR3TIB01GBM156N
2025-12-01,3.75,GBP,IR3TIB01GBM156N
2026-01-01,3.71,GBP,IR3TIB01GBM156N
2002-04-01,0.1,JPY,IR3TIB01JPM156N
2002-05-01,0.08,JPY,IR3TIB01JPM156N
2002-06-01,0.09,JPY,IR3TIB01JPM156N
2002-07-01,0.09,JPY,IR3TIB01JPM156N
2002-08-01,0.07,JPY,IR3TIB01JPM156N
2002-09-01,0.08,JPY,IR3TIB01JPM156N
2002-10-01,0.08,JPY,IR3TIB01JPM156N
2002-11-01,0.08,JPY,IR3TIB01JPM156N
2002-12-01,0.1,JPY,IR3TIB01JPM156N
2003-01-01,0.1,JPY,IR3TIB01JPM156N
2003-02-01,0.09,JPY,IR3TIB01JPM156N
2003-03-01,0.08,JPY,IR3TIB01JPM156N
2003-04-01,0.08,JPY,IR3TIB01JPM156N
2003-05-01,0.08,JPY,IR3TIB01JPM156N
2003-06-01,0.09,JPY,IR3TIB01JPM156N
2003-07-01,0.09,JPY,IR3TIB01JPM156N
2003-08-01,0.09,JPY,IR3TIB01JPM156N
2003-09-01,0.09,JPY,IR3TIB01JPM156N
2003-10-01,0.09,JPY,IR3TIB01JPM156N
2003-11-01,0.08,JPY,IR3TIB01JPM156N
2003-12-01,0.1,JPY,IR3TIB01JPM156N
2004-01-01,0.09,JPY,IR3TIB01JPM156N
2004-02-01,0.09,JPY,IR3TIB01JPM156N
2004-03-01,0.08,JPY,IR3TIB01JPM156N
2004-04-01,0.08,JPY,IR3TIB01JPM156N
2004-05-01,0.08,JPY,IR3TIB01JPM156N
2004-06-01,0.09,JPY,IR3TIB01JPM156N
2004-07-01,0.09,JPY,IR3TIB01JPM156N
2004-08-01,0.09,JPY,IR3TIB01JPM156N
2004-09-01,0.09,JPY,IR3TIB01JPM156N
2004-10-01,0.09,JPY,IR3TIB01JPM156N
2004-11-01,0.09,JPY,IR3TIB01JPM156N
2004-12-01,0.1,JPY,IR3TIB01JPM156N
2005-01-01,0.1,JPY,IR3TIB01JPM156N
2005-02-01,0.1,JPY,IR3TIB01JPM156N
2005-03-01,0.08,JPY,IR3TIB01JPM156N
2005-04-01,0.08,JPY,IR3TIB01JPM156N
2005-05-01,0.08,JPY,IR3TIB01JPM156N
2005-06-01,0.09,JPY,IR3TIB01JPM156N
2005-07-01,0.09,JPY,IR3TIB01JPM156N
2005-08-01,0.09,JPY,IR3TIB01JPM156N
2005-09-01,0.09,JPY,IR3TIB01JPM156N
2005-10-01,0.09,JPY,IR3TIB01JPM156N
2005-11-01,0.09,JPY,IR3TIB01JPM156N
2005-12-01,0.1,JPY,IR3TIB01JPM156N
2006-01-01,0.1036,JPY,IR3TIB01JPM156N
2006-02-01,0.11,JPY,IR3TIB01JPM156N
2006-03-01,0.1255,JPY,IR3TIB01JPM156N
2006-04-01,0.14,JPY,IR3TIB01JPM156N
2006-05-01,0.27,JPY,IR3TIB01JPM156N
2006-06-01,0.35,JPY,IR3TIB01JPM156N
2006-07-01,0.44,JPY,IR3TIB01JPM156N
2006-08-01,0.432,JPY,IR3TIB01JPM156N
2006-09-01,0.436,JPY,IR3TIB01JPM156N
2006-10-01,0.447,JPY,IR3TIB01JPM156N
2006-11-01,0.502,JPY,IR3TIB01JPM156N
2006-12-01,0.54,JPY,IR3TIB01JPM156N
2007-01-01,0.54,JPY,IR3TIB01JPM156N
2007-02-01,0.66,JPY,IR3TIB01JPM156N
2007-03-01,0.66,JPY,IR3TIB01JPM156N
2007-04-01,0.65,JPY,IR3TIB01JPM156N
2007-05-01,0.67,JPY,IR3TIB01JPM156N
2007-06-01,0.73,JPY,IR3TIB01JPM156N
2007-07-01,0.77,JPY,IR3TIB01JPM156N
2007-08-01,0.84,JPY,IR3TIB01JPM156N
2007-09-01,0.85,JPY,IR3TIB01JPM156N
2007-10-01,0.85,JPY,IR3TIB01JPM156N
2007-11-01,0.87,JPY,IR3TIB01JPM156N
2007-12-01,0.86,JPY,IR3TIB01JPM156N
2008-01-01,0.85,JPY,IR3TIB01JPM156N
2008-02-01,0.85,JPY,IR3TIB01JPM156N
2008-03-01,0.84,JPY,IR3TIB01JPM156N
2008-04-01,0.84,JPY,IR3TIB01JPM156N
2008-05-01,0.84,JPY,IR3TIB01JPM156N
2008-06-01,0.86,JPY,IR3TIB01JPM156N
2008-07-01,0.85,JPY,IR3TIB01JPM156N
2008-08-01,0.85,JPY,IR3TIB01JPM156N
2008-09-01,0.87,JPY,IR3TIB01JPM156N
2008-10-01,0.89,JPY,IR3TIB01JPM156N
2008-11-01,0.88,JPY,IR3TIB01JPM156N
2008-12-01,0.74,JPY,IR3TIB01JPM156N
2009-01-01,0.72,JPY,IR3TIB01JPM156N
2009-02-01,0.71,JPY,IR3TIB01JPM156N
2009-03-01,0.65,JPY,IR3TIB01JPM156N
2009-04-01,0.6,JPY,IR3TIB01JPM156N
2009-05-01,0.57,JPY,IR3TIB01JPM156N
2009-06-01,0.56,JPY,IR3TIB01JPM156N
2009-07-01,0.55,JPY,IR3TIB01JPM156N
2009-08-01,0.54,JPY,IR3TIB01JPM156N
2009-09-01,0.54,JPY,IR3TIB01JPM156N
2009-10-01,0.53,JPY,IR3TIB01JPM156N
2009-11-01,0.51,JPY,IR3TIB01JPM156N
2009-12-01,0.46,JPY,IR3TIB01JPM156N
2010-01-01,0.45,JPY,IR3TIB01JPM156N
2010-02-01,0.44,JPY,IR3TIB01JPM156N
2010-03-01,0.43,JPY,IR3TIB01JPM156N
2010-04-01,0.4,JPY,IR3TIB01JPM156N
2010-05-01,0.39,JPY,IR3TIB01JPM156N
2010-06-01,0.38,JPY,IR3TIB01JPM156N
2010-07-01,0.37,JPY,IR3TIB01JPM156N
2010-08-01,0.36,JPY,IR3TIB01JPM156N
2010-09-01,0.36,JPY,IR3TIB01JPM156N
2010-10-01,0.34,JPY,IR3TIB01JPM156N
2010-11-01,0.34,JPY,IR3TIB01JPM156N
2010-12-01,0.34,JPY,IR3TIB01JPM156N
2011-01-01,0.34,JPY,IR3TIB01JPM156N
2011-02-01,0.34,JPY,IR3TIB01JPM156N
2011-03-01,0.33615,JPY,IR3TIB01JPM156N
2011-04-01,0.33286,JPY,IR3TIB01JPM156N
2011-05-01,0.33214,JPY,IR3TIB01JPM156N
2011-06-01,0.33214,JPY,IR3TIB01JPM156N
2011-07-01,0.33214,JPY,IR3TIB01JPM156N
2011-08-01,0.32857,JPY,IR3TIB01JPM156N
2011-09-01,0.32929,JPY,IR3TIB01JPM156N
2011-10-01,0.32929,JPY,IR3TIB01JPM156N
2011-11-01,0.32929,JPY,IR3TIB01JPM156N
2011-12-01,0.32929,JPY,IR3TIB01JPM156N
2012-01-01,0.33077,JPY,IR3TIB01JPM156N
2012-02-01,0.33167,JPY,IR3TIB01JPM156N
2012-03-01,0.33167,JPY,IR3TIB01JPM156N
2012-04-01,0.33167,JPY,IR3TIB01JPM156N
2012-05-01,0.33167,JPY,IR3TIB01JPM156N
2012-06-01,0.33455,JPY,IR3TIB01JPM156N
2012-07-01,0.32727,JPY,IR3TIB01JPM156N
2012-08-01,0.32727,JPY,IR3TIB01JPM156N
2012-09-01,0.32727,JPY,IR3TIB01JPM156N
2012-10-01,0.32636,JPY,IR3TIB01JPM156N
2012-11-01,0.31818,JPY,IR3TIB01JPM156N
2012-12-01,0.30818,JPY,IR3TIB01JPM156N
2013-01-01,0.29182,JPY,IR3TIB01JPM156N
2013-02-01,0.26909,JPY,IR3TIB01JPM156N
2013-03-01,0.25,JPY,IR3TIB01JPM156N
2013-04-01,0.22818,JPY,IR3TIB01JPM156N
2013-05-01,0.22818,JPY,IR3TIB01JPM156N
2013-06-01,0.22818,JPY,IR3TIB01JPM156N
2013-07-01,0.228,JPY,IR3TIB01JPM156N
2013-08-01,0.228,JPY,IR3TIB01JPM156N
2013-09-01,0.228,JPY,IR3TIB01JPM156N
2013-10-01,0.221,JPY,IR3TIB01JPM156N
2013-11-01,0.22,JPY,IR3TIB01JPM156N
2013-12-01,0.22,JPY,IR3TIB01JPM156N
2014-01-01,0.22,JPY,IR3TIB01JPM156N
2014-02-01,0.212,JPY,IR3TIB01JPM156N
2014-03-01,0.212,JPY,IR3TIB01JPM156N
2014-04-01,0.212,JPY,IR3TIB01JPM156N
2014-05-01,0.21,JPY,IR3TIB01JPM156N
2014-06-01,0.21,JPY,IR3TIB01JPM156N
2014-07-01,0.21,JPY,IR3TIB01JPM156N
2014-08-01,0.21,JPY,IR3TIB01JPM156N
2014-09-01,0.21,JPY,IR3TIB01JPM156N
2014-10-01,0.192,JPY,IR3TIB01JPM156N
2014-11-01,0.182,JPY,IR3TIB01JPM156N
2014-12-01,0.179,JPY,IR3TIB01JPM156N
2015-01-01,0.173,JPY,IR3TIB01JPM156N
2015-02-01,0.171,JPY,IR3TIB01JPM156N
2015-03-01,0.17,JPY,IR3TIB01JPM156N
2015-04-01,0.17,JPY,IR3TIB01JPM156N
2015-05-01,0.169,JPY,IR3TIB01JPM156N
2015-06-01,0.169,JPY,IR3TIB01JPM156N
2015-07-01,0.169,JPY,IR3TIB01JPM156N
2015-08-01,0.169,JPY,IR3TIB01JPM156N
2015-09-01,0.169,JPY,IR3TIB01JPM156N
2015-10-01,0.169,JPY,IR3TIB01JPM156N
2015-11-01,0.169,JPY,IR3TIB01JPM156N
2015-12-01,0.169,JPY,IR3TIB01JPM156N
2016-01-01,0.169,JPY,IR3TIB01JPM156N
2016-02-01,0.098,JPY,IR3TIB01JPM156N
2016-03-01,0.098,JPY,IR3TIB01JPM156N
2016-04-01,0.06,JPY,IR3TIB01JPM156N
2016-05-01,0.06,JPY,IR3TIB01JPM156N
2016-06-01,0.059,JPY,IR3TIB01JPM156N
2016-07-01,0.058,JPY,IR3TIB01JPM156N
2016-08-01,0.058,JPY,IR3TIB01JPM156N
2016-09-01,0.056,JPY,IR3TIB01JPM156N
2016-10-01,0.056,JPY,IR3TIB01JPM156N
2016-11-01,0.056,JPY,IR3TIB01JPM156N
2016-12-01,0.056,JPY,IR3TIB01JPM156N
2017-01-01,0.056,JPY,IR3TIB01JPM156N
2017-02-01,0.056,JPY,IR3TIB01JPM156N
2017-03-01,0.056,JPY,IR3TIB01JPM156N
2017-04-01,0.056,JPY,IR3TIB01JPM156N
2017-05-01,0.056,JPY,IR3TIB01JPM156N
2017-06-01,0.056,JPY,IR3TIB01JPM156N
2017-07-01,0.075,JPY,IR3TIB01JPM156N
2017-08-01,0.056,JPY,IR3TIB01JPM156N
2017-09-01,0.056,JPY,IR3TIB01JPM156N
2017-10-01,0.063,JPY,IR3TIB01JPM156N
2017-11-01,0.063,JPY,IR3TIB01JPM156N
2017-12-01,0.063,JPY,IR3TIB01JPM156N
2018-01-01,0.068,JPY,IR3TIB01JPM156N
2018-02-01,0.068,JPY,IR3TIB01JPM156N
2018-03-01,0.097,JPY,IR3TIB01JPM156N
2018-04-01,0.097,JPY,IR3TIB01JPM156N
2018-05-01,0.078,JPY,IR3TIB01JPM156N
2018-06-01,0.078,JPY,IR3TIB01JPM156N
2018-07-01,0.091,JPY,IR3TIB01JPM156N
2018-08-01,0.091,JPY,IR3TIB01JPM156N
2018-09-01,0.05,JPY,IR3TIB01JPM156N
2018-10-01,0.05,JPY,IR3TIB01JPM156N
2018-11-01,0.05,JPY,IR3TIB01JPM156N
2018-12-01,0.05,JPY,IR3TIB01JPM156N
2019-01-01,0.03,JPY,IR3TIB01JPM156N
2019-02-01,0.03,JPY,IR3TIB01JPM156N
2019-03-01,0.05,JPY,IR3TIB01JPM156N
2019-04-01,0.05,JPY,IR3TIB01JPM156N
2019-05-01,0.049,JPY,IR3TIB01JPM156N
2019-06-01,0.049,JPY,IR3TIB01JPM156N
2019-07-01,0.049,JPY,IR3TIB01JPM156N
2019-08-01,0.009,JPY,IR3TIB01JPM156N
2019-09-01,0.009,JPY,IR3TIB01JPM156N
2019-10-01,0.009,JPY,IR3TIB01JPM156N
2019-11-01,0.018,JPY,IR3TIB01JPM156N
2019-12-01,0.021,JPY,IR3TIB01JPM156N
2020-01-01,0.021,JPY,IR3TIB01JPM156N
2020-02-01,0.021,JPY,IR3TIB01JPM156N
2020-03-01,0.006,JPY,IR3TIB01JPM156N
2020-04-01,-0.039,JPY,IR3TIB01JPM156N
2020-05-01,-0.042,JPY,IR3TIB01JPM156N
2020-06-01,-0.042,JPY,IR3TIB01JPM156N
2020-07-01,-0.065,JPY,IR3TIB01JPM156N
2020-08-01,-0.065,JPY,IR3TIB01JPM156N
2020-09-01,-0.055,JPY,IR3TIB01JPM156N
2020-10-01,-0.055,JPY,IR3TIB01JPM156N
2020-11-01,-0.055,JPY,IR3TIB01JPM156N
2020-12-01,-0.055,JPY,IR3TIB01JPM156N
2021-01-01,-0.055,JPY,IR3TIB01JPM156N
2021-02-01,-0.055,JPY,IR3TIB01JPM156N
2021-03-01,-0.065,JPY,IR3TIB01JPM156N
2021-04-01,-0.065,JPY,IR3TIB01JPM156N
2021-05-01,-0.065,JPY,IR3TIB01JPM156N
2021-06-01,-0.072,JPY,IR3TIB01JPM156N
2021-07-01,-0.072,JPY,IR3TIB01JPM156N
2021-08-01,-0.072,JPY,IR3TIB01JPM156N
2021-09-01,-0.072,JPY,IR3TIB01JPM156N
2021-10-01,-0.072,JPY,IR3TIB01JPM156N
2021-11-01,-0.072,JPY,IR3TIB01JPM156N
2021-12-01,-0.049,JPY,IR3TIB01JPM156N
2022-01-01,-0.049,JPY,IR3TIB01JPM156N
2022-02-01,-0.049,JPY,IR3TIB01JPM156N
2022-03-01,-0.049,JPY,IR3TIB01JPM156N
2022-04-01,-0.049,JPY,IR3TIB01JPM156N
2022-05-01,-0.049,JPY,IR3TIB01JPM156N
2022-06-01,0.005,JPY,IR3TIB01JPM156N
2022-07-01,-0.031,JPY,IR3TIB01JPM156N
2022-08-01,-0.02,JPY,IR3TIB01JPM156N
2022-09-01,-0.016,JPY,IR3TIB01JPM156N
2022-10-01,-0.016,JPY,IR3TIB01JPM156N
2022-11-01,-0.016,JPY,IR3TIB01JPM156N
2022-12-01,-0.015,JPY,IR3TIB01JPM156N
2023-01-01,-0.006,JPY,IR3TIB01JPM156N
2023-02-01,0.001,JPY,IR3TIB01JPM156N
2023-03-01,-0.008,JPY,IR3TIB01JPM156N
2023-04-01,-0.001,JPY,IR3TIB01JPM156N
2023-05-01,-0.019,JPY,IR3TIB01JPM156N
2023-06-01,-0.003,JPY,IR3TIB01JPM156N
2023-07-01,-0.003,JPY,IR3TIB01JPM156N
2023-08-01,-0.003,JPY,IR3TIB01JPM156N
2023-09-01,0.024,JPY,IR3TIB01JPM156N
2023-10-01,-0.012,JPY,IR3TIB01JPM156N
2023-11-01,0.024,JPY,IR3TIB01JPM156N
2023-12-01,0.052,JPY,IR3TIB01JPM156N
2024-01-01,0.025,JPY,IR3TIB01JPM156N
2024-02-01,0.027,JPY,IR3TIB01JPM156N
2024-03-01,0.109,JPY,IR3TIB01JPM156N
2024-04-01,0.109,JPY,IR3TIB01JPM156N
2024-05-01,0.129,JPY,IR3TIB01JPM156N
2024-06-01,0.149,JPY,IR3TIB01JPM156N
2024-07-01,0.166,JPY,IR3TIB01JPM156N
2024-08-01,0.255,JPY,IR3TIB01JPM156N
2024-09-01,0.256,JPY,IR3TIB01JPM156N
2024-10-01,0.256,JPY,IR3TIB01JPM156N
2024-11-01,0.362,JPY,IR3TIB01JPM156N
2024-12-01,0.386,JPY,IR3TIB01JPM156N
2025-01-01,0.76727,JPY,IR3TIB01JPM156N
2025-02-01,0.79182,JPY,IR3TIB01JPM156N
2025-03-01,0.82091,JPY,IR3TIB01JPM156N
2025-04-01,0.78364,JPY,IR3TIB01JPM156N
2025-05-01,0.77545,JPY,IR3TIB01JPM156N
2025-06-01,0.77273,JPY,IR3TIB01JPM156N
2025-07-01,0.77273,JPY,IR3TIB01JPM156N
2025-08-01,0.77273,JPY,IR3TIB01JPM156N
2025-09-01,0.81818,JPY,IR3TIB01JPM156N
2025-10-01,0.80909,JPY,IR3TIB01JPM156N
2025-11-01,0.80636,JPY,IR3TIB01JPM156N
2025-12-01,1.07273,JPY,IR3TIB01JPM156N
2026-01-01,1.11636,JPY,IR3TIB01JPM156N
2026-02-01,1.22909,JPY,IR3TIB01JPM156N
2026-03-01,1.26882,JPY,IR3TIB01JPM156N
2026-04-01,1.24182,JPY,IR3TIB01JPM156N
2026-05-01,1.27409,JPY,IR3TIB01JPM156N
1968-01-01,5.1,AUD,IR3TIB01AUM156N
1968-02-01,5.15,AUD,IR3TIB01AUM156N
1968-03-01,5.15,AUD,IR3TIB01AUM156N
1968-04-01,5.15,AUD,IR3TIB01AUM156N
1968-05-01,5.3,AUD,IR3TIB01AUM156N
1968-06-01,5.5,AUD,IR3TIB01AUM156N
1968-07-01,5.1,AUD,IR3TIB01AUM156N
1968-08-01,5.1,AUD,IR3TIB01AUM156N
1968-09-01,5.05,AUD,IR3TIB01AUM156N
1968-10-01,5.0,AUD,IR3TIB01AUM156N
1968-11-01,4.9,AUD,IR3TIB01AUM156N
1968-12-01,4.9,AUD,IR3TIB01AUM156N
1969-01-01,5.1,AUD,IR3TIB01AUM156N
1969-02-01,5.1,AUD,IR3TIB01AUM156N
1969-03-01,5.15,AUD,IR3TIB01AUM156N
1969-04-01,5.4,AUD,IR3TIB01AUM156N
1969-05-01,5.5,AUD,IR3TIB01AUM156N
1969-06-01,5.9,AUD,IR3TIB01AUM156N
1969-07-01,5.8,AUD,IR3TIB01AUM156N
1969-08-01,6.1,AUD,IR3TIB01AUM156N
1969-09-01,5.8,AUD,IR3TIB01AUM156N
1969-10-01,5.6,AUD,IR3TIB01AUM156N
1969-11-01,0.0,AUD,IR3TIB01AUM156N
1969-12-01,5.65,AUD,IR3TIB01AUM156N
1970-01-01,5.8,AUD,IR3TIB01AUM156N
1970-02-01,6.3,AUD,IR3TIB01AUM156N
1970-03-01,7.15,AUD,IR3TIB01AUM156N
1970-04-01,8.6,AUD,IR3TIB01AUM156N
1970-05-01,9.1,AUD,IR3TIB01AUM156N
1970-06-01,8.7,AUD,IR3TIB01AUM156N
1970-07-01,7.4,AUD,IR3TIB01AUM156N
1970-08-01,6.8,AUD,IR3TIB01AUM156N
1970-09-01,6.35,AUD,IR3TIB01AUM156N
1970-10-01,6.4,AUD,IR3TIB01AUM156N
1970-11-01,6.2,AUD,IR3TIB01AUM156N
1970-12-01,6.5,AUD,IR3TIB01AUM156N
1971-01-01,6.6,AUD,IR3TIB01AUM156N
1971-02-01,7.6,AUD,IR3TIB01AUM156N
1971-03-01,8.0,AUD,IR3TIB01AUM156N
1971-04-01,7.8,AUD,IR3TIB01AUM156N
1971-05-01,7.8,AUD,IR3TIB01AUM156N
1971-06-01,8.15,AUD,IR3TIB01AUM156N
1971-07-01,6.8,AUD,IR3TIB01AUM156N
1971-08-01,6.7,AUD,IR3TIB01AUM156N
1971-09-01,6.45,AUD,IR3TIB01AUM156N
1971-10-01,6.3,AUD,IR3TIB01AUM156N
1971-11-01,6.0,AUD,IR3TIB01AUM156N
1971-12-01,5.9,AUD,IR3TIB01AUM156N
1972-01-01,5.6,AUD,IR3TIB01AUM156N
1972-02-01,5.5,AUD,IR3TIB01AUM156N
1972-03-01,5.5,AUD,IR3TIB01AUM156N
1972-04-01,5.5,AUD,IR3TIB01AUM156N
1972-05-01,5.6,AUD,IR3TIB01AUM156N
1972-06-01,5.75,AUD,IR3TIB01AUM156N
1972-07-01,4.6,AUD,IR3TIB01AUM156N
1972-08-01,4.6,AUD,IR3TIB01AUM156N
1972-09-01,4.5,AUD,IR3TIB01AUM156N
1972-10-01,4.3,AUD,IR3TIB01AUM156N
1972-11-01,5.1,AUD,IR3TIB01AUM156N
1972-12-01,4.45,AUD,IR3TIB01AUM156N
1973-01-01,4.7,AUD,IR3TIB01AUM156N
1973-02-01,4.8,AUD,IR3TIB01AUM156N
1973-03-01,5.45,AUD,IR3TIB01AUM156N
1973-04-01,5.8,AUD,IR3TIB01AUM156N
1973-05-01,6.4,AUD,IR3TIB01AUM156N
1973-06-01,6.4,AUD,IR3TIB01AUM156N
1973-07-01,6.5,AUD,IR3TIB01AUM156N
1973-08-01,6.4,AUD,IR3TIB01AUM156N
1973-09-01,9.25,AUD,IR3TIB01AUM156N
1973-10-01,9.65,AUD,IR3TIB01AUM156N
1973-11-01,9.2,AUD,IR3TIB01AUM156N
1973-12-01,9.25,AUD,IR3TIB01AUM156N
1974-01-01,9.25,AUD,IR3TIB01AUM156N
1974-02-01,9.5,AUD,IR3TIB01AUM156N
1974-03-01,10.1,AUD,IR3TIB01AUM156N
1974-04-01,16.25,AUD,IR3TIB01AUM156N
1974-05-01,21.75,AUD,IR3TIB01AUM156N
1974-06-01,18.8,AUD,IR3TIB01AUM156N
1974-07-01,15.0,AUD,IR3TIB01AUM156N
1974-08-01,14.2,AUD,IR3TIB01AUM156N
1974-09-01,12.6,AUD,IR3TIB01AUM156N
1974-10-01,10.4,AUD,IR3TIB01AUM156N
1974-11-01,10.3,AUD,IR3TIB01AUM156N
1974-12-01,9.75,AUD,IR3TIB01AUM156N
1975-01-01,8.95,AUD,IR3TIB01AUM156N
1975-02-01,9.0,AUD,IR3TIB01AUM156N
1975-03-01,8.75,AUD,IR3TIB01AUM156N
1975-04-01,9.8,AUD,IR3TIB01AUM156N
1975-05-01,8.9,AUD,IR3TIB01AUM156N
1975-06-01,8.8,AUD,IR3TIB01AUM156N
1975-07-01,8.15,AUD,IR3TIB01AUM156N
1975-08-01,8.15,AUD,IR3TIB01AUM156N
1975-09-01,8.1,AUD,IR3TIB01AUM156N
1975-10-01,7.95,AUD,IR3TIB01AUM156N
1975-11-01,8.05,AUD,IR3TIB01AUM156N
1975-12-01,7.7,AUD,IR3TIB01AUM156N
1976-01-01,7.65,AUD,IR3TIB01AUM156N
1976-02-01,8.35,AUD,IR3TIB01AUM156N
1976-03-01,8.4,AUD,IR3TIB01AUM156N
1976-04-01,9.61,AUD,IR3TIB01AUM156N
1976-05-01,10.24,AUD,IR3TIB01AUM156N
1976-06-01,10.27,AUD,IR3TIB01AUM156N
1976-07-01,9.67,AUD,IR3TIB01AUM156N
1976-08-01,9.36,AUD,IR3TIB01AUM156N
1976-09-01,9.31,AUD,IR3TIB01AUM156N
1976-10-01,9.06,AUD,IR3TIB01AUM156N
1976-11-01,9.52,AUD,IR3TIB01AUM156N
1976-12-01,9.44,AUD,IR3TIB01AUM156N
1977-01-01,8.93,AUD,IR3TIB01AUM156N
1977-02-01,9.31,AUD,IR3TIB01AUM156N
1977-03-01,9.73,AUD,IR3TIB01AUM156N
1977-04-01,10.86,AUD,IR3TIB01AUM156N
1977-05-01,10.94,AUD,IR3TIB01AUM156N
1977-06-01,10.95,AUD,IR3TIB01AUM156N
1977-07-01,10.72,AUD,IR3TIB01AUM156N
1977-08-01,10.9,AUD,IR3TIB01AUM156N
1977-09-01,10.43,AUD,IR3TIB01AUM156N
1977-10-01,10.02,AUD,IR3TIB01AUM156N
1977-11-01,10.01,AUD,IR3TIB01AUM156N
1977-12-01,9.75,AUD,IR3TIB01AUM156N
1978-01-01,9.49,AUD,IR3TIB01AUM156N
1978-02-01,9.55,AUD,IR3TIB01AUM156N
1978-03-01,10.04,AUD,IR3TIB01AUM156N
1978-04-01,10.86,AUD,IR3TIB01AUM156N
1978-05-01,10.6,AUD,IR3TIB01AUM156N
1978-06-01,10.63,AUD,IR3TIB01AUM156N
1978-07-01,9.84,AUD,IR3TIB01AUM156N
1978-08-01,9.7,AUD,IR3TIB01AUM156N
1978-09-01,9.72,AUD,IR3TIB01AUM156N
1978-10-01,9.74,AUD,IR3TIB01AUM156N
1978-11-01,9.19,AUD,IR3TIB01AUM156N
1978-12-01,8.76,AUD,IR3TIB01AUM156N
1979-01-01,8.51,AUD,IR3TIB01AUM156N
1979-02-01,8.6,AUD,IR3TIB01AUM156N
1979-03-01,9.16,AUD,IR3TIB01AUM156N
1979-04-01,10.42,AUD,IR3TIB01AUM156N
1979-05-01,10.54,AUD,IR3TIB01AUM156N
1979-06-01,10.26,AUD,IR3TIB01AUM156N
1979-07-01,9.86,AUD,IR3TIB01AUM156N
1979-08-01,9.78,AUD,IR3TIB01AUM156N
1979-09-01,9.87,AUD,IR3TIB01AUM156N
1979-10-01,10.04,AUD,IR3TIB01AUM156N
1979-11-01,10.12,AUD,IR3TIB01AUM156N
1979-12-01,10.12,AUD,IR3TIB01AUM156N
1980-01-01,10.03,AUD,IR3TIB01AUM156N
1980-02-01,10.06,AUD,IR3TIB01AUM156N
1980-03-01,11.47,AUD,IR3TIB01AUM156N
1980-04-01,13.28,AUD,IR3TIB01AUM156N
1980-05-01,13.83,AUD,IR3TIB01AUM156N
1980-06-01,13.83,AUD,IR3TIB01AUM156N
1980-07-01,12.87,AUD,IR3TIB01AUM156N
1980-08-01,12.33,AUD,IR3TIB01AUM156N
1980-09-01,11.69,AUD,IR3TIB01AUM156N
1980-10-01,11.22,AUD,IR3TIB01AUM156N
1980-11-01,11.27,AUD,IR3TIB01AUM156N
1980-12-01,12.45,AUD,IR3TIB01AUM156N
1981-01-01,12.61,AUD,IR3TIB01AUM156N
1981-02-01,13.36,AUD,IR3TIB01AUM156N
1981-03-01,14.63,AUD,IR3TIB01AUM156N
1981-04-01,16.69,AUD,IR3TIB01AUM156N
1981-05-01,16.28,AUD,IR3TIB01AUM156N
1981-06-01,15.58,AUD,IR3TIB01AUM156N
1981-07-01,15.39,AUD,IR3TIB01AUM156N
1981-08-01,15.72,AUD,IR3TIB01AUM156N
1981-09-01,15.35,AUD,IR3TIB01AUM156N
1981-10-01,14.69,AUD,IR3TIB01AUM156N
1981-11-01,14.62,AUD,IR3TIB01AUM156N
1981-12-01,15.54,AUD,IR3TIB01AUM156N
1982-01-01,16.21,AUD,IR3TIB01AUM156N
1982-02-01,17.12,AUD,IR3TIB01AUM156N
1982-03-01,18.89,AUD,IR3TIB01AUM156N
1982-04-01,21.39,AUD,IR3TIB01AUM156N
1982-05-01,18.45,AUD,IR3TIB01AUM156N
1982-06-01,18.57,AUD,IR3TIB01AUM156N
1982-07-01,17.29,AUD,IR3TIB01AUM156N
1982-08-01,17.17,AUD,IR3TIB01AUM156N
1982-09-01,15.46,AUD,IR3TIB01AUM156N
1982-10-01,14.57,AUD,IR3TIB01AUM156N
1982-11-01,14.76,AUD,IR3TIB01AUM156N
1982-12-01,12.13,AUD,IR3TIB01AUM156N
1983-01-01,10.65,AUD,IR3TIB01AUM156N
1983-02-01,13.77,AUD,IR3TIB01AUM156N
1983-03-01,15.26,AUD,IR3TIB01AUM156N
1983-04-01,13.92,AUD,IR3TIB01AUM156N
1983-05-01,12.15,AUD,IR3TIB01AUM156N
1983-06-01,14.24,AUD,IR3TIB01AUM156N
1983-07-01,12.8,AUD,IR3TIB01AUM156N
1983-08-01,12.16,AUD,IR3TIB01AUM156N
1983-09-01,11.06,AUD,IR3TIB01AUM156N
1983-10-01,10.94,AUD,IR3TIB01AUM156N
1983-11-01,10.55,AUD,IR3TIB01AUM156N
1983-12-01,8.89,AUD,IR3TIB01AUM156N
1984-01-01,9.76,AUD,IR3TIB01AUM156N
1984-02-01,12.04,AUD,IR3TIB01AUM156N
1984-03-01,13.77,AUD,IR3TIB01AUM156N
1984-04-01,13.88,AUD,IR3TIB01AUM156N
1984-05-01,13.78,AUD,IR3TIB01AUM156N
1984-06-01,12.81,AUD,IR3TIB01AUM156N
1984-07-01,12.3,AUD,IR3TIB01AUM156N
1984-08-01,11.56,AUD,IR3TIB01AUM156N
1984-09-01,10.53,AUD,IR3TIB01AUM156N
1984-10-01,11.17,AUD,IR3TIB01AUM156N
1984-11-01,11.26,AUD,IR3TIB01AUM156N
1984-12-01,12.34,AUD,IR3TIB01AUM156N
1985-01-01,13.35,AUD,IR3TIB01AUM156N
1985-02-01,13.81,AUD,IR3TIB01AUM156N
1985-03-01,15.29,AUD,IR3TIB01AUM156N
1985-04-01,15.79,AUD,IR3TIB01AUM156N
1985-05-01,15.53,AUD,IR3TIB01AUM156N
1985-06-01,15.75,AUD,IR3TIB01AUM156N
1985-07-01,15.14,AUD,IR3TIB01AUM156N
1985-08-01,16.25,AUD,IR3TIB01AUM156N
1985-09-01,16.78,AUD,IR3TIB01AUM156N
1985-10-01,16.36,AUD,IR3TIB01AUM156N
1985-11-01,18.18,AUD,IR3TIB01AUM156N
1985-12-01,19.56,AUD,IR3TIB01AUM156N
1986-01-01,18.97,AUD,IR3TIB01AUM156N
1986-02-01,18.29,AUD,IR3TIB01AUM156N
1986-03-01,16.44,AUD,IR3TIB01AUM156N
1986-04-01,15.76,AUD,IR3TIB01AUM156N
1986-05-01,14.73,AUD,IR3TIB01AUM156N
1986-06-01,14.68,AUD,IR3TIB01AUM156N
1986-07-01,14.85,AUD,IR3TIB01AUM156N
1986-08-01,17.37,AUD,IR3TIB01AUM156N
1986-09-01,18.08,AUD,IR3TIB01AUM156N
1986-10-01,16.82,AUD,IR3TIB01AUM156N
1986-11-01,15.9,AUD,IR3TIB01AUM156N
1986-12-01,15.53,AUD,IR3TIB01AUM156N
1987-01-01,15.86,AUD,IR3TIB01AUM156N
1987-02-01,16.7,AUD,IR3TIB01AUM156N
1987-03-01,16.41,AUD,IR3TIB01AUM156N
1987-04-01,15.08,AUD,IR3TIB01AUM156N
1987-05-01,14.14,AUD,IR3TIB01AUM156N
1987-06-01,13.68,AUD,IR3TIB01AUM156N
1987-07-01,12.99,AUD,IR3TIB01AUM156N
1987-08-01,12.54,AUD,IR3TIB01AUM156N
1987-09-01,11.7,AUD,IR3TIB01AUM156N
1987-10-01,11.99,AUD,IR3TIB01AUM156N
1987-11-01,12.45,AUD,IR3TIB01AUM156N
1987-12-01,11.46,AUD,IR3TIB01AUM156N
1988-01-01,11.05,AUD,IR3TIB01AUM156N
1988-02-01,10.95,AUD,IR3TIB01AUM156N
1988-03-01,10.95,AUD,IR3TIB01AUM156N
1988-04-01,11.39,AUD,IR3TIB01AUM156N
1988-05-01,12.28,AUD,IR3TIB01AUM156N
1988-06-01,13.1,AUD,IR3TIB01AUM156N
1988-07-01,13.08,AUD,IR3TIB01AUM156N
1988-08-01,13.32,AUD,IR3TIB01AUM156N
1988-09-01,13.64,AUD,IR3TIB01AUM156N
1988-10-01,14.0,AUD,IR3TIB01AUM156N
1988-11-01,14.73,AUD,IR3TIB01AUM156N
1988-12-01,15.11,AUD,IR3TIB01AUM156N
1989-01-01,15.56,AUD,IR3TIB01AUM156N
1989-02-01,16.54,AUD,IR3TIB01AUM156N
1989-03-01,17.25,AUD,IR3TIB01AUM156N
1989-04-01,17.46,AUD,IR3TIB01AUM156N
1989-05-01,17.52,AUD,IR3TIB01AUM156N
1989-06-01,18.37,AUD,IR3TIB01AUM156N
1989-07-01,18.06,AUD,IR3TIB01AUM156N
1989-08-01,17.96,AUD,IR3TIB01AUM156N
1989-09-01,18.12,AUD,IR3TIB01AUM156N
1989-10-01,18.36,AUD,IR3TIB01AUM156N
1989-11-01,18.25,AUD,IR3TIB01AUM156N
1989-12-01,17.89,AUD,IR3TIB01AUM156N
1990-01-01,17.33,AUD,IR3TIB01AUM156N
1990-02-01,16.2,AUD,IR3TIB01AUM156N
1990-03-01,15.84,AUD,IR3TIB01AUM156N
1990-04-01,15.14,AUD,IR3TIB01AUM156N
1990-05-01,15.05,AUD,IR3TIB01AUM156N
1990-06-01,15.02,AUD,IR3TIB01AUM156N
1990-07-01,14.83,AUD,IR3TIB01AUM156N
1990-08-01,13.92,AUD,IR3TIB01AUM156N
1990-09-01,13.52,AUD,IR3TIB01AUM156N
1990-10-01,13.07,AUD,IR3TIB01AUM156N
1990-11-01,12.41,AUD,IR3TIB01AUM156N
1990-12-01,12.19,AUD,IR3TIB01AUM156N
1991-01-01,11.93,AUD,IR3TIB01AUM156N
1991-02-01,11.62,AUD,IR3TIB01AUM156N
1991-03-01,11.49,AUD,IR3TIB01AUM156N
1991-04-01,11.36,AUD,IR3TIB01AUM156N
1991-05-01,10.72,AUD,IR3TIB01AUM156N
1991-06-01,10.39,AUD,IR3TIB01AUM156N
1991-07-01,10.34,AUD,IR3TIB01AUM156N
1991-08-01,10.13,AUD,IR3TIB01AUM156N
1991-09-01,9.58,AUD,IR3TIB01AUM156N
1991-10-01,8.97,AUD,IR3TIB01AUM156N
1991-11-01,8.34,AUD,IR3TIB01AUM156N
1991-12-01,7.84,AUD,IR3TIB01AUM156N
1992-01-01,7.45,AUD,IR3TIB01AUM156N
1992-02-01,7.52,AUD,IR3TIB01AUM156N
1992-03-01,7.51,AUD,IR3TIB01AUM156N
1992-04-01,7.18,AUD,IR3TIB01AUM156N
1992-05-01,6.56,AUD,IR3TIB01AUM156N
1992-06-01,6.42,AUD,IR3TIB01AUM156N
1992-07-01,5.64,AUD,IR3TIB01AUM156N
1992-08-01,5.73,AUD,IR3TIB01AUM156N
1992-09-01,5.94,AUD,IR3TIB01AUM156N
1992-10-01,5.86,AUD,IR3TIB01AUM156N
1992-11-01,5.88,AUD,IR3TIB01AUM156N
1992-12-01,5.9,AUD,IR3TIB01AUM156N
1993-01-01,5.88,AUD,IR3TIB01AUM156N
1993-02-01,5.82,AUD,IR3TIB01AUM156N
1993-03-01,5.38,AUD,IR3TIB01AUM156N
1993-04-01,5.27,AUD,IR3TIB01AUM156N
1993-05-01,5.15,AUD,IR3TIB01AUM156N
1993-06-01,5.22,AUD,IR3TIB01AUM156N
1993-07-01,5.05,AUD,IR3TIB01AUM156N
1993-08-01,4.78,AUD,IR3TIB01AUM156N
1993-09-01,4.86,AUD,IR3TIB01AUM156N
1993-10-01,4.81,AUD,IR3TIB01AUM156N
1993-11-01,4.78,AUD,IR3TIB01AUM156N
1993-12-01,4.82,AUD,IR3TIB01AUM156N
1994-01-01,4.81,AUD,IR3TIB01AUM156N
1994-02-01,4.8,AUD,IR3TIB01AUM156N
1994-03-01,4.88,AUD,IR3TIB01AUM156N
1994-04-01,4.92,AUD,IR3TIB01AUM156N
1994-05-01,4.85,AUD,IR3TIB01AUM156N
1994-06-01,5.12,AUD,IR3TIB01AUM156N
1994-07-01,5.41,AUD,IR3TIB01AUM156N
1994-08-01,5.6,AUD,IR3TIB01AUM156N
1994-09-01,5.93,AUD,IR3TIB01AUM156N
1994-10-01,6.45,AUD,IR3TIB01AUM156N
1994-11-01,7.16,AUD,IR3TIB01AUM156N
1994-12-01,7.95,AUD,IR3TIB01AUM156N
1995-01-01,8.37,AUD,IR3TIB01AUM156N
1995-02-01,8.08,AUD,IR3TIB01AUM156N
1995-03-01,8.13,AUD,IR3TIB01AUM156N
1995-04-01,7.89,AUD,IR3TIB01AUM156N
1995-05-01,7.7,AUD,IR3TIB01AUM156N
1995-06-01,7.55,AUD,IR3TIB01AUM156N
1995-07-01,7.56,AUD,IR3TIB01AUM156N
1995-08-01,7.58,AUD,IR3TIB01AUM156N
1995-09-01,7.49,AUD,IR3TIB01AUM156N
1995-10-01,7.47,AUD,IR3TIB01AUM156N
1995-11-01,7.46,AUD,IR3TIB01AUM156N
1995-12-01,7.43,AUD,IR3TIB01AUM156N
1996-01-01,7.46,AUD,IR3TIB01AUM156N
1996-02-01,7.47,AUD,IR3TIB01AUM156N
1996-03-01,7.53,AUD,IR3TIB01AUM156N
1996-04-01,7.57,AUD,IR3TIB01AUM156N
1996-05-01,7.55,AUD,IR3TIB01AUM156N
1996-06-01,7.57,AUD,IR3TIB01AUM156N
1996-07-01,7.56,AUD,IR3TIB01AUM156N
1996-08-01,6.92,AUD,IR3TIB01AUM156N
1996-09-01,6.91,AUD,IR3TIB01AUM156N
1996-10-01,6.7,AUD,IR3TIB01AUM156N
1996-11-01,6.45,AUD,IR3TIB01AUM156N
1996-12-01,6.13,AUD,IR3TIB01AUM156N
1997-01-01,5.82,AUD,IR3TIB01AUM156N
1997-02-01,5.91,AUD,IR3TIB01AUM156N
1997-03-01,6.05,AUD,IR3TIB01AUM156N
1997-04-01,6.04,AUD,IR3TIB01AUM156N
1997-05-01,5.87,AUD,IR3TIB01AUM156N
1997-06-01,5.35,AUD,IR3TIB01AUM156N
1997-07-01,5.19,AUD,IR3TIB01AUM156N
1997-08-01,4.9,AUD,IR3TIB01AUM156N
1997-09-01,4.77,AUD,IR3TIB01AUM156N
1997-10-01,4.83,AUD,IR3TIB01AUM156N
1997-11-01,4.95,AUD,IR3TIB01AUM156N
1997-12-01,5.07,AUD,IR3TIB01AUM156N
1998-01-01,4.99,AUD,IR3TIB01AUM156N
1998-02-01,4.97,AUD,IR3TIB01AUM156N
1998-03-01,4.96,AUD,IR3TIB01AUM156N
1998-04-01,4.92,AUD,IR3TIB01AUM156N
1998-05-01,4.96,AUD,IR3TIB01AUM156N
1998-06-01,5.32,AUD,IR3TIB01AUM156N
1998-07-01,5.17,AUD,IR3TIB01AUM156N
1998-08-01,5.19,AUD,IR3TIB01AUM156N
1998-09-01,5.03,AUD,IR3TIB01AUM156N
1998-10-01,4.83,AUD,IR3TIB01AUM156N
1998-11-01,4.88,AUD,IR3TIB01AUM156N
1998-12-01,4.8,AUD,IR3TIB01AUM156N
1999-01-01,4.79,AUD,IR3TIB01AUM156N
1999-02-01,4.77,AUD,IR3TIB01AUM156N
1999-03-01,4.81,AUD,IR3TIB01AUM156N
1999-04-01,4.76,AUD,IR3TIB01AUM156N
1999-05-01,4.86,AUD,IR3TIB01AUM156N
1999-06-01,4.93,AUD,IR3TIB01AUM156N
1999-07-01,4.89,AUD,IR3TIB01AUM156N
1999-08-01,4.92,AUD,IR3TIB01AUM156N
1999-09-01,5.01,AUD,IR3TIB01AUM156N
1999-10-01,5.31,AUD,IR3TIB01AUM156N
1999-11-01,5.44,AUD,IR3TIB01AUM156N
1999-12-01,5.65,AUD,IR3TIB01AUM156N
2000-01-01,5.66,AUD,IR3TIB01AUM156N
2000-02-01,5.8,AUD,IR3TIB01AUM156N
2000-03-01,5.89,AUD,IR3TIB01AUM156N
2000-04-01,6.04,AUD,IR3TIB01AUM156N
2000-05-01,6.31,AUD,IR3TIB01AUM156N
2000-06-01,6.23,AUD,IR3TIB01AUM156N
2000-07-01,6.2,AUD,IR3TIB01AUM156N
2000-08-01,6.49,AUD,IR3TIB01AUM156N
2000-09-01,6.57,AUD,IR3TIB01AUM156N
2000-10-01,6.41,AUD,IR3TIB01AUM156N
2000-11-01,6.33,AUD,IR3TIB01AUM156N
2000-12-01,6.2,AUD,IR3TIB01AUM156N
2001-01-01,5.91,AUD,IR3TIB01AUM156N
2001-02-01,5.59,AUD,IR3TIB01AUM156N
2001-03-01,5.14,AUD,IR3TIB01AUM156N
2001-04-01,4.86,AUD,IR3TIB01AUM156N
2001-05-01,4.89,AUD,IR3TIB01AUM156N
2001-06-01,4.97,AUD,IR3TIB01AUM156N
2001-07-01,5.04,AUD,IR3TIB01AUM156N
2001-08-01,4.95,AUD,IR3TIB01AUM156N
2001-09-01,4.55,AUD,IR3TIB01AUM156N
2001-10-01,4.36,AUD,IR3TIB01AUM156N
2001-11-01,4.28,AUD,IR3TIB01AUM156N
2001-12-01,4.25,AUD,IR3TIB01AUM156N
2002-01-01,4.26,AUD,IR3TIB01AUM156N
2002-02-01,4.31,AUD,IR3TIB01AUM156N
2002-03-01,4.46,AUD,IR3TIB01AUM156N
2002-04-01,4.59,AUD,IR3TIB01AUM156N
2002-05-01,4.84,AUD,IR3TIB01AUM156N
2002-06-01,5.07,AUD,IR3TIB01AUM156N
2002-07-01,4.98,AUD,IR3TIB01AUM156N
2002-08-01,4.96,AUD,IR3TIB01AUM156N
2002-09-01,4.92,AUD,IR3TIB01AUM156N
2002-10-01,4.9,AUD,IR3TIB01AUM156N
2002-11-01,4.84,AUD,IR3TIB01AUM156N
2002-12-01,4.83,AUD,IR3TIB01AUM156N
2003-01-01,4.8,AUD,IR3TIB01AUM156N
2003-02-01,4.75,AUD,IR3TIB01AUM156N
2003-03-01,4.76,AUD,IR3TIB01AUM156N
2003-04-01,4.79,AUD,IR3TIB01AUM156N
2003-05-01,4.78,AUD,IR3TIB01AUM156N
2003-06-01,4.67,AUD,IR3TIB01AUM156N
2003-07-01,4.72,AUD,IR3TIB01AUM156N
2003-08-01,4.82,AUD,IR3TIB01AUM156N
2003-09-01,4.91,AUD,IR3TIB01AUM156N
2003-10-01,4.97,AUD,IR3TIB01AUM156N
2003-11-01,5.31,AUD,IR3TIB01AUM156N
2003-12-01,5.47,AUD,IR3TIB01AUM156N
2004-01-01,5.55,AUD,IR3TIB01AUM156N
2004-02-01,5.57,AUD,IR3TIB01AUM156N
2004-03-01,5.51,AUD,IR3TIB01AUM156N
2004-04-01,5.54,AUD,IR3TIB01AUM156N
2004-05-01,5.51,AUD,IR3TIB01AUM156N
2004-06-01,5.49,AUD,IR3TIB01AUM156N
2004-07-01,5.46,AUD,IR3TIB01AUM156N
2004-08-01,5.44,AUD,IR3TIB01AUM156N
2004-09-01,5.42,AUD,IR3TIB01AUM156N
2004-10-01,5.41,AUD,IR3TIB01AUM156N
2004-11-01,5.43,AUD,IR3TIB01AUM156N
2004-12-01,5.41,AUD,IR3TIB01AUM156N
2005-01-01,5.42,AUD,IR3TIB01AUM156N
2005-02-01,5.63,AUD,IR3TIB01AUM156N
2005-03-01,5.81,AUD,IR3TIB01AUM156N
2005-04-01,5.75,AUD,IR3TIB01AUM156N
2005-05-01,5.68,AUD,IR3TIB01AUM156N
2005-06-01,5.66,AUD,IR3TIB01AUM156N
2005-07-01,5.65,AUD,IR3TIB01AUM156N
2005-08-01,5.62,AUD,IR3TIB01AUM156N
2005-09-01,5.62,AUD,IR3TIB01AUM156N
2005-10-01,5.63,AUD,IR3TIB01AUM156N
2005-11-01,5.63,AUD,IR3TIB01AUM156N
2005-12-01,5.63,AUD,IR3TIB01AUM156N
2006-01-01,5.63,AUD,IR3TIB01AUM156N
2006-02-01,5.61,AUD,IR3TIB01AUM156N
2006-03-01,5.61,AUD,IR3TIB01AUM156N
2006-04-01,5.69,AUD,IR3TIB01AUM156N
2006-05-01,5.87,AUD,IR3TIB01AUM156N
2006-06-01,5.96,AUD,IR3TIB01AUM156N
2006-07-01,6.05,AUD,IR3TIB01AUM156N
2006-08-01,6.19,AUD,IR3TIB01AUM156N
2006-09-01,6.21,AUD,IR3TIB01AUM156N
2006-10-01,6.28,AUD,IR3TIB01AUM156N
2006-11-01,6.37,AUD,IR3TIB01AUM156N
2006-12-01,6.39,AUD,IR3TIB01AUM156N
2007-01-01,6.43,AUD,IR3TIB01AUM156N
2007-02-01,6.37,AUD,IR3TIB01AUM156N
2007-03-01,6.43,AUD,IR3TIB01AUM156N
2007-04-01,6.48,AUD,IR3TIB01AUM156N
2007-05-01,6.37,AUD,IR3TIB01AUM156N
2007-06-01,6.42,AUD,IR3TIB01AUM156N
2007-07-01,6.47,AUD,IR3TIB01AUM156N
2007-08-01,6.75,AUD,IR3TIB01AUM156N
2007-09-01,6.94,AUD,IR3TIB01AUM156N
2007-10-01,6.91,AUD,IR3TIB01AUM156N
2007-11-01,7.15,AUD,IR3TIB01AUM156N
2007-12-01,7.29,AUD,IR3TIB01AUM156N
2008-01-01,7.18,AUD,IR3TIB01AUM156N
2008-02-01,7.69,AUD,IR3TIB01AUM156N
2008-03-01,7.9,AUD,IR3TIB01AUM156N
2008-04-01,7.84,AUD,IR3TIB01AUM156N
2008-05-01,7.75,AUD,IR3TIB01AUM156N
2008-06-01,7.81,AUD,IR3TIB01AUM156N
2008-07-01,7.75,AUD,IR3TIB01AUM156N
2008-08-01,7.31,AUD,IR3TIB01AUM156N
2008-09-01,7.27,AUD,IR3TIB01AUM156N
2008-10-01,6.03,AUD,IR3TIB01AUM156N
2008-11-01,4.76,AUD,IR3TIB01AUM156N
2008-12-01,4.39,AUD,IR3TIB01AUM156N
2009-01-01,3.74,AUD,IR3TIB01AUM156N
2009-02-01,3.16,AUD,IR3TIB01AUM156N
2009-03-01,3.16,AUD,IR3TIB01AUM156N
2009-04-01,3.1,AUD,IR3TIB01AUM156N
2009-05-01,3.13,AUD,IR3TIB01AUM156N
2009-06-01,3.25,AUD,IR3TIB01AUM156N
2009-07-01,3.14,AUD,IR3TIB01AUM156N
2009-08-01,3.3,AUD,IR3TIB01AUM156N
2009-09-01,3.37,AUD,IR3TIB01AUM156N
2009-10-01,3.78,AUD,IR3TIB01AUM156N
2009-11-01,3.95,AUD,IR3TIB01AUM156N
2009-12-01,4.129047619,AUD,IR3TIB01AUM156N
2010-01-01,4.2025,AUD,IR3TIB01AUM156N
2010-02-01,4.16,AUD,IR3TIB01AUM156N
2010-03-01,4.3275,AUD,IR3TIB01AUM156N
2010-04-01,4.545,AUD,IR3TIB01AUM156N
2010-05-01,4.805,AUD,IR3TIB01AUM156N
2010-06-01,4.8875,AUD,IR3TIB01AUM156N
2010-07-01,4.84,AUD,IR3TIB01AUM156N
2010-08-01,4.7425,AUD,IR3TIB01AUM156N
2010-09-01,4.815,AUD,IR3TIB01AUM156N
2010-10-01,4.81,AUD,IR3TIB01AUM156N
2010-11-01,5.015,AUD,IR3TIB01AUM156N
2010-12-01,5.025,AUD,IR3TIB01AUM156N
2011-01-01,4.955,AUD,IR3TIB01AUM156N
2011-02-01,4.9175,AUD,IR3TIB01AUM156N
2011-03-01,4.92,AUD,IR3TIB01AUM156N
2011-04-01,4.9,AUD,IR3TIB01AUM156N
2011-05-01,5.0025,AUD,IR3TIB01AUM156N
2011-06-01,4.9925,AUD,IR3TIB01AUM156N
2011-07-01,4.955,AUD,IR3TIB01AUM156N
2011-08-01,4.8575,AUD,IR3TIB01AUM156N
2011-09-01,4.81,AUD,IR3TIB01AUM156N
2011-10-01,4.725,AUD,IR3TIB01AUM156N
2011-11-01,4.6225,AUD,IR3TIB01AUM156N
2011-12-01,4.5075,AUD,IR3TIB01AUM156N
2012-01-01,4.41,AUD,IR3TIB01AUM156N
2012-02-01,4.37,AUD,IR3TIB01AUM156N
2012-03-01,4.4425,AUD,IR3TIB01AUM156N
2012-04-01,4.2025,AUD,IR3TIB01AUM156N
2012-05-01,3.655,AUD,IR3TIB01AUM156N
2012-06-01,3.4925,AUD,IR3TIB01AUM156N
2012-07-01,3.545,AUD,IR3TIB01AUM156N
2012-08-01,3.6175,AUD,IR3TIB01AUM156N
2012-09-01,3.49,AUD,IR3TIB01AUM156N
2012-10-01,3.1625,AUD,IR3TIB01AUM156N
2012-11-01,3.2425,AUD,IR3TIB01AUM156N
2012-12-01,3.1125,AUD,IR3TIB01AUM156N
2013-01-01,3.0,AUD,IR3TIB01AUM156N
2013-02-01,2.94,AUD,IR3TIB01AUM156N
2013-03-01,3.05,AUD,IR3TIB01AUM156N
2013-04-01,3.02,AUD,IR3TIB01AUM156N
2013-05-01,2.82,AUD,IR3TIB01AUM156N
2013-06-01,2.8,AUD,IR3TIB01AUM156N
2013-07-01,2.76,AUD,IR3TIB01AUM156N
2013-08-01,2.6,AUD,IR3TIB01AUM156N
2013-09-01,2.58,AUD,IR3TIB01AUM156N
2013-10-01,2.58,AUD,IR3TIB01AUM156N
2013-11-01,2.58,AUD,IR3TIB01AUM156N
2013-12-01,2.6,AUD,IR3TIB01AUM156N
2014-01-01,2.62,AUD,IR3TIB01AUM156N
2014-02-01,2.63,AUD,IR3TIB01AUM156N
2014-03-01,2.65,AUD,IR3TIB01AUM156N
2014-04-01,2.68,AUD,IR3TIB01AUM156N
2014-05-01,2.69,AUD,IR3TIB01AUM156N
2014-06-01,2.7,AUD,IR3TIB01AUM156N
2014-07-01,2.65,AUD,IR3TIB01AUM156N
2014-08-01,2.63,AUD,IR3TIB01AUM156N
2014-09-01,2.66,AUD,IR3TIB01AUM156N
2014-10-01,2.72,AUD,IR3TIB01AUM156N
2014-11-01,2.75,AUD,IR3TIB01AUM156N
2014-12-01,2.75,AUD,IR3TIB01AUM156N
2015-01-01,2.7,AUD,IR3TIB01AUM156N
2015-02-01,2.36,AUD,IR3TIB01AUM156N
2015-03-01,2.3,AUD,IR3TIB01AUM156N
2015-04-01,2.25,AUD,IR3TIB01AUM156N
2015-05-01,2.15,AUD,IR3TIB01AUM156N
2015-06-01,2.15,AUD,IR3TIB01AUM156N
2015-07-01,2.14,AUD,IR3TIB01AUM156N
2015-08-01,2.14,AUD,IR3TIB01AUM156N
2015-09-01,2.17,AUD,IR3TIB01AUM156N
2015-10-01,2.15,AUD,IR3TIB01AUM156N
2015-11-01,2.22,AUD,IR3TIB01AUM156N
2015-12-01,2.34,AUD,IR3TIB01AUM156N
2016-01-01,2.3,AUD,IR3TIB01AUM156N
2016-02-01,2.28,AUD,IR3TIB01AUM156N
2016-03-01,2.31,AUD,IR3TIB01AUM156N
2016-04-01,2.26,AUD,IR3TIB01AUM156N
2016-05-01,2.0,AUD,IR3TIB01AUM156N
2016-06-01,1.99,AUD,IR3TIB01AUM156N
2016-07-01,1.93,AUD,IR3TIB01AUM156N
2016-08-01,1.76,AUD,IR3TIB01AUM156N
2016-09-01,1.73,AUD,IR3TIB01AUM156N
2016-10-01,1.74,AUD,IR3TIB01AUM156N
2016-11-01,1.76,AUD,IR3TIB01AUM156N
2016-12-01,1.78,AUD,IR3TIB01AUM156N
2017-01-01,1.78,AUD,IR3TIB01AUM156N
2017-02-01,1.78,AUD,IR3TIB01AUM156N
2017-03-01,1.79,AUD,IR3TIB01AUM156N
2017-04-01,1.77,AUD,IR3TIB01AUM156N
2017-05-01,1.73,AUD,IR3TIB01AUM156N
2017-06-01,1.72,AUD,IR3TIB01AUM156N
2017-07-01,1.7,AUD,IR3TIB01AUM156N
2017-08-01,1.7,AUD,IR3TIB01AUM156N
2017-09-01,1.72,AUD,IR3TIB01AUM156N
2017-10-01,1.7,AUD,IR3TIB01AUM156N
2017-11-01,1.72,AUD,IR3TIB01AUM156N
2017-12-01,1.77,AUD,IR3TIB01AUM156N
2018-01-01,1.79,AUD,IR3TIB01AUM156N
2018-02-01,1.77,AUD,IR3TIB01AUM156N
2018-03-01,1.93,AUD,IR3TIB01AUM156N
2018-04-01,2.06,AUD,IR3TIB01AUM156N
2018-05-01,1.96,AUD,IR3TIB01AUM156N
2018-06-01,2.07,AUD,IR3TIB01AUM156N
2018-07-01,2.02,AUD,IR3TIB01AUM156N
2018-08-01,1.96,AUD,IR3TIB01AUM156N
2018-09-01,1.93,AUD,IR3TIB01AUM156N
2018-10-01,1.93,AUD,IR3TIB01AUM156N
2018-11-01,1.94,AUD,IR3TIB01AUM156N
2018-12-01,2.02,AUD,IR3TIB01AUM156N
2019-01-01,2.07,AUD,IR3TIB01AUM156N
2019-02-01,1.96,AUD,IR3TIB01AUM156N
2019-03-01,1.83,AUD,IR3TIB01AUM156N
2019-04-01,1.68,AUD,IR3TIB01AUM156N
2019-05-01,1.54,AUD,IR3TIB01AUM156N
2019-06-01,1.29,AUD,IR3TIB01AUM156N
2019-07-01,1.11,AUD,IR3TIB01AUM156N
2019-08-01,0.98,AUD,IR3TIB01AUM156N
2019-09-01,0.98,AUD,IR3TIB01AUM156N
2019-10-01,0.88,AUD,IR3TIB01AUM156N
2019-11-01,0.91,AUD,IR3TIB01AUM156N
2019-12-01,0.9,AUD,IR3TIB01AUM156N
2020-01-01,0.89,AUD,IR3TIB01AUM156N
2020-02-01,0.89,AUD,IR3TIB01AUM156N
2020-03-01,0.53,AUD,IR3TIB01AUM156N
2020-04-01,0.17,AUD,IR3TIB01AUM156N
2020-05-01,0.1,AUD,IR3TIB01AUM156N
2020-06-01,0.1,AUD,IR3TIB01AUM156N
2020-07-01,0.1,AUD,IR3TIB01AUM156N
2020-08-01,0.1,AUD,IR3TIB01AUM156N
2020-09-01,0.09,AUD,IR3TIB01AUM156N
2020-10-01,0.07,AUD,IR3TIB01AUM156N
2020-11-01,0.02,AUD,IR3TIB01AUM156N
2020-12-01,0.02,AUD,IR3TIB01AUM156N
2021-01-01,0.01,AUD,IR3TIB01AUM156N
2021-02-01,0.01,AUD,IR3TIB01AUM156N
2021-03-01,0.03,AUD,IR3TIB01AUM156N
2021-04-01,0.04,AUD,IR3TIB01AUM156N
2021-05-01,0.04,AUD,IR3TIB01AUM156N
2021-06-01,0.03,AUD,IR3TIB01AUM156N
2021-07-01,0.02,AUD,IR3TIB01AUM156N
2021-08-01,0.01,AUD,IR3TIB01AUM156N
2021-09-01,0.01,AUD,IR3TIB01AUM156N
2021-10-01,0.04,AUD,IR3TIB01AUM156N
2021-11-01,0.04,AUD,IR3TIB01AUM156N
2021-12-01,0.06,AUD,IR3TIB01AUM156N
2022-01-01,0.07,AUD,IR3TIB01AUM156N
2022-02-01,0.07,AUD,IR3TIB01AUM156N
2022-03-01,0.17,AUD,IR3TIB01AUM156N
2022-04-01,0.41,AUD,IR3TIB01AUM156N
2022-05-01,1.0,AUD,IR3TIB01AUM156N
2022-06-01,1.6,AUD,IR3TIB01AUM156N
2022-07-01,2.07,AUD,IR3TIB01AUM156N
2022-08-01,2.31,AUD,IR3TIB01AUM156N
2022-09-01,2.76,AUD,IR3TIB01AUM156N
2022-10-01,2.95,AUD,IR3TIB01AUM156N
2022-11-01,3.06,AUD,IR3TIB01AUM156N
2022-12-01,3.17,AUD,IR3TIB01AUM156N
2023-01-01,3.32,AUD,IR3TIB01AUM156N
2023-02-01,3.46,AUD,IR3TIB01AUM156N
2023-03-01,3.64,AUD,IR3TIB01AUM156N
2023-04-01,3.66,AUD,IR3TIB01AUM156N
2023-05-01,3.9,AUD,IR3TIB01AUM156N
2023-06-01,4.25,AUD,IR3TIB01AUM156N
2023-07-01,4.3,AUD,IR3TIB01AUM156N
2023-08-01,4.15,AUD,IR3TIB01AUM156N
2023-09-01,4.13,AUD,IR3TIB01AUM156N
2023-10-01,4.21,AUD,IR3TIB01AUM156N
2023-11-01,4.38,AUD,IR3TIB01AUM156N
2023-12-01,4.35,AUD,IR3TIB01AUM156N
2024-01-01,4.35,AUD,IR3TIB01AUM156N
2024-02-01,4.34,AUD,IR3TIB01AUM156N
2024-03-01,4.35,AUD,IR3TIB01AUM156N
2024-04-01,4.37,AUD,IR3TIB01AUM156N
2024-05-01,4.36,AUD,IR3TIB01AUM156N
2024-06-01,4.39,AUD,IR3TIB01AUM156N
2024-07-01,4.46,AUD,IR3TIB01AUM156N
2024-08-01,4.38,AUD,IR3TIB01AUM156N
2024-09-01,4.42,AUD,IR3TIB01AUM156N
2024-10-01,4.41,AUD,IR3TIB01AUM156N
2024-11-01,4.42,AUD,IR3TIB01AUM156N
2024-12-01,4.44,AUD,IR3TIB01AUM156N
2025-01-01,4.33,AUD,IR3TIB01AUM156N
2025-02-01,4.17,AUD,IR3TIB01AUM156N
2025-03-01,4.12,AUD,IR3TIB01AUM156N
2025-04-01,4.02,AUD,IR3TIB01AUM156N
2025-05-01,3.78,AUD,IR3TIB01AUM156N
2025-06-01,3.69,AUD,IR3TIB01AUM156N
2025-07-01,3.68,AUD,IR3TIB01AUM156N
2025-08-01,3.61,AUD,IR3TIB01AUM156N
2025-09-01,3.58,AUD,IR3TIB01AUM156N
2025-10-01,3.56,AUD,IR3TIB01AUM156N
2025-11-01,3.65,AUD,IR3TIB01AUM156N
2025-12-01,3.71,AUD,IR3TIB01AUM156N
2026-01-01,3.77,AUD,IR3TIB01AUM156N
2026-02-01,3.96,AUD,IR3TIB01AUM156N
2026-03-01,4.19,AUD,IR3TIB01AUM156N
2026-04-01,4.34,AUD,IR3TIB01AUM156N
2026-05-01,4.43,AUD,IR3TIB01AUM156N
2026-06-01,4.46,AUD,IR3TIB01AUM156N
1956-01-01,2.94,CAD,IR3TIB01CAM156N
1956-02-01,2.94,CAD,IR3TIB01CAM156N
1956-03-01,2.68,CAD,IR3TIB01CAM156N
1956-04-01,3.19,CAD,IR3TIB01CAM156N
1956-05-01,3.53,CAD,IR3TIB01CAM156N
1956-06-01,3.78,CAD,IR3TIB01CAM156N
1956-07-01,3.95,CAD,IR3TIB01CAM156N
1956-08-01,4.12,CAD,IR3TIB01CAM156N
1956-09-01,4.12,CAD,IR3TIB01CAM156N
1956-10-01,4.29,CAD,IR3TIB01CAM156N
1956-11-01,4.29,CAD,IR3TIB01CAM156N
1956-12-01,4.98,CAD,IR3TIB01CAM156N
1957-01-01,4.98,CAD,IR3TIB01CAM156N
1957-02-01,5.32,CAD,IR3TIB01CAM156N
1957-03-01,5.32,CAD,IR3TIB01CAM156N
1957-04-01,5.32,CAD,IR3TIB01CAM156N
1957-05-01,5.32,CAD,IR3TIB01CAM156N
1957-06-01,5.32,CAD,IR3TIB01CAM156N
1957-07-01,5.32,CAD,IR3TIB01CAM156N
1957-08-01,5.32,CAD,IR3TIB01CAM156N
1957-09-01,5.32,CAD,IR3TIB01CAM156N
1957-10-01,5.32,CAD,IR3TIB01CAM156N
1957-11-01,5.15,CAD,IR3TIB01CAM156N
1957-12-01,5.06,CAD,IR3TIB01CAM156N
1958-01-01,4.89,CAD,IR3TIB01CAM156N
1958-02-01,3.78,CAD,IR3TIB01CAM156N
1958-03-01,3.7,CAD,IR3TIB01CAM156N
1958-04-01,3.02,CAD,IR3TIB01CAM156N
1958-05-01,2.94,CAD,IR3TIB01CAM156N
1958-06-01,2.77,CAD,IR3TIB01CAM156N
1958-07-01,2.52,CAD,IR3TIB01CAM156N
1958-08-01,2.52,CAD,IR3TIB01CAM156N
1958-09-01,2.77,CAD,IR3TIB01CAM156N
1958-10-01,2.94,CAD,IR3TIB01CAM156N
1958-11-01,2.77,CAD,IR3TIB01CAM156N
1958-12-01,3.28,CAD,IR3TIB01CAM156N
1959-01-01,3.28,CAD,IR3TIB01CAM156N
1959-02-01,3.87,CAD,IR3TIB01CAM156N
1959-03-01,4.55,CAD,IR3TIB01CAM156N
1959-04-01,4.65,CAD,IR3TIB01CAM156N
1959-05-01,5.23,CAD,IR3TIB01CAM156N
1959-06-01,5.23,CAD,IR3TIB01CAM156N
1959-07-01,5.4,CAD,IR3TIB01CAM156N
1959-08-01,6.48,CAD,IR3TIB01CAM156N
1959-09-01,6.43,CAD,IR3TIB01CAM156N
1959-10-01,6.0,CAD,IR3TIB01CAM156N
1959-11-01,5.58,CAD,IR3TIB01CAM156N
1959-12-01,5.49,CAD,IR3TIB01CAM156N
1960-01-01,5.4,CAD,IR3TIB01CAM156N
1960-02-01,5.23,CAD,IR3TIB01CAM156N
1960-03-01,4.12,CAD,IR3TIB01CAM156N
1960-04-01,4.29,CAD,IR3TIB01CAM156N
1960-05-01,3.78,CAD,IR3TIB01CAM156N
1960-06-01,3.87,CAD,IR3TIB01CAM156N
1960-07-01,3.78,CAD,IR3TIB01CAM156N
1960-08-01,3.02,CAD,IR3TIB01CAM156N
1960-09-01,2.52,CAD,IR3TIB01CAM156N
1960-10-01,3.45,CAD,IR3TIB01CAM156N
1960-11-01,4.21,CAD,IR3TIB01CAM156N
1960-12-01,4.29,CAD,IR3TIB01CAM156N
1961-01-01,3.78,CAD,IR3TIB01CAM156N
1961-02-01,3.53,CAD,IR3TIB01CAM156N
1961-03-01,3.78,CAD,IR3TIB01CAM156N
1961-04-01,3.53,CAD,IR3TIB01CAM156N
1961-05-01,3.78,CAD,IR3TIB01CAM156N
1961-06-01,3.28,CAD,IR3TIB01CAM156N
1961-07-01,3.02,CAD,IR3TIB01CAM156N
1961-08-01,3.28,CAD,IR3TIB01CAM156N
1961-09-01,3.11,CAD,IR3TIB01CAM156N
1961-10-01,3.02,CAD,IR3TIB01CAM156N
1961-11-01,2.85,CAD,IR3TIB01CAM156N
1961-12-01,3.45,CAD,IR3TIB01CAM156N
1962-01-01,3.514,CAD,IR3TIB01CAM156N
1962-02-01,3.3825,CAD,IR3TIB01CAM156N
1962-03-01,3.31,CAD,IR3TIB01CAM156N
1962-04-01,3.4175,CAD,IR3TIB01CAM156N
1962-05-01,3.546,CAD,IR3TIB01CAM156N
1962-06-01,4.1275,CAD,IR3TIB01CAM156N
1962-07-01,5.6975,CAD,IR3TIB01CAM156N
1962-08-01,5.698,CAD,IR3TIB01CAM156N
1962-09-01,5.445,CAD,IR3TIB01CAM156N
1962-10-01,4.964,CAD,IR3TIB01CAM156N
1962-11-01,4.38,CAD,IR3TIB01CAM156N
1962-12-01,4.3125,CAD,IR3TIB01CAM156N
1963-01-01,4.248,CAD,IR3TIB01CAM156N
1963-02-01,4.1625,CAD,IR3TIB01CAM156N
1963-03-01,4.155,CAD,IR3TIB01CAM156N
1963-04-01,3.8075,CAD,IR3TIB01CAM156N
1963-05-01,3.582,CAD,IR3TIB01CAM156N
1963-06-01,3.6275,CAD,IR3TIB01CAM156N
1963-07-01,3.806,CAD,IR3TIB01CAM156N
1963-08-01,4.1675,CAD,IR3TIB01CAM156N
1963-09-01,4.13,CAD,IR3TIB01CAM156N
1963-10-01,4.0,CAD,IR3TIB01CAM156N
1963-11-01,4.115,CAD,IR3TIB01CAM156N
1963-12-01,4.3275,CAD,IR3TIB01CAM156N
1964-01-01,4.202,CAD,IR3TIB01CAM156N
1964-02-01,4.06,CAD,IR3TIB01CAM156N
1964-03-01,4.17,CAD,IR3TIB01CAM156N
1964-04-01,4.118,CAD,IR3TIB01CAM156N
1964-05-01,4.05,CAD,IR3TIB01CAM156N
1964-06-01,4.02,CAD,IR3TIB01CAM156N
1964-07-01,4.032,CAD,IR3TIB01CAM156N
1964-08-01,4.2225,CAD,IR3TIB01CAM156N
1964-09-01,4.308,CAD,IR3TIB01CAM156N
1964-10-01,4.38,CAD,IR3TIB01CAM156N
1964-11-01,4.36,CAD,IR3TIB01CAM156N
1964-12-01,4.59,CAD,IR3TIB01CAM156N
1965-01-01,4.3625,CAD,IR3TIB01CAM156N
1965-02-01,4.37,CAD,IR3TIB01CAM156N
1965-03-01,4.444,CAD,IR3TIB01CAM156N
1965-04-01,4.48,CAD,IR3TIB01CAM156N
1965-05-01,4.685,CAD,IR3TIB01CAM156N
1965-06-01,4.816,CAD,IR3TIB01CAM156N
1965-07-01,4.9,CAD,IR3TIB01CAM156N
1965-08-01,5.17,CAD,IR3TIB01CAM156N
1965-09-01,5.226,CAD,IR3TIB01CAM156N
1965-10-01,5.34,CAD,IR3TIB01CAM156N
1965-11-01,5.65,CAD,IR3TIB01CAM156N
1965-12-01,5.96,CAD,IR3TIB01CAM156N
1966-01-01,6.0475,CAD,IR3TIB01CAM156N
1966-02-01,6.02,CAD,IR3TIB01CAM156N
1966-03-01,6.05,CAD,IR3TIB01CAM156N
1966-04-01,6.055,CAD,IR3TIB01CAM156N
1966-05-01,6.1375,CAD,IR3TIB01CAM156N
1966-06-01,6.244,CAD,IR3TIB01CAM156N
1966-07-01,6.3175,CAD,IR3TIB01CAM156N
1966-08-01,6.344,CAD,IR3TIB01CAM156N
1966-09-01,6.405,CAD,IR3TIB01CAM156N
1966-10-01,6.3825,CAD,IR3TIB01CAM156N
1966-11-01,6.47,CAD,IR3TIB01CAM156N
1966-12-01,6.6025,CAD,IR3TIB01CAM156N
1967-01-01,6.44,CAD,IR3TIB01CAM156N
1967-02-01,6.0375,CAD,IR3TIB01CAM156N
1967-03-01,5.566,CAD,IR3TIB01CAM156N
1967-04-01,5.01,CAD,IR3TIB01CAM156N
1967-05-01,5.046,CAD,IR3TIB01CAM156N
1967-06-01,5.4225,CAD,IR3TIB01CAM156N
1967-07-01,5.5875,CAD,IR3TIB01CAM156N
1967-08-01,5.63,CAD,IR3TIB01CAM156N
1967-09-01,5.825,CAD,IR3TIB01CAM156N
1967-10-01,6.5025,CAD,IR3TIB01CAM156N
1967-11-01,6.524,CAD,IR3TIB01CAM156N
1967-12-01,6.575,CAD,IR3TIB01CAM156N
1968-01-01,6.578,CAD,IR3TIB01CAM156N
1968-02-01,6.8,CAD,IR3TIB01CAM156N
1968-03-01,7.1375,CAD,IR3TIB01CAM156N
1968-04-01,7.2575,CAD,IR3TIB01CAM156N
1968-05-01,7.35,CAD,IR3TIB01CAM156N
1968-06-01,7.3275,CAD,IR3TIB01CAM156N
1968-07-01,7.118,CAD,IR3TIB01CAM156N
1968-08-01,6.7225,CAD,IR3TIB01CAM156N
1968-09-01,6.215,CAD,IR3TIB01CAM156N
1968-10-01,6.318,CAD,IR3TIB01CAM156N
1968-11-01,6.4475,CAD,IR3TIB01CAM156N
1968-12-01,6.55,CAD,IR3TIB01CAM156N
1969-01-01,6.858,CAD,IR3TIB01CAM156N
1969-02-01,6.885,CAD,IR3TIB01CAM156N
1969-03-01,6.9525,CAD,IR3TIB01CAM156N
1969-04-01,7.064,CAD,IR3TIB01CAM156N
1969-05-01,7.1325,CAD,IR3TIB01CAM156N
1969-06-01,7.5975,CAD,IR3TIB01CAM156N
1969-07-01,8.082,CAD,IR3TIB01CAM156N
1969-08-01,8.355,CAD,IR3TIB01CAM156N
1969-09-01,8.43,CAD,IR3TIB01CAM156N
1969-10-01,8.55,CAD,IR3TIB01CAM156N
1969-11-01,8.6025,CAD,IR3TIB01CAM156N
1969-12-01,9.03,CAD,IR3TIB01CAM156N
1970-01-01,9.065,CAD,IR3TIB01CAM156N
1970-02-01,8.575,CAD,IR3TIB01CAM156N
1970-03-01,8.2375,CAD,IR3TIB01CAM156N
1970-04-01,7.738,CAD,IR3TIB01CAM156N
1970-05-01,7.855,CAD,IR3TIB01CAM156N
1970-06-01,7.3275,CAD,IR3TIB01CAM156N
1970-07-01,7.624,CAD,IR3TIB01CAM156N
1970-08-01,7.6275,CAD,IR3TIB01CAM156N
1970-09-01,6.86,CAD,IR3TIB01CAM156N
1970-10-01,6.835,CAD,IR3TIB01CAM156N
1970-11-01,6.12,CAD,IR3TIB01CAM156N
1970-12-01,5.582,CAD,IR3TIB01CAM156N
1971-01-01,5.775,CAD,IR3TIB01CAM156N
1971-02-01,5.4725,CAD,IR3TIB01CAM156N
1971-03-01,4.092,CAD,IR3TIB01CAM156N
1971-04-01,3.745,CAD,IR3TIB01CAM156N
1971-05-01,3.9025,CAD,IR3TIB01CAM156N
1971-06-01,3.91,CAD,IR3TIB01CAM156N
1971-07-01,4.4375,CAD,IR3TIB01CAM156N
1971-08-01,4.545,CAD,IR3TIB01CAM156N
1971-09-01,4.796,CAD,IR3TIB01CAM156N
1971-10-01,5.155,CAD,IR3TIB01CAM156N
1971-11-01,4.605,CAD,IR3TIB01CAM156N
1971-12-01,4.396,CAD,IR3TIB01CAM156N
1972-01-01,4.0625,CAD,IR3TIB01CAM156N
1972-02-01,4.4975,CAD,IR3TIB01CAM156N
1972-03-01,5.256,CAD,IR3TIB01CAM156N
1972-04-01,5.7525,CAD,IR3TIB01CAM156N
1972-05-01,6.018,CAD,IR3TIB01CAM156N
1972-06-01,5.515,CAD,IR3TIB01CAM156N
1972-07-01,4.98,CAD,IR3TIB01CAM156N
1972-08-01,4.836,CAD,IR3TIB01CAM156N
1972-09-01,5.025,CAD,IR3TIB01CAM156N
1972-10-01,5.025,CAD,IR3TIB01CAM156N
1972-11-01,5.124,CAD,IR3TIB01CAM156N
1972-12-01,5.085,CAD,IR3TIB01CAM156N
1973-01-01,5.116,CAD,IR3TIB01CAM156N
1973-02-01,4.9375,CAD,IR3TIB01CAM156N
1973-03-01,5.1025,CAD,IR3TIB01CAM156N
1973-04-01,5.5825,CAD,IR3TIB01CAM156N
1973-05-01,6.35,CAD,IR3TIB01CAM156N
1973-06-01,7.085,CAD,IR3TIB01CAM156N
1973-07-01,7.705,CAD,IR3TIB01CAM156N
1973-08-01,8.31,CAD,IR3TIB01CAM156N
1973-09-01,8.8025,CAD,IR3TIB01CAM156N
1973-10-01,9.35,CAD,IR3TIB01CAM156N
1973-11-01,9.35,CAD,IR3TIB01CAM156N
1973-12-01,9.925,CAD,IR3TIB01CAM156N
1974-01-01,9.468,CAD,IR3TIB01CAM156N
1974-02-01,8.745,CAD,IR3TIB01CAM156N
1974-03-01,8.9075,CAD,IR3TIB01CAM156N
1974-04-01,10.4175,CAD,IR3TIB01CAM156N
1974-05-01,11.782,CAD,IR3TIB01CAM156N
1974-06-01,11.375,CAD,IR3TIB01CAM156N
1974-07-01,11.648,CAD,IR3TIB01CAM156N
1974-08-01,11.805,CAD,IR3TIB01CAM156N
1974-09-01,11.54,CAD,IR3TIB01CAM156N
1974-10-01,10.752,CAD,IR3TIB01CAM156N
1974-11-01,9.795,CAD,IR3TIB01CAM156N
1974-12-01,10.4175,CAD,IR3TIB01CAM156N
1975-01-01,8.476,CAD,IR3TIB01CAM156N
1975-02-01,6.895,CAD,IR3TIB01CAM156N
1975-03-01,6.77,CAD,IR3TIB01CAM156N
1975-04-01,7.094,CAD,IR3TIB01CAM156N
1975-05-01,7.51,CAD,IR3TIB01CAM156N
1975-06-01,7.2825,CAD,IR3TIB01CAM156N
1975-07-01,7.484,CAD,IR3TIB01CAM156N
1975-08-01,8.355,CAD,IR3TIB01CAM156N
1975-09-01,8.94,CAD,IR3TIB01CAM156N
1975-10-01,8.888,CAD,IR3TIB01CAM156N
1975-11-01,9.1725,CAD,IR3TIB01CAM156N
1975-12-01,9.418,CAD,IR3TIB01CAM156N
1976-01-01,9.04,CAD,IR3TIB01CAM156N
1976-02-01,8.9075,CAD,IR3TIB01CAM156N
1976-03-01,9.806,CAD,IR3TIB01CAM156N
1976-04-01,9.73,CAD,IR3TIB01CAM156N
1976-05-01,9.435,CAD,IR3TIB01CAM156N
1976-06-01,9.39,CAD,IR3TIB01CAM156N
1976-07-01,9.34,CAD,IR3TIB01CAM156N
1976-08-01,9.34,CAD,IR3TIB01CAM156N
1976-09-01,9.47,CAD,IR3TIB01CAM156N
1976-10-01,9.27,CAD,IR3TIB01CAM156N
1976-11-01,9.04,CAD,IR3TIB01CAM156N
1976-12-01,8.55,CAD,IR3TIB01CAM156N
1977-01-01,8.1275,CAD,IR3TIB01CAM156N
1977-02-01,7.835,CAD,IR3TIB01CAM156N
1977-03-01,7.77,CAD,IR3TIB01CAM156N
1977-04-01,7.64,CAD,IR3TIB01CAM156N
1977-05-01,7.38,CAD,IR3TIB01CAM156N
1977-06-01,7.042,CAD,IR3TIB01CAM156N
1977-07-01,7.185,CAD,IR3TIB01CAM156N
1977-08-01,7.51,CAD,IR3TIB01CAM156N
1977-09-01,7.315,CAD,IR3TIB01CAM156N
1977-10-01,7.38,CAD,IR3TIB01CAM156N
1977-11-01,7.458,CAD,IR3TIB01CAM156N
1977-12-01,7.2725,CAD,IR3TIB01CAM156N
1978-01-01,7.1675,CAD,IR3TIB01CAM156N
1978-02-01,7.2675,CAD,IR3TIB01CAM156N
1978-03-01,7.57,CAD,IR3TIB01CAM156N
1978-04-01,8.3575,CAD,IR3TIB01CAM156N
1978-05-01,8.172,CAD,IR3TIB01CAM156N
1978-06-01,8.3575,CAD,IR3TIB01CAM156N
1978-07-01,8.4475,CAD,IR3TIB01CAM156N
1978-08-01,8.942,CAD,IR3TIB01CAM156N
1978-09-01,9.27,CAD,IR3TIB01CAM156N
1978-10-01,9.78,CAD,IR3TIB01CAM156N
1978-11-01,10.626,CAD,IR3TIB01CAM156N
1978-12-01,10.6075,CAD,IR3TIB01CAM156N
1979-01-01,10.97,CAD,IR3TIB01CAM156N
1979-02-01,11.005,CAD,IR3TIB01CAM156N
1979-03-01,11.11,CAD,IR3TIB01CAM156N
1979-04-01,11.24,CAD,IR3TIB01CAM156N
1979-05-01,11.286,CAD,IR3TIB01CAM156N
1979-06-01,11.19,CAD,IR3TIB01CAM156N
1979-07-01,11.2625,CAD,IR3TIB01CAM156N
1979-08-01,11.79,CAD,IR3TIB01CAM156N
1979-09-01,12.0,CAD,IR3TIB01CAM156N
1979-10-01,13.47,CAD,IR3TIB01CAM156N
1979-11-01,14.1625,CAD,IR3TIB01CAM156N
1979-12-01,14.05,CAD,IR3TIB01CAM156N
1980-01-01,13.91,CAD,IR3TIB01CAM156N
1980-02-01,14.0375,CAD,IR3TIB01CAM156N
1980-03-01,14.725,CAD,IR3TIB01CAM156N
1980-04-01,16.13,CAD,IR3TIB01CAM156N
1980-05-01,12.975,CAD,IR3TIB01CAM156N
1980-06-01,11.6375,CAD,IR3TIB01CAM156N
1980-07-01,11.03,CAD,IR3TIB01CAM156N
1980-08-01,10.5625,CAD,IR3TIB01CAM156N
1980-09-01,10.7625,CAD,IR3TIB01CAM156N
1980-10-01,11.67,CAD,IR3TIB01CAM156N
1980-11-01,13.0875,CAD,IR3TIB01CAM156N
1980-12-01,17.02,CAD,IR3TIB01CAM156N
1981-01-01,17.0125,CAD,IR3TIB01CAM156N
1981-02-01,17.475,CAD,IR3TIB01CAM156N
1981-03-01,16.9625,CAD,IR3TIB01CAM156N
1981-04-01,17.22,CAD,IR3TIB01CAM156N
1981-05-01,18.975,CAD,IR3TIB01CAM156N
1981-06-01,19.25,CAD,IR3TIB01CAM156N
1981-07-01,19.66,CAD,IR3TIB01CAM156N
1981-08-01,22.0125,CAD,IR3TIB01CAM156N
1981-09-01,20.54,CAD,IR3TIB01CAM156N
1981-10-01,18.7875,CAD,IR3TIB01CAM156N
1981-11-01,16.6125,CAD,IR3TIB01CAM156N
1981-12-01,16.0,CAD,IR3TIB01CAM156N
1982-01-01,15.025,CAD,IR3TIB01CAM156N
1982-02-01,15.325,CAD,IR3TIB01CAM156N
1982-03-01,15.74,CAD,IR3TIB01CAM156N
1982-04-01,15.7375,CAD,IR3TIB01CAM156N
1982-05-01,15.5375,CAD,IR3TIB01CAM156N
1982-06-01,16.88,CAD,IR3TIB01CAM156N
1982-07-01,16.2625,CAD,IR3TIB01CAM156N
1982-08-01,14.7625,CAD,IR3TIB01CAM156N
1982-09-01,13.61,CAD,IR3TIB01CAM156N
1982-10-01,12.0125,CAD,IR3TIB01CAM156N
1982-11-01,11.05,CAD,IR3TIB01CAM156N
1982-12-01,10.56,CAD,IR3TIB01CAM156N
1983-01-01,9.8875,CAD,IR3TIB01CAM156N
1983-02-01,9.75,CAD,IR3TIB01CAM156N
1983-03-01,9.37,CAD,IR3TIB01CAM156N
1983-04-01,9.3625,CAD,IR3TIB01CAM156N
1983-05-01,9.225,CAD,IR3TIB01CAM156N
1983-06-01,9.35,CAD,IR3TIB01CAM156N
1983-07-01,9.35,CAD,IR3TIB01CAM156N
1983-08-01,9.44,CAD,IR3TIB01CAM156N
1983-09-01,9.325,CAD,IR3TIB01CAM156N
1983-10-01,9.3,CAD,IR3TIB01CAM156N
1983-11-01,9.38,CAD,IR3TIB01CAM156N
1983-12-01,9.85,CAD,IR3TIB01CAM156N
1984-01-01,9.8375,CAD,IR3TIB01CAM156N
1984-02-01,9.83,CAD,IR3TIB01CAM156N
1984-03-01,10.35,CAD,IR3TIB01CAM156N
1984-04-01,10.7,CAD,IR3TIB01CAM156N
1984-05-01,11.43,CAD,IR3TIB01CAM156N
1984-06-01,11.775,CAD,IR3TIB01CAM156N
1984-07-01,12.9125,CAD,IR3TIB01CAM156N
1984-08-01,12.38,CAD,IR3TIB01CAM156N
1984-09-01,12.175,CAD,IR3TIB01CAM156N
1984-10-01,11.95,CAD,IR3TIB01CAM156N
1984-11-01,10.9875,CAD,IR3TIB01CAM156N
1984-12-01,10.3375,CAD,IR3TIB01CAM156N
1985-01-01,9.67,CAD,IR3TIB01CAM156N
1985-02-01,10.575,CAD,IR3TIB01CAM156N
1985-03-01,11.3,CAD,IR3TIB01CAM156N
1985-04-01,10.1625,CAD,IR3TIB01CAM156N
1985-05-01,9.75,CAD,IR3TIB01CAM156N
1985-06-01,9.4875,CAD,IR3TIB01CAM156N
1985-07-01,9.26,CAD,IR3TIB01CAM156N
1985-08-01,9.1125,CAD,IR3TIB01CAM156N
1985-09-01,9.0625,CAD,IR3TIB01CAM156N
1985-10-01,8.71,CAD,IR3TIB01CAM156N
1985-11-01,8.825,CAD,IR3TIB01CAM156N
1985-12-01,9.2375,CAD,IR3TIB01CAM156N
1986-01-01,10.16,CAD,IR3TIB01CAM156N
1986-02-01,11.725,CAD,IR3TIB01CAM156N
1986-03-01,11.025,CAD,IR3TIB01CAM156N
1986-04-01,9.55,CAD,IR3TIB01CAM156N
1986-05-01,8.575,CAD,IR3TIB01CAM156N
1986-06-01,8.7,CAD,IR3TIB01CAM156N
1986-07-01,8.47,CAD,IR3TIB01CAM156N
1986-08-01,8.5125,CAD,IR3TIB01CAM156N
1986-09-01,8.35,CAD,IR3TIB01CAM156N
1986-10-01,8.44,CAD,IR3TIB01CAM156N
1986-11-01,8.3875,CAD,IR3TIB01CAM156N
1986-12-01,8.36,CAD,IR3TIB01CAM156N
1987-01-01,7.925,CAD,IR3TIB01CAM156N
1987-02-01,7.4375,CAD,IR3TIB01CAM156N
1987-03-01,7.175,CAD,IR3TIB01CAM156N
1987-04-01,7.62,CAD,IR3TIB01CAM156N
1987-05-01,8.25,CAD,IR3TIB01CAM156N
1987-06-01,8.4625,CAD,IR3TIB01CAM156N
1987-07-01,8.64,CAD,IR3TIB01CAM156N
1987-08-01,9.1375,CAD,IR3TIB01CAM156N
1987-09-01,9.36,CAD,IR3TIB01CAM156N
1987-10-01,9.1625,CAD,IR3TIB01CAM156N
1987-11-01,8.775,CAD,IR3TIB01CAM156N
1987-12-01,8.97,CAD,IR3TIB01CAM156N
1988-01-01,8.7125,CAD,IR3TIB01CAM156N
1988-02-01,8.55,CAD,IR3TIB01CAM156N
1988-03-01,8.59,CAD,IR3TIB01CAM156N
1988-04-01,8.8625,CAD,IR3TIB01CAM156N
1988-05-01,9.0375,CAD,IR3TIB01CAM156N
1988-06-01,9.37,CAD,IR3TIB01CAM156N
1988-07-01,9.4125,CAD,IR3TIB01CAM156N
1988-08-01,9.91,CAD,IR3TIB01CAM156N
1988-09-01,10.475,CAD,IR3TIB01CAM156N
1988-10-01,10.4375,CAD,IR3TIB01CAM156N
1988-11-01,10.85,CAD,IR3TIB01CAM156N
1988-12-01,11.1125,CAD,IR3TIB01CAM156N
1989-01-01,11.2875,CAD,IR3TIB01CAM156N
1989-02-01,11.5625,CAD,IR3TIB01CAM156N
1989-03-01,12.21,CAD,IR3TIB01CAM156N
1989-04-01,12.475,CAD,IR3TIB01CAM156N
1989-05-01,12.402,CAD,IR3TIB01CAM156N
1989-06-01,12.3125,CAD,IR3TIB01CAM156N
1989-07-01,12.225,CAD,IR3TIB01CAM156N
1989-08-01,12.292,CAD,IR3TIB01CAM156N
1989-09-01,12.3275,CAD,IR3TIB01CAM156N
1989-10-01,12.33,CAD,IR3TIB01CAM156N
1989-11-01,12.352,CAD,IR3TIB01CAM156N
1989-12-01,12.345,CAD,IR3TIB01CAM156N
1990-01-01,12.244,CAD,IR3TIB01CAM156N
1990-02-01,12.8425,CAD,IR3TIB01CAM156N
1990-03-01,13.3575,CAD,IR3TIB01CAM156N
1990-04-01,13.515,CAD,IR3TIB01CAM156N
1990-05-01,13.76,CAD,IR3TIB01CAM156N
1990-06-01,13.8175,CAD,IR3TIB01CAM156N
1990-07-01,13.675,CAD,IR3TIB01CAM156N
1990-08-01,13.256,CAD,IR3TIB01CAM156N
1990-09-01,12.755,CAD,IR3TIB01CAM156N
1990-10-01,12.578,CAD,IR3TIB01CAM156N
1990-11-01,12.405,CAD,IR3TIB01CAM156N
1990-12-01,12.05,CAD,IR3TIB01CAM156N
1991-01-01,11.366,CAD,IR3TIB01CAM156N
1991-02-01,10.52,CAD,IR3TIB01CAM156N
1991-03-01,9.9575,CAD,IR3TIB01CAM156N
1991-04-01,9.7075,CAD,IR3TIB01CAM156N
1991-05-01,9.198,CAD,IR3TIB01CAM156N
1991-06-01,8.8325,CAD,IR3TIB01CAM156N
1991-07-01,8.76,CAD,IR3TIB01CAM156N
1991-08-01,8.7225,CAD,IR3TIB01CAM156N
1991-09-01,8.59,CAD,IR3TIB01CAM156N
1991-10-01,8.366,CAD,IR3TIB01CAM156N
1991-11-01,7.8475,CAD,IR3TIB01CAM156N
1991-12-01,7.455,CAD,IR3TIB01CAM156N
1992-01-01,7.31,CAD,IR3TIB01CAM156N
1992-02-01,7.2525,CAD,IR3TIB01CAM156N
1992-03-01,7.54,CAD,IR3TIB01CAM156N
1992-04-01,7.118,CAD,IR3TIB01CAM156N
1992-05-01,6.6175,CAD,IR3TIB01CAM156N
1992-06-01,6.0325,CAD,IR3TIB01CAM156N
1992-07-01,5.574,CAD,IR3TIB01CAM156N
1992-08-01,5.1725,CAD,IR3TIB01CAM156N
1992-09-01,5.038,CAD,IR3TIB01CAM156N
1992-10-01,7.6375,CAD,IR3TIB01CAM156N
1992-11-01,6.9325,CAD,IR3TIB01CAM156N
1992-12-01,7.9,CAD,IR3TIB01CAM156N
1993-01-01,6.9925,CAD,IR3TIB01CAM156N
1993-02-01,6.395,CAD,IR3TIB01CAM156N
1993-03-01,5.61,CAD,IR3TIB01CAM156N
1993-04-01,5.275,CAD,IR3TIB01CAM156N
1993-05-01,5.325,CAD,IR3TIB01CAM156N
1993-06-01,4.88,CAD,IR3TIB01CAM156N
1993-07-01,4.4725,CAD,IR3TIB01CAM156N
1993-08-01,4.3075,CAD,IR3TIB01CAM156N
1993-09-01,4.786,CAD,IR3TIB01CAM156N
1993-10-01,4.7375,CAD,IR3TIB01CAM156N
1993-11-01,4.3625,CAD,IR3TIB01CAM156N
1993-12-01,4.092,CAD,IR3TIB01CAM156N
1994-01-01,3.8725,CAD,IR3TIB01CAM156N
1994-02-01,3.805,CAD,IR3TIB01CAM156N
1994-03-01,4.206,CAD,IR3TIB01CAM156N
1994-04-01,5.8875,CAD,IR3TIB01CAM156N
1994-05-01,6.285,CAD,IR3TIB01CAM156N
1994-06-01,6.394,CAD,IR3TIB01CAM156N
1994-07-01,6.3625,CAD,IR3TIB01CAM156N
1994-08-01,5.68,CAD,IR3TIB01CAM156N
1994-09-01,5.6425,CAD,IR3TIB01CAM156N
1994-10-01,5.44,CAD,IR3TIB01CAM156N
1994-11-01,5.68,CAD,IR3TIB01CAM156N
1994-12-01,6.5975,CAD,IR3TIB01CAM156N
1995-01-01,7.838,CAD,IR3TIB01CAM156N
1995-02-01,8.118,CAD,IR3TIB01CAM156N
1995-03-01,8.314782609,CAD,IR3TIB01CAM156N
1995-04-01,8.148421053,CAD,IR3TIB01CAM156N
1995-05-01,7.561363636,CAD,IR3TIB01CAM156N
1995-06-01,7.047727273,CAD,IR3TIB01CAM156N
1995-07-01,6.666,CAD,IR3TIB01CAM156N
1995-08-01,6.586818182,CAD,IR3TIB01CAM156N
1995-09-01,6.6875,CAD,IR3TIB01CAM156N
1995-10-01,6.697619048,CAD,IR3TIB01CAM156N
1995-11-01,6.008095238,CAD,IR3TIB01CAM156N
1995-12-01,5.895263158,CAD,IR3TIB01CAM156N
1996-01-01,5.546818182,CAD,IR3TIB01CAM156N
1996-02-01,5.222857143,CAD,IR3TIB01CAM156N
1996-03-01,5.214761905,CAD,IR3TIB01CAM156N
1996-04-01,5.008571429,CAD,IR3TIB01CAM156N
1996-05-01,4.809090909,CAD,IR3TIB01CAM156N
1996-06-01,4.849,CAD,IR3TIB01CAM156N
1996-07-01,4.732727273,CAD,IR3TIB01CAM156N
1996-08-01,4.267619048,CAD,IR3TIB01CAM156N
1996-09-01,4.0785,CAD,IR3TIB01CAM156N
1996-10-01,3.516818182,CAD,IR3TIB01CAM156N
1996-11-01,3.0195,CAD,IR3TIB01CAM156N
1996-12-01,3.1225,CAD,IR3TIB01CAM156N
1997-01-01,3.152727273,CAD,IR3TIB01CAM156N
1997-02-01,3.116,CAD,IR3TIB01CAM156N
1997-03-01,3.2175,CAD,IR3TIB01CAM156N
1997-04-01,3.460454545,CAD,IR3TIB01CAM156N
1997-05-01,3.321904762,CAD,IR3TIB01CAM156N
1997-06-01,3.265238095,CAD,IR3TIB01CAM156N
1997-07-01,3.531818182,CAD,IR3TIB01CAM156N
1997-08-01,3.638,CAD,IR3TIB01CAM156N
1997-09-01,3.626666667,CAD,IR3TIB01CAM156N
1997-10-01,3.799545455,CAD,IR3TIB01CAM156N
1997-11-01,3.994736842,CAD,IR3TIB01CAM156N
1997-12-01,4.567142857,CAD,IR3TIB01CAM156N
1998-01-01,4.651904762,CAD,IR3TIB01CAM156N
1998-02-01,4.9775,CAD,IR3TIB01CAM156N
1998-03-01,4.874090909,CAD,IR3TIB01CAM156N
1998-04-01,4.898095238,CAD,IR3TIB01CAM156N
1998-05-01,5.02,CAD,IR3TIB01CAM156N
1998-06-01,5.016818182,CAD,IR3TIB01CAM156N
1998-07-01,5.051363636,CAD,IR3TIB01CAM156N
1998-08-01,5.3055,CAD,IR3TIB01CAM156N
1998-09-01,5.60047619,CAD,IR3TIB01CAM156N
1998-10-01,5.275238095,CAD,IR3TIB01CAM156N
1998-11-01,5.147,CAD,IR3TIB01CAM156N
1998-12-01,5.002857143,CAD,IR3TIB01CAM156N
1999-01-01,5.0045,CAD,IR3TIB01CAM156N
1999-02-01,5.0335,CAD,IR3TIB01CAM156N
1999-03-01,5.057391304,CAD,IR3TIB01CAM156N
1999-04-01,4.716666667,CAD,IR3TIB01CAM156N
1999-05-01,4.6155,CAD,IR3TIB01CAM156N
1999-06-01,4.815454545,CAD,IR3TIB01CAM156N
1999-07-01,4.792857143,CAD,IR3TIB01CAM156N
1999-08-01,4.924761905,CAD,IR3TIB01CAM156N
1999-09-01,4.83047619,CAD,IR3TIB01CAM156N
1999-10-01,5.014,CAD,IR3TIB01CAM156N
1999-11-01,5.040952381,CAD,IR3TIB01CAM156N
1999-12-01,5.135238095,CAD,IR3TIB01CAM156N
2000-01-01,5.025,CAD,IR3TIB01CAM156N
2000-02-01,5.0325,CAD,IR3TIB01CAM156N
2000-03-01,5.108,CAD,IR3TIB01CAM156N
2000-04-01,5.35,CAD,IR3TIB01CAM156N
2000-05-01,5.664,CAD,IR3TIB01CAM156N
2000-06-01,5.5525,CAD,IR3TIB01CAM156N
2000-07-01,5.6,CAD,IR3TIB01CAM156N
2000-08-01,5.618,CAD,IR3TIB01CAM156N
2000-09-01,5.5725,CAD,IR3TIB01CAM156N
2000-10-01,5.5975,CAD,IR3TIB01CAM156N
2000-11-01,5.668,CAD,IR3TIB01CAM156N
2000-12-01,5.52,CAD,IR3TIB01CAM156N
2001-01-01,5.236,CAD,IR3TIB01CAM156N
2001-02-01,5.0475,CAD,IR3TIB01CAM156N
2001-03-01,4.595,CAD,IR3TIB01CAM156N
2001-04-01,4.5025,CAD,IR3TIB01CAM156N
2001-05-01,4.34,CAD,IR3TIB01CAM156N
2001-06-01,4.26,CAD,IR3TIB01CAM156N
2001-07-01,4.18,CAD,IR3TIB01CAM156N
2001-08-01,3.936,CAD,IR3TIB01CAM156N
2001-09-01,3.3325,CAD,IR3TIB01CAM156N
2001-10-01,2.728,CAD,IR3TIB01CAM156N
2001-11-01,2.1525,CAD,IR3TIB01CAM156N
2001-12-01,2.0,CAD,IR3TIB01CAM156N
2002-01-01,1.914,CAD,IR3TIB01CAM156N
2002-02-01,2.015,CAD,IR3TIB01CAM156N
2002-03-01,2.155,CAD,IR3TIB01CAM156N
2002-04-01,2.325,CAD,IR3TIB01CAM156N
2002-05-01,2.514,CAD,IR3TIB01CAM156N
2002-06-01,2.69,CAD,IR3TIB01CAM156N
2002-07-01,2.782,CAD,IR3TIB01CAM156N
2002-08-01,2.83,CAD,IR3TIB01CAM156N
2002-09-01,2.805,CAD,IR3TIB01CAM156N
2002-10-01,2.768,CAD,IR3TIB01CAM156N
2002-11-01,2.7,CAD,IR3TIB01CAM156N
2002-12-01,2.6775,CAD,IR3TIB01CAM156N
2003-01-01,2.716,CAD,IR3TIB01CAM156N
2003-02-01,2.8125,CAD,IR3TIB01CAM156N
2003-03-01,3.0375,CAD,IR3TIB01CAM156N
2003-04-01,3.196,CAD,IR3TIB01CAM156N
2003-05-01,3.1775,CAD,IR3TIB01CAM156N
2003-06-01,3.0975,CAD,IR3TIB01CAM156N
2003-07-01,2.912,CAD,IR3TIB01CAM156N
2003-08-01,2.7775,CAD,IR3TIB01CAM156N
2003-09-01,2.6325,CAD,IR3TIB01CAM156N
2003-10-01,2.618,CAD,IR3TIB01CAM156N
2003-11-01,2.7,CAD,IR3TIB01CAM156N
2003-12-01,2.624,CAD,IR3TIB01CAM156N
2004-01-01,2.3725,CAD,IR3TIB01CAM156N
2004-02-01,2.195,CAD,IR3TIB01CAM156N
2004-03-01,2.038,CAD,IR3TIB01CAM156N
2004-04-01,1.9625,CAD,IR3TIB01CAM156N
2004-05-01,1.97,CAD,IR3TIB01CAM156N
2004-06-01,2.008,CAD,IR3TIB01CAM156N
2004-07-01,2.035,CAD,IR3TIB01CAM156N
2004-08-01,2.0625,CAD,IR3TIB01CAM156N
2004-09-01,2.346,CAD,IR3TIB01CAM156N
2004-10-01,2.5325,CAD,IR3TIB01CAM156N
2004-11-01,2.64,CAD,IR3TIB01CAM156N
2004-12-01,2.466,CAD,IR3TIB01CAM156N
2005-01-01,2.455,CAD,IR3TIB01CAM156N
2005-02-01,2.445,CAD,IR3TIB01CAM156N
2005-03-01,2.498,CAD,IR3TIB01CAM156N
2005-04-01,2.47,CAD,IR3TIB01CAM156N
2005-05-01,2.46,CAD,IR3TIB01CAM156N
2005-06-01,2.448,CAD,IR3TIB01CAM156N
2005-07-01,2.555,CAD,IR3TIB01CAM156N
2005-08-01,2.68,CAD,IR3TIB01CAM156N
2005-09-01,2.795,CAD,IR3TIB01CAM156N
2005-10-01,2.98,CAD,IR3TIB01CAM156N
2005-11-01,3.206,CAD,IR3TIB01CAM156N
2005-12-01,3.35,CAD,IR3TIB01CAM156N
2006-01-01,3.42,CAD,IR3TIB01CAM156N
2006-02-01,3.63,CAD,IR3TIB01CAM156N
2006-03-01,3.76,CAD,IR3TIB01CAM156N
2006-04-01,3.96,CAD,IR3TIB01CAM156N
2006-05-01,4.126,CAD,IR3TIB01CAM156N
2006-06-01,4.24,CAD,IR3TIB01CAM156N
2006-07-01,4.2,CAD,IR3TIB01CAM156N
2006-08-01,4.132,CAD,IR3TIB01CAM156N
2006-09-01,4.15,CAD,IR3TIB01CAM156N
2006-10-01,4.1575,CAD,IR3TIB01CAM156N
2006-11-01,4.178,CAD,IR3TIB01CAM156N
2006-12-01,4.16,CAD,IR3TIB01CAM156N
2007-01-01,4.156,CAD,IR3TIB01CAM156N
2007-02-01,4.18,CAD,IR3TIB01CAM156N
2007-03-01,4.1675,CAD,IR3TIB01CAM156N
2007-04-01,4.1625,CAD,IR3TIB01CAM156N
2007-05-01,4.19,CAD,IR3TIB01CAM156N
2007-06-01,4.36,CAD,IR3TIB01CAM156N
2007-07-01,4.4975,CAD,IR3TIB01CAM156N
2007-08-01,4.262,CAD,IR3TIB01CAM156N
2007-09-01,3.9975,CAD,IR3TIB01CAM156N
2007-10-01,3.936,CAD,IR3TIB01CAM156N
2007-11-01,3.9625,CAD,IR3TIB01CAM156N
2007-12-01,3.8325,CAD,IR3TIB01CAM156N
2008-01-01,3.582,CAD,IR3TIB01CAM156N
2008-02-01,3.265,CAD,IR3TIB01CAM156N
2008-03-01,2.185,CAD,IR3TIB01CAM156N
2008-04-01,2.404,CAD,IR3TIB01CAM156N
2008-05-01,2.65,CAD,IR3TIB01CAM156N
2008-06-01,2.6125,CAD,IR3TIB01CAM156N
2008-07-01,2.368,CAD,IR3TIB01CAM156N
2008-08-01,2.47,CAD,IR3TIB01CAM156N
2008-09-01,2.1175,CAD,IR3TIB01CAM156N
2008-10-01,1.556,CAD,IR3TIB01CAM156N
2008-11-01,1.7825,CAD,IR3TIB01CAM156N
2008-12-01,1.05,CAD,IR3TIB01CAM156N
2009-01-01,0.8025,CAD,IR3TIB01CAM156N
2009-02-01,0.7275,CAD,IR3TIB01CAM156N
2009-03-01,0.4075,CAD,IR3TIB01CAM156N
2009-04-01,0.324,CAD,IR3TIB01CAM156N
2009-05-01,0.18,CAD,IR3TIB01CAM156N
2009-06-01,0.225,CAD,IR3TIB01CAM156N
2009-07-01,0.234,CAD,IR3TIB01CAM156N
2009-08-01,0.23,CAD,IR3TIB01CAM156N
2009-09-01,0.22,CAD,IR3TIB01CAM156N
2009-10-01,0.215,CAD,IR3TIB01CAM156N
2009-11-01,0.215,CAD,IR3TIB01CAM156N
2009-12-01,0.198,CAD,IR3TIB01CAM156N
2010-01-01,0.1725,CAD,IR3TIB01CAM156N
2010-02-01,0.165,CAD,IR3TIB01CAM156N
2010-03-01,0.228,CAD,IR3TIB01CAM156N
2010-04-01,0.3375,CAD,IR3TIB01CAM156N
2010-05-01,0.39,CAD,IR3TIB01CAM156N
2010-06-01,0.522,CAD,IR3TIB01CAM156N
2010-07-01,0.575,CAD,IR3TIB01CAM156N
2010-08-01,0.66,CAD,IR3TIB01CAM156N
2010-09-01,0.85,CAD,IR3TIB01CAM156N
2010-10-01,0.895,CAD,IR3TIB01CAM156N
2010-11-01,0.9525,CAD,IR3TIB01CAM156N
2010-12-01,0.994,CAD,IR3TIB01CAM156N
2011-01-01,0.9625,CAD,IR3TIB01CAM156N
2011-02-01,0.9525,CAD,IR3TIB01CAM156N
2011-03-01,0.926,CAD,IR3TIB01CAM156N
2011-04-01,0.965,CAD,IR3TIB01CAM156N
2011-05-01,0.9625,CAD,IR3TIB01CAM156N
2011-06-01,0.928,CAD,IR3TIB01CAM156N
2011-07-01,0.9225,CAD,IR3TIB01CAM156N
2011-08-01,0.874,CAD,IR3TIB01CAM156N
2011-09-01,0.8725,CAD,IR3TIB01CAM156N
2011-10-01,0.8625,CAD,IR3TIB01CAM156N
2011-11-01,0.882,CAD,IR3TIB01CAM156N
2011-12-01,0.83,CAD,IR3TIB01CAM156N
2012-01-01,0.825,CAD,IR3TIB01CAM156N
2012-02-01,0.918,CAD,IR3TIB01CAM156N
2012-03-01,0.915,CAD,IR3TIB01CAM156N
2012-04-01,0.9825,CAD,IR3TIB01CAM156N
2012-05-01,0.988,CAD,IR3TIB01CAM156N
2012-06-01,0.8825,CAD,IR3TIB01CAM156N
2012-07-01,0.8875,CAD,IR3TIB01CAM156N
2012-08-01,1.002,CAD,IR3TIB01CAM156N
2012-09-01,1.0075,CAD,IR3TIB01CAM156N
2012-10-01,0.976,CAD,IR3TIB01CAM156N
2012-11-01,0.97,CAD,IR3TIB01CAM156N
2012-12-01,0.945,CAD,IR3TIB01CAM156N
2013-01-01,0.92,CAD,IR3TIB01CAM156N
2013-02-01,0.9475,CAD,IR3TIB01CAM156N
2013-03-01,0.9625,CAD,IR3TIB01CAM156N
2013-04-01,0.9825,CAD,IR3TIB01CAM156N
2013-05-01,0.998,CAD,IR3TIB01CAM156N
2013-06-01,1.025,CAD,IR3TIB01CAM156N
2013-07-01,1.012,CAD,IR3TIB01CAM156N
2013-08-01,0.9925,CAD,IR3TIB01CAM156N
2013-09-01,0.9875,CAD,IR3TIB01CAM156N
2013-10-01,0.924,CAD,IR3TIB01CAM156N
2013-11-01,0.925,CAD,IR3TIB01CAM156N
2013-12-01,0.9175,CAD,IR3TIB01CAM156N
2014-01-01,0.894,CAD,IR3TIB01CAM156N
2014-02-01,0.87,CAD,IR3TIB01CAM156N
2014-03-01,0.8425,CAD,IR3TIB01CAM156N
2014-04-01,0.926,CAD,IR3TIB01CAM156N
2014-05-01,0.925,CAD,IR3TIB01CAM156N
2014-06-01,0.935,CAD,IR3TIB01CAM156N
2014-07-01,0.948,CAD,IR3TIB01CAM156N
2014-08-01,0.95,CAD,IR3TIB01CAM156N
2014-09-01,0.9275,CAD,IR3TIB01CAM156N
2014-10-01,0.894,CAD,IR3TIB01CAM156N
2014-11-01,0.9025,CAD,IR3TIB01CAM156N
2014-12-01,0.902,CAD,IR3TIB01CAM156N
2015-01-01,0.765,CAD,IR3TIB01CAM156N
2015-02-01,0.5325,CAD,IR3TIB01CAM156N
2015-03-01,0.5525,CAD,IR3TIB01CAM156N
2015-04-01,0.618,CAD,IR3TIB01CAM156N
2015-05-01,0.6575,CAD,IR3TIB01CAM156N
2015-06-01,0.61,CAD,IR3TIB01CAM156N
2015-07-01,0.47,CAD,IR3TIB01CAM156N
2015-08-01,0.385,CAD,IR3TIB01CAM156N
2015-09-01,0.4,CAD,IR3TIB01CAM156N
2015-10-01,0.4025,CAD,IR3TIB01CAM156N
2015-11-01,0.4525,CAD,IR3TIB01CAM156N
2015-12-01,0.484,CAD,IR3TIB01CAM156N
2016-01-01,0.435,CAD,IR3TIB01CAM156N
2016-02-01,0.4575,CAD,IR3TIB01CAM156N
2016-03-01,0.46,CAD,IR3TIB01CAM156N
2016-04-01,0.5125,CAD,IR3TIB01CAM156N
2016-05-01,0.5075,CAD,IR3TIB01CAM156N
2016-06-01,0.51,CAD,IR3TIB01CAM156N
2016-07-01,0.5,CAD,IR3TIB01CAM156N
2016-08-01,0.506,CAD,IR3TIB01CAM156N
2016-09-01,0.505,CAD,IR3TIB01CAM156N
2016-10-01,0.4875,CAD,IR3TIB01CAM156N
2016-11-01,0.48,CAD,IR3TIB01CAM156N
2016-12-01,0.4775,CAD,IR3TIB01CAM156N
2017-01-01,0.45,CAD,IR3TIB01CAM156N
2017-02-01,0.465,CAD,IR3TIB01CAM156N
2017-03-01,0.498,CAD,IR3TIB01CAM156N
2017-04-01,0.535,CAD,IR3TIB01CAM156N
2017-05-01,0.512,CAD,IR3TIB01CAM156N
2017-06-01,0.565,CAD,IR3TIB01CAM156N
2017-07-01,0.73,CAD,IR3TIB01CAM156N
2017-08-01,0.722,CAD,IR3TIB01CAM156N
2017-09-01,0.98,CAD,IR3TIB01CAM156N
2017-10-01,0.96,CAD,IR3TIB01CAM156N
2017-11-01,0.88,CAD,IR3TIB01CAM156N
2017-12-01,0.96,CAD,IR3TIB01CAM156N
2018-01-01,1.164,CAD,IR3TIB01CAM156N
2018-02-01,1.1625,CAD,IR3TIB01CAM156N
2018-03-01,1.095,CAD,IR3TIB01CAM156N
2018-04-01,1.165,CAD,IR3TIB01CAM156N
2018-05-01,1.246,CAD,IR3TIB01CAM156N
2018-06-01,1.2375,CAD,IR3TIB01CAM156N
2018-07-01,1.375,CAD,IR3TIB01CAM156N
2018-08-01,1.488,CAD,IR3TIB01CAM156N
2018-09-01,1.5175,CAD,IR3TIB01CAM156N
2018-10-01,1.66,CAD,IR3TIB01CAM156N
2018-11-01,1.7125,CAD,IR3TIB01CAM156N
2018-12-01,1.66,CAD,IR3TIB01CAM156N
2019-01-01,1.634,CAD,IR3TIB01CAM156N
2019-02-01,1.665,CAD,IR3TIB01CAM156N
2019-03-01,1.66,CAD,IR3TIB01CAM156N
2019-04-01,1.675,CAD,IR3TIB01CAM156N
2019-05-01,1.678,CAD,IR3TIB01CAM156N
2019-06-01,1.665,CAD,IR3TIB01CAM156N
2019-07-01,1.654,CAD,IR3TIB01CAM156N
2019-08-01,1.635,CAD,IR3TIB01CAM156N
2019-09-01,1.6275,CAD,IR3TIB01CAM156N
2019-10-01,1.654,CAD,IR3TIB01CAM156N
2019-11-01,1.6625,CAD,IR3TIB01CAM156N
2019-12-01,1.6575,CAD,IR3TIB01CAM156N
2020-01-01,1.646,CAD,IR3TIB01CAM156N
2020-02-01,1.6325,CAD,IR3TIB01CAM156N
2020-03-01,0.6725,CAD,IR3TIB01CAM156N
2020-04-01,0.246,CAD,IR3TIB01CAM156N
2020-05-01,0.235,CAD,IR3TIB01CAM156N
2020-06-01,0.1925,CAD,IR3TIB01CAM156N
2020-07-01,0.18,CAD,IR3TIB01CAM156N
2020-08-01,0.1575,CAD,IR3TIB01CAM156N
2020-09-01,0.142,CAD,IR3TIB01CAM156N
2020-10-01,0.1,CAD,IR3TIB01CAM156N
2020-11-01,0.1075,CAD,IR3TIB01CAM156N
2020-12-01,0.106,CAD,IR3TIB01CAM156N
2021-01-01,0.0575,CAD,IR3TIB01CAM156N
2021-02-01,0.0825,CAD,IR3TIB01CAM156N
2021-03-01,0.106,CAD,IR3TIB01CAM156N
2021-04-01,0.0925,CAD,IR3TIB01CAM156N
2021-05-01,0.0975,CAD,IR3TIB01CAM156N
2021-06-01,0.128,CAD,IR3TIB01CAM156N
2021-07-01,0.1675,CAD,IR3TIB01CAM156N
2021-08-01,0.1775,CAD,IR3TIB01CAM156N
2021-09-01,0.132,CAD,IR3TIB01CAM156N
2021-10-01,0.12,CAD,IR3TIB01CAM156N
2021-11-01,0.1175,CAD,IR3TIB01CAM156N
2021-12-01,0.078,CAD,IR3TIB01CAM156N
2022-01-01,0.305,CAD,IR3TIB01CAM156N
2022-02-01,0.325,CAD,IR3TIB01CAM156N
2022-03-01,0.566,CAD,IR3TIB01CAM156N
2022-04-01,1.0475,CAD,IR3TIB01CAM156N
2022-05-01,1.3675,CAD,IR3TIB01CAM156N
2022-06-01,1.834,CAD,IR3TIB01CAM156N
2022-07-01,2.445,CAD,IR3TIB01CAM156N
2022-08-01,2.908,CAD,IR3TIB01CAM156N
2022-09-01,3.42,CAD,IR3TIB01CAM156N
2022-10-01,3.76,CAD,IR3TIB01CAM156N
2022-11-01,3.988,CAD,IR3TIB01CAM156N
2022-12-01,4.1675,CAD,IR3TIB01CAM156N
2023-01-01,4.325,CAD,IR3TIB01CAM156N
2023-02-01,4.45,CAD,IR3TIB01CAM156N
2023-03-01,4.388,CAD,IR3TIB01CAM156N
2023-04-01,4.3675,CAD,IR3TIB01CAM156N
2023-05-01,4.478,CAD,IR3TIB01CAM156N
2023-06-01,4.8325,CAD,IR3TIB01CAM156N
2023-07-01,4.935,CAD,IR3TIB01CAM156N
2023-08-01,5.054,CAD,IR3TIB01CAM156N
2023-09-01,5.0375,CAD,IR3TIB01CAM156N
2023-10-01,5.08,CAD,IR3TIB01CAM156N
2023-11-01,4.996,CAD,IR3TIB01CAM156N
2023-12-01,4.9475,CAD,IR3TIB01CAM156N
2024-01-01,4.948,CAD,IR3TIB01CAM156N
2024-02-01,4.935,CAD,IR3TIB01CAM156N
2024-03-01,4.905,CAD,IR3TIB01CAM156N
2024-04-01,4.925,CAD,IR3TIB01CAM156N
2024-05-01,4.868,CAD,IR3TIB01CAM156N
2024-06-01,4.6475,CAD,IR3TIB01CAM156N
2024-07-01,4.508,CAD,IR3TIB01CAM156N
2024-08-01,4.2325,CAD,IR3TIB01CAM156N
2024-09-01,4.0425,CAD,IR3TIB01CAM156N
2024-10-01,3.71,CAD,IR3TIB01CAM156N
2024-11-01,3.48,CAD,IR3TIB01CAM156N
2024-12-01,3.195,CAD,IR3TIB01CAM156N
2025-01-01,3.058,CAD,IR3TIB01CAM156N
2025-02-01,2.8425,CAD,IR3TIB01CAM156N
2025-03-01,2.66,CAD,IR3TIB01CAM156N
2025-04-01,2.622,CAD,IR3TIB01CAM156N
2025-05-01,2.6225,CAD,IR3TIB01CAM156N
2025-06-01,2.66,CAD,IR3TIB01CAM156N
2025-07-01,2.662,CAD,IR3TIB01CAM156N
2025-08-01,2.655,CAD,IR3TIB01CAM156N
2025-09-01,2.4925,CAD,IR3TIB01CAM156N
2025-10-01,2.334,CAD,IR3TIB01CAM156N
2025-11-01,2.185,CAD,IR3TIB01CAM156N
2025-12-01,2.164,CAD,IR3TIB01CAM156N
2026-01-01,2.19,CAD,IR3TIB01CAM156N
2026-02-01,2.1775,CAD,IR3TIB01CAM156N
2026-03-01,2.23,CAD,IR3TIB01CAM156N
2026-04-01,2.272,CAD,IR3TIB01CAM156N
2026-05-01,2.2925,CAD,IR3TIB01CAM156N
2026-06-01,2.2725,CAD,IR3TIB01CAM156N
1999-07-01,0.955,CHF,IR3TIB01CHM156N
1999-08-01,0.92453125,CHF,IR3TIB01CHM156N
1999-09-01,0.900516,CHF,IR3TIB01CHM156N
1999-10-01,1.8848,CHF,IR3TIB01CHM156N
1999-11-01,1.6871356,CHF,IR3TIB01CHM156N
1999-12-01,1.74320418181818,CHF,IR3TIB01CHM156N
2000-01-01,1.72924735,CHF,IR3TIB01CHM156N
2000-02-01,2.23797919047619,CHF,IR3TIB01CHM156N
2000-03-01,2.43072330434783,CHF,IR3TIB01CHM156N
2000-04-01,2.8121195,CHF,IR3TIB01CHM156N
2000-05-01,3.01037731818182,CHF,IR3TIB01CHM156N
2000-06-01,3.20290635,CHF,IR3TIB01CHM156N
2000-07-01,3.2905062857142906,CHF,IR3TIB01CHM156N
2000-08-01,3.30846527272727,CHF,IR3TIB01CHM156N
2000-09-01,3.3217070952381,CHF,IR3TIB01CHM156N
2000-10-01,3.34387236363636,CHF,IR3TIB01CHM156N
2000-11-01,3.3474689545454495,CHF,IR3TIB01CHM156N
2000-12-01,3.25550668421053,CHF,IR3TIB01CHM156N
2001-01-01,3.2539672857142894,CHF,IR3TIB01CHM156N
2001-02-01,3.34404575,CHF,IR3TIB01CHM156N
2001-03-01,3.26320313636364,CHF,IR3TIB01CHM156N
2001-04-01,3.12508536842105,CHF,IR3TIB01CHM156N
2001-05-01,3.0529099047619,CHF,IR3TIB01CHM156N
2001-06-01,3.10380645,CHF,IR3TIB01CHM156N
2001-07-01,3.12780690909091,CHF,IR3TIB01CHM156N
2001-08-01,3.07501459090909,CHF,IR3TIB01CHM156N
2001-09-01,2.66832555,CHF,IR3TIB01CHM156N
2001-10-01,2.0691543478260894,CHF,IR3TIB01CHM156N
2001-11-01,1.93803509090909,CHF,IR3TIB01CHM156N
2001-12-01,1.74428288888889,CHF,IR3TIB01CHM156N
2002-01-01,1.60372514285714,CHF,IR3TIB01CHM156N
2002-02-01,1.5666706,CHF,IR3TIB01CHM156N
2002-03-01,1.60416375,CHF,IR3TIB01CHM156N
2002-04-01,1.46064661904762,CHF,IR3TIB01CHM156N
2002-05-01,1.1634939,CHF,IR3TIB01CHM156N
2002-06-01,1.14959405,CHF,IR3TIB01CHM156N
2002-07-01,1.00306152173913,CHF,IR3TIB01CHM156N
2002-08-01,0.668342047619048,CHF,IR3TIB01CHM156N
2002-09-01,0.612999095238095,CHF,IR3TIB01CHM156N
2002-10-01,0.627853739130435,CHF,IR3TIB01CHM156N
2002-11-01,0.592497857142857,CHF,IR3TIB01CHM156N
2002-12-01,0.54338995,CHF,IR3TIB01CHM156N
2003-01-01,0.508735476190476,CHF,IR3TIB01CHM156N
2003-02-01,0.48923735,CHF,IR3TIB01CHM156N
2003-03-01,0.233193714285714,CHF,IR3TIB01CHM156N
2003-04-01,0.1737809,CHF,IR3TIB01CHM156N
2003-05-01,0.1585085,CHF,IR3TIB01CHM156N
2003-06-01,0.15839465,CHF,IR3TIB01CHM156N
2003-07-01,0.16359952173913,CHF,IR3TIB01CHM156N
2003-08-01,0.1508667,CHF,IR3TIB01CHM156N
2003-09-01,0.138722590909091,CHF,IR3TIB01CHM156N
2003-10-01,0.129131043478261,CHF,IR3TIB01CHM156N
2003-11-01,0.14283225,CHF,IR3TIB01CHM156N
2003-12-01,0.136828571428571,CHF,IR3TIB01CHM156N
2004-01-01,0.1284939,CHF,IR3TIB01CHM156N
2004-02-01,0.14803445,CHF,IR3TIB01CHM156N
2004-03-01,0.158294043478261,CHF,IR3TIB01CHM156N
2004-04-01,0.18674945,CHF,IR3TIB01CHM156N
2004-05-01,0.182353368421053,CHF,IR3TIB01CHM156N
2004-06-01,0.328464045454545,CHF,IR3TIB01CHM156N
2004-07-01,0.422401363636364,CHF,IR3TIB01CHM156N
2004-08-01,0.471912181818182,CHF,IR3TIB01CHM156N
2004-09-01,0.584377681818182,CHF,IR3TIB01CHM156N
2004-10-01,0.620791047619048,CHF,IR3TIB01CHM156N
2004-11-01,0.648511,CHF,IR3TIB01CHM156N
2004-12-01,0.649346863636364,CHF,IR3TIB01CHM156N
2005-01-01,0.651069238095238,CHF,IR3TIB01CHM156N
2005-02-01,0.6771861,CHF,IR3TIB01CHM156N
2005-03-01,0.666316238095238,CHF,IR3TIB01CHM156N
2005-04-01,0.67295219047619,CHF,IR3TIB01CHM156N
2005-05-01,0.67066215,CHF,IR3TIB01CHM156N
2005-06-01,0.672201227272727,CHF,IR3TIB01CHM156N
2005-07-01,0.666276380952381,CHF,IR3TIB01CHM156N
2005-08-01,0.675881090909091,CHF,IR3TIB01CHM156N
2005-09-01,0.674919636363636,CHF,IR3TIB01CHM156N
2005-10-01,0.722154380952381,CHF,IR3TIB01CHM156N
2005-11-01,0.865552090909091,CHF,IR3TIB01CHM156N
2005-12-01,0.9330752,CHF,IR3TIB01CHM156N
2006-01-01,0.924489476190476,CHF,IR3TIB01CHM156N
2006-02-01,0.9967605,CHF,IR3TIB01CHM156N
2006-03-01,1.11319943478261,CHF,IR3TIB01CHM156N
2006-04-01,1.17550216666667,CHF,IR3TIB01CHM156N
2006-05-01,1.30199257142857,CHF,IR3TIB01CHM156N
2006-06-01,1.37270757142857,CHF,IR3TIB01CHM156N
2006-07-01,1.42769528571429,CHF,IR3TIB01CHM156N
2006-08-01,1.52308863636364,CHF,IR3TIB01CHM156N
2006-09-01,1.643369,CHF,IR3TIB01CHM156N
2006-10-01,1.74738009090909,CHF,IR3TIB01CHM156N
2006-11-01,1.80596172727273,CHF,IR3TIB01CHM156N
2006-12-01,1.90840782352941,CHF,IR3TIB01CHM156N
2007-01-01,2.05046923809524,CHF,IR3TIB01CHM156N
2007-02-01,2.11132155,CHF,IR3TIB01CHM156N
2007-03-01,2.15987477272727,CHF,IR3TIB01CHM156N
2007-04-01,2.22386673684211,CHF,IR3TIB01CHM156N
2007-05-01,2.31683825,CHF,IR3TIB01CHM156N
2007-06-01,2.44371828571429,CHF,IR3TIB01CHM156N
2007-07-01,2.6117274090909106,CHF,IR3TIB01CHM156N
2007-08-01,2.60672072727273,CHF,IR3TIB01CHM156N
2007-09-01,2.49345425,CHF,IR3TIB01CHM156N
2007-10-01,2.45670126086957,CHF,IR3TIB01CHM156N
2007-11-01,2.29504331818182,CHF,IR3TIB01CHM156N
2007-12-01,2.34431588235294,CHF,IR3TIB01CHM156N
2008-01-01,2.28750271428571,CHF,IR3TIB01CHM156N
2008-02-01,2.41745680952381,CHF,IR3TIB01CHM156N
2008-03-01,2.28812894736842,CHF,IR3TIB01CHM156N
2008-04-01,2.18122622727273,CHF,IR3TIB01CHM156N
2008-05-01,2.0428156,CHF,IR3TIB01CHM156N
2008-06-01,2.1437270952381,CHF,IR3TIB01CHM156N
2008-07-01,2.20689582608696,CHF,IR3TIB01CHM156N
2008-08-01,2.1833859,CHF,IR3TIB01CHM156N
2008-09-01,2.124653,CHF,IR3TIB01CHM156N
2008-10-01,1.41079118181818,CHF,IR3TIB01CHM156N
2008-11-01,0.700317846153846,CHF,IR3TIB01CHM156N
2008-12-01,0.1075305,CHF,IR3TIB01CHM156N
2009-01-01,0.0938757,CHF,IR3TIB01CHM156N
2009-02-01,0.110002944444444,CHF,IR3TIB01CHM156N
2009-03-01,0.113013047619048,CHF,IR3TIB01CHM156N
2009-04-01,0.0902461818181818,CHF,IR3TIB01CHM156N
2009-05-01,0.0912780588235294,CHF,IR3TIB01CHM156N
2009-06-01,0.0871305263157895,CHF,IR3TIB01CHM156N
2009-07-01,0.0717845652173913,CHF,IR3TIB01CHM156N
2009-08-01,0.0738368095238095,CHF,IR3TIB01CHM156N
2009-09-01,0.073400380952381,CHF,IR3TIB01CHM156N
2009-10-01,0.0850033333333333,CHF,IR3TIB01CHM156N
2009-11-01,0.118535785714286,CHF,IR3TIB01CHM156N
2009-12-01,0.115619909090909,CHF,IR3TIB01CHM156N
2010-01-01,0.0903594,CHF,IR3TIB01CHM156N
2010-02-01,0.09874325,CHF,IR3TIB01CHM156N
2010-03-01,0.0957777272727273,CHF,IR3TIB01CHM156N
2010-04-01,0.0879435,CHF,IR3TIB01CHM156N
2010-05-01,0.08190975,CHF,IR3TIB01CHM156N
2010-06-01,0.11774075,CHF,IR3TIB01CHM156N
2010-07-01,0.18285119047619,CHF,IR3TIB01CHM156N
2010-08-01,0.20656935,CHF,IR3TIB01CHM156N
2010-09-01,0.213812095238095,CHF,IR3TIB01CHM156N
2010-10-01,0.24791775,CHF,IR3TIB01CHM156N
2010-11-01,0.18600105,CHF,IR3TIB01CHM156N
2010-12-01,0.191368111111111,CHF,IR3TIB01CHM156N
2011-01-01,0.15081019047619,CHF,IR3TIB01CHM156N
2011-02-01,0.13954275,CHF,IR3TIB01CHM156N
2011-03-01,0.155124173913043,CHF,IR3TIB01CHM156N
2011-04-01,0.139454111111111,CHF,IR3TIB01CHM156N
2011-05-01,0.119449863636364,CHF,IR3TIB01CHM156N
2011-06-01,0.10205965,CHF,IR3TIB01CHM156N
2011-07-01,0.0909554761904762,CHF,IR3TIB01CHM156N
2011-08-01,-0.0675968,CHF,IR3TIB01CHM156N
2011-09-01,-0.0610702727272727,CHF,IR3TIB01CHM156N
2011-10-01,-0.0933598947368421,CHF,IR3TIB01CHM156N
2011-11-01,-0.0653187,CHF,IR3TIB01CHM156N
2011-12-01,0.08,CHF,IR3TIB01CHM156N
2012-01-01,0.0402932857142857,CHF,IR3TIB01CHM156N
2012-02-01,0.0178765,CHF,IR3TIB01CHM156N
2012-03-01,0.05129925,CHF,IR3TIB01CHM156N
2012-04-01,0.0136988333333333,CHF,IR3TIB01CHM156N
2012-05-01,-0.0154980555555556,CHF,IR3TIB01CHM156N
2012-06-01,-0.0573110588235294,CHF,IR3TIB01CHM156N
2012-07-01,-0.173395066666667,CHF,IR3TIB01CHM156N
2012-08-01,-0.207230666666667,CHF,IR3TIB01CHM156N
2012-09-01,-0.150658058823529,CHF,IR3TIB01CHM156N
2012-10-01,-0.06339775,CHF,IR3TIB01CHM156N
2012-11-01,-0.144987368421053,CHF,IR3TIB01CHM156N
2012-12-01,-0.051343,CHF,IR3TIB01CHM156N
2013-01-01,-0.1080856,CHF,IR3TIB01CHM156N
2013-02-01,-0.0634238666666667,CHF,IR3TIB01CHM156N
2013-03-01,-0.0596407368421053,CHF,IR3TIB01CHM156N
2013-04-01,-0.0647253333333333,CHF,IR3TIB01CHM156N
2013-05-01,-0.05881175,CHF,IR3TIB01CHM156N
2013-06-01,-0.0602111052631579,CHF,IR3TIB01CHM156N
2013-07-01,-0.0558058260869565,CHF,IR3TIB01CHM156N
2013-08-01,-0.06065045,CHF,IR3TIB01CHM156N
2013-09-01,-0.0511073157894737,CHF,IR3TIB01CHM156N
2013-10-01,0.0159292,CHF,IR3TIB01CHM156N
2013-11-01,-0.0169540555555556,CHF,IR3TIB01CHM156N
2013-12-01,0.0174349166666667,CHF,IR3TIB01CHM156N
2014-01-01,-0.0433244,CHF,IR3TIB01CHM156N
2014-02-01,-0.04796675,CHF,IR3TIB01CHM156N
2014-03-01,-0.0400058571428571,CHF,IR3TIB01CHM156N
2014-04-01,-0.0292094,CHF,IR3TIB01CHM156N
2014-05-01,-0.03160255,CHF,IR3TIB01CHM156N
2014-06-01,-0.012441,CHF,IR3TIB01CHM156N
2014-07-01,0.0333333333333333,CHF,IR3TIB01CHM156N
2014-08-01,0.038,CHF,IR3TIB01CHM156N
2014-09-01,0.025,CHF,IR3TIB01CHM156N
2014-10-01,0.04,CHF,IR3TIB01CHM156N
2014-11-01,0.0414285714285714,CHF,IR3TIB01CHM156N
2014-12-01,0.040234375,CHF,IR3TIB01CHM156N
2015-01-01,-0.416666666666667,CHF,IR3TIB01CHM156N
2015-02-01,-0.675,CHF,IR3TIB01CHM156N
2015-03-01,-0.788842625,CHF,IR3TIB01CHM156N
2015-04-01,-0.685416666666667,CHF,IR3TIB01CHM156N
2015-05-01,-0.81541675,CHF,IR3TIB01CHM156N
2015-06-01,-0.767575833333333,CHF,IR3TIB01CHM156N
2015-07-01,-0.7443055,CHF,IR3TIB01CHM156N
2015-08-01,-0.78125,CHF,IR3TIB01CHM156N
2015-09-01,-0.756176166666667,CHF,IR3TIB01CHM156N
2015-10-01,-0.845,CHF,IR3TIB01CHM156N
2015-11-01,-0.680833,CHF,IR3TIB01CHM156N
2015-12-01,-0.740213833333333,CHF,IR3TIB01CHM156N
2016-01-01,-0.745873,CHF,IR3TIB01CHM156N
2016-02-01,-0.8886364,CHF,IR3TIB01CHM156N
2016-03-01,-0.774167,CHF,IR3TIB01CHM156N
2016-04-01,-0.746875,CHF,IR3TIB01CHM156N
2016-05-01,-0.765375,CHF,IR3TIB01CHM156N
2016-06-01,-0.718645,CHF,IR3TIB01CHM156N
2016-07-01,-0.77,CHF,IR3TIB01CHM156N
2016-08-01,-0.75,CHF,IR3TIB01CHM156N
2016-09-01,-0.75,CHF,IR3TIB01CHM156N
2016-10-01,-0.75,CHF,IR3TIB01CHM156N
2016-11-01,-0.76,CHF,IR3TIB01CHM156N
2016-12-01,-0.8,CHF,IR3TIB01CHM156N
2017-01-01,-0.93,CHF,IR3TIB01CHM156N
2017-02-01,-0.803778166666667,CHF,IR3TIB01CHM156N
2017-03-01,-0.815,CHF,IR3TIB01CHM156N
2017-04-01,-0.7901191,CHF,IR3TIB01CHM156N
2017-05-01,-0.89770825,CHF,IR3TIB01CHM156N
2017-06-01,-0.775,CHF,IR3TIB01CHM156N
2017-07-01,-0.805833333333333,CHF,IR3TIB01CHM156N
2017-08-01,-0.815,CHF,IR3TIB01CHM156N
2017-09-01,-0.84525,CHF,IR3TIB01CHM156N
2017-10-01,-0.925185222222222,CHF,IR3TIB01CHM156N
2017-11-01,-0.906642166666667,CHF,IR3TIB01CHM156N
2017-12-01,-0.864305555555556,CHF,IR3TIB01CHM156N
2018-01-01,-0.87154745,CHF,IR3TIB01CHM156N
2018-02-01,-0.8715625,CHF,IR3TIB01CHM156N
2018-03-01,-0.79524075,CHF,IR3TIB01CHM156N
2018-04-01,-0.80023515,CHF,IR3TIB01CHM156N
2018-05-01,-0.7861775,CHF,IR3TIB01CHM156N
2018-06-01,-0.790477142857143,CHF,IR3TIB01CHM156N
2018-07-01,-0.780435909090909,CHF,IR3TIB01CHM156N
2018-08-01,-0.777280909090909,CHF,IR3TIB01CHM156N
2018-09-01,-0.780283888888889,CHF,IR3TIB01CHM156N
2018-10-01,-0.831076428571429,CHF,IR3TIB01CHM156N
2018-11-01,-0.815,CHF,IR3TIB01CHM156N
2018-12-01,-0.776,CHF,IR3TIB01CHM156N
2019-01-01,-0.813503555555556,CHF,IR3TIB01CHM156N
2019-02-01,-0.768617571428571,CHF,IR3TIB01CHM156N
2019-03-01,-0.756575222222222,CHF,IR3TIB01CHM156N
2019-04-01,-0.7475,CHF,IR3TIB01CHM156N
2019-05-01,-0.7752625,CHF,IR3TIB01CHM156N
2019-06-01,-0.780555,CHF,IR3TIB01CHM156N
2019-07-01,-0.84,CHF,IR3TIB01CHM156N
2019-08-01,-0.8075,CHF,IR3TIB01CHM156N
2019-09-01,-0.79125,CHF,IR3TIB01CHM156N
2019-10-01,-0.756590909090909,CHF,IR3TIB01CHM156N
2019-11-01,-0.705643333333333,CHF,IR3TIB01CHM156N
2019-12-01,-0.736666666666667,CHF,IR3TIB01CHM156N
2020-01-01,-0.74875,CHF,IR3TIB01CHM156N
2020-02-01,-0.7164475,CHF,IR3TIB01CHM156N
2020-03-01,-0.675,CHF,IR3TIB01CHM156N
2020-04-01,-0.624583333333333,CHF,IR3TIB01CHM156N
2020-05-01,-0.663348888888889,CHF,IR3TIB01CHM156N
2020-06-01,-0.6658145,CHF,IR3TIB01CHM156N
2020-07-01,-0.69071347826087,CHF,IR3TIB01CHM156N
2020-08-01,-0.706807142857143,CHF,IR3TIB01CHM156N
2020-09-01,-0.708714090909091,CHF,IR3TIB01CHM156N
2020-10-01,-0.698181818181818,CHF,IR3TIB01CHM156N
2020-11-01,-0.73,CHF,IR3TIB01CHM156N
2020-12-01,-0.742727272727273,CHF,IR3TIB01CHM156N
2021-01-01,-0.729838,CHF,IR3TIB01CHM156N
2021-02-01,-0.732424,CHF,IR3TIB01CHM156N
2021-03-01,-0.73,CHF,IR3TIB01CHM156N
2021-04-01,-0.7285415,CHF,IR3TIB01CHM156N
2021-05-01,-0.735221052631579,CHF,IR3TIB01CHM156N
2021-06-01,-0.737727272727273,CHF,IR3TIB01CHM156N
2021-07-01,-0.736136363636364,CHF,IR3TIB01CHM156N
2021-08-01,-0.738181818181818,CHF,IR3TIB01CHM156N
2021-09-01,-0.82,CHF,IR3TIB01CHM156N
2021-10-01,-0.726692380952381,CHF,IR3TIB01CHM156N
2021-11-01,-0.693960909090909,CHF,IR3TIB01CHM156N
2021-12-01,-0.71745652173913,CHF,IR3TIB01CHM156N
2022-01-01,-0.714190952380952,CHF,IR3TIB01CHM156N
2022-02-01,-0.684792,CHF,IR3TIB01CHM156N
2022-03-01,-0.682174347826087,CHF,IR3TIB01CHM156N
2022-04-01,-0.6725,CHF,IR3TIB01CHM156N
2022-05-01,-0.685,CHF,IR3TIB01CHM156N
2022-06-01,-0.508571428571429,CHF,IR3TIB01CHM156N
2022-07-01,-0.11,CHF,IR3TIB01CHM156N
2022-08-01,-0.0245454545454545,CHF,IR3TIB01CHM156N
2022-09-01,0.1475,CHF,IR3TIB01CHM156N
2022-10-01,0.52875,CHF,IR3TIB01CHM156N
2022-11-01,0.54,CHF,IR3TIB01CHM156N
2022-12-01,0.736349047619048,CHF,IR3TIB01CHM156N
2023-01-01,0.986904761904762,CHF,IR3TIB01CHM156N
2023-02-01,1.0,CHF,IR3TIB01CHM156N
2023-03-01,1.36382260869565,CHF,IR3TIB01CHM156N
2023-04-01,1.45,CHF,IR3TIB01CHM156N
2023-05-01,1.45,CHF,IR3TIB01CHM156N
2023-06-01,1.59045454545455,CHF,IR3TIB01CHM156N
2023-07-01,1.72,CHF,IR3TIB01CHM156N
2023-08-01,1.76727272727273,CHF,IR3TIB01CHM156N
2023-09-01,1.77,CHF,IR3TIB01CHM156N
2023-10-01,1.77,CHF,IR3TIB01CHM156N
2023-11-01,1.73181818181818,CHF,IR3TIB01CHM156N
2023-12-01,1.6525,CHF,IR3TIB01CHM156N
2024-01-01,1.6852380952381,CHF,IR3TIB01CHM156N
2024-02-01,1.7,CHF,IR3TIB01CHM156N
2024-03-01,1.5,CHF,IR3TIB01CHM156N
2024-04-01,1.5,CHF,IR3TIB01CHM156N
2024-05-01,1.5,CHF,IR3TIB01CHM156N
2024-06-01,1.427,CHF,IR3TIB01CHM156N
2024-07-01,1.19347826086957,CHF,IR3TIB01CHM156N
2024-08-01,1.06647238095238,CHF,IR3TIB01CHM156N
2024-09-01,1.02214285714286,CHF,IR3TIB01CHM156N
2024-10-01,0.894492608695652,CHF,IR3TIB01CHM156N
2024-11-01,0.806508095238095,CHF,IR3TIB01CHM156N
2024-12-01,0.60075,CHF,IR3TIB01CHM156N
2025-01-01,0.408095238095238,CHF,IR3TIB01CHM156N
2025-02-01,0.37125,CHF,IR3TIB01CHM156N
2025-03-01,0.312911904761905,CHF,IR3TIB01CHM156N
2025-04-01,0.15585,CHF,IR3TIB01CHM156N
2025-05-01,0.092,CHF,IR3TIB01CHM156N
2025-06-01,0.039603,CHF,IR3TIB01CHM156N
2025-07-01,-0.0406521739130435,CHF,IR3TIB01CHM156N
2025-08-01,-0.0615,CHF,IR3TIB01CHM156N
2025-09-01,-0.0596968181818182,CHF,IR3TIB01CHM156N
2025-10-01,-0.0643113043478261,CHF,IR3TIB01CHM156N
2025-11-01,-0.0475,CHF,IR3TIB01CHM156N
2025-12-01,-0.0482128571428571,CHF,IR3TIB01CHM156N
2026-01-01,-0.0388865,CHF,IR3TIB01CHM156N
2026-02-01,-0.0435,CHF,IR3TIB01CHM156N
2026-03-01,-0.0411959090909091,CHF,IR3TIB01CHM156N
2026-04-01,-0.0398335,CHF,IR3TIB01CHM156N
2026-05-01,-0.0394444444444444,CHF,IR3TIB01CHM156N
2026-06-01,-0.045,CHF,IR3TIB01CHM156N
1973-12-01,7.88,NZD,IR3TIB01NZM156N
1974-01-01,8.38,NZD,IR3TIB01NZM156N
1974-02-01,8.75,NZD,IR3TIB01NZM156N
1974-03-01,9.0,NZD,IR3TIB01NZM156N
1974-04-01,9.0,NZD,IR3TIB01NZM156N
1974-05-01,9.13,NZD,IR3TIB01NZM156N
1974-06-01,9.41,NZD,IR3TIB01NZM156N
1974-07-01,10.0,NZD,IR3TIB01NZM156N
1974-08-01,11.25,NZD,IR3TIB01NZM156N
1974-09-01,12.38,NZD,IR3TIB01NZM156N
1974-10-01,13.75,NZD,IR3TIB01NZM156N
1974-11-01,12.75,NZD,IR3TIB01NZM156N
1974-12-01,11.0,NZD,IR3TIB01NZM156N
1975-01-01,9.75,NZD,IR3TIB01NZM156N
1975-02-01,9.88,NZD,IR3TIB01NZM156N
1975-03-01,11.0,NZD,IR3TIB01NZM156N
1975-04-01,9.25,NZD,IR3TIB01NZM156N
1975-05-01,8.25,NZD,IR3TIB01NZM156N
1975-06-01,8.0,NZD,IR3TIB01NZM156N
1975-07-01,7.0,NZD,IR3TIB01NZM156N
1975-08-01,7.13,NZD,IR3TIB01NZM156N
1975-09-01,7.63,NZD,IR3TIB01NZM156N
1975-10-01,7.25,NZD,IR3TIB01NZM156N
1975-11-01,7.13,NZD,IR3TIB01NZM156N
1975-12-01,7.18,NZD,IR3TIB01NZM156N
1976-01-01,6.25,NZD,IR3TIB01NZM156N
1976-02-01,7.38,NZD,IR3TIB01NZM156N
1976-03-01,8.25,NZD,IR3TIB01NZM156N
1976-04-01,8.13,NZD,IR3TIB01NZM156N
1976-05-01,7.75,NZD,IR3TIB01NZM156N
1976-06-01,7.25,NZD,IR3TIB01NZM156N
1976-07-01,8.4,NZD,IR3TIB01NZM156N
1976-08-01,8.45,NZD,IR3TIB01NZM156N
1976-09-01,9.75,NZD,IR3TIB01NZM156N
1976-10-01,9.63,NZD,IR3TIB01NZM156N
1976-11-01,9.25,NZD,IR3TIB01NZM156N
1976-12-01,10.38,NZD,IR3TIB01NZM156N
1977-01-01,12.0,NZD,IR3TIB01NZM156N
1977-02-01,13.13,NZD,IR3TIB01NZM156N
1977-03-01,15.0,NZD,IR3TIB01NZM156N
1977-04-01,14.5,NZD,IR3TIB01NZM156N
1977-05-01,14.63,NZD,IR3TIB01NZM156N
1977-06-01,13.5,NZD,IR3TIB01NZM156N
1977-07-01,14.3,NZD,IR3TIB01NZM156N
1977-08-01,15.63,NZD,IR3TIB01NZM156N
1977-09-01,14.25,NZD,IR3TIB01NZM156N
1977-10-01,13.75,NZD,IR3TIB01NZM156N
1977-11-01,12.13,NZD,IR3TIB01NZM156N
1977-12-01,11.5,NZD,IR3TIB01NZM156N
1978-01-01,11.5,NZD,IR3TIB01NZM156N
1978-02-01,12.13,NZD,IR3TIB01NZM156N
1978-03-01,12.13,NZD,IR3TIB01NZM156N
1978-04-01,11.5,NZD,IR3TIB01NZM156N
1978-05-01,11.0,NZD,IR3TIB01NZM156N
1978-06-01,10.25,NZD,IR3TIB01NZM156N
1978-07-01,10.0,NZD,IR3TIB01NZM156N
1978-08-01,10.2,NZD,IR3TIB01NZM156N
1978-09-01,10.25,NZD,IR3TIB01NZM156N
1978-10-01,10.5,NZD,IR3TIB01NZM156N
1978-11-01,10.62,NZD,IR3TIB01NZM156N
1978-12-01,11.63,NZD,IR3TIB01NZM156N
1979-01-01,12.38,NZD,IR3TIB01NZM156N
1979-02-01,12.87,NZD,IR3TIB01NZM156N
1979-03-01,13.12,NZD,IR3TIB01NZM156N
1979-04-01,14.25,NZD,IR3TIB01NZM156N
1979-05-01,14.5,NZD,IR3TIB01NZM156N
1979-06-01,14.5,NZD,IR3TIB01NZM156N
1979-07-01,14.93,NZD,IR3TIB01NZM156N
1979-08-01,14.93,NZD,IR3TIB01NZM156N
1979-09-01,15.45,NZD,IR3TIB01NZM156N
1979-10-01,16.07,NZD,IR3TIB01NZM156N
1979-11-01,16.2,NZD,IR3TIB01NZM156N
1979-12-01,16.32,NZD,IR3TIB01NZM156N
1980-01-01,15.82,NZD,IR3TIB01NZM156N
1980-02-01,15.82,NZD,IR3TIB01NZM156N
1980-03-01,15.55,NZD,IR3TIB01NZM156N
1980-04-01,14.92,NZD,IR3TIB01NZM156N
1980-05-01,14.25,NZD,IR3TIB01NZM156N
1980-06-01,13.25,NZD,IR3TIB01NZM156N
1980-07-01,13.27,NZD,IR3TIB01NZM156N
1980-08-01,13.37,NZD,IR3TIB01NZM156N
1980-09-01,13.85,NZD,IR3TIB01NZM156N
1980-10-01,13.95,NZD,IR3TIB01NZM156N
1980-11-01,14.05,NZD,IR3TIB01NZM156N
1980-12-01,14.3,NZD,IR3TIB01NZM156N
1981-01-01,14.22,NZD,IR3TIB01NZM156N
1981-02-01,14.8,NZD,IR3TIB01NZM156N
1981-03-01,15.15,NZD,IR3TIB01NZM156N
1981-04-01,15.02,NZD,IR3TIB01NZM156N
1981-05-01,14.3,NZD,IR3TIB01NZM156N
1981-06-01,14.15,NZD,IR3TIB01NZM156N
1981-07-01,15.25,NZD,IR3TIB01NZM156N
1981-08-01,15.8,NZD,IR3TIB01NZM156N
1981-09-01,15.9,NZD,IR3TIB01NZM156N
1981-10-01,16.4,NZD,IR3TIB01NZM156N
1981-11-01,16.25,NZD,IR3TIB01NZM156N
1981-12-01,15.85,NZD,IR3TIB01NZM156N
1982-01-01,16.62,NZD,IR3TIB01NZM156N
1982-02-01,17.0,NZD,IR3TIB01NZM156N
1982-03-01,17.87,NZD,IR3TIB01NZM156N
1982-04-01,18.0,NZD,IR3TIB01NZM156N
1982-05-01,16.63,NZD,IR3TIB01NZM156N
1982-06-01,16.63,NZD,IR3TIB01NZM156N
1982-07-01,16.63,NZD,IR3TIB01NZM156N
1982-08-01,16.63,NZD,IR3TIB01NZM156N
1982-09-01,17.1,NZD,IR3TIB01NZM156N
1982-10-01,17.42,NZD,IR3TIB01NZM156N
1982-11-01,17.13,NZD,IR3TIB01NZM156N
1982-12-01,16.43,NZD,IR3TIB01NZM156N
1983-01-01,15.35,NZD,IR3TIB01NZM156N
1983-02-01,14.5,NZD,IR3TIB01NZM156N
1983-03-01,14.05,NZD,IR3TIB01NZM156N
1983-04-01,14.45,NZD,IR3TIB01NZM156N
1983-05-01,15.5,NZD,IR3TIB01NZM156N
1983-06-01,14.5,NZD,IR3TIB01NZM156N
1983-07-01,12.75,NZD,IR3TIB01NZM156N
1983-08-01,11.27,NZD,IR3TIB01NZM156N
1983-09-01,10.12,NZD,IR3TIB01NZM156N
1983-10-01,11.12,NZD,IR3TIB01NZM156N
1983-11-01,11.55,NZD,IR3TIB01NZM156N
1983-12-01,11.87,NZD,IR3TIB01NZM156N
1984-01-01,13.5,NZD,IR3TIB01NZM156N
1984-02-01,13.88,NZD,IR3TIB01NZM156N
1984-03-01,13.25,NZD,IR3TIB01NZM156N
1984-04-01,14.1,NZD,IR3TIB01NZM156N
1984-05-01,14.25,NZD,IR3TIB01NZM156N
1984-06-01,16.0,NZD,IR3TIB01NZM156N
1984-07-01,15.38,NZD,IR3TIB01NZM156N
1984-08-01,15.25,NZD,IR3TIB01NZM156N
1984-09-01,16.02,NZD,IR3TIB01NZM156N
1984-10-01,17.6,NZD,IR3TIB01NZM156N
1984-11-01,15.79,NZD,IR3TIB01NZM156N
1984-12-01,15.25,NZD,IR3TIB01NZM156N
1985-01-01,17.31,NZD,IR3TIB01NZM156N
1985-02-01,20.27,NZD,IR3TIB01NZM156N
1985-03-01,26.47,NZD,IR3TIB01NZM156N
1985-04-01,22.07,NZD,IR3TIB01NZM156N
1985-05-01,24.25,NZD,IR3TIB01NZM156N
1985-06-01,23.73,NZD,IR3TIB01NZM156N
1985-07-01,24.02,NZD,IR3TIB01NZM156N
1985-08-01,26.13,NZD,IR3TIB01NZM156N
1985-09-01,27.2,NZD,IR3TIB01NZM156N
1985-10-01,26.57,NZD,IR3TIB01NZM156N
1985-11-01,22.03,NZD,IR3TIB01NZM156N
1985-12-01,19.61,NZD,IR3TIB01NZM156N
1986-01-01,22.26,NZD,IR3TIB01NZM156N
1986-02-01,23.52,NZD,IR3TIB01NZM156N
1986-03-01,22.39,NZD,IR3TIB01NZM156N
1986-04-01,21.54,NZD,IR3TIB01NZM156N
1986-05-01,17.77,NZD,IR3TIB01NZM156N
1986-06-01,15.31,NZD,IR3TIB01NZM156N
1986-07-01,16.45,NZD,IR3TIB01NZM156N
1986-08-01,16.49,NZD,IR3TIB01NZM156N
1986-09-01,16.03,NZD,IR3TIB01NZM156N
1986-10-01,16.28,NZD,IR3TIB01NZM156N
1986-11-01,18.19,NZD,IR3TIB01NZM156N
1986-12-01,22.67,NZD,IR3TIB01NZM156N
1987-01-01,23.51,NZD,IR3TIB01NZM156N
1987-02-01,25.23,NZD,IR3TIB01NZM156N
1987-03-01,26.06,NZD,IR3TIB01NZM156N
1987-04-01,26.35,NZD,IR3TIB01NZM156N
1987-05-01,22.51,NZD,IR3TIB01NZM156N
1987-06-01,19.22,NZD,IR3TIB01NZM156N
1987-07-01,18.46,NZD,IR3TIB01NZM156N
1987-08-01,18.1,NZD,IR3TIB01NZM156N
1987-09-01,19.09,NZD,IR3TIB01NZM156N
1987-10-01,19.77,NZD,IR3TIB01NZM156N
1987-11-01,18.21,NZD,IR3TIB01NZM156N
1987-12-01,16.81,NZD,IR3TIB01NZM156N
1988-01-01,16.97,NZD,IR3TIB01NZM156N
1988-02-01,16.76,NZD,IR3TIB01NZM156N
1988-03-01,15.99,NZD,IR3TIB01NZM156N
1988-04-01,15.9,NZD,IR3TIB01NZM156N
1988-05-01,16.21,NZD,IR3TIB01NZM156N
1988-06-01,15.86,NZD,IR3TIB01NZM156N
1988-07-01,14.99,NZD,IR3TIB01NZM156N
1988-08-01,14.5,NZD,IR3TIB01NZM156N
1988-09-01,14.42,NZD,IR3TIB01NZM156N
1988-10-01,14.26,NZD,IR3TIB01NZM156N
1988-11-01,14.34,NZD,IR3TIB01NZM156N
1988-12-01,14.51,NZD,IR3TIB01NZM156N
1989-01-01,13.8,NZD,IR3TIB01NZM156N
1989-02-01,13.4,NZD,IR3TIB01NZM156N
1989-03-01,13.32,NZD,IR3TIB01NZM156N
1989-04-01,13.34,NZD,IR3TIB01NZM156N
1989-05-01,13.49,NZD,IR3TIB01NZM156N
1989-06-01,13.52,NZD,IR3TIB01NZM156N
1989-07-01,13.4,NZD,IR3TIB01NZM156N
1989-08-01,12.98,NZD,IR3TIB01NZM156N
1989-09-01,13.42,NZD,IR3TIB01NZM156N
1989-10-01,13.85,NZD,IR3TIB01NZM156N
1989-11-01,13.88,NZD,IR3TIB01NZM156N
1989-12-01,14.07,NZD,IR3TIB01NZM156N
1990-01-01,13.9,NZD,IR3TIB01NZM156N
1990-02-01,13.83,NZD,IR3TIB01NZM156N
1990-03-01,13.69,NZD,IR3TIB01NZM156N
1990-04-01,13.59,NZD,IR3TIB01NZM156N
1990-05-01,13.48,NZD,IR3TIB01NZM156N
1990-06-01,13.82,NZD,IR3TIB01NZM156N
1990-07-01,13.74,NZD,IR3TIB01NZM156N
1990-08-01,14.49,NZD,IR3TIB01NZM156N
1990-09-01,14.63,NZD,IR3TIB01NZM156N
1990-10-01,14.53,NZD,IR3TIB01NZM156N
1990-11-01,13.98,NZD,IR3TIB01NZM156N
1990-12-01,13.03,NZD,IR3TIB01NZM156N
1991-01-01,12.37,NZD,IR3TIB01NZM156N
1991-02-01,11.95,NZD,IR3TIB01NZM156N
1991-03-01,11.95,NZD,IR3TIB01NZM156N
1991-04-01,11.35,NZD,IR3TIB01NZM156N
1991-05-01,10.08,NZD,IR3TIB01NZM156N
1991-06-01,9.85,NZD,IR3TIB01NZM156N
1991-07-01,9.65,NZD,IR3TIB01NZM156N
1991-08-01,9.44,NZD,IR3TIB01NZM156N
1991-09-01,8.9,NZD,IR3TIB01NZM156N
1991-10-01,8.04,NZD,IR3TIB01NZM156N
1991-11-01,8.18,NZD,IR3TIB01NZM156N
1991-12-01,7.83,NZD,IR3TIB01NZM156N
1992-01-01,7.43,NZD,IR3TIB01NZM156N
1992-02-01,7.48,NZD,IR3TIB01NZM156N
1992-03-01,7.34,NZD,IR3TIB01NZM156N
1992-04-01,7.07,NZD,IR3TIB01NZM156N
1992-05-01,6.83,NZD,IR3TIB01NZM156N
1992-06-01,6.77,NZD,IR3TIB01NZM156N
1992-07-01,6.18,NZD,IR3TIB01NZM156N
1992-08-01,6.14,NZD,IR3TIB01NZM156N
1992-09-01,6.26,NZD,IR3TIB01NZM156N
1992-10-01,6.23,NZD,IR3TIB01NZM156N
1992-11-01,6.16,NZD,IR3TIB01NZM156N
1992-12-01,6.87,NZD,IR3TIB01NZM156N
1993-01-01,7.87,NZD,IR3TIB01NZM156N
1993-02-01,7.53,NZD,IR3TIB01NZM156N
1993-03-01,7.24,NZD,IR3TIB01NZM156N
1993-04-01,7.15,NZD,IR3TIB01NZM156N
1993-05-01,6.58,NZD,IR3TIB01NZM156N
1993-06-01,6.42,NZD,IR3TIB01NZM156N
1993-07-01,5.7,NZD,IR3TIB01NZM156N
1993-08-01,5.62,NZD,IR3TIB01NZM156N
1993-09-01,5.3,NZD,IR3TIB01NZM156N
1993-10-01,5.45,NZD,IR3TIB01NZM156N
1993-11-01,5.85,NZD,IR3TIB01NZM156N
1993-12-01,5.25,NZD,IR3TIB01NZM156N
1994-01-01,4.66,NZD,IR3TIB01NZM156N
1994-02-01,4.64,NZD,IR3TIB01NZM156N
1994-03-01,5.43,NZD,IR3TIB01NZM156N
1994-04-01,6.39,NZD,IR3TIB01NZM156N
1994-05-01,5.99,NZD,IR3TIB01NZM156N
1994-06-01,6.07,NZD,IR3TIB01NZM156N
1994-07-01,7.08,NZD,IR3TIB01NZM156N
1994-08-01,7.06,NZD,IR3TIB01NZM156N
1994-09-01,7.49,NZD,IR3TIB01NZM156N
1994-10-01,8.01,NZD,IR3TIB01NZM156N
1994-11-01,8.47,NZD,IR3TIB01NZM156N
1994-12-01,9.53,NZD,IR3TIB01NZM156N
1995-01-01,9.29,NZD,IR3TIB01NZM156N
1995-02-01,9.37,NZD,IR3TIB01NZM156N
1995-03-01,9.42,NZD,IR3TIB01NZM156N
1995-04-01,9.23,NZD,IR3TIB01NZM156N
1995-05-01,9.1,NZD,IR3TIB01NZM156N
1995-06-01,9.04,NZD,IR3TIB01NZM156N
1995-07-01,8.84,NZD,IR3TIB01NZM156N
1995-08-01,9.03,NZD,IR3TIB01NZM156N
1995-09-01,9.22,NZD,IR3TIB01NZM156N
1995-10-01,8.69,NZD,IR3TIB01NZM156N
1995-11-01,8.31,NZD,IR3TIB01NZM156N
1995-12-01,8.56,NZD,IR3TIB01NZM156N
1996-01-01,8.61,NZD,IR3TIB01NZM156N
1996-02-01,8.51,NZD,IR3TIB01NZM156N
1996-03-01,8.86,NZD,IR3TIB01NZM156N
1996-04-01,9.22,NZD,IR3TIB01NZM156N
1996-05-01,9.82,NZD,IR3TIB01NZM156N
1996-06-01,10.04,NZD,IR3TIB01NZM156N
1996-07-01,10.12,NZD,IR3TIB01NZM156N
1996-08-01,9.87,NZD,IR3TIB01NZM156N
1996-09-01,9.9,NZD,IR3TIB01NZM156N
1996-10-01,9.61,NZD,IR3TIB01NZM156N
1996-11-01,8.97,NZD,IR3TIB01NZM156N
1996-12-01,8.08,NZD,IR3TIB01NZM156N
1997-01-01,7.55,NZD,IR3TIB01NZM156N
1997-02-01,7.46,NZD,IR3TIB01NZM156N
1997-03-01,7.58,NZD,IR3TIB01NZM156N
1997-04-01,7.49,NZD,IR3TIB01NZM156N
1997-05-01,7.02,NZD,IR3TIB01NZM156N
1997-06-01,6.96,NZD,IR3TIB01NZM156N
1997-07-01,7.79,NZD,IR3TIB01NZM156N
1997-08-01,8.34,NZD,IR3TIB01NZM156N
1997-09-01,8.06,NZD,IR3TIB01NZM156N
1997-10-01,7.76,NZD,IR3TIB01NZM156N
1997-11-01,7.6,NZD,IR3TIB01NZM156N
1997-12-01,8.3,NZD,IR3TIB01NZM156N
1998-01-01,8.89,NZD,IR3TIB01NZM156N
1998-02-01,8.95,NZD,IR3TIB01NZM156N
1998-03-01,9.0,NZD,IR3TIB01NZM156N
1998-04-01,9.26,NZD,IR3TIB01NZM156N
1998-05-01,8.88,NZD,IR3TIB01NZM156N
1998-06-01,9.15,NZD,IR3TIB01NZM156N
1998-07-01,7.75,NZD,IR3TIB01NZM156N
1998-08-01,6.79,NZD,IR3TIB01NZM156N
1998-09-01,5.79,NZD,IR3TIB01NZM156N
1998-10-01,4.85,NZD,IR3TIB01NZM156N
1998-11-01,4.5,NZD,IR3TIB01NZM156N
1998-12-01,4.38,NZD,IR3TIB01NZM156N
1999-01-01,4.47,NZD,IR3TIB01NZM156N
1999-02-01,4.3,NZD,IR3TIB01NZM156N
1999-03-01,4.59,NZD,IR3TIB01NZM156N
1999-04-01,4.64,NZD,IR3TIB01NZM156N
1999-05-01,4.67,NZD,IR3TIB01NZM156N
1999-06-01,4.74,NZD,IR3TIB01NZM156N
1999-07-01,4.72,NZD,IR3TIB01NZM156N
1999-08-01,4.77,NZD,IR3TIB01NZM156N
1999-09-01,4.94,NZD,IR3TIB01NZM156N
1999-10-01,5.1,NZD,IR3TIB01NZM156N
1999-11-01,5.35,NZD,IR3TIB01NZM156N
1999-12-01,5.67,NZD,IR3TIB01NZM156N
2000-01-01,5.68,NZD,IR3TIB01NZM156N
2000-02-01,5.93,NZD,IR3TIB01NZM156N
2000-03-01,6.26,NZD,IR3TIB01NZM156N
2000-04-01,6.49,NZD,IR3TIB01NZM156N
2000-05-01,6.77,NZD,IR3TIB01NZM156N
2000-06-01,6.88,NZD,IR3TIB01NZM156N
2000-07-01,6.83,NZD,IR3TIB01NZM156N
2000-08-01,6.74,NZD,IR3TIB01NZM156N
2000-09-01,6.66,NZD,IR3TIB01NZM156N
2000-10-01,6.65,NZD,IR3TIB01NZM156N
2000-11-01,6.64,NZD,IR3TIB01NZM156N
2000-12-01,6.71,NZD,IR3TIB01NZM156N
2001-01-01,6.53,NZD,IR3TIB01NZM156N
2001-02-01,6.48,NZD,IR3TIB01NZM156N
2001-03-01,6.25,NZD,IR3TIB01NZM156N
2001-04-01,5.97,NZD,IR3TIB01NZM156N
2001-05-01,5.79,NZD,IR3TIB01NZM156N
2001-06-01,5.82,NZD,IR3TIB01NZM156N
2001-07-01,5.79,NZD,IR3TIB01NZM156N
2001-08-01,5.83,NZD,IR3TIB01NZM156N
2001-09-01,5.57,NZD,IR3TIB01NZM156N
2001-10-01,5.15,NZD,IR3TIB01NZM156N
2001-11-01,4.87,NZD,IR3TIB01NZM156N
2001-12-01,4.86,NZD,IR3TIB01NZM156N
2002-01-01,4.86,NZD,IR3TIB01NZM156N
2002-02-01,4.93,NZD,IR3TIB01NZM156N
2002-03-01,5.31,NZD,IR3TIB01NZM156N
2002-04-01,5.68,NZD,IR3TIB01NZM156N
2002-05-01,5.83,NZD,IR3TIB01NZM156N
2002-06-01,5.96,NZD,IR3TIB01NZM156N
2002-07-01,6.0,NZD,IR3TIB01NZM156N
2002-08-01,5.87,NZD,IR3TIB01NZM156N
2002-09-01,5.86,NZD,IR3TIB01NZM156N
2002-10-01,5.88,NZD,IR3TIB01NZM156N
2002-11-01,5.9,NZD,IR3TIB01NZM156N
2002-12-01,5.92,NZD,IR3TIB01NZM156N
2003-01-01,5.86,NZD,IR3TIB01NZM156N
2003-02-01,5.82,NZD,IR3TIB01NZM156N
2003-03-01,5.81,NZD,IR3TIB01NZM156N
2003-04-01,5.73,NZD,IR3TIB01NZM156N
2003-05-01,5.38,NZD,IR3TIB01NZM156N
2003-06-01,5.23,NZD,IR3TIB01NZM156N
2003-07-01,5.11,NZD,IR3TIB01NZM156N
2003-08-01,5.11,NZD,IR3TIB01NZM156N
2003-09-01,5.15,NZD,IR3TIB01NZM156N
2003-10-01,5.19,NZD,IR3TIB01NZM156N
2003-11-01,5.37,NZD,IR3TIB01NZM156N
2003-12-01,5.32,NZD,IR3TIB01NZM156N
2004-01-01,5.35,NZD,IR3TIB01NZM156N
2004-02-01,5.59,NZD,IR3TIB01NZM156N
2004-03-01,5.54,NZD,IR3TIB01NZM156N
2004-04-01,5.59,NZD,IR3TIB01NZM156N
2004-05-01,5.9,NZD,IR3TIB01NZM156N
2004-06-01,6.07,NZD,IR3TIB01NZM156N
2004-07-01,6.25,NZD,IR3TIB01NZM156N
2004-08-01,6.44,NZD,IR3TIB01NZM156N
2004-09-01,6.64,NZD,IR3TIB01NZM156N
2004-10-01,6.75,NZD,IR3TIB01NZM156N
2004-11-01,6.72,NZD,IR3TIB01NZM156N
2004-12-01,6.71,NZD,IR3TIB01NZM156N
2005-01-01,6.76,NZD,IR3TIB01NZM156N
2005-02-01,6.83,NZD,IR3TIB01NZM156N
2005-03-01,6.99,NZD,IR3TIB01NZM156N
2005-04-01,7.05,NZD,IR3TIB01NZM156N
2005-05-01,7.05,NZD,IR3TIB01NZM156N
2005-06-01,7.03,NZD,IR3TIB01NZM156N
2005-07-01,7.03,NZD,IR3TIB01NZM156N
2005-08-01,7.03,NZD,IR3TIB01NZM156N
2005-09-01,7.09,NZD,IR3TIB01NZM156N
2005-10-01,7.28,NZD,IR3TIB01NZM156N
2005-11-01,7.54,NZD,IR3TIB01NZM156N
2005-12-01,7.66,NZD,IR3TIB01NZM156N
2006-01-01,7.64,NZD,IR3TIB01NZM156N
2006-02-01,7.53,NZD,IR3TIB01NZM156N
2006-03-01,7.49,NZD,IR3TIB01NZM156N
2006-04-01,7.47,NZD,IR3TIB01NZM156N
2006-05-01,7.49,NZD,IR3TIB01NZM156N
2006-06-01,7.47,NZD,IR3TIB01NZM156N
2006-07-01,7.48,NZD,IR3TIB01NZM156N
2006-08-01,7.49,NZD,IR3TIB01NZM156N
2006-09-01,7.56,NZD,IR3TIB01NZM156N
2006-10-01,7.66,NZD,IR3TIB01NZM156N
2006-11-01,7.61,NZD,IR3TIB01NZM156N
2006-12-01,7.66,NZD,IR3TIB01NZM156N
2007-01-01,7.7,NZD,IR3TIB01NZM156N
2007-02-01,7.75,NZD,IR3TIB01NZM156N
2007-03-01,7.88,NZD,IR3TIB01NZM156N
2007-04-01,7.98,NZD,IR3TIB01NZM156N
2007-05-01,8.09,NZD,IR3TIB01NZM156N
2007-06-01,8.32,NZD,IR3TIB01NZM156N
2007-07-01,8.44,NZD,IR3TIB01NZM156N
2007-08-01,8.72,NZD,IR3TIB01NZM156N
2007-09-01,8.81,NZD,IR3TIB01NZM156N
2007-10-01,8.68,NZD,IR3TIB01NZM156N
2007-11-01,8.73,NZD,IR3TIB01NZM156N
2007-12-01,8.9,NZD,IR3TIB01NZM156N
2008-01-01,8.75,NZD,IR3TIB01NZM156N
2008-02-01,8.82,NZD,IR3TIB01NZM156N
2008-03-01,8.91,NZD,IR3TIB01NZM156N
2008-04-01,8.87,NZD,IR3TIB01NZM156N
2008-05-01,8.71,NZD,IR3TIB01NZM156N
2008-06-01,8.68,NZD,IR3TIB01NZM156N
2008-07-01,8.46,NZD,IR3TIB01NZM156N
2008-08-01,8.2,NZD,IR3TIB01NZM156N
2008-09-01,7.95,NZD,IR3TIB01NZM156N
2008-10-01,7.43,NZD,IR3TIB01NZM156N
2008-11-01,6.25,NZD,IR3TIB01NZM156N
2008-12-01,5.23,NZD,IR3TIB01NZM156N
2009-01-01,4.38,NZD,IR3TIB01NZM156N
2009-02-01,3.4,NZD,IR3TIB01NZM156N
2009-03-01,3.24,NZD,IR3TIB01NZM156N
2009-04-01,3.12,NZD,IR3TIB01NZM156N
2009-05-01,2.82,NZD,IR3TIB01NZM156N
2009-06-01,2.78,NZD,IR3TIB01NZM156N
2009-07-01,2.79,NZD,IR3TIB01NZM156N
2009-08-01,2.76,NZD,IR3TIB01NZM156N
2009-09-01,2.77,NZD,IR3TIB01NZM156N
2009-10-01,2.79,NZD,IR3TIB01NZM156N
2009-11-01,2.8,NZD,IR3TIB01NZM156N
2009-12-01,2.78,NZD,IR3TIB01NZM156N
2010-01-01,2.78,NZD,IR3TIB01NZM156N
2010-02-01,2.73,NZD,IR3TIB01NZM156N
2010-03-01,2.67,NZD,IR3TIB01NZM156N
2010-04-01,2.69,NZD,IR3TIB01NZM156N
2010-05-01,2.89,NZD,IR3TIB01NZM156N
2010-06-01,3.07,NZD,IR3TIB01NZM156N
2010-07-01,3.23,NZD,IR3TIB01NZM156N
2010-08-01,3.25,NZD,IR3TIB01NZM156N
2010-09-01,3.18,NZD,IR3TIB01NZM156N
2010-10-01,3.18,NZD,IR3TIB01NZM156N
2010-11-01,3.17,NZD,IR3TIB01NZM156N
2010-12-01,3.17,NZD,IR3TIB01NZM156N
2011-01-01,3.19,NZD,IR3TIB01NZM156N
2011-02-01,3.13,NZD,IR3TIB01NZM156N
2011-03-01,2.69,NZD,IR3TIB01NZM156N
2011-04-01,2.65,NZD,IR3TIB01NZM156N
2011-05-01,2.66,NZD,IR3TIB01NZM156N
2011-06-01,2.65,NZD,IR3TIB01NZM156N
2011-07-01,2.71,NZD,IR3TIB01NZM156N
2011-08-01,2.9,NZD,IR3TIB01NZM156N
2011-09-01,2.88,NZD,IR3TIB01NZM156N
2011-10-01,2.76,NZD,IR3TIB01NZM156N
2011-11-01,2.69,NZD,IR3TIB01NZM156N
2011-12-01,2.69,NZD,IR3TIB01NZM156N
2012-01-01,2.74,NZD,IR3TIB01NZM156N
2012-02-01,2.75,NZD,IR3TIB01NZM156N
2012-03-01,2.74,NZD,IR3TIB01NZM156N
2012-04-01,2.74,NZD,IR3TIB01NZM156N
2012-05-01,2.59,NZD,IR3TIB01NZM156N
2012-06-01,2.61,NZD,IR3TIB01NZM156N
2012-07-01,2.67,NZD,IR3TIB01NZM156N
2012-08-01,2.64,NZD,IR3TIB01NZM156N
2012-09-01,2.64,NZD,IR3TIB01NZM156N
2012-10-01,2.65,NZD,IR3TIB01NZM156N
2012-11-01,2.64,NZD,IR3TIB01NZM156N
2012-12-01,2.65,NZD,IR3TIB01NZM156N
2013-01-01,2.66,NZD,IR3TIB01NZM156N
2013-02-01,2.66,NZD,IR3TIB01NZM156N
2013-03-01,2.64,NZD,IR3TIB01NZM156N
2013-04-01,2.65,NZD,IR3TIB01NZM156N
2013-05-01,2.64,NZD,IR3TIB01NZM156N
2013-06-01,2.64,NZD,IR3TIB01NZM156N
2013-07-01,2.64,NZD,IR3TIB01NZM156N
2013-08-01,2.64,NZD,IR3TIB01NZM156N
2013-09-01,2.65,NZD,IR3TIB01NZM156N
2013-10-01,2.67,NZD,IR3TIB01NZM156N
2013-11-01,2.66,NZD,IR3TIB01NZM156N
2013-12-01,2.73,NZD,IR3TIB01NZM156N
2014-01-01,2.88,NZD,IR3TIB01NZM156N
2014-02-01,2.93,NZD,IR3TIB01NZM156N
2014-03-01,3.05,NZD,IR3TIB01NZM156N
2014-04-01,3.24,NZD,IR3TIB01NZM156N
2014-05-01,3.38,NZD,IR3TIB01NZM156N
2014-06-01,3.52,NZD,IR3TIB01NZM156N
2014-07-01,3.67,NZD,IR3TIB01NZM156N
2014-08-01,3.69,NZD,IR3TIB01NZM156N
2014-09-01,3.71,NZD,IR3TIB01NZM156N
2014-10-01,3.68,NZD,IR3TIB01NZM156N
2014-11-01,3.67,NZD,IR3TIB01NZM156N
2014-12-01,3.67,NZD,IR3TIB01NZM156N
2015-01-01,3.67,NZD,IR3TIB01NZM156N
2015-02-01,3.63,NZD,IR3TIB01NZM156N
2015-03-01,3.63,NZD,IR3TIB01NZM156N
2015-04-01,3.63,NZD,IR3TIB01NZM156N
2015-05-01,3.53,NZD,IR3TIB01NZM156N
2015-06-01,3.33,NZD,IR3TIB01NZM156N
2015-07-01,3.13,NZD,IR3TIB01NZM156N
2015-08-01,2.95,NZD,IR3TIB01NZM156N
2015-09-01,2.85,NZD,IR3TIB01NZM156N
2015-10-01,2.86,NZD,IR3TIB01NZM156N
2015-11-01,2.89,NZD,IR3TIB01NZM156N
2015-12-01,2.79,NZD,IR3TIB01NZM156N
2016-01-01,2.73,NZD,IR3TIB01NZM156N
2016-02-01,2.62,NZD,IR3TIB01NZM156N
2016-03-01,2.43,NZD,IR3TIB01NZM156N
2016-04-01,2.34,NZD,IR3TIB01NZM156N
2016-05-01,2.38,NZD,IR3TIB01NZM156N
2016-06-01,2.37,NZD,IR3TIB01NZM156N
2016-07-01,2.37,NZD,IR3TIB01NZM156N
2016-08-01,2.24,NZD,IR3TIB01NZM156N
2016-09-01,2.23,NZD,IR3TIB01NZM156N
2016-10-01,2.15,NZD,IR3TIB01NZM156N
2016-11-01,2.07,NZD,IR3TIB01NZM156N
2016-12-01,2.03,NZD,IR3TIB01NZM156N
2017-01-01,1.98,NZD,IR3TIB01NZM156N
2017-02-01,2.02,NZD,IR3TIB01NZM156N
2017-03-01,1.98,NZD,IR3TIB01NZM156N
2017-04-01,1.97,NZD,IR3TIB01NZM156N
2017-05-01,1.98,NZD,IR3TIB01NZM156N
2017-06-01,1.95,NZD,IR3TIB01NZM156N
2017-07-01,1.96,NZD,IR3TIB01NZM156N
2017-08-01,1.95,NZD,IR3TIB01NZM156N
2017-09-01,1.95,NZD,IR3TIB01NZM156N
2017-10-01,1.94,NZD,IR3TIB01NZM156N
2017-11-01,1.93,NZD,IR3TIB01NZM156N
2017-12-01,1.88,NZD,IR3TIB01NZM156N
2018-01-01,1.88,NZD,IR3TIB01NZM156N
2018-02-01,1.91,NZD,IR3TIB01NZM156N
2018-03-01,1.93,NZD,IR3TIB01NZM156N
2018-04-01,2.01,NZD,IR3TIB01NZM156N
2018-05-01,2.01,NZD,IR3TIB01NZM156N
2018-06-01,2.01,NZD,IR3TIB01NZM156N
2018-07-01,1.94,NZD,IR3TIB01NZM156N
2018-08-01,1.9,NZD,IR3TIB01NZM156N
2018-09-01,1.9,NZD,IR3TIB01NZM156N
2018-10-01,1.89,NZD,IR3TIB01NZM156N
2018-11-01,1.98,NZD,IR3TIB01NZM156N
2018-12-01,1.98,NZD,IR3TIB01NZM156N
2019-01-01,1.91,NZD,IR3TIB01NZM156N
2019-02-01,1.9,NZD,IR3TIB01NZM156N
2019-03-01,1.88,NZD,IR3TIB01NZM156N
2019-04-01,1.81,NZD,IR3TIB01NZM156N
2019-05-01,1.72,NZD,IR3TIB01NZM156N
2019-06-01,1.6,NZD,IR3TIB01NZM156N
2019-07-01,1.55,NZD,IR3TIB01NZM156N
2019-08-01,1.25,NZD,IR3TIB01NZM156N
2019-09-01,1.15,NZD,IR3TIB01NZM156N
2019-10-01,1.05,NZD,IR3TIB01NZM156N
2019-11-01,1.18,NZD,IR3TIB01NZM156N
2019-12-01,1.22,NZD,IR3TIB01NZM156N
2020-01-01,1.27,NZD,IR3TIB01NZM156N
2020-02-01,1.18,NZD,IR3TIB01NZM156N
2020-03-01,0.71,NZD,IR3TIB01NZM156N
2020-04-01,0.39,NZD,IR3TIB01NZM156N
2020-05-01,0.26,NZD,IR3TIB01NZM156N
2020-06-01,0.28,NZD,IR3TIB01NZM156N
2020-07-01,0.3,NZD,IR3TIB01NZM156N
2020-08-01,0.29,NZD,IR3TIB01NZM156N
2020-09-01,0.3,NZD,IR3TIB01NZM156N
2020-10-01,0.27,NZD,IR3TIB01NZM156N
2020-11-01,0.27,NZD,IR3TIB01NZM156N
2020-12-01,0.26,NZD,IR3TIB01NZM156N
2021-01-01,0.28,NZD,IR3TIB01NZM156N
2021-02-01,0.28,NZD,IR3TIB01NZM156N
2021-03-01,0.33,NZD,IR3TIB01NZM156N
2021-04-01,0.34,NZD,IR3TIB01NZM156N
2021-05-01,0.35,NZD,IR3TIB01NZM156N
2021-06-01,0.33,NZD,IR3TIB01NZM156N
2021-07-01,0.4,NZD,IR3TIB01NZM156N
2021-08-01,0.54,NZD,IR3TIB01NZM156N
2021-09-01,0.57,NZD,IR3TIB01NZM156N
2021-10-01,0.7,NZD,IR3TIB01NZM156N
2021-11-01,0.83,NZD,IR3TIB01NZM156N
2021-12-01,0.91,NZD,IR3TIB01NZM156N
2022-01-01,1.03,NZD,IR3TIB01NZM156N
2022-02-01,1.21,NZD,IR3TIB01NZM156N
2022-03-01,1.49,NZD,IR3TIB01NZM156N
2022-04-01,1.81,NZD,IR3TIB01NZM156N
2022-05-01,2.22,NZD,IR3TIB01NZM156N
2022-06-01,2.68,NZD,IR3TIB01NZM156N
2022-07-01,3.03,NZD,IR3TIB01NZM156N
2022-08-01,3.31,NZD,IR3TIB01NZM156N
2022-09-01,3.64,NZD,IR3TIB01NZM156N
2022-10-01,4.0,NZD,IR3TIB01NZM156N
2022-11-01,4.24,NZD,IR3TIB01NZM156N
2022-12-01,4.53,NZD,IR3TIB01NZM156N
2023-01-01,4.81,NZD,IR3TIB01NZM156N
2023-02-01,5.01,NZD,IR3TIB01NZM156N
2023-03-01,5.15,NZD,IR3TIB01NZM156N
2023-04-01,5.49,NZD,IR3TIB01NZM156N
2023-05-01,5.67,NZD,IR3TIB01NZM156N
2023-06-01,5.68,NZD,IR3TIB01NZM156N
2023-07-01,5.67,NZD,IR3TIB01NZM156N
2023-08-01,5.64,NZD,IR3TIB01NZM156N
2023-09-01,5.68,NZD,IR3TIB01NZM156N
2023-10-01,5.68,NZD,IR3TIB01NZM156N
2023-11-01,5.63,NZD,IR3TIB01NZM156N
2023-12-01,5.63,NZD,IR3TIB01NZM156N
2024-01-01,5.64,NZD,IR3TIB01NZM156N
2024-02-01,5.71,NZD,IR3TIB01NZM156N
2024-03-01,5.64,NZD,IR3TIB01NZM156N
2024-04-01,5.63,NZD,IR3TIB01NZM156N
2024-05-01,5.62,NZD,IR3TIB01NZM156N
2024-06-01,5.62,NZD,IR3TIB01NZM156N
2024-07-01,5.55,NZD,IR3TIB01NZM156N
2024-08-01,5.3,NZD,IR3TIB01NZM156N
2024-09-01,5.05,NZD,IR3TIB01NZM156N
2024-10-01,4.65,NZD,IR3TIB01NZM156N
2024-11-01,4.42,NZD,IR3TIB01NZM156N
2024-12-01,4.27,NZD,IR3TIB01NZM156N
2025-01-01,4.05,NZD,IR3TIB01NZM156N
2025-02-01,3.81,NZD,IR3TIB01NZM156N
2025-03-01,3.67,NZD,IR3TIB01NZM156N
2025-04-01,3.49,NZD,IR3TIB01NZM156N
2025-05-01,3.34,NZD,IR3TIB01NZM156N
2025-06-01,3.3,NZD,IR3TIB01NZM156N
2025-07-01,3.25,NZD,IR3TIB01NZM156N
2025-08-01,3.1,NZD,IR3TIB01NZM156N
2025-09-01,2.93,NZD,IR3TIB01NZM156N
2025-10-01,2.58,NZD,IR3TIB01NZM156N
2025-11-01,2.47,NZD,IR3TIB01NZM156N
2025-12-01,2.49,NZD,IR3TIB01NZM156N
2026-01-01,2.5,NZD,IR3TIB01NZM156N
2026-02-01,2.49,NZD,IR3TIB01NZM156N
2026-03-01,2.51,NZD,IR3TIB01NZM156N
2026-04-01,2.56,NZD,IR3TIB01NZM156N
2026-05-01,2.63,NZD,IR3TIB01NZM156N
2026-06-01,2.68,NZD,IR3TIB01NZM156N
