date,ma,ten,tien_te,nguon
2009-06-01,PCE,Personal Income and Outlays,USD,FRED
2009-06-03,DTC,"Manufacturer's Shipments, Inventories, and Orders (M3) Survey",USD,FRED
2009-06-04,JOBLESS,Unemployment Insurance Weekly Claims Report,USD,FRED
2009-06-05,NFP,Employment Situation,USD,FRED
2009-06-11,JOBLESS,Unemployment Insurance Weekly Claims Report,USD,FRED
2009-06-11,BANLE,Advance Monthly Sales for Retail and Food Services,USD,FRED
2009-06-16,PPI,Producer Price Index,USD,FRED
2009-06-17,CPI,Consumer Price Index,USD,FRED
2009-06-18,JOBLESS,Unemployment Insurance Weekly Claims Report,USD,FRED
2009-06-24,NHA,New Residential Sales,USD,FRED
2009-06-24,DTC,"Manufacturer's Shipments, Inventories, and Orders (M3) Survey",USD,FRED
2009-06-25,GDP,Gross Domestic Product,USD,FRED
2009-06-25,JOBLESS,Unemployment Insurance Weekly Claims Report,USD,FRED
2009-06-26,UMCSI,Surveys of Consumers,USD,FRED
2009-06-26,PCE,Personal Income and Outlays,USD,FRED
2009-07-02,NFP,Employment Situation,USD,FRED
2009-07-02,DTC,"Manufacturer's Shipments, Inventories, and Orders (M3) Survey",USD,FRED
2009-07-02,JOBLESS,Unemployment Insurance Weekly Claims Report,USD,FRED
2009-07-09,JOBLESS,Unemployment Insurance Weekly Claims Report,USD,FRED
2009-07-14,BANLE,Advance Monthly Sales for Retail and Food Services,USD,FRED
2009-07-14,PPI,Producer Price Index,USD,FRED
2009-07-15,CPI,Consumer Price Index,USD,FRED
2009-07-16,JOBLESS,Unemployment Insurance Weekly Claims Report,USD,FRED
2009-07-23,JOBLESS,Unemployment Insurance Weekly Claims Report,USD,FRED
2009-07-24,UMCSI,Surveys of Consumers,USD,FRED
2009-07-27,NHA,New Residential Sales,USD,FRED
2009-07-29,DTC,"Manufacturer's Shipments, Inventories, and Orders (M3) Survey",USD,FRED
2009-07-30,JOBLESS,Unemployment Insurance Weekly Claims Report,USD,FRED
2009-07-31,GDP,Gross Domestic Product,USD,FRED
2009-08-04,PCE,Personal Income and Outlays,USD,FRED
2009-08-05,GDP,Gross Domestic Product,USD,FRED
2009-08-05,PCE,Personal Income and Outlays,USD,FRED
2009-08-05,DTC,"Manufacturer's Shipments, Inventories, and Orders (M3) Survey",USD,FRED
2009-08-06,JOBLESS,Unemployment Insurance Weekly Claims Report,USD,FRED
2009-08-07,NFP,Employment Situation,USD,FRED
2009-08-13,JOBLESS,Unemployment Insurance Weekly Claims Report,USD,FRED
2009-08-13,BANLE,Advance Monthly Sales for Retail and Food Services,USD,FRED
2009-08-14,CPI,Consumer Price Index,USD,FRED
2009-08-17,GDP,Gross Domestic Product,USD,FRED
2009-08-17,PCE,Personal Income and Outlays,USD,FRED
2009-08-18,PPI,Producer Price Index,USD,FRED
2009-08-20,JOBLESS,Unemployment Insurance Weekly Claims Report,USD,FRED
2009-08-20,PCE,Personal Income and Outlays,USD,FRED
2009-08-20,GDP,Gross Domestic Product,USD,FRED
2009-08-26,NHA,New Residential Sales,USD,FRED
2009-08-26,DTC,"Manufacturer's Shipments, Inventories, and Orders (M3) Survey",USD,FRED
2009-08-27,JOBLESS,Unemployment Insurance Weekly Claims Report,USD,FRED
2009-08-27,GDP,Gross Domestic Product,USD,FRED
2009-08-28,UMCSI,Surveys of Consumers,USD,FRED
2009-08-28,PCE,Personal Income and Outlays,USD,FRED
2009-09-02,DTC,"Manufacturer's Shipments, Inventories, and Orders (M3) Survey",USD,FRED
2009-09-03,JOBLESS,Unemployment Insurance Weekly Claims Report,USD,FRED
2009-09-04,NFP,Employment Situation,USD,FRED
2009-09-10,JOBLESS,Unemployment Insurance Weekly Claims Report,USD,FRED
2009-09-15,BANLE,Advance Monthly Sales for Retail and Food Services,USD,FRED
2009-09-15,PPI,Producer Price Index,USD,FRED
2009-09-16,CPI,Consumer Price Index,USD,FRED
2009-09-17,JOBLESS,Unemployment Insurance Weekly Claims Report,USD,FRED
2009-09-24,JOBLESS,Unemployment Insurance Weekly Claims Report,USD,FRED
2009-09-25,NHA,New Residential Sales,USD,FRED
2009-09-25,UMCSI,Surveys of Consumers,USD,FRED
2009-09-25,DTC,"Manufacturer's Shipments, Inventories, and Orders (M3) Survey",USD,FRED
2009-09-30,GDP,Gross Domestic Product,USD,FRED
2009-10-01,JOBLESS,Unemployment Insurance Weekly Claims Report,USD,FRED
2009-10-01,PCE,Personal Income and Outlays,USD,FRED
2009-10-02,NFP,Employment Situation,USD,FRED
2009-10-02,DTC,"Manufacturer's Shipments, Inventories, and Orders (M3) Survey",USD,FRED
2009-10-08,JOBLESS,Unemployment Insurance Weekly Claims Report,USD,FRED
2009-10-14,BANLE,Advance Monthly Sales for Retail and Food Services,USD,FRED
2009-10-15,JOBLESS,Unemployment Insurance Weekly Claims Report,USD,FRED
2009-10-15,CPI,Consumer Price Index,USD,FRED
2009-10-20,PPI,Producer Price Index,USD,FRED
2009-10-22,JOBLESS,Unemployment Insurance Weekly Claims Report,USD,FRED
2009-10-28,NHA,New Residential Sales,USD,FRED
2009-10-28,DTC,"Manufacturer's Shipments, Inventories, and Orders (M3) Survey",USD,FRED
2009-10-29,JOBLESS,Unemployment Insurance Weekly Claims Report,USD,FRED
2009-10-29,GDP,Gross Domestic Product,USD,FRED
2009-10-30,PCE,Personal Income and Outlays,USD,FRED
2009-10-30,UMCSI,Surveys of Consumers,USD,FRED
2009-11-03,DTC,"Manufacturer's Shipments, Inventories, and Orders (M3) Survey",USD,FRED
2009-11-05,JOBLESS,Unemployment Insurance Weekly Claims Report,USD,FRED
2009-11-06,NFP,Employment Situation,USD,FRED
2009-11-12,JOBLESS,Unemployment Insurance Weekly Claims Report,USD,FRED
2009-11-16,BANLE,Advance Monthly Sales for Retail and Food Services,USD,FRED
2009-11-17,PPI,Producer Price Index,USD,FRED
2009-11-18,CPI,Consumer Price Index,USD,FRED
2009-11-19,JOBLESS,Unemployment Insurance Weekly Claims Report,USD,FRED
2009-11-24,GDP,Gross Domestic Product,USD,FRED
2009-11-25,JOBLESS,Unemployment Insurance Weekly Claims Report,USD,FRED
2009-11-25,UMCSI,Surveys of Consumers,USD,FRED
2009-11-25,PCE,Personal Income and Outlays,USD,FRED
2009-11-25,NHA,New Residential Sales,USD,FRED
2009-11-25,DTC,"Manufacturer's Shipments, Inventories, and Orders (M3) Survey",USD,FRED
2009-12-03,JOBLESS,Unemployment Insurance Weekly Claims Report,USD,FRED
2009-12-04,DTC,"Manufacturer's Shipments, Inventories, and Orders (M3) Survey",USD,FRED
2009-12-04,NFP,Employment Situation,USD,FRED
2009-12-10,JOBLESS,Unemployment Insurance Weekly Claims Report,USD,FRED
2009-12-11,BANLE,Advance Monthly Sales for Retail and Food Services,USD,FRED
2009-12-15,PPI,Producer Price Index,USD,FRED
2009-12-16,CPI,Consumer Price Index,USD,FRED
2009-12-17,JOBLESS,Unemployment Insurance Weekly Claims Report,USD,FRED
2009-12-22,GDP,Gross Domestic Product,USD,FRED
2009-12-23,NHA,New Residential Sales,USD,FRED
2009-12-23,PCE,Personal Income and Outlays,USD,FRED
2009-12-23,UMCSI,Surveys of Consumers,USD,FRED
2009-12-24,DTC,"Manufacturer's Shipments, Inventories, and Orders (M3) Survey",USD,FRED
2009-12-24,JOBLESS,Unemployment Insurance Weekly Claims Report,USD,FRED
2009-12-31,JOBLESS,Unemployment Insurance Weekly Claims Report,USD,FRED
2010-01-05,DTC,"Manufacturer's Shipments, Inventories, and Orders (M3) Survey",USD,FRED
2010-01-07,JOBLESS,Unemployment Insurance Weekly Claims Report,USD,FRED
2010-01-08,NFP,Employment Situation,USD,FRED
2010-01-14,BANLE,Advance Monthly Sales for Retail and Food Services,USD,FRED
2010-01-14,ECB,ECB rate decision,EUR,cb_dates
2010-01-14,JOBLESS,Unemployment Insurance Weekly Claims Report,USD,FRED
2010-01-15,CPI,Consumer Price Index,USD,FRED
2010-01-15,DTC,"Manufacturer's Shipments, Inventories, and Orders (M3) Survey",USD,FRED
2010-01-19,BOC,BOC rate decision,CAD,cb_dates
2010-01-20,PPI,Producer Price Index,USD,FRED
2010-01-21,JOBLESS,Unemployment Insurance Weekly Claims Report,USD,FRED
2010-01-26,BOJ,BOJ rate decision,JPY,cb_dates
2010-01-27,FOMC,FOMC rate decision,USD,cb_dates
2010-01-27,NHA,New Residential Sales,USD,FRED
2010-01-28,JOBLESS,Unemployment Insurance Weekly Claims Report,USD,FRED
2010-01-28,DTC,"Manufacturer's Shipments, Inventories, and Orders (M3) Survey",USD,FRED
2010-01-29,UMCSI,Surveys of Consumers,USD,FRED
2010-01-29,GDP,Gross Domestic Product,USD,FRED
2010-02-01,PCE,Personal Income and Outlays,USD,FRED
2010-02-02,RBA,RBA rate decision,AUD,cb_dates
2010-02-04,JOBLESS,Unemployment Insurance Weekly Claims Report,USD,FRED
2010-02-04,DTC,"Manufacturer's Shipments, Inventories, and Orders (M3) Survey",USD,FRED
2010-02-04,ECB,ECB rate decision,EUR,cb_dates
2010-02-05,NFP,Employment Situation,USD,FRED
2010-02-11,JOBLESS,Unemployment Insurance Weekly Claims Report,USD,FRED
2010-02-12,BANLE,Advance Monthly Sales for Retail and Food Services,USD,FRED
2010-02-16,PPI,Producer Price Index,USD,FRED
2010-02-17,CPI,Consumer Price Index,USD,FRED
2010-02-18,PPI,Producer Price Index,USD,FRED
2010-02-18,BOJ,BOJ rate decision,JPY,cb_dates
2010-02-18,JOBLESS,Unemployment Insurance Weekly Claims Report,USD,FRED
2010-02-19,CPI,Consumer Price Index,USD,FRED
2010-02-24,NHA,New Residential Sales,USD,FRED
2010-02-25,DTC,"Manufacturer's Shipments, Inventories, and Orders (M3) Survey",USD,FRED
2010-02-25,JOBLESS,Unemployment Insurance Weekly Claims Report,USD,FRED
2010-02-26,UMCSI,Surveys of Consumers,USD,FRED
2010-02-26,GDP,Gross Domestic Product,USD,FRED
2010-03-01,PCE,Personal Income and Outlays,USD,FRED
2010-03-02,RBA,RBA rate decision,AUD,cb_dates
2010-03-02,BOC,BOC rate decision,CAD,cb_dates
2010-03-04,ECB,ECB rate decision,EUR,cb_dates
2010-03-04,JOBLESS,Unemployment Insurance Weekly Claims Report,USD,FRED
2010-03-04,DTC,"Manufacturer's Shipments, Inventories, and Orders (M3) Survey",USD,FRED
2010-03-05,NFP,Employment Situation,USD,FRED
2010-03-11,JOBLESS,Unemployment Insurance Weekly Claims Report,USD,FRED
2010-03-11,SNB,SNB rate decision,CHF,cb_dates
2010-03-12,BANLE,Advance Monthly Sales for Retail and Food Services,USD,FRED
2010-03-16,FOMC,FOMC rate decision,USD,cb_dates
2010-03-17,BOJ,BOJ rate decision,JPY,cb_dates
2010-03-17,PPI,Producer Price Index,USD,FRED
2010-03-18,JOBLESS,Unemployment Insurance Weekly Claims Report,USD,FRED
2010-03-18,CPI,Consumer Price Index,USD,FRED
2010-03-24,DTC,"Manufacturer's Shipments, Inventories, and Orders (M3) Survey",USD,FRED
2010-03-24,NHA,New Residential Sales,USD,FRED
2010-03-25,JOBLESS,Unemployment Insurance Weekly Claims Report,USD,FRED
2010-03-26,GDP,Gross Domestic Product,USD,FRED
2010-03-26,UMCSI,Surveys of Consumers,USD,FRED
2010-03-29,PCE,Personal Income and Outlays,USD,FRED
2010-03-31,DTC,"Manufacturer's Shipments, Inventories, and Orders (M3) Survey",USD,FRED
2010-04-01,JOBLESS,Unemployment Insurance Weekly Claims Report,USD,FRED
2010-04-02,NFP,Employment Situation,USD,FRED
2010-04-06,RBA,RBA rate decision,AUD,cb_dates
2010-04-07,BOJ,BOJ rate decision,JPY,cb_dates
2010-04-08,JOBLESS,Unemployment Insurance Weekly Claims Report,USD,FRED
2010-04-08,ECB,ECB rate decision,EUR,cb_dates
2010-04-14,BANLE,Advance Monthly Sales for Retail and Food Services,USD,FRED
2010-04-14,CPI,Consumer Price Index,USD,FRED
2010-04-15,JOBLESS,Unemployment Insurance Weekly Claims Report,USD,FRED
2010-04-20,BOC,BOC rate decision,CAD,cb_dates
2010-04-22,JOBLESS,Unemployment Insurance Weekly Claims Report,USD,FRED
2010-04-22,PPI,Producer Price Index,USD,FRED
2010-04-23,NHA,New Residential Sales,USD,FRED
2010-04-23,DTC,"Manufacturer's Shipments, Inventories, and Orders (M3) Survey",USD,FRED
2010-04-28,FOMC,FOMC rate decision,USD,cb_dates
2010-04-29,JOBLESS,Unemployment Insurance Weekly Claims Report,USD,FRED
2010-04-30,UMCSI,Surveys of Consumers,USD,FRED
2010-04-30,BANLE,Advance Monthly Sales for Retail and Food Services,USD,FRED
2010-04-30,BOJ,BOJ rate decision,JPY,cb_dates
2010-04-30,GDP,Gross Domestic Product,USD,FRED
2010-05-03,PCE,Personal Income and Outlays,USD,FRED
2010-05-04,DTC,"Manufacturer's Shipments, Inventories, and Orders (M3) Survey",USD,FRED
2010-05-04,RBA,RBA rate decision,AUD,cb_dates
2010-05-06,ECB,ECB rate decision,EUR,cb_dates
2010-05-06,JOBLESS,Unemployment Insurance Weekly Claims Report,USD,FRED
2010-05-07,NFP,Employment Situation,USD,FRED
2010-05-10,BOJ,BOJ rate decision,JPY,cb_dates
2010-05-13,JOBLESS,Unemployment Insurance Weekly Claims Report,USD,FRED
2010-05-14,BANLE,Advance Monthly Sales for Retail and Food Services,USD,FRED
2010-05-14,DTC,"Manufacturer's Shipments, Inventories, and Orders (M3) Survey",USD,FRED
2010-05-18,PPI,Producer Price Index,USD,FRED
2010-05-19,CPI,Consumer Price Index,USD,FRED
2010-05-20,JOBLESS,Unemployment Insurance Weekly Claims Report,USD,FRED
2010-05-21,BOJ,BOJ rate decision,JPY,cb_dates
2010-05-26,DTC,"Manufacturer's Shipments, Inventories, and Orders (M3) Survey",USD,FRED
2010-05-26,NHA,New Residential Sales,USD,FRED
2010-05-27,GDP,Gross Domestic Product,USD,FRED
2010-05-27,JOBLESS,Unemployment Insurance Weekly Claims Report,USD,FRED
2010-05-28,UMCSI,Surveys of Consumers,USD,FRED
2010-05-28,PCE,Personal Income and Outlays,USD,FRED
2010-06-01,RBA,RBA rate decision,AUD,cb_dates
2010-06-01,BOC,BOC rate decision,CAD,cb_dates
2010-06-03,DTC,"Manufacturer's Shipments, Inventories, and Orders (M3) Survey",USD,FRED
2010-06-03,JOBLESS,Unemployment Insurance Weekly Claims Report,USD,FRED
2010-06-04,NFP,Employment Situation,USD,FRED
2010-06-10,ECB,ECB rate decision,EUR,cb_dates
2010-06-10,JOBLESS,Unemployment Insurance Weekly Claims Report,USD,FRED
2010-06-11,BANLE,Advance Monthly Sales for Retail and Food Services,USD,FRED
2010-06-15,BOJ,BOJ rate decision,JPY,cb_dates
2010-06-16,PPI,Producer Price Index,USD,FRED
2010-06-17,CPI,Consumer Price Index,USD,FRED
2010-06-17,JOBLESS,Unemployment Insurance Weekly Claims Report,USD,FRED
2010-06-17,SNB,SNB rate decision,CHF,cb_dates
2010-06-23,NHA,New Residential Sales,USD,FRED
2010-06-23,FOMC,FOMC rate decision,USD,cb_dates
2010-06-24,DTC,"Manufacturer's Shipments, Inventories, and Orders (M3) Survey",USD,FRED
2010-06-24,JOBLESS,Unemployment Insurance Weekly Claims Report,USD,FRED
2010-06-25,UMCSI,Surveys of Consumers,USD,FRED
2010-06-25,GDP,Gross Domestic Product,USD,FRED
2010-06-28,PCE,Personal Income and Outlays,USD,FRED
2010-07-01,JOBLESS,Unemployment Insurance Weekly Claims Report,USD,FRED
2010-07-02,DTC,"Manufacturer's Shipments, Inventories, and Orders (M3) Survey",USD,FRED
2010-07-02,NFP,Employment Situation,USD,FRED
2010-07-06,RBA,RBA rate decision,AUD,cb_dates
2010-07-08,JOBLESS,Unemployment Insurance Weekly Claims Report,USD,FRED
2010-07-08,ECB,ECB rate decision,EUR,cb_dates
2010-07-14,BANLE,Advance Monthly Sales for Retail and Food Services,USD,FRED
2010-07-15,JOBLESS,Unemployment Insurance Weekly Claims Report,USD,FRED
2010-07-15,BOJ,BOJ rate decision,JPY,cb_dates
2010-07-15,PPI,Producer Price Index,USD,FRED
2010-07-16,CPI,Consumer Price Index,USD,FRED
2010-07-20,BOC,BOC rate decision,CAD,cb_dates
2010-07-22,JOBLESS,Unemployment Insurance Weekly Claims Report,USD,FRED
2010-07-26,NHA,New Residential Sales,USD,FRED
2010-07-28,DTC,"Manufacturer's Shipments, Inventories, and Orders (M3) Survey",USD,FRED
2010-07-29,JOBLESS,Unemployment Insurance Weekly Claims Report,USD,FRED
2010-07-30,UMCSI,Surveys of Consumers,USD,FRED
2010-07-30,GDP,Gross Domestic Product,USD,FRED
2010-08-03,PCE,Personal Income and Outlays,USD,FRED
2010-08-03,RBA,RBA rate decision,AUD,cb_dates
2010-08-03,DTC,"Manufacturer's Shipments, Inventories, and Orders (M3) Survey",USD,FRED
2010-08-05,JOBLESS,Unemployment Insurance Weekly Claims Report,USD,FRED
2010-08-05,ECB,ECB rate decision,EUR,cb_dates
2010-08-06,NFP,Employment Situation,USD,FRED
2010-08-10,FOMC,FOMC rate decision,USD,cb_dates
2010-08-10,BOJ,BOJ rate decision,JPY,cb_dates
2010-08-11,JOLTS,Job Openings and Labor Turnover Survey,USD,FRED
2010-08-12,JOBLESS,Unemployment Insurance Weekly Claims Report,USD,FRED
2010-08-13,BANLE,Advance Monthly Sales for Retail and Food Services,USD,FRED
2010-08-13,CPI,Consumer Price Index,USD,FRED
2010-08-17,PPI,Producer Price Index,USD,FRED
2010-08-19,JOBLESS,Unemployment Insurance Weekly Claims Report,USD,FRED
2010-08-25,NHA,New Residential Sales,USD,FRED
2010-08-25,DTC,"Manufacturer's Shipments, Inventories, and Orders (M3) Survey",USD,FRED
2010-08-26,JOBLESS,Unemployment Insurance Weekly Claims Report,USD,FRED
2010-08-27,GDP,Gross Domestic Product,USD,FRED
2010-08-27,UMCSI,Surveys of Consumers,USD,FRED
2010-08-30,PCE,Personal Income and Outlays,USD,FRED
2010-08-30,BOJ,BOJ rate decision,JPY,cb_dates
2010-09-02,ECB,ECB rate decision,EUR,cb_dates
2010-09-02,JOBLESS,Unemployment Insurance Weekly Claims Report,USD,FRED
2010-09-02,DTC,"Manufacturer's Shipments, Inventories, and Orders (M3) Survey",USD,FRED
2010-09-03,NFP,Employment Situation,USD,FRED
2010-09-07,RBA,RBA rate decision,AUD,cb_dates
2010-09-07,BOJ,BOJ rate decision,JPY,cb_dates
2010-09-08,JOLTS,Job Openings and Labor Turnover Survey,USD,FRED
2010-09-08,BOC,BOC rate decision,CAD,cb_dates
2010-09-09,JOBLESS,Unemployment Insurance Weekly Claims Report,USD,FRED
2010-09-14,BANLE,Advance Monthly Sales for Retail and Food Services,USD,FRED
2010-09-16,JOBLESS,Unemployment Insurance Weekly Claims Report,USD,FRED
2010-09-16,PPI,Producer Price Index,USD,FRED
2010-09-16,SNB,SNB rate decision,CHF,cb_dates
2010-09-17,CPI,Consumer Price Index,USD,FRED
2010-09-21,FOMC,FOMC rate decision,USD,cb_dates
2010-09-23,JOBLESS,Unemployment Insurance Weekly Claims Report,USD,FRED
2010-09-24,NHA,New Residential Sales,USD,FRED
2010-09-24,DTC,"Manufacturer's Shipments, Inventories, and Orders (M3) Survey",USD,FRED
2010-09-30,JOBLESS,Unemployment Insurance Weekly Claims Report,USD,FRED
2010-09-30,GDP,Gross Domestic Product,USD,FRED
2010-10-01,UMCSI,Surveys of Consumers,USD,FRED
2010-10-01,PCE,Personal Income and Outlays,USD,FRED
2010-10-04,DTC,"Manufacturer's Shipments, Inventories, and Orders (M3) Survey",USD,FRED
2010-10-05,RBA,RBA rate decision,AUD,cb_dates
2010-10-05,BOJ,BOJ rate decision,JPY,cb_dates
2010-10-07,ECB,ECB rate decision,EUR,cb_dates
2010-10-07,JOLTS,Job Openings and Labor Turnover Survey,USD,FRED
2010-10-07,JOBLESS,Unemployment Insurance Weekly Claims Report,USD,FRED
2010-10-08,NFP,Employment Situation,USD,FRED
2010-10-14,JOBLESS,Unemployment Insurance Weekly Claims Report,USD,FRED
2010-10-14,PPI,Producer Price Index,USD,FRED
2010-10-15,CPI,Consumer Price Index,USD,FRED
2010-10-15,BANLE,Advance Monthly Sales for Retail and Food Services,USD,FRED
2010-10-19,BOC,BOC rate decision,CAD,cb_dates
2010-10-21,JOBLESS,Unemployment Insurance Weekly Claims Report,USD,FRED
2010-10-27,DTC,"Manufacturer's Shipments, Inventories, and Orders (M3) Survey",USD,FRED
2010-10-27,NHA,New Residential Sales,USD,FRED
2010-10-28,JOBLESS,Unemployment Insurance Weekly Claims Report,USD,FRED
2010-10-28,BOJ,BOJ rate decision,JPY,cb_dates
2010-10-29,GDP,Gross Domestic Product,USD,FRED
2010-10-29,UMCSI,Surveys of Consumers,USD,FRED
2010-11-01,PCE,Personal Income and Outlays,USD,FRED
2010-11-02,RBA,RBA rate decision,AUD,cb_dates
2010-11-03,DTC,"Manufacturer's Shipments, Inventories, and Orders (M3) Survey",USD,FRED
2010-11-03,FOMC,FOMC rate decision,USD,cb_dates
2010-11-04,ECB,ECB rate decision,EUR,cb_dates
2010-11-04,JOBLESS,Unemployment Insurance Weekly Claims Report,USD,FRED
2010-11-05,BOJ,BOJ rate decision,JPY,cb_dates
2010-11-05,NFP,Employment Situation,USD,FRED
2010-11-09,JOLTS,Job Openings and Labor Turnover Survey,USD,FRED
2010-11-10,JOBLESS,Unemployment Insurance Weekly Claims Report,USD,FRED
2010-11-15,BANLE,Advance Monthly Sales for Retail and Food Services,USD,FRED
2010-11-16,PPI,Producer Price Index,USD,FRED
2010-11-17,CPI,Consumer Price Index,USD,FRED
2010-11-18,JOBLESS,Unemployment Insurance Weekly Claims Report,USD,FRED
2010-11-23,GDP,Gross Domestic Product,USD,FRED
2010-11-24,PCE,Personal Income and Outlays,USD,FRED
2010-11-24,JOBLESS,Unemployment Insurance Weekly Claims Report,USD,FRED
2010-11-24,NHA,New Residential Sales,USD,FRED
2010-11-24,DTC,"Manufacturer's Shipments, Inventories, and Orders (M3) Survey",USD,FRED
2010-11-24,UMCSI,Surveys of Consumers,USD,FRED
2010-12-02,JOBLESS,Unemployment Insurance Weekly Claims Report,USD,FRED
2010-12-02,ECB,ECB rate decision,EUR,cb_dates
2010-12-03,DTC,"Manufacturer's Shipments, Inventories, and Orders (M3) Survey",USD,FRED
2010-12-03,NFP,Employment Situation,USD,FRED
2010-12-07,JOLTS,Job Openings and Labor Turnover Survey,USD,FRED
2010-12-07,BOC,BOC rate decision,CAD,cb_dates
2010-12-07,RBA,RBA rate decision,AUD,cb_dates
2010-12-09,JOBLESS,Unemployment Insurance Weekly Claims Report,USD,FRED
2010-12-14,FOMC,FOMC rate decision,USD,cb_dates
2010-12-14,PPI,Producer Price Index,USD,FRED
2010-12-14,BANLE,Advance Monthly Sales for Retail and Food Services,USD,FRED
2010-12-15,CPI,Consumer Price Index,USD,FRED
2010-12-16,SNB,SNB rate decision,CHF,cb_dates
2010-12-16,JOBLESS,Unemployment Insurance Weekly Claims Report,USD,FRED
2010-12-21,BOJ,BOJ rate decision,JPY,cb_dates
2010-12-22,GDP,Gross Domestic Product,USD,FRED
2010-12-23,UMCSI,Surveys of Consumers,USD,FRED
2010-12-23,PCE,Personal Income and Outlays,USD,FRED
2010-12-23,DTC,"Manufacturer's Shipments, Inventories, and Orders (M3) Survey",USD,FRED
2010-12-23,NHA,New Residential Sales,USD,FRED
2010-12-23,JOBLESS,Unemployment Insurance Weekly Claims Report,USD,FRED
2010-12-30,JOBLESS,Unemployment Insurance Weekly Claims Report,USD,FRED
2011-01-04,DTC,"Manufacturer's Shipments, Inventories, and Orders (M3) Survey",USD,FRED
2011-01-06,JOBLESS,Unemployment Insurance Weekly Claims Report,USD,FRED
2011-01-07,NFP,Employment Situation,USD,FRED
2011-01-11,JOLTS,Job Openings and Labor Turnover Survey,USD,FRED
2011-01-13,JOBLESS,Unemployment Insurance Weekly Claims Report,USD,FRED
2011-01-13,PPI,Producer Price Index,USD,FRED
2011-01-13,ECB,ECB rate decision,EUR,cb_dates
2011-01-14,CPI,Consumer Price Index,USD,FRED
2011-01-14,BANLE,Advance Monthly Sales for Retail and Food Services,USD,FRED
2011-01-18,BOC,BOC rate decision,CAD,cb_dates
2011-01-20,JOBLESS,Unemployment Insurance Weekly Claims Report,USD,FRED
2011-01-26,NHA,New Residential Sales,USD,FRED
2011-01-26,FOMC,FOMC rate decision,USD,cb_dates
2011-01-27,JOBLESS,Unemployment Insurance Weekly Claims Report,USD,FRED
2011-01-27,DTC,"Manufacturer's Shipments, Inventories, and Orders (M3) Survey",USD,FRED
2011-01-28,UMCSI,Surveys of Consumers,USD,FRED
2011-01-28,GDP,Gross Domestic Product,USD,FRED
2011-01-31,PCE,Personal Income and Outlays,USD,FRED
2011-02-01,RBA,RBA rate decision,AUD,cb_dates
2011-02-03,JOBLESS,Unemployment Insurance Weekly Claims Report,USD,FRED
2011-02-03,ECB,ECB rate decision,EUR,cb_dates
2011-02-03,DTC,"Manufacturer's Shipments, Inventories, and Orders (M3) Survey",USD,FRED
2011-02-04,NFP,Employment Situation,USD,FRED
2011-02-08,JOLTS,Job Openings and Labor Turnover Survey,USD,FRED
2011-02-10,JOBLESS,Unemployment Insurance Weekly Claims Report,USD,FRED
2011-02-14,PPI,Producer Price Index,USD,FRED
2011-02-15,BANLE,Advance Monthly Sales for Retail and Food Services,USD,FRED
2011-02-15,CPI,Consumer Price Index,USD,FRED
2011-02-16,PPI,Producer Price Index,USD,FRED
2011-02-17,CPI,Consumer Price Index,USD,FRED
2011-02-17,JOBLESS,Unemployment Insurance Weekly Claims Report,USD,FRED
2011-02-24,DTC,"Manufacturer's Shipments, Inventories, and Orders (M3) Survey",USD,FRED
2011-02-24,JOBLESS,Unemployment Insurance Weekly Claims Report,USD,FRED
2011-02-24,NHA,New Residential Sales,USD,FRED
2011-02-25,GDP,Gross Domestic Product,USD,FRED
2011-02-25,UMCSI,Surveys of Consumers,USD,FRED
2011-02-28,PCE,Personal Income and Outlays,USD,FRED
2011-03-01,BOC,BOC rate decision,CAD,cb_dates
2011-03-01,RBA,RBA rate decision,AUD,cb_dates
2011-03-03,JOBLESS,Unemployment Insurance Weekly Claims Report,USD,FRED
2011-03-03,ECB,ECB rate decision,EUR,cb_dates
2011-03-04,DTC,"Manufacturer's Shipments, Inventories, and Orders (M3) Survey",USD,FRED
2011-03-04,NFP,Employment Situation,USD,FRED
2011-03-10,JOBLESS,Unemployment Insurance Weekly Claims Report,USD,FRED
2011-03-11,BANLE,Advance Monthly Sales for Retail and Food Services,USD,FRED
2011-03-11,JOLTS,Job Openings and Labor Turnover Survey,USD,FRED
2011-03-15,FOMC,FOMC rate decision,USD,cb_dates
2011-03-16,PPI,Producer Price Index,USD,FRED
2011-03-17,CPI,Consumer Price Index,USD,FRED
2011-03-17,SNB,SNB rate decision,CHF,cb_dates
2011-03-17,JOBLESS,Unemployment Insurance Weekly Claims Report,USD,FRED
2011-03-23,NHA,New Residential Sales,USD,FRED
2011-03-24,JOBLESS,Unemployment Insurance Weekly Claims Report,USD,FRED
2011-03-24,DTC,"Manufacturer's Shipments, Inventories, and Orders (M3) Survey",USD,FRED
2011-03-25,GDP,Gross Domestic Product,USD,FRED
2011-03-25,UMCSI,Surveys of Consumers,USD,FRED
2011-03-28,PCE,Personal Income and Outlays,USD,FRED
2011-03-31,DTC,"Manufacturer's Shipments, Inventories, and Orders (M3) Survey",USD,FRED
2011-03-31,JOBLESS,Unemployment Insurance Weekly Claims Report,USD,FRED
2011-04-01,NFP,Employment Situation,USD,FRED
2011-04-05,RBA,RBA rate decision,AUD,cb_dates
2011-04-07,JOBLESS,Unemployment Insurance Weekly Claims Report,USD,FRED
2011-04-07,ECB,ECB rate decision,EUR,cb_dates
2011-04-12,BOC,BOC rate decision,CAD,cb_dates
2011-04-13,BANLE,Advance Monthly Sales for Retail and Food Services,USD,FRED
2011-04-13,JOLTS,Job Openings and Labor Turnover Survey,USD,FRED
2011-04-14,PPI,Producer Price Index,USD,FRED
2011-04-14,JOBLESS,Unemployment Insurance Weekly Claims Report,USD,FRED
2011-04-15,CPI,Consumer Price Index,USD,FRED
2011-04-21,JOBLESS,Unemployment Insurance Weekly Claims Report,USD,FRED
2011-04-25,NHA,New Residential Sales,USD,FRED
2011-04-27,FOMC,FOMC rate decision,USD,cb_dates
2011-04-27,DTC,"Manufacturer's Shipments, Inventories, and Orders (M3) Survey",USD,FRED
2011-04-28,JOBLESS,Unemployment Insurance Weekly Claims Report,USD,FRED
2011-04-28,GDP,Gross Domestic Product,USD,FRED
2011-04-29,PCE,Personal Income and Outlays,USD,FRED
2011-04-29,BANLE,Advance Monthly Sales for Retail and Food Services,USD,FRED
2011-04-29,UMCSI,Surveys of Consumers,USD,FRED
2011-05-03,DTC,"Manufacturer's Shipments, Inventories, and Orders (M3) Survey",USD,FRED
2011-05-03,RBA,RBA rate decision,AUD,cb_dates
2011-05-05,JOBLESS,Unemployment Insurance Weekly Claims Report,USD,FRED
2011-05-05,ECB,ECB rate decision,EUR,cb_dates
2011-05-06,NFP,Employment Situation,USD,FRED
2011-05-11,JOLTS,Job Openings and Labor Turnover Survey,USD,FRED
2011-05-12,PPI,Producer Price Index,USD,FRED
2011-05-12,BANLE,Advance Monthly Sales for Retail and Food Services,USD,FRED
2011-05-12,JOBLESS,Unemployment Insurance Weekly Claims Report,USD,FRED
2011-05-13,DTC,"Manufacturer's Shipments, Inventories, and Orders (M3) Survey",USD,FRED
2011-05-13,CPI,Consumer Price Index,USD,FRED
2011-05-19,JOBLESS,Unemployment Insurance Weekly Claims Report,USD,FRED
2011-05-24,NHA,New Residential Sales,USD,FRED
2011-05-25,DTC,"Manufacturer's Shipments, Inventories, and Orders (M3) Survey",USD,FRED
2011-05-26,GDP,Gross Domestic Product,USD,FRED
2011-05-26,JOBLESS,Unemployment Insurance Weekly Claims Report,USD,FRED
2011-05-27,PCE,Personal Income and Outlays,USD,FRED
2011-05-27,UMCSI,Surveys of Consumers,USD,FRED
2011-05-31,BOC,BOC rate decision,CAD,cb_dates
2011-06-02,DTC,"Manufacturer's Shipments, Inventories, and Orders (M3) Survey",USD,FRED
2011-06-02,JOBLESS,Unemployment Insurance Weekly Claims Report,USD,FRED
2011-06-03,NFP,Employment Situation,USD,FRED
2011-06-07,JOLTS,Job Openings and Labor Turnover Survey,USD,FRED
2011-06-07,RBA,RBA rate decision,AUD,cb_dates
2011-06-09,ECB,ECB rate decision,EUR,cb_dates
2011-06-09,JOBLESS,Unemployment Insurance Weekly Claims Report,USD,FRED
2011-06-14,BANLE,Advance Monthly Sales for Retail and Food Services,USD,FRED
2011-06-14,PPI,Producer Price Index,USD,FRED
2011-06-15,CPI,Consumer Price Index,USD,FRED
2011-06-16,JOBLESS,Unemployment Insurance Weekly Claims Report,USD,FRED
2011-06-16,SNB,SNB rate decision,CHF,cb_dates
2011-06-22,FOMC,FOMC rate decision,USD,cb_dates
2011-06-23,JOBLESS,Unemployment Insurance Weekly Claims Report,USD,FRED
2011-06-23,NHA,New Residential Sales,USD,FRED
2011-06-24,DTC,"Manufacturer's Shipments, Inventories, and Orders (M3) Survey",USD,FRED
2011-06-24,GDP,Gross Domestic Product,USD,FRED
2011-06-27,PCE,Personal Income and Outlays,USD,FRED
2011-06-30,JOBLESS,Unemployment Insurance Weekly Claims Report,USD,FRED
2011-07-01,UMCSI,Surveys of Consumers,USD,FRED
2011-07-05,RBA,RBA rate decision,AUD,cb_dates
2011-07-05,DTC,"Manufacturer's Shipments, Inventories, and Orders (M3) Survey",USD,FRED
2011-07-07,ECB,ECB rate decision,EUR,cb_dates
2011-07-07,JOBLESS,Unemployment Insurance Weekly Claims Report,USD,FRED
2011-07-08,NFP,Employment Situation,USD,FRED
2011-07-12,JOLTS,Job Openings and Labor Turnover Survey,USD,FRED
2011-07-14,BANLE,Advance Monthly Sales for Retail and Food Services,USD,FRED
2011-07-14,PPI,Producer Price Index,USD,FRED
2011-07-14,JOBLESS,Unemployment Insurance Weekly Claims Report,USD,FRED
2011-07-15,CPI,Consumer Price Index,USD,FRED
2011-07-19,BOC,BOC rate decision,CAD,cb_dates
2011-07-21,JOBLESS,Unemployment Insurance Weekly Claims Report,USD,FRED
2011-07-26,NHA,New Residential Sales,USD,FRED
2011-07-27,DTC,"Manufacturer's Shipments, Inventories, and Orders (M3) Survey",USD,FRED
2011-07-28,JOBLESS,Unemployment Insurance Weekly Claims Report,USD,FRED
2011-07-29,GDP,Gross Domestic Product,USD,FRED
2011-07-29,UMCSI,Surveys of Consumers,USD,FRED
2011-08-02,PCE,Personal Income and Outlays,USD,FRED
2011-08-02,RBA,RBA rate decision,AUD,cb_dates
2011-08-03,DTC,"Manufacturer's Shipments, Inventories, and Orders (M3) Survey",USD,FRED
2011-08-03,SNB,SNB rate decision,CHF,cb_dates
2011-08-04,ECB,ECB rate decision,EUR,cb_dates
2011-08-04,JOBLESS,Unemployment Insurance Weekly Claims Report,USD,FRED
2011-08-05,NFP,Employment Situation,USD,FRED
2011-08-08,PCE,Personal Income and Outlays,USD,FRED
2011-08-08,GDP,Gross Domestic Product,USD,FRED
2011-08-09,FOMC,FOMC rate decision,USD,cb_dates
2011-08-10,JOLTS,Job Openings and Labor Turnover Survey,USD,FRED
2011-08-10,SNB,SNB rate decision,CHF,cb_dates
2011-08-11,JOBLESS,Unemployment Insurance Weekly Claims Report,USD,FRED
2011-08-12,BANLE,Advance Monthly Sales for Retail and Food Services,USD,FRED
2011-08-17,PPI,Producer Price Index,USD,FRED
2011-08-17,SNB,SNB rate decision,CHF,cb_dates
2011-08-18,CPI,Consumer Price Index,USD,FRED
2011-08-18,JOBLESS,Unemployment Insurance Weekly Claims Report,USD,FRED
2011-08-23,NHA,New Residential Sales,USD,FRED
2011-08-24,DTC,"Manufacturer's Shipments, Inventories, and Orders (M3) Survey",USD,FRED
2011-08-25,JOBLESS,Unemployment Insurance Weekly Claims Report,USD,FRED
2011-08-26,UMCSI,Surveys of Consumers,USD,FRED
2011-08-26,GDP,Gross Domestic Product,USD,FRED
2011-08-29,PCE,Personal Income and Outlays,USD,FRED
2011-08-31,DTC,"Manufacturer's Shipments, Inventories, and Orders (M3) Survey",USD,FRED
2011-09-01,JOBLESS,Unemployment Insurance Weekly Claims Report,USD,FRED
2011-09-02,NFP,Employment Situation,USD,FRED
2011-09-06,SNB,SNB rate decision,CHF,cb_dates
2011-09-06,RBA,RBA rate decision,AUD,cb_dates
2011-09-07,JOLTS,Job Openings and Labor Turnover Survey,USD,FRED
2011-09-07,BOC,BOC rate decision,CAD,cb_dates
2011-09-08,JOBLESS,Unemployment Insurance Weekly Claims Report,USD,FRED
2011-09-08,ECB,ECB rate decision,EUR,cb_dates
2011-09-14,PPI,Producer Price Index,USD,FRED
2011-09-14,BANLE,Advance Monthly Sales for Retail and Food Services,USD,FRED
2011-09-15,JOBLESS,Unemployment Insurance Weekly Claims Report,USD,FRED
2011-09-15,CPI,Consumer Price Index,USD,FRED
2011-09-15,SNB,SNB rate decision,CHF,cb_dates
2011-09-21,FOMC,FOMC rate decision,USD,cb_dates
2011-09-22,JOBLESS,Unemployment Insurance Weekly Claims Report,USD,FRED
2011-09-26,NHA,New Residential Sales,USD,FRED
2011-09-28,DTC,"Manufacturer's Shipments, Inventories, and Orders (M3) Survey",USD,FRED
2011-09-29,JOBLESS,Unemployment Insurance Weekly Claims Report,USD,FRED
2011-09-29,GDP,Gross Domestic Product,USD,FRED
2011-09-30,PCE,Personal Income and Outlays,USD,FRED
2011-09-30,UMCSI,Surveys of Consumers,USD,FRED
2011-10-04,DTC,"Manufacturer's Shipments, Inventories, and Orders (M3) Survey",USD,FRED
2011-10-04,RBA,RBA rate decision,AUD,cb_dates
2011-10-06,JOBLESS,Unemployment Insurance Weekly Claims Report,USD,FRED
2011-10-06,ECB,ECB rate decision,EUR,cb_dates
2011-10-07,NFP,Employment Situation,USD,FRED
2011-10-12,JOLTS,Job Openings and Labor Turnover Survey,USD,FRED
2011-10-13,JOBLESS,Unemployment Insurance Weekly Claims Report,USD,FRED
2011-10-14,BANLE,Advance Monthly Sales for Retail and Food Services,USD,FRED
2011-10-18,PPI,Producer Price Index,USD,FRED
2011-10-19,CPI,Consumer Price Index,USD,FRED
2011-10-20,JOBLESS,Unemployment Insurance Weekly Claims Report,USD,FRED
2011-10-25,BOC,BOC rate decision,CAD,cb_dates
2011-10-26,DTC,"Manufacturer's Shipments, Inventories, and Orders (M3) Survey",USD,FRED
2011-10-26,NHA,New Residential Sales,USD,FRED
2011-10-27,GDP,Gross Domestic Product,USD,FRED
2011-10-27,JOBLESS,Unemployment Insurance Weekly Claims Report,USD,FRED
2011-10-28,PCE,Personal Income and Outlays,USD,FRED
2011-10-28,UMCSI,Surveys of Consumers,USD,FRED
2011-11-01,RBA,RBA rate decision,AUD,cb_dates
2011-11-02,FOMC,FOMC rate decision,USD,cb_dates
2011-11-03,ECB,ECB rate decision,EUR,cb_dates
2011-11-03,DTC,"Manufacturer's Shipments, Inventories, and Orders (M3) Survey",USD,FRED
2011-11-03,JOBLESS,Unemployment Insurance Weekly Claims Report,USD,FRED
2011-11-04,NFP,Employment Situation,USD,FRED
2011-11-08,JOLTS,Job Openings and Labor Turnover Survey,USD,FRED
2011-11-10,JOBLESS,Unemployment Insurance Weekly Claims Report,USD,FRED
2011-11-15,PPI,Producer Price Index,USD,FRED
2011-11-15,BANLE,Advance Monthly Sales for Retail and Food Services,USD,FRED
2011-11-16,CPI,Consumer Price Index,USD,FRED
2011-11-17,JOBLESS,Unemployment Insurance Weekly Claims Report,USD,FRED
2011-11-22,GDP,Gross Domestic Product,USD,FRED
2011-11-23,PCE,Personal Income and Outlays,USD,FRED
2011-11-23,UMCSI,Surveys of Consumers,USD,FRED
2011-11-23,JOBLESS,Unemployment Insurance Weekly Claims Report,USD,FRED
2011-11-23,DTC,"Manufacturer's Shipments, Inventories, and Orders (M3) Survey",USD,FRED
2011-11-28,NHA,New Residential Sales,USD,FRED
2011-12-01,JOBLESS,Unemployment Insurance Weekly Claims Report,USD,FRED
2011-12-02,NFP,Employment Situation,USD,FRED
2011-12-05,DTC,"Manufacturer's Shipments, Inventories, and Orders (M3) Survey",USD,FRED
2011-12-06,BOC,BOC rate decision,CAD,cb_dates
2011-12-06,RBA,RBA rate decision,AUD,cb_dates
2011-12-08,ECB,ECB rate decision,EUR,cb_dates
2011-12-08,JOBLESS,Unemployment Insurance Weekly Claims Report,USD,FRED
2011-12-13,BANLE,Advance Monthly Sales for Retail and Food Services,USD,FRED
2011-12-13,JOLTS,Job Openings and Labor Turnover Survey,USD,FRED
2011-12-13,FOMC,FOMC rate decision,USD,cb_dates
2011-12-15,PPI,Producer Price Index,USD,FRED
2011-12-15,SNB,SNB rate decision,CHF,cb_dates
2011-12-15,JOBLESS,Unemployment Insurance Weekly Claims Report,USD,FRED
2011-12-16,CPI,Consumer Price Index,USD,FRED
2011-12-22,UMCSI,Surveys of Consumers,USD,FRED
2011-12-22,GDP,Gross Domestic Product,USD,FRED
2011-12-22,JOBLESS,Unemployment Insurance Weekly Claims Report,USD,FRED
2011-12-23,DTC,"Manufacturer's Shipments, Inventories, and Orders (M3) Survey",USD,FRED
2011-12-23,NHA,New Residential Sales,USD,FRED
2011-12-23,PCE,Personal Income and Outlays,USD,FRED
2011-12-29,JOBLESS,Unemployment Insurance Weekly Claims Report,USD,FRED
2012-01-04,DTC,"Manufacturer's Shipments, Inventories, and Orders (M3) Survey",USD,FRED
2012-01-05,JOBLESS,Unemployment Insurance Weekly Claims Report,USD,FRED
2012-01-06,NFP,Employment Situation,USD,FRED
2012-01-10,JOLTS,Job Openings and Labor Turnover Survey,USD,FRED
2012-01-12,ECB,ECB rate decision,EUR,cb_dates
2012-01-12,JOBLESS,Unemployment Insurance Weekly Claims Report,USD,FRED
2012-01-12,BANLE,Advance Monthly Sales for Retail and Food Services,USD,FRED
2012-01-17,BOC,BOC rate decision,CAD,cb_dates
2012-01-18,PPI,Producer Price Index,USD,FRED
2012-01-19,CPI,Consumer Price Index,USD,FRED
2012-01-19,JOBLESS,Unemployment Insurance Weekly Claims Report,USD,FRED
2012-01-25,FOMC,FOMC rate decision,USD,cb_dates
2012-01-26,JOBLESS,Unemployment Insurance Weekly Claims Report,USD,FRED
2012-01-26,NHA,New Residential Sales,USD,FRED
2012-01-26,DTC,"Manufacturer's Shipments, Inventories, and Orders (M3) Survey",USD,FRED
2012-01-27,UMCSI,Surveys of Consumers,USD,FRED
2012-01-27,GDP,Gross Domestic Product,USD,FRED
2012-01-30,PCE,Personal Income and Outlays,USD,FRED
2012-02-02,JOBLESS,Unemployment Insurance Weekly Claims Report,USD,FRED
2012-02-03,NFP,Employment Situation,USD,FRED
2012-02-03,DTC,"Manufacturer's Shipments, Inventories, and Orders (M3) Survey",USD,FRED
2012-02-07,JOLTS,Job Openings and Labor Turnover Survey,USD,FRED
2012-02-07,RBA,RBA rate decision,AUD,cb_dates
2012-02-09,JOBLESS,Unemployment Insurance Weekly Claims Report,USD,FRED
2012-02-09,ECB,ECB rate decision,EUR,cb_dates
2012-02-14,PPI,Producer Price Index,USD,FRED
2012-02-14,BANLE,Advance Monthly Sales for Retail and Food Services,USD,FRED
2012-02-15,CPI,Consumer Price Index,USD,FRED
2012-02-16,PPI,Producer Price Index,USD,FRED
2012-02-16,JOBLESS,Unemployment Insurance Weekly Claims Report,USD,FRED
2012-02-17,CPI,Consumer Price Index,USD,FRED
2012-02-23,JOBLESS,Unemployment Insurance Weekly Claims Report,USD,FRED
2012-02-24,UMCSI,Surveys of Consumers,USD,FRED
2012-02-24,NHA,New Residential Sales,USD,FRED
2012-02-28,DTC,"Manufacturer's Shipments, Inventories, and Orders (M3) Survey",USD,FRED
2012-02-29,GDP,Gross Domestic Product,USD,FRED
2012-03-01,PCE,Personal Income and Outlays,USD,FRED
2012-03-01,JOBLESS,Unemployment Insurance Weekly Claims Report,USD,FRED
2012-03-05,DTC,"Manufacturer's Shipments, Inventories, and Orders (M3) Survey",USD,FRED
2012-03-06,RBA,RBA rate decision,AUD,cb_dates
2012-03-08,JOBLESS,Unemployment Insurance Weekly Claims Report,USD,FRED
2012-03-08,ECB,ECB rate decision,EUR,cb_dates
2012-03-08,BOC,BOC rate decision,CAD,cb_dates
2012-03-09,NFP,Employment Situation,USD,FRED
2012-03-13,BANLE,Advance Monthly Sales for Retail and Food Services,USD,FRED
2012-03-13,FOMC,FOMC rate decision,USD,cb_dates
2012-03-13,JOLTS,Job Openings and Labor Turnover Survey,USD,FRED
2012-03-15,PPI,Producer Price Index,USD,FRED
2012-03-15,JOBLESS,Unemployment Insurance Weekly Claims Report,USD,FRED
2012-03-15,SNB,SNB rate decision,CHF,cb_dates
2012-03-16,CPI,Consumer Price Index,USD,FRED
2012-03-22,JOBLESS,Unemployment Insurance Weekly Claims Report,USD,FRED
2012-03-23,NHA,New Residential Sales,USD,FRED
2012-03-28,DTC,"Manufacturer's Shipments, Inventories, and Orders (M3) Survey",USD,FRED
2012-03-29,JOBLESS,Unemployment Insurance Weekly Claims Report,USD,FRED
2012-03-29,GDP,Gross Domestic Product,USD,FRED
2012-03-30,UMCSI,Surveys of Consumers,USD,FRED
2012-03-30,PCE,Personal Income and Outlays,USD,FRED
2012-04-03,RBA,RBA rate decision,AUD,cb_dates
2012-04-03,DTC,"Manufacturer's Shipments, Inventories, and Orders (M3) Survey",USD,FRED
2012-04-04,ECB,ECB rate decision,EUR,cb_dates
2012-04-05,JOBLESS,Unemployment Insurance Weekly Claims Report,USD,FRED
2012-04-06,NFP,Employment Situation,USD,FRED
2012-04-10,JOLTS,Job Openings and Labor Turnover Survey,USD,FRED
2012-04-12,JOBLESS,Unemployment Insurance Weekly Claims Report,USD,FRED
2012-04-12,PPI,Producer Price Index,USD,FRED
2012-04-13,CPI,Consumer Price Index,USD,FRED
2012-04-16,BANLE,Advance Monthly Sales for Retail and Food Services,USD,FRED
2012-04-17,BOC,BOC rate decision,CAD,cb_dates
2012-04-19,JOBLESS,Unemployment Insurance Weekly Claims Report,USD,FRED
2012-04-24,NHA,New Residential Sales,USD,FRED
2012-04-25,FOMC,FOMC rate decision,USD,cb_dates
2012-04-25,DTC,"Manufacturer's Shipments, Inventories, and Orders (M3) Survey",USD,FRED
2012-04-26,JOBLESS,Unemployment Insurance Weekly Claims Report,USD,FRED
2012-04-27,UMCSI,Surveys of Consumers,USD,FRED
2012-04-27,GDP,Gross Domestic Product,USD,FRED
2012-04-30,PCE,Personal Income and Outlays,USD,FRED
2012-04-30,BANLE,Advance Monthly Sales for Retail and Food Services,USD,FRED
2012-05-01,RBA,RBA rate decision,AUD,cb_dates
2012-05-02,DTC,"Manufacturer's Shipments, Inventories, and Orders (M3) Survey",USD,FRED
2012-05-03,ECB,ECB rate decision,EUR,cb_dates
2012-05-03,JOBLESS,Unemployment Insurance Weekly Claims Report,USD,FRED
2012-05-04,NFP,Employment Situation,USD,FRED
2012-05-08,JOLTS,Job Openings and Labor Turnover Survey,USD,FRED
2012-05-10,JOBLESS,Unemployment Insurance Weekly Claims Report,USD,FRED
2012-05-11,PPI,Producer Price Index,USD,FRED
2012-05-15,BANLE,Advance Monthly Sales for Retail and Food Services,USD,FRED
2012-05-15,CPI,Consumer Price Index,USD,FRED
2012-05-17,JOBLESS,Unemployment Insurance Weekly Claims Report,USD,FRED
2012-05-18,DTC,"Manufacturer's Shipments, Inventories, and Orders (M3) Survey",USD,FRED
2012-05-23,NHA,New Residential Sales,USD,FRED
2012-05-24,JOBLESS,Unemployment Insurance Weekly Claims Report,USD,FRED
2012-05-24,DTC,"Manufacturer's Shipments, Inventories, and Orders (M3) Survey",USD,FRED
2012-05-25,UMCSI,Surveys of Consumers,USD,FRED
2012-05-31,JOBLESS,Unemployment Insurance Weekly Claims Report,USD,FRED
2012-05-31,GDP,Gross Domestic Product,USD,FRED
2012-06-01,PCE,Personal Income and Outlays,USD,FRED
2012-06-01,NFP,Employment Situation,USD,FRED
2012-06-04,DTC,"Manufacturer's Shipments, Inventories, and Orders (M3) Survey",USD,FRED
2012-06-05,BOC,BOC rate decision,CAD,cb_dates
2012-06-05,RBA,RBA rate decision,AUD,cb_dates
2012-06-06,ECB,ECB rate decision,EUR,cb_dates
2012-06-07,JOBLESS,Unemployment Insurance Weekly Claims Report,USD,FRED
2012-06-13,PPI,Producer Price Index,USD,FRED
2012-06-13,BANLE,Advance Monthly Sales for Retail and Food Services,USD,FRED
2012-06-14,CPI,Consumer Price Index,USD,FRED
2012-06-14,SNB,SNB rate decision,CHF,cb_dates
2012-06-14,JOBLESS,Unemployment Insurance Weekly Claims Report,USD,FRED
2012-06-19,JOLTS,Job Openings and Labor Turnover Survey,USD,FRED
2012-06-20,FOMC,FOMC rate decision,USD,cb_dates
2012-06-21,JOBLESS,Unemployment Insurance Weekly Claims Report,USD,FRED
2012-06-25,NHA,New Residential Sales,USD,FRED
2012-06-27,DTC,"Manufacturer's Shipments, Inventories, and Orders (M3) Survey",USD,FRED
2012-06-28,GDP,Gross Domestic Product,USD,FRED
2012-06-28,JOBLESS,Unemployment Insurance Weekly Claims Report,USD,FRED
2012-06-29,UMCSI,Surveys of Consumers,USD,FRED
2012-06-29,PCE,Personal Income and Outlays,USD,FRED
2012-07-03,RBA,RBA rate decision,AUD,cb_dates
2012-07-03,DTC,"Manufacturer's Shipments, Inventories, and Orders (M3) Survey",USD,FRED
2012-07-05,JOBLESS,Unemployment Insurance Weekly Claims Report,USD,FRED
2012-07-05,ECB,ECB rate decision,EUR,cb_dates
2012-07-06,NFP,Employment Situation,USD,FRED
2012-07-10,JOLTS,Job Openings and Labor Turnover Survey,USD,FRED
2012-07-12,JOBLESS,Unemployment Insurance Weekly Claims Report,USD,FRED
2012-07-13,PPI,Producer Price Index,USD,FRED
2012-07-16,BANLE,Advance Monthly Sales for Retail and Food Services,USD,FRED
2012-07-17,CPI,Consumer Price Index,USD,FRED
2012-07-17,BOC,BOC rate decision,CAD,cb_dates
2012-07-19,JOBLESS,Unemployment Insurance Weekly Claims Report,USD,FRED
2012-07-25,NHA,New Residential Sales,USD,FRED
2012-07-26,DTC,"Manufacturer's Shipments, Inventories, and Orders (M3) Survey",USD,FRED
2012-07-26,JOBLESS,Unemployment Insurance Weekly Claims Report,USD,FRED
2012-07-27,GDP,Gross Domestic Product,USD,FRED
2012-07-27,UMCSI,Surveys of Consumers,USD,FRED
2012-07-31,PCE,Personal Income and Outlays,USD,FRED
2012-08-01,FOMC,FOMC rate decision,USD,cb_dates
2012-08-02,JOBLESS,Unemployment Insurance Weekly Claims Report,USD,FRED
2012-08-02,ECB,ECB rate decision,EUR,cb_dates
2012-08-02,DTC,"Manufacturer's Shipments, Inventories, and Orders (M3) Survey",USD,FRED
2012-08-03,NFP,Employment Situation,USD,FRED
2012-08-07,JOLTS,Job Openings and Labor Turnover Survey,USD,FRED
2012-08-07,RBA,RBA rate decision,AUD,cb_dates
2012-08-09,JOBLESS,Unemployment Insurance Weekly Claims Report,USD,FRED
2012-08-14,PPI,Producer Price Index,USD,FRED
2012-08-14,BANLE,Advance Monthly Sales for Retail and Food Services,USD,FRED
2012-08-15,CPI,Consumer Price Index,USD,FRED
2012-08-16,JOBLESS,Unemployment Insurance Weekly Claims Report,USD,FRED
2012-08-23,NHA,New Residential Sales,USD,FRED
2012-08-23,JOBLESS,Unemployment Insurance Weekly Claims Report,USD,FRED
2012-08-24,DTC,"Manufacturer's Shipments, Inventories, and Orders (M3) Survey",USD,FRED
2012-08-29,GDP,Gross Domestic Product,USD,FRED
2012-08-30,PCE,Personal Income and Outlays,USD,FRED
2012-08-30,JOBLESS,Unemployment Insurance Weekly Claims Report,USD,FRED
2012-08-31,UMCSI,Surveys of Consumers,USD,FRED
2012-08-31,DTC,"Manufacturer's Shipments, Inventories, and Orders (M3) Survey",USD,FRED
2012-09-04,RBA,RBA rate decision,AUD,cb_dates
2012-09-05,BOC,BOC rate decision,CAD,cb_dates
2012-09-06,JOBLESS,Unemployment Insurance Weekly Claims Report,USD,FRED
2012-09-06,ECB,ECB rate decision,EUR,cb_dates
2012-09-07,NFP,Employment Situation,USD,FRED
2012-09-11,JOLTS,Job Openings and Labor Turnover Survey,USD,FRED
2012-09-13,JOBLESS,Unemployment Insurance Weekly Claims Report,USD,FRED
2012-09-13,FOMC,FOMC rate decision,USD,cb_dates
2012-09-13,PPI,Producer Price Index,USD,FRED
2012-09-13,SNB,SNB rate decision,CHF,cb_dates
2012-09-14,BANLE,Advance Monthly Sales for Retail and Food Services,USD,FRED
2012-09-14,CPI,Consumer Price Index,USD,FRED
2012-09-20,JOBLESS,Unemployment Insurance Weekly Claims Report,USD,FRED
2012-09-26,NHA,New Residential Sales,USD,FRED
2012-09-27,GDP,Gross Domestic Product,USD,FRED
2012-09-27,DTC,"Manufacturer's Shipments, Inventories, and Orders (M3) Survey",USD,FRED
2012-09-27,JOBLESS,Unemployment Insurance Weekly Claims Report,USD,FRED
2012-09-28,UMCSI,Surveys of Consumers,USD,FRED
2012-09-28,PCE,Personal Income and Outlays,USD,FRED
2012-10-02,RBA,RBA rate decision,AUD,cb_dates
2012-10-04,ECB,ECB rate decision,EUR,cb_dates
2012-10-04,JOBLESS,Unemployment Insurance Weekly Claims Report,USD,FRED
2012-10-04,DTC,"Manufacturer's Shipments, Inventories, and Orders (M3) Survey",USD,FRED
2012-10-05,NFP,Employment Situation,USD,FRED
2012-10-10,JOLTS,Job Openings and Labor Turnover Survey,USD,FRED
2012-10-11,JOBLESS,Unemployment Insurance Weekly Claims Report,USD,FRED
2012-10-12,PPI,Producer Price Index,USD,FRED
2012-10-15,BANLE,Advance Monthly Sales for Retail and Food Services,USD,FRED
2012-10-16,CPI,Consumer Price Index,USD,FRED
2012-10-18,JOBLESS,Unemployment Insurance Weekly Claims Report,USD,FRED
2012-10-23,BOC,BOC rate decision,CAD,cb_dates
2012-10-24,FOMC,FOMC rate decision,USD,cb_dates
2012-10-24,NHA,New Residential Sales,USD,FRED
2012-10-25,DTC,"Manufacturer's Shipments, Inventories, and Orders (M3) Survey",USD,FRED
2012-10-25,JOBLESS,Unemployment Insurance Weekly Claims Report,USD,FRED
2012-10-26,GDP,Gross Domestic Product,USD,FRED
2012-10-26,UMCSI,Surveys of Consumers,USD,FRED
2012-10-29,PCE,Personal Income and Outlays,USD,FRED
2012-11-01,JOBLESS,Unemployment Insurance Weekly Claims Report,USD,FRED
2012-11-02,DTC,"Manufacturer's Shipments, Inventories, and Orders (M3) Survey",USD,FRED
2012-11-02,NFP,Employment Situation,USD,FRED
2012-11-06,RBA,RBA rate decision,AUD,cb_dates
2012-11-06,JOLTS,Job Openings and Labor Turnover Survey,USD,FRED
2012-11-08,ECB,ECB rate decision,EUR,cb_dates
2012-11-08,JOBLESS,Unemployment Insurance Weekly Claims Report,USD,FRED
2012-11-14,BANLE,Advance Monthly Sales for Retail and Food Services,USD,FRED
2012-11-14,PPI,Producer Price Index,USD,FRED
2012-11-15,JOBLESS,Unemployment Insurance Weekly Claims Report,USD,FRED
2012-11-15,CPI,Consumer Price Index,USD,FRED
2012-11-21,JOBLESS,Unemployment Insurance Weekly Claims Report,USD,FRED
2012-11-21,UMCSI,Surveys of Consumers,USD,FRED
2012-11-27,DTC,"Manufacturer's Shipments, Inventories, and Orders (M3) Survey",USD,FRED
2012-11-28,NHA,New Residential Sales,USD,FRED
2012-11-29,GDP,Gross Domestic Product,USD,FRED
2012-11-29,JOBLESS,Unemployment Insurance Weekly Claims Report,USD,FRED
2012-11-30,PCE,Personal Income and Outlays,USD,FRED
2012-12-04,RBA,RBA rate decision,AUD,cb_dates
2012-12-04,BOC,BOC rate decision,CAD,cb_dates
2012-12-05,DTC,"Manufacturer's Shipments, Inventories, and Orders (M3) Survey",USD,FRED
2012-12-06,ECB,ECB rate decision,EUR,cb_dates
2012-12-06,JOBLESS,Unemployment Insurance Weekly Claims Report,USD,FRED
2012-12-07,NFP,Employment Situation,USD,FRED
2012-12-11,JOLTS,Job Openings and Labor Turnover Survey,USD,FRED
2012-12-12,NFP,Employment Situation,USD,FRED
2012-12-12,FOMC,FOMC rate decision,USD,cb_dates
2012-12-13,BANLE,Advance Monthly Sales for Retail and Food Services,USD,FRED
2012-12-13,SNB,SNB rate decision,CHF,cb_dates
2012-12-13,JOBLESS,Unemployment Insurance Weekly Claims Report,USD,FRED
2012-12-13,PPI,Producer Price Index,USD,FRED
2012-12-14,CPI,Consumer Price Index,USD,FRED
2012-12-20,GDP,Gross Domestic Product,USD,FRED
2012-12-20,JOBLESS,Unemployment Insurance Weekly Claims Report,USD,FRED
2012-12-21,DTC,"Manufacturer's Shipments, Inventories, and Orders (M3) Survey",USD,FRED
2012-12-21,UMCSI,Surveys of Consumers,USD,FRED
2012-12-21,PCE,Personal Income and Outlays,USD,FRED
2012-12-27,NHA,New Residential Sales,USD,FRED
2012-12-27,JOBLESS,Unemployment Insurance Weekly Claims Report,USD,FRED
2013-01-03,JOBLESS,Unemployment Insurance Weekly Claims Report,USD,FRED
2013-01-04,NFP,Employment Situation,USD,FRED
2013-01-04,DTC,"Manufacturer's Shipments, Inventories, and Orders (M3) Survey",USD,FRED
2013-01-10,ECB,ECB rate decision,EUR,cb_dates
2013-01-10,JOBLESS,Unemployment Insurance Weekly Claims Report,USD,FRED
2013-01-10,JOLTS,Job Openings and Labor Turnover Survey,USD,FRED
2013-01-15,BANLE,Advance Monthly Sales for Retail and Food Services,USD,FRED
2013-01-15,PPI,Producer Price Index,USD,FRED
2013-01-16,CPI,Consumer Price Index,USD,FRED
2013-01-17,JOBLESS,Unemployment Insurance Weekly Claims Report,USD,FRED
2013-01-23,BOC,BOC rate decision,CAD,cb_dates
2013-01-24,JOBLESS,Unemployment Insurance Weekly Claims Report,USD,FRED
2013-01-25,NHA,New Residential Sales,USD,FRED
2013-01-28,DTC,"Manufacturer's Shipments, Inventories, and Orders (M3) Survey",USD,FRED
2013-01-30,GDP,Gross Domestic Product,USD,FRED
2013-01-30,FOMC,FOMC rate decision,USD,cb_dates
2013-01-31,PCE,Personal Income and Outlays,USD,FRED
2013-01-31,JOBLESS,Unemployment Insurance Weekly Claims Report,USD,FRED
2013-02-01,UMCSI,Surveys of Consumers,USD,FRED
2013-02-01,NFP,Employment Situation,USD,FRED
2013-02-04,DTC,"Manufacturer's Shipments, Inventories, and Orders (M3) Survey",USD,FRED
2013-02-05,RBA,RBA rate decision,AUD,cb_dates
2013-02-07,JOBLESS,Unemployment Insurance Weekly Claims Report,USD,FRED
2013-02-07,ECB,ECB rate decision,EUR,cb_dates
2013-02-12,JOLTS,Job Openings and Labor Turnover Survey,USD,FRED
2013-02-13,BANLE,Advance Monthly Sales for Retail and Food Services,USD,FRED
2013-02-14,JOBLESS,Unemployment Insurance Weekly Claims Report,USD,FRED
2013-02-19,CPI,Consumer Price Index,USD,FRED
2013-02-20,PPI,Producer Price Index,USD,FRED
2013-02-21,CPI,Consumer Price Index,USD,FRED
2013-02-21,JOBLESS,Unemployment Insurance Weekly Claims Report,USD,FRED
2013-02-26,NHA,New Residential Sales,USD,FRED
2013-02-27,DTC,"Manufacturer's Shipments, Inventories, and Orders (M3) Survey",USD,FRED
2013-02-28,GDP,Gross Domestic Product,USD,FRED
2013-02-28,JOBLESS,Unemployment Insurance Weekly Claims Report,USD,FRED
2013-03-01,PCE,Personal Income and Outlays,USD,FRED
2013-03-01,UMCSI,Surveys of Consumers,USD,FRED
2013-03-05,RBA,RBA rate decision,AUD,cb_dates
2013-03-06,DTC,"Manufacturer's Shipments, Inventories, and Orders (M3) Survey",USD,FRED
2013-03-06,BOC,BOC rate decision,CAD,cb_dates
2013-03-07,JOBLESS,Unemployment Insurance Weekly Claims Report,USD,FRED
2013-03-07,ECB,ECB rate decision,EUR,cb_dates
2013-03-08,NFP,Employment Situation,USD,FRED
2013-03-12,JOLTS,Job Openings and Labor Turnover Survey,USD,FRED
2013-03-13,BANLE,Advance Monthly Sales for Retail and Food Services,USD,FRED
2013-03-14,PPI,Producer Price Index,USD,FRED
2013-03-14,JOBLESS,Unemployment Insurance Weekly Claims Report,USD,FRED
2013-03-14,SNB,SNB rate decision,CHF,cb_dates
2013-03-15,CPI,Consumer Price Index,USD,FRED
2013-03-20,FOMC,FOMC rate decision,USD,cb_dates
2013-03-21,JOBLESS,Unemployment Insurance Weekly Claims Report,USD,FRED
2013-03-26,NHA,New Residential Sales,USD,FRED
2013-03-26,DTC,"Manufacturer's Shipments, Inventories, and Orders (M3) Survey",USD,FRED
2013-03-28,JOBLESS,Unemployment Insurance Weekly Claims Report,USD,FRED
2013-03-28,GDP,Gross Domestic Product,USD,FRED
2013-03-29,PCE,Personal Income and Outlays,USD,FRED
2013-03-29,UMCSI,Surveys of Consumers,USD,FRED
2013-04-02,RBA,RBA rate decision,AUD,cb_dates
2013-04-02,DTC,"Manufacturer's Shipments, Inventories, and Orders (M3) Survey",USD,FRED
2013-04-04,JOBLESS,Unemployment Insurance Weekly Claims Report,USD,FRED
2013-04-04,ECB,ECB rate decision,EUR,cb_dates
2013-04-05,NFP,Employment Situation,USD,FRED
2013-04-09,JOLTS,Job Openings and Labor Turnover Survey,USD,FRED
2013-04-11,JOBLESS,Unemployment Insurance Weekly Claims Report,USD,FRED
2013-04-12,BANLE,Advance Monthly Sales for Retail and Food Services,USD,FRED
2013-04-12,PPI,Producer Price Index,USD,FRED
2013-04-16,CPI,Consumer Price Index,USD,FRED
2013-04-17,BOC,BOC rate decision,CAD,cb_dates
2013-04-18,JOBLESS,Unemployment Insurance Weekly Claims Report,USD,FRED
2013-04-23,NHA,New Residential Sales,USD,FRED
2013-04-24,DTC,"Manufacturer's Shipments, Inventories, and Orders (M3) Survey",USD,FRED
2013-04-25,JOBLESS,Unemployment Insurance Weekly Claims Report,USD,FRED
2013-04-26,UMCSI,Surveys of Consumers,USD,FRED
2013-04-26,GDP,Gross Domestic Product,USD,FRED
2013-04-29,PCE,Personal Income and Outlays,USD,FRED
2013-05-01,FOMC,FOMC rate decision,USD,cb_dates
2013-05-02,JOBLESS,Unemployment Insurance Weekly Claims Report,USD,FRED
2013-05-02,ECB,ECB rate decision,EUR,cb_dates
2013-05-03,DTC,"Manufacturer's Shipments, Inventories, and Orders (M3) Survey",USD,FRED
2013-05-03,NFP,Employment Situation,USD,FRED
2013-05-06,NFP,Employment Situation,USD,FRED
2013-05-07,RBA,RBA rate decision,AUD,cb_dates
2013-05-07,JOLTS,Job Openings and Labor Turnover Survey,USD,FRED
2013-05-09,JOBLESS,Unemployment Insurance Weekly Claims Report,USD,FRED
2013-05-13,BANLE,Advance Monthly Sales for Retail and Food Services,USD,FRED
2013-05-15,PPI,Producer Price Index,USD,FRED
2013-05-16,CPI,Consumer Price Index,USD,FRED
2013-05-16,JOBLESS,Unemployment Insurance Weekly Claims Report,USD,FRED
2013-05-17,DTC,"Manufacturer's Shipments, Inventories, and Orders (M3) Survey",USD,FRED
2013-05-23,NHA,New Residential Sales,USD,FRED
2013-05-23,JOBLESS,Unemployment Insurance Weekly Claims Report,USD,FRED
2013-05-24,DTC,"Manufacturer's Shipments, Inventories, and Orders (M3) Survey",USD,FRED
2013-05-28,DTC,"Manufacturer's Shipments, Inventories, and Orders (M3) Survey",USD,FRED
2013-05-29,BOC,BOC rate decision,CAD,cb_dates
2013-05-30,JOBLESS,Unemployment Insurance Weekly Claims Report,USD,FRED
2013-05-30,GDP,Gross Domestic Product,USD,FRED
2013-05-31,PCE,Personal Income and Outlays,USD,FRED
2013-05-31,BANLE,Advance Monthly Sales for Retail and Food Services,USD,FRED
2013-05-31,UMCSI,Surveys of Consumers,USD,FRED
2013-06-04,RBA,RBA rate decision,AUD,cb_dates
2013-06-05,DTC,"Manufacturer's Shipments, Inventories, and Orders (M3) Survey",USD,FRED
2013-06-06,ECB,ECB rate decision,EUR,cb_dates
2013-06-06,JOBLESS,Unemployment Insurance Weekly Claims Report,USD,FRED
2013-06-07,NFP,Employment Situation,USD,FRED
2013-06-11,JOLTS,Job Openings and Labor Turnover Survey,USD,FRED
2013-06-13,JOBLESS,Unemployment Insurance Weekly Claims Report,USD,FRED
2013-06-13,BANLE,Advance Monthly Sales for Retail and Food Services,USD,FRED
2013-06-14,PPI,Producer Price Index,USD,FRED
2013-06-18,CPI,Consumer Price Index,USD,FRED
2013-06-19,FOMC,FOMC rate decision,USD,cb_dates
2013-06-20,SNB,SNB rate decision,CHF,cb_dates
2013-06-20,JOBLESS,Unemployment Insurance Weekly Claims Report,USD,FRED
2013-06-25,NHA,New Residential Sales,USD,FRED
2013-06-25,DTC,"Manufacturer's Shipments, Inventories, and Orders (M3) Survey",USD,FRED
2013-06-26,GDP,Gross Domestic Product,USD,FRED
2013-06-27,JOBLESS,Unemployment Insurance Weekly Claims Report,USD,FRED
2013-06-27,PCE,Personal Income and Outlays,USD,FRED
2013-06-28,UMCSI,Surveys of Consumers,USD,FRED
2013-07-02,DTC,"Manufacturer's Shipments, Inventories, and Orders (M3) Survey",USD,FRED
2013-07-02,RBA,RBA rate decision,AUD,cb_dates
2013-07-03,JOBLESS,Unemployment Insurance Weekly Claims Report,USD,FRED
2013-07-04,ECB,ECB rate decision,EUR,cb_dates
2013-07-05,NFP,Employment Situation,USD,FRED
2013-07-09,JOLTS,Job Openings and Labor Turnover Survey,USD,FRED
2013-07-11,JOBLESS,Unemployment Insurance Weekly Claims Report,USD,FRED
2013-07-12,PPI,Producer Price Index,USD,FRED
2013-07-15,BANLE,Advance Monthly Sales for Retail and Food Services,USD,FRED
2013-07-16,CPI,Consumer Price Index,USD,FRED
2013-07-17,BOC,BOC rate decision,CAD,cb_dates
2013-07-18,JOBLESS,Unemployment Insurance Weekly Claims Report,USD,FRED
2013-07-24,NHA,New Residential Sales,USD,FRED
2013-07-25,DTC,"Manufacturer's Shipments, Inventories, and Orders (M3) Survey",USD,FRED
2013-07-25,JOBLESS,Unemployment Insurance Weekly Claims Report,USD,FRED
2013-07-26,UMCSI,Surveys of Consumers,USD,FRED
2013-07-31,FOMC,FOMC rate decision,USD,cb_dates
2013-07-31,GDP,Gross Domestic Product,USD,FRED
2013-08-01,ECB,ECB rate decision,EUR,cb_dates
2013-08-01,JOBLESS,Unemployment Insurance Weekly Claims Report,USD,FRED
2013-08-01,GDP,Gross Domestic Product,USD,FRED
2013-08-02,PCE,Personal Income and Outlays,USD,FRED
2013-08-02,DTC,"Manufacturer's Shipments, Inventories, and Orders (M3) Survey",USD,FRED
2013-08-02,NFP,Employment Situation,USD,FRED
2013-08-06,JOLTS,Job Openings and Labor Turnover Survey,USD,FRED
2013-08-06,RBA,RBA rate decision,AUD,cb_dates
2013-08-08,GDP,Gross Domestic Product,USD,FRED
2013-08-08,PCE,Personal Income and Outlays,USD,FRED
2013-08-08,JOBLESS,Unemployment Insurance Weekly Claims Report,USD,FRED
2013-08-13,BANLE,Advance Monthly Sales for Retail and Food Services,USD,FRED
2013-08-14,PPI,Producer Price Index,USD,FRED
2013-08-15,JOBLESS,Unemployment Insurance Weekly Claims Report,USD,FRED
2013-08-15,CPI,Consumer Price Index,USD,FRED
2013-08-15,GDP,Gross Domestic Product,USD,FRED
2013-08-22,JOBLESS,Unemployment Insurance Weekly Claims Report,USD,FRED
2013-08-23,NHA,New Residential Sales,USD,FRED
2013-08-26,DTC,"Manufacturer's Shipments, Inventories, and Orders (M3) Survey",USD,FRED
2013-08-29,JOBLESS,Unemployment Insurance Weekly Claims Report,USD,FRED
2013-08-29,GDP,Gross Domestic Product,USD,FRED
2013-08-30,PCE,Personal Income and Outlays,USD,FRED
2013-08-30,UMCSI,Surveys of Consumers,USD,FRED
2013-09-03,RBA,RBA rate decision,AUD,cb_dates
2013-09-04,BOC,BOC rate decision,CAD,cb_dates
2013-09-05,JOBLESS,Unemployment Insurance Weekly Claims Report,USD,FRED
2013-09-05,ECB,ECB rate decision,EUR,cb_dates
2013-09-05,DTC,"Manufacturer's Shipments, Inventories, and Orders (M3) Survey",USD,FRED
2013-09-06,NFP,Employment Situation,USD,FRED
2013-09-10,JOLTS,Job Openings and Labor Turnover Survey,USD,FRED
2013-09-12,JOBLESS,Unemployment Insurance Weekly Claims Report,USD,FRED
2013-09-13,PPI,Producer Price Index,USD,FRED
2013-09-13,BANLE,Advance Monthly Sales for Retail and Food Services,USD,FRED
2013-09-17,CPI,Consumer Price Index,USD,FRED
2013-09-18,FOMC,FOMC rate decision,USD,cb_dates
2013-09-19,SNB,SNB rate decision,CHF,cb_dates
2013-09-19,JOBLESS,Unemployment Insurance Weekly Claims Report,USD,FRED
2013-09-25,DTC,"Manufacturer's Shipments, Inventories, and Orders (M3) Survey",USD,FRED
2013-09-25,NHA,New Residential Sales,USD,FRED
2013-09-26,JOBLESS,Unemployment Insurance Weekly Claims Report,USD,FRED
2013-09-26,GDP,Gross Domestic Product,USD,FRED
2013-09-27,PCE,Personal Income and Outlays,USD,FRED
2013-09-27,UMCSI,Surveys of Consumers,USD,FRED
2013-10-01,RBA,RBA rate decision,AUD,cb_dates
2013-10-02,ECB,ECB rate decision,EUR,cb_dates
2013-10-03,JOBLESS,Unemployment Insurance Weekly Claims Report,USD,FRED
2013-10-10,JOBLESS,Unemployment Insurance Weekly Claims Report,USD,FRED
2013-10-17,JOBLESS,Unemployment Insurance Weekly Claims Report,USD,FRED
2013-10-22,NFP,Employment Situation,USD,FRED
2013-10-23,BOC,BOC rate decision,CAD,cb_dates
2013-10-24,JOLTS,Job Openings and Labor Turnover Survey,USD,FRED
2013-10-24,JOBLESS,Unemployment Insurance Weekly Claims Report,USD,FRED
2013-10-25,DTC,"Manufacturer's Shipments, Inventories, and Orders (M3) Survey",USD,FRED
2013-10-25,UMCSI,Surveys of Consumers,USD,FRED
2013-10-29,BANLE,Advance Monthly Sales for Retail and Food Services,USD,FRED
2013-10-29,PPI,Producer Price Index,USD,FRED
2013-10-30,CPI,Consumer Price Index,USD,FRED
2013-10-30,FOMC,FOMC rate decision,USD,cb_dates
2013-10-31,JOBLESS,Unemployment Insurance Weekly Claims Report,USD,FRED
2013-11-01,GDP,Gross Domestic Product,USD,FRED
2013-11-04,DTC,"Manufacturer's Shipments, Inventories, and Orders (M3) Survey",USD,FRED
2013-11-05,RBA,RBA rate decision,AUD,cb_dates
2013-11-07,JOBLESS,Unemployment Insurance Weekly Claims Report,USD,FRED
2013-11-07,GDP,Gross Domestic Product,USD,FRED
2013-11-07,ECB,ECB rate decision,EUR,cb_dates
2013-11-08,PCE,Personal Income and Outlays,USD,FRED
2013-11-08,NFP,Employment Situation,USD,FRED
2013-11-14,JOBLESS,Unemployment Insurance Weekly Claims Report,USD,FRED
2013-11-20,BANLE,Advance Monthly Sales for Retail and Food Services,USD,FRED
2013-11-20,CPI,Consumer Price Index,USD,FRED
2013-11-21,PPI,Producer Price Index,USD,FRED
2013-11-21,JOBLESS,Unemployment Insurance Weekly Claims Report,USD,FRED
2013-11-22,JOLTS,Job Openings and Labor Turnover Survey,USD,FRED
2013-11-27,UMCSI,Surveys of Consumers,USD,FRED
2013-11-27,DTC,"Manufacturer's Shipments, Inventories, and Orders (M3) Survey",USD,FRED
2013-11-27,JOBLESS,Unemployment Insurance Weekly Claims Report,USD,FRED
2013-12-03,RBA,RBA rate decision,AUD,cb_dates
2013-12-04,NHA,New Residential Sales,USD,FRED
2013-12-04,BOC,BOC rate decision,CAD,cb_dates
2013-12-05,JOBLESS,Unemployment Insurance Weekly Claims Report,USD,FRED
2013-12-05,DTC,"Manufacturer's Shipments, Inventories, and Orders (M3) Survey",USD,FRED
2013-12-05,GDP,Gross Domestic Product,USD,FRED
2013-12-05,ECB,ECB rate decision,EUR,cb_dates
2013-12-06,PCE,Personal Income and Outlays,USD,FRED
2013-12-06,NFP,Employment Situation,USD,FRED
2013-12-10,JOLTS,Job Openings and Labor Turnover Survey,USD,FRED
2013-12-12,BANLE,Advance Monthly Sales for Retail and Food Services,USD,FRED
2013-12-12,SNB,SNB rate decision,CHF,cb_dates
2013-12-12,JOBLESS,Unemployment Insurance Weekly Claims Report,USD,FRED
2013-12-13,PPI,Producer Price Index,USD,FRED
2013-12-17,CPI,Consumer Price Index,USD,FRED
2013-12-18,FOMC,FOMC rate decision,USD,cb_dates
2013-12-19,JOBLESS,Unemployment Insurance Weekly Claims Report,USD,FRED
2013-12-20,GDP,Gross Domestic Product,USD,FRED
2013-12-23,PCE,Personal Income and Outlays,USD,FRED
2013-12-23,UMCSI,Surveys of Consumers,USD,FRED
2013-12-24,NHA,New Residential Sales,USD,FRED
2013-12-24,DTC,"Manufacturer's Shipments, Inventories, and Orders (M3) Survey",USD,FRED
2013-12-26,JOBLESS,Unemployment Insurance Weekly Claims Report,USD,FRED
2014-01-02,JOBLESS,Unemployment Insurance Weekly Claims Report,USD,FRED
2014-01-06,DTC,"Manufacturer's Shipments, Inventories, and Orders (M3) Survey",USD,FRED
2014-01-09,JOBLESS,Unemployment Insurance Weekly Claims Report,USD,FRED
2014-01-09,ECB,ECB rate decision,EUR,cb_dates
2014-01-10,GDP,Gross Domestic Product,USD,FRED
2014-01-10,NFP,Employment Situation,USD,FRED
2014-01-14,BANLE,Advance Monthly Sales for Retail and Food Services,USD,FRED
2014-01-15,PPI,Producer Price Index,USD,FRED
2014-01-16,JOBLESS,Unemployment Insurance Weekly Claims Report,USD,FRED
2014-01-16,CPI,Consumer Price Index,USD,FRED
2014-01-17,JOLTS,Job Openings and Labor Turnover Survey,USD,FRED
2014-01-22,BOC,BOC rate decision,CAD,cb_dates
2014-01-23,JOBLESS,Unemployment Insurance Weekly Claims Report,USD,FRED
2014-01-27,NHA,New Residential Sales,USD,FRED
2014-01-28,DTC,"Manufacturer's Shipments, Inventories, and Orders (M3) Survey",USD,FRED
2014-01-29,FOMC,FOMC rate decision,USD,cb_dates
2014-01-30,GDP,Gross Domestic Product,USD,FRED
2014-01-30,JOBLESS,Unemployment Insurance Weekly Claims Report,USD,FRED
2014-01-31,PCE,Personal Income and Outlays,USD,FRED
2014-01-31,UMCSI,Surveys of Consumers,USD,FRED
2014-02-04,RBA,RBA rate decision,AUD,cb_dates
2014-02-04,DTC,"Manufacturer's Shipments, Inventories, and Orders (M3) Survey",USD,FRED
2014-02-06,ECB,ECB rate decision,EUR,cb_dates
2014-02-06,JOBLESS,Unemployment Insurance Weekly Claims Report,USD,FRED
2014-02-07,NFP,Employment Situation,USD,FRED
2014-02-11,JOLTS,Job Openings and Labor Turnover Survey,USD,FRED
2014-02-13,JOBLESS,Unemployment Insurance Weekly Claims Report,USD,FRED
2014-02-13,BANLE,Advance Monthly Sales for Retail and Food Services,USD,FRED
2014-02-14,PPI,Producer Price Index,USD,FRED
2014-02-18,CPI,Consumer Price Index,USD,FRED
2014-02-19,PPI,Producer Price Index,USD,FRED
2014-02-20,JOBLESS,Unemployment Insurance Weekly Claims Report,USD,FRED
2014-02-20,CPI,Consumer Price Index,USD,FRED
2014-02-26,NHA,New Residential Sales,USD,FRED
2014-02-27,DTC,"Manufacturer's Shipments, Inventories, and Orders (M3) Survey",USD,FRED
2014-02-27,JOBLESS,Unemployment Insurance Weekly Claims Report,USD,FRED
2014-02-28,UMCSI,Surveys of Consumers,USD,FRED
2014-02-28,GDP,Gross Domestic Product,USD,FRED
2014-03-03,PCE,Personal Income and Outlays,USD,FRED
2014-03-04,RBA,RBA rate decision,AUD,cb_dates
2014-03-05,BOC,BOC rate decision,CAD,cb_dates
2014-03-06,ECB,ECB rate decision,EUR,cb_dates
2014-03-06,DTC,"Manufacturer's Shipments, Inventories, and Orders (M3) Survey",USD,FRED
2014-03-06,JOBLESS,Unemployment Insurance Weekly Claims Report,USD,FRED
2014-03-07,NFP,Employment Situation,USD,FRED
2014-03-11,JOLTS,Job Openings and Labor Turnover Survey,USD,FRED
2014-03-13,BANLE,Advance Monthly Sales for Retail and Food Services,USD,FRED
2014-03-13,JOBLESS,Unemployment Insurance Weekly Claims Report,USD,FRED
2014-03-14,PPI,Producer Price Index,USD,FRED
2014-03-18,CPI,Consumer Price Index,USD,FRED
2014-03-19,FOMC,FOMC rate decision,USD,cb_dates
2014-03-20,JOBLESS,Unemployment Insurance Weekly Claims Report,USD,FRED
2014-03-20,SNB,SNB rate decision,CHF,cb_dates
2014-03-25,NHA,New Residential Sales,USD,FRED
2014-03-26,DTC,"Manufacturer's Shipments, Inventories, and Orders (M3) Survey",USD,FRED
2014-03-27,JOBLESS,Unemployment Insurance Weekly Claims Report,USD,FRED
2014-03-27,GDP,Gross Domestic Product,USD,FRED
2014-03-28,PCE,Personal Income and Outlays,USD,FRED
2014-03-28,UMCSI,Surveys of Consumers,USD,FRED
2014-04-01,RBA,RBA rate decision,AUD,cb_dates
2014-04-02,DTC,"Manufacturer's Shipments, Inventories, and Orders (M3) Survey",USD,FRED
2014-04-03,ECB,ECB rate decision,EUR,cb_dates
2014-04-03,JOBLESS,Unemployment Insurance Weekly Claims Report,USD,FRED
2014-04-04,NFP,Employment Situation,USD,FRED
2014-04-08,JOLTS,Job Openings and Labor Turnover Survey,USD,FRED
2014-04-10,JOBLESS,Unemployment Insurance Weekly Claims Report,USD,FRED
2014-04-11,PPI,Producer Price Index,USD,FRED
2014-04-14,BANLE,Advance Monthly Sales for Retail and Food Services,USD,FRED
2014-04-15,CPI,Consumer Price Index,USD,FRED
2014-04-16,BOC,BOC rate decision,CAD,cb_dates
2014-04-17,JOBLESS,Unemployment Insurance Weekly Claims Report,USD,FRED
2014-04-23,NHA,New Residential Sales,USD,FRED
2014-04-24,DTC,"Manufacturer's Shipments, Inventories, and Orders (M3) Survey",USD,FRED
2014-04-24,JOBLESS,Unemployment Insurance Weekly Claims Report,USD,FRED
2014-04-25,UMCSI,Surveys of Consumers,USD,FRED
2014-04-30,FOMC,FOMC rate decision,USD,cb_dates
2014-04-30,GDP,Gross Domestic Product,USD,FRED
2014-05-01,PCE,Personal Income and Outlays,USD,FRED
2014-05-01,JOBLESS,Unemployment Insurance Weekly Claims Report,USD,FRED
2014-05-02,DTC,"Manufacturer's Shipments, Inventories, and Orders (M3) Survey",USD,FRED
2014-05-02,NFP,Employment Situation,USD,FRED
2014-05-06,RBA,RBA rate decision,AUD,cb_dates
2014-05-08,ECB,ECB rate decision,EUR,cb_dates
2014-05-08,JOBLESS,Unemployment Insurance Weekly Claims Report,USD,FRED
2014-05-09,JOLTS,Job Openings and Labor Turnover Survey,USD,FRED
2014-05-13,BANLE,Advance Monthly Sales for Retail and Food Services,USD,FRED
2014-05-14,PPI,Producer Price Index,USD,FRED
2014-05-15,CPI,Consumer Price Index,USD,FRED
2014-05-15,JOBLESS,Unemployment Insurance Weekly Claims Report,USD,FRED
2014-05-15,DTC,"Manufacturer's Shipments, Inventories, and Orders (M3) Survey",USD,FRED
2014-05-22,JOBLESS,Unemployment Insurance Weekly Claims Report,USD,FRED
2014-05-23,NHA,New Residential Sales,USD,FRED
2014-05-27,DTC,"Manufacturer's Shipments, Inventories, and Orders (M3) Survey",USD,FRED
2014-05-29,GDP,Gross Domestic Product,USD,FRED
2014-05-29,JOBLESS,Unemployment Insurance Weekly Claims Report,USD,FRED
2014-05-30,PCE,Personal Income and Outlays,USD,FRED
2014-05-30,UMCSI,Surveys of Consumers,USD,FRED
2014-06-03,DTC,"Manufacturer's Shipments, Inventories, and Orders (M3) Survey",USD,FRED
2014-06-03,RBA,RBA rate decision,AUD,cb_dates
2014-06-04,BOC,BOC rate decision,CAD,cb_dates
2014-06-05,JOBLESS,Unemployment Insurance Weekly Claims Report,USD,FRED
2014-06-05,ECB,ECB rate decision,EUR,cb_dates
2014-06-06,NFP,Employment Situation,USD,FRED
2014-06-10,JOLTS,Job Openings and Labor Turnover Survey,USD,FRED
2014-06-12,JOBLESS,Unemployment Insurance Weekly Claims Report,USD,FRED
2014-06-12,BANLE,Advance Monthly Sales for Retail and Food Services,USD,FRED
2014-06-13,PPI,Producer Price Index,USD,FRED
2014-06-17,CPI,Consumer Price Index,USD,FRED
2014-06-18,FOMC,FOMC rate decision,USD,cb_dates
2014-06-19,SNB,SNB rate decision,CHF,cb_dates
2014-06-19,JOBLESS,Unemployment Insurance Weekly Claims Report,USD,FRED
2014-06-24,NHA,New Residential Sales,USD,FRED
2014-06-25,DTC,"Manufacturer's Shipments, Inventories, and Orders (M3) Survey",USD,FRED
2014-06-25,GDP,Gross Domestic Product,USD,FRED
2014-06-26,JOBLESS,Unemployment Insurance Weekly Claims Report,USD,FRED
2014-06-26,PCE,Personal Income and Outlays,USD,FRED
2014-06-27,UMCSI,Surveys of Consumers,USD,FRED
2014-07-01,RBA,RBA rate decision,AUD,cb_dates
2014-07-02,DTC,"Manufacturer's Shipments, Inventories, and Orders (M3) Survey",USD,FRED
2014-07-03,NFP,Employment Situation,USD,FRED
2014-07-03,ECB,ECB rate decision,EUR,cb_dates
2014-07-03,JOBLESS,Unemployment Insurance Weekly Claims Report,USD,FRED
2014-07-08,JOLTS,Job Openings and Labor Turnover Survey,USD,FRED
2014-07-10,JOBLESS,Unemployment Insurance Weekly Claims Report,USD,FRED
2014-07-11,JOBLESS,Unemployment Insurance Weekly Claims Report,USD,FRED
2014-07-15,BANLE,Advance Monthly Sales for Retail and Food Services,USD,FRED
2014-07-16,PPI,Producer Price Index,USD,FRED
2014-07-16,BOC,BOC rate decision,CAD,cb_dates
2014-07-17,JOBLESS,Unemployment Insurance Weekly Claims Report,USD,FRED
2014-07-22,CPI,Consumer Price Index,USD,FRED
2014-07-24,NHA,New Residential Sales,USD,FRED
2014-07-24,JOBLESS,Unemployment Insurance Weekly Claims Report,USD,FRED
2014-07-25,DTC,"Manufacturer's Shipments, Inventories, and Orders (M3) Survey",USD,FRED
2014-07-30,FOMC,FOMC rate decision,USD,cb_dates
2014-07-30,GDP,Gross Domestic Product,USD,FRED
2014-07-31,JOBLESS,Unemployment Insurance Weekly Claims Report,USD,FRED
2014-08-01,NFP,Employment Situation,USD,FRED
2014-08-01,PCE,Personal Income and Outlays,USD,FRED
2014-08-01,UMCSI,Surveys of Consumers,USD,FRED
2014-08-05,GDP,Gross Domestic Product,USD,FRED
2014-08-05,DTC,"Manufacturer's Shipments, Inventories, and Orders (M3) Survey",USD,FRED
2014-08-05,RBA,RBA rate decision,AUD,cb_dates
2014-08-07,JOBLESS,Unemployment Insurance Weekly Claims Report,USD,FRED
2014-08-07,ECB,ECB rate decision,EUR,cb_dates
2014-08-12,JOLTS,Job Openings and Labor Turnover Survey,USD,FRED
2014-08-13,BANLE,Advance Monthly Sales for Retail and Food Services,USD,FRED
2014-08-14,JOBLESS,Unemployment Insurance Weekly Claims Report,USD,FRED
2014-08-15,PPI,Producer Price Index,USD,FRED
2014-08-19,CPI,Consumer Price Index,USD,FRED
2014-08-21,JOBLESS,Unemployment Insurance Weekly Claims Report,USD,FRED
2014-08-25,NHA,New Residential Sales,USD,FRED
2014-08-26,DTC,"Manufacturer's Shipments, Inventories, and Orders (M3) Survey",USD,FRED
2014-08-28,GDP,Gross Domestic Product,USD,FRED
2014-08-28,JOBLESS,Unemployment Insurance Weekly Claims Report,USD,FRED
2014-08-29,UMCSI,Surveys of Consumers,USD,FRED
2014-08-29,PCE,Personal Income and Outlays,USD,FRED
2014-09-02,RBA,RBA rate decision,AUD,cb_dates
2014-09-03,DTC,"Manufacturer's Shipments, Inventories, and Orders (M3) Survey",USD,FRED
2014-09-03,BOC,BOC rate decision,CAD,cb_dates
2014-09-04,ECB,ECB rate decision,EUR,cb_dates
2014-09-04,JOBLESS,Unemployment Insurance Weekly Claims Report,USD,FRED
2014-09-05,NFP,Employment Situation,USD,FRED
2014-09-09,JOLTS,Job Openings and Labor Turnover Survey,USD,FRED
2014-09-11,JOBLESS,Unemployment Insurance Weekly Claims Report,USD,FRED
2014-09-12,BANLE,Advance Monthly Sales for Retail and Food Services,USD,FRED
2014-09-16,PPI,Producer Price Index,USD,FRED
2014-09-17,FOMC,FOMC rate decision,USD,cb_dates
2014-09-17,GDP,Gross Domestic Product,USD,FRED
2014-09-17,CPI,Consumer Price Index,USD,FRED
2014-09-18,SNB,SNB rate decision,CHF,cb_dates
2014-09-18,JOBLESS,Unemployment Insurance Weekly Claims Report,USD,FRED
2014-09-24,NHA,New Residential Sales,USD,FRED
2014-09-25,DTC,"Manufacturer's Shipments, Inventories, and Orders (M3) Survey",USD,FRED
2014-09-25,JOBLESS,Unemployment Insurance Weekly Claims Report,USD,FRED
2014-09-26,GDP,Gross Domestic Product,USD,FRED
2014-09-26,UMCSI,Surveys of Consumers,USD,FRED
2014-09-29,PCE,Personal Income and Outlays,USD,FRED
2014-10-02,ECB,ECB rate decision,EUR,cb_dates
2014-10-02,JOBLESS,Unemployment Insurance Weekly Claims Report,USD,FRED
2014-10-02,DTC,"Manufacturer's Shipments, Inventories, and Orders (M3) Survey",USD,FRED
2014-10-03,NFP,Employment Situation,USD,FRED
2014-10-07,RBA,RBA rate decision,AUD,cb_dates
2014-10-07,JOLTS,Job Openings and Labor Turnover Survey,USD,FRED
2014-10-09,JOBLESS,Unemployment Insurance Weekly Claims Report,USD,FRED
2014-10-15,PPI,Producer Price Index,USD,FRED
2014-10-15,BANLE,Advance Monthly Sales for Retail and Food Services,USD,FRED
2014-10-16,JOBLESS,Unemployment Insurance Weekly Claims Report,USD,FRED
2014-10-22,BOC,BOC rate decision,CAD,cb_dates
2014-10-22,CPI,Consumer Price Index,USD,FRED
2014-10-23,JOBLESS,Unemployment Insurance Weekly Claims Report,USD,FRED
2014-10-24,NHA,New Residential Sales,USD,FRED
2014-10-28,DTC,"Manufacturer's Shipments, Inventories, and Orders (M3) Survey",USD,FRED
2014-10-29,FOMC,FOMC rate decision,USD,cb_dates
2014-10-30,JOBLESS,Unemployment Insurance Weekly Claims Report,USD,FRED
2014-10-30,GDP,Gross Domestic Product,USD,FRED
2014-10-31,GDP,Gross Domestic Product,USD,FRED
2014-10-31,PCE,Personal Income and Outlays,USD,FRED
2014-10-31,UMCSI,Surveys of Consumers,USD,FRED
2014-11-04,DTC,"Manufacturer's Shipments, Inventories, and Orders (M3) Survey",USD,FRED
2014-11-04,RBA,RBA rate decision,AUD,cb_dates
2014-11-06,JOBLESS,Unemployment Insurance Weekly Claims Report,USD,FRED
2014-11-06,ECB,ECB rate decision,EUR,cb_dates
2014-11-07,NFP,Employment Situation,USD,FRED
2014-11-13,JOBLESS,Unemployment Insurance Weekly Claims Report,USD,FRED
2014-11-13,JOLTS,Job Openings and Labor Turnover Survey,USD,FRED
2014-11-14,BANLE,Advance Monthly Sales for Retail and Food Services,USD,FRED
2014-11-18,PPI,Producer Price Index,USD,FRED
2014-11-20,JOBLESS,Unemployment Insurance Weekly Claims Report,USD,FRED
2014-11-20,CPI,Consumer Price Index,USD,FRED
2014-11-25,GDP,Gross Domestic Product,USD,FRED
2014-11-26,PCE,Personal Income and Outlays,USD,FRED
2014-11-26,NHA,New Residential Sales,USD,FRED
2014-11-26,DTC,"Manufacturer's Shipments, Inventories, and Orders (M3) Survey",USD,FRED
2014-11-26,UMCSI,Surveys of Consumers,USD,FRED
2014-11-26,JOBLESS,Unemployment Insurance Weekly Claims Report,USD,FRED
2014-12-02,RBA,RBA rate decision,AUD,cb_dates
2014-12-03,BOC,BOC rate decision,CAD,cb_dates
2014-12-04,ECB,ECB rate decision,EUR,cb_dates
2014-12-04,JOBLESS,Unemployment Insurance Weekly Claims Report,USD,FRED
2014-12-05,NFP,Employment Situation,USD,FRED
2014-12-05,DTC,"Manufacturer's Shipments, Inventories, and Orders (M3) Survey",USD,FRED
2014-12-09,JOLTS,Job Openings and Labor Turnover Survey,USD,FRED
2014-12-11,BANLE,Advance Monthly Sales for Retail and Food Services,USD,FRED
2014-12-11,JOBLESS,Unemployment Insurance Weekly Claims Report,USD,FRED
2014-12-11,SNB,SNB rate decision,CHF,cb_dates
2014-12-12,PPI,Producer Price Index,USD,FRED
2014-12-17,CPI,Consumer Price Index,USD,FRED
2014-12-17,FOMC,FOMC rate decision,USD,cb_dates
2014-12-18,SNB,SNB rate decision,CHF,cb_dates
2014-12-18,JOBLESS,Unemployment Insurance Weekly Claims Report,USD,FRED
2014-12-23,UMCSI,Surveys of Consumers,USD,FRED
2014-12-23,GDP,Gross Domestic Product,USD,FRED
2014-12-23,DTC,"Manufacturer's Shipments, Inventories, and Orders (M3) Survey",USD,FRED
2014-12-23,NHA,New Residential Sales,USD,FRED
2014-12-23,PCE,Personal Income and Outlays,USD,FRED
2014-12-24,JOBLESS,Unemployment Insurance Weekly Claims Report,USD,FRED
2014-12-31,JOBLESS,Unemployment Insurance Weekly Claims Report,USD,FRED
2015-01-06,DTC,"Manufacturer's Shipments, Inventories, and Orders (M3) Survey",USD,FRED
2015-01-08,JOBLESS,Unemployment Insurance Weekly Claims Report,USD,FRED
2015-01-09,NFP,Employment Situation,USD,FRED
2015-01-13,JOLTS,Job Openings and Labor Turnover Survey,USD,FRED
2015-01-14,BANLE,Advance Monthly Sales for Retail and Food Services,USD,FRED
2015-01-15,SNB,SNB rate decision,CHF,cb_dates
2015-01-15,PPI,Producer Price Index,USD,FRED
2015-01-15,JOBLESS,Unemployment Insurance Weekly Claims Report,USD,FRED
2015-01-16,CPI,Consumer Price Index,USD,FRED
2015-01-21,BOC,BOC rate decision,CAD,cb_dates
2015-01-21,BOJ,BOJ rate decision,JPY,cb_dates
2015-01-22,JOBLESS,Unemployment Insurance Weekly Claims Report,USD,FRED
2015-01-22,ECB,ECB rate decision,EUR,cb_dates
2015-01-27,NHA,New Residential Sales,USD,FRED
2015-01-27,DTC,"Manufacturer's Shipments, Inventories, and Orders (M3) Survey",USD,FRED
2015-01-28,FOMC,FOMC rate decision,USD,cb_dates
2015-01-29,JOBLESS,Unemployment Insurance Weekly Claims Report,USD,FRED
2015-01-30,GDP,Gross Domestic Product,USD,FRED
2015-01-30,UMCSI,Surveys of Consumers,USD,FRED
2015-02-02,PCE,Personal Income and Outlays,USD,FRED
2015-02-03,DTC,"Manufacturer's Shipments, Inventories, and Orders (M3) Survey",USD,FRED
2015-02-03,RBA,RBA rate decision,AUD,cb_dates
2015-02-05,JOBLESS,Unemployment Insurance Weekly Claims Report,USD,FRED
2015-02-06,NFP,Employment Situation,USD,FRED
2015-02-10,JOLTS,Job Openings and Labor Turnover Survey,USD,FRED
2015-02-12,JOBLESS,Unemployment Insurance Weekly Claims Report,USD,FRED
2015-02-12,BANLE,Advance Monthly Sales for Retail and Food Services,USD,FRED
2015-02-18,PPI,Producer Price Index,USD,FRED
2015-02-18,BOJ,BOJ rate decision,JPY,cb_dates
2015-02-19,JOBLESS,Unemployment Insurance Weekly Claims Report,USD,FRED
2015-02-20,CPI,Consumer Price Index,USD,FRED
2015-02-25,NHA,New Residential Sales,USD,FRED
2015-02-26,CPI,Consumer Price Index,USD,FRED
2015-02-26,JOBLESS,Unemployment Insurance Weekly Claims Report,USD,FRED
2015-02-26,DTC,"Manufacturer's Shipments, Inventories, and Orders (M3) Survey",USD,FRED
2015-02-27,GDP,Gross Domestic Product,USD,FRED
2015-02-27,UMCSI,Surveys of Consumers,USD,FRED
2015-03-02,PCE,Personal Income and Outlays,USD,FRED
2015-03-03,RBA,RBA rate decision,AUD,cb_dates
2015-03-04,BOC,BOC rate decision,CAD,cb_dates
2015-03-05,DTC,"Manufacturer's Shipments, Inventories, and Orders (M3) Survey",USD,FRED
2015-03-05,JOBLESS,Unemployment Insurance Weekly Claims Report,USD,FRED
2015-03-05,BOE,BOE rate decision,GBP,cb_dates
2015-03-05,ECB,ECB rate decision,EUR,cb_dates
2015-03-06,NFP,Employment Situation,USD,FRED
2015-03-10,JOLTS,Job Openings and Labor Turnover Survey,USD,FRED
2015-03-12,BANLE,Advance Monthly Sales for Retail and Food Services,USD,FRED
2015-03-12,JOBLESS,Unemployment Insurance Weekly Claims Report,USD,FRED
2015-03-13,PPI,Producer Price Index,USD,FRED
2015-03-17,BOJ,BOJ rate decision,JPY,cb_dates
2015-03-18,FOMC,FOMC rate decision,USD,cb_dates
2015-03-19,JOBLESS,Unemployment Insurance Weekly Claims Report,USD,FRED
2015-03-19,SNB,SNB rate decision,CHF,cb_dates
2015-03-24,CPI,Consumer Price Index,USD,FRED
2015-03-24,NHA,New Residential Sales,USD,FRED
2015-03-25,DTC,"Manufacturer's Shipments, Inventories, and Orders (M3) Survey",USD,FRED
2015-03-26,JOBLESS,Unemployment Insurance Weekly Claims Report,USD,FRED
2015-03-27,UMCSI,Surveys of Consumers,USD,FRED
2015-03-27,GDP,Gross Domestic Product,USD,FRED
2015-03-30,PCE,Personal Income and Outlays,USD,FRED
2015-04-02,DTC,"Manufacturer's Shipments, Inventories, and Orders (M3) Survey",USD,FRED
2015-04-02,JOBLESS,Unemployment Insurance Weekly Claims Report,USD,FRED
2015-04-03,NFP,Employment Situation,USD,FRED
2015-04-07,RBA,RBA rate decision,AUD,cb_dates
2015-04-07,JOLTS,Job Openings and Labor Turnover Survey,USD,FRED
2015-04-08,BOJ,BOJ rate decision,JPY,cb_dates
2015-04-09,JOBLESS,Unemployment Insurance Weekly Claims Report,USD,FRED
2015-04-09,BOE,BOE rate decision,GBP,cb_dates
2015-04-14,BANLE,Advance Monthly Sales for Retail and Food Services,USD,FRED
2015-04-14,PPI,Producer Price Index,USD,FRED
2015-04-15,ECB,ECB rate decision,EUR,cb_dates
2015-04-15,BOC,BOC rate decision,CAD,cb_dates
2015-04-16,JOBLESS,Unemployment Insurance Weekly Claims Report,USD,FRED
2015-04-17,CPI,Consumer Price Index,USD,FRED
2015-04-23,NHA,New Residential Sales,USD,FRED
2015-04-23,JOBLESS,Unemployment Insurance Weekly Claims Report,USD,FRED
2015-04-24,DTC,"Manufacturer's Shipments, Inventories, and Orders (M3) Survey",USD,FRED
2015-04-29,FOMC,FOMC rate decision,USD,cb_dates
2015-04-29,GDP,Gross Domestic Product,USD,FRED
2015-04-30,PCE,Personal Income and Outlays,USD,FRED
2015-04-30,BOJ,BOJ rate decision,JPY,cb_dates
2015-04-30,JOBLESS,Unemployment Insurance Weekly Claims Report,USD,FRED
2015-05-01,UMCSI,Surveys of Consumers,USD,FRED
2015-05-04,DTC,"Manufacturer's Shipments, Inventories, and Orders (M3) Survey",USD,FRED
2015-05-05,RBA,RBA rate decision,AUD,cb_dates
2015-05-07,JOBLESS,Unemployment Insurance Weekly Claims Report,USD,FRED
2015-05-08,NFP,Employment Situation,USD,FRED
2015-05-11,BOE,BOE rate decision,GBP,cb_dates
2015-05-12,JOLTS,Job Openings and Labor Turnover Survey,USD,FRED
2015-05-13,BANLE,Advance Monthly Sales for Retail and Food Services,USD,FRED
2015-05-14,JOBLESS,Unemployment Insurance Weekly Claims Report,USD,FRED
2015-05-14,PPI,Producer Price Index,USD,FRED
2015-05-21,JOBLESS,Unemployment Insurance Weekly Claims Report,USD,FRED
2015-05-22,BOJ,BOJ rate decision,JPY,cb_dates
2015-05-22,CPI,Consumer Price Index,USD,FRED
2015-05-26,DTC,"Manufacturer's Shipments, Inventories, and Orders (M3) Survey",USD,FRED
2015-05-26,NHA,New Residential Sales,USD,FRED
2015-05-27,BOC,BOC rate decision,CAD,cb_dates
2015-05-28,JOBLESS,Unemployment Insurance Weekly Claims Report,USD,FRED
2015-05-29,GDP,Gross Domestic Product,USD,FRED
2015-05-29,UMCSI,Surveys of Consumers,USD,FRED
2015-06-01,PCE,Personal Income and Outlays,USD,FRED
2015-06-02,DTC,"Manufacturer's Shipments, Inventories, and Orders (M3) Survey",USD,FRED
2015-06-02,RBA,RBA rate decision,AUD,cb_dates
2015-06-03,ECB,ECB rate decision,EUR,cb_dates
2015-06-04,JOBLESS,Unemployment Insurance Weekly Claims Report,USD,FRED
2015-06-04,BOE,BOE rate decision,GBP,cb_dates
2015-06-05,NFP,Employment Situation,USD,FRED
2015-06-09,JOLTS,Job Openings and Labor Turnover Survey,USD,FRED
2015-06-11,BANLE,Advance Monthly Sales for Retail and Food Services,USD,FRED
2015-06-11,JOBLESS,Unemployment Insurance Weekly Claims Report,USD,FRED
2015-06-12,PPI,Producer Price Index,USD,FRED
2015-06-17,FOMC,FOMC rate decision,USD,cb_dates
2015-06-18,SNB,SNB rate decision,CHF,cb_dates
2015-06-18,CPI,Consumer Price Index,USD,FRED
2015-06-18,JOBLESS,Unemployment Insurance Weekly Claims Report,USD,FRED
2015-06-19,BOJ,BOJ rate decision,JPY,cb_dates
2015-06-23,NHA,New Residential Sales,USD,FRED
2015-06-23,DTC,"Manufacturer's Shipments, Inventories, and Orders (M3) Survey",USD,FRED
2015-06-24,GDP,Gross Domestic Product,USD,FRED
2015-06-25,JOBLESS,Unemployment Insurance Weekly Claims Report,USD,FRED
2015-06-25,PCE,Personal Income and Outlays,USD,FRED
2015-06-26,UMCSI,Surveys of Consumers,USD,FRED
2015-07-02,DTC,"Manufacturer's Shipments, Inventories, and Orders (M3) Survey",USD,FRED
2015-07-02,JOBLESS,Unemployment Insurance Weekly Claims Report,USD,FRED
2015-07-02,NFP,Employment Situation,USD,FRED
2015-07-07,RBA,RBA rate decision,AUD,cb_dates
2015-07-07,JOLTS,Job Openings and Labor Turnover Survey,USD,FRED
2015-07-09,JOBLESS,Unemployment Insurance Weekly Claims Report,USD,FRED
2015-07-09,BOE,BOE rate decision,GBP,cb_dates
2015-07-14,BANLE,Advance Monthly Sales for Retail and Food Services,USD,FRED
2015-07-15,BOC,BOC rate decision,CAD,cb_dates
2015-07-15,BOJ,BOJ rate decision,JPY,cb_dates
2015-07-15,PPI,Producer Price Index,USD,FRED
2015-07-16,ECB,ECB rate decision,EUR,cb_dates
2015-07-16,JOBLESS,Unemployment Insurance Weekly Claims Report,USD,FRED
2015-07-17,CPI,Consumer Price Index,USD,FRED
2015-07-23,JOBLESS,Unemployment Insurance Weekly Claims Report,USD,FRED
2015-07-24,NHA,New Residential Sales,USD,FRED
2015-07-27,DTC,"Manufacturer's Shipments, Inventories, and Orders (M3) Survey",USD,FRED
2015-07-29,FOMC,FOMC rate decision,USD,cb_dates
2015-07-30,JOBLESS,Unemployment Insurance Weekly Claims Report,USD,FRED
2015-07-30,GDP,Gross Domestic Product,USD,FRED
2015-07-31,UMCSI,Surveys of Consumers,USD,FRED
2015-08-03,PCE,Personal Income and Outlays,USD,FRED
2015-08-04,RBA,RBA rate decision,AUD,cb_dates
2015-08-04,DTC,"Manufacturer's Shipments, Inventories, and Orders (M3) Survey",USD,FRED
2015-08-06,JOBLESS,Unemployment Insurance Weekly Claims Report,USD,FRED
2015-08-06,BOE,BOE rate decision,GBP,cb_dates
2015-08-06,GDP,Gross Domestic Product,USD,FRED
2015-08-07,NFP,Employment Situation,USD,FRED
2015-08-07,BOJ,BOJ rate decision,JPY,cb_dates
2015-08-12,JOLTS,Job Openings and Labor Turnover Survey,USD,FRED
2015-08-13,JOBLESS,Unemployment Insurance Weekly Claims Report,USD,FRED
2015-08-13,BANLE,Advance Monthly Sales for Retail and Food Services,USD,FRED
2015-08-14,PPI,Producer Price Index,USD,FRED
2015-08-19,CPI,Consumer Price Index,USD,FRED
2015-08-20,JOBLESS,Unemployment Insurance Weekly Claims Report,USD,FRED
2015-08-25,NHA,New Residential Sales,USD,FRED
2015-08-26,DTC,"Manufacturer's Shipments, Inventories, and Orders (M3) Survey",USD,FRED
2015-08-27,JOBLESS,Unemployment Insurance Weekly Claims Report,USD,FRED
2015-08-27,GDP,Gross Domestic Product,USD,FRED
2015-08-28,PCE,Personal Income and Outlays,USD,FRED
2015-08-28,UMCSI,Surveys of Consumers,USD,FRED
2015-09-01,RBA,RBA rate decision,AUD,cb_dates
2015-09-02,DTC,"Manufacturer's Shipments, Inventories, and Orders (M3) Survey",USD,FRED
2015-09-03,ECB,ECB rate decision,EUR,cb_dates
2015-09-03,JOBLESS,Unemployment Insurance Weekly Claims Report,USD,FRED
2015-09-04,NFP,Employment Situation,USD,FRED
2015-09-09,JOLTS,Job Openings and Labor Turnover Survey,USD,FRED
2015-09-09,BOC,BOC rate decision,CAD,cb_dates
2015-09-10,BOE,BOE rate decision,GBP,cb_dates
2015-09-10,JOBLESS,Unemployment Insurance Weekly Claims Report,USD,FRED
2015-09-11,PPI,Producer Price Index,USD,FRED
2015-09-15,BOJ,BOJ rate decision,JPY,cb_dates
2015-09-15,BANLE,Advance Monthly Sales for Retail and Food Services,USD,FRED
2015-09-16,CPI,Consumer Price Index,USD,FRED
2015-09-17,FOMC,FOMC rate decision,USD,cb_dates
2015-09-17,JOBLESS,Unemployment Insurance Weekly Claims Report,USD,FRED
2015-09-17,SNB,SNB rate decision,CHF,cb_dates
2015-09-24,JOBLESS,Unemployment Insurance Weekly Claims Report,USD,FRED
2015-09-24,DTC,"Manufacturer's Shipments, Inventories, and Orders (M3) Survey",USD,FRED
2015-09-24,NHA,New Residential Sales,USD,FRED
2015-09-25,GDP,Gross Domestic Product,USD,FRED
2015-09-25,UMCSI,Surveys of Consumers,USD,FRED
2015-09-28,PCE,Personal Income and Outlays,USD,FRED
2015-10-01,JOBLESS,Unemployment Insurance Weekly Claims Report,USD,FRED
2015-10-02,DTC,"Manufacturer's Shipments, Inventories, and Orders (M3) Survey",USD,FRED
2015-10-02,NFP,Employment Situation,USD,FRED
2015-10-06,RBA,RBA rate decision,AUD,cb_dates
2015-10-07,BOJ,BOJ rate decision,JPY,cb_dates
2015-10-08,JOBLESS,Unemployment Insurance Weekly Claims Report,USD,FRED
2015-10-08,BOE,BOE rate decision,GBP,cb_dates
2015-10-14,PPI,Producer Price Index,USD,FRED
2015-10-14,BANLE,Advance Monthly Sales for Retail and Food Services,USD,FRED
2015-10-15,JOBLESS,Unemployment Insurance Weekly Claims Report,USD,FRED
2015-10-15,CPI,Consumer Price Index,USD,FRED
2015-10-16,JOLTS,Job Openings and Labor Turnover Survey,USD,FRED
2015-10-21,BOC,BOC rate decision,CAD,cb_dates
2015-10-22,JOBLESS,Unemployment Insurance Weekly Claims Report,USD,FRED
2015-10-22,ECB,ECB rate decision,EUR,cb_dates
2015-10-26,NHA,New Residential Sales,USD,FRED
2015-10-27,DTC,"Manufacturer's Shipments, Inventories, and Orders (M3) Survey",USD,FRED
2015-10-28,FOMC,FOMC rate decision,USD,cb_dates
2015-10-29,GDP,Gross Domestic Product,USD,FRED
2015-10-29,JOBLESS,Unemployment Insurance Weekly Claims Report,USD,FRED
2015-10-30,UMCSI,Surveys of Consumers,USD,FRED
2015-10-30,BOJ,BOJ rate decision,JPY,cb_dates
2015-10-30,PCE,Personal Income and Outlays,USD,FRED
2015-11-03,RBA,RBA rate decision,AUD,cb_dates
2015-11-03,DTC,"Manufacturer's Shipments, Inventories, and Orders (M3) Survey",USD,FRED
2015-11-05,BOE,BOE rate decision,GBP,cb_dates
2015-11-05,JOBLESS,Unemployment Insurance Weekly Claims Report,USD,FRED
2015-11-06,NFP,Employment Situation,USD,FRED
2015-11-12,JOBLESS,Unemployment Insurance Weekly Claims Report,USD,FRED
2015-11-12,JOLTS,Job Openings and Labor Turnover Survey,USD,FRED
2015-11-13,BANLE,Advance Monthly Sales for Retail and Food Services,USD,FRED
2015-11-13,PPI,Producer Price Index,USD,FRED
2015-11-17,CPI,Consumer Price Index,USD,FRED
2015-11-19,JOBLESS,Unemployment Insurance Weekly Claims Report,USD,FRED
2015-11-19,BOJ,BOJ rate decision,JPY,cb_dates
2015-11-24,GDP,Gross Domestic Product,USD,FRED
2015-11-25,DTC,"Manufacturer's Shipments, Inventories, and Orders (M3) Survey",USD,FRED
2015-11-25,UMCSI,Surveys of Consumers,USD,FRED
2015-11-25,JOBLESS,Unemployment Insurance Weekly Claims Report,USD,FRED
2015-11-25,NHA,New Residential Sales,USD,FRED
2015-11-25,PCE,Personal Income and Outlays,USD,FRED
2015-12-01,RBA,RBA rate decision,AUD,cb_dates
2015-12-02,BOC,BOC rate decision,CAD,cb_dates
2015-12-03,JOBLESS,Unemployment Insurance Weekly Claims Report,USD,FRED
2015-12-03,DTC,"Manufacturer's Shipments, Inventories, and Orders (M3) Survey",USD,FRED
2015-12-03,ECB,ECB rate decision,EUR,cb_dates
2015-12-04,NFP,Employment Situation,USD,FRED
2015-12-08,JOLTS,Job Openings and Labor Turnover Survey,USD,FRED
2015-12-10,SNB,SNB rate decision,CHF,cb_dates
2015-12-10,BOE,BOE rate decision,GBP,cb_dates
2015-12-10,JOBLESS,Unemployment Insurance Weekly Claims Report,USD,FRED
2015-12-11,BANLE,Advance Monthly Sales for Retail and Food Services,USD,FRED
2015-12-11,PPI,Producer Price Index,USD,FRED
2015-12-15,CPI,Consumer Price Index,USD,FRED
2015-12-16,FOMC,FOMC rate decision,USD,cb_dates
2015-12-17,JOBLESS,Unemployment Insurance Weekly Claims Report,USD,FRED
2015-12-18,BOJ,BOJ rate decision,JPY,cb_dates
2015-12-22,GDP,Gross Domestic Product,USD,FRED
2015-12-23,UMCSI,Surveys of Consumers,USD,FRED
2015-12-23,PCE,Personal Income and Outlays,USD,FRED
2015-12-23,NHA,New Residential Sales,USD,FRED
2015-12-23,DTC,"Manufacturer's Shipments, Inventories, and Orders (M3) Survey",USD,FRED
2015-12-24,JOBLESS,Unemployment Insurance Weekly Claims Report,USD,FRED
2015-12-31,JOBLESS,Unemployment Insurance Weekly Claims Report,USD,FRED
2016-01-06,DTC,"Manufacturer's Shipments, Inventories, and Orders (M3) Survey",USD,FRED
2016-01-07,JOBLESS,Unemployment Insurance Weekly Claims Report,USD,FRED
2016-01-08,NFP,Employment Situation,USD,FRED
2016-01-12,JOLTS,Job Openings and Labor Turnover Survey,USD,FRED
2016-01-14,BOE,BOE rate decision,GBP,cb_dates
2016-01-14,JOBLESS,Unemployment Insurance Weekly Claims Report,USD,FRED
2016-01-15,BANLE,Advance Monthly Sales for Retail and Food Services,USD,FRED
2016-01-15,PPI,Producer Price Index,USD,FRED
2016-01-20,BOC,BOC rate decision,CAD,cb_dates
2016-01-20,CPI,Consumer Price Index,USD,FRED
2016-01-21,ECB,ECB rate decision,EUR,cb_dates
2016-01-21,JOBLESS,Unemployment Insurance Weekly Claims Report,USD,FRED
2016-01-27,NHA,New Residential Sales,USD,FRED
2016-01-27,FOMC,FOMC rate decision,USD,cb_dates
2016-01-28,JOBLESS,Unemployment Insurance Weekly Claims Report,USD,FRED
2016-01-28,DTC,"Manufacturer's Shipments, Inventories, and Orders (M3) Survey",USD,FRED
2016-01-29,GDP,Gross Domestic Product,USD,FRED
2016-01-29,UMCSI,Surveys of Consumers,USD,FRED
2016-01-29,BOJ,BOJ rate decision,JPY,cb_dates
2016-02-01,PCE,Personal Income and Outlays,USD,FRED
2016-02-02,RBA,RBA rate decision,AUD,cb_dates
2016-02-04,JOBLESS,Unemployment Insurance Weekly Claims Report,USD,FRED
2016-02-04,BOE,BOE rate decision,GBP,cb_dates
2016-02-04,DTC,"Manufacturer's Shipments, Inventories, and Orders (M3) Survey",USD,FRED
2016-02-05,NFP,Employment Situation,USD,FRED
2016-02-09,JOLTS,Job Openings and Labor Turnover Survey,USD,FRED
2016-02-11,JOBLESS,Unemployment Insurance Weekly Claims Report,USD,FRED
2016-02-12,BANLE,Advance Monthly Sales for Retail and Food Services,USD,FRED
2016-02-17,PPI,Producer Price Index,USD,FRED
2016-02-18,JOBLESS,Unemployment Insurance Weekly Claims Report,USD,FRED
2016-02-19,CPI,Consumer Price Index,USD,FRED
2016-02-24,NHA,New Residential Sales,USD,FRED
2016-02-25,JOBLESS,Unemployment Insurance Weekly Claims Report,USD,FRED
2016-02-25,DTC,"Manufacturer's Shipments, Inventories, and Orders (M3) Survey",USD,FRED
2016-02-26,GDP,Gross Domestic Product,USD,FRED
2016-02-26,PCE,Personal Income and Outlays,USD,FRED
2016-02-26,UMCSI,Surveys of Consumers,USD,FRED
2016-03-01,RBA,RBA rate decision,AUD,cb_dates
2016-03-03,JOBLESS,Unemployment Insurance Weekly Claims Report,USD,FRED
2016-03-03,DTC,"Manufacturer's Shipments, Inventories, and Orders (M3) Survey",USD,FRED
2016-03-04,NFP,Employment Situation,USD,FRED
2016-03-09,BOC,BOC rate decision,CAD,cb_dates
2016-03-10,ECB,ECB rate decision,EUR,cb_dates
2016-03-10,JOBLESS,Unemployment Insurance Weekly Claims Report,USD,FRED
2016-03-15,BOJ,BOJ rate decision,JPY,cb_dates
2016-03-15,PPI,Producer Price Index,USD,FRED
2016-03-15,BANLE,Advance Monthly Sales for Retail and Food Services,USD,FRED
2016-03-16,FOMC,FOMC rate decision,USD,cb_dates
2016-03-16,CPI,Consumer Price Index,USD,FRED
2016-03-17,SNB,SNB rate decision,CHF,cb_dates
2016-03-17,BOE,BOE rate decision,GBP,cb_dates
2016-03-17,JOBLESS,Unemployment Insurance Weekly Claims Report,USD,FRED
2016-03-17,JOLTS,Job Openings and Labor Turnover Survey,USD,FRED
2016-03-23,NHA,New Residential Sales,USD,FRED
2016-03-24,JOBLESS,Unemployment Insurance Weekly Claims Report,USD,FRED
2016-03-24,DTC,"Manufacturer's Shipments, Inventories, and Orders (M3) Survey",USD,FRED
2016-03-25,GDP,Gross Domestic Product,USD,FRED
2016-03-28,PCE,Personal Income and Outlays,USD,FRED
2016-03-31,JOBLESS,Unemployment Insurance Weekly Claims Report,USD,FRED
2016-04-01,NFP,Employment Situation,USD,FRED
2016-04-01,UMCSI,Surveys of Consumers,USD,FRED
2016-04-04,DTC,"Manufacturer's Shipments, Inventories, and Orders (M3) Survey",USD,FRED
2016-04-05,RBA,RBA rate decision,AUD,cb_dates
2016-04-05,JOLTS,Job Openings and Labor Turnover Survey,USD,FRED
2016-04-07,JOBLESS,Unemployment Insurance Weekly Claims Report,USD,FRED
2016-04-13,PPI,Producer Price Index,USD,FRED
2016-04-13,BANLE,Advance Monthly Sales for Retail and Food Services,USD,FRED
2016-04-13,BOC,BOC rate decision,CAD,cb_dates
2016-04-14,CPI,Consumer Price Index,USD,FRED
2016-04-14,JOBLESS,Unemployment Insurance Weekly Claims Report,USD,FRED
2016-04-14,BOE,BOE rate decision,GBP,cb_dates
2016-04-21,JOBLESS,Unemployment Insurance Weekly Claims Report,USD,FRED
2016-04-21,ECB,ECB rate decision,EUR,cb_dates
2016-04-25,NHA,New Residential Sales,USD,FRED
2016-04-26,DTC,"Manufacturer's Shipments, Inventories, and Orders (M3) Survey",USD,FRED
2016-04-27,FOMC,FOMC rate decision,USD,cb_dates
2016-04-28,BOJ,BOJ rate decision,JPY,cb_dates
2016-04-28,GDP,Gross Domestic Product,USD,FRED
2016-04-28,JOBLESS,Unemployment Insurance Weekly Claims Report,USD,FRED
2016-04-29,UMCSI,Surveys of Consumers,USD,FRED
2016-04-29,PCE,Personal Income and Outlays,USD,FRED
2016-05-03,RBA,RBA rate decision,AUD,cb_dates
2016-05-04,DTC,"Manufacturer's Shipments, Inventories, and Orders (M3) Survey",USD,FRED
2016-05-05,JOBLESS,Unemployment Insurance Weekly Claims Report,USD,FRED
2016-05-06,NFP,Employment Situation,USD,FRED
2016-05-10,JOLTS,Job Openings and Labor Turnover Survey,USD,FRED
2016-05-12,JOBLESS,Unemployment Insurance Weekly Claims Report,USD,FRED
2016-05-12,BOE,BOE rate decision,GBP,cb_dates
2016-05-13,BANLE,Advance Monthly Sales for Retail and Food Services,USD,FRED
2016-05-13,PPI,Producer Price Index,USD,FRED
2016-05-17,CPI,Consumer Price Index,USD,FRED
2016-05-19,JOBLESS,Unemployment Insurance Weekly Claims Report,USD,FRED
2016-05-24,NHA,New Residential Sales,USD,FRED
2016-05-25,BOC,BOC rate decision,CAD,cb_dates
2016-05-26,DTC,"Manufacturer's Shipments, Inventories, and Orders (M3) Survey",USD,FRED
2016-05-26,JOBLESS,Unemployment Insurance Weekly Claims Report,USD,FRED
2016-05-27,UMCSI,Surveys of Consumers,USD,FRED
2016-05-27,GDP,Gross Domestic Product,USD,FRED
2016-05-31,PCE,Personal Income and Outlays,USD,FRED
2016-06-02,JOBLESS,Unemployment Insurance Weekly Claims Report,USD,FRED
2016-06-02,ECB,ECB rate decision,EUR,cb_dates
2016-06-03,DTC,"Manufacturer's Shipments, Inventories, and Orders (M3) Survey",USD,FRED
2016-06-03,NFP,Employment Situation,USD,FRED
2016-06-07,RBA,RBA rate decision,AUD,cb_dates
2016-06-08,JOLTS,Job Openings and Labor Turnover Survey,USD,FRED
2016-06-09,JOBLESS,Unemployment Insurance Weekly Claims Report,USD,FRED
2016-06-14,BANLE,Advance Monthly Sales for Retail and Food Services,USD,FRED
2016-06-15,PPI,Producer Price Index,USD,FRED
2016-06-15,FOMC,FOMC rate decision,USD,cb_dates
2016-06-16,SNB,SNB rate decision,CHF,cb_dates
2016-06-16,JOBLESS,Unemployment Insurance Weekly Claims Report,USD,FRED
2016-06-16,BOJ,BOJ rate decision,JPY,cb_dates
2016-06-16,CPI,Consumer Price Index,USD,FRED
2016-06-16,BOE,BOE rate decision,GBP,cb_dates
2016-06-23,NHA,New Residential Sales,USD,FRED
2016-06-23,JOBLESS,Unemployment Insurance Weekly Claims Report,USD,FRED
2016-06-24,DTC,"Manufacturer's Shipments, Inventories, and Orders (M3) Survey",USD,FRED
2016-06-24,UMCSI,Surveys of Consumers,USD,FRED
2016-06-28,GDP,Gross Domestic Product,USD,FRED
2016-06-29,PCE,Personal Income and Outlays,USD,FRED
2016-06-30,JOBLESS,Unemployment Insurance Weekly Claims Report,USD,FRED
2016-07-05,DTC,"Manufacturer's Shipments, Inventories, and Orders (M3) Survey",USD,FRED
2016-07-05,RBA,RBA rate decision,AUD,cb_dates
2016-07-07,JOBLESS,Unemployment Insurance Weekly Claims Report,USD,FRED
2016-07-08,NFP,Employment Situation,USD,FRED
2016-07-12,JOLTS,Job Openings and Labor Turnover Survey,USD,FRED
2016-07-13,BOC,BOC rate decision,CAD,cb_dates
2016-07-14,JOBLESS,Unemployment Insurance Weekly Claims Report,USD,FRED
2016-07-14,PPI,Producer Price Index,USD,FRED
2016-07-14,BOE,BOE rate decision,GBP,cb_dates
2016-07-15,BANLE,Advance Monthly Sales for Retail and Food Services,USD,FRED
2016-07-15,CPI,Consumer Price Index,USD,FRED
2016-07-21,ECB,ECB rate decision,EUR,cb_dates
2016-07-21,JOBLESS,Unemployment Insurance Weekly Claims Report,USD,FRED
2016-07-26,NHA,New Residential Sales,USD,FRED
2016-07-27,DTC,"Manufacturer's Shipments, Inventories, and Orders (M3) Survey",USD,FRED
2016-07-27,FOMC,FOMC rate decision,USD,cb_dates
2016-07-28,JOBLESS,Unemployment Insurance Weekly Claims Report,USD,FRED
2016-07-29,GDP,Gross Domestic Product,USD,FRED
2016-07-29,UMCSI,Surveys of Consumers,USD,FRED
2016-07-29,BOJ,BOJ rate decision,JPY,cb_dates
2016-08-02,RBA,RBA rate decision,AUD,cb_dates
2016-08-02,PCE,Personal Income and Outlays,USD,FRED
2016-08-03,GDP,Gross Domestic Product,USD,FRED
2016-08-04,BOE,BOE rate decision,GBP,cb_dates
2016-08-04,DTC,"Manufacturer's Shipments, Inventories, and Orders (M3) Survey",USD,FRED
2016-08-04,JOBLESS,Unemployment Insurance Weekly Claims Report,USD,FRED
2016-08-05,NFP,Employment Situation,USD,FRED
2016-08-10,JOLTS,Job Openings and Labor Turnover Survey,USD,FRED
2016-08-11,JOBLESS,Unemployment Insurance Weekly Claims Report,USD,FRED
2016-08-12,BANLE,Advance Monthly Sales for Retail and Food Services,USD,FRED
2016-08-12,PPI,Producer Price Index,USD,FRED
2016-08-16,CPI,Consumer Price Index,USD,FRED
2016-08-18,JOBLESS,Unemployment Insurance Weekly Claims Report,USD,FRED
2016-08-23,NHA,New Residential Sales,USD,FRED
2016-08-25,JOBLESS,Unemployment Insurance Weekly Claims Report,USD,FRED
2016-08-25,DTC,"Manufacturer's Shipments, Inventories, and Orders (M3) Survey",USD,FRED
2016-08-26,UMCSI,Surveys of Consumers,USD,FRED
2016-08-26,GDP,Gross Domestic Product,USD,FRED
2016-08-29,PCE,Personal Income and Outlays,USD,FRED
2016-09-01,JOBLESS,Unemployment Insurance Weekly Claims Report,USD,FRED
2016-09-02,NFP,Employment Situation,USD,FRED
2016-09-06,DTC,"Manufacturer's Shipments, Inventories, and Orders (M3) Survey",USD,FRED
2016-09-06,RBA,RBA rate decision,AUD,cb_dates
2016-09-07,BOC,BOC rate decision,CAD,cb_dates
2016-09-07,JOLTS,Job Openings and Labor Turnover Survey,USD,FRED
2016-09-08,ECB,ECB rate decision,EUR,cb_dates
2016-09-08,JOBLESS,Unemployment Insurance Weekly Claims Report,USD,FRED
2016-09-08,GDP,Gross Domestic Product,USD,FRED
2016-09-15,BANLE,Advance Monthly Sales for Retail and Food Services,USD,FRED
2016-09-15,BOE,BOE rate decision,GBP,cb_dates
2016-09-15,SNB,SNB rate decision,CHF,cb_dates
2016-09-15,JOBLESS,Unemployment Insurance Weekly Claims Report,USD,FRED
2016-09-15,PPI,Producer Price Index,USD,FRED
2016-09-16,CPI,Consumer Price Index,USD,FRED
2016-09-21,BOJ,BOJ rate decision,JPY,cb_dates
2016-09-21,FOMC,FOMC rate decision,USD,cb_dates
2016-09-22,JOBLESS,Unemployment Insurance Weekly Claims Report,USD,FRED
2016-09-26,NHA,New Residential Sales,USD,FRED
2016-09-28,DTC,"Manufacturer's Shipments, Inventories, and Orders (M3) Survey",USD,FRED
2016-09-29,GDP,Gross Domestic Product,USD,FRED
2016-09-29,JOBLESS,Unemployment Insurance Weekly Claims Report,USD,FRED
2016-09-30,UMCSI,Surveys of Consumers,USD,FRED
2016-09-30,PCE,Personal Income and Outlays,USD,FRED
2016-10-04,RBA,RBA rate decision,AUD,cb_dates
2016-10-05,DTC,"Manufacturer's Shipments, Inventories, and Orders (M3) Survey",USD,FRED
2016-10-06,JOBLESS,Unemployment Insurance Weekly Claims Report,USD,FRED
2016-10-07,NFP,Employment Situation,USD,FRED
2016-10-12,JOLTS,Job Openings and Labor Turnover Survey,USD,FRED
2016-10-13,JOBLESS,Unemployment Insurance Weekly Claims Report,USD,FRED
2016-10-14,PPI,Producer Price Index,USD,FRED
2016-10-14,BANLE,Advance Monthly Sales for Retail and Food Services,USD,FRED
2016-10-18,CPI,Consumer Price Index,USD,FRED
2016-10-19,BOC,BOC rate decision,CAD,cb_dates
2016-10-20,JOBLESS,Unemployment Insurance Weekly Claims Report,USD,FRED
2016-10-20,ECB,ECB rate decision,EUR,cb_dates
2016-10-26,NHA,New Residential Sales,USD,FRED
2016-10-27,JOBLESS,Unemployment Insurance Weekly Claims Report,USD,FRED
2016-10-27,DTC,"Manufacturer's Shipments, Inventories, and Orders (M3) Survey",USD,FRED
2016-10-28,UMCSI,Surveys of Consumers,USD,FRED
2016-10-28,GDP,Gross Domestic Product,USD,FRED
2016-10-31,PCE,Personal Income and Outlays,USD,FRED
2016-11-01,BOJ,BOJ rate decision,JPY,cb_dates
2016-11-01,RBA,RBA rate decision,AUD,cb_dates
2016-11-02,FOMC,FOMC rate decision,USD,cb_dates
2016-11-03,JOBLESS,Unemployment Insurance Weekly Claims Report,USD,FRED
2016-11-03,DTC,"Manufacturer's Shipments, Inventories, and Orders (M3) Survey",USD,FRED
2016-11-03,GDP,Gross Domestic Product,USD,FRED
2016-11-03,BOE,BOE rate decision,GBP,cb_dates
2016-11-04,NFP,Employment Situation,USD,FRED
2016-11-08,JOLTS,Job Openings and Labor Turnover Survey,USD,FRED
2016-11-10,JOBLESS,Unemployment Insurance Weekly Claims Report,USD,FRED
2016-11-15,BANLE,Advance Monthly Sales for Retail and Food Services,USD,FRED
2016-11-16,PPI,Producer Price Index,USD,FRED
2016-11-17,CPI,Consumer Price Index,USD,FRED
2016-11-17,JOBLESS,Unemployment Insurance Weekly Claims Report,USD,FRED
2016-11-23,JOBLESS,Unemployment Insurance Weekly Claims Report,USD,FRED
2016-11-23,UMCSI,Surveys of Consumers,USD,FRED
2016-11-23,DTC,"Manufacturer's Shipments, Inventories, and Orders (M3) Survey",USD,FRED
2016-11-23,NHA,New Residential Sales,USD,FRED
2016-11-25,JOBLESS,Unemployment Insurance Weekly Claims Report,USD,FRED
2016-11-29,GDP,Gross Domestic Product,USD,FRED
2016-11-30,PCE,Personal Income and Outlays,USD,FRED
2016-12-01,JOBLESS,Unemployment Insurance Weekly Claims Report,USD,FRED
2016-12-02,NFP,Employment Situation,USD,FRED
2016-12-06,RBA,RBA rate decision,AUD,cb_dates
2016-12-06,DTC,"Manufacturer's Shipments, Inventories, and Orders (M3) Survey",USD,FRED
2016-12-07,BOC,BOC rate decision,CAD,cb_dates
2016-12-07,JOLTS,Job Openings and Labor Turnover Survey,USD,FRED
2016-12-08,JOBLESS,Unemployment Insurance Weekly Claims Report,USD,FRED
2016-12-08,ECB,ECB rate decision,EUR,cb_dates
2016-12-14,FOMC,FOMC rate decision,USD,cb_dates
2016-12-14,BANLE,Advance Monthly Sales for Retail and Food Services,USD,FRED
2016-12-14,PPI,Producer Price Index,USD,FRED
2016-12-15,SNB,SNB rate decision,CHF,cb_dates
2016-12-15,CPI,Consumer Price Index,USD,FRED
2016-12-15,JOBLESS,Unemployment Insurance Weekly Claims Report,USD,FRED
2016-12-15,BOE,BOE rate decision,GBP,cb_dates
2016-12-20,BOJ,BOJ rate decision,JPY,cb_dates
2016-12-22,PCE,Personal Income and Outlays,USD,FRED
2016-12-22,JOBLESS,Unemployment Insurance Weekly Claims Report,USD,FRED
2016-12-22,GDP,Gross Domestic Product,USD,FRED
2016-12-22,DTC,"Manufacturer's Shipments, Inventories, and Orders (M3) Survey",USD,FRED
2016-12-23,NHA,New Residential Sales,USD,FRED
2016-12-23,UMCSI,Surveys of Consumers,USD,FRED
2016-12-29,JOBLESS,Unemployment Insurance Weekly Claims Report,USD,FRED
2017-01-05,JOBLESS,Unemployment Insurance Weekly Claims Report,USD,FRED
2017-01-06,NFP,Employment Situation,USD,FRED
2017-01-06,DTC,"Manufacturer's Shipments, Inventories, and Orders (M3) Survey",USD,FRED
2017-01-10,JOLTS,Job Openings and Labor Turnover Survey,USD,FRED
2017-01-12,JOBLESS,Unemployment Insurance Weekly Claims Report,USD,FRED
2017-01-13,PPI,Producer Price Index,USD,FRED
2017-01-13,BANLE,Advance Monthly Sales for Retail and Food Services,USD,FRED
2017-01-18,BOC,BOC rate decision,CAD,cb_dates
2017-01-18,CPI,Consumer Price Index,USD,FRED
2017-01-19,ECB,ECB rate decision,EUR,cb_dates
2017-01-19,JOBLESS,Unemployment Insurance Weekly Claims Report,USD,FRED
2017-01-26,NHA,New Residential Sales,USD,FRED
2017-01-26,JOBLESS,Unemployment Insurance Weekly Claims Report,USD,FRED
2017-01-27,DTC,"Manufacturer's Shipments, Inventories, and Orders (M3) Survey",USD,FRED
2017-01-27,GDP,Gross Domestic Product,USD,FRED
2017-01-27,UMCSI,Surveys of Consumers,USD,FRED
2017-01-30,PCE,Personal Income and Outlays,USD,FRED
2017-01-31,BOJ,BOJ rate decision,JPY,cb_dates
2017-02-01,FOMC,FOMC rate decision,USD,cb_dates
2017-02-02,BOE,BOE rate decision,GBP,cb_dates
2017-02-02,JOBLESS,Unemployment Insurance Weekly Claims Report,USD,FRED
2017-02-03,NFP,Employment Situation,USD,FRED
2017-02-03,DTC,"Manufacturer's Shipments, Inventories, and Orders (M3) Survey",USD,FRED
2017-02-07,RBA,RBA rate decision,AUD,cb_dates
2017-02-07,JOLTS,Job Openings and Labor Turnover Survey,USD,FRED
2017-02-09,JOBLESS,Unemployment Insurance Weekly Claims Report,USD,FRED
2017-02-10,PPI,Producer Price Index,USD,FRED
2017-02-13,CPI,Consumer Price Index,USD,FRED
2017-02-14,PPI,Producer Price Index,USD,FRED
2017-02-15,BANLE,Advance Monthly Sales for Retail and Food Services,USD,FRED
2017-02-15,CPI,Consumer Price Index,USD,FRED
2017-02-16,JOBLESS,Unemployment Insurance Weekly Claims Report,USD,FRED
2017-02-23,JOBLESS,Unemployment Insurance Weekly Claims Report,USD,FRED
2017-02-24,NHA,New Residential Sales,USD,FRED
2017-02-24,UMCSI,Surveys of Consumers,USD,FRED
2017-02-27,DTC,"Manufacturer's Shipments, Inventories, and Orders (M3) Survey",USD,FRED
2017-02-28,GDP,Gross Domestic Product,USD,FRED
2017-03-01,PCE,Personal Income and Outlays,USD,FRED
2017-03-01,BOC,BOC rate decision,CAD,cb_dates
2017-03-02,JOBLESS,Unemployment Insurance Weekly Claims Report,USD,FRED
2017-03-06,DTC,"Manufacturer's Shipments, Inventories, and Orders (M3) Survey",USD,FRED
2017-03-07,RBA,RBA rate decision,AUD,cb_dates
2017-03-09,ECB,ECB rate decision,EUR,cb_dates
2017-03-09,JOBLESS,Unemployment Insurance Weekly Claims Report,USD,FRED
2017-03-10,NFP,Employment Situation,USD,FRED
2017-03-14,PPI,Producer Price Index,USD,FRED
2017-03-15,CPI,Consumer Price Index,USD,FRED
2017-03-15,BANLE,Advance Monthly Sales for Retail and Food Services,USD,FRED
2017-03-15,FOMC,FOMC rate decision,USD,cb_dates
2017-03-16,JOBLESS,Unemployment Insurance Weekly Claims Report,USD,FRED
2017-03-16,BOE,BOE rate decision,GBP,cb_dates
2017-03-16,BOJ,BOJ rate decision,JPY,cb_dates
2017-03-16,SNB,SNB rate decision,CHF,cb_dates
2017-03-16,JOLTS,Job Openings and Labor Turnover Survey,USD,FRED
2017-03-23,JOBLESS,Unemployment Insurance Weekly Claims Report,USD,FRED
2017-03-23,NHA,New Residential Sales,USD,FRED
2017-03-24,DTC,"Manufacturer's Shipments, Inventories, and Orders (M3) Survey",USD,FRED
2017-03-24,JOBLESS,Unemployment Insurance Weekly Claims Report,USD,FRED
2017-03-30,GDP,Gross Domestic Product,USD,FRED
2017-03-30,JOBLESS,Unemployment Insurance Weekly Claims Report,USD,FRED
2017-03-31,UMCSI,Surveys of Consumers,USD,FRED
2017-03-31,PCE,Personal Income and Outlays,USD,FRED
2017-04-04,RBA,RBA rate decision,AUD,cb_dates
2017-04-04,DTC,"Manufacturer's Shipments, Inventories, and Orders (M3) Survey",USD,FRED
2017-04-06,JOBLESS,Unemployment Insurance Weekly Claims Report,USD,FRED
2017-04-07,NFP,Employment Situation,USD,FRED
2017-04-11,JOLTS,Job Openings and Labor Turnover Survey,USD,FRED
2017-04-12,BOC,BOC rate decision,CAD,cb_dates
2017-04-13,JOBLESS,Unemployment Insurance Weekly Claims Report,USD,FRED
2017-04-13,PPI,Producer Price Index,USD,FRED
2017-04-14,BANLE,Advance Monthly Sales for Retail and Food Services,USD,FRED
2017-04-14,CPI,Consumer Price Index,USD,FRED
2017-04-20,JOBLESS,Unemployment Insurance Weekly Claims Report,USD,FRED
2017-04-25,NHA,New Residential Sales,USD,FRED
2017-04-27,JOBLESS,Unemployment Insurance Weekly Claims Report,USD,FRED
2017-04-27,DTC,"Manufacturer's Shipments, Inventories, and Orders (M3) Survey",USD,FRED
2017-04-27,ECB,ECB rate decision,EUR,cb_dates
2017-04-27,BOJ,BOJ rate decision,JPY,cb_dates
2017-04-28,GDP,Gross Domestic Product,USD,FRED
2017-04-28,UMCSI,Surveys of Consumers,USD,FRED
2017-05-01,PCE,Personal Income and Outlays,USD,FRED
2017-05-02,RBA,RBA rate decision,AUD,cb_dates
2017-05-03,FOMC,FOMC rate decision,USD,cb_dates
2017-05-04,DTC,"Manufacturer's Shipments, Inventories, and Orders (M3) Survey",USD,FRED
2017-05-04,JOBLESS,Unemployment Insurance Weekly Claims Report,USD,FRED
2017-05-05,NFP,Employment Situation,USD,FRED
2017-05-09,JOLTS,Job Openings and Labor Turnover Survey,USD,FRED
2017-05-11,PPI,Producer Price Index,USD,FRED
2017-05-11,BOE,BOE rate decision,GBP,cb_dates
2017-05-11,JOBLESS,Unemployment Insurance Weekly Claims Report,USD,FRED
2017-05-12,CPI,Consumer Price Index,USD,FRED
2017-05-12,BANLE,Advance Monthly Sales for Retail and Food Services,USD,FRED
2017-05-18,JOBLESS,Unemployment Insurance Weekly Claims Report,USD,FRED
2017-05-23,NHA,New Residential Sales,USD,FRED
2017-05-24,BOC,BOC rate decision,CAD,cb_dates
2017-05-25,JOBLESS,Unemployment Insurance Weekly Claims Report,USD,FRED
2017-05-26,DTC,"Manufacturer's Shipments, Inventories, and Orders (M3) Survey",USD,FRED
2017-05-26,UMCSI,Surveys of Consumers,USD,FRED
2017-05-26,GDP,Gross Domestic Product,USD,FRED
2017-05-30,PCE,Personal Income and Outlays,USD,FRED
2017-06-01,JOBLESS,Unemployment Insurance Weekly Claims Report,USD,FRED
2017-06-02,NFP,Employment Situation,USD,FRED
2017-06-05,DTC,"Manufacturer's Shipments, Inventories, and Orders (M3) Survey",USD,FRED
2017-06-06,RBA,RBA rate decision,AUD,cb_dates
2017-06-06,JOLTS,Job Openings and Labor Turnover Survey,USD,FRED
2017-06-08,ECB,ECB rate decision,EUR,cb_dates
2017-06-08,JOBLESS,Unemployment Insurance Weekly Claims Report,USD,FRED
2017-06-13,PPI,Producer Price Index,USD,FRED
2017-06-14,FOMC,FOMC rate decision,USD,cb_dates
2017-06-14,BANLE,Advance Monthly Sales for Retail and Food Services,USD,FRED
2017-06-14,CPI,Consumer Price Index,USD,FRED
2017-06-15,SNB,SNB rate decision,CHF,cb_dates
2017-06-15,JOBLESS,Unemployment Insurance Weekly Claims Report,USD,FRED
2017-06-15,BOE,BOE rate decision,GBP,cb_dates
2017-06-16,BOJ,BOJ rate decision,JPY,cb_dates
2017-06-22,JOBLESS,Unemployment Insurance Weekly Claims Report,USD,FRED
2017-06-23,NHA,New Residential Sales,USD,FRED
2017-06-26,DTC,"Manufacturer's Shipments, Inventories, and Orders (M3) Survey",USD,FRED
2017-06-29,GDP,Gross Domestic Product,USD,FRED
2017-06-29,JOBLESS,Unemployment Insurance Weekly Claims Report,USD,FRED
2017-06-30,UMCSI,Surveys of Consumers,USD,FRED
2017-06-30,PCE,Personal Income and Outlays,USD,FRED
2017-07-04,RBA,RBA rate decision,AUD,cb_dates
2017-07-05,DTC,"Manufacturer's Shipments, Inventories, and Orders (M3) Survey",USD,FRED
2017-07-06,JOBLESS,Unemployment Insurance Weekly Claims Report,USD,FRED
2017-07-07,NFP,Employment Situation,USD,FRED
2017-07-11,JOLTS,Job Openings and Labor Turnover Survey,USD,FRED
2017-07-12,BOC,BOC rate decision,CAD,cb_dates
2017-07-13,PPI,Producer Price Index,USD,FRED
2017-07-13,JOBLESS,Unemployment Insurance Weekly Claims Report,USD,FRED
2017-07-14,CPI,Consumer Price Index,USD,FRED
2017-07-14,BANLE,Advance Monthly Sales for Retail and Food Services,USD,FRED
2017-07-20,JOBLESS,Unemployment Insurance Weekly Claims Report,USD,FRED
2017-07-20,BOJ,BOJ rate decision,JPY,cb_dates
2017-07-20,ECB,ECB rate decision,EUR,cb_dates
2017-07-26,FOMC,FOMC rate decision,USD,cb_dates
2017-07-26,NHA,New Residential Sales,USD,FRED
2017-07-27,JOBLESS,Unemployment Insurance Weekly Claims Report,USD,FRED
2017-07-27,DTC,"Manufacturer's Shipments, Inventories, and Orders (M3) Survey",USD,FRED
2017-07-28,GDP,Gross Domestic Product,USD,FRED
2017-07-28,UMCSI,Surveys of Consumers,USD,FRED
2017-08-01,RBA,RBA rate decision,AUD,cb_dates
2017-08-01,PCE,Personal Income and Outlays,USD,FRED
2017-08-03,BOE,BOE rate decision,GBP,cb_dates
2017-08-03,GDP,Gross Domestic Product,USD,FRED
2017-08-03,DTC,"Manufacturer's Shipments, Inventories, and Orders (M3) Survey",USD,FRED
2017-08-03,JOBLESS,Unemployment Insurance Weekly Claims Report,USD,FRED
2017-08-04,NFP,Employment Situation,USD,FRED
2017-08-08,JOLTS,Job Openings and Labor Turnover Survey,USD,FRED
2017-08-10,JOBLESS,Unemployment Insurance Weekly Claims Report,USD,FRED
2017-08-10,PPI,Producer Price Index,USD,FRED
2017-08-11,CPI,Consumer Price Index,USD,FRED
2017-08-15,BANLE,Advance Monthly Sales for Retail and Food Services,USD,FRED
2017-08-17,JOBLESS,Unemployment Insurance Weekly Claims Report,USD,FRED
2017-08-23,NHA,New Residential Sales,USD,FRED
2017-08-24,JOBLESS,Unemployment Insurance Weekly Claims Report,USD,FRED
2017-08-25,DTC,"Manufacturer's Shipments, Inventories, and Orders (M3) Survey",USD,FRED
2017-08-30,GDP,Gross Domestic Product,USD,FRED
2017-08-31,GDP,Gross Domestic Product,USD,FRED
2017-08-31,PCE,Personal Income and Outlays,USD,FRED
2017-08-31,JOBLESS,Unemployment Insurance Weekly Claims Report,USD,FRED
2017-09-01,NFP,Employment Situation,USD,FRED
2017-09-01,UMCSI,Surveys of Consumers,USD,FRED
2017-09-05,DTC,"Manufacturer's Shipments, Inventories, and Orders (M3) Survey",USD,FRED
2017-09-05,RBA,RBA rate decision,AUD,cb_dates
2017-09-06,BOC,BOC rate decision,CAD,cb_dates
2017-09-07,JOBLESS,Unemployment Insurance Weekly Claims Report,USD,FRED
2017-09-07,ECB,ECB rate decision,EUR,cb_dates
2017-09-12,JOLTS,Job Openings and Labor Turnover Survey,USD,FRED
2017-09-13,PPI,Producer Price Index,USD,FRED
2017-09-14,JOBLESS,Unemployment Insurance Weekly Claims Report,USD,FRED
2017-09-14,SNB,SNB rate decision,CHF,cb_dates
2017-09-14,BOE,BOE rate decision,GBP,cb_dates
2017-09-14,CPI,Consumer Price Index,USD,FRED
2017-09-15,BANLE,Advance Monthly Sales for Retail and Food Services,USD,FRED
2017-09-20,FOMC,FOMC rate decision,USD,cb_dates
2017-09-21,JOBLESS,Unemployment Insurance Weekly Claims Report,USD,FRED
2017-09-21,BOJ,BOJ rate decision,JPY,cb_dates
2017-09-26,NHA,New Residential Sales,USD,FRED
2017-09-27,DTC,"Manufacturer's Shipments, Inventories, and Orders (M3) Survey",USD,FRED
2017-09-28,GDP,Gross Domestic Product,USD,FRED
2017-09-28,JOBLESS,Unemployment Insurance Weekly Claims Report,USD,FRED
2017-09-29,UMCSI,Surveys of Consumers,USD,FRED
2017-09-29,PCE,Personal Income and Outlays,USD,FRED
2017-10-03,RBA,RBA rate decision,AUD,cb_dates
2017-10-03,GDP,Gross Domestic Product,USD,FRED
2017-10-05,DTC,"Manufacturer's Shipments, Inventories, and Orders (M3) Survey",USD,FRED
2017-10-05,JOBLESS,Unemployment Insurance Weekly Claims Report,USD,FRED
2017-10-06,NFP,Employment Situation,USD,FRED
2017-10-11,JOLTS,Job Openings and Labor Turnover Survey,USD,FRED
2017-10-12,PPI,Producer Price Index,USD,FRED
2017-10-12,JOBLESS,Unemployment Insurance Weekly Claims Report,USD,FRED
2017-10-13,CPI,Consumer Price Index,USD,FRED
2017-10-13,BANLE,Advance Monthly Sales for Retail and Food Services,USD,FRED
2017-10-19,JOBLESS,Unemployment Insurance Weekly Claims Report,USD,FRED
2017-10-25,DTC,"Manufacturer's Shipments, Inventories, and Orders (M3) Survey",USD,FRED
2017-10-25,NHA,New Residential Sales,USD,FRED
2017-10-25,BOC,BOC rate decision,CAD,cb_dates
2017-10-26,JOBLESS,Unemployment Insurance Weekly Claims Report,USD,FRED
2017-10-26,ECB,ECB rate decision,EUR,cb_dates
2017-10-27,UMCSI,Surveys of Consumers,USD,FRED
2017-10-27,GDP,Gross Domestic Product,USD,FRED
2017-10-30,PCE,Personal Income and Outlays,USD,FRED
2017-10-31,BOJ,BOJ rate decision,JPY,cb_dates
2017-11-01,FOMC,FOMC rate decision,USD,cb_dates
2017-11-02,BOE,BOE rate decision,GBP,cb_dates
2017-11-02,JOBLESS,Unemployment Insurance Weekly Claims Report,USD,FRED
2017-11-03,NFP,Employment Situation,USD,FRED
2017-11-03,DTC,"Manufacturer's Shipments, Inventories, and Orders (M3) Survey",USD,FRED
2017-11-07,RBA,RBA rate decision,AUD,cb_dates
2017-11-07,JOLTS,Job Openings and Labor Turnover Survey,USD,FRED
2017-11-09,JOBLESS,Unemployment Insurance Weekly Claims Report,USD,FRED
2017-11-14,PPI,Producer Price Index,USD,FRED
2017-11-15,CPI,Consumer Price Index,USD,FRED
2017-11-15,BANLE,Advance Monthly Sales for Retail and Food Services,USD,FRED
2017-11-16,JOBLESS,Unemployment Insurance Weekly Claims Report,USD,FRED
2017-11-16,GDP,Gross Domestic Product,USD,FRED
2017-11-22,JOBLESS,Unemployment Insurance Weekly Claims Report,USD,FRED
2017-11-22,DTC,"Manufacturer's Shipments, Inventories, and Orders (M3) Survey",USD,FRED
2017-11-22,UMCSI,Surveys of Consumers,USD,FRED
2017-11-24,JOBLESS,Unemployment Insurance Weekly Claims Report,USD,FRED
2017-11-27,NHA,New Residential Sales,USD,FRED
2017-11-29,GDP,Gross Domestic Product,USD,FRED
2017-11-30,JOBLESS,Unemployment Insurance Weekly Claims Report,USD,FRED
2017-11-30,PCE,Personal Income and Outlays,USD,FRED
2017-12-04,DTC,"Manufacturer's Shipments, Inventories, and Orders (M3) Survey",USD,FRED
2017-12-05,RBA,RBA rate decision,AUD,cb_dates
2017-12-06,BOC,BOC rate decision,CAD,cb_dates
2017-12-07,JOBLESS,Unemployment Insurance Weekly Claims Report,USD,FRED
2017-12-08,NFP,Employment Situation,USD,FRED
2017-12-11,JOLTS,Job Openings and Labor Turnover Survey,USD,FRED
2017-12-12,PPI,Producer Price Index,USD,FRED
2017-12-13,CPI,Consumer Price Index,USD,FRED
2017-12-13,FOMC,FOMC rate decision,USD,cb_dates
2017-12-14,JOBLESS,Unemployment Insurance Weekly Claims Report,USD,FRED
2017-12-14,ECB,ECB rate decision,EUR,cb_dates
2017-12-14,SNB,SNB rate decision,CHF,cb_dates
2017-12-14,BOE,BOE rate decision,GBP,cb_dates
2017-12-14,BANLE,Advance Monthly Sales for Retail and Food Services,USD,FRED
2017-12-21,BOJ,BOJ rate decision,JPY,cb_dates
2017-12-21,JOBLESS,Unemployment Insurance Weekly Claims Report,USD,FRED
2017-12-21,GDP,Gross Domestic Product,USD,FRED
2017-12-22,DTC,"Manufacturer's Shipments, Inventories, and Orders (M3) Survey",USD,FRED
2017-12-22,PCE,Personal Income and Outlays,USD,FRED
2017-12-22,NHA,New Residential Sales,USD,FRED
2017-12-22,UMCSI,Surveys of Consumers,USD,FRED
2017-12-28,JOBLESS,Unemployment Insurance Weekly Claims Report,USD,FRED
2018-01-04,JOBLESS,Unemployment Insurance Weekly Claims Report,USD,FRED
2018-01-05,DTC,"Manufacturer's Shipments, Inventories, and Orders (M3) Survey",USD,FRED
2018-01-05,NFP,Employment Situation,USD,FRED
2018-01-09,JOLTS,Job Openings and Labor Turnover Survey,USD,FRED
2018-01-11,JOBLESS,Unemployment Insurance Weekly Claims Report,USD,FRED
2018-01-11,PPI,Producer Price Index,USD,FRED
2018-01-12,BANLE,Advance Monthly Sales for Retail and Food Services,USD,FRED
2018-01-12,CPI,Consumer Price Index,USD,FRED
2018-01-17,BOC,BOC rate decision,CAD,cb_dates
2018-01-18,JOBLESS,Unemployment Insurance Weekly Claims Report,USD,FRED
2018-01-23,BOJ,BOJ rate decision,JPY,cb_dates
2018-01-25,ECB,ECB rate decision,EUR,cb_dates
2018-01-25,NHA,New Residential Sales,USD,FRED
2018-01-25,JOBLESS,Unemployment Insurance Weekly Claims Report,USD,FRED
2018-01-26,UMCSI,Surveys of Consumers,USD,FRED
2018-01-26,GDP,Gross Domestic Product,USD,FRED
2018-01-26,DTC,"Manufacturer's Shipments, Inventories, and Orders (M3) Survey",USD,FRED
2018-01-29,PCE,Personal Income and Outlays,USD,FRED
2018-01-31,FOMC,FOMC rate decision,USD,cb_dates
2018-02-01,JOBLESS,Unemployment Insurance Weekly Claims Report,USD,FRED
2018-02-02,NFP,Employment Situation,USD,FRED
2018-02-02,DTC,"Manufacturer's Shipments, Inventories, and Orders (M3) Survey",USD,FRED
2018-02-06,RBA,RBA rate decision,AUD,cb_dates
2018-02-06,JOLTS,Job Openings and Labor Turnover Survey,USD,FRED
2018-02-08,JOBLESS,Unemployment Insurance Weekly Claims Report,USD,FRED
2018-02-08,BOE,BOE rate decision,GBP,cb_dates
2018-02-14,CPI,Consumer Price Index,USD,FRED
2018-02-14,BANLE,Advance Monthly Sales for Retail and Food Services,USD,FRED
2018-02-15,PPI,Producer Price Index,USD,FRED
2018-02-15,JOBLESS,Unemployment Insurance Weekly Claims Report,USD,FRED
2018-02-22,JOBLESS,Unemployment Insurance Weekly Claims Report,USD,FRED
2018-02-26,NHA,New Residential Sales,USD,FRED
2018-02-27,DTC,"Manufacturer's Shipments, Inventories, and Orders (M3) Survey",USD,FRED
2018-02-28,GDP,Gross Domestic Product,USD,FRED
2018-03-01,PCE,Personal Income and Outlays,USD,FRED
2018-03-01,JOBLESS,Unemployment Insurance Weekly Claims Report,USD,FRED
2018-03-06,DTC,"Manufacturer's Shipments, Inventories, and Orders (M3) Survey",USD,FRED
2018-03-06,RBA,RBA rate decision,AUD,cb_dates
2018-03-07,BOC,BOC rate decision,CAD,cb_dates
2018-03-08,JOBLESS,Unemployment Insurance Weekly Claims Report,USD,FRED
2018-03-08,ECB,ECB rate decision,EUR,cb_dates
2018-03-09,NFP,Employment Situation,USD,FRED
2018-03-09,BOJ,BOJ rate decision,JPY,cb_dates
2018-03-13,CPI,Consumer Price Index,USD,FRED
2018-03-14,BANLE,Advance Monthly Sales for Retail and Food Services,USD,FRED
2018-03-14,PPI,Producer Price Index,USD,FRED
2018-03-15,SNB,SNB rate decision,CHF,cb_dates
2018-03-15,JOBLESS,Unemployment Insurance Weekly Claims Report,USD,FRED
2018-03-16,JOLTS,Job Openings and Labor Turnover Survey,USD,FRED
2018-03-21,FOMC,FOMC rate decision,USD,cb_dates
2018-03-22,JOBLESS,Unemployment Insurance Weekly Claims Report,USD,FRED
2018-03-22,BOE,BOE rate decision,GBP,cb_dates
2018-03-23,NHA,New Residential Sales,USD,FRED
2018-03-23,DTC,"Manufacturer's Shipments, Inventories, and Orders (M3) Survey",USD,FRED
2018-03-28,GDP,Gross Domestic Product,USD,FRED
2018-03-29,JOBLESS,Unemployment Insurance Weekly Claims Report,USD,FRED
2018-03-29,PCE,Personal Income and Outlays,USD,FRED
2018-04-03,RBA,RBA rate decision,AUD,cb_dates
2018-04-04,DTC,"Manufacturer's Shipments, Inventories, and Orders (M3) Survey",USD,FRED
2018-04-05,JOBLESS,Unemployment Insurance Weekly Claims Report,USD,FRED
2018-04-06,NFP,Employment Situation,USD,FRED
2018-04-10,PPI,Producer Price Index,USD,FRED
2018-04-11,CPI,Consumer Price Index,USD,FRED
2018-04-12,JOBLESS,Unemployment Insurance Weekly Claims Report,USD,FRED
2018-04-13,JOLTS,Job Openings and Labor Turnover Survey,USD,FRED
2018-04-16,BANLE,Advance Monthly Sales for Retail and Food Services,USD,FRED
2018-04-18,BOC,BOC rate decision,CAD,cb_dates
2018-04-19,JOBLESS,Unemployment Insurance Weekly Claims Report,USD,FRED
2018-04-24,NHA,New Residential Sales,USD,FRED
2018-04-26,ECB,ECB rate decision,EUR,cb_dates
2018-04-26,DTC,"Manufacturer's Shipments, Inventories, and Orders (M3) Survey",USD,FRED
2018-04-26,JOBLESS,Unemployment Insurance Weekly Claims Report,USD,FRED
2018-04-27,GDP,Gross Domestic Product,USD,FRED
2018-04-27,BOJ,BOJ rate decision,JPY,cb_dates
2018-04-27,UMCSI,Surveys of Consumers,USD,FRED
2018-04-30,PCE,Personal Income and Outlays,USD,FRED
2018-05-01,RBA,RBA rate decision,AUD,cb_dates
2018-05-02,FOMC,FOMC rate decision,USD,cb_dates
2018-05-03,DTC,"Manufacturer's Shipments, Inventories, and Orders (M3) Survey",USD,FRED
2018-05-03,JOBLESS,Unemployment Insurance Weekly Claims Report,USD,FRED
2018-05-04,NFP,Employment Situation,USD,FRED
2018-05-08,JOLTS,Job Openings and Labor Turnover Survey,USD,FRED
2018-05-09,PPI,Producer Price Index,USD,FRED
2018-05-10,BOE,BOE rate decision,GBP,cb_dates
2018-05-10,JOBLESS,Unemployment Insurance Weekly Claims Report,USD,FRED
2018-05-10,CPI,Consumer Price Index,USD,FRED
2018-05-15,BANLE,Advance Monthly Sales for Retail and Food Services,USD,FRED
2018-05-17,JOBLESS,Unemployment Insurance Weekly Claims Report,USD,FRED
2018-05-23,NHA,New Residential Sales,USD,FRED
2018-05-24,JOBLESS,Unemployment Insurance Weekly Claims Report,USD,FRED
2018-05-25,UMCSI,Surveys of Consumers,USD,FRED
2018-05-25,BANLE,Advance Monthly Sales for Retail and Food Services,USD,FRED
2018-05-25,DTC,"Manufacturer's Shipments, Inventories, and Orders (M3) Survey",USD,FRED
2018-05-30,GDP,Gross Domestic Product,USD,FRED
2018-05-30,BOC,BOC rate decision,CAD,cb_dates
2018-05-31,PCE,Personal Income and Outlays,USD,FRED
2018-05-31,JOBLESS,Unemployment Insurance Weekly Claims Report,USD,FRED
2018-06-01,NFP,Employment Situation,USD,FRED
2018-06-04,DTC,"Manufacturer's Shipments, Inventories, and Orders (M3) Survey",USD,FRED
2018-06-05,JOLTS,Job Openings and Labor Turnover Survey,USD,FRED
2018-06-05,RBA,RBA rate decision,AUD,cb_dates
2018-06-07,JOBLESS,Unemployment Insurance Weekly Claims Report,USD,FRED
2018-06-12,CPI,Consumer Price Index,USD,FRED
2018-06-13,PPI,Producer Price Index,USD,FRED
2018-06-13,FOMC,FOMC rate decision,USD,cb_dates
2018-06-14,ECB,ECB rate decision,EUR,cb_dates
2018-06-14,JOBLESS,Unemployment Insurance Weekly Claims Report,USD,FRED
2018-06-14,BANLE,Advance Monthly Sales for Retail and Food Services,USD,FRED
2018-06-15,BOJ,BOJ rate decision,JPY,cb_dates
2018-06-21,BOE,BOE rate decision,GBP,cb_dates
2018-06-21,JOBLESS,Unemployment Insurance Weekly Claims Report,USD,FRED
2018-06-21,SNB,SNB rate decision,CHF,cb_dates
2018-06-25,NHA,New Residential Sales,USD,FRED
2018-06-27,DTC,"Manufacturer's Shipments, Inventories, and Orders (M3) Survey",USD,FRED
2018-06-28,JOBLESS,Unemployment Insurance Weekly Claims Report,USD,FRED
2018-06-28,GDP,Gross Domestic Product,USD,FRED
2018-06-29,PCE,Personal Income and Outlays,USD,FRED
2018-06-29,UMCSI,Surveys of Consumers,USD,FRED
2018-07-03,DTC,"Manufacturer's Shipments, Inventories, and Orders (M3) Survey",USD,FRED
2018-07-03,RBA,RBA rate decision,AUD,cb_dates
2018-07-05,JOBLESS,Unemployment Insurance Weekly Claims Report,USD,FRED
2018-07-06,NFP,Employment Situation,USD,FRED
2018-07-10,JOLTS,Job Openings and Labor Turnover Survey,USD,FRED
2018-07-11,BOC,BOC rate decision,CAD,cb_dates
2018-07-11,PPI,Producer Price Index,USD,FRED
2018-07-12,JOBLESS,Unemployment Insurance Weekly Claims Report,USD,FRED
2018-07-12,CPI,Consumer Price Index,USD,FRED
2018-07-16,BANLE,Advance Monthly Sales for Retail and Food Services,USD,FRED
2018-07-19,JOBLESS,Unemployment Insurance Weekly Claims Report,USD,FRED
2018-07-25,NHA,New Residential Sales,USD,FRED
2018-07-26,JOBLESS,Unemployment Insurance Weekly Claims Report,USD,FRED
2018-07-26,DTC,"Manufacturer's Shipments, Inventories, and Orders (M3) Survey",USD,FRED
2018-07-26,ECB,ECB rate decision,EUR,cb_dates
2018-07-27,UMCSI,Surveys of Consumers,USD,FRED
2018-07-27,GDP,Gross Domestic Product,USD,FRED
2018-07-31,GDP,Gross Domestic Product,USD,FRED
2018-07-31,PCE,Personal Income and Outlays,USD,FRED
2018-07-31,BOJ,BOJ rate decision,JPY,cb_dates
2018-08-01,FOMC,FOMC rate decision,USD,cb_dates
2018-08-02,DTC,"Manufacturer's Shipments, Inventories, and Orders (M3) Survey",USD,FRED
2018-08-02,BOE,BOE rate decision,GBP,cb_dates
2018-08-02,JOBLESS,Unemployment Insurance Weekly Claims Report,USD,FRED
2018-08-03,NFP,Employment Situation,USD,FRED
2018-08-07,JOLTS,Job Openings and Labor Turnover Survey,USD,FRED
2018-08-07,RBA,RBA rate decision,AUD,cb_dates
2018-08-09,JOBLESS,Unemployment Insurance Weekly Claims Report,USD,FRED
2018-08-09,PPI,Producer Price Index,USD,FRED
2018-08-10,CPI,Consumer Price Index,USD,FRED
2018-08-15,BANLE,Advance Monthly Sales for Retail and Food Services,USD,FRED
2018-08-16,JOBLESS,Unemployment Insurance Weekly Claims Report,USD,FRED
2018-08-23,JOBLESS,Unemployment Insurance Weekly Claims Report,USD,FRED
2018-08-23,NHA,New Residential Sales,USD,FRED
2018-08-24,DTC,"Manufacturer's Shipments, Inventories, and Orders (M3) Survey",USD,FRED
2018-08-29,GDP,Gross Domestic Product,USD,FRED
2018-08-30,JOBLESS,Unemployment Insurance Weekly Claims Report,USD,FRED
2018-08-30,PCE,Personal Income and Outlays,USD,FRED
2018-08-31,UMCSI,Surveys of Consumers,USD,FRED
2018-09-04,RBA,RBA rate decision,AUD,cb_dates
2018-09-05,BOC,BOC rate decision,CAD,cb_dates
2018-09-06,DTC,"Manufacturer's Shipments, Inventories, and Orders (M3) Survey",USD,FRED
2018-09-06,JOBLESS,Unemployment Insurance Weekly Claims Report,USD,FRED
2018-09-07,NFP,Employment Situation,USD,FRED
2018-09-11,JOLTS,Job Openings and Labor Turnover Survey,USD,FRED
2018-09-12,PPI,Producer Price Index,USD,FRED
2018-09-13,ECB,ECB rate decision,EUR,cb_dates
2018-09-13,BOE,BOE rate decision,GBP,cb_dates
2018-09-13,JOBLESS,Unemployment Insurance Weekly Claims Report,USD,FRED
2018-09-13,CPI,Consumer Price Index,USD,FRED
2018-09-14,BANLE,Advance Monthly Sales for Retail and Food Services,USD,FRED
2018-09-18,JOBLESS,Unemployment Insurance Weekly Claims Report,USD,FRED
2018-09-19,BOJ,BOJ rate decision,JPY,cb_dates
2018-09-20,JOBLESS,Unemployment Insurance Weekly Claims Report,USD,FRED
2018-09-20,SNB,SNB rate decision,CHF,cb_dates
2018-09-26,NHA,New Residential Sales,USD,FRED
2018-09-26,FOMC,FOMC rate decision,USD,cb_dates
2018-09-27,DTC,"Manufacturer's Shipments, Inventories, and Orders (M3) Survey",USD,FRED
2018-09-27,GDP,Gross Domestic Product,USD,FRED
2018-09-27,JOBLESS,Unemployment Insurance Weekly Claims Report,USD,FRED
2018-09-28,UMCSI,Surveys of Consumers,USD,FRED
2018-09-28,PCE,Personal Income and Outlays,USD,FRED
2018-10-02,RBA,RBA rate decision,AUD,cb_dates
2018-10-04,JOBLESS,Unemployment Insurance Weekly Claims Report,USD,FRED
2018-10-04,DTC,"Manufacturer's Shipments, Inventories, and Orders (M3) Survey",USD,FRED
2018-10-05,NFP,Employment Situation,USD,FRED
2018-10-10,PPI,Producer Price Index,USD,FRED
2018-10-11,CPI,Consumer Price Index,USD,FRED
2018-10-11,JOBLESS,Unemployment Insurance Weekly Claims Report,USD,FRED
2018-10-15,BANLE,Advance Monthly Sales for Retail and Food Services,USD,FRED
2018-10-16,JOLTS,Job Openings and Labor Turnover Survey,USD,FRED
2018-10-18,JOBLESS,Unemployment Insurance Weekly Claims Report,USD,FRED
2018-10-24,NHA,New Residential Sales,USD,FRED
2018-10-24,BOC,BOC rate decision,CAD,cb_dates
2018-10-25,JOBLESS,Unemployment Insurance Weekly Claims Report,USD,FRED
2018-10-25,ECB,ECB rate decision,EUR,cb_dates
2018-10-25,DTC,"Manufacturer's Shipments, Inventories, and Orders (M3) Survey",USD,FRED
2018-10-26,UMCSI,Surveys of Consumers,USD,FRED
2018-10-26,GDP,Gross Domestic Product,USD,FRED
2018-10-29,PCE,Personal Income and Outlays,USD,FRED
2018-10-31,BOJ,BOJ rate decision,JPY,cb_dates
2018-11-01,BOE,BOE rate decision,GBP,cb_dates
2018-11-01,JOBLESS,Unemployment Insurance Weekly Claims Report,USD,FRED
2018-11-02,NFP,Employment Situation,USD,FRED
2018-11-02,DTC,"Manufacturer's Shipments, Inventories, and Orders (M3) Survey",USD,FRED
2018-11-06,RBA,RBA rate decision,AUD,cb_dates
2018-11-06,JOLTS,Job Openings and Labor Turnover Survey,USD,FRED
2018-11-08,FOMC,FOMC rate decision,USD,cb_dates
2018-11-08,JOBLESS,Unemployment Insurance Weekly Claims Report,USD,FRED
2018-11-09,PPI,Producer Price Index,USD,FRED
2018-11-14,CPI,Consumer Price Index,USD,FRED
2018-11-15,JOBLESS,Unemployment Insurance Weekly Claims Report,USD,FRED
2018-11-15,BANLE,Advance Monthly Sales for Retail and Food Services,USD,FRED
2018-11-21,UMCSI,Surveys of Consumers,USD,FRED
2018-11-21,JOBLESS,Unemployment Insurance Weekly Claims Report,USD,FRED
2018-11-21,DTC,"Manufacturer's Shipments, Inventories, and Orders (M3) Survey",USD,FRED
2018-11-23,JOBLESS,Unemployment Insurance Weekly Claims Report,USD,FRED
2018-11-28,GDP,Gross Domestic Product,USD,FRED
2018-11-28,NHA,New Residential Sales,USD,FRED
2018-11-29,PCE,Personal Income and Outlays,USD,FRED
2018-11-29,JOBLESS,Unemployment Insurance Weekly Claims Report,USD,FRED
2018-12-04,RBA,RBA rate decision,AUD,cb_dates
2018-12-05,BOC,BOC rate decision,CAD,cb_dates
2018-12-06,JOBLESS,Unemployment Insurance Weekly Claims Report,USD,FRED
2018-12-06,DTC,"Manufacturer's Shipments, Inventories, and Orders (M3) Survey",USD,FRED
2018-12-07,NFP,Employment Situation,USD,FRED
2018-12-10,JOLTS,Job Openings and Labor Turnover Survey,USD,FRED
2018-12-11,PPI,Producer Price Index,USD,FRED
2018-12-12,CPI,Consumer Price Index,USD,FRED
2018-12-13,SNB,SNB rate decision,CHF,cb_dates
2018-12-13,ECB,ECB rate decision,EUR,cb_dates
2018-12-13,JOBLESS,Unemployment Insurance Weekly Claims Report,USD,FRED
2018-12-14,BANLE,Advance Monthly Sales for Retail and Food Services,USD,FRED
2018-12-19,FOMC,FOMC rate decision,USD,cb_dates
2018-12-20,BOJ,BOJ rate decision,JPY,cb_dates
2018-12-20,BOE,BOE rate decision,GBP,cb_dates
2018-12-20,JOBLESS,Unemployment Insurance Weekly Claims Report,USD,FRED
2018-12-21,PCE,Personal Income and Outlays,USD,FRED
2018-12-21,GDP,Gross Domestic Product,USD,FRED
2018-12-21,UMCSI,Surveys of Consumers,USD,FRED
2018-12-21,DTC,"Manufacturer's Shipments, Inventories, and Orders (M3) Survey",USD,FRED
2018-12-27,JOBLESS,Unemployment Insurance Weekly Claims Report,USD,FRED
2019-01-03,JOBLESS,Unemployment Insurance Weekly Claims Report,USD,FRED
2019-01-04,NFP,Employment Situation,USD,FRED
2019-01-08,JOLTS,Job Openings and Labor Turnover Survey,USD,FRED
2019-01-09,BOC,BOC rate decision,CAD,cb_dates
2019-01-10,JOBLESS,Unemployment Insurance Weekly Claims Report,USD,FRED
2019-01-11,CPI,Consumer Price Index,USD,FRED
2019-01-15,PPI,Producer Price Index,USD,FRED
2019-01-17,JOBLESS,Unemployment Insurance Weekly Claims Report,USD,FRED
2019-01-23,BOJ,BOJ rate decision,JPY,cb_dates
2019-01-24,JOBLESS,Unemployment Insurance Weekly Claims Report,USD,FRED
2019-01-24,ECB,ECB rate decision,EUR,cb_dates
2019-01-30,FOMC,FOMC rate decision,USD,cb_dates
2019-01-31,JOBLESS,Unemployment Insurance Weekly Claims Report,USD,FRED
2019-01-31,NHA,New Residential Sales,USD,FRED
2019-02-01,UMCSI,Surveys of Consumers,USD,FRED
2019-02-01,NFP,Employment Situation,USD,FRED
2019-02-04,DTC,"Manufacturer's Shipments, Inventories, and Orders (M3) Survey",USD,FRED
2019-02-05,RBA,RBA rate decision,AUD,cb_dates
2019-02-07,BOE,BOE rate decision,GBP,cb_dates
2019-02-07,JOBLESS,Unemployment Insurance Weekly Claims Report,USD,FRED
2019-02-11,CPI,Consumer Price Index,USD,FRED
2019-02-12,JOLTS,Job Openings and Labor Turnover Survey,USD,FRED
2019-02-12,PPI,Producer Price Index,USD,FRED
2019-02-13,CPI,Consumer Price Index,USD,FRED
2019-02-14,JOBLESS,Unemployment Insurance Weekly Claims Report,USD,FRED
2019-02-14,PPI,Producer Price Index,USD,FRED
2019-02-14,BANLE,Advance Monthly Sales for Retail and Food Services,USD,FRED
2019-02-21,DTC,"Manufacturer's Shipments, Inventories, and Orders (M3) Survey",USD,FRED
2019-02-21,JOBLESS,Unemployment Insurance Weekly Claims Report,USD,FRED
2019-02-27,DTC,"Manufacturer's Shipments, Inventories, and Orders (M3) Survey",USD,FRED
2019-02-28,JOBLESS,Unemployment Insurance Weekly Claims Report,USD,FRED
2019-02-28,GDP,Gross Domestic Product,USD,FRED
2019-03-01,UMCSI,Surveys of Consumers,USD,FRED
2019-03-01,PCE,Personal Income and Outlays,USD,FRED
2019-03-05,NHA,New Residential Sales,USD,FRED
2019-03-05,RBA,RBA rate decision,AUD,cb_dates
2019-03-06,BOC,BOC rate decision,CAD,cb_dates
2019-03-07,JOBLESS,Unemployment Insurance Weekly Claims Report,USD,FRED
2019-03-07,ECB,ECB rate decision,EUR,cb_dates
2019-03-08,NFP,Employment Situation,USD,FRED
2019-03-11,BANLE,Advance Monthly Sales for Retail and Food Services,USD,FRED
2019-03-12,CPI,Consumer Price Index,USD,FRED
2019-03-13,DTC,"Manufacturer's Shipments, Inventories, and Orders (M3) Survey",USD,FRED
2019-03-13,PPI,Producer Price Index,USD,FRED
2019-03-14,NHA,New Residential Sales,USD,FRED
2019-03-14,JOBLESS,Unemployment Insurance Weekly Claims Report,USD,FRED
2019-03-15,BOJ,BOJ rate decision,JPY,cb_dates
2019-03-15,JOLTS,Job Openings and Labor Turnover Survey,USD,FRED
2019-03-19,DTC,"Manufacturer's Shipments, Inventories, and Orders (M3) Survey",USD,FRED
2019-03-20,FOMC,FOMC rate decision,USD,cb_dates
2019-03-21,SNB,SNB rate decision,CHF,cb_dates
2019-03-21,JOBLESS,Unemployment Insurance Weekly Claims Report,USD,FRED
2019-03-21,BOE,BOE rate decision,GBP,cb_dates
2019-03-28,GDP,Gross Domestic Product,USD,FRED
2019-03-28,JOBLESS,Unemployment Insurance Weekly Claims Report,USD,FRED
2019-03-29,PCE,Personal Income and Outlays,USD,FRED
2019-03-29,NHA,New Residential Sales,USD,FRED
2019-03-29,UMCSI,Surveys of Consumers,USD,FRED
2019-04-01,BANLE,Advance Monthly Sales for Retail and Food Services,USD,FRED
2019-04-02,DTC,"Manufacturer's Shipments, Inventories, and Orders (M3) Survey",USD,FRED
2019-04-02,RBA,RBA rate decision,AUD,cb_dates
2019-04-04,JOBLESS,Unemployment Insurance Weekly Claims Report,USD,FRED
2019-04-05,NFP,Employment Situation,USD,FRED
2019-04-08,DTC,"Manufacturer's Shipments, Inventories, and Orders (M3) Survey",USD,FRED
2019-04-09,JOLTS,Job Openings and Labor Turnover Survey,USD,FRED
2019-04-10,ECB,ECB rate decision,EUR,cb_dates
2019-04-10,CPI,Consumer Price Index,USD,FRED
2019-04-11,JOBLESS,Unemployment Insurance Weekly Claims Report,USD,FRED
2019-04-11,PPI,Producer Price Index,USD,FRED
2019-04-18,BANLE,Advance Monthly Sales for Retail and Food Services,USD,FRED
2019-04-18,JOBLESS,Unemployment Insurance Weekly Claims Report,USD,FRED
2019-04-23,NHA,New Residential Sales,USD,FRED
2019-04-24,BOC,BOC rate decision,CAD,cb_dates
2019-04-25,JOBLESS,Unemployment Insurance Weekly Claims Report,USD,FRED
2019-04-25,BOJ,BOJ rate decision,JPY,cb_dates
2019-04-25,DTC,"Manufacturer's Shipments, Inventories, and Orders (M3) Survey",USD,FRED
2019-04-26,GDP,Gross Domestic Product,USD,FRED
2019-04-26,UMCSI,Surveys of Consumers,USD,FRED
2019-04-29,PCE,Personal Income and Outlays,USD,FRED
2019-05-01,FOMC,FOMC rate decision,USD,cb_dates
2019-05-02,JOBLESS,Unemployment Insurance Weekly Claims Report,USD,FRED
2019-05-02,DTC,"Manufacturer's Shipments, Inventories, and Orders (M3) Survey",USD,FRED
2019-05-02,BOE,BOE rate decision,GBP,cb_dates
2019-05-03,NFP,Employment Situation,USD,FRED
2019-05-07,JOLTS,Job Openings and Labor Turnover Survey,USD,FRED
2019-05-07,RBA,RBA rate decision,AUD,cb_dates
2019-05-09,PPI,Producer Price Index,USD,FRED
2019-05-09,JOBLESS,Unemployment Insurance Weekly Claims Report,USD,FRED
2019-05-10,CPI,Consumer Price Index,USD,FRED
2019-05-15,BANLE,Advance Monthly Sales for Retail and Food Services,USD,FRED
2019-05-16,JOBLESS,Unemployment Insurance Weekly Claims Report,USD,FRED
2019-05-23,JOBLESS,Unemployment Insurance Weekly Claims Report,USD,FRED
2019-05-23,NHA,New Residential Sales,USD,FRED
2019-05-24,DTC,"Manufacturer's Shipments, Inventories, and Orders (M3) Survey",USD,FRED
2019-05-29,BOC,BOC rate decision,CAD,cb_dates
2019-05-30,JOBLESS,Unemployment Insurance Weekly Claims Report,USD,FRED
2019-05-30,GDP,Gross Domestic Product,USD,FRED
2019-05-31,UMCSI,Surveys of Consumers,USD,FRED
2019-05-31,PCE,Personal Income and Outlays,USD,FRED
2019-06-04,RBA,RBA rate decision,AUD,cb_dates
2019-06-04,DTC,"Manufacturer's Shipments, Inventories, and Orders (M3) Survey",USD,FRED
2019-06-06,ECB,ECB rate decision,EUR,cb_dates
2019-06-06,JOBLESS,Unemployment Insurance Weekly Claims Report,USD,FRED
2019-06-07,NFP,Employment Situation,USD,FRED
2019-06-10,JOLTS,Job Openings and Labor Turnover Survey,USD,FRED
2019-06-11,PPI,Producer Price Index,USD,FRED
2019-06-12,CPI,Consumer Price Index,USD,FRED
2019-06-13,SNB,SNB rate decision,CHF,cb_dates
2019-06-13,JOBLESS,Unemployment Insurance Weekly Claims Report,USD,FRED
2019-06-14,BANLE,Advance Monthly Sales for Retail and Food Services,USD,FRED
2019-06-19,FOMC,FOMC rate decision,USD,cb_dates
2019-06-20,JOBLESS,Unemployment Insurance Weekly Claims Report,USD,FRED
2019-06-20,BOE,BOE rate decision,GBP,cb_dates
2019-06-20,BOJ,BOJ rate decision,JPY,cb_dates
2019-06-25,NHA,New Residential Sales,USD,FRED
2019-06-26,DTC,"Manufacturer's Shipments, Inventories, and Orders (M3) Survey",USD,FRED
2019-06-27,GDP,Gross Domestic Product,USD,FRED
2019-06-27,JOBLESS,Unemployment Insurance Weekly Claims Report,USD,FRED
2019-06-28,PCE,Personal Income and Outlays,USD,FRED
2019-06-28,UMCSI,Surveys of Consumers,USD,FRED
2019-07-02,RBA,RBA rate decision,AUD,cb_dates
2019-07-03,DTC,"Manufacturer's Shipments, Inventories, and Orders (M3) Survey",USD,FRED
2019-07-03,JOBLESS,Unemployment Insurance Weekly Claims Report,USD,FRED
2019-07-05,NFP,Employment Situation,USD,FRED
2019-07-09,JOLTS,Job Openings and Labor Turnover Survey,USD,FRED
2019-07-10,BOC,BOC rate decision,CAD,cb_dates
2019-07-11,JOBLESS,Unemployment Insurance Weekly Claims Report,USD,FRED
2019-07-11,CPI,Consumer Price Index,USD,FRED
2019-07-12,PPI,Producer Price Index,USD,FRED
2019-07-16,BANLE,Advance Monthly Sales for Retail and Food Services,USD,FRED
2019-07-18,JOBLESS,Unemployment Insurance Weekly Claims Report,USD,FRED
2019-07-24,NHA,New Residential Sales,USD,FRED
2019-07-25,ECB,ECB rate decision,EUR,cb_dates
2019-07-25,DTC,"Manufacturer's Shipments, Inventories, and Orders (M3) Survey",USD,FRED
2019-07-25,JOBLESS,Unemployment Insurance Weekly Claims Report,USD,FRED
2019-07-26,GDP,Gross Domestic Product,USD,FRED
2019-07-30,BOJ,BOJ rate decision,JPY,cb_dates
2019-07-30,PCE,Personal Income and Outlays,USD,FRED
2019-07-31,FOMC,FOMC rate decision,USD,cb_dates
2019-08-01,BOE,BOE rate decision,GBP,cb_dates
2019-08-01,JOBLESS,Unemployment Insurance Weekly Claims Report,USD,FRED
2019-08-02,DTC,"Manufacturer's Shipments, Inventories, and Orders (M3) Survey",USD,FRED
2019-08-02,UMCSI,Surveys of Consumers,USD,FRED
2019-08-02,NFP,Employment Situation,USD,FRED
2019-08-06,JOLTS,Job Openings and Labor Turnover Survey,USD,FRED
2019-08-06,RBA,RBA rate decision,AUD,cb_dates
2019-08-08,JOBLESS,Unemployment Insurance Weekly Claims Report,USD,FRED
2019-08-09,PPI,Producer Price Index,USD,FRED
2019-08-13,CPI,Consumer Price Index,USD,FRED
2019-08-15,BANLE,Advance Monthly Sales for Retail and Food Services,USD,FRED
2019-08-15,JOBLESS,Unemployment Insurance Weekly Claims Report,USD,FRED
2019-08-22,JOBLESS,Unemployment Insurance Weekly Claims Report,USD,FRED
2019-08-23,NHA,New Residential Sales,USD,FRED
2019-08-26,DTC,"Manufacturer's Shipments, Inventories, and Orders (M3) Survey",USD,FRED
2019-08-29,GDP,Gross Domestic Product,USD,FRED
2019-08-29,JOBLESS,Unemployment Insurance Weekly Claims Report,USD,FRED
2019-08-30,PCE,Personal Income and Outlays,USD,FRED
2019-08-30,UMCSI,Surveys of Consumers,USD,FRED
2019-09-03,RBA,RBA rate decision,AUD,cb_dates
2019-09-04,BOC,BOC rate decision,CAD,cb_dates
2019-09-05,DTC,"Manufacturer's Shipments, Inventories, and Orders (M3) Survey",USD,FRED
2019-09-05,JOBLESS,Unemployment Insurance Weekly Claims Report,USD,FRED
2019-09-06,NFP,Employment Situation,USD,FRED
2019-09-10,JOLTS,Job Openings and Labor Turnover Survey,USD,FRED
2019-09-11,PPI,Producer Price Index,USD,FRED
2019-09-12,CPI,Consumer Price Index,USD,FRED
2019-09-12,JOBLESS,Unemployment Insurance Weekly Claims Report,USD,FRED
2019-09-12,ECB,ECB rate decision,EUR,cb_dates
2019-09-13,BANLE,Advance Monthly Sales for Retail and Food Services,USD,FRED
2019-09-18,FOMC,FOMC rate decision,USD,cb_dates
2019-09-19,BOE,BOE rate decision,GBP,cb_dates
2019-09-19,BOJ,BOJ rate decision,JPY,cb_dates
2019-09-19,SNB,SNB rate decision,CHF,cb_dates
2019-09-19,JOBLESS,Unemployment Insurance Weekly Claims Report,USD,FRED
2019-09-25,NHA,New Residential Sales,USD,FRED
2019-09-26,GDP,Gross Domestic Product,USD,FRED
2019-09-26,JOBLESS,Unemployment Insurance Weekly Claims Report,USD,FRED
2019-09-27,DTC,"Manufacturer's Shipments, Inventories, and Orders (M3) Survey",USD,FRED
2019-09-27,UMCSI,Surveys of Consumers,USD,FRED
2019-09-27,PCE,Personal Income and Outlays,USD,FRED
2019-10-01,RBA,RBA rate decision,AUD,cb_dates
2019-10-03,DTC,"Manufacturer's Shipments, Inventories, and Orders (M3) Survey",USD,FRED
2019-10-03,JOBLESS,Unemployment Insurance Weekly Claims Report,USD,FRED
2019-10-04,NFP,Employment Situation,USD,FRED
2019-10-08,PPI,Producer Price Index,USD,FRED
2019-10-09,JOLTS,Job Openings and Labor Turnover Survey,USD,FRED
2019-10-10,JOBLESS,Unemployment Insurance Weekly Claims Report,USD,FRED
2019-10-10,CPI,Consumer Price Index,USD,FRED
2019-10-16,BANLE,Advance Monthly Sales for Retail and Food Services,USD,FRED
2019-10-17,JOBLESS,Unemployment Insurance Weekly Claims Report,USD,FRED
2019-10-24,ECB,ECB rate decision,EUR,cb_dates
2019-10-24,DTC,"Manufacturer's Shipments, Inventories, and Orders (M3) Survey",USD,FRED
2019-10-24,NHA,New Residential Sales,USD,FRED
2019-10-24,JOBLESS,Unemployment Insurance Weekly Claims Report,USD,FRED
2019-10-25,UMCSI,Surveys of Consumers,USD,FRED
2019-10-30,FOMC,FOMC rate decision,USD,cb_dates
2019-10-30,GDP,Gross Domestic Product,USD,FRED
2019-10-30,BOC,BOC rate decision,CAD,cb_dates
2019-10-31,BOJ,BOJ rate decision,JPY,cb_dates
2019-10-31,JOBLESS,Unemployment Insurance Weekly Claims Report,USD,FRED
2019-10-31,PCE,Personal Income and Outlays,USD,FRED
2019-11-01,NFP,Employment Situation,USD,FRED
2019-11-04,DTC,"Manufacturer's Shipments, Inventories, and Orders (M3) Survey",USD,FRED
2019-11-05,RBA,RBA rate decision,AUD,cb_dates
2019-11-05,JOLTS,Job Openings and Labor Turnover Survey,USD,FRED
2019-11-07,BOE,BOE rate decision,GBP,cb_dates
2019-11-07,JOBLESS,Unemployment Insurance Weekly Claims Report,USD,FRED
2019-11-13,CPI,Consumer Price Index,USD,FRED
2019-11-14,JOBLESS,Unemployment Insurance Weekly Claims Report,USD,FRED
2019-11-14,PPI,Producer Price Index,USD,FRED
2019-11-15,BANLE,Advance Monthly Sales for Retail and Food Services,USD,FRED
2019-11-21,JOBLESS,Unemployment Insurance Weekly Claims Report,USD,FRED
2019-11-22,UMCSI,Surveys of Consumers,USD,FRED
2019-11-26,NHA,New Residential Sales,USD,FRED
2019-11-27,JOBLESS,Unemployment Insurance Weekly Claims Report,USD,FRED
2019-11-27,PCE,Personal Income and Outlays,USD,FRED
2019-11-27,GDP,Gross Domestic Product,USD,FRED
2019-11-27,DTC,"Manufacturer's Shipments, Inventories, and Orders (M3) Survey",USD,FRED
2019-12-03,RBA,RBA rate decision,AUD,cb_dates
2019-12-04,BOC,BOC rate decision,CAD,cb_dates
2019-12-05,JOBLESS,Unemployment Insurance Weekly Claims Report,USD,FRED
2019-12-05,DTC,"Manufacturer's Shipments, Inventories, and Orders (M3) Survey",USD,FRED
2019-12-06,NFP,Employment Situation,USD,FRED
2019-12-11,FOMC,FOMC rate decision,USD,cb_dates
2019-12-11,CPI,Consumer Price Index,USD,FRED
2019-12-12,JOBLESS,Unemployment Insurance Weekly Claims Report,USD,FRED
2019-12-12,PPI,Producer Price Index,USD,FRED
2019-12-12,SNB,SNB rate decision,CHF,cb_dates
2019-12-12,ECB,ECB rate decision,EUR,cb_dates
2019-12-13,BANLE,Advance Monthly Sales for Retail and Food Services,USD,FRED
2019-12-17,JOLTS,Job Openings and Labor Turnover Survey,USD,FRED
2019-12-19,JOBLESS,Unemployment Insurance Weekly Claims Report,USD,FRED
2019-12-19,BOE,BOE rate decision,GBP,cb_dates
2019-12-19,BOJ,BOJ rate decision,JPY,cb_dates
2019-12-20,UMCSI,Surveys of Consumers,USD,FRED
2019-12-20,GDP,Gross Domestic Product,USD,FRED
2019-12-20,PCE,Personal Income and Outlays,USD,FRED
2019-12-23,NHA,New Residential Sales,USD,FRED
2019-12-23,DTC,"Manufacturer's Shipments, Inventories, and Orders (M3) Survey",USD,FRED
2019-12-26,JOBLESS,Unemployment Insurance Weekly Claims Report,USD,FRED
2020-01-02,JOBLESS,Unemployment Insurance Weekly Claims Report,USD,FRED
2020-01-07,DTC,"Manufacturer's Shipments, Inventories, and Orders (M3) Survey",USD,FRED
2020-01-09,JOBLESS,Unemployment Insurance Weekly Claims Report,USD,FRED
2020-01-10,NFP,Employment Situation,USD,FRED
2020-01-14,CPI,Consumer Price Index,USD,FRED
2020-01-15,PPI,Producer Price Index,USD,FRED
2020-01-16,JOBLESS,Unemployment Insurance Weekly Claims Report,USD,FRED
2020-01-16,BANLE,Advance Monthly Sales for Retail and Food Services,USD,FRED
2020-01-17,JOLTS,Job Openings and Labor Turnover Survey,USD,FRED
2020-01-21,BOJ,BOJ rate decision,JPY,cb_dates
2020-01-22,BOC,BOC rate decision,CAD,cb_dates
2020-01-23,ECB,ECB rate decision,EUR,cb_dates
2020-01-23,JOBLESS,Unemployment Insurance Weekly Claims Report,USD,FRED
2020-01-27,NHA,New Residential Sales,USD,FRED
2020-01-28,DTC,"Manufacturer's Shipments, Inventories, and Orders (M3) Survey",USD,FRED
2020-01-29,FOMC,FOMC rate decision,USD,cb_dates
2020-01-30,GDP,Gross Domestic Product,USD,FRED
2020-01-30,BOE,BOE rate decision,GBP,cb_dates
2020-01-30,JOBLESS,Unemployment Insurance Weekly Claims Report,USD,FRED
2020-01-31,PCE,Personal Income and Outlays,USD,FRED
2020-01-31,UMCSI,Surveys of Consumers,USD,FRED
2020-02-04,DTC,"Manufacturer's Shipments, Inventories, and Orders (M3) Survey",USD,FRED
2020-02-04,RBA,RBA rate decision,AUD,cb_dates
2020-02-06,JOBLESS,Unemployment Insurance Weekly Claims Report,USD,FRED
2020-02-07,NFP,Employment Situation,USD,FRED
2020-02-11,JOLTS,Job Openings and Labor Turnover Survey,USD,FRED
2020-02-11,CPI,Consumer Price Index,USD,FRED
2020-02-13,JOBLESS,Unemployment Insurance Weekly Claims Report,USD,FRED
2020-02-13,CPI,Consumer Price Index,USD,FRED
2020-02-14,PPI,Producer Price Index,USD,FRED
2020-02-14,BANLE,Advance Monthly Sales for Retail and Food Services,USD,FRED
2020-02-19,PPI,Producer Price Index,USD,FRED
2020-02-20,JOBLESS,Unemployment Insurance Weekly Claims Report,USD,FRED
2020-02-26,NHA,New Residential Sales,USD,FRED
2020-02-27,JOBLESS,Unemployment Insurance Weekly Claims Report,USD,FRED
2020-02-27,DTC,"Manufacturer's Shipments, Inventories, and Orders (M3) Survey",USD,FRED
2020-02-27,GDP,Gross Domestic Product,USD,FRED
2020-02-28,UMCSI,Surveys of Consumers,USD,FRED
2020-02-28,PCE,Personal Income and Outlays,USD,FRED
2020-03-03,FOMC,FOMC rate decision,USD,cb_dates
2020-03-03,RBA,RBA rate decision,AUD,cb_dates
2020-03-04,BOC,BOC rate decision,CAD,cb_dates
2020-03-05,JOBLESS,Unemployment Insurance Weekly Claims Report,USD,FRED
2020-03-05,DTC,"Manufacturer's Shipments, Inventories, and Orders (M3) Survey",USD,FRED
2020-03-06,NFP,Employment Situation,USD,FRED
2020-03-11,CPI,Consumer Price Index,USD,FRED
2020-03-12,JOBLESS,Unemployment Insurance Weekly Claims Report,USD,FRED
2020-03-12,ECB,ECB rate decision,EUR,cb_dates
2020-03-12,PPI,Producer Price Index,USD,FRED
2020-03-15,FOMC,FOMC rate decision,USD,cb_dates
2020-03-16,BOJ,BOJ rate decision,JPY,cb_dates
2020-03-17,BANLE,Advance Monthly Sales for Retail and Food Services,USD,FRED
2020-03-17,JOLTS,Job Openings and Labor Turnover Survey,USD,FRED
2020-03-18,ECB,ECB rate decision,EUR,cb_dates
2020-03-19,RBA,RBA rate decision,AUD,cb_dates
2020-03-19,JOBLESS,Unemployment Insurance Weekly Claims Report,USD,FRED
2020-03-19,SNB,SNB rate decision,CHF,cb_dates
2020-03-24,NHA,New Residential Sales,USD,FRED
2020-03-25,DTC,"Manufacturer's Shipments, Inventories, and Orders (M3) Survey",USD,FRED
2020-03-26,BOE,BOE rate decision,GBP,cb_dates
2020-03-26,GDP,Gross Domestic Product,USD,FRED
2020-03-26,JOBLESS,Unemployment Insurance Weekly Claims Report,USD,FRED
2020-03-27,UMCSI,Surveys of Consumers,USD,FRED
2020-03-27,PCE,Personal Income and Outlays,USD,FRED
2020-04-02,DTC,"Manufacturer's Shipments, Inventories, and Orders (M3) Survey",USD,FRED
2020-04-02,JOBLESS,Unemployment Insurance Weekly Claims Report,USD,FRED
2020-04-03,NFP,Employment Situation,USD,FRED
2020-04-07,JOLTS,Job Openings and Labor Turnover Survey,USD,FRED
2020-04-07,RBA,RBA rate decision,AUD,cb_dates
2020-04-09,JOBLESS,Unemployment Insurance Weekly Claims Report,USD,FRED
2020-04-09,PPI,Producer Price Index,USD,FRED
2020-04-10,CPI,Consumer Price Index,USD,FRED
2020-04-15,BANLE,Advance Monthly Sales for Retail and Food Services,USD,FRED
2020-04-15,BOC,BOC rate decision,CAD,cb_dates
2020-04-16,JOBLESS,Unemployment Insurance Weekly Claims Report,USD,FRED
2020-04-23,NHA,New Residential Sales,USD,FRED
2020-04-23,JOBLESS,Unemployment Insurance Weekly Claims Report,USD,FRED
2020-04-24,UMCSI,Surveys of Consumers,USD,FRED
2020-04-24,DTC,"Manufacturer's Shipments, Inventories, and Orders (M3) Survey",USD,FRED
2020-04-27,BOJ,BOJ rate decision,JPY,cb_dates
2020-04-29,GDP,Gross Domestic Product,USD,FRED
2020-04-29,FOMC,FOMC rate decision,USD,cb_dates
2020-04-30,ECB,ECB rate decision,EUR,cb_dates
2020-04-30,JOBLESS,Unemployment Insurance Weekly Claims Report,USD,FRED
2020-04-30,PCE,Personal Income and Outlays,USD,FRED
2020-05-04,DTC,"Manufacturer's Shipments, Inventories, and Orders (M3) Survey",USD,FRED
2020-05-05,RBA,RBA rate decision,AUD,cb_dates
2020-05-07,BOE,BOE rate decision,GBP,cb_dates
2020-05-07,JOBLESS,Unemployment Insurance Weekly Claims Report,USD,FRED
2020-05-08,NFP,Employment Situation,USD,FRED
2020-05-11,NFP,Employment Situation,USD,FRED
2020-05-12,CPI,Consumer Price Index,USD,FRED
2020-05-13,PPI,Producer Price Index,USD,FRED
2020-05-14,JOBLESS,Unemployment Insurance Weekly Claims Report,USD,FRED
2020-05-15,DTC,"Manufacturer's Shipments, Inventories, and Orders (M3) Survey",USD,FRED
2020-05-15,BANLE,Advance Monthly Sales for Retail and Food Services,USD,FRED
2020-05-15,JOLTS,Job Openings and Labor Turnover Survey,USD,FRED
2020-05-21,JOBLESS,Unemployment Insurance Weekly Claims Report,USD,FRED
2020-05-22,BOJ,BOJ rate decision,JPY,cb_dates
2020-05-26,NHA,New Residential Sales,USD,FRED
2020-05-28,JOBLESS,Unemployment Insurance Weekly Claims Report,USD,FRED
2020-05-28,GDP,Gross Domestic Product,USD,FRED
2020-05-28,DTC,"Manufacturer's Shipments, Inventories, and Orders (M3) Survey",USD,FRED
2020-05-29,PCE,Personal Income and Outlays,USD,FRED
2020-05-29,UMCSI,Surveys of Consumers,USD,FRED
2020-06-02,RBA,RBA rate decision,AUD,cb_dates
2020-06-03,DTC,"Manufacturer's Shipments, Inventories, and Orders (M3) Survey",USD,FRED
2020-06-03,BOC,BOC rate decision,CAD,cb_dates
2020-06-04,JOBLESS,Unemployment Insurance Weekly Claims Report,USD,FRED
2020-06-04,ECB,ECB rate decision,EUR,cb_dates
2020-06-05,NFP,Employment Situation,USD,FRED
2020-06-09,JOLTS,Job Openings and Labor Turnover Survey,USD,FRED
2020-06-10,CPI,Consumer Price Index,USD,FRED
2020-06-10,FOMC,FOMC rate decision,USD,cb_dates
2020-06-11,PPI,Producer Price Index,USD,FRED
2020-06-11,JOBLESS,Unemployment Insurance Weekly Claims Report,USD,FRED
2020-06-16,BOJ,BOJ rate decision,JPY,cb_dates
2020-06-16,BANLE,Advance Monthly Sales for Retail and Food Services,USD,FRED
2020-06-18,BOE,BOE rate decision,GBP,cb_dates
2020-06-18,JOBLESS,Unemployment Insurance Weekly Claims Report,USD,FRED
2020-06-18,SNB,SNB rate decision,CHF,cb_dates
2020-06-23,NHA,New Residential Sales,USD,FRED
2020-06-25,GDP,Gross Domestic Product,USD,FRED
2020-06-25,DTC,"Manufacturer's Shipments, Inventories, and Orders (M3) Survey",USD,FRED
2020-06-25,JOBLESS,Unemployment Insurance Weekly Claims Report,USD,FRED
2020-06-26,PCE,Personal Income and Outlays,USD,FRED
2020-06-26,UMCSI,Surveys of Consumers,USD,FRED
2020-07-02,JOBLESS,Unemployment Insurance Weekly Claims Report,USD,FRED
2020-07-02,NFP,Employment Situation,USD,FRED
2020-07-02,DTC,"Manufacturer's Shipments, Inventories, and Orders (M3) Survey",USD,FRED
2020-07-07,JOLTS,Job Openings and Labor Turnover Survey,USD,FRED
2020-07-07,RBA,RBA rate decision,AUD,cb_dates
2020-07-09,JOBLESS,Unemployment Insurance Weekly Claims Report,USD,FRED
2020-07-10,PPI,Producer Price Index,USD,FRED
2020-07-14,CPI,Consumer Price Index,USD,FRED
2020-07-15,BOC,BOC rate decision,CAD,cb_dates
2020-07-15,BOJ,BOJ rate decision,JPY,cb_dates
2020-07-16,JOBLESS,Unemployment Insurance Weekly Claims Report,USD,FRED
2020-07-16,BANLE,Advance Monthly Sales for Retail and Food Services,USD,FRED
2020-07-16,ECB,ECB rate decision,EUR,cb_dates
2020-07-23,JOBLESS,Unemployment Insurance Weekly Claims Report,USD,FRED
2020-07-24,NHA,New Residential Sales,USD,FRED
2020-07-27,DTC,"Manufacturer's Shipments, Inventories, and Orders (M3) Survey",USD,FRED
2020-07-29,FOMC,FOMC rate decision,USD,cb_dates
2020-07-30,JOBLESS,Unemployment Insurance Weekly Claims Report,USD,FRED
2020-07-30,GDP,Gross Domestic Product,USD,FRED
2020-07-31,UMCSI,Surveys of Consumers,USD,FRED
2020-07-31,PCE,Personal Income and Outlays,USD,FRED
2020-08-04,RBA,RBA rate decision,AUD,cb_dates
2020-08-04,DTC,"Manufacturer's Shipments, Inventories, and Orders (M3) Survey",USD,FRED
2020-08-06,BOE,BOE rate decision,GBP,cb_dates
2020-08-06,JOBLESS,Unemployment Insurance Weekly Claims Report,USD,FRED
2020-08-07,NFP,Employment Situation,USD,FRED
2020-08-10,JOLTS,Job Openings and Labor Turnover Survey,USD,FRED
2020-08-11,PPI,Producer Price Index,USD,FRED
2020-08-12,CPI,Consumer Price Index,USD,FRED
2020-08-13,JOBLESS,Unemployment Insurance Weekly Claims Report,USD,FRED
2020-08-14,BANLE,Advance Monthly Sales for Retail and Food Services,USD,FRED
2020-08-20,JOBLESS,Unemployment Insurance Weekly Claims Report,USD,FRED
2020-08-25,NHA,New Residential Sales,USD,FRED
2020-08-26,DTC,"Manufacturer's Shipments, Inventories, and Orders (M3) Survey",USD,FRED
2020-08-27,GDP,Gross Domestic Product,USD,FRED
2020-08-27,JOBLESS,Unemployment Insurance Weekly Claims Report,USD,FRED
2020-08-28,PCE,Personal Income and Outlays,USD,FRED
2020-08-28,UMCSI,Surveys of Consumers,USD,FRED
2020-09-01,RBA,RBA rate decision,AUD,cb_dates
2020-09-02,DTC,"Manufacturer's Shipments, Inventories, and Orders (M3) Survey",USD,FRED
2020-09-03,JOBLESS,Unemployment Insurance Weekly Claims Report,USD,FRED
2020-09-04,NFP,Employment Situation,USD,FRED
2020-09-09,JOLTS,Job Openings and Labor Turnover Survey,USD,FRED
2020-09-09,BOC,BOC rate decision,CAD,cb_dates
2020-09-10,ECB,ECB rate decision,EUR,cb_dates
2020-09-10,PPI,Producer Price Index,USD,FRED
2020-09-10,JOBLESS,Unemployment Insurance Weekly Claims Report,USD,FRED
2020-09-11,CPI,Consumer Price Index,USD,FRED
2020-09-16,FOMC,FOMC rate decision,USD,cb_dates
2020-09-16,BANLE,Advance Monthly Sales for Retail and Food Services,USD,FRED
2020-09-16,GDP,Gross Domestic Product,USD,FRED
2020-09-17,BOE,BOE rate decision,GBP,cb_dates
2020-09-17,JOBLESS,Unemployment Insurance Weekly Claims Report,USD,FRED
2020-09-17,BOJ,BOJ rate decision,JPY,cb_dates
2020-09-24,SNB,SNB rate decision,CHF,cb_dates
2020-09-24,NHA,New Residential Sales,USD,FRED
2020-09-24,JOBLESS,Unemployment Insurance Weekly Claims Report,USD,FRED
2020-09-25,DTC,"Manufacturer's Shipments, Inventories, and Orders (M3) Survey",USD,FRED
2020-09-30,GDP,Gross Domestic Product,USD,FRED
2020-10-01,PCE,Personal Income and Outlays,USD,FRED
2020-10-01,JOBLESS,Unemployment Insurance Weekly Claims Report,USD,FRED
2020-10-02,NFP,Employment Situation,USD,FRED
2020-10-02,UMCSI,Surveys of Consumers,USD,FRED
2020-10-02,DTC,"Manufacturer's Shipments, Inventories, and Orders (M3) Survey",USD,FRED
2020-10-06,JOLTS,Job Openings and Labor Turnover Survey,USD,FRED
2020-10-06,RBA,RBA rate decision,AUD,cb_dates
2020-10-08,JOBLESS,Unemployment Insurance Weekly Claims Report,USD,FRED
2020-10-13,CPI,Consumer Price Index,USD,FRED
2020-10-14,PPI,Producer Price Index,USD,FRED
2020-10-15,JOBLESS,Unemployment Insurance Weekly Claims Report,USD,FRED
2020-10-16,BANLE,Advance Monthly Sales for Retail and Food Services,USD,FRED
2020-10-22,JOBLESS,Unemployment Insurance Weekly Claims Report,USD,FRED
2020-10-26,NHA,New Residential Sales,USD,FRED
2020-10-27,DTC,"Manufacturer's Shipments, Inventories, and Orders (M3) Survey",USD,FRED
2020-10-28,BOC,BOC rate decision,CAD,cb_dates
2020-10-29,JOBLESS,Unemployment Insurance Weekly Claims Report,USD,FRED
2020-10-29,BOJ,BOJ rate decision,JPY,cb_dates
2020-10-29,ECB,ECB rate decision,EUR,cb_dates
2020-10-29,GDP,Gross Domestic Product,USD,FRED
2020-10-30,UMCSI,Surveys of Consumers,USD,FRED
2020-10-30,PCE,Personal Income and Outlays,USD,FRED
2020-11-03,RBA,RBA rate decision,AUD,cb_dates
2020-11-03,GDP,Gross Domestic Product,USD,FRED
2020-11-03,DTC,"Manufacturer's Shipments, Inventories, and Orders (M3) Survey",USD,FRED
2020-11-05,FOMC,FOMC rate decision,USD,cb_dates
2020-11-05,BOE,BOE rate decision,GBP,cb_dates
2020-11-05,JOBLESS,Unemployment Insurance Weekly Claims Report,USD,FRED
2020-11-06,NFP,Employment Situation,USD,FRED
2020-11-10,JOLTS,Job Openings and Labor Turnover Survey,USD,FRED
2020-11-12,CPI,Consumer Price Index,USD,FRED
2020-11-12,JOBLESS,Unemployment Insurance Weekly Claims Report,USD,FRED
2020-11-13,PPI,Producer Price Index,USD,FRED
2020-11-17,BANLE,Advance Monthly Sales for Retail and Food Services,USD,FRED
2020-11-19,JOBLESS,Unemployment Insurance Weekly Claims Report,USD,FRED
2020-11-25,DTC,"Manufacturer's Shipments, Inventories, and Orders (M3) Survey",USD,FRED
2020-11-25,PCE,Personal Income and Outlays,USD,FRED
2020-11-25,JOBLESS,Unemployment Insurance Weekly Claims Report,USD,FRED
2020-11-25,NHA,New Residential Sales,USD,FRED
2020-11-25,UMCSI,Surveys of Consumers,USD,FRED
2020-11-25,GDP,Gross Domestic Product,USD,FRED
2020-12-01,RBA,RBA rate decision,AUD,cb_dates
2020-12-03,JOBLESS,Unemployment Insurance Weekly Claims Report,USD,FRED
2020-12-04,DTC,"Manufacturer's Shipments, Inventories, and Orders (M3) Survey",USD,FRED
2020-12-04,NFP,Employment Situation,USD,FRED
2020-12-09,JOLTS,Job Openings and Labor Turnover Survey,USD,FRED
2020-12-09,BOC,BOC rate decision,CAD,cb_dates
2020-12-10,CPI,Consumer Price Index,USD,FRED
2020-12-10,JOBLESS,Unemployment Insurance Weekly Claims Report,USD,FRED
2020-12-10,ECB,ECB rate decision,EUR,cb_dates
2020-12-11,PPI,Producer Price Index,USD,FRED
2020-12-16,FOMC,FOMC rate decision,USD,cb_dates
2020-12-16,BANLE,Advance Monthly Sales for Retail and Food Services,USD,FRED
2020-12-17,BOE,BOE rate decision,GBP,cb_dates
2020-12-17,JOBLESS,Unemployment Insurance Weekly Claims Report,USD,FRED
2020-12-17,SNB,SNB rate decision,CHF,cb_dates
2020-12-18,BOJ,BOJ rate decision,JPY,cb_dates
2020-12-22,GDP,Gross Domestic Product,USD,FRED
2020-12-23,UMCSI,Surveys of Consumers,USD,FRED
2020-12-23,JOBLESS,Unemployment Insurance Weekly Claims Report,USD,FRED
2020-12-23,PCE,Personal Income and Outlays,USD,FRED
2020-12-23,DTC,"Manufacturer's Shipments, Inventories, and Orders (M3) Survey",USD,FRED
2020-12-23,NHA,New Residential Sales,USD,FRED
2020-12-31,JOBLESS,Unemployment Insurance Weekly Claims Report,USD,FRED
2021-01-06,DTC,"Manufacturer's Shipments, Inventories, and Orders (M3) Survey",USD,FRED
2021-01-07,JOBLESS,Unemployment Insurance Weekly Claims Report,USD,FRED
2021-01-08,NFP,Employment Situation,USD,FRED
2021-01-12,JOLTS,Job Openings and Labor Turnover Survey,USD,FRED
2021-01-13,CPI,Consumer Price Index,USD,FRED
2021-01-14,JOBLESS,Unemployment Insurance Weekly Claims Report,USD,FRED
2021-01-15,BANLE,Advance Monthly Sales for Retail and Food Services,USD,FRED
2021-01-15,PPI,Producer Price Index,USD,FRED
2021-01-20,BOC,BOC rate decision,CAD,cb_dates
2021-01-21,JOBLESS,Unemployment Insurance Weekly Claims Report,USD,FRED
2021-01-21,BOJ,BOJ rate decision,JPY,cb_dates
2021-01-21,ECB,ECB rate decision,EUR,cb_dates
2021-01-27,DTC,"Manufacturer's Shipments, Inventories, and Orders (M3) Survey",USD,FRED
2021-01-27,FOMC,FOMC rate decision,USD,cb_dates
2021-01-28,JOBLESS,Unemployment Insurance Weekly Claims Report,USD,FRED
2021-01-28,GDP,Gross Domestic Product,USD,FRED
2021-01-28,NHA,New Residential Sales,USD,FRED
2021-01-29,UMCSI,Surveys of Consumers,USD,FRED
2021-01-29,PCE,Personal Income and Outlays,USD,FRED
2021-02-02,RBA,RBA rate decision,AUD,cb_dates
2021-02-04,DTC,"Manufacturer's Shipments, Inventories, and Orders (M3) Survey",USD,FRED
2021-02-04,JOBLESS,Unemployment Insurance Weekly Claims Report,USD,FRED
2021-02-04,BOE,BOE rate decision,GBP,cb_dates
2021-02-05,NFP,Employment Situation,USD,FRED
2021-02-08,CPI,Consumer Price Index,USD,FRED
2021-02-09,JOLTS,Job Openings and Labor Turnover Survey,USD,FRED
2021-02-10,CPI,Consumer Price Index,USD,FRED
2021-02-11,JOBLESS,Unemployment Insurance Weekly Claims Report,USD,FRED
2021-02-12,PPI,Producer Price Index,USD,FRED
2021-02-17,BANLE,Advance Monthly Sales for Retail and Food Services,USD,FRED
2021-02-17,PPI,Producer Price Index,USD,FRED
2021-02-18,JOBLESS,Unemployment Insurance Weekly Claims Report,USD,FRED
2021-02-24,NHA,New Residential Sales,USD,FRED
2021-02-25,JOBLESS,Unemployment Insurance Weekly Claims Report,USD,FRED
2021-02-25,DTC,"Manufacturer's Shipments, Inventories, and Orders (M3) Survey",USD,FRED
2021-02-25,GDP,Gross Domestic Product,USD,FRED
2021-02-26,PCE,Personal Income and Outlays,USD,FRED
2021-02-26,UMCSI,Surveys of Consumers,USD,FRED
2021-03-02,RBA,RBA rate decision,AUD,cb_dates
2021-03-04,JOBLESS,Unemployment Insurance Weekly Claims Report,USD,FRED
2021-03-04,DTC,"Manufacturer's Shipments, Inventories, and Orders (M3) Survey",USD,FRED
2021-03-05,NFP,Employment Situation,USD,FRED
2021-03-10,BOC,BOC rate decision,CAD,cb_dates
2021-03-10,CPI,Consumer Price Index,USD,FRED
2021-03-11,JOLTS,Job Openings and Labor Turnover Survey,USD,FRED
2021-03-11,JOBLESS,Unemployment Insurance Weekly Claims Report,USD,FRED
2021-03-11,ECB,ECB rate decision,EUR,cb_dates
2021-03-12,PPI,Producer Price Index,USD,FRED
2021-03-16,BANLE,Advance Monthly Sales for Retail and Food Services,USD,FRED
2021-03-17,FOMC,FOMC rate decision,USD,cb_dates
2021-03-18,JOBLESS,Unemployment Insurance Weekly Claims Report,USD,FRED
2021-03-18,BOE,BOE rate decision,GBP,cb_dates
2021-03-19,BOJ,BOJ rate decision,JPY,cb_dates
2021-03-23,NHA,New Residential Sales,USD,FRED
2021-03-24,DTC,"Manufacturer's Shipments, Inventories, and Orders (M3) Survey",USD,FRED
2021-03-25,JOBLESS,Unemployment Insurance Weekly Claims Report,USD,FRED
2021-03-25,SNB,SNB rate decision,CHF,cb_dates
2021-03-25,GDP,Gross Domestic Product,USD,FRED
2021-03-26,UMCSI,Surveys of Consumers,USD,FRED
2021-03-26,PCE,Personal Income and Outlays,USD,FRED
2021-04-01,JOBLESS,Unemployment Insurance Weekly Claims Report,USD,FRED
2021-04-02,NFP,Employment Situation,USD,FRED
2021-04-05,DTC,"Manufacturer's Shipments, Inventories, and Orders (M3) Survey",USD,FRED
2021-04-06,RBA,RBA rate decision,AUD,cb_dates
2021-04-06,JOLTS,Job Openings and Labor Turnover Survey,USD,FRED
2021-04-08,JOBLESS,Unemployment Insurance Weekly Claims Report,USD,FRED
2021-04-09,PPI,Producer Price Index,USD,FRED
2021-04-13,CPI,Consumer Price Index,USD,FRED
2021-04-15,BANLE,Advance Monthly Sales for Retail and Food Services,USD,FRED
2021-04-15,JOBLESS,Unemployment Insurance Weekly Claims Report,USD,FRED
2021-04-21,BOC,BOC rate decision,CAD,cb_dates
2021-04-22,JOBLESS,Unemployment Insurance Weekly Claims Report,USD,FRED
2021-04-22,ECB,ECB rate decision,EUR,cb_dates
2021-04-23,NHA,New Residential Sales,USD,FRED
2021-04-26,DTC,"Manufacturer's Shipments, Inventories, and Orders (M3) Survey",USD,FRED
2021-04-26,BANLE,Advance Monthly Sales for Retail and Food Services,USD,FRED
2021-04-27,BOJ,BOJ rate decision,JPY,cb_dates
2021-04-28,FOMC,FOMC rate decision,USD,cb_dates
2021-04-29,GDP,Gross Domestic Product,USD,FRED
2021-04-29,JOBLESS,Unemployment Insurance Weekly Claims Report,USD,FRED
2021-04-30,PCE,Personal Income and Outlays,USD,FRED
2021-04-30,UMCSI,Surveys of Consumers,USD,FRED
2021-05-04,DTC,"Manufacturer's Shipments, Inventories, and Orders (M3) Survey",USD,FRED
2021-05-04,RBA,RBA rate decision,AUD,cb_dates
2021-05-06,JOBLESS,Unemployment Insurance Weekly Claims Report,USD,FRED
2021-05-06,BOE,BOE rate decision,GBP,cb_dates
2021-05-07,NFP,Employment Situation,USD,FRED
2021-05-11,JOLTS,Job Openings and Labor Turnover Survey,USD,FRED
2021-05-12,CPI,Consumer Price Index,USD,FRED
2021-05-13,PPI,Producer Price Index,USD,FRED
2021-05-13,JOBLESS,Unemployment Insurance Weekly Claims Report,USD,FRED
2021-05-14,BANLE,Advance Monthly Sales for Retail and Food Services,USD,FRED
2021-05-14,DTC,"Manufacturer's Shipments, Inventories, and Orders (M3) Survey",USD,FRED
2021-05-20,JOBLESS,Unemployment Insurance Weekly Claims Report,USD,FRED
2021-05-25,NHA,New Residential Sales,USD,FRED
2021-05-27,JOBLESS,Unemployment Insurance Weekly Claims Report,USD,FRED
2021-05-27,DTC,"Manufacturer's Shipments, Inventories, and Orders (M3) Survey",USD,FRED
2021-05-27,GDP,Gross Domestic Product,USD,FRED
2021-05-28,UMCSI,Surveys of Consumers,USD,FRED
2021-05-28,PCE,Personal Income and Outlays,USD,FRED
2021-06-01,RBA,RBA rate decision,AUD,cb_dates
2021-06-03,JOBLESS,Unemployment Insurance Weekly Claims Report,USD,FRED
2021-06-04,DTC,"Manufacturer's Shipments, Inventories, and Orders (M3) Survey",USD,FRED
2021-06-04,NFP,Employment Situation,USD,FRED
2021-06-08,JOLTS,Job Openings and Labor Turnover Survey,USD,FRED
2021-06-09,BOC,BOC rate decision,CAD,cb_dates
2021-06-10,ECB,ECB rate decision,EUR,cb_dates
2021-06-10,JOBLESS,Unemployment Insurance Weekly Claims Report,USD,FRED
2021-06-10,CPI,Consumer Price Index,USD,FRED
2021-06-15,PPI,Producer Price Index,USD,FRED
2021-06-15,BANLE,Advance Monthly Sales for Retail and Food Services,USD,FRED
2021-06-16,FOMC,FOMC rate decision,USD,cb_dates
2021-06-17,SNB,SNB rate decision,CHF,cb_dates
2021-06-17,JOBLESS,Unemployment Insurance Weekly Claims Report,USD,FRED
2021-06-18,BOJ,BOJ rate decision,JPY,cb_dates
2021-06-23,NHA,New Residential Sales,USD,FRED
2021-06-24,BOE,BOE rate decision,GBP,cb_dates
2021-06-24,JOBLESS,Unemployment Insurance Weekly Claims Report,USD,FRED
2021-06-24,GDP,Gross Domestic Product,USD,FRED
2021-06-24,DTC,"Manufacturer's Shipments, Inventories, and Orders (M3) Survey",USD,FRED
2021-06-25,UMCSI,Surveys of Consumers,USD,FRED
2021-06-25,PCE,Personal Income and Outlays,USD,FRED
2021-07-01,JOBLESS,Unemployment Insurance Weekly Claims Report,USD,FRED
2021-07-02,NFP,Employment Situation,USD,FRED
2021-07-02,DTC,"Manufacturer's Shipments, Inventories, and Orders (M3) Survey",USD,FRED
2021-07-06,RBA,RBA rate decision,AUD,cb_dates
2021-07-07,JOLTS,Job Openings and Labor Turnover Survey,USD,FRED
2021-07-08,JOBLESS,Unemployment Insurance Weekly Claims Report,USD,FRED
2021-07-13,CPI,Consumer Price Index,USD,FRED
2021-07-14,BOC,BOC rate decision,CAD,cb_dates
2021-07-14,PPI,Producer Price Index,USD,FRED
2021-07-15,JOBLESS,Unemployment Insurance Weekly Claims Report,USD,FRED
2021-07-16,BOJ,BOJ rate decision,JPY,cb_dates
2021-07-16,BANLE,Advance Monthly Sales for Retail and Food Services,USD,FRED
2021-07-22,ECB,ECB rate decision,EUR,cb_dates
2021-07-22,JOBLESS,Unemployment Insurance Weekly Claims Report,USD,FRED
2021-07-26,NHA,New Residential Sales,USD,FRED
2021-07-27,DTC,"Manufacturer's Shipments, Inventories, and Orders (M3) Survey",USD,FRED
2021-07-28,FOMC,FOMC rate decision,USD,cb_dates
2021-07-29,JOBLESS,Unemployment Insurance Weekly Claims Report,USD,FRED
2021-07-29,GDP,Gross Domestic Product,USD,FRED
2021-07-30,UMCSI,Surveys of Consumers,USD,FRED
2021-07-30,PCE,Personal Income and Outlays,USD,FRED
2021-08-03,DTC,"Manufacturer's Shipments, Inventories, and Orders (M3) Survey",USD,FRED
2021-08-03,RBA,RBA rate decision,AUD,cb_dates
2021-08-05,JOBLESS,Unemployment Insurance Weekly Claims Report,USD,FRED
2021-08-05,BOE,BOE rate decision,GBP,cb_dates
2021-08-06,GDP,Gross Domestic Product,USD,FRED
2021-08-06,NFP,Employment Situation,USD,FRED
2021-08-09,JOLTS,Job Openings and Labor Turnover Survey,USD,FRED
2021-08-11,CPI,Consumer Price Index,USD,FRED
2021-08-12,JOBLESS,Unemployment Insurance Weekly Claims Report,USD,FRED
2021-08-12,PPI,Producer Price Index,USD,FRED
2021-08-17,BANLE,Advance Monthly Sales for Retail and Food Services,USD,FRED
2021-08-19,JOBLESS,Unemployment Insurance Weekly Claims Report,USD,FRED
2021-08-20,GDP,Gross Domestic Product,USD,FRED
2021-08-24,NHA,New Residential Sales,USD,FRED
2021-08-25,DTC,"Manufacturer's Shipments, Inventories, and Orders (M3) Survey",USD,FRED
2021-08-26,GDP,Gross Domestic Product,USD,FRED
2021-08-26,JOBLESS,Unemployment Insurance Weekly Claims Report,USD,FRED
2021-08-27,PCE,Personal Income and Outlays,USD,FRED
2021-08-27,UMCSI,Surveys of Consumers,USD,FRED
2021-09-02,DTC,"Manufacturer's Shipments, Inventories, and Orders (M3) Survey",USD,FRED
2021-09-02,JOBLESS,Unemployment Insurance Weekly Claims Report,USD,FRED
2021-09-03,NFP,Employment Situation,USD,FRED
2021-09-07,RBA,RBA rate decision,AUD,cb_dates
2021-09-08,JOLTS,Job Openings and Labor Turnover Survey,USD,FRED
2021-09-08,BOC,BOC rate decision,CAD,cb_dates
2021-09-09,ECB,ECB rate decision,EUR,cb_dates
2021-09-09,JOBLESS,Unemployment Insurance Weekly Claims Report,USD,FRED
2021-09-10,PPI,Producer Price Index,USD,FRED
2021-09-14,CPI,Consumer Price Index,USD,FRED
2021-09-16,BANLE,Advance Monthly Sales for Retail and Food Services,USD,FRED
2021-09-16,JOBLESS,Unemployment Insurance Weekly Claims Report,USD,FRED
2021-09-22,BOJ,BOJ rate decision,JPY,cb_dates
2021-09-22,FOMC,FOMC rate decision,USD,cb_dates
2021-09-23,SNB,SNB rate decision,CHF,cb_dates
2021-09-23,BOE,BOE rate decision,GBP,cb_dates
2021-09-23,JOBLESS,Unemployment Insurance Weekly Claims Report,USD,FRED
2021-09-24,NHA,New Residential Sales,USD,FRED
2021-09-27,DTC,"Manufacturer's Shipments, Inventories, and Orders (M3) Survey",USD,FRED
2021-09-30,JOBLESS,Unemployment Insurance Weekly Claims Report,USD,FRED
2021-09-30,GDP,Gross Domestic Product,USD,FRED
2021-10-01,UMCSI,Surveys of Consumers,USD,FRED
2021-10-01,PCE,Personal Income and Outlays,USD,FRED
2021-10-04,DTC,"Manufacturer's Shipments, Inventories, and Orders (M3) Survey",USD,FRED
2021-10-05,RBA,RBA rate decision,AUD,cb_dates
2021-10-07,JOBLESS,Unemployment Insurance Weekly Claims Report,USD,FRED
2021-10-08,NFP,Employment Situation,USD,FRED
2021-10-12,JOLTS,Job Openings and Labor Turnover Survey,USD,FRED
2021-10-13,CPI,Consumer Price Index,USD,FRED
2021-10-14,PPI,Producer Price Index,USD,FRED
2021-10-14,JOBLESS,Unemployment Insurance Weekly Claims Report,USD,FRED
2021-10-15,BANLE,Advance Monthly Sales for Retail and Food Services,USD,FRED
2021-10-21,JOBLESS,Unemployment Insurance Weekly Claims Report,USD,FRED
2021-10-26,NHA,New Residential Sales,USD,FRED
2021-10-27,BOC,BOC rate decision,CAD,cb_dates
2021-10-27,DTC,"Manufacturer's Shipments, Inventories, and Orders (M3) Survey",USD,FRED
2021-10-28,ECB,ECB rate decision,EUR,cb_dates
2021-10-28,GDP,Gross Domestic Product,USD,FRED
2021-10-28,JOBLESS,Unemployment Insurance Weekly Claims Report,USD,FRED
2021-10-28,BOJ,BOJ rate decision,JPY,cb_dates
2021-10-29,PCE,Personal Income and Outlays,USD,FRED
2021-10-29,UMCSI,Surveys of Consumers,USD,FRED
2021-10-29,GDP,Gross Domestic Product,USD,FRED
2021-11-02,RBA,RBA rate decision,AUD,cb_dates
2021-11-03,DTC,"Manufacturer's Shipments, Inventories, and Orders (M3) Survey",USD,FRED
2021-11-03,FOMC,FOMC rate decision,USD,cb_dates
2021-11-04,BOE,BOE rate decision,GBP,cb_dates
2021-11-04,JOBLESS,Unemployment Insurance Weekly Claims Report,USD,FRED
2021-11-05,NFP,Employment Situation,USD,FRED
2021-11-09,PPI,Producer Price Index,USD,FRED
2021-11-10,CPI,Consumer Price Index,USD,FRED
2021-11-10,JOBLESS,Unemployment Insurance Weekly Claims Report,USD,FRED
2021-11-12,JOLTS,Job Openings and Labor Turnover Survey,USD,FRED
2021-11-16,BANLE,Advance Monthly Sales for Retail and Food Services,USD,FRED
2021-11-18,JOBLESS,Unemployment Insurance Weekly Claims Report,USD,FRED
2021-11-24,DTC,"Manufacturer's Shipments, Inventories, and Orders (M3) Survey",USD,FRED
2021-11-24,PCE,Personal Income and Outlays,USD,FRED
2021-11-24,NHA,New Residential Sales,USD,FRED
2021-11-24,GDP,Gross Domestic Product,USD,FRED
2021-11-24,UMCSI,Surveys of Consumers,USD,FRED
2021-11-24,JOBLESS,Unemployment Insurance Weekly Claims Report,USD,FRED
2021-12-02,JOBLESS,Unemployment Insurance Weekly Claims Report,USD,FRED
2021-12-03,NFP,Employment Situation,USD,FRED
2021-12-03,DTC,"Manufacturer's Shipments, Inventories, and Orders (M3) Survey",USD,FRED
2021-12-07,RBA,RBA rate decision,AUD,cb_dates
2021-12-08,JOLTS,Job Openings and Labor Turnover Survey,USD,FRED
2021-12-08,BOC,BOC rate decision,CAD,cb_dates
2021-12-09,JOBLESS,Unemployment Insurance Weekly Claims Report,USD,FRED
2021-12-10,CPI,Consumer Price Index,USD,FRED
2021-12-14,PPI,Producer Price Index,USD,FRED
2021-12-15,BANLE,Advance Monthly Sales for Retail and Food Services,USD,FRED
2021-12-15,FOMC,FOMC rate decision,USD,cb_dates
2021-12-16,JOBLESS,Unemployment Insurance Weekly Claims Report,USD,FRED
2021-12-16,BOE,BOE rate decision,GBP,cb_dates
2021-12-16,ECB,ECB rate decision,EUR,cb_dates
2021-12-16,SNB,SNB rate decision,CHF,cb_dates
2021-12-17,BOJ,BOJ rate decision,JPY,cb_dates
2021-12-22,GDP,Gross Domestic Product,USD,FRED
2021-12-23,DTC,"Manufacturer's Shipments, Inventories, and Orders (M3) Survey",USD,FRED
2021-12-23,PCE,Personal Income and Outlays,USD,FRED
2021-12-23,UMCSI,Surveys of Consumers,USD,FRED
2021-12-23,JOBLESS,Unemployment Insurance Weekly Claims Report,USD,FRED
2021-12-23,NHA,New Residential Sales,USD,FRED
2021-12-30,JOBLESS,Unemployment Insurance Weekly Claims Report,USD,FRED
2022-01-04,JOLTS,Job Openings and Labor Turnover Survey,USD,FRED
2022-01-06,DTC,"Manufacturer's Shipments, Inventories, and Orders (M3) Survey",USD,FRED
2022-01-06,JOBLESS,Unemployment Insurance Weekly Claims Report,USD,FRED
2022-01-07,NFP,Employment Situation,USD,FRED
2022-01-12,CPI,Consumer Price Index,USD,FRED
2022-01-13,JOBLESS,Unemployment Insurance Weekly Claims Report,USD,FRED
2022-01-13,PPI,Producer Price Index,USD,FRED
2022-01-14,BANLE,Advance Monthly Sales for Retail and Food Services,USD,FRED
2022-01-18,BOJ,BOJ rate decision,JPY,cb_dates
2022-01-20,JOBLESS,Unemployment Insurance Weekly Claims Report,USD,FRED
2022-01-26,FOMC,FOMC rate decision,USD,cb_dates
2022-01-26,BOC,BOC rate decision,CAD,cb_dates
2022-01-26,NHA,New Residential Sales,USD,FRED
2022-01-27,DTC,"Manufacturer's Shipments, Inventories, and Orders (M3) Survey",USD,FRED
2022-01-27,GDP,Gross Domestic Product,USD,FRED
2022-01-27,JOBLESS,Unemployment Insurance Weekly Claims Report,USD,FRED
2022-01-28,PCE,Personal Income and Outlays,USD,FRED
2022-01-28,UMCSI,Surveys of Consumers,USD,FRED
2022-02-01,RBA,RBA rate decision,AUD,cb_dates
2022-02-01,JOLTS,Job Openings and Labor Turnover Survey,USD,FRED
2022-02-03,JOBLESS,Unemployment Insurance Weekly Claims Report,USD,FRED
2022-02-03,BOE,BOE rate decision,GBP,cb_dates
2022-02-03,ECB,ECB rate decision,EUR,cb_dates
2022-02-03,DTC,"Manufacturer's Shipments, Inventories, and Orders (M3) Survey",USD,FRED
2022-02-04,NFP,Employment Situation,USD,FRED
2022-02-08,CPI,Consumer Price Index,USD,FRED
2022-02-10,CPI,Consumer Price Index,USD,FRED
2022-02-10,JOBLESS,Unemployment Insurance Weekly Claims Report,USD,FRED
2022-02-11,PPI,Producer Price Index,USD,FRED
2022-02-15,PPI,Producer Price Index,USD,FRED
2022-02-16,BANLE,Advance Monthly Sales for Retail and Food Services,USD,FRED
2022-02-17,JOBLESS,Unemployment Insurance Weekly Claims Report,USD,FRED
2022-02-24,JOBLESS,Unemployment Insurance Weekly Claims Report,USD,FRED
2022-02-24,GDP,Gross Domestic Product,USD,FRED
2022-02-24,NHA,New Residential Sales,USD,FRED
2022-02-25,DTC,"Manufacturer's Shipments, Inventories, and Orders (M3) Survey",USD,FRED
2022-02-25,UMCSI,Surveys of Consumers,USD,FRED
2022-02-25,PCE,Personal Income and Outlays,USD,FRED
2022-03-01,RBA,RBA rate decision,AUD,cb_dates
2022-03-02,BOC,BOC rate decision,CAD,cb_dates
2022-03-03,JOBLESS,Unemployment Insurance Weekly Claims Report,USD,FRED
2022-03-03,DTC,"Manufacturer's Shipments, Inventories, and Orders (M3) Survey",USD,FRED
2022-03-04,NFP,Employment Situation,USD,FRED
2022-03-09,JOLTS,Job Openings and Labor Turnover Survey,USD,FRED
2022-03-10,JOBLESS,Unemployment Insurance Weekly Claims Report,USD,FRED
2022-03-10,ECB,ECB rate decision,EUR,cb_dates
2022-03-10,CPI,Consumer Price Index,USD,FRED
2022-03-15,PPI,Producer Price Index,USD,FRED
2022-03-16,BANLE,Advance Monthly Sales for Retail and Food Services,USD,FRED
2022-03-16,FOMC,FOMC rate decision,USD,cb_dates
2022-03-17,BOE,BOE rate decision,GBP,cb_dates
2022-03-17,JOBLESS,Unemployment Insurance Weekly Claims Report,USD,FRED
2022-03-18,BOJ,BOJ rate decision,JPY,cb_dates
2022-03-23,NHA,New Residential Sales,USD,FRED
2022-03-24,DTC,"Manufacturer's Shipments, Inventories, and Orders (M3) Survey",USD,FRED
2022-03-24,JOBLESS,Unemployment Insurance Weekly Claims Report,USD,FRED
2022-03-24,SNB,SNB rate decision,CHF,cb_dates
2022-03-25,UMCSI,Surveys of Consumers,USD,FRED
2022-03-29,JOLTS,Job Openings and Labor Turnover Survey,USD,FRED
2022-03-30,GDP,Gross Domestic Product,USD,FRED
2022-03-31,JOBLESS,Unemployment Insurance Weekly Claims Report,USD,FRED
2022-03-31,PCE,Personal Income and Outlays,USD,FRED
2022-04-01,NFP,Employment Situation,USD,FRED
2022-04-04,DTC,"Manufacturer's Shipments, Inventories, and Orders (M3) Survey",USD,FRED
2022-04-05,RBA,RBA rate decision,AUD,cb_dates
2022-04-07,JOBLESS,Unemployment Insurance Weekly Claims Report,USD,FRED
2022-04-12,CPI,Consumer Price Index,USD,FRED
2022-04-13,BOC,BOC rate decision,CAD,cb_dates
2022-04-13,PPI,Producer Price Index,USD,FRED
2022-04-14,ECB,ECB rate decision,EUR,cb_dates
2022-04-14,JOBLESS,Unemployment Insurance Weekly Claims Report,USD,FRED
2022-04-14,BANLE,Advance Monthly Sales for Retail and Food Services,USD,FRED
2022-04-21,JOBLESS,Unemployment Insurance Weekly Claims Report,USD,FRED
2022-04-25,BANLE,Advance Monthly Sales for Retail and Food Services,USD,FRED
2022-04-26,NHA,New Residential Sales,USD,FRED
2022-04-26,DTC,"Manufacturer's Shipments, Inventories, and Orders (M3) Survey",USD,FRED
2022-04-28,GDP,Gross Domestic Product,USD,FRED
2022-04-28,JOBLESS,Unemployment Insurance Weekly Claims Report,USD,FRED
2022-04-28,BOJ,BOJ rate decision,JPY,cb_dates
2022-04-29,PCE,Personal Income and Outlays,USD,FRED
2022-04-29,UMCSI,Surveys of Consumers,USD,FRED
2022-05-03,RBA,RBA rate decision,AUD,cb_dates
2022-05-03,DTC,"Manufacturer's Shipments, Inventories, and Orders (M3) Survey",USD,FRED
2022-05-03,JOLTS,Job Openings and Labor Turnover Survey,USD,FRED
2022-05-04,FOMC,FOMC rate decision,USD,cb_dates
2022-05-05,BOE,BOE rate decision,GBP,cb_dates
2022-05-05,JOBLESS,Unemployment Insurance Weekly Claims Report,USD,FRED
2022-05-06,NFP,Employment Situation,USD,FRED
2022-05-11,CPI,Consumer Price Index,USD,FRED
2022-05-12,JOBLESS,Unemployment Insurance Weekly Claims Report,USD,FRED
2022-05-12,PPI,Producer Price Index,USD,FRED
2022-05-13,DTC,"Manufacturer's Shipments, Inventories, and Orders (M3) Survey",USD,FRED
2022-05-17,BANLE,Advance Monthly Sales for Retail and Food Services,USD,FRED
2022-05-19,JOBLESS,Unemployment Insurance Weekly Claims Report,USD,FRED
2022-05-24,NHA,New Residential Sales,USD,FRED
2022-05-25,DTC,"Manufacturer's Shipments, Inventories, and Orders (M3) Survey",USD,FRED
2022-05-26,JOBLESS,Unemployment Insurance Weekly Claims Report,USD,FRED
2022-05-26,GDP,Gross Domestic Product,USD,FRED
2022-05-27,PCE,Personal Income and Outlays,USD,FRED
2022-05-27,UMCSI,Surveys of Consumers,USD,FRED
2022-06-01,JOLTS,Job Openings and Labor Turnover Survey,USD,FRED
2022-06-01,BOC,BOC rate decision,CAD,cb_dates
2022-06-02,DTC,"Manufacturer's Shipments, Inventories, and Orders (M3) Survey",USD,FRED
2022-06-02,JOBLESS,Unemployment Insurance Weekly Claims Report,USD,FRED
2022-06-03,NFP,Employment Situation,USD,FRED
2022-06-07,RBA,RBA rate decision,AUD,cb_dates
2022-06-09,JOBLESS,Unemployment Insurance Weekly Claims Report,USD,FRED
2022-06-09,ECB,ECB rate decision,EUR,cb_dates
2022-06-10,CPI,Consumer Price Index,USD,FRED
2022-06-14,PPI,Producer Price Index,USD,FRED
2022-06-15,BANLE,Advance Monthly Sales for Retail and Food Services,USD,FRED
2022-06-15,FOMC,FOMC rate decision,USD,cb_dates
2022-06-16,SNB,SNB rate decision,CHF,cb_dates
2022-06-16,BOE,BOE rate decision,GBP,cb_dates
2022-06-16,JOBLESS,Unemployment Insurance Weekly Claims Report,USD,FRED
2022-06-17,BOJ,BOJ rate decision,JPY,cb_dates
2022-06-23,JOBLESS,Unemployment Insurance Weekly Claims Report,USD,FRED
2022-06-24,UMCSI,Surveys of Consumers,USD,FRED
2022-06-24,NHA,New Residential Sales,USD,FRED
2022-06-27,DTC,"Manufacturer's Shipments, Inventories, and Orders (M3) Survey",USD,FRED
2022-06-29,GDP,Gross Domestic Product,USD,FRED
2022-06-30,JOBLESS,Unemployment Insurance Weekly Claims Report,USD,FRED
2022-06-30,PCE,Personal Income and Outlays,USD,FRED
2022-07-05,DTC,"Manufacturer's Shipments, Inventories, and Orders (M3) Survey",USD,FRED
2022-07-05,RBA,RBA rate decision,AUD,cb_dates
2022-07-06,JOLTS,Job Openings and Labor Turnover Survey,USD,FRED
2022-07-07,JOBLESS,Unemployment Insurance Weekly Claims Report,USD,FRED
2022-07-08,NFP,Employment Situation,USD,FRED
2022-07-13,CPI,Consumer Price Index,USD,FRED
2022-07-13,BOC,BOC rate decision,CAD,cb_dates
2022-07-14,JOBLESS,Unemployment Insurance Weekly Claims Report,USD,FRED
2022-07-14,PPI,Producer Price Index,USD,FRED
2022-07-15,BANLE,Advance Monthly Sales for Retail and Food Services,USD,FRED
2022-07-21,JOBLESS,Unemployment Insurance Weekly Claims Report,USD,FRED
2022-07-21,BOJ,BOJ rate decision,JPY,cb_dates
2022-07-21,ECB,ECB rate decision,EUR,cb_dates
2022-07-26,NHA,New Residential Sales,USD,FRED
2022-07-27,FOMC,FOMC rate decision,USD,cb_dates
2022-07-27,DTC,"Manufacturer's Shipments, Inventories, and Orders (M3) Survey",USD,FRED
2022-07-28,JOBLESS,Unemployment Insurance Weekly Claims Report,USD,FRED
2022-07-28,GDP,Gross Domestic Product,USD,FRED
2022-07-29,UMCSI,Surveys of Consumers,USD,FRED
2022-07-29,PCE,Personal Income and Outlays,USD,FRED
2022-08-02,JOLTS,Job Openings and Labor Turnover Survey,USD,FRED
2022-08-02,RBA,RBA rate decision,AUD,cb_dates
2022-08-03,DTC,"Manufacturer's Shipments, Inventories, and Orders (M3) Survey",USD,FRED
2022-08-04,BOE,BOE rate decision,GBP,cb_dates
2022-08-04,JOBLESS,Unemployment Insurance Weekly Claims Report,USD,FRED
2022-08-05,NFP,Employment Situation,USD,FRED
2022-08-10,CPI,Consumer Price Index,USD,FRED
2022-08-11,JOBLESS,Unemployment Insurance Weekly Claims Report,USD,FRED
2022-08-11,PPI,Producer Price Index,USD,FRED
2022-08-17,BANLE,Advance Monthly Sales for Retail and Food Services,USD,FRED
2022-08-18,JOBLESS,Unemployment Insurance Weekly Claims Report,USD,FRED
2022-08-23,NHA,New Residential Sales,USD,FRED
2022-08-24,DTC,"Manufacturer's Shipments, Inventories, and Orders (M3) Survey",USD,FRED
2022-08-25,JOBLESS,Unemployment Insurance Weekly Claims Report,USD,FRED
2022-08-25,GDP,Gross Domestic Product,USD,FRED
2022-08-26,PCE,Personal Income and Outlays,USD,FRED
2022-08-26,UMCSI,Surveys of Consumers,USD,FRED
2022-08-30,JOLTS,Job Openings and Labor Turnover Survey,USD,FRED
2022-09-01,JOBLESS,Unemployment Insurance Weekly Claims Report,USD,FRED
2022-09-02,DTC,"Manufacturer's Shipments, Inventories, and Orders (M3) Survey",USD,FRED
2022-09-02,NFP,Employment Situation,USD,FRED
2022-09-06,RBA,RBA rate decision,AUD,cb_dates
2022-09-07,BOC,BOC rate decision,CAD,cb_dates
2022-09-08,JOBLESS,Unemployment Insurance Weekly Claims Report,USD,FRED
2022-09-08,ECB,ECB rate decision,EUR,cb_dates
2022-09-13,CPI,Consumer Price Index,USD,FRED
2022-09-14,PPI,Producer Price Index,USD,FRED
2022-09-15,BANLE,Advance Monthly Sales for Retail and Food Services,USD,FRED
2022-09-15,JOBLESS,Unemployment Insurance Weekly Claims Report,USD,FRED
2022-09-15,BOE,BOE rate decision,GBP,cb_dates
2022-09-21,FOMC,FOMC rate decision,USD,cb_dates
2022-09-22,SNB,SNB rate decision,CHF,cb_dates
2022-09-22,BOJ,BOJ rate decision,JPY,cb_dates
2022-09-22,JOBLESS,Unemployment Insurance Weekly Claims Report,USD,FRED
2022-09-27,NHA,New Residential Sales,USD,FRED
2022-09-27,DTC,"Manufacturer's Shipments, Inventories, and Orders (M3) Survey",USD,FRED
2022-09-29,GDP,Gross Domestic Product,USD,FRED
2022-09-29,JOBLESS,Unemployment Insurance Weekly Claims Report,USD,FRED
2022-09-30,UMCSI,Surveys of Consumers,USD,FRED
2022-09-30,PCE,Personal Income and Outlays,USD,FRED
2022-10-04,RBA,RBA rate decision,AUD,cb_dates
2022-10-04,JOLTS,Job Openings and Labor Turnover Survey,USD,FRED
2022-10-04,DTC,"Manufacturer's Shipments, Inventories, and Orders (M3) Survey",USD,FRED
2022-10-06,JOBLESS,Unemployment Insurance Weekly Claims Report,USD,FRED
2022-10-06,GDP,Gross Domestic Product,USD,FRED
2022-10-07,NFP,Employment Situation,USD,FRED
2022-10-12,PPI,Producer Price Index,USD,FRED
2022-10-13,CPI,Consumer Price Index,USD,FRED
2022-10-13,JOBLESS,Unemployment Insurance Weekly Claims Report,USD,FRED
2022-10-14,BANLE,Advance Monthly Sales for Retail and Food Services,USD,FRED
2022-10-20,JOBLESS,Unemployment Insurance Weekly Claims Report,USD,FRED
2022-10-26,NHA,New Residential Sales,USD,FRED
2022-10-26,BOC,BOC rate decision,CAD,cb_dates
2022-10-27,ECB,ECB rate decision,EUR,cb_dates
2022-10-27,GDP,Gross Domestic Product,USD,FRED
2022-10-27,JOBLESS,Unemployment Insurance Weekly Claims Report,USD,FRED
2022-10-27,DTC,"Manufacturer's Shipments, Inventories, and Orders (M3) Survey",USD,FRED
2022-10-28,BOJ,BOJ rate decision,JPY,cb_dates
2022-10-28,UMCSI,Surveys of Consumers,USD,FRED
2022-10-28,PCE,Personal Income and Outlays,USD,FRED
2022-11-01,JOLTS,Job Openings and Labor Turnover Survey,USD,FRED
2022-11-01,RBA,RBA rate decision,AUD,cb_dates
2022-11-02,FOMC,FOMC rate decision,USD,cb_dates
2022-11-03,DTC,"Manufacturer's Shipments, Inventories, and Orders (M3) Survey",USD,FRED
2022-11-03,JOBLESS,Unemployment Insurance Weekly Claims Report,USD,FRED
2022-11-03,BOE,BOE rate decision,GBP,cb_dates
2022-11-04,NFP,Employment Situation,USD,FRED
2022-11-10,CPI,Consumer Price Index,USD,FRED
2022-11-10,JOBLESS,Unemployment Insurance Weekly Claims Report,USD,FRED
2022-11-15,PPI,Producer Price Index,USD,FRED
2022-11-16,BANLE,Advance Monthly Sales for Retail and Food Services,USD,FRED
2022-11-17,JOBLESS,Unemployment Insurance Weekly Claims Report,USD,FRED
2022-11-23,UMCSI,Surveys of Consumers,USD,FRED
2022-11-23,JOBLESS,Unemployment Insurance Weekly Claims Report,USD,FRED
2022-11-23,DTC,"Manufacturer's Shipments, Inventories, and Orders (M3) Survey",USD,FRED
2022-11-23,NHA,New Residential Sales,USD,FRED
2022-11-30,JOLTS,Job Openings and Labor Turnover Survey,USD,FRED
2022-11-30,GDP,Gross Domestic Product,USD,FRED
2022-12-01,PCE,Personal Income and Outlays,USD,FRED
2022-12-01,JOBLESS,Unemployment Insurance Weekly Claims Report,USD,FRED
2022-12-02,NFP,Employment Situation,USD,FRED
2022-12-05,DTC,"Manufacturer's Shipments, Inventories, and Orders (M3) Survey",USD,FRED
2022-12-06,RBA,RBA rate decision,AUD,cb_dates
2022-12-07,BOC,BOC rate decision,CAD,cb_dates
2022-12-08,JOBLESS,Unemployment Insurance Weekly Claims Report,USD,FRED
2022-12-09,PPI,Producer Price Index,USD,FRED
2022-12-13,CPI,Consumer Price Index,USD,FRED
2022-12-14,FOMC,FOMC rate decision,USD,cb_dates
2022-12-15,BOE,BOE rate decision,GBP,cb_dates
2022-12-15,SNB,SNB rate decision,CHF,cb_dates
2022-12-15,JOBLESS,Unemployment Insurance Weekly Claims Report,USD,FRED
2022-12-15,ECB,ECB rate decision,EUR,cb_dates
2022-12-15,BANLE,Advance Monthly Sales for Retail and Food Services,USD,FRED
2022-12-20,BOJ,BOJ rate decision,JPY,cb_dates
2022-12-22,GDP,Gross Domestic Product,USD,FRED
2022-12-22,JOBLESS,Unemployment Insurance Weekly Claims Report,USD,FRED
2022-12-23,PCE,Personal Income and Outlays,USD,FRED
2022-12-23,UMCSI,Surveys of Consumers,USD,FRED
2022-12-23,DTC,"Manufacturer's Shipments, Inventories, and Orders (M3) Survey",USD,FRED
2022-12-23,NHA,New Residential Sales,USD,FRED
2022-12-29,JOBLESS,Unemployment Insurance Weekly Claims Report,USD,FRED
2023-01-04,JOLTS,Job Openings and Labor Turnover Survey,USD,FRED
2023-01-05,JOBLESS,Unemployment Insurance Weekly Claims Report,USD,FRED
2023-01-06,DTC,"Manufacturer's Shipments, Inventories, and Orders (M3) Survey",USD,FRED
2023-01-06,NFP,Employment Situation,USD,FRED
2023-01-12,JOBLESS,Unemployment Insurance Weekly Claims Report,USD,FRED
2023-01-12,CPI,Consumer Price Index,USD,FRED
2023-01-18,PPI,Producer Price Index,USD,FRED
2023-01-18,BANLE,Advance Monthly Sales for Retail and Food Services,USD,FRED
2023-01-18,BOJ,BOJ rate decision,JPY,cb_dates
2023-01-19,JOBLESS,Unemployment Insurance Weekly Claims Report,USD,FRED
2023-01-25,BOC,BOC rate decision,CAD,cb_dates
2023-01-26,DTC,"Manufacturer's Shipments, Inventories, and Orders (M3) Survey",USD,FRED
2023-01-26,NHA,New Residential Sales,USD,FRED
2023-01-26,JOBLESS,Unemployment Insurance Weekly Claims Report,USD,FRED
2023-01-26,GDP,Gross Domestic Product,USD,FRED
2023-01-27,PCE,Personal Income and Outlays,USD,FRED
2023-01-27,UMCSI,Surveys of Consumers,USD,FRED
2023-02-01,FOMC,FOMC rate decision,USD,cb_dates
2023-02-01,JOLTS,Job Openings and Labor Turnover Survey,USD,FRED
2023-02-02,DTC,"Manufacturer's Shipments, Inventories, and Orders (M3) Survey",USD,FRED
2023-02-02,ECB,ECB rate decision,EUR,cb_dates
2023-02-02,BOE,BOE rate decision,GBP,cb_dates
2023-02-02,JOBLESS,Unemployment Insurance Weekly Claims Report,USD,FRED
2023-02-03,NFP,Employment Situation,USD,FRED
2023-02-07,RBA,RBA rate decision,AUD,cb_dates
2023-02-09,JOBLESS,Unemployment Insurance Weekly Claims Report,USD,FRED
2023-02-10,CPI,Consumer Price Index,USD,FRED
2023-02-14,PPI,Producer Price Index,USD,FRED
2023-02-14,CPI,Consumer Price Index,USD,FRED
2023-02-15,BANLE,Advance Monthly Sales for Retail and Food Services,USD,FRED
2023-02-16,JOBLESS,Unemployment Insurance Weekly Claims Report,USD,FRED
2023-02-16,PPI,Producer Price Index,USD,FRED
2023-02-23,GDP,Gross Domestic Product,USD,FRED
2023-02-23,JOBLESS,Unemployment Insurance Weekly Claims Report,USD,FRED
2023-02-24,UMCSI,Surveys of Consumers,USD,FRED
2023-02-24,PCE,Personal Income and Outlays,USD,FRED
2023-02-24,NHA,New Residential Sales,USD,FRED
2023-02-27,DTC,"Manufacturer's Shipments, Inventories, and Orders (M3) Survey",USD,FRED
2023-03-02,JOBLESS,Unemployment Insurance Weekly Claims Report,USD,FRED
2023-03-06,DTC,"Manufacturer's Shipments, Inventories, and Orders (M3) Survey",USD,FRED
2023-03-07,RBA,RBA rate decision,AUD,cb_dates
2023-03-08,JOLTS,Job Openings and Labor Turnover Survey,USD,FRED
2023-03-08,BOC,BOC rate decision,CAD,cb_dates
2023-03-09,JOBLESS,Unemployment Insurance Weekly Claims Report,USD,FRED
2023-03-10,BOJ,BOJ rate decision,JPY,cb_dates
2023-03-10,NFP,Employment Situation,USD,FRED
2023-03-14,CPI,Consumer Price Index,USD,FRED
2023-03-15,BANLE,Advance Monthly Sales for Retail and Food Services,USD,FRED
2023-03-15,PPI,Producer Price Index,USD,FRED
2023-03-16,JOBLESS,Unemployment Insurance Weekly Claims Report,USD,FRED
2023-03-16,ECB,ECB rate decision,EUR,cb_dates
2023-03-22,FOMC,FOMC rate decision,USD,cb_dates
2023-03-23,NHA,New Residential Sales,USD,FRED
2023-03-23,BOE,BOE rate decision,GBP,cb_dates
2023-03-23,SNB,SNB rate decision,CHF,cb_dates
2023-03-23,JOBLESS,Unemployment Insurance Weekly Claims Report,USD,FRED
2023-03-24,DTC,"Manufacturer's Shipments, Inventories, and Orders (M3) Survey",USD,FRED
2023-03-30,JOBLESS,Unemployment Insurance Weekly Claims Report,USD,FRED
2023-03-30,GDP,Gross Domestic Product,USD,FRED
2023-03-31,PCE,Personal Income and Outlays,USD,FRED
2023-03-31,UMCSI,Surveys of Consumers,USD,FRED
2023-04-04,RBA,RBA rate decision,AUD,cb_dates
2023-04-04,DTC,"Manufacturer's Shipments, Inventories, and Orders (M3) Survey",USD,FRED
2023-04-04,JOLTS,Job Openings and Labor Turnover Survey,USD,FRED
2023-04-06,JOBLESS,Unemployment Insurance Weekly Claims Report,USD,FRED
2023-04-07,NFP,Employment Situation,USD,FRED
2023-04-12,CPI,Consumer Price Index,USD,FRED
2023-04-12,BOC,BOC rate decision,CAD,cb_dates
2023-04-13,PPI,Producer Price Index,USD,FRED
2023-04-13,JOBLESS,Unemployment Insurance Weekly Claims Report,USD,FRED
2023-04-14,BANLE,Advance Monthly Sales for Retail and Food Services,USD,FRED
2023-04-20,JOBLESS,Unemployment Insurance Weekly Claims Report,USD,FRED
2023-04-24,BANLE,Advance Monthly Sales for Retail and Food Services,USD,FRED
2023-04-25,NHA,New Residential Sales,USD,FRED
2023-04-26,DTC,"Manufacturer's Shipments, Inventories, and Orders (M3) Survey",USD,FRED
2023-04-27,JOBLESS,Unemployment Insurance Weekly Claims Report,USD,FRED
2023-04-27,GDP,Gross Domestic Product,USD,FRED
2023-04-28,UMCSI,Surveys of Consumers,USD,FRED
2023-04-28,PCE,Personal Income and Outlays,USD,FRED
2023-04-28,BOJ,BOJ rate decision,JPY,cb_dates
2023-05-02,DTC,"Manufacturer's Shipments, Inventories, and Orders (M3) Survey",USD,FRED
2023-05-02,RBA,RBA rate decision,AUD,cb_dates
2023-05-02,JOLTS,Job Openings and Labor Turnover Survey,USD,FRED
2023-05-03,FOMC,FOMC rate decision,USD,cb_dates
2023-05-04,ECB,ECB rate decision,EUR,cb_dates
2023-05-04,JOBLESS,Unemployment Insurance Weekly Claims Report,USD,FRED
2023-05-05,NFP,Employment Situation,USD,FRED
2023-05-10,CPI,Consumer Price Index,USD,FRED
2023-05-11,JOBLESS,Unemployment Insurance Weekly Claims Report,USD,FRED
2023-05-11,BOE,BOE rate decision,GBP,cb_dates
2023-05-11,PPI,Producer Price Index,USD,FRED
2023-05-12,DTC,"Manufacturer's Shipments, Inventories, and Orders (M3) Survey",USD,FRED
2023-05-16,BANLE,Advance Monthly Sales for Retail and Food Services,USD,FRED
2023-05-18,JOBLESS,Unemployment Insurance Weekly Claims Report,USD,FRED
2023-05-23,NHA,New Residential Sales,USD,FRED
2023-05-25,JOBLESS,Unemployment Insurance Weekly Claims Report,USD,FRED
2023-05-25,GDP,Gross Domestic Product,USD,FRED
2023-05-26,DTC,"Manufacturer's Shipments, Inventories, and Orders (M3) Survey",USD,FRED
2023-05-26,UMCSI,Surveys of Consumers,USD,FRED
2023-05-26,PCE,Personal Income and Outlays,USD,FRED
2023-05-31,JOLTS,Job Openings and Labor Turnover Survey,USD,FRED
2023-06-01,JOBLESS,Unemployment Insurance Weekly Claims Report,USD,FRED
2023-06-02,NFP,Employment Situation,USD,FRED
2023-06-05,DTC,"Manufacturer's Shipments, Inventories, and Orders (M3) Survey",USD,FRED
2023-06-06,RBA,RBA rate decision,AUD,cb_dates
2023-06-07,BOC,BOC rate decision,CAD,cb_dates
2023-06-08,JOBLESS,Unemployment Insurance Weekly Claims Report,USD,FRED
2023-06-13,CPI,Consumer Price Index,USD,FRED
2023-06-14,PPI,Producer Price Index,USD,FRED
2023-06-14,FOMC,FOMC rate decision,USD,cb_dates
2023-06-15,JOBLESS,Unemployment Insurance Weekly Claims Report,USD,FRED
2023-06-15,BANLE,Advance Monthly Sales for Retail and Food Services,USD,FRED
2023-06-15,ECB,ECB rate decision,EUR,cb_dates
2023-06-16,BOJ,BOJ rate decision,JPY,cb_dates
2023-06-22,SNB,SNB rate decision,CHF,cb_dates
2023-06-22,JOBLESS,Unemployment Insurance Weekly Claims Report,USD,FRED
2023-06-22,BOE,BOE rate decision,GBP,cb_dates
2023-06-27,DTC,"Manufacturer's Shipments, Inventories, and Orders (M3) Survey",USD,FRED
2023-06-27,NHA,New Residential Sales,USD,FRED
2023-06-29,GDP,Gross Domestic Product,USD,FRED
2023-06-29,JOBLESS,Unemployment Insurance Weekly Claims Report,USD,FRED
2023-06-30,PCE,Personal Income and Outlays,USD,FRED
2023-06-30,UMCSI,Surveys of Consumers,USD,FRED
2023-07-04,RBA,RBA rate decision,AUD,cb_dates
2023-07-05,DTC,"Manufacturer's Shipments, Inventories, and Orders (M3) Survey",USD,FRED
2023-07-06,JOLTS,Job Openings and Labor Turnover Survey,USD,FRED
2023-07-06,JOBLESS,Unemployment Insurance Weekly Claims Report,USD,FRED
2023-07-07,NFP,Employment Situation,USD,FRED
2023-07-12,CPI,Consumer Price Index,USD,FRED
2023-07-12,BOC,BOC rate decision,CAD,cb_dates
2023-07-13,JOBLESS,Unemployment Insurance Weekly Claims Report,USD,FRED
2023-07-13,PPI,Producer Price Index,USD,FRED
2023-07-18,BANLE,Advance Monthly Sales for Retail and Food Services,USD,FRED
2023-07-20,JOBLESS,Unemployment Insurance Weekly Claims Report,USD,FRED
2023-07-26,NHA,New Residential Sales,USD,FRED
2023-07-26,FOMC,FOMC rate decision,USD,cb_dates
2023-07-27,JOBLESS,Unemployment Insurance Weekly Claims Report,USD,FRED
2023-07-27,GDP,Gross Domestic Product,USD,FRED
2023-07-27,DTC,"Manufacturer's Shipments, Inventories, and Orders (M3) Survey",USD,FRED
2023-07-27,ECB,ECB rate decision,EUR,cb_dates
2023-07-28,BOJ,BOJ rate decision,JPY,cb_dates
2023-07-28,UMCSI,Surveys of Consumers,USD,FRED
2023-07-28,PCE,Personal Income and Outlays,USD,FRED
2023-08-01,JOLTS,Job Openings and Labor Turnover Survey,USD,FRED
2023-08-01,RBA,RBA rate decision,AUD,cb_dates
2023-08-03,JOBLESS,Unemployment Insurance Weekly Claims Report,USD,FRED
2023-08-03,DTC,"Manufacturer's Shipments, Inventories, and Orders (M3) Survey",USD,FRED
2023-08-03,BOE,BOE rate decision,GBP,cb_dates
2023-08-04,NFP,Employment Situation,USD,FRED
2023-08-10,CPI,Consumer Price Index,USD,FRED
2023-08-10,JOBLESS,Unemployment Insurance Weekly Claims Report,USD,FRED
2023-08-11,PPI,Producer Price Index,USD,FRED
2023-08-15,BANLE,Advance Monthly Sales for Retail and Food Services,USD,FRED
2023-08-17,JOBLESS,Unemployment Insurance Weekly Claims Report,USD,FRED
2023-08-23,NHA,New Residential Sales,USD,FRED
2023-08-24,DTC,"Manufacturer's Shipments, Inventories, and Orders (M3) Survey",USD,FRED
2023-08-24,JOBLESS,Unemployment Insurance Weekly Claims Report,USD,FRED
2023-08-25,UMCSI,Surveys of Consumers,USD,FRED
2023-08-29,JOLTS,Job Openings and Labor Turnover Survey,USD,FRED
2023-08-30,GDP,Gross Domestic Product,USD,FRED
2023-08-31,PCE,Personal Income and Outlays,USD,FRED
2023-08-31,JOBLESS,Unemployment Insurance Weekly Claims Report,USD,FRED
2023-09-01,NFP,Employment Situation,USD,FRED
2023-09-05,DTC,"Manufacturer's Shipments, Inventories, and Orders (M3) Survey",USD,FRED
2023-09-05,RBA,RBA rate decision,AUD,cb_dates
2023-09-06,BOC,BOC rate decision,CAD,cb_dates
2023-09-07,JOBLESS,Unemployment Insurance Weekly Claims Report,USD,FRED
2023-09-13,CPI,Consumer Price Index,USD,FRED
2023-09-14,PPI,Producer Price Index,USD,FRED
2023-09-14,ECB,ECB rate decision,EUR,cb_dates
2023-09-14,JOBLESS,Unemployment Insurance Weekly Claims Report,USD,FRED
2023-09-14,BANLE,Advance Monthly Sales for Retail and Food Services,USD,FRED
2023-09-20,FOMC,FOMC rate decision,USD,cb_dates
2023-09-21,BOE,BOE rate decision,GBP,cb_dates
2023-09-21,SNB,SNB rate decision,CHF,cb_dates
2023-09-21,JOBLESS,Unemployment Insurance Weekly Claims Report,USD,FRED
2023-09-22,BOJ,BOJ rate decision,JPY,cb_dates
2023-09-26,NHA,New Residential Sales,USD,FRED
2023-09-27,DTC,"Manufacturer's Shipments, Inventories, and Orders (M3) Survey",USD,FRED
2023-09-28,JOBLESS,Unemployment Insurance Weekly Claims Report,USD,FRED
2023-09-28,GDP,Gross Domestic Product,USD,FRED
2023-09-29,PCE,Personal Income and Outlays,USD,FRED
2023-09-29,UMCSI,Surveys of Consumers,USD,FRED
2023-10-03,RBA,RBA rate decision,AUD,cb_dates
2023-10-03,JOLTS,Job Openings and Labor Turnover Survey,USD,FRED
2023-10-04,DTC,"Manufacturer's Shipments, Inventories, and Orders (M3) Survey",USD,FRED
2023-10-05,JOBLESS,Unemployment Insurance Weekly Claims Report,USD,FRED
2023-10-06,NFP,Employment Situation,USD,FRED
2023-10-11,PPI,Producer Price Index,USD,FRED
2023-10-12,CPI,Consumer Price Index,USD,FRED
2023-10-12,JOBLESS,Unemployment Insurance Weekly Claims Report,USD,FRED
2023-10-17,BANLE,Advance Monthly Sales for Retail and Food Services,USD,FRED
2023-10-19,JOBLESS,Unemployment Insurance Weekly Claims Report,USD,FRED
2023-10-25,BOC,BOC rate decision,CAD,cb_dates
2023-10-25,NHA,New Residential Sales,USD,FRED
2023-10-26,DTC,"Manufacturer's Shipments, Inventories, and Orders (M3) Survey",USD,FRED
2023-10-26,ECB,ECB rate decision,EUR,cb_dates
2023-10-26,GDP,Gross Domestic Product,USD,FRED
2023-10-26,JOBLESS,Unemployment Insurance Weekly Claims Report,USD,FRED
2023-10-27,PCE,Personal Income and Outlays,USD,FRED
2023-10-27,UMCSI,Surveys of Consumers,USD,FRED
2023-10-31,BOJ,BOJ rate decision,JPY,cb_dates
2023-11-01,FOMC,FOMC rate decision,USD,cb_dates
2023-11-01,JOLTS,Job Openings and Labor Turnover Survey,USD,FRED
2023-11-02,DTC,"Manufacturer's Shipments, Inventories, and Orders (M3) Survey",USD,FRED
2023-11-02,JOBLESS,Unemployment Insurance Weekly Claims Report,USD,FRED
2023-11-02,BOE,BOE rate decision,GBP,cb_dates
2023-11-03,NFP,Employment Situation,USD,FRED
2023-11-07,RBA,RBA rate decision,AUD,cb_dates
2023-11-09,JOBLESS,Unemployment Insurance Weekly Claims Report,USD,FRED
2023-11-14,CPI,Consumer Price Index,USD,FRED
2023-11-15,PPI,Producer Price Index,USD,FRED
2023-11-15,BANLE,Advance Monthly Sales for Retail and Food Services,USD,FRED
2023-11-16,JOBLESS,Unemployment Insurance Weekly Claims Report,USD,FRED
2023-11-17,GDP,Gross Domestic Product,USD,FRED
2023-11-22,DTC,"Manufacturer's Shipments, Inventories, and Orders (M3) Survey",USD,FRED
2023-11-22,UMCSI,Surveys of Consumers,USD,FRED
2023-11-22,JOBLESS,Unemployment Insurance Weekly Claims Report,USD,FRED
2023-11-27,NHA,New Residential Sales,USD,FRED
2023-11-29,GDP,Gross Domestic Product,USD,FRED
2023-11-30,PCE,Personal Income and Outlays,USD,FRED
2023-11-30,JOBLESS,Unemployment Insurance Weekly Claims Report,USD,FRED
2023-12-04,DTC,"Manufacturer's Shipments, Inventories, and Orders (M3) Survey",USD,FRED
2023-12-05,RBA,RBA rate decision,AUD,cb_dates
2023-12-05,JOLTS,Job Openings and Labor Turnover Survey,USD,FRED
2023-12-06,BOC,BOC rate decision,CAD,cb_dates
2023-12-07,JOBLESS,Unemployment Insurance Weekly Claims Report,USD,FRED
2023-12-08,NFP,Employment Situation,USD,FRED
2023-12-12,CPI,Consumer Price Index,USD,FRED
2023-12-13,PPI,Producer Price Index,USD,FRED
2023-12-13,FOMC,FOMC rate decision,USD,cb_dates
2023-12-14,SNB,SNB rate decision,CHF,cb_dates
2023-12-14,ECB,ECB rate decision,EUR,cb_dates
2023-12-14,JOBLESS,Unemployment Insurance Weekly Claims Report,USD,FRED
2023-12-14,BOE,BOE rate decision,GBP,cb_dates
2023-12-14,BANLE,Advance Monthly Sales for Retail and Food Services,USD,FRED
2023-12-19,BOJ,BOJ rate decision,JPY,cb_dates
2023-12-21,GDP,Gross Domestic Product,USD,FRED
2023-12-21,JOBLESS,Unemployment Insurance Weekly Claims Report,USD,FRED
2023-12-22,UMCSI,Surveys of Consumers,USD,FRED
2023-12-22,DTC,"Manufacturer's Shipments, Inventories, and Orders (M3) Survey",USD,FRED
2023-12-22,NHA,New Residential Sales,USD,FRED
2023-12-22,PCE,Personal Income and Outlays,USD,FRED
2023-12-28,JOBLESS,Unemployment Insurance Weekly Claims Report,USD,FRED
2024-01-03,JOLTS,Job Openings and Labor Turnover Survey,USD,FRED
2024-01-04,JOBLESS,Unemployment Insurance Weekly Claims Report,USD,FRED
2024-01-05,DTC,"Manufacturer's Shipments, Inventories, and Orders (M3) Survey",USD,FRED
2024-01-05,NFP,Employment Situation,USD,FRED
2024-01-10,NFP,Employment Situation,USD,FRED
2024-01-11,JOBLESS,Unemployment Insurance Weekly Claims Report,USD,FRED
2024-01-11,CPI,Consumer Price Index,USD,FRED
2024-01-12,PPI,Producer Price Index,USD,FRED
2024-01-17,BANLE,Advance Monthly Sales for Retail and Food Services,USD,FRED
2024-01-18,JOBLESS,Unemployment Insurance Weekly Claims Report,USD,FRED
2024-01-23,BOJ,BOJ rate decision,JPY,cb_dates
2024-01-24,BOC,BOC rate decision,CAD,cb_dates
2024-01-25,NHA,New Residential Sales,USD,FRED
2024-01-25,ECB,ECB rate decision,EUR,cb_dates
2024-01-25,DTC,"Manufacturer's Shipments, Inventories, and Orders (M3) Survey",USD,FRED
2024-01-25,JOBLESS,Unemployment Insurance Weekly Claims Report,USD,FRED
2024-01-25,GDP,Gross Domestic Product,USD,FRED
2024-01-26,PCE,Personal Income and Outlays,USD,FRED
2024-01-30,JOLTS,Job Openings and Labor Turnover Survey,USD,FRED
2024-01-31,FOMC,FOMC rate decision,USD,cb_dates
2024-02-01,BOE,BOE rate decision,GBP,cb_dates
2024-02-01,JOBLESS,Unemployment Insurance Weekly Claims Report,USD,FRED
2024-02-02,UMCSI,Surveys of Consumers,USD,FRED
2024-02-02,DTC,"Manufacturer's Shipments, Inventories, and Orders (M3) Survey",USD,FRED
2024-02-02,NFP,Employment Situation,USD,FRED
2024-02-06,RBA,RBA rate decision,AUD,cb_dates
2024-02-08,JOBLESS,Unemployment Insurance Weekly Claims Report,USD,FRED
2024-02-09,CPI,Consumer Price Index,USD,FRED
2024-02-13,CPI,Consumer Price Index,USD,FRED
2024-02-14,PPI,Producer Price Index,USD,FRED
2024-02-15,BANLE,Advance Monthly Sales for Retail and Food Services,USD,FRED
2024-02-15,JOBLESS,Unemployment Insurance Weekly Claims Report,USD,FRED
2024-02-16,PPI,Producer Price Index,USD,FRED
2024-02-22,JOBLESS,Unemployment Insurance Weekly Claims Report,USD,FRED
2024-02-26,NHA,New Residential Sales,USD,FRED
2024-02-27,DTC,"Manufacturer's Shipments, Inventories, and Orders (M3) Survey",USD,FRED
2024-02-28,GDP,Gross Domestic Product,USD,FRED
2024-02-29,PCE,Personal Income and Outlays,USD,FRED
2024-02-29,JOBLESS,Unemployment Insurance Weekly Claims Report,USD,FRED
2024-03-01,UMCSI,Surveys of Consumers,USD,FRED
2024-03-05,DTC,"Manufacturer's Shipments, Inventories, and Orders (M3) Survey",USD,FRED
2024-03-06,JOLTS,Job Openings and Labor Turnover Survey,USD,FRED
2024-03-06,BOC,BOC rate decision,CAD,cb_dates
2024-03-07,ECB,ECB rate decision,EUR,cb_dates
2024-03-07,JOBLESS,Unemployment Insurance Weekly Claims Report,USD,FRED
2024-03-08,NFP,Employment Situation,USD,FRED
2024-03-12,CPI,Consumer Price Index,USD,FRED
2024-03-14,JOBLESS,Unemployment Insurance Weekly Claims Report,USD,FRED
2024-03-14,BANLE,Advance Monthly Sales for Retail and Food Services,USD,FRED
2024-03-14,PPI,Producer Price Index,USD,FRED
2024-03-19,RBA,RBA rate decision,AUD,cb_dates
2024-03-19,BOJ,BOJ rate decision,JPY,cb_dates
2024-03-20,FOMC,FOMC rate decision,USD,cb_dates
2024-03-21,SNB,SNB rate decision,CHF,cb_dates
2024-03-21,JOBLESS,Unemployment Insurance Weekly Claims Report,USD,FRED
2024-03-21,BOE,BOE rate decision,GBP,cb_dates
2024-03-25,NHA,New Residential Sales,USD,FRED
2024-03-26,DTC,"Manufacturer's Shipments, Inventories, and Orders (M3) Survey",USD,FRED
2024-03-28,UMCSI,Surveys of Consumers,USD,FRED
2024-03-28,GDP,Gross Domestic Product,USD,FRED
2024-03-28,JOBLESS,Unemployment Insurance Weekly Claims Report,USD,FRED
2024-03-29,PCE,Personal Income and Outlays,USD,FRED
2024-04-02,JOLTS,Job Openings and Labor Turnover Survey,USD,FRED
2024-04-02,DTC,"Manufacturer's Shipments, Inventories, and Orders (M3) Survey",USD,FRED
2024-04-04,JOBLESS,Unemployment Insurance Weekly Claims Report,USD,FRED
2024-04-05,NFP,Employment Situation,USD,FRED
2024-04-10,CPI,Consumer Price Index,USD,FRED
2024-04-10,BOC,BOC rate decision,CAD,cb_dates
2024-04-11,PPI,Producer Price Index,USD,FRED
2024-04-11,ECB,ECB rate decision,EUR,cb_dates
2024-04-11,JOBLESS,Unemployment Insurance Weekly Claims Report,USD,FRED
2024-04-15,BANLE,Advance Monthly Sales for Retail and Food Services,USD,FRED
2024-04-18,JOBLESS,Unemployment Insurance Weekly Claims Report,USD,FRED
2024-04-23,NHA,New Residential Sales,USD,FRED
2024-04-23,BANLE,Advance Monthly Sales for Retail and Food Services,USD,FRED
2024-04-24,DTC,"Manufacturer's Shipments, Inventories, and Orders (M3) Survey",USD,FRED
2024-04-25,GDP,Gross Domestic Product,USD,FRED
2024-04-25,JOBLESS,Unemployment Insurance Weekly Claims Report,USD,FRED
2024-04-26,BOJ,BOJ rate decision,JPY,cb_dates
2024-04-26,PCE,Personal Income and Outlays,USD,FRED
2024-04-26,UMCSI,Surveys of Consumers,USD,FRED
2024-05-01,FOMC,FOMC rate decision,USD,cb_dates
2024-05-01,JOLTS,Job Openings and Labor Turnover Survey,USD,FRED
2024-05-02,JOBLESS,Unemployment Insurance Weekly Claims Report,USD,FRED
2024-05-02,DTC,"Manufacturer's Shipments, Inventories, and Orders (M3) Survey",USD,FRED
2024-05-03,NFP,Employment Situation,USD,FRED
2024-05-07,RBA,RBA rate decision,AUD,cb_dates
2024-05-09,JOBLESS,Unemployment Insurance Weekly Claims Report,USD,FRED
2024-05-09,BOE,BOE rate decision,GBP,cb_dates
2024-05-14,DTC,"Manufacturer's Shipments, Inventories, and Orders (M3) Survey",USD,FRED
2024-05-14,PPI,Producer Price Index,USD,FRED
2024-05-15,BANLE,Advance Monthly Sales for Retail and Food Services,USD,FRED
2024-05-15,CPI,Consumer Price Index,USD,FRED
2024-05-16,JOBLESS,Unemployment Insurance Weekly Claims Report,USD,FRED
2024-05-23,NHA,New Residential Sales,USD,FRED
2024-05-23,JOBLESS,Unemployment Insurance Weekly Claims Report,USD,FRED
2024-05-24,DTC,"Manufacturer's Shipments, Inventories, and Orders (M3) Survey",USD,FRED
2024-05-24,UMCSI,Surveys of Consumers,USD,FRED
2024-05-30,GDP,Gross Domestic Product,USD,FRED
2024-05-30,JOBLESS,Unemployment Insurance Weekly Claims Report,USD,FRED
2024-05-31,PCE,Personal Income and Outlays,USD,FRED
2024-06-04,DTC,"Manufacturer's Shipments, Inventories, and Orders (M3) Survey",USD,FRED
2024-06-04,JOLTS,Job Openings and Labor Turnover Survey,USD,FRED
2024-06-05,BOC,BOC rate decision,CAD,cb_dates
2024-06-06,ECB,ECB rate decision,EUR,cb_dates
2024-06-06,JOBLESS,Unemployment Insurance Weekly Claims Report,USD,FRED
2024-06-07,NFP,Employment Situation,USD,FRED
2024-06-12,FOMC,FOMC rate decision,USD,cb_dates
2024-06-12,CPI,Consumer Price Index,USD,FRED
2024-06-13,PPI,Producer Price Index,USD,FRED
2024-06-13,JOBLESS,Unemployment Insurance Weekly Claims Report,USD,FRED
2024-06-14,BOJ,BOJ rate decision,JPY,cb_dates
2024-06-18,RBA,RBA rate decision,AUD,cb_dates
2024-06-18,BANLE,Advance Monthly Sales for Retail and Food Services,USD,FRED
2024-06-20,BOE,BOE rate decision,GBP,cb_dates
2024-06-20,JOBLESS,Unemployment Insurance Weekly Claims Report,USD,FRED
2024-06-20,SNB,SNB rate decision,CHF,cb_dates
2024-06-26,NHA,New Residential Sales,USD,FRED
2024-06-27,DTC,"Manufacturer's Shipments, Inventories, and Orders (M3) Survey",USD,FRED
2024-06-27,JOBLESS,Unemployment Insurance Weekly Claims Report,USD,FRED
2024-06-27,GDP,Gross Domestic Product,USD,FRED
2024-06-28,UMCSI,Surveys of Consumers,USD,FRED
2024-06-28,PCE,Personal Income and Outlays,USD,FRED
2024-07-02,JOLTS,Job Openings and Labor Turnover Survey,USD,FRED
2024-07-03,DTC,"Manufacturer's Shipments, Inventories, and Orders (M3) Survey",USD,FRED
2024-07-03,JOBLESS,Unemployment Insurance Weekly Claims Report,USD,FRED
2024-07-05,NFP,Employment Situation,USD,FRED
2024-07-11,JOBLESS,Unemployment Insurance Weekly Claims Report,USD,FRED
2024-07-11,CPI,Consumer Price Index,USD,FRED
2024-07-12,PPI,Producer Price Index,USD,FRED
2024-07-16,BANLE,Advance Monthly Sales for Retail and Food Services,USD,FRED
2024-07-18,JOBLESS,Unemployment Insurance Weekly Claims Report,USD,FRED
2024-07-18,ECB,ECB rate decision,EUR,cb_dates
2024-07-24,NHA,New Residential Sales,USD,FRED
2024-07-24,BOC,BOC rate decision,CAD,cb_dates
2024-07-25,JOBLESS,Unemployment Insurance Weekly Claims Report,USD,FRED
2024-07-25,DTC,"Manufacturer's Shipments, Inventories, and Orders (M3) Survey",USD,FRED
2024-07-25,GDP,Gross Domestic Product,USD,FRED
2024-07-26,UMCSI,Surveys of Consumers,USD,FRED
2024-07-26,PCE,Personal Income and Outlays,USD,FRED
2024-07-30,JOLTS,Job Openings and Labor Turnover Survey,USD,FRED
2024-07-31,FOMC,FOMC rate decision,USD,cb_dates
2024-07-31,BOJ,BOJ rate decision,JPY,cb_dates
2024-08-01,BOE,BOE rate decision,GBP,cb_dates
2024-08-01,JOBLESS,Unemployment Insurance Weekly Claims Report,USD,FRED
2024-08-02,NFP,Employment Situation,USD,FRED
2024-08-02,DTC,"Manufacturer's Shipments, Inventories, and Orders (M3) Survey",USD,FRED
2024-08-06,RBA,RBA rate decision,AUD,cb_dates
2024-08-08,JOBLESS,Unemployment Insurance Weekly Claims Report,USD,FRED
2024-08-13,PPI,Producer Price Index,USD,FRED
2024-08-14,CPI,Consumer Price Index,USD,FRED
2024-08-15,JOBLESS,Unemployment Insurance Weekly Claims Report,USD,FRED
2024-08-15,BANLE,Advance Monthly Sales for Retail and Food Services,USD,FRED
2024-08-22,JOBLESS,Unemployment Insurance Weekly Claims Report,USD,FRED
2024-08-23,NHA,New Residential Sales,USD,FRED
2024-08-26,DTC,"Manufacturer's Shipments, Inventories, and Orders (M3) Survey",USD,FRED
2024-08-29,JOBLESS,Unemployment Insurance Weekly Claims Report,USD,FRED
2024-08-29,GDP,Gross Domestic Product,USD,FRED
2024-08-30,UMCSI,Surveys of Consumers,USD,FRED
2024-08-30,PCE,Personal Income and Outlays,USD,FRED
2024-09-04,JOLTS,Job Openings and Labor Turnover Survey,USD,FRED
2024-09-04,BOC,BOC rate decision,CAD,cb_dates
2024-09-04,DTC,"Manufacturer's Shipments, Inventories, and Orders (M3) Survey",USD,FRED
2024-09-05,JOBLESS,Unemployment Insurance Weekly Claims Report,USD,FRED
2024-09-06,NFP,Employment Situation,USD,FRED
2024-09-11,CPI,Consumer Price Index,USD,FRED
2024-09-12,JOBLESS,Unemployment Insurance Weekly Claims Report,USD,FRED
2024-09-12,ECB,ECB rate decision,EUR,cb_dates
2024-09-12,PPI,Producer Price Index,USD,FRED
2024-09-17,BANLE,Advance Monthly Sales for Retail and Food Services,USD,FRED
2024-09-18,FOMC,FOMC rate decision,USD,cb_dates
2024-09-19,JOBLESS,Unemployment Insurance Weekly Claims Report,USD,FRED
2024-09-19,BOE,BOE rate decision,GBP,cb_dates
2024-09-20,BOJ,BOJ rate decision,JPY,cb_dates
2024-09-24,RBA,RBA rate decision,AUD,cb_dates
2024-09-25,NHA,New Residential Sales,USD,FRED
2024-09-26,JOBLESS,Unemployment Insurance Weekly Claims Report,USD,FRED
2024-09-26,SNB,SNB rate decision,CHF,cb_dates
2024-09-26,DTC,"Manufacturer's Shipments, Inventories, and Orders (M3) Survey",USD,FRED
2024-09-26,GDP,Gross Domestic Product,USD,FRED
2024-09-27,UMCSI,Surveys of Consumers,USD,FRED
2024-09-27,PCE,Personal Income and Outlays,USD,FRED
2024-10-01,JOLTS,Job Openings and Labor Turnover Survey,USD,FRED
2024-10-02,GDP,Gross Domestic Product,USD,FRED
2024-10-03,JOBLESS,Unemployment Insurance Weekly Claims Report,USD,FRED
2024-10-03,DTC,"Manufacturer's Shipments, Inventories, and Orders (M3) Survey",USD,FRED
2024-10-04,NFP,Employment Situation,USD,FRED
2024-10-10,CPI,Consumer Price Index,USD,FRED
2024-10-10,JOBLESS,Unemployment Insurance Weekly Claims Report,USD,FRED
2024-10-11,PPI,Producer Price Index,USD,FRED
2024-10-17,JOBLESS,Unemployment Insurance Weekly Claims Report,USD,FRED
2024-10-17,BANLE,Advance Monthly Sales for Retail and Food Services,USD,FRED
2024-10-17,ECB,ECB rate decision,EUR,cb_dates
2024-10-23,BOC,BOC rate decision,CAD,cb_dates
2024-10-24,JOBLESS,Unemployment Insurance Weekly Claims Report,USD,FRED
2024-10-24,NHA,New Residential Sales,USD,FRED
2024-10-25,DTC,"Manufacturer's Shipments, Inventories, and Orders (M3) Survey",USD,FRED
2024-10-25,UMCSI,Surveys of Consumers,USD,FRED
2024-10-29,JOLTS,Job Openings and Labor Turnover Survey,USD,FRED
2024-10-30,GDP,Gross Domestic Product,USD,FRED
2024-10-31,JOBLESS,Unemployment Insurance Weekly Claims Report,USD,FRED
2024-10-31,BOJ,BOJ rate decision,JPY,cb_dates
2024-10-31,PCE,Personal Income and Outlays,USD,FRED
2024-11-01,NFP,Employment Situation,USD,FRED
2024-11-04,DTC,"Manufacturer's Shipments, Inventories, and Orders (M3) Survey",USD,FRED
2024-11-05,RBA,RBA rate decision,AUD,cb_dates
2024-11-07,BOE,BOE rate decision,GBP,cb_dates
2024-11-07,JOBLESS,Unemployment Insurance Weekly Claims Report,USD,FRED
2024-11-07,FOMC,FOMC rate decision,USD,cb_dates
2024-11-13,CPI,Consumer Price Index,USD,FRED
2024-11-14,JOBLESS,Unemployment Insurance Weekly Claims Report,USD,FRED
2024-11-14,PPI,Producer Price Index,USD,FRED
2024-11-15,BANLE,Advance Monthly Sales for Retail and Food Services,USD,FRED
2024-11-21,JOBLESS,Unemployment Insurance Weekly Claims Report,USD,FRED
2024-11-22,UMCSI,Surveys of Consumers,USD,FRED
2024-11-26,NHA,New Residential Sales,USD,FRED
2024-11-27,DTC,"Manufacturer's Shipments, Inventories, and Orders (M3) Survey",USD,FRED
2024-11-27,JOBLESS,Unemployment Insurance Weekly Claims Report,USD,FRED
2024-11-27,PCE,Personal Income and Outlays,USD,FRED
2024-11-27,GDP,Gross Domestic Product,USD,FRED
2024-12-03,JOLTS,Job Openings and Labor Turnover Survey,USD,FRED
2024-12-04,DTC,"Manufacturer's Shipments, Inventories, and Orders (M3) Survey",USD,FRED
2024-12-05,JOBLESS,Unemployment Insurance Weekly Claims Report,USD,FRED
2024-12-06,NFP,Employment Situation,USD,FRED
2024-12-10,RBA,RBA rate decision,AUD,cb_dates
2024-12-11,CPI,Consumer Price Index,USD,FRED
2024-12-11,BOC,BOC rate decision,CAD,cb_dates
2024-12-12,SNB,SNB rate decision,CHF,cb_dates
2024-12-12,PPI,Producer Price Index,USD,FRED
2024-12-12,JOBLESS,Unemployment Insurance Weekly Claims Report,USD,FRED
2024-12-12,ECB,ECB rate decision,EUR,cb_dates
2024-12-17,BANLE,Advance Monthly Sales for Retail and Food Services,USD,FRED
2024-12-18,FOMC,FOMC rate decision,USD,cb_dates
2024-12-19,GDP,Gross Domestic Product,USD,FRED
2024-12-19,JOBLESS,Unemployment Insurance Weekly Claims Report,USD,FRED
2024-12-19,BOJ,BOJ rate decision,JPY,cb_dates
2024-12-19,BOE,BOE rate decision,GBP,cb_dates
2024-12-20,UMCSI,Surveys of Consumers,USD,FRED
2024-12-20,PCE,Personal Income and Outlays,USD,FRED
2024-12-23,NHA,New Residential Sales,USD,FRED
2024-12-23,DTC,"Manufacturer's Shipments, Inventories, and Orders (M3) Survey",USD,FRED
2024-12-26,JOBLESS,Unemployment Insurance Weekly Claims Report,USD,FRED
2025-01-02,JOBLESS,Unemployment Insurance Weekly Claims Report,USD,FRED
2025-01-06,DTC,"Manufacturer's Shipments, Inventories, and Orders (M3) Survey",USD,FRED
2025-01-07,JOLTS,Job Openings and Labor Turnover Survey,USD,FRED
2025-01-08,JOBLESS,Unemployment Insurance Weekly Claims Report,USD,FRED
2025-01-10,NFP,Employment Situation,USD,FRED
2025-01-14,PPI,Producer Price Index,USD,FRED
2025-01-15,CPI,Consumer Price Index,USD,FRED
2025-01-16,JOBLESS,Unemployment Insurance Weekly Claims Report,USD,FRED
2025-01-16,BANLE,Advance Monthly Sales for Retail and Food Services,USD,FRED
2025-01-23,JOBLESS,Unemployment Insurance Weekly Claims Report,USD,FRED
2025-01-24,BOJ,BOJ rate decision,JPY,cb_dates
2025-01-24,UMCSI,Surveys of Consumers,USD,FRED
2025-01-27,NHA,New Residential Sales,USD,FRED
2025-01-28,DTC,"Manufacturer's Shipments, Inventories, and Orders (M3) Survey",USD,FRED
2025-01-29,FOMC,FOMC rate decision,USD,cb_dates
2025-01-29,BOC,BOC rate decision,CAD,cb_dates
2025-01-30,ECB,ECB rate decision,EUR,cb_dates
2025-01-30,JOBLESS,Unemployment Insurance Weekly Claims Report,USD,FRED
2025-01-30,GDP,Gross Domestic Product,USD,FRED
2025-01-31,PCE,Personal Income and Outlays,USD,FRED
2025-02-04,DTC,"Manufacturer's Shipments, Inventories, and Orders (M3) Survey",USD,FRED
2025-02-04,JOLTS,Job Openings and Labor Turnover Survey,USD,FRED
2025-02-06,JOBLESS,Unemployment Insurance Weekly Claims Report,USD,FRED
2025-02-06,BOE,BOE rate decision,GBP,cb_dates
2025-02-07,NFP,Employment Situation,USD,FRED
2025-02-12,CPI,Consumer Price Index,USD,FRED
2025-02-13,PPI,Producer Price Index,USD,FRED
2025-02-13,JOBLESS,Unemployment Insurance Weekly Claims Report,USD,FRED
2025-02-14,BANLE,Advance Monthly Sales for Retail and Food Services,USD,FRED
2025-02-18,RBA,RBA rate decision,AUD,cb_dates
2025-02-20,JOBLESS,Unemployment Insurance Weekly Claims Report,USD,FRED
2025-02-21,UMCSI,Surveys of Consumers,USD,FRED
2025-02-26,NHA,New Residential Sales,USD,FRED
2025-02-27,JOBLESS,Unemployment Insurance Weekly Claims Report,USD,FRED
2025-02-27,GDP,Gross Domestic Product,USD,FRED
2025-02-27,DTC,"Manufacturer's Shipments, Inventories, and Orders (M3) Survey",USD,FRED
2025-02-28,PCE,Personal Income and Outlays,USD,FRED
2025-03-05,DTC,"Manufacturer's Shipments, Inventories, and Orders (M3) Survey",USD,FRED
2025-03-06,ECB,ECB rate decision,EUR,cb_dates
2025-03-06,JOBLESS,Unemployment Insurance Weekly Claims Report,USD,FRED
2025-03-07,NFP,Employment Situation,USD,FRED
2025-03-11,JOLTS,Job Openings and Labor Turnover Survey,USD,FRED
2025-03-12,CPI,Consumer Price Index,USD,FRED
2025-03-12,BOC,BOC rate decision,CAD,cb_dates
2025-03-13,JOBLESS,Unemployment Insurance Weekly Claims Report,USD,FRED
2025-03-13,PPI,Producer Price Index,USD,FRED
2025-03-17,BANLE,Advance Monthly Sales for Retail and Food Services,USD,FRED
2025-03-19,FOMC,FOMC rate decision,USD,cb_dates
2025-03-19,BOJ,BOJ rate decision,JPY,cb_dates
2025-03-20,SNB,SNB rate decision,CHF,cb_dates
2025-03-20,BOE,BOE rate decision,GBP,cb_dates
2025-03-20,JOBLESS,Unemployment Insurance Weekly Claims Report,USD,FRED
2025-03-25,NHA,New Residential Sales,USD,FRED
2025-03-26,DTC,"Manufacturer's Shipments, Inventories, and Orders (M3) Survey",USD,FRED
2025-03-27,JOBLESS,Unemployment Insurance Weekly Claims Report,USD,FRED
2025-03-27,GDP,Gross Domestic Product,USD,FRED
2025-03-28,UMCSI,Surveys of Consumers,USD,FRED
2025-03-28,PCE,Personal Income and Outlays,USD,FRED
2025-04-01,JOLTS,Job Openings and Labor Turnover Survey,USD,FRED
2025-04-01,RBA,RBA rate decision,AUD,cb_dates
2025-04-02,DTC,"Manufacturer's Shipments, Inventories, and Orders (M3) Survey",USD,FRED
2025-04-03,JOBLESS,Unemployment Insurance Weekly Claims Report,USD,FRED
2025-04-04,NFP,Employment Situation,USD,FRED
2025-04-10,CPI,Consumer Price Index,USD,FRED
2025-04-10,JOBLESS,Unemployment Insurance Weekly Claims Report,USD,FRED
2025-04-11,PPI,Producer Price Index,USD,FRED
2025-04-16,BOC,BOC rate decision,CAD,cb_dates
2025-04-16,BANLE,Advance Monthly Sales for Retail and Food Services,USD,FRED
2025-04-17,ECB,ECB rate decision,EUR,cb_dates
2025-04-17,JOBLESS,Unemployment Insurance Weekly Claims Report,USD,FRED
2025-04-23,NHA,New Residential Sales,USD,FRED
2025-04-24,JOBLESS,Unemployment Insurance Weekly Claims Report,USD,FRED
2025-04-24,DTC,"Manufacturer's Shipments, Inventories, and Orders (M3) Survey",USD,FRED
2025-04-25,BANLE,Advance Monthly Sales for Retail and Food Services,USD,FRED
2025-04-25,UMCSI,Surveys of Consumers,USD,FRED
2025-04-29,JOLTS,Job Openings and Labor Turnover Survey,USD,FRED
2025-04-30,PCE,Personal Income and Outlays,USD,FRED
2025-04-30,GDP,Gross Domestic Product,USD,FRED
2025-05-01,BOJ,BOJ rate decision,JPY,cb_dates
2025-05-01,JOBLESS,Unemployment Insurance Weekly Claims Report,USD,FRED
2025-05-02,NFP,Employment Situation,USD,FRED
2025-05-02,DTC,"Manufacturer's Shipments, Inventories, and Orders (M3) Survey",USD,FRED
2025-05-07,FOMC,FOMC rate decision,USD,cb_dates
2025-05-08,BOE,BOE rate decision,GBP,cb_dates
2025-05-08,JOBLESS,Unemployment Insurance Weekly Claims Report,USD,FRED
2025-05-13,CPI,Consumer Price Index,USD,FRED
2025-05-15,PPI,Producer Price Index,USD,FRED
2025-05-15,JOBLESS,Unemployment Insurance Weekly Claims Report,USD,FRED
2025-05-15,BANLE,Advance Monthly Sales for Retail and Food Services,USD,FRED
2025-05-16,DTC,"Manufacturer's Shipments, Inventories, and Orders (M3) Survey",USD,FRED
2025-05-20,RBA,RBA rate decision,AUD,cb_dates
2025-05-22,JOBLESS,Unemployment Insurance Weekly Claims Report,USD,FRED
2025-05-23,NHA,New Residential Sales,USD,FRED
2025-05-27,DTC,"Manufacturer's Shipments, Inventories, and Orders (M3) Survey",USD,FRED
2025-05-29,GDP,Gross Domestic Product,USD,FRED
2025-05-29,JOBLESS,Unemployment Insurance Weekly Claims Report,USD,FRED
2025-05-30,UMCSI,Surveys of Consumers,USD,FRED
2025-05-30,PCE,Personal Income and Outlays,USD,FRED
2025-06-03,DTC,"Manufacturer's Shipments, Inventories, and Orders (M3) Survey",USD,FRED
2025-06-03,JOLTS,Job Openings and Labor Turnover Survey,USD,FRED
2025-06-04,BOC,BOC rate decision,CAD,cb_dates
2025-06-05,JOBLESS,Unemployment Insurance Weekly Claims Report,USD,FRED
2025-06-05,ECB,ECB rate decision,EUR,cb_dates
2025-06-06,NFP,Employment Situation,USD,FRED
2025-06-11,CPI,Consumer Price Index,USD,FRED
2025-06-12,PPI,Producer Price Index,USD,FRED
2025-06-12,JOBLESS,Unemployment Insurance Weekly Claims Report,USD,FRED
2025-06-17,BANLE,Advance Monthly Sales for Retail and Food Services,USD,FRED
2025-06-17,BOJ,BOJ rate decision,JPY,cb_dates
2025-06-18,FOMC,FOMC rate decision,USD,cb_dates
2025-06-18,JOBLESS,Unemployment Insurance Weekly Claims Report,USD,FRED
2025-06-19,BOE,BOE rate decision,GBP,cb_dates
2025-06-19,SNB,SNB rate decision,CHF,cb_dates
2025-06-25,NHA,New Residential Sales,USD,FRED
2025-06-26,JOBLESS,Unemployment Insurance Weekly Claims Report,USD,FRED
2025-06-26,DTC,"Manufacturer's Shipments, Inventories, and Orders (M3) Survey",USD,FRED
2025-06-26,GDP,Gross Domestic Product,USD,FRED
2025-06-27,PCE,Personal Income and Outlays,USD,FRED
2025-06-27,UMCSI,Surveys of Consumers,USD,FRED
2025-07-01,JOLTS,Job Openings and Labor Turnover Survey,USD,FRED
2025-07-03,DTC,"Manufacturer's Shipments, Inventories, and Orders (M3) Survey",USD,FRED
2025-07-03,NFP,Employment Situation,USD,FRED
2025-07-03,JOBLESS,Unemployment Insurance Weekly Claims Report,USD,FRED
2025-07-08,RBA,RBA rate decision,AUD,cb_dates
2025-07-10,JOBLESS,Unemployment Insurance Weekly Claims Report,USD,FRED
2025-07-15,CPI,Consumer Price Index,USD,FRED
2025-07-16,PPI,Producer Price Index,USD,FRED
2025-07-17,BANLE,Advance Monthly Sales for Retail and Food Services,USD,FRED
2025-07-17,JOBLESS,Unemployment Insurance Weekly Claims Report,USD,FRED
2025-07-24,NHA,New Residential Sales,USD,FRED
2025-07-24,JOBLESS,Unemployment Insurance Weekly Claims Report,USD,FRED
2025-07-24,ECB,ECB rate decision,EUR,cb_dates
2025-07-25,DTC,"Manufacturer's Shipments, Inventories, and Orders (M3) Survey",USD,FRED
2025-07-29,JOLTS,Job Openings and Labor Turnover Survey,USD,FRED
2025-07-30,BOC,BOC rate decision,CAD,cb_dates
2025-07-30,GDP,Gross Domestic Product,USD,FRED
2025-07-30,FOMC,FOMC rate decision,USD,cb_dates
2025-07-31,PCE,Personal Income and Outlays,USD,FRED
2025-07-31,JOBLESS,Unemployment Insurance Weekly Claims Report,USD,FRED
2025-07-31,BOJ,BOJ rate decision,JPY,cb_dates
2025-08-01,NFP,Employment Situation,USD,FRED
2025-08-01,UMCSI,Surveys of Consumers,USD,FRED
2025-08-04,DTC,"Manufacturer's Shipments, Inventories, and Orders (M3) Survey",USD,FRED
2025-08-07,JOBLESS,Unemployment Insurance Weekly Claims Report,USD,FRED
2025-08-07,BOE,BOE rate decision,GBP,cb_dates
2025-08-12,RBA,RBA rate decision,AUD,cb_dates
2025-08-12,CPI,Consumer Price Index,USD,FRED
2025-08-14,PPI,Producer Price Index,USD,FRED
2025-08-14,JOBLESS,Unemployment Insurance Weekly Claims Report,USD,FRED
2025-08-15,BANLE,Advance Monthly Sales for Retail and Food Services,USD,FRED
2025-08-21,JOBLESS,Unemployment Insurance Weekly Claims Report,USD,FRED
2025-08-25,NHA,New Residential Sales,USD,FRED
2025-08-26,DTC,"Manufacturer's Shipments, Inventories, and Orders (M3) Survey",USD,FRED
2025-08-28,JOBLESS,Unemployment Insurance Weekly Claims Report,USD,FRED
2025-08-28,GDP,Gross Domestic Product,USD,FRED
2025-08-29,UMCSI,Surveys of Consumers,USD,FRED
2025-08-29,PCE,Personal Income and Outlays,USD,FRED
2025-09-03,DTC,"Manufacturer's Shipments, Inventories, and Orders (M3) Survey",USD,FRED
2025-09-03,JOLTS,Job Openings and Labor Turnover Survey,USD,FRED
2025-09-04,JOBLESS,Unemployment Insurance Weekly Claims Report,USD,FRED
2025-09-05,NFP,Employment Situation,USD,FRED
2025-09-10,PPI,Producer Price Index,USD,FRED
2025-09-11,ECB,ECB rate decision,EUR,cb_dates
2025-09-11,JOBLESS,Unemployment Insurance Weekly Claims Report,USD,FRED
2025-09-11,CPI,Consumer Price Index,USD,FRED
2025-09-16,BANLE,Advance Monthly Sales for Retail and Food Services,USD,FRED
2025-09-17,BOC,BOC rate decision,CAD,cb_dates
2025-09-17,FOMC,FOMC rate decision,USD,cb_dates
2025-09-18,JOBLESS,Unemployment Insurance Weekly Claims Report,USD,FRED
2025-09-18,BOE,BOE rate decision,GBP,cb_dates
2025-09-19,BOJ,BOJ rate decision,JPY,cb_dates
2025-09-24,NHA,New Residential Sales,USD,FRED
2025-09-25,GDP,Gross Domestic Product,USD,FRED
2025-09-25,DTC,"Manufacturer's Shipments, Inventories, and Orders (M3) Survey",USD,FRED
2025-09-25,JOBLESS,Unemployment Insurance Weekly Claims Report,USD,FRED
2025-09-25,SNB,SNB rate decision,CHF,cb_dates
2025-09-26,UMCSI,Surveys of Consumers,USD,FRED
2025-09-26,PCE,Personal Income and Outlays,USD,FRED
2025-09-30,JOLTS,Job Openings and Labor Turnover Survey,USD,FRED
2025-09-30,RBA,RBA rate decision,AUD,cb_dates
2025-10-24,CPI,Consumer Price Index,USD,FRED
2025-10-24,UMCSI,Surveys of Consumers,USD,FRED
2025-10-29,FOMC,FOMC rate decision,USD,cb_dates
2025-10-29,BOC,BOC rate decision,CAD,cb_dates
2025-10-30,BOJ,BOJ rate decision,JPY,cb_dates
2025-10-30,ECB,ECB rate decision,EUR,cb_dates
2025-11-04,RBA,RBA rate decision,AUD,cb_dates
2025-11-06,BOE,BOE rate decision,GBP,cb_dates
2025-11-18,DTC,"Manufacturer's Shipments, Inventories, and Orders (M3) Survey",USD,FRED
2025-11-20,NFP,Employment Situation,USD,FRED
2025-11-20,JOBLESS,Unemployment Insurance Weekly Claims Report,USD,FRED
2025-11-21,UMCSI,Surveys of Consumers,USD,FRED
2025-11-25,PPI,Producer Price Index,USD,FRED
2025-11-25,BANLE,Advance Monthly Sales for Retail and Food Services,USD,FRED
2025-11-26,DTC,"Manufacturer's Shipments, Inventories, and Orders (M3) Survey",USD,FRED
2025-11-26,JOBLESS,Unemployment Insurance Weekly Claims Report,USD,FRED
2025-12-04,JOBLESS,Unemployment Insurance Weekly Claims Report,USD,FRED
2025-12-04,DTC,"Manufacturer's Shipments, Inventories, and Orders (M3) Survey",USD,FRED
2025-12-05,PCE,Personal Income and Outlays,USD,FRED
2025-12-09,JOLTS,Job Openings and Labor Turnover Survey,USD,FRED
2025-12-09,RBA,RBA rate decision,AUD,cb_dates
2025-12-10,BOC,BOC rate decision,CAD,cb_dates
2025-12-10,FOMC,FOMC rate decision,USD,cb_dates
2025-12-11,SNB,SNB rate decision,CHF,cb_dates
2025-12-11,JOBLESS,Unemployment Insurance Weekly Claims Report,USD,FRED
2025-12-16,NFP,Employment Situation,USD,FRED
2025-12-16,BANLE,Advance Monthly Sales for Retail and Food Services,USD,FRED
2025-12-18,JOBLESS,Unemployment Insurance Weekly Claims Report,USD,FRED
2025-12-18,CPI,Consumer Price Index,USD,FRED
2025-12-18,BOE,BOE rate decision,GBP,cb_dates
2025-12-18,ECB,ECB rate decision,EUR,cb_dates
2025-12-19,BOJ,BOJ rate decision,JPY,cb_dates
2025-12-19,UMCSI,Surveys of Consumers,USD,FRED
2025-12-23,DTC,"Manufacturer's Shipments, Inventories, and Orders (M3) Survey",USD,FRED
2025-12-23,PCE,Personal Income and Outlays,USD,FRED
2025-12-23,GDP,Gross Domestic Product,USD,FRED
2025-12-24,JOBLESS,Unemployment Insurance Weekly Claims Report,USD,FRED
2025-12-31,JOBLESS,Unemployment Insurance Weekly Claims Report,USD,FRED
2026-01-07,JOLTS,Job Openings and Labor Turnover Survey,USD,FRED
2026-01-07,DTC,"Manufacturer's Shipments, Inventories, and Orders (M3) Survey",USD,FRED
2026-01-08,JOBLESS,Unemployment Insurance Weekly Claims Report,USD,FRED
2026-01-09,NFP,Employment Situation,USD,FRED
2026-01-13,CPI,Consumer Price Index,USD,FRED
2026-01-13,NHA,New Residential Sales,USD,FRED
2026-01-14,PPI,Producer Price Index,USD,FRED
2026-01-14,BANLE,Advance Monthly Sales for Retail and Food Services,USD,FRED
2026-01-15,JOBLESS,Unemployment Insurance Weekly Claims Report,USD,FRED
2026-01-22,PCE,Personal Income and Outlays,USD,FRED
2026-01-22,GDP,Gross Domestic Product,USD,FRED
2026-01-22,JOBLESS,Unemployment Insurance Weekly Claims Report,USD,FRED
2026-01-23,BOJ,BOJ rate decision,JPY,cb_dates
2026-01-23,UMCSI,Surveys of Consumers,USD,FRED
2026-01-26,DTC,"Manufacturer's Shipments, Inventories, and Orders (M3) Survey",USD,FRED
2026-01-28,BOC,BOC rate decision,CAD,cb_dates
2026-01-28,FOMC,FOMC rate decision,USD,cb_dates
2026-01-29,JOBLESS,Unemployment Insurance Weekly Claims Report,USD,FRED
2026-01-29,DTC,"Manufacturer's Shipments, Inventories, and Orders (M3) Survey",USD,FRED
2026-01-30,PPI,Producer Price Index,USD,FRED
2026-02-03,RBA,RBA rate decision,AUD,cb_dates
2026-02-05,BOE,BOE rate decision,GBP,cb_dates
2026-02-05,ECB,ECB rate decision,EUR,cb_dates
2026-02-05,JOBLESS,Unemployment Insurance Weekly Claims Report,USD,FRED
2026-02-05,JOLTS,Job Openings and Labor Turnover Survey,USD,FRED
2026-02-10,BANLE,Advance Monthly Sales for Retail and Food Services,USD,FRED
2026-02-11,NFP,Employment Situation,USD,FRED
2026-02-12,JOBLESS,Unemployment Insurance Weekly Claims Report,USD,FRED
2026-02-13,CPI,Consumer Price Index,USD,FRED
2026-02-18,DTC,"Manufacturer's Shipments, Inventories, and Orders (M3) Survey",USD,FRED
2026-02-19,JOBLESS,Unemployment Insurance Weekly Claims Report,USD,FRED
2026-02-20,UMCSI,Surveys of Consumers,USD,FRED
2026-02-20,NHA,New Residential Sales,USD,FRED
2026-02-20,GDP,Gross Domestic Product,USD,FRED
2026-02-20,PCE,Personal Income and Outlays,USD,FRED
2026-02-23,DTC,"Manufacturer's Shipments, Inventories, and Orders (M3) Survey",USD,FRED
2026-02-26,JOBLESS,Unemployment Insurance Weekly Claims Report,USD,FRED
2026-02-27,PPI,Producer Price Index,USD,FRED
2026-03-05,JOBLESS,Unemployment Insurance Weekly Claims Report,USD,FRED
2026-03-06,BANLE,Advance Monthly Sales for Retail and Food Services,USD,FRED
2026-03-06,NFP,Employment Situation,USD,FRED
2026-03-11,CPI,Consumer Price Index,USD,FRED
2026-03-12,JOBLESS,Unemployment Insurance Weekly Claims Report,USD,FRED
2026-03-13,JOLTS,Job Openings and Labor Turnover Survey,USD,FRED
2026-03-13,GDP,Gross Domestic Product,USD,FRED
2026-03-13,PCE,Personal Income and Outlays,USD,FRED
2026-03-13,DTC,"Manufacturer's Shipments, Inventories, and Orders (M3) Survey",USD,FRED
2026-03-17,RBA,RBA rate decision,AUD,cb_dates
2026-03-18,PPI,Producer Price Index,USD,FRED
2026-03-18,BOC,BOC rate decision,CAD,cb_dates
2026-03-18,FOMC,FOMC rate decision,USD,cb_dates
2026-03-18,DTC,"Manufacturer's Shipments, Inventories, and Orders (M3) Survey",USD,FRED
2026-03-19,JOBLESS,Unemployment Insurance Weekly Claims Report,USD,FRED
2026-03-19,SNB,SNB rate decision,CHF,cb_dates
2026-03-19,ECB,ECB rate decision,EUR,cb_dates
2026-03-19,BOJ,BOJ rate decision,JPY,cb_dates
2026-03-19,BOE,BOE rate decision,GBP,cb_dates
2026-03-19,NHA,New Residential Sales,USD,FRED
2026-03-26,JOBLESS,Unemployment Insurance Weekly Claims Report,USD,FRED
2026-03-27,UMCSI,Surveys of Consumers,USD,FRED
2026-03-31,JOLTS,Job Openings and Labor Turnover Survey,USD,FRED
2026-04-01,BANLE,Advance Monthly Sales for Retail and Food Services,USD,FRED
2026-04-02,JOBLESS,Unemployment Insurance Weekly Claims Report,USD,FRED
2026-04-03,NFP,Employment Situation,USD,FRED
2026-04-07,DTC,"Manufacturer's Shipments, Inventories, and Orders (M3) Survey",USD,FRED
2026-04-09,JOBLESS,Unemployment Insurance Weekly Claims Report,USD,FRED
2026-04-09,PCE,Personal Income and Outlays,USD,FRED
2026-04-09,GDP,Gross Domestic Product,USD,FRED
2026-04-10,DTC,"Manufacturer's Shipments, Inventories, and Orders (M3) Survey",USD,FRED
2026-04-10,CPI,Consumer Price Index,USD,FRED
2026-04-14,PPI,Producer Price Index,USD,FRED
2026-04-16,JOBLESS,Unemployment Insurance Weekly Claims Report,USD,FRED
2026-04-21,BANLE,Advance Monthly Sales for Retail and Food Services,USD,FRED
2026-04-23,JOBLESS,Unemployment Insurance Weekly Claims Report,USD,FRED
2026-04-24,UMCSI,Surveys of Consumers,USD,FRED
2026-04-28,BOJ,BOJ rate decision,JPY,cb_dates
2026-04-29,FOMC,FOMC rate decision,USD,cb_dates
2026-04-29,DTC,"Manufacturer's Shipments, Inventories, and Orders (M3) Survey",USD,FRED
2026-04-29,BOC,BOC rate decision,CAD,cb_dates
2026-04-30,JOBLESS,Unemployment Insurance Weekly Claims Report,USD,FRED
2026-04-30,GDP,Gross Domestic Product,USD,FRED
2026-04-30,PCE,Personal Income and Outlays,USD,FRED
2026-04-30,BOE,BOE rate decision,GBP,cb_dates
2026-04-30,ECB,ECB rate decision,EUR,cb_dates
2026-05-04,DTC,"Manufacturer's Shipments, Inventories, and Orders (M3) Survey",USD,FRED
2026-05-05,RBA,RBA rate decision,AUD,cb_dates
2026-05-05,NHA,New Residential Sales,USD,FRED
2026-05-05,JOLTS,Job Openings and Labor Turnover Survey,USD,FRED
2026-05-07,JOBLESS,Unemployment Insurance Weekly Claims Report,USD,FRED
2026-05-08,NFP,Employment Situation,USD,FRED
2026-05-12,CPI,Consumer Price Index,USD,FRED
2026-05-13,PPI,Producer Price Index,USD,FRED
2026-05-14,JOBLESS,Unemployment Insurance Weekly Claims Report,USD,FRED
2026-05-14,BANLE,Advance Monthly Sales for Retail and Food Services,USD,FRED
2026-05-21,JOBLESS,Unemployment Insurance Weekly Claims Report,USD,FRED
2026-05-22,UMCSI,Surveys of Consumers,USD,FRED
2026-05-28,GDP,Gross Domestic Product,USD,FRED
2026-05-28,JOBLESS,Unemployment Insurance Weekly Claims Report,USD,FRED
2026-05-28,DTC,"Manufacturer's Shipments, Inventories, and Orders (M3) Survey",USD,FRED
2026-05-28,NHA,New Residential Sales,USD,FRED
2026-05-28,PCE,Personal Income and Outlays,USD,FRED
2026-06-02,JOLTS,Job Openings and Labor Turnover Survey,USD,FRED
2026-06-03,DTC,"Manufacturer's Shipments, Inventories, and Orders (M3) Survey",USD,FRED
2026-06-04,JOBLESS,Unemployment Insurance Weekly Claims Report,USD,FRED
2026-06-05,NFP,Employment Situation,USD,FRED
2026-06-10,BOC,BOC rate decision,CAD,cb_dates
2026-06-10,CPI,Consumer Price Index,USD,FRED
2026-06-11,JOBLESS,Unemployment Insurance Weekly Claims Report,USD,FRED
2026-06-11,ECB,ECB rate decision,EUR,cb_dates
2026-06-11,PPI,Producer Price Index,USD,FRED
2026-06-16,RBA,RBA rate decision,AUD,cb_dates
2026-06-16,BOJ,BOJ rate decision,JPY,cb_dates
2026-06-17,FOMC,FOMC rate decision,USD,cb_dates
2026-06-17,BANLE,Advance Monthly Sales for Retail and Food Services,USD,FRED
2026-06-18,JOBLESS,Unemployment Insurance Weekly Claims Report,USD,FRED
2026-06-18,BOE,BOE rate decision,GBP,cb_dates
2026-06-18,SNB,SNB rate decision,CHF,cb_dates
2026-06-24,NHA,New Residential Sales,USD,FRED
2026-06-25,JOBLESS,Unemployment Insurance Weekly Claims Report,USD,FRED
2026-06-25,DTC,"Manufacturer's Shipments, Inventories, and Orders (M3) Survey",USD,FRED
2026-06-25,GDP,Gross Domestic Product,USD,FRED
2026-06-25,PCE,Personal Income and Outlays,USD,FRED
2026-06-26,UMCSI,Surveys of Consumers,USD,FRED
2026-06-30,JOLTS,Job Openings and Labor Turnover Survey,USD,FRED
2026-07-02,JOBLESS,Unemployment Insurance Weekly Claims Report,USD,FRED
2026-07-02,DTC,"Manufacturer's Shipments, Inventories, and Orders (M3) Survey",USD,FRED
2026-07-02,NFP,Employment Situation,USD,FRED
2026-07-09,JOBLESS,Unemployment Insurance Weekly Claims Report,USD,FRED
2026-07-14,CPI,Consumer Price Index,USD,FRED
2026-07-15,PPI,Producer Price Index,USD,FRED
2026-07-15,BOC,BOC rate decision,CAD,cb_dates
2026-07-16,BANLE,Advance Monthly Sales for Retail and Food Services,USD,FRED
2026-07-16,JOBLESS,Unemployment Insurance Weekly Claims Report,USD,FRED
2026-07-23,ECB,ECB rate decision,EUR,cb_dates
2026-07-23,JOBLESS,Unemployment Insurance Weekly Claims Report,USD,FRED
2026-07-24,NHA,New Residential Sales,USD,FRED
2026-07-27,DTC,"Manufacturer's Shipments, Inventories, and Orders (M3) Survey",USD,FRED
2026-07-29,FOMC,FOMC rate decision,USD,cb_dates
2026-07-30,GDP,Gross Domestic Product,USD,FRED
2026-07-30,PCE,Personal Income and Outlays,USD,FRED
2026-07-30,BOE,BOE rate decision,GBP,cb_dates
2026-07-30,JOBLESS,Unemployment Insurance Weekly Claims Report,USD,FRED
2026-07-31,BOJ,BOJ rate decision,JPY,cb_dates
2026-07-31,UMCSI,Surveys of Consumers,USD,FRED
2026-08-04,JOLTS,Job Openings and Labor Turnover Survey,USD,FRED
2026-08-04,DTC,"Manufacturer's Shipments, Inventories, and Orders (M3) Survey",USD,FRED
2026-08-06,JOBLESS,Unemployment Insurance Weekly Claims Report,USD,FRED
2026-08-07,NFP,Employment Situation,USD,FRED
2026-08-11,RBA,RBA rate decision,AUD,cb_dates
2026-08-12,CPI,Consumer Price Index,USD,FRED
2026-08-13,PPI,Producer Price Index,USD,FRED
2026-08-13,JOBLESS,Unemployment Insurance Weekly Claims Report,USD,FRED
2026-08-14,BANLE,Advance Monthly Sales for Retail and Food Services,USD,FRED
2026-08-20,JOBLESS,Unemployment Insurance Weekly Claims Report,USD,FRED
2026-08-25,NHA,New Residential Sales,USD,FRED
2026-08-26,GDP,Gross Domestic Product,USD,FRED
2026-08-26,DTC,"Manufacturer's Shipments, Inventories, and Orders (M3) Survey",USD,FRED
2026-08-26,PCE,Personal Income and Outlays,USD,FRED
2026-08-27,JOBLESS,Unemployment Insurance Weekly Claims Report,USD,FRED
2026-09-01,JOLTS,Job Openings and Labor Turnover Survey,USD,FRED
2026-09-02,BOC,BOC rate decision,CAD,cb_dates
2026-09-02,DTC,"Manufacturer's Shipments, Inventories, and Orders (M3) Survey",USD,FRED
2026-09-03,JOBLESS,Unemployment Insurance Weekly Claims Report,USD,FRED
2026-09-04,NFP,Employment Situation,USD,FRED
2026-09-10,ECB,ECB rate decision,EUR,cb_dates
2026-09-16,FOMC,FOMC rate decision,USD,cb_dates
2026-09-17,BOE,BOE rate decision,GBP,cb_dates
2026-09-18,BOJ,BOJ rate decision,JPY,cb_dates
2026-09-29,RBA,RBA rate decision,AUD,cb_dates
2026-10-28,FOMC,FOMC rate decision,USD,cb_dates
2026-10-28,BOC,BOC rate decision,CAD,cb_dates
2026-10-29,ECB,ECB rate decision,EUR,cb_dates
2026-10-30,BOJ,BOJ rate decision,JPY,cb_dates
2026-11-03,RBA,RBA rate decision,AUD,cb_dates
2026-11-05,BOE,BOE rate decision,GBP,cb_dates
2026-12-08,RBA,RBA rate decision,AUD,cb_dates
2026-12-09,FOMC,FOMC rate decision,USD,cb_dates
2026-12-09,BOC,BOC rate decision,CAD,cb_dates
2026-12-17,ECB,ECB rate decision,EUR,cb_dates
2026-12-17,BOE,BOE rate decision,GBP,cb_dates
2026-12-18,BOJ,BOJ rate decision,JPY,cb_dates
