Date,open,high,low,close,n_bars
2010-01-03,0.8983,0.8996,0.8971,0.8971,104
2010-01-04,0.8971,0.9136,0.8937,0.9124,1328
2010-01-05,0.9124,0.9173,0.9091,0.9115,1357
2010-01-06,0.9116,0.9216,0.9098,0.9199,1359
2010-01-07,0.9199,0.9266,0.9158,0.9175,1357
2010-01-08,0.9176,0.9252,0.9121,0.9246,1266
2010-01-10,0.9288,0.9308,0.9273,0.9303,113
2010-01-11,0.9304,0.9324,0.9283,0.9293,1348
2010-01-12,0.9294,0.9304,0.917,0.9203,1372
2010-01-13,0.9205,0.9267,0.9188,0.9238,1368
2010-01-14,0.9238,0.9329,0.9224,0.931,1351
2010-01-15,0.931,0.9313,0.9214,0.9223,1265
2010-01-17,0.9207,0.9223,0.9203,0.922,93
2010-01-18,0.922,0.9278,0.9173,0.927,1139
2010-01-19,0.927,0.9273,0.9174,0.9226,1375
2010-01-20,0.9227,0.9238,0.9072,0.9112,1392
2010-01-21,0.9112,0.9145,0.8991,0.904,1407
2010-01-22,0.9039,0.9091,0.8981,0.9003,1294
2010-01-24,0.9032,0.9055,0.9013,0.904,110
2010-01-25,0.9039,0.9092,0.9019,0.9046,1340
2010-01-26,0.9047,0.9083,0.8937,0.8998,1401
2010-01-27,0.8999,0.9044,0.8909,0.8956,1412
2010-01-28,0.8955,0.9046,0.8913,0.8935,1422
2010-01-29,0.8935,0.8961,0.8832,0.8835,1310
2010-01-31,0.8801,0.8871,0.8799,0.886,112
2010-02-01,0.8859,0.8923,0.8787,0.8915,1404
2010-02-02,0.8914,0.8926,0.8779,0.8872,1396
2010-02-03,0.8871,0.8914,0.8804,0.8819,1417
2010-02-04,0.8819,0.8825,0.8605,0.8684,1421
2010-02-05,0.8683,0.8718,0.8576,0.8682,1304
2010-02-07,0.8674,0.8683,0.865,0.8656,108
2010-02-08,0.8655,0.8708,0.8612,0.8632,1407
2010-02-09,0.8631,0.8796,0.8631,0.8772,1420
2010-02-10,0.8772,0.8791,0.8708,0.8768,1382
2010-02-11,0.8769,0.8919,0.8765,0.89,1401
2010-02-12,0.89,0.8912,0.8784,0.8874,1289
2010-02-14,0.8882,0.8885,0.8862,0.8878,81
2010-02-15,0.8878,0.8909,0.8847,0.8884,1187
2010-02-16,0.8883,0.9026,0.8875,0.9009,1371
2010-02-17,0.901,0.9035,0.8964,0.8987,1395
2010-02-18,0.8987,0.9025,0.8887,0.8897,1418
2010-02-19,0.8897,0.8988,0.8878,0.8986,1297
2010-02-21,0.9011,0.9012,0.8985,0.9006,109
2010-02-22,0.9006,0.9023,0.8972,0.9003,1364
2010-02-23,0.9004,0.907,0.8877,0.8924,1403
2010-02-24,0.8925,0.8955,0.8856,0.8943,1383
2010-02-25,0.8944,0.8951,0.88,0.8867,1411
2010-02-26,0.8866,0.8978,0.8866,0.8951,1303
2010-02-28,0.896,0.8992,0.896,0.8986,111
2010-03-01,0.8987,0.9015,0.8933,0.8998,1371
2010-03-02,0.8999,0.9058,0.8956,0.9045,1370
2010-03-03,0.9044,0.9084,0.9006,0.9049,1389
2010-03-04,0.9049,0.9052,0.8977,0.8994,1387
2010-03-05,0.8994,0.9092,0.8991,0.9075,1271
2010-03-07,0.9083,0.9104,0.9078,0.9094,113
2010-03-08,0.9093,0.9132,0.9073,0.9083,1366
2010-03-09,0.9084,0.9162,0.9054,0.9152,1386
2010-03-10,0.9153,0.9192,0.9125,0.9137,1367
2010-03-11,0.9136,0.9169,0.911,0.9154,1370
2010-03-12,0.9154,0.9193,0.9139,0.9149,1255
2010-03-14,0.918,0.9181,0.9164,0.9176,126
2010-03-15,0.9175,0.9177,0.9094,0.9132,1352
2010-03-16,0.9133,0.9216,0.9118,0.9188,1358
2010-03-17,0.9187,0.9251,0.9173,0.923,1351
2010-03-18,0.923,0.9232,0.9179,0.921,1350
2010-03-19,0.9209,0.9223,0.9127,0.9152,1197
2010-03-21,0.9154,0.9155,0.9131,0.9137,154
2010-03-22,0.9137,0.9186,0.9084,0.9185,1328
2010-03-23,0.9185,0.9197,0.9135,0.9181,1368
2010-03-24,0.918,0.9186,0.9065,0.9114,1389
2010-03-25,0.9115,0.9139,0.9062,0.9085,1392
2010-03-26,0.9084,0.9116,0.9,0.9037,1222
2010-03-28,0.9052,0.9054,0.9032,0.9048,139
2010-03-29,0.9049,0.9177,0.9046,0.9167,1308
2010-03-30,0.9168,0.9215,0.9165,0.9204,1327
2010-03-31,0.9205,0.9205,0.913,0.9171,1354
2010-04-01,0.9171,0.9216,0.9153,0.9209,1258
2010-04-02,0.921,0.9213,0.9181,0.9189,741
2010-04-04,0.92,0.9205,0.9184,0.9204,82
2010-04-05,0.9204,0.922,0.919,0.9196,1101
2010-04-06,0.9196,0.9287,0.9164,0.9267,1356
2010-04-07,0.9268,0.9296,0.9247,0.9262,1343
2010-04-08,0.9261,0.9293,0.9222,0.929,1301
2010-04-09,0.9289,0.9345,0.9265,0.9334,1191
2010-04-11,0.9385,0.9387,0.9354,0.9361,160
2010-04-12,0.936,0.9366,0.9236,0.9264,1342
2010-04-13,0.9264,0.9293,0.9222,0.9284,1346
2010-04-14,0.9284,0.9361,0.9281,0.9358,1301
2010-04-15,0.9359,0.9363,0.9309,0.9335,1346
2010-04-16,0.9334,0.9336,0.923,0.9241,1229
2010-04-18,0.9211,0.9228,0.9202,0.9221,151
2010-04-19,0.9222,0.9264,0.9156,0.925,1398
2010-04-20,0.9249,0.9324,0.9244,0.9298,1341
2010-04-21,0.9297,0.9337,0.9255,0.928,1343
2010-04-22,0.9281,0.9303,0.9226,0.9244,1375
2010-04-23,0.9243,0.9278,0.917,0.9276,1213
2010-04-25,0.9256,0.927,0.925,0.9262,125
2010-04-26,0.9263,0.9311,0.9256,0.9282,1301
2010-04-27,0.9282,0.9285,0.9134,0.9166,1364
2010-04-28,0.9166,0.9266,0.9155,0.9232,1387
2010-04-29,0.9231,0.9312,0.9222,0.9296,1328
2010-04-30,0.9297,0.9323,0.9234,0.9241,1213
2010-05-02,0.9233,0.9261,0.9216,0.9255,144
2010-05-03,0.9255,0.9274,0.9227,0.9257,1287
2010-05-04,0.9258,0.9266,0.9071,0.9108,1358
2010-05-05,0.9107,0.9117,0.9019,0.9068,1396
2010-05-06,0.9068,0.9092,0.8708,0.8885,1428
2010-05-07,0.8884,0.8937,0.8802,0.8874,1259
2010-05-09,0.9008,0.9008,0.8922,0.8951,177
2010-05-10,0.8951,0.9077,0.8945,0.9004,1402
2010-05-11,0.9005,0.903,0.8931,0.8954,1407
2010-05-12,0.8953,0.8979,0.8888,0.895,1382
2010-05-13,0.8949,0.9025,0.8932,0.8955,1391
2010-05-14,0.8956,0.8973,0.8849,0.8856,1247
2010-05-16,0.8849,0.886,0.884,0.8846,135
2010-05-17,0.8846,0.8853,0.8685,0.8764,1407
2010-05-18,0.8763,0.8788,0.8588,0.8589,1427
2010-05-19,0.8589,0.8612,0.8355,0.8464,1426
2010-05-20,0.8463,0.847,0.807,0.8162,1436
2010-05-21,0.8162,0.8365,0.816,0.8324,1256
2010-05-23,0.8318,0.8334,0.8268,0.827,157
2010-05-24,0.8271,0.8357,0.8184,0.8231,1419
2010-05-25,0.8232,0.8305,0.8065,0.8261,1434
2010-05-26,0.8261,0.8389,0.8187,0.8236,1427
2010-05-27,0.8237,0.8528,0.8224,0.8487,1431
2010-05-28,0.8487,0.855,0.8427,0.8471,1243
2010-05-30,0.8455,0.8457,0.8427,0.8451,137
2010-05-31,0.8452,0.8513,0.8381,0.8443,1289
2010-06-01,0.8442,0.8443,0.828,0.8341,1435
2010-06-02,0.8341,0.8432,0.8274,0.8428,1417
2010-06-03,0.8427,0.8522,0.8363,0.8439,1407
2010-06-04,0.844,0.8476,0.8212,0.8231,1246
2010-06-06,0.82,0.8226,0.8158,0.817,153
2010-06-07,0.8171,0.8214,0.8081,0.8122,1421
2010-06-08,0.8122,0.8285,0.8122,0.8241,1408
2010-06-09,0.8241,0.8357,0.8193,0.8306,1417
2010-06-10,0.8305,0.8508,0.8274,0.8493,1411
2010-06-11,0.8494,0.8505,0.8425,0.8501,1235
2010-06-13,0.8529,0.8558,0.8508,0.8558,153
2010-06-14,0.8557,0.8666,0.8542,0.8574,1368
2010-06-15,0.8575,0.866,0.8504,0.8636,1394
2010-06-16,0.8637,0.8673,0.858,0.8621,1390
2010-06-17,0.8621,0.8688,0.8581,0.8666,1385
2010-06-18,0.8666,0.8728,0.865,0.8718,1247
2010-06-20,0.8816,0.8822,0.8779,0.8793,172
2010-06-21,0.8794,0.8857,0.8751,0.8776,1394
2010-06-22,0.8776,0.8829,0.8701,0.871,1404
2010-06-23,0.8711,0.878,0.8659,0.8748,1391
2010-06-24,0.8747,0.8767,0.864,0.867,1396
2010-06-25,0.8671,0.8757,0.8594,0.8736,1248
2010-06-27,0.8734,0.8746,0.8719,0.874,135
2010-06-28,0.874,0.8775,0.8691,0.8708,1373
2010-06-29,0.8709,0.872,0.8463,0.8497,1392
2010-06-30,0.8498,0.8565,0.8389,0.8413,1419
2010-07-01,0.8414,0.8479,0.8315,0.8449,1425
2010-07-02,0.8448,0.8509,0.84,0.8414,1235
2010-07-04,0.8417,0.8426,0.8374,0.8393,120
2010-07-05,0.8394,0.8465,0.8349,0.8353,1155
2010-07-06,0.8352,0.8558,0.8315,0.8524,1391
2010-07-07,0.8525,0.8661,0.8447,0.8632,1371
2010-07-08,0.8631,0.8789,0.8631,0.8763,1372
2010-07-09,0.8764,0.8785,0.8725,0.8774,1213
2010-07-11,0.8773,0.8779,0.8746,0.8764,104
2010-07-12,0.8763,0.8774,0.8699,0.8764,1319
2010-07-13,0.8765,0.8842,0.868,0.8827,1347
2010-07-14,0.8828,0.8869,0.8783,0.8812,1324
2010-07-15,0.8813,0.8847,0.8725,0.8808,1399
2010-07-16,0.8809,0.8816,0.868,0.8687,1238
2010-07-18,0.8661,0.8674,0.8631,0.8632,161
2010-07-19,0.8633,0.8717,0.8632,0.8687,1344
2010-07-20,0.8686,0.8844,0.868,0.8838,1376
2010-07-21,0.8837,0.8857,0.8758,0.8772,1345
2010-07-22,0.8771,0.895,0.8735,0.8943,1356
2010-07-23,0.8944,0.8969,0.8893,0.8954,1222
2010-07-25,0.8956,0.8961,0.8926,0.8954,121
2010-07-26,0.8956,0.9033,0.8939,0.9004,1334
2010-07-27,0.9005,0.9067,0.8998,0.9011,1340
2010-07-28,0.9012,0.9023,0.8903,0.8941,1385
2010-07-29,0.894,0.9041,0.892,0.8996,1356
2010-07-30,0.8995,0.9065,0.8963,0.9044,1223
2010-08-01,0.9053,0.9073,0.9043,0.9073,123
2010-08-02,0.9075,0.9144,0.9074,0.9122,1314
2010-08-03,0.912,0.9147,0.9069,0.913,1307
2010-08-04,0.9131,0.9181,0.9092,0.9154,1318
2010-08-05,0.9155,0.9173,0.9114,0.9142,1302
2010-08-06,0.914,0.922,0.9133,0.9181,1179
2010-08-08,0.919,0.919,0.917,0.9172,106
2010-08-09,0.9171,0.9203,0.9149,0.9154,1227
2010-08-10,0.9153,0.9162,0.9056,0.9115,1340
2010-08-11,0.9116,0.912,0.893,0.8967,1402
2010-08-12,0.8968,0.9006,0.8912,0.8968,1356
2010-08-13,0.8967,0.9033,0.892,0.8927,1191
2010-08-15,0.893,0.8945,0.8916,0.8919,99
2010-08-16,0.892,0.8992,0.8857,0.8951,1346
2010-08-17,0.895,0.9077,0.8943,0.9049,1340
2010-08-18,0.9048,0.9051,0.8956,0.8957,1342
2010-08-19,0.8955,0.9016,0.8888,0.8893,1366
2010-08-20,0.8892,0.8939,0.8839,0.8937,1218
2010-08-22,0.8862,0.8885,0.8857,0.8883,146
2010-08-23,0.8882,0.8981,0.8881,0.8892,1310
2010-08-24,0.8893,0.8903,0.8794,0.8826,1380
2010-08-25,0.8827,0.8893,0.8768,0.8857,1354
2010-08-26,0.8856,0.8916,0.883,0.8847,1346
2010-08-27,0.8846,0.8997,0.8844,0.8988,1188
2010-08-29,0.9017,0.9029,0.9003,0.9015,136
2010-08-30,0.9014,0.9024,0.8911,0.8914,1290
2010-08-31,0.8913,0.8954,0.8858,0.8916,1354
2010-09-01,0.8915,0.9115,0.8913,0.908,1355
2010-09-02,0.9081,0.9119,0.9052,0.9086,1320
2010-09-03,0.9085,0.9174,0.9064,0.9164,1159
2010-09-05,0.9153,0.9164,0.9144,0.9154,120
2010-09-06,0.9153,0.9179,0.9139,0.9146,1019
2010-09-07,0.9147,0.9176,0.909,0.912,1348
2010-09-08,0.9121,0.9191,0.9105,0.917,1307
2010-09-09,0.9171,0.9275,0.9169,0.9222,1316
2010-09-10,0.9223,0.9267,0.9203,0.9264,1184
2010-09-12,0.9295,0.9309,0.9286,0.9308,141
2010-09-13,0.9307,0.936,0.9292,0.933,1262
2010-09-14,0.9329,0.9455,0.9311,0.9396,1335
2010-09-15,0.9397,0.9428,0.934,0.9389,1354
2010-09-16,0.9388,0.9393,0.9329,0.9349,1317
2010-09-17,0.935,0.9466,0.935,0.936,1189
2010-09-19,0.9377,0.9384,0.9361,0.9364,104
2010-09-20,0.9363,0.9492,0.9359,0.9455,1281
2010-09-21,0.9454,0.9562,0.944,0.9557,1297
2010-09-22,0.9555,0.9598,0.9507,0.955,1354
2010-09-23,0.9551,0.9573,0.9463,0.9464,1316
2010-09-24,0.9465,0.9613,0.9461,0.959,1202
2010-09-26,0.961,0.9621,0.9583,0.9597,130
2010-09-27,0.9596,0.9642,0.9571,0.9587,1304
2010-09-28,0.9588,0.9684,0.9557,0.9665,1304
2010-09-29,0.9666,0.9727,0.9661,0.9688,1310
2010-09-30,0.9687,0.9732,0.9622,0.9652,1339
2010-10-01,0.9653,0.9748,0.9649,0.9723,1183
2010-10-03,0.9726,0.973,0.971,0.9713,138
2010-10-04,0.9712,0.9712,0.9651,0.9667,1304
2010-10-05,0.9668,0.9725,0.954,0.9717,1362
2010-10-06,0.9716,0.979,0.9692,0.9756,1332
2010-10-07,0.9757,0.9916,0.9755,0.9816,1341
2010-10-08,0.9815,0.9871,0.9707,0.9848,1212
2010-10-10,0.9895,0.9905,0.9884,0.9894,139
2010-10-11,0.9895,0.9896,0.9812,0.982,1314
2010-10-12,0.9821,0.9877,0.9765,0.9871,1340
2010-10-13,0.987,0.9935,0.9833,0.9928,1359
2010-10-14,0.9929,0.9993,0.9894,0.9895,1365
2010-10-15,0.9894,1.0002,0.9862,0.9905,1206
2010-10-17,0.9927,0.9927,0.9872,0.9877,153
2010-10-18,0.9878,0.9943,0.98,0.9915,1386
2010-10-19,0.9914,0.9951,0.9661,0.9667,1398
2010-10-20,0.9668,0.9889,0.9668,0.9866,1383
2010-10-21,0.9867,0.989,0.9741,0.9782,1388
2010-10-22,0.9781,0.9853,0.9757,0.9826,1208
2010-10-24,0.9871,0.9871,0.9823,0.9844,156
2010-10-25,0.9843,0.9973,0.9837,0.9894,1371
2010-10-26,0.9893,0.9926,0.9813,0.9847,1372
2010-10-27,0.9846,0.9862,0.965,0.9738,1398
2010-10-28,0.9737,0.9819,0.9729,0.9792,1374
2010-10-29,0.9791,0.9837,0.9677,0.9833,1231
2010-10-31,0.9852,0.9866,0.9844,0.9863,137
2010-11-01,0.9864,0.9913,0.9813,0.9884,1332
2010-11-02,0.9883,1.0022,0.9865,0.9986,1362
2010-11-03,0.9985,1.0064,0.9892,1.0035,1373
2010-11-04,1.0036,1.0175,1.002,1.0153,1371
2010-11-05,1.0154,1.0182,1.0084,1.0156,1212
2010-11-07,1.0151,1.0163,1.0137,1.0162,91
2010-11-08,1.0161,1.0165,1.0077,1.01,1386
2010-11-09,1.0101,1.0172,0.9997,1.0044,1412
2010-11-10,1.0045,1.0071,0.9974,1.0044,1416
2010-11-11,1.0043,1.0095,0.9951,0.9963,1374
2010-11-12,0.9962,1.0002,0.9824,0.9845,1299
2010-11-14,0.9887,0.989,0.9865,0.9887,85
2010-11-15,0.9886,0.9918,0.9811,0.9832,1393
2010-11-16,0.9831,0.9892,0.9723,0.9761,1397
2010-11-17,0.976,0.9833,0.9725,0.9814,1389
2010-11-18,0.9813,0.9905,0.9805,0.9905,1374
2010-11-19,0.9904,0.9911,0.9812,0.9864,1249
2010-11-21,0.9874,0.9901,0.9873,0.99,95
2010-11-22,0.9899,0.9953,0.9822,0.9864,1377
2010-11-23,0.9863,0.9881,0.9707,0.9743,1409
2010-11-24,0.9744,0.9851,0.9737,0.9845,1393
2010-11-25,0.9844,0.9845,0.976,0.977,1209
2010-11-26,0.9769,0.9778,0.9611,0.9644,1182
2010-11-28,0.968,0.9687,0.9656,0.9658,106
2010-11-29,0.9659,0.9698,0.9565,0.9606,1397
2010-11-30,0.9605,0.9659,0.9543,0.9595,1423
2010-12-01,0.9594,0.9697,0.9536,0.9658,1402
2010-12-02,0.9657,0.9777,0.9622,0.9768,1374
2010-12-03,0.9767,0.9937,0.9738,0.9931,1269
2010-12-05,0.99,0.9926,0.9897,0.9917,106
2010-12-06,0.9916,0.9922,0.9848,0.9882,1360
2010-12-07,0.9883,0.9964,0.9821,0.9831,1408
2010-12-08,0.983,0.9855,0.9751,0.9788,1402
2010-12-09,0.9789,0.9883,0.9779,0.9841,1374
2010-12-10,0.9842,0.9895,0.9827,0.9853,1254
2010-12-12,0.9839,0.9842,0.9831,0.9838,87
2010-12-13,0.9839,0.9983,0.9838,0.9949,1335
2010-12-14,0.9948,1.0027,0.9941,0.9968,1354
2010-12-15,0.9969,0.9971,0.9839,0.987,1386
2010-12-16,0.9869,0.9906,0.9829,0.9891,1359
2010-12-17,0.9892,0.9925,0.9838,0.9879,1250
2010-12-19,0.9887,0.9887,0.9861,0.9878,88
2010-12-20,0.9879,0.9948,0.9862,0.9926,1326
2010-12-21,0.9927,0.9992,0.9916,0.9963,1319
2010-12-22,0.9964,1.0009,0.9949,0.999,1310
2010-12-23,0.9991,1.0065,0.9985,1.0036,1246
2010-12-24,1.0037,1.005,1.0022,1.0045,662
2010-12-26,1.0008,1.0031,0.9993,1.0,92
2010-12-27,1.0001,1.0057,0.9986,1.0057,1155
2010-12-28,1.0058,1.0151,1.0053,1.0093,1283
2010-12-29,1.0091,1.0182,1.0089,1.0172,1255
2010-12-30,1.0171,1.0197,1.0117,1.0155,1269
2010-12-31,1.0154,1.0254,1.0149,1.023,1010
2011-01-02,1.0202,1.0224,1.0202,1.0212,87
2011-01-03,1.0213,1.0222,1.0148,1.0166,1203
2011-01-04,1.0165,1.0169,1.0027,1.0068,1358
2011-01-05,1.0069,1.0074,0.9958,0.9996,1370
2011-01-06,0.9997,1.0014,0.9918,0.9928,1363
2011-01-07,0.9927,0.9991,0.9906,0.9956,1238
2011-01-09,0.9926,0.9955,0.9924,0.9951,81
2011-01-10,0.9952,0.9981,0.9882,0.9946,1356
2011-01-11,0.9947,0.9948,0.9803,0.9821,1409
2011-01-12,0.9822,0.9965,0.9818,0.9956,1375
2011-01-13,0.9955,1.0018,0.9915,0.9978,1353
2011-01-14,0.9977,0.9985,0.9855,0.9886,1245
2011-01-16,0.9907,0.9916,0.9899,0.9906,88
2011-01-17,0.9907,0.9967,0.9861,0.9926,1254
2011-01-18,0.9927,1.0004,0.9896,0.9973,1379
2011-01-19,0.9972,1.0075,0.9964,0.9967,1397
2011-01-20,0.9968,0.998,0.9831,0.9854,1406
2011-01-21,0.9853,0.9917,0.9838,0.9896,1275
2011-01-23,0.988,0.9896,0.9879,0.9893,89
2011-01-24,0.9894,1.002,0.9862,0.9974,1341
2011-01-25,0.9975,0.9992,0.9888,0.995,1385
2011-01-26,0.9949,0.9996,0.9929,0.9993,1355
2011-01-27,0.9994,1.0,0.9875,0.9895,1381
2011-01-28,0.9896,0.9985,0.9882,0.9938,1261
2011-01-30,0.9891,0.9914,0.9866,0.9868,112
2011-01-31,0.9869,0.9988,0.9865,0.9972,1370
2011-02-01,0.9973,1.0147,0.9964,1.0109,1385
2011-02-02,1.011,1.0132,1.0054,1.0113,1355
2011-02-03,1.0112,1.0162,1.0081,1.0145,1323
2011-02-04,1.0146,1.0199,1.011,1.0136,1200
2011-02-06,1.0131,1.0143,1.0123,1.0124,95
2011-02-07,1.0125,1.016,1.0104,1.0131,1300
2011-02-08,1.013,1.0187,1.0113,1.0148,1325
2011-02-09,1.0147,1.015,1.0087,1.0106,1334
2011-02-10,1.0105,1.0139,1.0001,1.0013,1364
2011-02-11,1.0012,1.0032,0.9959,1.0019,1234
2011-02-13,0.9982,1.0015,0.998,1.0013,91
2011-02-14,1.0014,1.0073,1.0001,1.0018,1319
2011-02-15,1.0019,1.0057,0.9942,0.997,1372
2011-02-16,0.9969,1.0055,0.9964,1.0031,1359
2011-02-17,1.003,1.0129,1.0021,1.0118,1301
2011-02-18,1.0117,1.0156,1.0087,1.0143,1209
2011-02-20,1.0137,1.015,1.0134,1.0143,83
2011-02-21,1.0142,1.0143,1.0071,1.0083,1137
2011-02-22,1.0082,1.0082,0.9965,1.0,1392
2011-02-23,0.9999,1.0058,0.998,1.0026,1378
2011-02-24,1.0025,1.0122,1.0,1.0104,1373
2011-02-25,1.0105,1.0177,1.0089,1.0174,1228
2011-02-27,1.0151,1.0166,1.0136,1.014,97
2011-02-28,1.0139,1.0191,1.0119,1.0185,1332
2011-03-01,1.0186,1.0201,1.0121,1.0132,1370
2011-03-02,1.0133,1.0181,1.0084,1.0159,1369
2011-03-03,1.016,1.0188,1.0113,1.0125,1326
2011-03-04,1.0126,1.0149,1.0074,1.0137,1174
2011-03-06,1.0146,1.0157,1.0137,1.0143,93
2011-03-07,1.0144,1.0183,1.009,1.0119,1304
2011-03-08,1.0118,1.0132,1.0052,1.0086,1316
2011-03-09,1.0087,1.0131,1.0059,1.0094,1321
2011-03-10,1.0095,1.0116,0.9989,1.0015,1390
2011-03-11,1.0014,1.0157,0.9967,1.0137,1265
2011-03-13,1.0145,1.0152,1.0089,1.0095,162
2011-03-14,1.0094,1.0111,1.0046,1.0086,1350
2011-03-15,1.0085,1.0095,0.9814,0.9937,1427
2011-03-16,0.9936,0.9962,0.9704,0.9794,1429
2011-03-17,0.9793,0.9872,0.9758,0.9841,1413
2011-03-18,0.9839,0.9977,0.9827,0.9957,1237
2011-03-20,0.9957,0.9973,0.9938,0.9973,144
2011-03-21,0.9975,1.0068,0.9951,1.0056,1309
2011-03-22,1.0055,1.0127,1.0036,1.0086,1287
2011-03-23,1.0087,1.0155,1.0063,1.0128,1342
2011-03-24,1.0129,1.0227,1.0111,1.0199,1350
2011-03-25,1.0198,1.0293,1.0187,1.0259,1176
2011-03-27,1.0236,1.0261,1.0232,1.0253,146
2011-03-28,1.0252,1.0313,1.0225,1.0232,1286
2011-03-29,1.0233,1.0307,1.0203,1.0304,1341
2011-03-30,1.0305,1.0336,1.0268,1.0316,1320
2011-03-31,1.0315,1.0371,1.031,1.0317,1337
2011-04-01,1.0318,1.0396,1.0314,1.0385,1170
2011-04-03,1.0398,1.0402,1.0382,1.0389,132
2011-04-04,1.039,1.0416,1.0335,1.0349,1236
2011-04-05,1.0348,1.0365,1.0287,1.0333,1311
2011-04-06,1.0332,1.0449,1.0328,1.0436,1295
2011-04-07,1.0437,1.0506,1.0411,1.0454,1337
2011-04-08,1.0453,1.0581,1.0452,1.0562,1198
2011-04-10,1.0565,1.0574,1.0551,1.0574,145
2011-04-11,1.0573,1.058,1.0471,1.0483,1338
2011-04-12,1.0482,1.0521,1.0389,1.047,1401
2011-04-13,1.0471,1.0537,1.0427,1.0492,1372
2011-04-14,1.0491,1.0549,1.0456,1.0544,1356
2011-04-15,1.0543,1.0577,1.051,1.0568,1207
2011-04-17,1.0561,1.0566,1.0536,1.0548,141
2011-04-18,1.0549,1.0572,1.0453,1.0489,1356
2011-04-19,1.049,1.0553,1.0442,1.0541,1348
2011-04-20,1.054,1.0716,1.0539,1.0691,1354
2011-04-21,1.069,1.0773,1.0684,1.0746,1225
2011-04-22,1.0745,1.0755,1.0719,1.0733,584
2011-04-24,1.0741,1.0774,1.074,1.077,124
2011-04-25,1.0771,1.0774,1.0683,1.0715,1187
2011-04-26,1.0714,1.0822,1.0676,1.0819,1343
2011-04-27,1.0818,1.0877,1.0777,1.0871,1354
2011-04-28,1.087,1.0946,1.0862,1.0931,1354
2011-04-29,1.093,1.0976,1.088,1.0969,1175
2011-05-01,1.0962,1.0992,1.0929,1.0963,154
2011-05-02,1.0962,1.101,1.092,1.0933,1321
2011-05-03,1.0932,1.0943,1.083,1.0862,1397
2011-05-04,1.0861,1.0876,1.0724,1.0733,1394
2011-05-05,1.0734,1.0769,1.0535,1.062,1408
2011-05-06,1.0621,1.0801,1.061,1.0699,1247
2011-05-08,1.0716,1.0748,1.0696,1.0744,153
2011-05-09,1.0743,1.0811,1.0707,1.0788,1393
2011-05-10,1.0789,1.0855,1.0735,1.0838,1382
2011-05-11,1.0839,1.0887,1.0663,1.069,1396
2011-05-12,1.0691,1.0704,1.0566,1.0657,1394
2011-05-13,1.0656,1.0715,1.0519,1.0571,1233
2011-05-15,1.0576,1.058,1.0539,1.055,143
2011-05-16,1.0549,1.0641,1.0512,1.0561,1385
2011-05-17,1.0562,1.0637,1.0504,1.0625,1390
2011-05-18,1.0624,1.0664,1.0568,1.0634,1369
2011-05-19,1.0633,1.068,1.0593,1.0669,1344
2011-05-20,1.0668,1.0709,1.0609,1.0658,1204
2011-05-22,1.0641,1.0656,1.0618,1.0635,162
2011-05-23,1.0636,1.0639,1.0478,1.0495,1424
2011-05-24,1.0496,1.0581,1.0492,1.0554,1404
2011-05-25,1.0553,1.056,1.044,1.0509,1405
2011-05-26,1.051,1.0647,1.051,1.063,1396
2011-05-27,1.0629,1.0717,1.0607,1.0704,1229
2011-05-29,1.0724,1.0725,1.0694,1.0696,143
2011-05-30,1.0695,1.0726,1.0673,1.0719,1109
2011-05-31,1.0718,1.0756,1.0641,1.0685,1358
2011-06-01,1.0684,1.0751,1.0592,1.0615,1393
2011-06-02,1.0616,1.0688,1.0586,1.0682,1346
2011-06-03,1.0681,1.0774,1.0593,1.0714,1220
2011-06-05,1.0718,1.0756,1.0707,1.0755,147
2011-06-06,1.0756,1.0766,1.0691,1.0728,1353
2011-06-07,1.0727,1.0757,1.067,1.0703,1363
2011-06-08,1.0704,1.071,1.0587,1.0645,1396
2011-06-09,1.0644,1.0662,1.0562,1.0636,1373
2011-06-10,1.0637,1.0651,1.0524,1.0535,1233
2011-06-12,1.0532,1.0543,1.0523,1.0536,149
2011-06-13,1.0535,1.0636,1.0528,1.0611,1357
2011-06-14,1.0612,1.0714,1.0567,1.0686,1388
2011-06-15,1.0687,1.0713,1.0534,1.0586,1390
2011-06-16,1.0585,1.0587,1.0476,1.0563,1388
2011-06-17,1.0562,1.0634,1.0504,1.0621,1243
2011-06-19,1.0602,1.0616,1.0585,1.0587,138
2011-06-20,1.0588,1.0615,1.0495,1.06,1361
2011-06-21,1.0599,1.0618,1.0531,1.0591,1389
2011-06-22,1.059,1.0649,1.0544,1.0556,1368
2011-06-23,1.0557,1.0566,1.0454,1.0539,1385
2011-06-24,1.054,1.0599,1.0484,1.0489,1230
2011-06-26,1.048,1.0487,1.0454,1.0467,154
2011-06-27,1.0466,1.047,1.0389,1.0463,1390
2011-06-28,1.0462,1.0546,1.0435,1.0546,1358
2011-06-29,1.0547,1.0702,1.0518,1.0692,1387
2011-06-30,1.0691,1.0749,1.0684,1.0692,1369
2011-07-01,1.0693,1.0789,1.0672,1.0768,1202
2011-07-03,1.0777,1.0783,1.0767,1.0775,125
2011-07-04,1.0776,1.0784,1.0711,1.074,1190
2011-07-05,1.0741,1.0741,1.0663,1.069,1370
2011-07-06,1.0689,1.0732,1.0653,1.0706,1349
2011-07-07,1.0705,1.0779,1.0685,1.0771,1336
2011-07-08,1.0772,1.0787,1.0703,1.0753,1203
2011-07-10,1.0709,1.0731,1.0709,1.072,155
2011-07-11,1.0721,1.0726,1.0626,1.0639,1377
2011-07-12,1.064,1.0642,1.0524,1.0616,1404
2011-07-13,1.0615,1.08,1.0582,1.0782,1420
2011-07-14,1.0783,1.0785,1.0693,1.0732,1367
2011-07-15,1.073,1.0745,1.0617,1.0639,1212
2011-07-17,1.0629,1.0653,1.0628,1.0643,152
2011-07-18,1.0642,1.0642,1.0559,1.0634,1372
2011-07-19,1.0635,1.0742,1.0607,1.0735,1363
2011-07-20,1.0736,1.0772,1.0709,1.0762,1367
2011-07-21,1.0761,1.0856,1.0693,1.0838,1373
2011-07-22,1.0837,1.0873,1.0819,1.085,1192
2011-07-24,1.0829,1.0861,1.0814,1.0823,164
2011-07-25,1.0824,1.0876,1.0794,1.0837,1283
2011-07-26,1.0836,1.0967,1.082,1.0949,1368
2011-07-27,1.0948,1.1079,1.0937,1.103,1372
2011-07-28,1.1029,1.1074,1.0975,1.099,1376
2011-07-29,1.0989,1.1015,1.091,1.0993,1233
2011-07-31,1.1029,1.1029,1.0984,1.1012,156
2011-08-01,1.1013,1.1064,1.0921,1.0991,1342
2011-08-02,1.0992,1.1006,1.0731,1.0745,1411
2011-08-03,1.0746,1.0785,1.0677,1.0752,1403
2011-08-04,1.0753,1.0753,1.0423,1.0443,1428
2011-08-05,1.0442,1.0525,1.0374,1.0441,1252
2011-08-07,1.0423,1.0445,1.0375,1.0389,177
2011-08-08,1.039,1.0437,1.0107,1.0151,1434
2011-08-09,1.015,1.0413,0.9926,1.0337,1434
2011-08-10,1.0338,1.0381,1.0124,1.0144,1427
2011-08-11,1.0142,1.0358,1.011,1.0331,1421
2011-08-12,1.033,1.0361,1.0244,1.0353,1247
2011-08-14,1.0366,1.0408,1.0352,1.0408,137
2011-08-15,1.0407,1.0512,1.0386,1.0485,1374
2011-08-16,1.0486,1.0505,1.0405,1.0471,1364
2011-08-17,1.0472,1.06,1.0432,1.0553,1382
2011-08-18,1.0554,1.0555,1.0325,1.0327,1410
2011-08-19,1.0328,1.048,1.0314,1.0406,1251
2011-08-21,1.0382,1.0388,1.0361,1.0385,139
2011-08-22,1.0384,1.0471,1.0372,1.0392,1375
2011-08-23,1.0393,1.0533,1.0386,1.0514,1379
2011-08-24,1.0515,1.0522,1.0446,1.046,1386
2011-08-25,1.0459,1.0512,1.0416,1.0468,1364
2011-08-26,1.0467,1.0591,1.0461,1.0571,1223
2011-08-28,1.0589,1.0589,1.0559,1.0572,138
2011-08-29,1.0573,1.0678,1.0572,1.0667,1326
2011-08-30,1.0668,1.0719,1.062,1.0677,1350
2011-08-31,1.0678,1.0719,1.065,1.0682,1347
2011-09-01,1.0681,1.0763,1.0659,1.0718,1377
2011-09-02,1.0717,1.0732,1.0625,1.0639,1220
2011-09-04,1.0605,1.0618,1.0584,1.0601,153
2011-09-05,1.06,1.0605,1.0508,1.0516,1262
2011-09-06,1.0517,1.0615,1.0481,1.0525,1420
2011-09-07,1.0524,1.066,1.0522,1.0644,1375
2011-09-08,1.0643,1.0659,1.0565,1.058,1385
2011-09-09,1.0579,1.0634,1.042,1.0468,1243
2011-09-11,1.043,1.0439,1.0395,1.0402,168
2011-09-12,1.0403,1.0415,1.0254,1.0328,1414
2011-09-13,1.0329,1.0374,1.0261,1.0318,1389
2011-09-14,1.0317,1.037,1.0176,1.0269,1415
2011-09-15,1.027,1.0345,1.0181,1.0333,1367
2011-09-16,1.0332,1.0397,1.0293,1.0359,1231
2011-09-18,1.0298,1.0314,1.028,1.0289,167
2011-09-19,1.029,1.0306,1.0147,1.0182,1404
2011-09-20,1.0183,1.0311,1.0168,1.0256,1406
2011-09-21,1.0255,1.0291,1.0026,1.0052,1408
2011-09-22,1.0053,1.0071,0.969,0.9805,1422
2011-09-23,0.9806,0.9865,0.9667,0.9778,1237
2011-09-25,0.9809,0.9836,0.9761,0.9823,171
2011-09-26,0.9824,0.9847,0.9621,0.9798,1409
2011-09-27,0.9797,0.9984,0.9775,0.9901,1392
2011-09-28,0.99,0.9954,0.971,0.9719,1423
2011-09-29,0.972,0.9877,0.97,0.9774,1417
2011-09-30,0.9773,0.9808,0.966,0.966,1256
2011-10-02,0.9657,0.9699,0.9656,0.9671,163
2011-10-03,0.9672,0.9686,0.9495,0.9517,1425
2011-10-04,0.9518,0.9596,0.9386,0.954,1439
2011-10-05,0.9541,0.9667,0.9486,0.9632,1420
2011-10-06,0.9631,0.9766,0.9621,0.9747,1394
2011-10-07,0.9746,0.9878,0.9728,0.9768,1247
2011-10-09,0.9752,0.9785,0.975,0.9785,137
2011-10-10,0.9784,1.0014,0.9779,0.9966,1406
2011-10-11,0.9965,1.0003,0.9904,0.9938,1407
2011-10-12,0.9939,1.0205,0.9864,1.0142,1400
2011-10-13,1.0143,1.0231,1.01,1.0168,1398
2011-10-14,1.0169,1.0344,1.0143,1.0339,1238
2011-10-16,1.0325,1.034,1.0305,1.0314,154
2011-10-17,1.0315,1.037,1.0147,1.0181,1390
2011-10-18,1.018,1.0326,1.0117,1.024,1407
2011-10-19,1.0239,1.0352,1.0204,1.0245,1376
2011-10-20,1.0244,1.0296,1.0146,1.0239,1382
2011-10-21,1.0238,1.0377,1.0202,1.0375,1240
2011-10-23,1.0333,1.0345,1.0314,1.0328,141
2011-10-24,1.0327,1.0499,1.0321,1.0458,1387
2011-10-25,1.046,1.0496,1.0396,1.0421,1386
2011-10-26,1.0419,1.0435,1.032,1.0401,1417
2011-10-27,1.0402,1.0752,1.0387,1.0712,1412
2011-10-28,1.0713,1.0731,1.0654,1.0699,1238
2011-10-30,1.07,1.0716,1.0664,1.0668,149
2011-10-31,1.0669,1.0696,1.0505,1.0541,1404
2011-11-01,1.0542,1.0566,1.027,1.0305,1408
2011-11-02,1.0304,1.0426,1.0244,1.0251,1412
2011-11-03,1.025,1.0444,1.0201,1.0415,1419
2011-11-04,1.0416,1.0438,1.0314,1.0374,1231
2011-11-06,1.0407,1.0425,1.0389,1.0397,115
2011-11-07,1.0398,1.0409,1.0275,1.036,1404
2011-11-08,1.0359,1.0403,1.028,1.0376,1417
2011-11-09,1.0375,1.0397,1.0117,1.0136,1421
2011-11-10,1.0135,1.0207,1.005,1.0151,1400
2011-11-11,1.015,1.0303,1.0104,1.0273,1297
2011-11-13,1.0342,1.0343,1.0307,1.0329,102
2011-11-14,1.033,1.0334,1.016,1.0203,1412
2011-11-15,1.0202,1.0225,1.0112,1.014,1407
2011-11-16,1.0141,1.0183,1.0033,1.0049,1426
2011-11-17,1.0048,1.0116,0.9972,0.9981,1425
2011-11-18,0.9982,1.0106,0.9963,1.0007,1307
2011-11-20,0.9994,1.0012,0.9964,0.9994,107
2011-11-21,0.9995,0.9995,0.9807,0.985,1409
2011-11-22,0.9849,0.9897,0.9811,0.9847,1410
2011-11-23,0.9846,0.9855,0.9662,0.9696,1413
2011-11-24,0.9697,0.9784,0.9695,0.9701,1266
2011-11-25,0.9702,0.9772,0.9666,0.9709,1205
2011-11-27,0.9822,0.9853,0.9789,0.9828,117
2011-11-28,0.9826,0.9974,0.9801,0.9906,1419
2011-11-29,0.9905,1.0076,0.9861,1.0015,1421
2011-11-30,1.0016,1.0329,0.9941,1.0251,1428
2011-12-01,1.0252,1.0264,1.0149,1.0219,1408
2011-12-02,1.0218,1.0323,1.0195,1.0214,1286
2011-12-04,1.02499,1.02573,1.02205,1.02369,120
2011-12-05,1.02371,1.03035,1.02017,1.02552,1438
2011-12-06,1.0255,1.02668,1.01553,1.02471,1440
2011-12-07,1.02469,1.03035,1.02328,1.02755,1439
2011-12-08,1.02763,1.03791,1.01453,1.01765,1439
2011-12-09,1.01762,1.02237,1.00475,1.02148,1319
2011-12-11,1.02075,1.02145,1.01887,1.02046,117
2011-12-12,1.02045,1.02068,1.00322,1.00387,1439
2011-12-13,1.00385,1.01615,0.99792,0.99859,1438
2011-12-14,0.99858,1.00442,0.98833,0.9901,1438
2011-12-15,0.99003,0.99881,0.98607,0.9937,1440
2011-12-16,0.99381,1.00267,0.9935,0.99815,1319
2011-12-18,0.99875,0.99877,0.99537,0.9961,118
2011-12-19,0.99609,0.99691,0.98824,0.9916,1439
2011-12-20,0.99159,1.0094,0.99105,1.00762,1438
2011-12-21,1.00761,1.02184,1.00507,1.00679,1438
2011-12-22,1.0068,1.01477,1.00603,1.01326,1432
2011-12-23,1.01327,1.01805,1.013,1.01514,1313
2011-12-26,1.0164,1.01719,1.01558,1.01567,601
2011-12-27,1.0157,1.01746,1.0129,1.01451,1393
2011-12-28,1.01453,1.02019,1.00703,1.00754,1432
2011-12-29,1.00752,1.0145,1.00435,1.01382,1437
2011-12-30,1.01379,1.02674,1.01367,1.02065,1317
2012-01-02,1.0217,1.02551,1.01946,1.02498,915
2012-01-03,1.02497,1.03855,1.02497,1.03684,1430
2012-01-04,1.03683,1.03727,1.03036,1.034,1439
2012-01-05,1.03396,1.03426,1.02311,1.02502,1439
2012-01-06,1.02501,1.02723,1.02012,1.02276,1317
2012-01-08,1.02015,1.02142,1.01804,1.01989,120
2012-01-09,1.0199,1.02565,1.01446,1.02508,1434
2012-01-10,1.0251,1.03507,1.02504,1.02967,1436
2012-01-11,1.02965,1.03275,1.02617,1.03149,1436
2012-01-12,1.03148,1.03769,1.02856,1.03327,1438
2012-01-13,1.03325,1.03665,1.02317,1.03247,1320
2012-01-15,1.02874,1.03032,1.02751,1.02788,119
2012-01-16,1.02789,1.03365,1.02533,1.03194,1426
2012-01-17,1.03193,1.04485,1.03189,1.03822,1437
2012-01-18,1.03823,1.04369,1.0358,1.04155,1440
2012-01-19,1.04154,1.04327,1.03704,1.04121,1438
2012-01-20,1.04116,1.04878,1.03827,1.04838,1319
2012-01-22,1.0478,1.04932,1.04608,1.0466,120
2012-01-23,1.04662,1.05724,1.04583,1.05263,1435
2012-01-24,1.05265,1.05315,1.04276,1.04787,1434
2012-01-25,1.04788,1.06188,1.0444,1.05904,1438
2012-01-26,1.05905,1.06868,1.05884,1.06099,1438
2012-01-27,1.061,1.06688,1.05915,1.0657,1319
2012-01-29,1.06378,1.06524,1.06268,1.06337,120
2012-01-30,1.06334,1.06359,1.05257,1.05858,1440
2012-01-31,1.05861,1.06838,1.05763,1.06054,1439
2012-02-01,1.0606,1.07394,1.05684,1.07154,1439
2012-02-02,1.07155,1.07558,1.06786,1.07013,1439
2012-02-03,1.07012,1.07931,1.06709,1.07687,1320
2012-02-05,1.07581,1.07675,1.07352,1.07504,120
2012-02-06,1.07505,1.07565,1.06824,1.07191,1435
2012-02-07,1.07188,1.08218,1.07009,1.07932,1439
2012-02-08,1.07936,1.08436,1.07672,1.07851,1440
2012-02-09,1.0785,1.08235,1.0739,1.07664,1438
2012-02-10,1.07663,1.07737,1.06392,1.06723,1320
2012-02-12,1.06884,1.07239,1.06789,1.07084,120
2012-02-13,1.07082,1.07774,1.06858,1.07029,1439
2012-02-14,1.07025,1.07318,1.06281,1.0699,1440
2012-02-15,1.06989,1.07755,1.06675,1.06843,1438
2012-02-16,1.06836,1.07727,1.06447,1.07492,1439
2012-02-17,1.07494,1.07987,1.06878,1.07051,1320
2012-02-19,1.0772,1.08151,1.07634,1.07981,120
2012-02-20,1.0798,1.08002,1.07131,1.0723,1426
2012-02-21,1.07231,1.07488,1.0644,1.06722,1440
2012-02-22,1.06724,1.06852,1.06041,1.06325,1440
2012-02-23,1.06324,1.07381,1.05967,1.07267,1440
2012-02-24,1.07265,1.07541,1.0687,1.0693,1320
2012-02-26,1.07057,1.07155,1.06846,1.06927,120
2012-02-27,1.06926,1.07835,1.06496,1.0757,1436
2012-02-28,1.07571,1.07984,1.07279,1.07982,1440
2012-02-29,1.07983,1.08554,1.07149,1.07415,1438
2012-03-01,1.07421,1.08167,1.07242,1.08089,1438
2012-03-02,1.08091,1.08159,1.07269,1.07315,1318
2012-03-04,1.07402,1.07427,1.07192,1.07192,115
2012-03-05,1.07191,1.0739,1.06554,1.06736,1437
2012-03-06,1.06739,1.06904,1.05244,1.05644,1438
2012-03-07,1.05641,1.05925,1.05085,1.05652,1437
2012-03-08,1.05653,1.06691,1.05336,1.06431,1438
2012-03-09,1.06435,1.06627,1.05644,1.05753,1319
2012-03-11,1.05575,1.05748,1.05556,1.056,169
2012-03-12,1.05602,1.05603,1.04728,1.05301,1435
2012-03-13,1.05299,1.05605,1.04846,1.05393,1433
2012-03-14,1.05394,1.05486,1.04273,1.0438,1438
2012-03-15,1.04381,1.05538,1.04224,1.05169,1433
2012-03-16,1.05172,1.05967,1.05087,1.05886,1257
2012-03-18,1.05936,1.06131,1.0581,1.06,161
2012-03-19,1.05999,1.06363,1.05572,1.0596,1424
2012-03-20,1.05961,1.06243,1.04564,1.04834,1437
2012-03-21,1.04833,1.05265,1.04206,1.04585,1437
2012-03-22,1.04586,1.04827,1.03355,1.03984,1435
2012-03-23,1.03985,1.04819,1.0371,1.0466,1257
2012-03-25,1.04625,1.04919,1.04605,1.04856,159
2012-03-26,1.04857,1.05448,1.04256,1.05268,1424
2012-03-27,1.05267,1.05568,1.04398,1.04412,1430
2012-03-28,1.04415,1.04462,1.03553,1.03908,1435
2012-03-29,1.03907,1.03962,1.03039,1.03729,1440
2012-03-30,1.03732,1.04146,1.03341,1.03453,1260
2012-04-01,1.04489,1.04527,1.04237,1.04246,178
2012-04-02,1.04245,1.04436,1.03657,1.04251,1435
2012-04-03,1.0425,1.04653,1.03006,1.03043,1438
2012-04-04,1.03041,1.03103,1.02428,1.02783,1436
2012-04-05,1.02782,1.03222,1.02515,1.02933,1433
2012-04-06,1.02934,1.03355,1.02723,1.03093,1201
2012-04-08,1.0297,1.02993,1.0279,1.02897,151
2012-04-09,1.02907,1.03315,1.02564,1.03056,1422
2012-04-10,1.03063,1.03555,1.0226,1.02267,1438
2012-04-11,1.02266,1.03318,1.02252,1.03178,1435
2012-04-12,1.03176,1.0449,1.03038,1.04358,1434
2012-04-13,1.04362,1.04514,1.03553,1.03701,1260
2012-04-15,1.03724,1.038,1.03356,1.03384,175
2012-04-16,1.03386,1.03781,1.03106,1.03503,1435
2012-04-17,1.03504,1.04178,1.03039,1.04047,1431
2012-04-18,1.04046,1.04153,1.03398,1.03682,1436
2012-04-19,1.03681,1.03896,1.03126,1.03436,1427
2012-04-20,1.03435,1.03827,1.03081,1.03785,1258
2012-04-22,1.0369,1.03833,1.03658,1.03813,163
2012-04-23,1.03815,1.03823,1.02712,1.03064,1430
2012-04-24,1.03062,1.03353,1.02465,1.03332,1439
2012-04-25,1.0333,1.03745,1.03056,1.03602,1433
2012-04-26,1.03597,1.03986,1.03497,1.03688,1436
2012-04-27,1.03687,1.04738,1.03528,1.04713,1253
2012-04-29,1.04576,1.04691,1.04503,1.04536,168
2012-04-30,1.04531,1.04604,1.04052,1.04227,1426
2012-05-01,1.04228,1.04271,1.03043,1.03364,1417
2012-05-02,1.03359,1.03543,1.02838,1.03054,1433
2012-05-03,1.03053,1.03138,1.02386,1.02644,1430
2012-05-04,1.02638,1.02776,1.01693,1.01801,1254
2012-05-06,1.01535,1.0162,1.01129,1.01197,179
2012-05-07,1.012,1.0219,1.01097,1.02128,1434
2012-05-08,1.02132,1.02155,1.00878,1.00985,1431
2012-05-09,1.00988,1.01153,1.00205,1.00514,1438
2012-05-10,1.00509,1.01424,1.00469,1.00577,1438
2012-05-11,1.00576,1.00815,1.00174,1.00188,1259
2012-05-13,1.0013,1.00231,1.00066,1.00197,180
2012-05-14,1.00196,1.0034,0.99554,0.99706,1437
2012-05-15,0.99704,1.00144,0.99208,0.9943,1438
2012-05-16,0.99426,0.99673,0.98696,0.99302,1435
2012-05-17,0.99298,0.99628,0.98822,0.98927,1440
2012-05-18,0.98928,0.98928,0.97943,0.98437,1260
2012-05-20,0.98376,0.98523,0.98024,0.98362,173
2012-05-21,0.98358,0.99175,0.98144,0.99141,1438
2012-05-22,0.99137,0.99339,0.97606,0.97682,1440
2012-05-23,0.97681,0.97788,0.9689,0.97269,1437
2012-05-24,0.97275,0.98127,0.97111,0.97638,1439
2012-05-25,0.97637,0.97984,0.97256,0.97575,1260
2012-05-27,0.98155,0.9832,0.97968,0.98126,180
2012-05-28,0.98129,0.98878,0.98112,0.98153,1391
2012-05-29,0.98155,0.98968,0.97996,0.9826,1439
2012-05-30,0.98264,0.98327,0.96966,0.97022,1440
2012-05-31,0.97024,0.97696,0.96725,0.97192,1439
2012-06-01,0.97193,0.9723,0.95804,0.96967,1260
2012-06-03,0.96993,0.9707,0.96407,0.96417,179
2012-06-04,0.96418,0.97506,0.9627,0.975,1438
2012-06-05,0.97499,0.98028,0.971,0.97732,1434
2012-06-06,0.9773,0.99315,0.97642,0.99096,1438
2012-06-07,0.99095,1.00016,0.98768,0.991,1439
2012-06-08,0.99098,0.9939,0.98201,0.9916,1260
2012-06-10,0.9986,1.00079,0.99655,0.99832,180
2012-06-11,0.99831,0.99938,0.98499,0.98746,1438
2012-06-12,0.98745,0.99698,0.98657,0.99455,1439
2012-06-13,0.99453,1.00021,0.99274,0.9949,1439
2012-06-14,0.99488,1.00324,0.99213,1.0008,1439
2012-06-15,1.00082,1.00889,0.99935,1.00829,1259
2012-06-17,1.01154,1.01312,1.01047,1.01124,179
2012-06-18,1.01122,1.01411,1.00559,1.01105,1432
2012-06-19,1.01103,1.02004,1.01032,1.0176,1436
2012-06-20,1.01761,1.02233,1.01328,1.01937,1437
2012-06-21,1.01935,1.01941,1.00277,1.00423,1438
2012-06-22,1.00425,1.00765,1.00076,1.00632,1260
2012-06-24,1.00454,1.00535,1.003,1.00375,167
2012-06-25,1.0038,1.00394,0.99681,1.00109,1437
2012-06-26,1.00108,1.00835,1.00093,1.00461,1424
2012-06-27,1.0046,1.00887,1.00393,1.0073,1431
2012-06-28,1.00729,1.01255,0.99953,1.00311,1432
2012-06-29,1.00308,1.02572,1.00193,1.02448,1260
2012-07-01,1.0263,1.02684,1.02347,1.02367,173
2012-07-02,1.02368,1.02771,1.02118,1.02346,1435
2012-07-03,1.02344,1.02957,1.02286,1.02829,1418
2012-07-04,1.02827,1.03193,1.02607,1.02637,1395
2012-07-05,1.02638,1.03284,1.02419,1.02804,1434
2012-07-06,1.02801,1.02878,1.01788,1.0211,1260
2012-07-08,1.01967,1.02116,1.01783,1.01947,177
2012-07-09,1.01942,1.02125,1.01539,1.02041,1439
2012-07-10,1.02042,1.0244,1.01596,1.01858,1437
2012-07-11,1.01857,1.02805,1.01784,1.02471,1436
2012-07-12,1.0247,1.02515,1.00994,1.01293,1437
2012-07-13,1.01295,1.02291,1.01219,1.02254,1260
2012-07-15,1.0248,1.02502,1.02297,1.02336,172
2012-07-16,1.02337,1.02587,1.02014,1.02395,1437
2012-07-17,1.02394,1.03182,1.02352,1.03149,1437
2012-07-18,1.03151,1.03726,1.02878,1.03594,1439
2012-07-19,1.03595,1.04431,1.03595,1.04217,1431
2012-07-20,1.04218,1.04249,1.03618,1.03773,1257
2012-07-22,1.03586,1.03648,1.03344,1.03369,179
2012-07-23,1.03372,1.03394,1.02425,1.02691,1438
2012-07-24,1.02693,1.03155,1.021,1.02128,1440
2012-07-25,1.02124,1.03362,1.01762,1.02994,1438
2012-07-26,1.02997,1.04215,1.02909,1.03918,1438
2012-07-27,1.03917,1.04862,1.03836,1.04841,1260
2012-07-29,1.0472,1.04822,1.04591,1.04618,176
2012-07-30,1.04616,1.05071,1.04485,1.04959,1438
2012-07-31,1.04962,1.05373,1.04763,1.04806,1434
2012-08-01,1.04807,1.05414,1.0447,1.04671,1437
2012-08-02,1.04674,1.05796,1.04352,1.04552,1436
2012-08-03,1.0455,1.05699,1.04451,1.05683,1259
2012-08-05,1.05709,1.05763,1.05551,1.0558,173
2012-08-06,1.05581,1.05925,1.05355,1.05599,1433
2012-08-07,1.05603,1.06023,1.05326,1.05331,1433
2012-08-08,1.0533,1.05816,1.05298,1.05538,1432
2012-08-09,1.05536,1.06125,1.05534,1.05709,1439
2012-08-10,1.0571,1.05771,1.04964,1.05753,1259
2012-08-12,1.05542,1.05644,1.05483,1.05512,175
2012-08-13,1.0551,1.05728,1.04958,1.05111,1433
2012-08-14,1.05112,1.05403,1.04774,1.04853,1436
2012-08-15,1.04854,1.05137,1.04542,1.04933,1434
2012-08-16,1.04935,1.05281,1.04739,1.05229,1431
2012-08-17,1.05228,1.05235,1.04101,1.0418,1257
2012-08-19,1.0433,1.04356,1.04178,1.04342,168
2012-08-20,1.04341,1.04678,1.04251,1.04482,1432
2012-08-21,1.04479,1.05199,1.04476,1.04669,1430
2012-08-22,1.04671,1.05165,1.04124,1.05067,1438
2012-08-23,1.05069,1.05442,1.04211,1.04319,1436
2012-08-24,1.04321,1.04419,1.03748,1.04026,1259
2012-08-26,1.04232,1.04254,1.04007,1.04016,173
2012-08-27,1.04008,1.04155,1.0358,1.03608,1425
2012-08-28,1.03611,1.03891,1.03445,1.0373,1425
2012-08-29,1.03727,1.03972,1.03357,1.03376,1421
2012-08-30,1.03379,1.03432,1.02754,1.02781,1429
2012-08-31,1.02777,1.03541,1.02777,1.03209,1257
2012-09-02,1.02858,1.02991,1.02699,1.027,176
2012-09-03,1.02702,1.02748,1.02315,1.02384,1389
2012-09-04,1.02386,1.0286,1.02052,1.02056,1437
2012-09-05,1.02057,1.022,1.0166,1.01888,1432
2012-09-06,1.01889,1.02989,1.01662,1.02805,1438
2012-09-07,1.02807,1.03997,1.02758,1.03838,1259
2012-09-09,1.037,1.03812,1.03583,1.03604,170
2012-09-10,1.03606,1.03848,1.03299,1.0331,1425
2012-09-11,1.03308,1.04482,1.03221,1.04268,1424
2012-09-12,1.0427,1.05046,1.0427,1.04603,1436
2012-09-13,1.04604,1.05666,1.04282,1.05358,1433
2012-09-14,1.05359,1.06238,1.05339,1.055,1260
2012-09-16,1.05541,1.05582,1.05317,1.05344,172
2012-09-17,1.05343,1.05467,1.04542,1.04744,1436
2012-09-18,1.04746,1.04857,1.04093,1.04513,1434
2012-09-19,1.04511,1.04962,1.0417,1.04696,1436
2012-09-20,1.04695,1.0473,1.03667,1.04324,1438
2012-09-21,1.04322,1.05183,1.04306,1.04566,1260
2012-09-23,1.04452,1.04572,1.0432,1.04335,178
2012-09-24,1.04334,1.04351,1.03854,1.042,1430
2012-09-25,1.04197,1.04617,1.03586,1.03608,1439
2012-09-26,1.03607,1.03767,1.03276,1.03702,1438
2012-09-27,1.037,1.04579,1.03637,1.04359,1437
2012-09-28,1.04363,1.04731,1.03651,1.03775,1260
2012-09-30,1.03642,1.03707,1.03394,1.03511,175
2012-10-01,1.03507,1.0402,1.03254,1.03592,1436
2012-10-02,1.03593,1.03751,1.02509,1.0253,1436
2012-10-03,1.02527,1.02557,1.01954,1.02293,1438
2012-10-04,1.02292,1.02721,1.01812,1.02389,1435
2012-10-05,1.0239,1.02736,1.01513,1.0186,1259
2012-10-07,1.0156,1.01711,1.01545,1.01699,177
2012-10-08,1.01702,1.02187,1.01486,1.02125,1425
2012-10-09,1.02124,1.02463,1.01744,1.01876,1435
2012-10-10,1.01872,1.0262,1.01834,1.02205,1437
2012-10-11,1.02204,1.02929,1.02175,1.0255,1431
2012-10-12,1.02552,1.02888,1.02157,1.02325,1259
2012-10-14,1.02554,1.0256,1.02176,1.02212,167
2012-10-15,1.02217,1.02668,1.02013,1.02635,1435
2012-10-16,1.02634,1.03138,1.02448,1.03053,1436
2012-10-17,1.03054,1.03877,1.02987,1.03768,1434
2012-10-18,1.03769,1.04105,1.0353,1.03726,1425
2012-10-19,1.03725,1.03773,1.03173,1.033,1258
2012-10-21,1.03155,1.0322,1.03009,1.03036,177
2012-10-22,1.03035,1.03384,1.02956,1.03344,1431
2012-10-23,1.03342,1.03356,1.02353,1.02665,1425
2012-10-24,1.02666,1.03655,1.02665,1.0343,1430
2012-10-25,1.03431,1.03961,1.03317,1.03511,1438
2012-10-26,1.03512,1.03847,1.03046,1.03722,1257
2012-10-28,1.03642,1.03682,1.03436,1.03505,170
2012-10-29,1.03506,1.03667,1.03247,1.03378,1409
2012-10-30,1.0338,1.03827,1.0329,1.03617,1409
2012-10-31,1.03621,1.03985,1.03521,1.03712,1432
2012-11-01,1.03713,1.04185,1.03545,1.04119,1428
2012-11-02,1.0412,1.04126,1.03303,1.03365,1253
2012-11-04,1.03392,1.0347,1.03336,1.03403,115
2012-11-05,1.03401,1.03821,1.03335,1.03795,1425
2012-11-06,1.03797,1.04466,1.03649,1.04276,1434
2012-11-07,1.04278,1.04795,1.03941,1.04033,1438
2012-11-08,1.04029,1.04424,1.03885,1.03984,1430
2012-11-09,1.03986,1.04344,1.03584,1.03854,1319
2012-11-11,1.03988,1.03988,1.03849,1.03932,118
2012-11-12,1.03931,1.04393,1.0387,1.04236,1414
2012-11-13,1.04235,1.04458,1.03961,1.0443,1430
2012-11-14,1.04429,1.04577,1.03572,1.03634,1430
2012-11-15,1.03635,1.03859,1.03064,1.03369,1434
2012-11-16,1.03368,1.03506,1.02867,1.03386,1317
2012-11-18,1.03514,1.03662,1.03471,1.0359,118
2012-11-19,1.03588,1.04165,1.03532,1.03995,1424
2012-11-20,1.03996,1.04236,1.03566,1.03868,1425
2012-11-21,1.03866,1.03877,1.03375,1.03812,1432
2012-11-22,1.0381,1.04004,1.03514,1.03777,1405
2012-11-23,1.03778,1.04697,1.0375,1.04582,1293
2012-11-25,1.04573,1.04667,1.0452,1.04565,116
2012-11-26,1.04566,1.04778,1.0438,1.04703,1432
2012-11-27,1.04704,1.04889,1.04351,1.04421,1428
2012-11-28,1.04423,1.04807,1.04265,1.04721,1434
2012-11-29,1.04722,1.04794,1.04173,1.04272,1427
2012-11-30,1.04271,1.04463,1.04014,1.04269,1310
2012-12-02,1.04257,1.04322,1.04185,1.04248,118
2012-12-03,1.04247,1.04455,1.03924,1.04313,1424
2012-12-04,1.04307,1.04836,1.04099,1.04734,1429
2012-12-05,1.04732,1.04836,1.04414,1.04451,1428
2012-12-06,1.0445,1.05145,1.04403,1.0472,1428
2012-12-07,1.04721,1.04957,1.0459,1.04869,1298
2012-12-09,1.04874,1.04903,1.04766,1.04811,119
2012-12-10,1.0482,1.05048,1.04645,1.04852,1401
2012-12-11,1.04851,1.05401,1.04607,1.05351,1417
2012-12-12,1.05356,1.05844,1.05224,1.05444,1423
2012-12-13,1.05446,1.05626,1.05078,1.053,1428
2012-12-14,1.05303,1.05766,1.05095,1.05658,1312
2012-12-16,1.05519,1.0573,1.05364,1.05524,118
2012-12-17,1.05531,1.05541,1.05256,1.05432,1409
2012-12-18,1.05435,1.05565,1.05106,1.05166,1424
2012-12-19,1.05162,1.05316,1.04663,1.04746,1430
2012-12-20,1.04747,1.04987,1.04604,1.04785,1431
2012-12-21,1.04786,1.04795,1.03937,1.0398,1315
2012-12-23,1.03977,1.04059,1.03931,1.03933,117
2012-12-24,1.03932,1.04152,1.0357,1.0364,1230
2012-12-26,1.03641,1.03852,1.0344,1.03633,767
2012-12-27,1.03631,1.03881,1.03449,1.03676,1433
2012-12-28,1.03675,1.03954,1.03606,1.0372,1315
2012-12-30,1.03681,1.03923,1.03657,1.039,118
2012-12-31,1.03896,1.04077,1.03636,1.03946,1308
2013-01-01,1.03945,1.04021,1.03742,1.03903,116
2013-01-02,1.03904,1.05228,1.03875,1.04907,1440
2013-01-03,1.04914,1.05266,1.04483,1.04483,1426
2013-01-04,1.04484,1.04866,1.03937,1.04819,1312
2013-01-06,1.04782,1.05119,1.04779,1.04947,120
2013-01-07,1.04946,1.05146,1.04667,1.05104,1424
2013-01-08,1.05105,1.05158,1.04687,1.05112,1435
2013-01-09,1.0511,1.05343,1.04858,1.05037,1432
2013-01-10,1.05038,1.0598,1.0493,1.0578,1436
2013-01-11,1.05779,1.05902,1.05297,1.05343,1317
2013-01-13,1.05505,1.05505,1.05247,1.05355,118
2013-01-14,1.05354,1.05766,1.05208,1.05631,1433
2013-01-15,1.05632,1.05716,1.05252,1.05689,1435
2013-01-16,1.0569,1.05792,1.0531,1.05534,1434
2013-01-17,1.05533,1.05658,1.04931,1.05436,1431
2013-01-18,1.05437,1.05571,1.0485,1.05095,1308
2013-01-20,1.05072,1.05114,1.04956,1.05023,118
2013-01-21,1.05024,1.05246,1.0492,1.05138,1404
2013-01-22,1.05137,1.05776,1.05039,1.05591,1433
2013-01-23,1.0559,1.05666,1.05267,1.0534,1430
2013-01-24,1.05341,1.05474,1.0443,1.04432,1434
2013-01-25,1.04433,1.04677,1.04024,1.04245,1311
2013-01-27,1.0415,1.04186,1.04071,1.04095,119
2013-01-28,1.04091,1.04286,1.03837,1.04208,1426
2013-01-29,1.04207,1.04757,1.0418,1.04623,1435
2013-01-30,1.04619,1.04746,1.03985,1.04151,1434
2013-01-31,1.04149,1.04503,1.03793,1.043,1438
2013-02-01,1.04304,1.0445,1.03602,1.04065,1315
2013-02-03,1.0425,1.0427,1.04134,1.04231,114
2013-02-04,1.0423,1.04418,1.04082,1.04399,1418
2013-02-05,1.044,1.04569,1.03696,1.0389,1438
2013-02-06,1.03887,1.03995,1.02958,1.03166,1430
2013-02-07,1.03165,1.03379,1.02726,1.02771,1437
2013-02-08,1.02769,1.03474,1.02547,1.0318,1308
2013-02-10,1.03115,1.03234,1.03062,1.03186,111
2013-02-11,1.03181,1.03238,1.02485,1.02583,1418
2013-02-12,1.02581,1.03388,1.02264,1.03364,1425
2013-02-13,1.03357,1.03719,1.0318,1.03547,1427
2013-02-14,1.03546,1.03723,1.03257,1.03479,1435
2013-02-15,1.03478,1.03739,1.02868,1.03036,1314
2013-02-17,1.02905,1.03013,1.02788,1.02965,120
2013-02-18,1.02959,1.03189,1.02744,1.03153,1411
2013-02-19,1.03155,1.03666,1.03016,1.03461,1436
2013-02-20,1.03459,1.03665,1.02366,1.02459,1436
2013-02-21,1.02457,1.03071,1.02204,1.02924,1434
2013-02-22,1.02923,1.03395,1.02697,1.03186,1316
2013-02-24,1.03038,1.03038,1.02794,1.02961,120
2013-02-25,1.02962,1.03274,1.02476,1.02683,1438
2013-02-26,1.02684,1.02914,1.01996,1.02331,1440
2013-02-27,1.0233,1.02451,1.01824,1.02282,1440
2013-02-28,1.02283,1.02891,1.01956,1.02157,1439
2013-03-01,1.02158,1.02407,1.01814,1.02028,1318
2013-03-03,1.02004,1.02045,1.01912,1.01951,118
2013-03-04,1.0195,1.02056,1.01145,1.02015,1439
2013-03-05,1.02016,1.02687,1.01925,1.02638,1435
2013-03-06,1.02637,1.03003,1.0222,1.02322,1439
2013-03-07,1.02323,1.02891,1.02185,1.02702,1435
2013-03-08,1.02701,1.02832,1.02105,1.02339,1317
2013-03-10,1.02045,1.0218,1.02034,1.02122,173
2013-03-11,1.02121,1.02842,1.02103,1.02755,1435
2013-03-12,1.02753,1.03346,1.02658,1.03263,1436
2013-03-13,1.03262,1.03332,1.02814,1.02982,1428
2013-03-14,1.02983,1.04003,1.02969,1.0379,1440
2013-03-15,1.03789,1.04133,1.03605,1.0408,1258
2013-03-17,1.03542,1.03741,1.03436,1.03516,179
2013-03-18,1.03515,1.04087,1.03433,1.03917,1435
2013-03-19,1.03918,1.04047,1.03503,1.03607,1438
2013-03-20,1.03612,1.04045,1.03547,1.0376,1437
2013-03-21,1.03761,1.04574,1.03625,1.04369,1437
2013-03-22,1.04368,1.0459,1.04204,1.04438,1249
2013-03-24,1.04418,1.04601,1.04403,1.04474,173
2013-03-25,1.04476,1.04787,1.04318,1.04604,1432
2013-03-26,1.04606,1.04961,1.04465,1.04731,1432
2013-03-27,1.04732,1.04813,1.04172,1.04474,1427
2013-03-28,1.04475,1.04568,1.03957,1.04149,1432
2013-03-29,1.0415,1.04264,1.04021,1.04185,1146
2013-03-31,1.04203,1.04203,1.04024,1.0411,159
2013-04-01,1.04111,1.04393,1.03853,1.04355,1390
2013-04-02,1.04356,1.04784,1.04355,1.04554,1416
2013-04-03,1.04555,1.04964,1.04455,1.04527,1430
2013-04-04,1.04526,1.04898,1.0385,1.04228,1429
2013-04-05,1.0423,1.04368,1.03543,1.0382,1254
2013-04-07,1.0367,1.03751,1.03477,1.03506,176
2013-04-08,1.03509,1.04228,1.03503,1.04184,1432
2013-04-09,1.04183,1.05085,1.04132,1.04862,1432
2013-04-10,1.04861,1.05514,1.04736,1.05356,1431
2013-04-11,1.05355,1.05815,1.04995,1.05445,1396
2013-04-12,1.05446,1.05603,1.04785,1.05058,1249
2013-04-14,1.05043,1.05166,1.04955,1.05086,170
2013-04-15,1.05084,1.05232,1.02898,1.0336,1439
2013-04-16,1.03358,1.03965,1.03071,1.03814,1438
2013-04-17,1.0381,1.03863,1.02758,1.02989,1436
2013-04-18,1.0299,1.03367,1.02683,1.02935,1436
2013-04-19,1.02934,1.03575,1.02747,1.02758,1259
2013-04-21,1.02779,1.0283,1.02692,1.02724,166
2013-04-22,1.02725,1.03071,1.02351,1.02626,1427
2013-04-23,1.02625,1.02712,1.02203,1.02575,1435
2013-04-24,1.02574,1.02954,1.02306,1.02753,1429
2013-04-25,1.02752,1.03386,1.02715,1.02915,1426
2013-04-26,1.02916,1.03356,1.0262,1.0279,1256
2013-04-28,1.02809,1.029,1.02716,1.02826,174
2013-04-29,1.02823,1.03573,1.02745,1.03406,1426
2013-04-30,1.03405,1.03836,1.03284,1.037,1413
2013-05-01,1.03699,1.03813,1.02645,1.02815,1412
2013-05-02,1.02814,1.02814,1.02214,1.02526,1421
2013-05-03,1.02522,1.03218,1.02415,1.03185,1238
2013-05-05,1.03068,1.03116,1.02945,1.02965,172
2013-05-06,1.02963,1.03057,1.02214,1.02435,1419
2013-05-07,1.02436,1.02506,1.01543,1.01739,1430
2013-05-08,1.0174,1.02075,1.01545,1.01886,1436
2013-05-09,1.0189,1.02533,1.00459,1.00749,1436
2013-05-10,1.00748,1.00926,0.99604,1.00254,1260
2013-05-12,1.00011,1.00147,0.99797,0.99831,167
2013-05-13,0.9983,1.00102,0.99396,0.99688,1437
2013-05-14,0.99687,1.0003,0.98762,0.9905,1437
2013-05-15,0.99049,0.99185,0.98517,0.98964,1438
2013-05-16,0.98967,0.99125,0.97966,0.98239,1431
2013-05-17,0.98248,0.98261,0.97105,0.97306,1258
2013-05-19,0.97548,0.97687,0.97367,0.97634,168
2013-05-20,0.9763,0.98265,0.97399,0.98124,1433
2013-05-21,0.98127,0.98415,0.97506,0.98173,1439
2013-05-22,0.9817,0.98271,0.96543,0.96632,1437
2013-05-23,0.96631,0.97775,0.9593,0.96819,1435
2013-05-24,0.96818,0.97077,0.96334,0.9652,1258
2013-05-26,0.96413,0.96559,0.96256,0.96334,177
2013-05-27,0.96333,0.96651,0.96145,0.96276,1387
2013-05-28,0.96272,0.96948,0.95548,0.9571,1434
2013-05-29,0.95709,0.96695,0.95274,0.96317,1436
2013-05-30,0.96316,0.96965,0.95825,0.96668,1438
2013-05-31,0.96669,0.96801,0.95481,0.95702,1257
2013-06-02,0.96217,0.96272,0.95901,0.96186,179
2013-06-03,0.96187,0.97911,0.95975,0.97488,1432
2013-06-04,0.97489,0.97594,0.96096,0.96385,1437
2013-06-05,0.96381,0.96563,0.95073,0.95074,1439
2013-06-06,0.95073,0.96727,0.94338,0.95556,1439
2013-06-07,0.95557,0.95733,0.94278,0.94963,1260
2013-06-09,0.94033,0.94326,0.93926,0.94201,179
2013-06-10,0.94202,0.948,0.93985,0.94248,1435
2013-06-11,0.94247,0.9474,0.9325,0.9454,1440
2013-06-12,0.94539,0.95627,0.94148,0.94687,1437
2013-06-13,0.94686,0.96653,0.94283,0.96106,1440
2013-06-14,0.96104,0.96546,0.95665,0.95682,1260
2013-06-16,0.95624,0.95781,0.95583,0.95644,157
2013-06-17,0.95646,0.96405,0.95083,0.9555,1437
2013-06-18,0.95548,0.95733,0.94394,0.94636,1437
2013-06-19,0.94637,0.95562,0.92613,0.92787,1440
2013-06-20,0.92786,0.9312,0.91624,0.91946,1440
2013-06-21,0.91947,0.92578,0.91817,0.92195,1260
2013-06-23,0.92085,0.9251,0.92085,0.92422,177
2013-06-24,0.92423,0.92983,0.91472,0.92749,1438
2013-06-25,0.92748,0.92963,0.91961,0.92456,1438
2013-06-26,0.92455,0.93438,0.9235,0.92873,1438
2013-06-27,0.92874,0.93385,0.92453,0.92612,1437
2013-06-28,0.92613,0.92822,0.91123,0.91374,1259
2013-06-30,0.91138,0.91472,0.91123,0.91411,172
2013-07-01,0.91405,0.92521,0.91347,0.92418,1427
2013-07-02,0.92411,0.92492,0.91297,0.91386,1434
2013-07-03,0.91385,0.91892,0.90358,0.91156,1438
2013-07-04,0.91154,0.91801,0.90724,0.91498,1440
2013-07-05,0.91499,0.91793,0.90476,0.9065,1259
2013-07-07,0.90532,0.90669,0.90413,0.90419,170
2013-07-08,0.9042,0.91441,0.9041,0.91194,1428
2013-07-09,0.91192,0.91999,0.9082,0.9154,1437
2013-07-10,0.91544,0.92985,0.9092,0.92351,1440
2013-07-11,0.92349,0.93047,0.91187,0.91647,1440
2013-07-12,0.91643,0.91873,0.89976,0.90521,1258
2013-07-14,0.9068,0.90936,0.90651,0.90858,175
2013-07-15,0.90859,0.91211,0.90349,0.90895,1436
2013-07-16,0.90891,0.92598,0.90889,0.92454,1438
2013-07-17,0.92455,0.92913,0.91906,0.92346,1440
2013-07-18,0.92347,0.92412,0.91373,0.9179,1436
2013-07-19,0.91789,0.92343,0.91545,0.9171,1257
2013-07-21,0.9177,0.92204,0.91727,0.92196,167
2013-07-22,0.92194,0.92694,0.91846,0.92558,1434
2013-07-23,0.9256,0.92979,0.92217,0.92857,1440
2013-07-24,0.92858,0.93171,0.9128,0.91317,1440
2013-07-25,0.91316,0.92804,0.91307,0.92354,1440
2013-07-26,0.92355,0.92946,0.92268,0.92585,1260
2013-07-28,0.92521,0.92817,0.92506,0.92523,174
2013-07-29,0.92525,0.92861,0.91767,0.91995,1436
2013-07-30,0.91992,0.92052,0.9043,0.90706,1439
2013-07-31,0.90705,0.90705,0.89254,0.89511,1439
2013-08-01,0.8951,0.8992,0.89065,0.89378,1440
2013-08-02,0.89377,0.89689,0.88693,0.89047,1258
2013-08-04,0.89182,0.89205,0.88999,0.89034,179
2013-08-05,0.89035,0.8942,0.88472,0.89116,1431
2013-08-06,0.89117,0.90044,0.89059,0.89847,1435
2013-08-07,0.89851,0.90242,0.89188,0.90041,1438
2013-08-08,0.9004,0.91339,0.89721,0.91064,1440
2013-08-09,0.91065,0.92137,0.90855,0.92025,1254
2013-08-11,0.91898,0.91984,0.91738,0.91757,176
2013-08-12,0.91756,0.922,0.91108,0.91113,1435
2013-08-13,0.91119,0.91479,0.90727,0.90967,1434
2013-08-14,0.90974,0.91588,0.90806,0.91445,1435
2013-08-15,0.91444,0.91887,0.90574,0.91317,1440
2013-08-16,0.91321,0.9214,0.91308,0.9185,1258
2013-08-18,0.91859,0.92115,0.9181,0.91959,172
2013-08-19,0.9196,0.92323,0.91022,0.91136,1434
2013-08-20,0.91135,0.91213,0.90262,0.90564,1438
2013-08-21,0.90565,0.90574,0.89649,0.89663,1439
2013-08-22,0.8966,0.90423,0.89312,0.90147,1437
2013-08-23,0.90149,0.90493,0.89706,0.90216,1251
2013-08-25,0.90349,0.90356,0.90214,0.90263,174
2013-08-26,0.90264,0.90694,0.90025,0.90092,1433
2013-08-27,0.90091,0.90094,0.89247,0.89424,1438
2013-08-28,0.89423,0.8969,0.88918,0.89445,1433
2013-08-29,0.89444,0.89779,0.89031,0.89242,1432
2013-08-30,0.89247,0.89566,0.88915,0.89003,1257
2013-09-01,0.89438,0.89438,0.89235,0.89362,177
2013-09-02,0.89359,0.90127,0.89356,0.89965,1438
2013-09-03,0.89966,0.90714,0.89721,0.90522,1439
2013-09-04,0.9052,0.91867,0.90371,0.91676,1433
2013-09-05,0.91675,0.9187,0.91152,0.9119,1436
2013-09-06,0.91188,0.92165,0.91158,0.91825,1257
2013-09-08,0.92024,0.92121,0.9187,0.91898,177
2013-09-09,0.91897,0.9241,0.91661,0.9229,1430
2013-09-10,0.92286,0.93181,0.92286,0.92983,1439
2013-09-11,0.92986,0.93386,0.92756,0.93319,1438
2013-09-12,0.9332,0.93534,0.92271,0.9263,1440
2013-09-13,0.92629,0.92663,0.92228,0.92441,1250
2013-09-15,0.933,0.93925,0.93171,0.93222,180
2013-09-16,0.9322,0.93864,0.93045,0.93182,1436
2013-09-17,0.93183,0.93656,0.92841,0.93517,1430
2013-09-18,0.93516,0.95276,0.93353,0.94937,1434
2013-09-19,0.94938,0.95233,0.94264,0.94434,1434
2013-09-20,0.94433,0.94575,0.9377,0.93933,1256
2013-09-22,0.93688,0.94017,0.93669,0.9399,180
2013-09-23,0.93991,0.94562,0.93811,0.94186,1430
2013-09-24,0.9419,0.9419,0.9363,0.93816,1438
2013-09-25,0.93817,0.93926,0.93377,0.93609,1436
2013-09-26,0.93608,0.94008,0.93395,0.93562,1432
2013-09-27,0.93563,0.9374,0.92966,0.93155,1252
2013-09-29,0.93105,0.93225,0.92864,0.92974,178
2013-09-30,0.92975,0.93533,0.92805,0.93217,1437
2013-10-01,0.93218,0.94346,0.92873,0.93922,1437
2013-10-02,0.9392,0.94078,0.93329,0.93838,1438
2013-10-03,0.93836,0.94143,0.93662,0.93994,1436
2013-10-04,0.93995,0.94578,0.93995,0.94346,1254
2013-10-06,0.94355,0.94411,0.94252,0.94401,178
2013-10-07,0.944,0.94485,0.93875,0.94312,1431
2013-10-08,0.94313,0.94833,0.94109,0.94493,1434
2013-10-09,0.94492,0.94636,0.94126,0.94478,1440
2013-10-10,0.9448,0.94717,0.93884,0.94542,1440
2013-10-11,0.94541,0.94837,0.94435,0.94665,1258
2013-10-13,0.94254,0.9446,0.94252,0.94455,177
2013-10-14,0.94454,0.95134,0.94335,0.95117,1434
2013-10-15,0.9512,0.95466,0.94979,0.95386,1438
2013-10-16,0.95387,0.95676,0.95043,0.95414,1437
2013-10-17,0.95413,0.9646,0.95264,0.9616,1438
2013-10-18,0.96158,0.9678,0.96038,0.96759,1242
2013-10-20,0.9671,0.96746,0.96587,0.96596,180
2013-10-21,0.96595,0.9678,0.96419,0.96506,1434
2013-10-22,0.96505,0.97298,0.96428,0.97006,1433
2013-10-23,0.97007,0.97566,0.96063,0.9641,1433
2013-10-24,0.96408,0.96702,0.95712,0.96162,1436
2013-10-25,0.9616,0.96236,0.95712,0.95835,1246
2013-10-27,0.9584,0.95981,0.95823,0.95968,175
2013-10-28,0.95969,0.96216,0.95297,0.9542,1437
2013-10-29,0.95421,0.95462,0.94713,0.94776,1436
2013-10-30,0.94777,0.95149,0.94407,0.94651,1438
2013-10-31,0.9465,0.95246,0.94416,0.94617,1439
2013-11-01,0.94614,0.94886,0.94207,0.94372,1260
2013-11-03,0.94549,0.94672,0.94435,0.94668,119
2013-11-04,0.94669,0.95149,0.94612,0.95103,1435
2013-11-05,0.95099,0.95362,0.94628,0.94974,1437
2013-11-06,0.94973,0.95421,0.94856,0.95248,1434
2013-11-07,0.95249,0.95254,0.94384,0.94543,1420
2013-11-08,0.94542,0.94802,0.93518,0.93846,1317
2013-11-10,0.93865,0.93874,0.93673,0.93694,120
2013-11-11,0.93692,0.93892,0.93436,0.93631,1432
2013-11-12,0.93632,0.93676,0.92691,0.9301,1438
2013-11-13,0.93013,0.93724,0.92779,0.93622,1434
2013-11-14,0.93619,0.93857,0.92802,0.93066,1440
2013-11-15,0.93065,0.93737,0.9305,0.9368,1315
2013-11-17,0.93762,0.93764,0.93627,0.93681,119
2013-11-18,0.93679,0.94177,0.93579,0.93667,1437
2013-11-19,0.9367,0.94467,0.93518,0.944,1439
2013-11-20,0.94399,0.94403,0.93154,0.93288,1437
2013-11-21,0.9329,0.9333,0.91976,0.92275,1440
2013-11-22,0.92277,0.92486,0.91426,0.91825,1319
2013-11-24,0.91629,0.91785,0.91616,0.91643,118
2013-11-25,0.91642,0.91952,0.91195,0.91949,1436
2013-11-26,0.9195,0.92034,0.90876,0.9119,1439
2013-11-27,0.91189,0.91366,0.90643,0.90822,1439
2013-11-28,0.90826,0.91485,0.90636,0.90778,1438
2013-11-29,0.9078,0.91398,0.90549,0.91078,1315
2013-12-01,0.91278,0.91304,0.91065,0.91199,119
2013-12-02,0.912,0.91674,0.90885,0.91141,1438
2013-12-03,0.91139,0.91452,0.90563,0.91308,1437
2013-12-04,0.9131,0.91371,0.89979,0.90303,1439
2013-12-05,0.90302,0.90765,0.90024,0.90643,1437
2013-12-06,0.90644,0.91167,0.89894,0.91021,1319
2013-12-08,0.91218,0.9126,0.91023,0.9103,120
2013-12-09,0.91031,0.91287,0.90693,0.90878,1440
2013-12-10,0.90879,0.91661,0.90798,0.91445,1440
2013-12-11,0.91444,0.91517,0.90345,0.90448,1439
2013-12-12,0.9045,0.9081,0.89128,0.89215,1438
2013-12-13,0.89216,0.89685,0.89084,0.89629,1315
2013-12-15,0.89597,0.89625,0.89468,0.89497,118
2013-12-16,0.89495,0.8969,0.89207,0.89394,1438
2013-12-17,0.89396,0.89574,0.88814,0.89189,1440
2013-12-18,0.89187,0.8943,0.88205,0.88434,1440
2013-12-19,0.88433,0.88745,0.88221,0.88602,1439
2013-12-20,0.88605,0.89332,0.88544,0.89195,1313
2013-12-22,0.89215,0.89247,0.89159,0.89206,118
2013-12-23,0.89208,0.89572,0.89182,0.893,1429
2013-12-24,0.89301,0.8933,0.89053,0.89264,1191
2013-12-26,0.88884,0.89027,0.88752,0.88846,771
2013-12-27,0.88841,0.89281,0.8861,0.88677,1314
2013-12-29,0.88616,0.88655,0.88452,0.88525,117
2013-12-30,0.88522,0.89289,0.88325,0.89213,1434
2013-12-31,0.89214,0.89516,0.89105,0.89278,1252
2014-01-01,0.88882,0.88983,0.88856,0.88915,114
2014-01-02,0.8891,0.89426,0.8842,0.89048,1425
2014-01-03,0.89049,0.90037,0.88844,0.89448,1320
2014-01-05,0.89588,0.89651,0.89465,0.89639,118
2014-01-06,0.89635,0.89816,0.89342,0.89667,1437
2014-01-07,0.89666,0.89666,0.88926,0.89163,1437
2014-01-08,0.89161,0.89516,0.88837,0.88882,1436
2014-01-09,0.88883,0.8912,0.88642,0.8895,1437
2014-01-10,0.88949,0.9004,0.8875,0.89946,1319
2014-01-12,0.89982,0.90142,0.89844,0.90101,117
2014-01-13,0.901,0.9085,0.89857,0.90469,1438
2014-01-14,0.90467,0.90533,0.89507,0.89592,1437
2014-01-15,0.89594,0.89696,0.88868,0.89034,1436
2014-01-16,0.89035,0.89043,0.87758,0.88193,1436
2014-01-17,0.8819,0.88265,0.87625,0.87815,1317
2014-01-19,0.87718,0.87801,0.87697,0.87725,117
2014-01-20,0.87724,0.88246,0.87558,0.88032,1407
2014-01-21,0.8803,0.88367,0.87746,0.88009,1436
2014-01-22,0.8801,0.8887,0.87861,0.8843,1433
2014-01-23,0.88431,0.8846,0.8731,0.8757,1439
2014-01-24,0.87572,0.87743,0.86592,0.8681,1319
2014-01-26,0.86927,0.87032,0.86853,0.86935,115
2014-01-27,0.86937,0.87588,0.86767,0.87302,1438
2014-01-28,0.873,0.88198,0.87292,0.87841,1437
2014-01-29,0.87838,0.88248,0.87241,0.87458,1437
2014-01-30,0.87457,0.88037,0.87094,0.87949,1439
2014-01-31,0.87948,0.88224,0.86935,0.87536,1319
2014-02-02,0.87664,0.87666,0.87478,0.87536,118
2014-02-03,0.87535,0.88326,0.87379,0.87475,1439
2014-02-04,0.87474,0.89409,0.87299,0.89108,1440
2014-02-05,0.89105,0.89375,0.88727,0.89256,1435
2014-02-06,0.89257,0.89796,0.89205,0.89462,1436
2014-02-07,0.89462,0.89976,0.89212,0.8958,1317
2014-02-09,0.89555,0.89569,0.89401,0.89434,112
2014-02-10,0.89435,0.89579,0.89059,0.89443,1427
2014-02-11,0.89442,0.90467,0.8944,0.90179,1420
2014-02-12,0.90177,0.90663,0.90064,0.90214,1432
2014-02-13,0.90212,0.90305,0.89266,0.89812,1439
2014-02-14,0.89813,0.90432,0.89796,0.9034,1312
2014-02-16,0.90609,0.90632,0.90487,0.90572,118
2014-02-17,0.90571,0.90683,0.9022,0.9037,1418
2014-02-18,0.90368,0.90798,0.90009,0.90159,1432
2014-02-19,0.90157,0.90431,0.89896,0.89924,1437
2014-02-20,0.89923,0.90212,0.89359,0.90087,1436
2014-02-21,0.90088,0.90141,0.8951,0.8974,1314
2014-02-23,0.89806,0.89819,0.89613,0.89765,120
2014-02-24,0.89766,0.9048,0.89373,0.90347,1433
2014-02-25,0.90349,0.90433,0.9003,0.90099,1429
2014-02-26,0.90098,0.90248,0.89429,0.89618,1438
2014-02-27,0.89621,0.89704,0.89032,0.89591,1433
2014-02-28,0.8959,0.89885,0.8915,0.8925,1317
2014-03-02,0.88946,0.89123,0.88924,0.89017,120
2014-03-03,0.89018,0.89456,0.88896,0.89232,1417
2014-03-04,0.89231,0.89682,0.89093,0.89565,1419
2014-03-05,0.89563,0.89961,0.89359,0.89758,1419
2014-03-06,0.89761,0.9112,0.89724,0.91031,1427
2014-03-07,0.91029,0.91325,0.90606,0.90683,1286
2014-03-09,0.90365,0.90619,0.90345,0.90547,174
2014-03-10,0.90548,0.90625,0.90116,0.90199,1412
2014-03-11,0.90198,0.90495,0.89528,0.89629,1428
2014-03-12,0.89628,0.89993,0.89229,0.89959,1425
2014-03-13,0.89958,0.91026,0.89939,0.90269,1436
2014-03-14,0.9027,0.90486,0.89958,0.90305,1252
2014-03-16,0.90035,0.90287,0.9001,0.90282,176
2014-03-17,0.90281,0.90971,0.9009,0.90828,1408
2014-03-18,0.90829,0.91375,0.90632,0.91294,1423
2014-03-19,0.91296,0.91334,0.90195,0.90284,1430
2014-03-20,0.90287,0.90511,0.89943,0.90362,1423
2014-03-21,0.90366,0.90994,0.90356,0.90825,1247
2014-03-23,0.91013,0.911,0.90889,0.9092,173
2014-03-24,0.90919,0.91486,0.90475,0.91257,1423
2014-03-25,0.91261,0.91735,0.91188,0.91609,1416
2014-03-26,0.91608,0.92444,0.91533,0.92204,1425
2014-03-27,0.92208,0.92707,0.92155,0.92681,1418
2014-03-28,0.92679,0.92943,0.92366,0.92461,1237
2014-03-30,0.9238,0.92576,0.92375,0.92575,172
2014-03-31,0.92578,0.92771,0.92174,0.92675,1416
2014-04-01,0.92678,0.93037,0.92294,0.92365,1413
2014-04-02,0.92366,0.92626,0.92217,0.92457,1406
2014-04-03,0.92466,0.92482,0.92049,0.92317,1406
2014-04-04,0.92318,0.93068,0.92295,0.92895,1232
2014-04-06,0.92839,0.92922,0.92797,0.92877,165
2014-04-07,0.92872,0.92945,0.92532,0.92648,1397
2014-04-08,0.92647,0.93654,0.92647,0.93476,1419
2014-04-09,0.93477,0.93982,0.93344,0.93757,1406
2014-04-10,0.93758,0.94604,0.93743,0.93957,1423
2014-04-11,0.9396,0.94255,0.93622,0.93942,1244
2014-04-13,0.93887,0.93975,0.93754,0.9383,169
2014-04-14,0.93833,0.94246,0.93824,0.94107,1396
2014-04-15,0.9411,0.94167,0.93358,0.93419,1422
2014-04-16,0.93412,0.93872,0.93316,0.93717,1416
2014-04-17,0.93716,0.93894,0.93203,0.93292,1387
2014-04-18,0.93291,0.93406,0.93227,0.93311,1072
2014-04-20,0.93352,0.93401,0.93294,0.93316,153
2014-04-21,0.93319,0.93457,0.93147,0.93355,1317
2014-04-22,0.93353,0.93771,0.93311,0.93691,1399
2014-04-23,0.9369,0.93763,0.92668,0.92871,1418
2014-04-24,0.92872,0.92999,0.92514,0.92669,1397
2014-04-25,0.92668,0.92972,0.9253,0.92741,1218
2014-04-27,0.9275,0.9276,0.92682,0.92717,157
2014-04-28,0.92718,0.93157,0.92436,0.92516,1409
2014-04-29,0.92519,0.92811,0.92267,0.92722,1402
2014-04-30,0.92716,0.92998,0.92515,0.92811,1396
2014-05-01,0.92812,0.93117,0.92597,0.92736,1396
2014-05-02,0.92733,0.92794,0.92022,0.92757,1223
2014-05-04,0.92859,0.92881,0.92723,0.92732,158
2014-05-05,0.92728,0.92887,0.92517,0.92824,1374
2014-05-06,0.92823,0.93668,0.92702,0.93484,1412
2014-05-07,0.93483,0.93539,0.93182,0.9322,1426
2014-05-08,0.9321,0.93933,0.93203,0.93678,1421
2014-05-09,0.93676,0.93781,0.93462,0.93634,1231
2014-05-11,0.93609,0.93649,0.93557,0.93566,148
2014-05-12,0.93565,0.93849,0.93477,0.93586,1377
2014-05-13,0.93581,0.93817,0.93323,0.93626,1395
2014-05-14,0.93623,0.94082,0.93623,0.93677,1399
2014-05-15,0.9368,0.93922,0.93262,0.93545,1406
2014-05-16,0.93546,0.93703,0.93339,0.93637,1214
2014-05-18,0.93729,0.93729,0.93617,0.93641,163
2014-05-19,0.9364,0.93653,0.93209,0.93316,1387
2014-05-20,0.93315,0.93347,0.92315,0.92318,1424
2014-05-21,0.92317,0.92525,0.9208,0.92333,1427
2014-05-22,0.92334,0.92728,0.92137,0.92248,1411
2014-05-23,0.92249,0.92487,0.92128,0.92282,1217
2014-05-25,0.92349,0.92437,0.92311,0.92375,155
2014-05-26,0.92376,0.92575,0.92302,0.92563,1313
2014-05-27,0.92564,0.92767,0.92325,0.92637,1391
2014-05-28,0.92638,0.92701,0.92134,0.9222,1398
2014-05-29,0.92224,0.9317,0.92103,0.93082,1412
2014-05-30,0.93084,0.93284,0.9288,0.93105,1229
2014-06-02,0.92453,0.92494,0.92333,0.92342,291
2014-06-03,0.92343,0.92863,0.92291,0.92566,1403
2014-06-04,0.92568,0.92976,0.92517,0.92716,1400
2014-06-05,0.92715,0.93456,0.92572,0.93252,1415
2014-06-06,0.93251,0.93578,0.9318,0.9332,1243
2014-06-08,0.93368,0.93385,0.93342,0.93347,143
2014-06-09,0.93346,0.93628,0.93337,0.93419,1383
2014-06-10,0.93418,0.93829,0.93413,0.93687,1397
2014-06-11,0.93686,0.94114,0.93638,0.93797,1412
2014-06-12,0.93798,0.94368,0.93584,0.94208,1428
2014-06-13,0.9421,0.94238,0.93746,0.94012,1222
2014-06-15,0.93942,0.94042,0.93892,0.93892,162
2014-06-16,0.93895,0.94158,0.93731,0.93909,1369
2014-06-17,0.93908,0.93938,0.93292,0.93359,1392
2014-06-18,0.93358,0.94109,0.93209,0.93987,1387
2014-06-19,0.93986,0.94307,0.93896,0.93969,1412
2014-06-20,0.93968,0.94139,0.93771,0.93869,1193
2014-06-22,0.9376,0.939,0.93746,0.93833,165
2014-06-23,0.93832,0.94444,0.93827,0.94205,1378
2014-06-24,0.94203,0.94304,0.93569,0.9363,1394
2014-06-25,0.93628,0.9408,0.93536,0.94028,1413
2014-06-26,0.94025,0.94192,0.93953,0.9405,1399
2014-06-27,0.94051,0.94403,0.94049,0.9425,1227
2014-06-29,0.94215,0.94242,0.94127,0.94132,166
2014-06-30,0.9413,0.94383,0.93867,0.94279,1369
2014-07-01,0.94283,0.95042,0.94127,0.94898,1387
2014-07-02,0.94896,0.9494,0.94279,0.94326,1385
2014-07-03,0.94327,0.94398,0.93279,0.9346,1381
2014-07-04,0.93459,0.93684,0.93423,0.93638,1168
2014-07-06,0.93637,0.93637,0.93536,0.93582,166
2014-07-07,0.93581,0.93757,0.93406,0.93697,1364
2014-07-08,0.93696,0.94138,0.93696,0.94082,1383
2014-07-09,0.94085,0.94236,0.93815,0.94212,1399
2014-07-10,0.9421,0.94564,0.93603,0.93826,1401
2014-07-11,0.93827,0.94077,0.93749,0.93911,1214
2014-07-13,0.93778,0.93882,0.93774,0.93814,168
2014-07-14,0.93813,0.94024,0.93813,0.93906,1358
2014-07-15,0.93909,0.94005,0.9348,0.93608,1404
2014-07-16,0.93605,0.93704,0.93287,0.93638,1398
2014-07-17,0.93637,0.93904,0.93352,0.93453,1426
2014-07-18,0.93454,0.94097,0.93373,0.93934,1236
2014-07-20,0.93921,0.94001,0.93916,0.93937,172
2014-07-21,0.93932,0.93972,0.93625,0.93632,1371
2014-07-22,0.93635,0.94215,0.936,0.93876,1400
2014-07-23,0.93875,0.94607,0.938,0.94395,1418
2014-07-24,0.94396,0.94696,0.94108,0.94158,1409
2014-07-25,0.94157,0.94235,0.9392,0.9395,1237
2014-07-27,0.93944,0.94004,0.93939,0.93989,171
2014-07-28,0.93988,0.94126,0.93837,0.94081,1366
2014-07-29,0.94082,0.94154,0.93736,0.93827,1394
2014-07-30,0.93829,0.93874,0.93024,0.93228,1423
2014-07-31,0.93231,0.93294,0.92784,0.93,1408
2014-08-01,0.92997,0.93347,0.92746,0.93085,1247
2014-08-03,0.93092,0.93145,0.93053,0.93097,164
2014-08-04,0.93099,0.93375,0.93083,0.933,1382
2014-08-05,0.93301,0.9342,0.92926,0.93007,1422
2014-08-06,0.93005,0.93734,0.9291,0.93444,1410
2014-08-07,0.93445,0.93569,0.92582,0.92618,1416
2014-08-08,0.9262,0.9286,0.92383,0.92761,1244
2014-08-10,0.9274,0.92787,0.92727,0.92769,160
2014-08-11,0.92767,0.92853,0.92582,0.92605,1394
2014-08-12,0.92606,0.9276,0.92466,0.92666,1400
2014-08-13,0.92667,0.93188,0.92641,0.93044,1412
2014-08-14,0.93039,0.93266,0.92869,0.93132,1389
2014-08-15,0.93134,0.93334,0.9297,0.93228,1228
2014-08-17,0.93138,0.9321,0.93129,0.93129,164
2014-08-18,0.93133,0.93333,0.9308,0.93204,1371
2014-08-19,0.93203,0.93427,0.92857,0.92946,1408
2014-08-20,0.92947,0.93172,0.92745,0.92852,1432
2014-08-21,0.92856,0.93101,0.92385,0.93005,1416
2014-08-22,0.93002,0.93282,0.9292,0.93156,1242
2014-08-24,0.93092,0.93099,0.92906,0.92965,178
2014-08-25,0.9296,0.93226,0.92748,0.92769,1390
2014-08-26,0.92767,0.93298,0.92711,0.93154,1424
2014-08-27,0.93153,0.93504,0.93092,0.93344,1425
2014-08-28,0.93343,0.93733,0.93318,0.93483,1416
2014-08-29,0.93482,0.9362,0.93311,0.93389,1241
2014-08-31,0.93239,0.93339,0.93233,0.93285,166
2014-09-01,0.93284,0.93511,0.93258,0.93324,1374
2014-09-02,0.93321,0.93346,0.92674,0.92748,1429
2014-09-03,0.92749,0.93504,0.92621,0.93374,1422
2014-09-04,0.93375,0.93917,0.93291,0.9332,1424
2014-09-05,0.93321,0.94006,0.93318,0.93776,1242
2014-09-07,0.9364,0.93697,0.93616,0.93626,174
2014-09-08,0.93625,0.93736,0.92742,0.9275,1425
2014-09-09,0.92755,0.92878,0.91874,0.92052,1434
2014-09-10,0.92047,0.92167,0.91119,0.91535,1434
2014-09-11,0.91536,0.9217,0.90878,0.90952,1434
2014-09-12,0.90951,0.90977,0.90298,0.90375,1250
2014-09-14,0.90093,0.9016,0.90047,0.90107,179
2014-09-15,0.90108,0.90485,0.8983,0.90326,1427
2014-09-16,0.90327,0.91115,0.89883,0.90798,1426
2014-09-17,0.908,0.90837,0.89378,0.89576,1426
2014-09-18,0.89581,0.90005,0.89263,0.89816,1432
2014-09-19,0.89817,0.89939,0.892,0.89216,1257
2014-09-21,0.89307,0.89444,0.89287,0.89378,170
2014-09-22,0.89377,0.89489,0.88521,0.88758,1429
2014-09-23,0.88757,0.8926,0.88306,0.88517,1434
2014-09-24,0.88518,0.88963,0.88381,0.88581,1429
2014-09-25,0.88582,0.88674,0.8773,0.88021,1439
2014-09-26,0.88018,0.88124,0.87471,0.87637,1257
2014-09-28,0.87529,0.87598,0.87264,0.87345,180
2014-09-29,0.87347,0.87473,0.86831,0.87124,1428
2014-09-30,0.87123,0.87666,0.8693,0.87368,1434
2014-10-01,0.87367,0.8751,0.86624,0.87422,1438
2014-10-02,0.87421,0.8826,0.87392,0.87926,1430
2014-10-03,0.87925,0.88052,0.86421,0.86729,1254
2014-10-05,0.8676,0.86776,0.86519,0.86612,172
2014-10-06,0.86613,0.87831,0.86613,0.87694,1431
2014-10-07,0.87693,0.88331,0.87255,0.8808,1433
2014-10-08,0.88081,0.88505,0.87332,0.88368,1440
2014-10-09,0.88367,0.88976,0.87572,0.87632,1428
2014-10-10,0.8763,0.87844,0.86795,0.86884,1260
2014-10-12,0.86912,0.86947,0.86513,0.86766,180
2014-10-13,0.86765,0.87862,0.8651,0.8753,1436
2014-10-14,0.87529,0.88114,0.86915,0.87082,1437
2014-10-15,0.87081,0.88595,0.86744,0.87911,1440
2014-10-16,0.87914,0.88137,0.86853,0.87697,1438
2014-10-17,0.87696,0.88112,0.87348,0.87431,1256
2014-10-19,0.87573,0.87654,0.87472,0.87548,180
2014-10-20,0.87549,0.88015,0.87492,0.87766,1436
2014-10-21,0.87768,0.88326,0.87583,0.87679,1440
2014-10-22,0.87679,0.8815,0.87477,0.87662,1438
2014-10-23,0.87663,0.8806,0.87489,0.87541,1438
2014-10-24,0.87541,0.88239,0.87189,0.87848,1257
2014-10-26,0.88003,0.88076,0.87965,0.88045,177
2014-10-27,0.88045,0.88242,0.87888,0.88055,1420
2014-10-28,0.88055,0.88816,0.88005,0.88599,1434
2014-10-29,0.88605,0.89111,0.87637,0.87684,1440
2014-10-30,0.87685,0.88519,0.87553,0.88278,1438
2014-10-31,0.88278,0.88445,0.87645,0.87941,1260
2014-11-02,0.8753,0.87608,0.87456,0.87516,117
2014-11-03,0.87515,0.87608,0.86776,0.86894,1439
2014-11-04,0.86897,0.87617,0.86455,0.87454,1439
2014-11-05,0.87455,0.87551,0.85632,0.85783,1440
2014-11-06,0.85783,0.86271,0.85525,0.85618,1440
2014-11-07,0.85618,0.86573,0.85407,0.86288,1319
2014-11-09,0.86446,0.86532,0.8637,0.8643,119
2014-11-10,0.86429,0.86825,0.8609,0.86242,1436
2014-11-11,0.86242,0.8719,0.85906,0.87041,1439
2014-11-12,0.87041,0.87445,0.86652,0.87092,1440
2014-11-13,0.87095,0.87643,0.86719,0.87054,1439
2014-11-14,0.87053,0.87733,0.86484,0.87454,1317
2014-11-16,0.87777,0.87777,0.87465,0.87514,119
2014-11-17,0.87514,0.87958,0.86952,0.87076,1438
2014-11-18,0.87077,0.87466,0.8682,0.87087,1430
2014-11-19,0.87089,0.87107,0.85939,0.86038,1439
2014-11-20,0.86037,0.8641,0.85661,0.86209,1438
2014-11-21,0.8621,0.87227,0.86054,0.8666,1319
2014-11-23,0.86782,0.86824,0.86676,0.86794,120
2014-11-24,0.86795,0.87005,0.85898,0.86011,1438
2014-11-25,0.8601,0.86172,0.85137,0.85578,1437
2014-11-26,0.85578,0.85655,0.84798,0.8531,1440
2014-11-27,0.85311,0.86154,0.85114,0.8526,1424
2014-11-28,0.8526,0.85388,0.84852,0.85034,1312
2014-11-30,0.84661,0.84827,0.84264,0.84401,120
2014-12-01,0.844,0.85317,0.84168,0.84788,1436
2014-12-02,0.84787,0.85423,0.84331,0.84582,1436
2014-12-03,0.84581,0.84668,0.83849,0.83969,1439
2014-12-04,0.83966,0.84291,0.83557,0.83861,1439
2014-12-05,0.83866,0.83929,0.8315,0.83191,1317
2014-12-07,0.83043,0.83153,0.82951,0.83073,118
2014-12-08,0.83072,0.83236,0.826,0.82993,1437
2014-12-09,0.82992,0.83714,0.82239,0.82972,1436
2014-12-10,0.82973,0.83482,0.82643,0.8331,1439
2014-12-11,0.83311,0.83756,0.82148,0.82453,1434
2014-12-12,0.82453,0.82988,0.82271,0.82425,1313
2014-12-14,0.82461,0.82539,0.82044,0.82092,117
2014-12-15,0.82093,0.82676,0.82012,0.82128,1440
2014-12-16,0.82127,0.82743,0.81995,0.82226,1440
2014-12-17,0.82225,0.82355,0.81069,0.81253,1439
2014-12-18,0.81251,0.82033,0.81169,0.81682,1439
2014-12-19,0.81683,0.8192,0.81224,0.81395,1311
2014-12-21,0.81416,0.81483,0.81345,0.81473,118
2014-12-22,0.81473,0.8173,0.81159,0.81193,1423
2014-12-23,0.81193,0.8144,0.80879,0.81089,1423
2014-12-24,0.81087,0.81236,0.81029,0.81054,1111
2014-12-25,0.81157,0.81171,0.81045,0.81075,60
2014-12-26,0.81071,0.81323,0.8107,0.81178,1229
2014-12-28,0.81215,0.81251,0.81105,0.8113,118
2014-12-29,0.8113,0.81626,0.81127,0.81348,1425
2014-12-30,0.81348,0.82033,0.81218,0.81828,1417
2014-12-31,0.81828,0.82152,0.81575,0.81625,1287
2015-01-01,0.8156,0.8184,0.81559,0.81792,157
2015-01-02,0.81793,0.8185,0.80779,0.80868,1303
2015-01-04,0.80687,0.80907,0.8052,0.8067,120
2015-01-05,0.80671,0.81072,0.80351,0.80969,1431
2015-01-06,0.80974,0.81572,0.80662,0.80778,1439
2015-01-07,0.80778,0.80899,0.80326,0.80742,1439
2015-01-08,0.80743,0.81307,0.80743,0.81124,1436
2015-01-09,0.81124,0.82084,0.81055,0.81986,1319
2015-01-11,0.82104,0.82296,0.82068,0.82219,119
2015-01-12,0.82222,0.82548,0.81306,0.81506,1435
2015-01-13,0.81507,0.8198,0.81274,0.81704,1432
2015-01-14,0.81703,0.81895,0.8068,0.81403,1438
2015-01-15,0.81401,0.8295,0.81329,0.82214,1440
2015-01-16,0.82214,0.82563,0.81681,0.82185,1320
2015-01-18,0.82197,0.82311,0.82174,0.8225,118
2015-01-19,0.82251,0.82435,0.81855,0.81911,1437
2015-01-20,0.81916,0.82182,0.81588,0.81632,1436
2015-01-21,0.81632,0.82337,0.80779,0.81004,1437
2015-01-22,0.81001,0.81362,0.7995,0.80171,1440
2015-01-23,0.80171,0.80477,0.78808,0.79044,1320
2015-01-25,0.78815,0.78963,0.78579,0.7876,120
2015-01-26,0.78765,0.79336,0.78719,0.79212,1436
2015-01-27,0.79215,0.79746,0.79055,0.79202,1436
2015-01-28,0.79201,0.80248,0.78829,0.78909,1439
2015-01-29,0.78907,0.79066,0.77197,0.7782,1440
2015-01-30,0.7782,0.77974,0.77308,0.77666,1317
2015-02-01,0.77548,0.77813,0.77495,0.77799,120
2015-02-02,0.77798,0.78301,0.77656,0.77976,1432
2015-02-03,0.77978,0.78519,0.7626,0.77622,1440
2015-02-04,0.77624,0.78492,0.77428,0.77576,1437
2015-02-05,0.77571,0.78242,0.77336,0.77987,1437
2015-02-06,0.77986,0.78759,0.77784,0.77921,1318
2015-02-08,0.77614,0.77759,0.7759,0.77616,118
2015-02-09,0.77615,0.78345,0.77478,0.77951,1437
2015-02-10,0.7795,0.78415,0.77472,0.77832,1438
2015-02-11,0.77832,0.77945,0.76938,0.77211,1440
2015-02-12,0.7721,0.77786,0.76438,0.7754,1437
2015-02-13,0.7754,0.77924,0.77254,0.77535,1319
2015-02-15,0.77722,0.77749,0.7757,0.77643,115
2015-02-16,0.77642,0.77945,0.77513,0.77568,1429
2015-02-17,0.77568,0.78287,0.77415,0.78103,1435
2015-02-18,0.78103,0.78383,0.77735,0.78072,1437
2015-02-19,0.78074,0.78429,0.77574,0.77956,1436
2015-02-20,0.77956,0.78485,0.77892,0.78383,1318
2015-02-22,0.78472,0.78484,0.78358,0.78442,115
2015-02-23,0.78442,0.78448,0.77805,0.77982,1425
2015-02-24,0.77981,0.78371,0.77395,0.78312,1437
2015-02-25,0.78309,0.79014,0.78301,0.78823,1434
2015-02-26,0.78822,0.79128,0.7786,0.78033,1436
2015-02-27,0.78031,0.78342,0.77776,0.78058,1319
2015-03-01,0.7807,0.7807,0.77814,0.77843,120
2015-03-02,0.77844,0.77983,0.77527,0.77553,1436
2015-03-03,0.77556,0.78443,0.77509,0.7818,1435
2015-03-04,0.7818,0.78603,0.7795,0.78221,1432
2015-03-05,0.78222,0.78405,0.7754,0.77838,1435
2015-03-06,0.77837,0.78454,0.77061,0.77172,1317
2015-03-08,0.77041,0.77231,0.77039,0.77207,179
2015-03-09,0.77207,0.774,0.7671,0.76849,1435
2015-03-10,0.7685,0.7685,0.76033,0.76401,1437
2015-03-11,0.764,0.76444,0.75603,0.76029,1439
2015-03-12,0.76029,0.77308,0.75732,0.77066,1440
2015-03-13,0.77064,0.77064,0.76096,0.76317,1259
2015-03-15,0.76197,0.76348,0.76133,0.76146,174
2015-03-16,0.76147,0.76795,0.76142,0.76421,1435
2015-03-17,0.76419,0.76651,0.76055,0.76197,1439
2015-03-18,0.76197,0.78462,0.75907,0.77777,1440
2015-03-19,0.77777,0.78085,0.76116,0.76594,1437
2015-03-20,0.76593,0.78023,0.76477,0.77717,1260
2015-03-22,0.7781,0.78063,0.77703,0.77823,180
2015-03-23,0.77822,0.79024,0.77629,0.78725,1436
2015-03-24,0.78725,0.79382,0.78374,0.7862,1439
2015-03-25,0.78621,0.79043,0.78241,0.78295,1439
2015-03-26,0.78294,0.78841,0.78008,0.78309,1439
2015-03-27,0.78308,0.78341,0.7745,0.7753,1260
2015-03-29,0.77337,0.77471,0.77266,0.77341,175
2015-03-30,0.77342,0.77396,0.76334,0.76566,1440
2015-03-31,0.76566,0.76644,0.75908,0.76154,1436
2015-04-01,0.76155,0.76634,0.75824,0.76041,1438
2015-04-02,0.76042,0.76111,0.75331,0.75798,1435
2015-04-03,0.75799,0.76961,0.75705,0.7631,1215
2015-04-05,0.76368,0.76442,0.7621,0.76392,166
2015-04-06,0.76393,0.76672,0.75792,0.75894,1414
2015-04-07,0.75892,0.77113,0.75768,0.76393,1438
2015-04-08,0.76392,0.77276,0.7636,0.76829,1436
2015-04-09,0.76825,0.77385,0.76597,0.77028,1437
2015-04-10,0.77027,0.77218,0.76376,0.76747,1260
2015-04-12,0.76671,0.76784,0.76633,0.76643,174
2015-04-13,0.76643,0.76711,0.75528,0.75853,1432
2015-04-14,0.75852,0.76487,0.7555,0.76142,1435
2015-04-15,0.76139,0.77004,0.75714,0.76752,1436
2015-04-16,0.76753,0.78221,0.76735,0.77856,1440
2015-04-17,0.77856,0.78424,0.77591,0.77801,1259
2015-04-19,0.78246,0.78284,0.77906,0.78044,177
2015-04-20,0.78043,0.78262,0.77068,0.772,1431
2015-04-21,0.77199,0.77539,0.76829,0.77125,1437
2015-04-22,0.77124,0.7807,0.77061,0.77454,1437
2015-04-23,0.77454,0.77903,0.77109,0.77755,1440
2015-04-24,0.77754,0.78406,0.77642,0.78182,1258
2015-04-26,0.78203,0.78361,0.78176,0.78295,173
2015-04-27,0.78298,0.78721,0.77914,0.78656,1438
2015-04-28,0.78655,0.80273,0.78589,0.79963,1437
2015-04-29,0.79962,0.80756,0.79764,0.79941,1440
2015-04-30,0.79942,0.80222,0.78632,0.78974,1440
2015-05-01,0.78975,0.79048,0.78032,0.78478,1256
2015-05-03,0.78324,0.78448,0.78262,0.7827,173
2015-05-04,0.7827,0.78517,0.78022,0.78384,1436
2015-05-05,0.78384,0.79557,0.77864,0.7929,1440
2015-05-06,0.7929,0.80303,0.79236,0.79535,1438
2015-05-07,0.79537,0.80048,0.78904,0.78993,1440
2015-05-08,0.78993,0.79681,0.78632,0.79338,1260
2015-05-10,0.79274,0.7931,0.7915,0.79247,179
2015-05-11,0.79247,0.79333,0.78763,0.7897,1437
2015-05-12,0.78969,0.79996,0.78864,0.799,1440
2015-05-13,0.79899,0.81277,0.79642,0.81104,1438
2015-05-14,0.81104,0.81632,0.80631,0.80835,1436
2015-05-15,0.80835,0.80891,0.79963,0.80317,1258
2015-05-17,0.80357,0.80522,0.80277,0.80431,177
2015-05-18,0.8043,0.80445,0.79772,0.79936,1432
2015-05-19,0.79935,0.80106,0.79064,0.79223,1436
2015-05-20,0.79223,0.79347,0.78608,0.78776,1439
2015-05-21,0.78777,0.79134,0.78666,0.78976,1435
2015-05-22,0.78977,0.79314,0.78104,0.78281,1257
2015-05-24,0.78194,0.78316,0.7808,0.78116,175
2015-05-25,0.78117,0.78395,0.78033,0.78222,1421
2015-05-26,0.78223,0.78395,0.77265,0.77446,1437
2015-05-27,0.77448,0.77687,0.76912,0.77351,1438
2015-05-28,0.77351,0.7761,0.76174,0.76564,1440
2015-05-29,0.76565,0.76743,0.76294,0.76362,1260
2015-05-31,0.76344,0.76548,0.76344,0.76414,173
2015-06-01,0.76414,0.76683,0.75981,0.76142,1437
2015-06-02,0.76141,0.77902,0.76125,0.77599,1437
2015-06-03,0.77601,0.78188,0.77515,0.77707,1438
2015-06-04,0.77706,0.77797,0.76642,0.76866,1437
2015-06-05,0.76866,0.77266,0.75991,0.76233,1259
2015-06-07,0.76232,0.76265,0.7616,0.7616,167
2015-06-08,0.76159,0.77125,0.76032,0.76875,1438
2015-06-09,0.76876,0.77232,0.76464,0.76863,1440
2015-06-10,0.76867,0.77852,0.76359,0.77279,1440
2015-06-11,0.77278,0.7793,0.76926,0.77475,1440
2015-06-12,0.77476,0.77575,0.76778,0.7728,1254
2015-06-14,0.77501,0.77536,0.77256,0.77286,179
2015-06-15,0.77288,0.7777,0.77039,0.77576,1435
2015-06-16,0.77575,0.77802,0.77219,0.77451,1437
2015-06-17,0.7745,0.77698,0.7647,0.77206,1439
2015-06-18,0.77202,0.78491,0.77101,0.77903,1440
2015-06-19,0.77903,0.78079,0.77365,0.77676,1259
2015-06-21,0.77648,0.77745,0.77605,0.77653,178
2015-06-22,0.77654,0.77962,0.77209,0.77287,1436
2015-06-23,0.77287,0.77482,0.76794,0.7743,1438
2015-06-24,0.7743,0.7771,0.7683,0.77061,1435
2015-06-25,0.77062,0.77522,0.77057,0.77319,1435
2015-06-26,0.77318,0.77343,0.76303,0.76517,1256
2015-06-28,0.76225,0.76463,0.75865,0.76183,180
2015-06-29,0.76183,0.77121,0.76129,0.76719,1439
2015-06-30,0.7672,0.77242,0.76596,0.76911,1438
2015-07-01,0.76918,0.77383,0.76331,0.76371,1438
2015-07-02,0.76371,0.76573,0.75896,0.76364,1428
2015-07-03,0.76363,0.76489,0.75092,0.75123,1252
2015-07-05,0.7479,0.75127,0.74628,0.74852,180
2015-07-06,0.74852,0.75326,0.74639,0.74751,1433
2015-07-07,0.7475,0.74991,0.73978,0.74544,1438
2015-07-08,0.74543,0.74557,0.73719,0.74206,1435
2015-07-09,0.74203,0.74914,0.7392,0.74592,1438
2015-07-10,0.74591,0.74965,0.74095,0.74433,1258
2015-07-12,0.74132,0.74381,0.7413,0.74201,175
2015-07-13,0.74202,0.74689,0.73831,0.73915,1435
2015-07-14,0.73914,0.74784,0.73875,0.74462,1437
2015-07-15,0.74461,0.74886,0.73538,0.73705,1439
2015-07-16,0.73705,0.74372,0.73498,0.74137,1439
2015-07-17,0.74137,0.74186,0.73676,0.73704,1252
2015-07-19,0.7377,0.7382,0.73655,0.73679,174
2015-07-20,0.73677,0.73973,0.7328,0.73739,1432
2015-07-21,0.73738,0.74491,0.73409,0.74235,1438
2015-07-22,0.74234,0.74386,0.73607,0.73737,1439
2015-07-23,0.73736,0.74173,0.73493,0.7357,1439
2015-07-24,0.73572,0.73579,0.72598,0.72788,1259
2015-07-26,0.72701,0.72833,0.72675,0.72738,174
2015-07-27,0.72738,0.73247,0.72645,0.72755,1437
2015-07-28,0.72754,0.73501,0.72569,0.73482,1437
2015-07-29,0.73481,0.73508,0.72823,0.72964,1434
2015-07-30,0.72965,0.73225,0.72549,0.72956,1439
2015-07-31,0.72958,0.73664,0.72345,0.72951,1260
2015-08-02,0.73184,0.73184,0.72955,0.72957,177
2015-08-03,0.72961,0.73123,0.72601,0.72748,1437
2015-08-04,0.72747,0.74285,0.72632,0.73748,1440
2015-08-05,0.73749,0.73949,0.7334,0.73491,1436
2015-08-06,0.73498,0.73895,0.7315,0.73439,1436
2015-08-07,0.7344,0.74199,0.73337,0.74168,1259
2015-08-09,0.74119,0.74163,0.73962,0.73973,176
2015-08-10,0.73979,0.74221,0.73532,0.74123,1432
2015-08-11,0.74126,0.74395,0.72833,0.7314,1436
2015-08-12,0.73141,0.73895,0.72156,0.73815,1434
2015-08-13,0.73815,0.74092,0.7323,0.73749,1435
2015-08-14,0.73748,0.73974,0.7355,0.73732,1254
2015-08-16,0.73731,0.7381,0.73672,0.73677,172
2015-08-17,0.73678,0.7389,0.73438,0.73716,1431
2015-08-18,0.73715,0.73859,0.73199,0.73395,1429
2015-08-19,0.73394,0.73752,0.73122,0.73542,1437
2015-08-20,0.73542,0.73734,0.72848,0.73337,1435
2015-08-21,0.73337,0.736,0.72864,0.73124,1219
2015-08-23,0.72986,0.73113,0.725,0.72531,176
2015-08-24,0.72531,0.7276,0.7037,0.71755,1434
2015-08-25,0.7175,0.72498,0.70994,0.71009,1439
2015-08-26,0.71015,0.71525,0.70697,0.71198,1438
2015-08-27,0.71199,0.71809,0.70986,0.71755,1436
2015-08-28,0.71755,0.7206,0.71207,0.71698,1256
2015-08-30,0.71504,0.71627,0.71334,0.71385,172
2015-08-31,0.71385,0.7159,0.70822,0.711,1432
2015-09-01,0.711,0.71534,0.69979,0.70101,1437
2015-09-02,0.70102,0.70622,0.6982,0.70449,1432
2015-09-03,0.7045,0.70625,0.69921,0.70205,1435
2015-09-04,0.70197,0.70212,0.69043,0.69068,1257
2015-09-06,0.69269,0.69385,0.69113,0.69355,173
2015-09-07,0.69355,0.69512,0.6914,0.6947,1422
2015-09-08,0.69463,0.70395,0.69332,0.70357,1431
2015-09-09,0.70356,0.707,0.69595,0.69601,1438
2015-09-10,0.696,0.70995,0.69456,0.70735,1435
2015-09-11,0.7074,0.70925,0.70355,0.70873,1252
2015-09-13,0.70803,0.70995,0.70776,0.7098,175
2015-09-14,0.70981,0.71647,0.70629,0.71615,1421
2015-09-15,0.71615,0.7166,0.70853,0.7125,1424
2015-09-16,0.71251,0.72001,0.71229,0.71997,1433
2015-09-17,0.71998,0.72757,0.71377,0.71879,1436
2015-09-18,0.71881,0.72799,0.71678,0.71852,1259
2015-09-20,0.71812,0.71955,0.71802,0.71894,166
2015-09-21,0.71896,0.7197,0.71206,0.71269,1425
2015-09-22,0.7127,0.7159,0.70565,0.70745,1424
2015-09-23,0.70745,0.70845,0.6989,0.69974,1429
2015-09-24,0.69975,0.7043,0.69385,0.70093,1437
2015-09-25,0.70093,0.70422,0.69908,0.70211,1256
2015-09-27,0.70277,0.7029,0.70072,0.70181,171
2015-09-28,0.70181,0.70361,0.697,0.69705,1421
2015-09-29,0.69705,0.7024,0.69367,0.70062,1428
2015-09-30,0.70068,0.70382,0.69892,0.70087,1438
2015-10-01,0.70088,0.70846,0.70049,0.70383,1432
2015-10-02,0.70382,0.70664,0.70021,0.70461,1251
2015-10-04,0.70535,0.7059,0.70427,0.70457,173
2015-10-05,0.70457,0.7111,0.70428,0.70845,1432
2015-10-06,0.70846,0.71752,0.70694,0.71578,1427
2015-10-07,0.71583,0.72344,0.71497,0.71941,1437
2015-10-08,0.71942,0.72715,0.7165,0.72665,1439
2015-10-09,0.72665,0.73438,0.72592,0.73327,1255
2015-10-11,0.73138,0.73275,0.7312,0.73124,168
2015-10-12,0.73128,0.73823,0.73047,0.73424,1414
2015-10-13,0.73426,0.73495,0.71984,0.72216,1439
2015-10-14,0.7222,0.7321,0.72014,0.7321,1434
2015-10-15,0.7321,0.73634,0.72659,0.73252,1434
2015-10-16,0.73251,0.73258,0.72489,0.72617,1248
2015-10-18,0.72551,0.72669,0.72551,0.7259,166
2015-10-19,0.72589,0.73075,0.72389,0.72579,1416
2015-10-20,0.7258,0.7298,0.72465,0.7267,1425
2015-10-21,0.72671,0.7276,0.72023,0.72125,1425
2015-10-22,0.72133,0.7239,0.71822,0.72113,1432
2015-10-23,0.72112,0.72963,0.72016,0.72183,1252
2015-10-25,0.7214,0.72245,0.72069,0.72213,176
2015-10-26,0.72212,0.72694,0.7219,0.72479,1429
2015-10-27,0.7248,0.72583,0.71788,0.71934,1428
2015-10-28,0.71935,0.71958,0.70808,0.70946,1437
2015-10-29,0.70951,0.71188,0.70677,0.70889,1433
2015-10-30,0.70891,0.71482,0.70843,0.71329,1259
2015-11-01,0.71131,0.71359,0.71124,0.71334,120
2015-11-02,0.71334,0.71659,0.71283,0.71567,1434
2015-11-03,0.71567,0.72189,0.71142,0.71881,1437
2015-11-04,0.71883,0.7224,0.71261,0.71351,1433
2015-11-05,0.7135,0.71695,0.71254,0.71459,1432
2015-11-06,0.71461,0.71696,0.70228,0.70395,1314
2015-11-08,0.70256,0.70379,0.70256,0.70371,120
2015-11-09,0.70371,0.70701,0.70312,0.70503,1426
2015-11-10,0.70503,0.70643,0.70159,0.70428,1434
2015-11-11,0.70427,0.7078,0.70399,0.7068,1430
2015-11-12,0.7068,0.71541,0.70603,0.71333,1435
2015-11-13,0.71335,0.71588,0.71061,0.71245,1314
2015-11-15,0.71186,0.71273,0.70989,0.71069,120
2015-11-16,0.71068,0.71323,0.70804,0.70921,1431
2015-11-17,0.70923,0.71399,0.70722,0.71117,1437
2015-11-18,0.71119,0.7126,0.70689,0.71167,1435
2015-11-19,0.71169,0.72146,0.7116,0.719,1438
2015-11-20,0.719,0.72501,0.71835,0.72351,1320
2015-11-22,0.7228,0.72332,0.72243,0.72244,117
2015-11-23,0.72244,0.72275,0.71592,0.71858,1436
2015-11-24,0.71856,0.72748,0.71855,0.7253,1435
2015-11-25,0.72531,0.72829,0.72273,0.72532,1434
2015-11-26,0.72532,0.72622,0.72102,0.72173,1426
2015-11-27,0.72174,0.72396,0.7185,0.71904,1311
2015-11-29,0.71922,0.71934,0.71785,0.71831,116
2015-11-30,0.71833,0.72499,0.71703,0.72309,1430
2015-12-01,0.72308,0.7336,0.7225,0.73223,1438
2015-12-02,0.73224,0.73429,0.72931,0.73015,1439
2015-12-03,0.73017,0.73629,0.72841,0.73291,1439
2015-12-04,0.7329,0.73851,0.72795,0.73355,1317
2015-12-06,0.73391,0.73424,0.73306,0.73379,118
2015-12-07,0.73379,0.73392,0.72549,0.72552,1436
2015-12-08,0.72552,0.72704,0.71864,0.72223,1439
2015-12-09,0.72223,0.72453,0.71721,0.72324,1437
2015-12-10,0.72328,0.73344,0.72311,0.7271,1435
2015-12-11,0.72711,0.72712,0.71802,0.71802,1320
2015-12-13,0.72036,0.72049,0.71598,0.71633,119
2015-12-14,0.71637,0.72696,0.7161,0.72534,1439
2015-12-15,0.72534,0.72829,0.71604,0.71994,1440
2015-12-16,0.71995,0.72799,0.71765,0.72022,1438
2015-12-17,0.72023,0.72153,0.70969,0.7128,1435
2015-12-18,0.71281,0.72004,0.7115,0.71743,1317
2015-12-20,0.71676,0.71776,0.71587,0.71688,120
2015-12-21,0.71689,0.7198,0.7155,0.71967,1424
2015-12-22,0.71967,0.72491,0.7189,0.723,1429
2015-12-23,0.72299,0.72478,0.7209,0.72314,1415
2015-12-24,0.72315,0.72805,0.72311,0.7266,1114
2015-12-27,0.72741,0.7282,0.7272,0.72813,105
2015-12-28,0.72814,0.72814,0.72449,0.72559,1424
2015-12-29,0.7256,0.7303,0.72549,0.72886,1411
2015-12-30,0.72887,0.73033,0.72685,0.72819,1424
2015-12-31,0.72819,0.73276,0.72664,0.72852,1296
2016-01-03,0.72832,0.7301,0.7282,0.72843,111
2016-01-04,0.72842,0.72899,0.71559,0.71833,1434
2016-01-05,0.71835,0.72145,0.71322,0.71599,1436
2016-01-06,0.716,0.71715,0.70483,0.70787,1435
2016-01-07,0.70786,0.7086,0.69805,0.70128,1440
2016-01-08,0.70127,0.70759,0.69486,0.69487,1319
2016-01-10,0.697,0.69705,0.69268,0.69375,120
2016-01-11,0.69376,0.70359,0.69341,0.6986,1439
2016-01-12,0.69861,0.70209,0.694,0.69835,1438
2016-01-13,0.69834,0.70484,0.69319,0.69355,1439
2016-01-14,0.69357,0.70019,0.691,0.69954,1439
2016-01-15,0.69955,0.69961,0.68269,0.68561,1320
2016-01-17,0.68367,0.68619,0.68367,0.68574,117
2016-01-18,0.68574,0.6928,0.68509,0.68725,1435
2016-01-19,0.68726,0.69571,0.68385,0.69107,1439
2016-01-20,0.69108,0.69416,0.6828,0.69406,1439
2016-01-21,0.69403,0.70172,0.68756,0.70154,1439
2016-01-22,0.70154,0.70457,0.6986,0.69998,1318
2016-01-24,0.70036,0.70099,0.6999,0.69991,117
2016-01-25,0.6999,0.70314,0.69354,0.69381,1436
2016-01-26,0.69381,0.70213,0.69183,0.70044,1437
2016-01-27,0.70043,0.70815,0.69899,0.70095,1437
2016-01-28,0.70093,0.71282,0.7008,0.70823,1438
2016-01-29,0.70823,0.71406,0.70585,0.70803,1319
2016-01-31,0.70804,0.70843,0.70633,0.70683,120
2016-02-01,0.70683,0.71208,0.70427,0.71071,1440
2016-02-02,0.71071,0.7129,0.70226,0.70252,1439
2016-02-03,0.70254,0.71888,0.70025,0.71566,1440
2016-02-04,0.71566,0.72425,0.71566,0.71984,1438
2016-02-05,0.71984,0.72189,0.70617,0.70637,1320
2016-02-07,0.70682,0.70938,0.70669,0.70841,119
2016-02-08,0.70842,0.71284,0.70506,0.70744,1437
2016-02-09,0.70745,0.70958,0.69736,0.70638,1440
2016-02-10,0.70639,0.7125,0.70375,0.71016,1440
2016-02-11,0.71018,0.71529,0.69837,0.71233,1439
2016-02-12,0.71232,0.71271,0.70634,0.71052,1318
2016-02-14,0.71026,0.71169,0.71,0.71144,116
2016-02-15,0.71143,0.71716,0.71089,0.71459,1432
2016-02-16,0.71461,0.71816,0.70813,0.71169,1435
2016-02-17,0.7117,0.71865,0.70841,0.71725,1440
2016-02-18,0.71726,0.71818,0.71328,0.71491,1437
2016-02-19,0.71492,0.7154,0.70689,0.71451,1320
2016-02-21,0.71546,0.71574,0.71359,0.71432,120
2016-02-22,0.71432,0.72467,0.71391,0.72313,1433
2016-02-23,0.72314,0.7259,0.7185,0.7194,1439
2016-02-24,0.7194,0.72132,0.71457,0.71914,1438
2016-02-25,0.71917,0.72433,0.71558,0.72357,1437
2016-02-26,0.72356,0.72564,0.7118,0.71251,1319
2016-02-28,0.71212,0.71331,0.71142,0.71266,119
2016-02-29,0.71266,0.7168,0.71083,0.71391,1436
2016-03-01,0.71391,0.71921,0.71089,0.71809,1440
2016-03-02,0.71808,0.73008,0.71648,0.72851,1439
2016-03-03,0.72852,0.73738,0.72811,0.73558,1438
2016-03-04,0.7356,0.74429,0.73396,0.74346,1318
2016-03-06,0.7401,0.74245,0.73975,0.74062,120
2016-03-07,0.74063,0.74845,0.73928,0.74568,1439
2016-03-08,0.74577,0.74701,0.74107,0.74327,1440
2016-03-09,0.74329,0.75279,0.74119,0.74668,1440
2016-03-10,0.7467,0.75118,0.7427,0.74576,1439
2016-03-11,0.74577,0.75834,0.74462,0.75605,1320
2016-03-13,0.75444,0.75615,0.75441,0.75611,176
2016-03-14,0.7561,0.75934,0.74919,0.75177,1437
2016-03-15,0.75175,0.75274,0.74451,0.74614,1438
2016-03-16,0.74614,0.75762,0.74145,0.75426,1439
2016-03-17,0.75425,0.76585,0.75424,0.76461,1438
2016-03-18,0.76462,0.76801,0.75949,0.76002,1260
2016-03-20,0.75916,0.76029,0.75896,0.75927,177
2016-03-21,0.75926,0.76266,0.75686,0.7569,1435
2016-03-22,0.75688,0.76428,0.75511,0.76191,1438
2016-03-23,0.76191,0.76487,0.75199,0.75332,1438
2016-03-24,0.75331,0.75341,0.74772,0.75245,1429
2016-03-25,0.75244,0.75347,0.74978,0.75036,1146
2016-03-27,0.75097,0.75205,0.74966,0.75014,158
2016-03-28,0.75014,0.75578,0.7493,0.75531,1411
2016-03-29,0.7553,0.76452,0.75097,0.76352,1439
2016-03-30,0.76355,0.77089,0.7615,0.76573,1436
2016-03-31,0.76574,0.77227,0.76342,0.7668,1436
2016-04-01,0.76681,0.77006,0.75989,0.76785,1255
2016-04-03,0.76702,0.76781,0.76641,0.76662,172
2016-04-04,0.76662,0.76729,0.75954,0.75962,1431
2016-04-05,0.7596,0.76316,0.751,0.75436,1435
2016-04-06,0.75439,0.76193,0.75326,0.76104,1434
2016-04-07,0.76105,0.76371,0.74915,0.75131,1434
2016-04-08,0.75131,0.75792,0.75087,0.75444,1260
2016-04-10,0.75457,0.75711,0.75437,0.75632,165
2016-04-11,0.75633,0.76298,0.75278,0.75921,1437
2016-04-12,0.75921,0.76895,0.7583,0.76842,1440
2016-04-13,0.76843,0.77159,0.76338,0.76583,1438
2016-04-14,0.76584,0.77368,0.76191,0.76901,1436
2016-04-15,0.76901,0.77341,0.76805,0.77207,1260
2016-04-17,0.76524,0.76756,0.7631,0.76438,175
2016-04-18,0.76437,0.77748,0.76347,0.77687,1435
2016-04-19,0.77688,0.78261,0.77597,0.7797,1437
2016-04-20,0.77971,0.78291,0.7767,0.78004,1433
2016-04-21,0.78003,0.78344,0.77327,0.7744,1437
2016-04-22,0.77438,0.77742,0.76938,0.77074,1258
2016-04-24,0.76957,0.77119,0.76947,0.77096,177
2016-04-25,0.77094,0.77288,0.76909,0.77144,1437
2016-04-26,0.77144,0.77651,0.76966,0.77455,1434
2016-04-27,0.77456,0.77651,0.75485,0.76031,1440
2016-04-28,0.7603,0.76575,0.75768,0.76322,1434
2016-04-29,0.76324,0.76683,0.75874,0.7602,1260
2016-05-01,0.7596,0.76203,0.75925,0.76154,170
2016-05-02,0.76152,0.76716,0.75945,0.76623,1438
2016-05-03,0.76624,0.77188,0.74814,0.74971,1436
2016-05-04,0.74972,0.75174,0.7447,0.74645,1431
2016-05-05,0.74646,0.75139,0.74558,0.74769,1430
2016-05-06,0.74769,0.74771,0.73377,0.73633,1259
2016-05-08,0.73562,0.73811,0.73518,0.7373,173
2016-05-09,0.73729,0.73851,0.73021,0.73147,1436
2016-05-10,0.73148,0.73819,0.72998,0.73696,1440
2016-05-11,0.73696,0.7402,0.73361,0.73542,1435
2016-05-12,0.7354,0.73732,0.73102,0.73165,1434
2016-05-13,0.73164,0.73196,0.7254,0.72682,1260
2016-05-15,0.72484,0.72736,0.72482,0.72731,178
2016-05-16,0.7273,0.73086,0.72692,0.72863,1431
2016-05-17,0.72863,0.73665,0.72825,0.73169,1435
2016-05-18,0.73168,0.73177,0.72153,0.72214,1437
2016-05-19,0.72215,0.72362,0.7176,0.72307,1431
2016-05-20,0.72307,0.72493,0.72116,0.72224,1259
2016-05-22,0.72231,0.72312,0.72195,0.72235,168
2016-05-23,0.72234,0.72599,0.71949,0.72176,1434
2016-05-24,0.72177,0.72241,0.71449,0.71885,1434
2016-05-25,0.71884,0.72188,0.71734,0.71856,1436
2016-05-26,0.71853,0.72434,0.71618,0.72246,1433
2016-05-27,0.72246,0.72348,0.7172,0.71846,1259
2016-05-29,0.71767,0.71872,0.7176,0.71783,162
2016-05-30,0.71782,0.71952,0.7149,0.71942,1420
2016-05-31,0.71941,0.72669,0.7185,0.72355,1436
2016-06-01,0.72355,0.7299,0.72273,0.72487,1433
2016-06-02,0.72488,0.72692,0.72013,0.72295,1430
2016-06-03,0.72294,0.7368,0.72237,0.7365,1258
2016-06-05,0.73671,0.73687,0.73377,0.73428,173
2016-06-06,0.73428,0.73802,0.73152,0.73719,1433
2016-06-07,0.73719,0.74635,0.73594,0.74435,1438
2016-06-08,0.74435,0.75043,0.74304,0.74905,1440
2016-06-09,0.74906,0.75039,0.7412,0.7413,1438
2016-06-10,0.74127,0.74242,0.737,0.73724,1259
2016-06-12,0.7375,0.73791,0.73654,0.73719,174
2016-06-13,0.73718,0.74104,0.73593,0.73759,1427
2016-06-14,0.7376,0.74045,0.73307,0.73521,1437
2016-06-15,0.73522,0.74456,0.73339,0.74141,1432
2016-06-16,0.74141,0.74419,0.72852,0.73918,1436
2016-06-17,0.73923,0.74107,0.73708,0.73899,1258
2016-06-19,0.74311,0.74375,0.74061,0.74271,172
2016-06-20,0.74272,0.74809,0.74249,0.74562,1437
2016-06-21,0.74563,0.75123,0.74442,0.74506,1427
2016-06-22,0.74506,0.75263,0.74413,0.75101,1434
2016-06-23,0.75101,0.76476,0.75094,0.75437,1438
2016-06-24,0.75436,0.75818,0.73043,0.74699,1260
2016-06-26,0.74122,0.7446,0.74109,0.74269,175
2016-06-27,0.74269,0.74513,0.73244,0.73553,1438
2016-06-28,0.73554,0.74151,0.73421,0.74018,1434
2016-06-29,0.74017,0.74724,0.73817,0.74671,1430
2016-06-30,0.74669,0.74681,0.73712,0.74459,1430
2016-07-01,0.74458,0.75027,0.74369,0.7497,1260
2016-07-03,0.74443,0.74697,0.74443,0.74624,175
2016-07-04,0.74625,0.75447,0.74618,0.75256,1419
2016-07-05,0.75256,0.75445,0.74273,0.74419,1429
2016-07-06,0.74418,0.75296,0.7408,0.75134,1430
2016-07-07,0.75137,0.75386,0.7467,0.74927,1436
2016-07-08,0.74928,0.75721,0.74702,0.7565,1251
2016-07-10,0.75622,0.75685,0.75566,0.75566,169
2016-07-11,0.75564,0.75754,0.75219,0.75356,1429
2016-07-12,0.75355,0.76578,0.75313,0.76018,1427
2016-07-13,0.76017,0.76383,0.75776,0.75937,1426
2016-07-14,0.75936,0.7653,0.75912,0.76116,1427
2016-07-15,0.76118,0.76759,0.7557,0.75769,1252
2016-07-17,0.75942,0.76024,0.75793,0.75887,170
2016-07-18,0.75888,0.76064,0.7565,0.75764,1425
2016-07-19,0.75766,0.75766,0.74759,0.75068,1416
2016-07-20,0.75068,0.75101,0.74521,0.74647,1435
2016-07-21,0.74649,0.75137,0.74557,0.75045,1425
2016-07-22,0.75046,0.75057,0.74427,0.74606,1244
2016-07-24,0.74589,0.74775,0.74521,0.74731,160
2016-07-25,0.74732,0.74922,0.7455,0.74741,1406
2016-07-26,0.74744,0.75397,0.74626,0.75139,1413
2016-07-27,0.75137,0.75656,0.74206,0.75176,1429
2016-07-28,0.75181,0.75494,0.74937,0.75101,1426
2016-07-29,0.75098,0.76101,0.74931,0.75969,1258
2016-07-31,0.75907,0.76042,0.75847,0.75871,160
2016-08-01,0.75872,0.7615,0.75225,0.7527,1419
2016-08-02,0.7527,0.76376,0.74883,0.75974,1430
2016-08-03,0.75973,0.76137,0.75681,0.75882,1421
2016-08-04,0.75877,0.76415,0.75874,0.76393,1404
2016-08-05,0.76391,0.76638,0.75975,0.76152,1242
2016-08-07,0.76142,0.76212,0.76001,0.76109,171
2016-08-08,0.76108,0.7672,0.75971,0.76602,1397
2016-08-09,0.766,0.76867,0.76219,0.76625,1421
2016-08-10,0.76625,0.77558,0.76625,0.77114,1436
2016-08-11,0.77117,0.77252,0.76893,0.76912,1421
2016-08-12,0.76913,0.77244,0.76462,0.76478,1254
2016-08-14,0.76545,0.76617,0.76507,0.76545,167
2016-08-15,0.76544,0.76913,0.76363,0.76752,1415
2016-08-16,0.76751,0.77491,0.76537,0.76946,1425
2016-08-17,0.76949,0.77051,0.76087,0.76616,1432
2016-08-18,0.76614,0.77227,0.76492,0.76773,1419
2016-08-19,0.76773,0.76773,0.75989,0.7622,1249
2016-08-21,0.75992,0.76258,0.75992,0.76057,171
2016-08-22,0.76056,0.76443,0.75836,0.76292,1430
2016-08-23,0.76288,0.7655,0.76106,0.76117,1429
2016-08-24,0.76119,0.76338,0.75884,0.76074,1425
2016-08-25,0.76072,0.76388,0.76019,0.76233,1409
2016-08-26,0.76232,0.7692,0.75511,0.75589,1253
2016-08-28,0.75563,0.75618,0.75393,0.754,171
2016-08-29,0.75399,0.75815,0.75247,0.75749,1428
2016-08-30,0.75748,0.75796,0.75001,0.7523,1424
2016-08-31,0.75229,0.75333,0.74899,0.7518,1432
2016-09-01,0.75183,0.75587,0.75044,0.75498,1414
2016-09-02,0.75499,0.76156,0.75359,0.75683,1249
2016-09-04,0.75674,0.75773,0.75625,0.75639,159
2016-09-05,0.75641,0.7606,0.75638,0.7591,1404
2016-09-06,0.75912,0.7688,0.75907,0.76823,1423
2016-09-07,0.76823,0.76976,0.76512,0.76675,1424
2016-09-08,0.76676,0.77321,0.76352,0.76496,1423
2016-09-09,0.76494,0.76566,0.75353,0.75359,1258
2016-09-11,0.75376,0.75458,0.75306,0.75418,176
2016-09-12,0.75418,0.75667,0.74938,0.75657,1422
2016-09-13,0.75657,0.75678,0.74417,0.74663,1436
2016-09-14,0.74661,0.74956,0.74507,0.74811,1433
2016-09-15,0.74813,0.75224,0.74461,0.75127,1429
2016-09-16,0.75126,0.75264,0.74754,0.7489,1254
2016-09-18,0.74776,0.75068,0.74758,0.75012,168
2016-09-19,0.75013,0.75727,0.75005,0.75384,1425
2016-09-20,0.7538,0.75648,0.753,0.75537,1421
2016-09-21,0.75544,0.76401,0.75343,0.76324,1437
2016-09-22,0.76325,0.76745,0.76252,0.76453,1421
2016-09-23,0.76454,0.76528,0.76089,0.76243,1257
2016-09-25,0.7614,0.76201,0.76084,0.76136,174
2016-09-26,0.76136,0.76494,0.76027,0.76309,1417
2016-09-27,0.76306,0.76956,0.76115,0.7668,1427
2016-09-28,0.76678,0.7696,0.76446,0.76937,1431
2016-09-29,0.76938,0.77099,0.76231,0.76278,1428
2016-09-30,0.76279,0.76714,0.75897,0.76567,1254
2016-10-02,0.76583,0.76638,0.76414,0.76427,177
2016-10-03,0.76424,0.76909,0.76401,0.76834,1428
2016-10-04,0.76836,0.76877,0.76062,0.76103,1433
2016-10-05,0.76104,0.76445,0.75926,0.76198,1433
2016-10-06,0.76197,0.7621,0.7562,0.75745,1433
2016-10-07,0.75743,0.76241,0.7553,0.75849,1255
2016-10-09,0.7606,0.7609,0.75928,0.76,173
2016-10-10,0.75999,0.76282,0.758,0.7599,1422
2016-10-11,0.7599,0.7599,0.75329,0.75603,1423
2016-10-12,0.75602,0.75923,0.75461,0.75532,1431
2016-10-13,0.75531,0.75814,0.75064,0.75633,1429
2016-10-14,0.75632,0.76473,0.75562,0.76162,1260
2016-10-16,0.76186,0.76208,0.75939,0.7595,171
2016-10-17,0.75949,0.76415,0.7581,0.76392,1432
2016-10-18,0.76391,0.76894,0.7639,0.76733,1431
2016-10-19,0.76731,0.77291,0.76592,0.77258,1433
2016-10-20,0.77256,0.77344,0.76186,0.76325,1424
2016-10-21,0.76326,0.76509,0.75871,0.76069,1253
2016-10-23,0.76058,0.76093,0.7599,0.76021,170
2016-10-24,0.76019,0.76406,0.75889,0.75917,1435
2016-10-25,0.75915,0.76548,0.75914,0.76497,1434
2016-10-26,0.76495,0.77089,0.76279,0.76481,1439
2016-10-27,0.7648,0.76522,0.75796,0.75893,1426
2016-10-28,0.75894,0.76079,0.75578,0.75952,1258
2016-10-30,0.75847,0.75988,0.75847,0.7595,174
2016-10-31,0.75953,0.76189,0.7583,0.76065,1437
2016-11-01,0.76064,0.76888,0.7598,0.76453,1437
2016-11-02,0.76451,0.76781,0.76124,0.76509,1428
2016-11-03,0.76508,0.76879,0.76369,0.7684,1429
2016-11-04,0.76837,0.76969,0.76519,0.76708,1258
2016-11-06,0.76749,0.76773,0.76567,0.76766,120
2016-11-07,0.76765,0.77294,0.76664,0.77172,1436
2016-11-08,0.77173,0.77779,0.76891,0.77436,1438
2016-11-09,0.77436,0.77711,0.75793,0.76497,1439
2016-11-10,0.76496,0.77417,0.75677,0.76082,1436
2016-11-11,0.7608,0.76294,0.7525,0.75467,1318
2016-11-13,0.75423,0.75614,0.7539,0.75502,120
2016-11-14,0.75504,0.7573,0.75239,0.75672,1434
2016-11-15,0.7567,0.7581,0.75115,0.7554,1437
2016-11-16,0.75538,0.75708,0.746,0.74909,1439
2016-11-17,0.74908,0.75006,0.73961,0.73992,1436
2016-11-18,0.73991,0.74062,0.73302,0.7331,1316
2016-11-20,0.73285,0.73336,0.73139,0.7324,117
2016-11-21,0.73236,0.73817,0.73108,0.73763,1433
2016-11-22,0.73762,0.74134,0.73688,0.74081,1432
2016-11-23,0.74079,0.74448,0.73699,0.73718,1422
2016-11-24,0.7372,0.74178,0.73641,0.74161,1412
2016-11-25,0.74162,0.74678,0.74001,0.74339,1307
2016-11-27,0.74403,0.74475,0.74345,0.74419,116
2016-11-28,0.74415,0.74946,0.7433,0.74941,1437
2016-11-29,0.74938,0.74972,0.74322,0.74843,1433
2016-11-30,0.74842,0.74971,0.73739,0.73871,1437
2016-12-01,0.73872,0.7424,0.73702,0.74211,1426
2016-12-02,0.7421,0.74685,0.74009,0.74528,1314
2016-12-04,0.74483,0.74606,0.74111,0.74385,117
2016-12-05,0.74385,0.74978,0.74137,0.74719,1438
2016-12-06,0.74718,0.74803,0.74312,0.74728,1427
2016-12-07,0.74728,0.74869,0.74165,0.74857,1435
2016-12-08,0.74857,0.75079,0.74284,0.7458,1436
2016-12-09,0.74578,0.74958,0.74347,0.7445,1316
2016-12-11,0.74425,0.7451,0.74298,0.7447,116
2016-12-12,0.74473,0.75038,0.74372,0.74964,1439
2016-12-13,0.74967,0.75234,0.74758,0.74929,1435
2016-12-14,0.74932,0.75245,0.73939,0.74095,1439
2016-12-15,0.74094,0.74306,0.73375,0.7366,1437
2016-12-16,0.73659,0.73687,0.72661,0.72997,1316
2016-12-18,0.72812,0.7295,0.72715,0.72895,120
2016-12-19,0.72894,0.73127,0.72397,0.72504,1437
2016-12-20,0.72509,0.72712,0.72227,0.72666,1435
2016-12-21,0.72666,0.72795,0.72197,0.72345,1437
2016-12-22,0.72346,0.72577,0.71973,0.72205,1434
2016-12-23,0.72203,0.72271,0.71598,0.71755,1294
2016-12-25,0.71694,0.71802,0.71609,0.71748,81
2016-12-26,0.71748,0.71986,0.71651,0.7179,435
2016-12-27,0.71797,0.71968,0.71725,0.71896,1426
2016-12-28,0.71895,0.72194,0.71633,0.71826,1432
2016-12-29,0.71828,0.72458,0.71815,0.72346,1427
2016-12-30,0.72346,0.72459,0.71949,0.72015,1313
2017-01-02,0.72074,0.72102,0.71644,0.71953,893
2017-01-03,0.71952,0.72409,0.71939,0.72292,1432
2017-01-04,0.72289,0.72881,0.7219,0.72881,1431
2017-01-05,0.72878,0.73565,0.72777,0.73372,1435
2017-01-06,0.7337,0.73548,0.72882,0.72953,1320
2017-01-08,0.72941,0.73116,0.72879,0.73113,113
2017-01-09,0.73114,0.73738,0.73014,0.73558,1436
2017-01-10,0.73558,0.73845,0.7331,0.73594,1435
2017-01-11,0.73593,0.74717,0.73519,0.74451,1437
2017-01-12,0.74453,0.75182,0.74295,0.74888,1432
2017-01-13,0.74888,0.75083,0.7449,0.74977,1317
2017-01-15,0.7479,0.75055,0.74785,0.74981,119
2017-01-16,0.74983,0.75021,0.7458,0.7471,1428
2017-01-17,0.74714,0.75682,0.74649,0.75494,1438
2017-01-18,0.75495,0.75661,0.75011,0.75092,1438
2017-01-19,0.75094,0.7574,0.74934,0.75658,1437
2017-01-20,0.75658,0.75886,0.75171,0.75545,1318
2017-01-22,0.75517,0.75724,0.75485,0.7572,114
2017-01-23,0.75721,0.7602,0.755,0.75818,1439
2017-01-24,0.7582,0.76089,0.75535,0.75911,1433
2017-01-25,0.75913,0.75982,0.7515,0.75735,1437
2017-01-26,0.75737,0.75848,0.75216,0.75319,1440
2017-01-27,0.75318,0.75727,0.75116,0.75445,1318
2017-01-29,0.75577,0.75616,0.75517,0.7554,115
2017-01-30,0.75542,0.75667,0.75277,0.75648,1436
2017-01-31,0.75652,0.76053,0.7542,0.75775,1438
2017-02-01,0.75775,0.75966,0.75511,0.75825,1432
2017-02-02,0.75825,0.7696,0.75825,0.76543,1439
2017-02-03,0.76544,0.76953,0.76195,0.76773,1320
2017-02-05,0.76752,0.76824,0.76647,0.76744,114
2017-02-06,0.76743,0.76805,0.76293,0.76453,1434
2017-02-07,0.76453,0.76809,0.76057,0.76205,1438
2017-02-08,0.76203,0.76656,0.76113,0.76312,1438
2017-02-09,0.76314,0.76639,0.76104,0.76233,1434
2017-02-10,0.76233,0.76886,0.76178,0.76741,1318
2017-02-12,0.76766,0.76791,0.76625,0.76688,115
2017-02-13,0.76688,0.76774,0.7631,0.76412,1432
2017-02-14,0.76413,0.76962,0.76178,0.76689,1440
2017-02-15,0.76694,0.77212,0.76367,0.77208,1435
2017-02-16,0.77208,0.7732,0.76845,0.7697,1434
2017-02-17,0.76968,0.77124,0.76558,0.7662,1318
2017-02-19,0.76699,0.76769,0.76658,0.76659,118
2017-02-20,0.76657,0.76903,0.76591,0.76888,1423
2017-02-21,0.7689,0.76895,0.76493,0.76755,1433
2017-02-22,0.76757,0.77143,0.76667,0.76956,1431
2017-02-23,0.76954,0.77406,0.76648,0.77123,1435
2017-02-24,0.77124,0.77197,0.76643,0.76718,1320
2017-02-26,0.76787,0.76825,0.76625,0.76682,115
2017-02-27,0.76681,0.77075,0.76662,0.76752,1433
2017-02-28,0.76752,0.76947,0.76368,0.7642,1439
2017-03-01,0.76419,0.76992,0.76364,0.76588,1431
2017-03-02,0.76589,0.7667,0.75574,0.75719,1433
2017-03-03,0.75718,0.75975,0.75427,0.75938,1318
2017-03-05,0.75848,0.75947,0.75825,0.75945,113
2017-03-06,0.75945,0.76093,0.75703,0.75903,1438
2017-03-07,0.75901,0.76325,0.75837,0.75923,1433
2017-03-08,0.75923,0.76086,0.7518,0.75266,1437
2017-03-09,0.75265,0.7534,0.74912,0.7507,1432
2017-03-10,0.75069,0.75565,0.75055,0.7541,1316
2017-03-12,0.75454,0.75506,0.75353,0.75413,166
2017-03-13,0.75412,0.75921,0.75338,0.75658,1429
2017-03-14,0.75658,0.75791,0.754,0.75652,1432
2017-03-15,0.75651,0.77189,0.75549,0.77057,1435
2017-03-16,0.77056,0.77171,0.76631,0.76711,1438
2017-03-17,0.7671,0.77175,0.76655,0.77012,1257
2017-03-19,0.76893,0.7709,0.76891,0.77058,178
2017-03-20,0.77061,0.77476,0.7697,0.77293,1428
2017-03-21,0.77292,0.77495,0.76697,0.76727,1435
2017-03-22,0.76726,0.76844,0.76393,0.76674,1435
2017-03-23,0.76672,0.76679,0.76221,0.76339,1437
2017-03-24,0.76338,0.76405,0.76038,0.76217,1260
2017-03-26,0.76355,0.76364,0.76249,0.76321,172
2017-03-27,0.76323,0.7648,0.76079,0.76274,1422
2017-03-28,0.76275,0.76569,0.75874,0.76524,1429
2017-03-29,0.76529,0.76749,0.76326,0.76701,1424
2017-03-30,0.76699,0.76792,0.76382,0.76528,1429
2017-03-31,0.76527,0.76625,0.76224,0.76269,1257
2017-04-02,0.76288,0.76401,0.76268,0.76293,158
2017-04-03,0.76292,0.76402,0.75909,0.76048,1412
2017-04-04,0.76045,0.76147,0.75451,0.75677,1427
2017-04-05,0.75674,0.75871,0.75589,0.75663,1431
2017-04-06,0.75662,0.75693,0.75322,0.75394,1419
2017-04-07,0.75394,0.75458,0.74926,0.74927,1259
2017-04-09,0.74893,0.75086,0.74893,0.75062,159
2017-04-10,0.7506,0.75134,0.74759,0.75053,1427
2017-04-11,0.75052,0.75146,0.7474,0.75011,1427
2017-04-12,0.75009,0.75433,0.7473,0.75369,1435
2017-04-13,0.75368,0.75955,0.75317,0.75647,1425
2017-04-14,0.75647,0.75823,0.75573,0.75735,1201
2017-04-16,0.75738,0.75843,0.75699,0.7579,159
2017-04-17,0.75788,0.76105,0.75779,0.75914,1397
2017-04-18,0.75915,0.7596,0.75338,0.75585,1427
2017-04-19,0.75587,0.75623,0.74913,0.74953,1424
2017-04-20,0.74953,0.75467,0.74944,0.7518,1429
2017-04-21,0.75179,0.75456,0.75156,0.75377,1258
2017-04-23,0.75827,0.75831,0.75388,0.75558,178
2017-04-24,0.75559,0.75842,0.7547,0.75583,1421
2017-04-25,0.75586,0.75649,0.75204,0.7537,1415
2017-04-26,0.75372,0.75552,0.74549,0.74787,1430
2017-04-27,0.74786,0.74922,0.744,0.74685,1428
2017-04-28,0.74685,0.74907,0.74477,0.74849,1259
2017-04-30,0.74678,0.74891,0.74678,0.7483,166
2017-05-01,0.74839,0.75401,0.74739,0.75315,1415
2017-05-02,0.75315,0.75559,0.75104,0.75428,1428
2017-05-03,0.75426,0.75458,0.74193,0.7428,1434
2017-05-04,0.7428,0.743,0.7383,0.741,1430
2017-05-05,0.741,0.74261,0.73676,0.74169,1259
2017-05-07,0.74084,0.74191,0.74045,0.74151,169
2017-05-08,0.74153,0.74243,0.73776,0.73903,1434
2017-05-09,0.73904,0.7398,0.7329,0.73413,1439
2017-05-10,0.73413,0.73943,0.73322,0.73573,1440
2017-05-11,0.73574,0.73828,0.73386,0.73763,1438
2017-05-12,0.73762,0.74206,0.73683,0.73817,1258
2017-05-14,0.73897,0.73952,0.73843,0.73931,162
2017-05-15,0.73931,0.74457,0.73873,0.74195,1431
2017-05-16,0.74195,0.7438,0.73948,0.74211,1434
2017-05-17,0.74211,0.74434,0.73886,0.7431,1440
2017-05-18,0.74313,0.74666,0.74081,0.74202,1424
2017-05-19,0.74204,0.74695,0.74063,0.74562,1259
2017-05-21,0.74495,0.74577,0.74336,0.74513,178
2017-05-22,0.74512,0.74886,0.74351,0.74701,1431
2017-05-23,0.74706,0.7517,0.74679,0.74704,1428
2017-05-24,0.74705,0.75074,0.74424,0.74963,1434
2017-05-25,0.74962,0.75158,0.74507,0.74538,1428
2017-05-26,0.74539,0.7461,0.74218,0.74465,1258
2017-05-28,0.7437,0.74461,0.74367,0.74417,164
2017-05-29,0.74418,0.74501,0.74268,0.74389,1405
2017-05-30,0.74388,0.7469,0.7416,0.7458,1424
2017-05-31,0.7458,0.74756,0.7423,0.74251,1431
2017-06-01,0.74252,0.74543,0.7371,0.73803,1435
2017-06-02,0.73804,0.74461,0.73741,0.74389,1257
2017-06-04,0.74229,0.74397,0.74229,0.74277,173
2017-06-05,0.74276,0.74983,0.74219,0.74864,1425
2017-06-06,0.74864,0.75219,0.74571,0.75104,1430
2017-06-07,0.75106,0.75663,0.74999,0.7539,1426
2017-06-08,0.75389,0.75542,0.75246,0.75261,1437
2017-06-09,0.75266,0.75442,0.75192,0.75276,1258
2017-06-11,0.75291,0.75325,0.75258,0.75279,155
2017-06-12,0.75284,0.75483,0.75216,0.75483,1423
2017-06-13,0.75478,0.75646,0.7524,0.75364,1411
2017-06-14,0.75364,0.76354,0.75327,0.75892,1433
2017-06-15,0.75893,0.76314,0.75682,0.75861,1422
2017-06-16,0.75859,0.76299,0.75761,0.76163,1259
2017-06-18,0.76159,0.76234,0.76158,0.7619,159
2017-06-19,0.76192,0.76291,0.75854,0.75905,1425
2017-06-20,0.75906,0.76235,0.75704,0.75745,1418
2017-06-21,0.75745,0.75793,0.75429,0.75495,1437
2017-06-22,0.75496,0.75615,0.75352,0.75414,1413
2017-06-23,0.75412,0.75826,0.75404,0.75671,1247
2017-06-25,0.75606,0.75711,0.75606,0.75711,171
2017-06-26,0.75711,0.75991,0.75655,0.75838,1405
2017-06-27,0.75837,0.76242,0.75769,0.75853,1423
2017-06-28,0.75855,0.76448,0.75769,0.76362,1425
2017-06-29,0.7636,0.76885,0.76358,0.76858,1424
2017-06-30,0.76857,0.77121,0.7667,0.76863,1256
2017-07-02,0.76816,0.76948,0.76769,0.76868,171
2017-07-03,0.76866,0.76952,0.76444,0.76653,1412
2017-07-04,0.76653,0.76828,0.75911,0.76114,1421
2017-07-05,0.76116,0.76319,0.75711,0.75993,1429
2017-07-06,0.75995,0.76146,0.75768,0.75795,1421
2017-07-07,0.75795,0.76231,0.75722,0.75982,1246
2017-07-09,0.75987,0.76054,0.7595,0.76045,167
2017-07-10,0.76045,0.76145,0.75863,0.76063,1418
2017-07-11,0.76063,0.76425,0.7603,0.76383,1422
2017-07-12,0.76384,0.7685,0.76366,0.76794,1419
2017-07-13,0.76792,0.77429,0.76752,0.77397,1424
2017-07-14,0.77399,0.78337,0.77333,0.78255,1251
2017-07-16,0.78247,0.7831,0.78204,0.78242,167
2017-07-17,0.78243,0.78383,0.7787,0.77889,1432
2017-07-18,0.77892,0.79427,0.77862,0.79181,1430
2017-07-19,0.79181,0.79607,0.7912,0.79595,1431
2017-07-20,0.79596,0.79889,0.78973,0.79464,1428
2017-07-21,0.79467,0.79511,0.78748,0.79121,1257
2017-07-23,0.7901,0.79289,0.7901,0.79246,167
2017-07-24,0.79246,0.79675,0.79034,0.79256,1424
2017-07-25,0.79255,0.79701,0.79024,0.79308,1422
2017-07-26,0.79306,0.80135,0.78778,0.79999,1437
2017-07-27,0.79997,0.80653,0.79563,0.79741,1423
2017-07-28,0.79748,0.80071,0.79368,0.79836,1259
2017-07-30,0.79836,0.79897,0.79793,0.79812,160
2017-07-31,0.79815,0.8004,0.79562,0.80028,1432
2017-08-01,0.80028,0.80425,0.79538,0.79565,1427
2017-08-02,0.79566,0.79929,0.79414,0.79558,1420
2017-08-03,0.79557,0.79612,0.7914,0.79571,1419
2017-08-04,0.7957,0.79794,0.78911,0.79256,1254
2017-08-06,0.79172,0.79386,0.79148,0.79273,166
2017-08-07,0.79272,0.79485,0.7899,0.79155,1410
2017-08-08,0.79154,0.79428,0.78868,0.78948,1427
2017-08-09,0.78944,0.79004,0.78551,0.78922,1431
2017-08-10,0.78923,0.79105,0.78601,0.78683,1425
2017-08-11,0.78682,0.79093,0.78389,0.78915,1255
2017-08-13,0.7891,0.79043,0.78876,0.79035,154
2017-08-14,0.79034,0.79188,0.7845,0.78551,1412
2017-08-15,0.7855,0.78767,0.78077,0.78254,1424
2017-08-16,0.78252,0.79336,0.78233,0.79319,1435
2017-08-17,0.7932,0.79626,0.78696,0.78744,1433
2017-08-18,0.78749,0.79439,0.7873,0.79239,1257
2017-08-20,0.79302,0.79319,0.79231,0.79258,144
2017-08-21,0.79257,0.79504,0.79107,0.79361,1407
2017-08-22,0.79362,0.79507,0.78974,0.79111,1406
2017-08-23,0.7911,0.79126,0.78821,0.79106,1426
2017-08-24,0.79105,0.79158,0.78668,0.78971,1432
2017-08-25,0.78972,0.79538,0.78852,0.79305,1253
2017-08-27,0.79209,0.79494,0.79209,0.79412,157
2017-08-28,0.79412,0.79729,0.79053,0.79253,1424
2017-08-29,0.79254,0.79829,0.79212,0.7958,1433
2017-08-30,0.79581,0.79955,0.78898,0.79058,1431
2017-08-31,0.79059,0.79509,0.78713,0.79407,1430
2017-09-01,0.79406,0.79944,0.79214,0.79649,1258
2017-09-03,0.79442,0.79724,0.79435,0.79643,178
2017-09-04,0.79644,0.79707,0.79418,0.79431,1367
2017-09-05,0.79438,0.80282,0.79418,0.80071,1432
2017-09-06,0.8007,0.80205,0.79634,0.80081,1429
2017-09-07,0.80081,0.80592,0.79742,0.80561,1431
2017-09-08,0.80559,0.8125,0.80484,0.80519,1258
2017-09-10,0.80526,0.8056,0.8044,0.80485,173
2017-09-11,0.80484,0.80581,0.80186,0.80229,1424
2017-09-12,0.8023,0.8049,0.79979,0.80158,1412
2017-09-13,0.8016,0.80439,0.79701,0.79793,1420
2017-09-14,0.79795,0.80161,0.79554,0.80025,1422
2017-09-15,0.80025,0.8035,0.79863,0.79992,1255
2017-09-17,0.7996,0.80044,0.79928,0.79954,163
2017-09-18,0.79953,0.80346,0.79399,0.79699,1420
2017-09-19,0.79702,0.80196,0.79616,0.80044,1414
2017-09-20,0.80043,0.81034,0.79853,0.80155,1432
2017-09-21,0.80156,0.80192,0.79167,0.793,1421
2017-09-22,0.793,0.79859,0.79079,0.79587,1256
2017-09-24,0.79482,0.79657,0.79482,0.79614,165
2017-09-25,0.79612,0.79734,0.79261,0.79374,1421
2017-09-26,0.79375,0.79485,0.7859,0.78763,1411
2017-09-27,0.78762,0.78881,0.78359,0.78497,1425
2017-09-28,0.78495,0.78601,0.77995,0.78478,1401
2017-09-29,0.78479,0.78547,0.78162,0.78297,1253
2017-10-01,0.78281,0.78473,0.78279,0.78417,162
2017-10-02,0.78415,0.78449,0.77951,0.78263,1424
2017-10-03,0.78265,0.78383,0.77854,0.78359,1418
2017-10-04,0.78358,0.78748,0.78337,0.78611,1417
2017-10-05,0.7861,0.78632,0.77866,0.77911,1416
2017-10-06,0.77911,0.77982,0.77328,0.77625,1254
2017-10-08,0.77668,0.77791,0.77661,0.77779,165
2017-10-09,0.77778,0.77821,0.77475,0.77576,1401
2017-10-10,0.77575,0.77971,0.77572,0.77864,1421
2017-10-11,0.77866,0.78087,0.77706,0.78026,1424
2017-10-12,0.78028,0.78356,0.77982,0.78276,1418
2017-10-13,0.78274,0.7897,0.7822,0.78831,1255
2017-10-15,0.78828,0.78896,0.78768,0.78854,152
2017-10-16,0.78853,0.78884,0.78401,0.78439,1424
2017-10-17,0.78439,0.78605,0.78181,0.78492,1410
2017-10-18,0.78491,0.78578,0.78188,0.78425,1405
2017-10-19,0.78424,0.78837,0.78415,0.78742,1417
2017-10-20,0.78741,0.78787,0.78082,0.78149,1247
2017-10-22,0.78173,0.78195,0.7805,0.78051,176
2017-10-23,0.78052,0.78343,0.77959,0.78111,1411
2017-10-24,0.78111,0.78247,0.77702,0.77761,1425
2017-10-25,0.77759,0.77839,0.769,0.77072,1425
2017-10-26,0.77073,0.77191,0.76526,0.76612,1426
2017-10-27,0.76613,0.76777,0.76247,0.76721,1256
2017-10-29,0.76753,0.76753,0.76644,0.76658,169
2017-10-30,0.76659,0.7699,0.76552,0.76957,1406
2017-10-31,0.76957,0.76968,0.76395,0.76596,1423
2017-11-01,0.76594,0.76956,0.7648,0.76758,1426
2017-11-02,0.76758,0.77296,0.76758,0.77138,1419
2017-11-03,0.77135,0.77154,0.7639,0.76466,1253
2017-11-05,0.76464,0.76533,0.76446,0.76496,113
2017-11-06,0.76496,0.76924,0.76383,0.76866,1425
2017-11-07,0.76864,0.77003,0.76272,0.76542,1425
2017-11-08,0.76543,0.76846,0.76443,0.76788,1424
2017-11-09,0.7679,0.76935,0.76495,0.76819,1431
2017-11-10,0.7682,0.76949,0.76538,0.76563,1308
2017-11-12,0.76483,0.76544,0.76439,0.76465,113
2017-11-13,0.76466,0.76655,0.76089,0.76147,1424
2017-11-14,0.76149,0.76495,0.76123,0.76299,1426
2017-11-15,0.76299,0.76314,0.75731,0.75913,1431
2017-11-16,0.75912,0.76092,0.75696,0.7587,1429
2017-11-17,0.7587,0.7608,0.75357,0.75601,1311
2017-11-19,0.7563,0.7566,0.75503,0.75528,118
2017-11-20,0.75525,0.75736,0.75437,0.75538,1421
2017-11-21,0.75539,0.75902,0.75318,0.75849,1421
2017-11-22,0.7585,0.76231,0.75551,0.76131,1428
2017-11-23,0.76132,0.76385,0.76036,0.76247,1412
2017-11-24,0.76248,0.76274,0.76065,0.76122,1301
2017-11-26,0.76129,0.76163,0.76086,0.76108,108
2017-11-27,0.76107,0.76446,0.75929,0.76072,1419
2017-11-28,0.76073,0.76199,0.75878,0.7606,1425
2017-11-29,0.76061,0.76078,0.7552,0.75661,1435
2017-11-30,0.75657,0.75943,0.75509,0.75624,1430
2017-12-01,0.75623,0.76387,0.7556,0.76097,1313
2017-12-03,0.75906,0.75992,0.75871,0.75877,118
2017-12-04,0.75878,0.76139,0.75793,0.76036,1425
2017-12-05,0.76038,0.76537,0.75982,0.7604,1431
2017-12-06,0.76041,0.76344,0.75583,0.7567,1432
2017-12-07,0.75668,0.75675,0.75051,0.7511,1425
2017-12-08,0.75109,0.75334,0.75013,0.75049,1314
2017-12-10,0.75061,0.75114,0.75023,0.75067,112
2017-12-11,0.75068,0.75449,0.75065,0.75286,1417
2017-12-12,0.75285,0.75801,0.75192,0.75561,1421
2017-12-13,0.75562,0.76395,0.75536,0.76292,1426
2017-12-14,0.76293,0.76796,0.76268,0.76649,1437
2017-12-15,0.76651,0.76944,0.76366,0.76426,1312
2017-12-17,0.76403,0.76494,0.76403,0.7646,114
2017-12-18,0.76462,0.76775,0.76406,0.76641,1420
2017-12-19,0.76641,0.76839,0.7646,0.76518,1430
2017-12-20,0.76519,0.76796,0.76511,0.76707,1436
2017-12-21,0.76709,0.7708,0.76536,0.77056,1428
2017-12-22,0.77057,0.77205,0.77018,0.77069,1313
2017-12-25,0.7712,0.7724,0.7712,0.77227,109
2017-12-26,0.77226,0.77304,0.77125,0.77297,1303
2017-12-27,0.77297,0.77787,0.77297,0.77735,1417
2017-12-28,0.77735,0.78092,0.77734,0.77935,1422
2017-12-29,0.77935,0.78248,0.77883,0.78,1311
2018-01-01,0.7804,0.78175,0.77947,0.77987,115
2018-01-02,0.77989,0.78447,0.77989,0.78304,1434
2018-01-03,0.78305,0.78447,0.78051,0.78266,1432
2018-01-04,0.78267,0.78682,0.78142,0.78635,1437
2018-01-05,0.78634,0.78745,0.78348,0.78588,1315
2018-01-07,0.78604,0.7871,0.78584,0.7859,115
2018-01-08,0.7859,0.78725,0.78268,0.78451,1416
2018-01-09,0.7845,0.78644,0.78073,0.78107,1431
2018-01-10,0.78108,0.78668,0.78081,0.78464,1432
2018-01-11,0.78464,0.78959,0.78377,0.78859,1436
2018-01-12,0.7886,0.79241,0.78479,0.79105,1320
2018-01-14,0.7901,0.79174,0.7901,0.79082,119
2018-01-15,0.7908,0.79785,0.79073,0.79601,1423
2018-01-16,0.796,0.79747,0.79368,0.79702,1435
2018-01-17,0.79705,0.80226,0.79404,0.79711,1440
2018-01-18,0.7971,0.80118,0.79415,0.80057,1435
2018-01-19,0.80057,0.80384,0.79816,0.79824,1318
2018-01-21,0.79976,0.80026,0.79921,0.80014,117
2018-01-22,0.80014,0.80269,0.79788,0.80074,1424
2018-01-23,0.80074,0.80296,0.79563,0.80043,1433
2018-01-24,0.80041,0.80827,0.79933,0.80498,1440
2018-01-25,0.80496,0.81186,0.80044,0.80286,1433
2018-01-26,0.80286,0.81357,0.80252,0.81054,1316
2018-01-28,0.80996,0.81176,0.80995,0.81164,117
2018-01-29,0.81163,0.81181,0.80741,0.80955,1432
2018-01-30,0.80957,0.81133,0.80423,0.80993,1436
2018-01-31,0.80993,0.81167,0.80348,0.8059,1432
2018-02-01,0.8059,0.80672,0.79873,0.80391,1439
2018-02-02,0.8039,0.80402,0.79172,0.79218,1320
2018-02-04,0.79105,0.79163,0.78901,0.79043,116
2018-02-05,0.79045,0.79538,0.78722,0.78771,1437
2018-02-06,0.78773,0.79094,0.78353,0.7893,1437
2018-02-07,0.78926,0.79074,0.78108,0.78161,1439
2018-02-08,0.7816,0.78431,0.7767,0.77884,1438
2018-02-09,0.77884,0.78297,0.77593,0.78107,1319
2018-02-11,0.78144,0.78209,0.7808,0.78204,112
2018-02-12,0.78203,0.7864,0.78095,0.78578,1433
2018-02-13,0.78578,0.78764,0.7828,0.78612,1434
2018-02-14,0.7861,0.79344,0.77728,0.79294,1438
2018-02-15,0.79294,0.79665,0.78918,0.79427,1436
2018-02-16,0.79427,0.79882,0.78923,0.79014,1319
2018-02-18,0.79056,0.79158,0.79055,0.79114,102
2018-02-19,0.79115,0.79352,0.7898,0.79088,1414
2018-02-20,0.79089,0.79335,0.78739,0.78806,1431
2018-02-21,0.78806,0.79017,0.77967,0.77973,1435
2018-02-22,0.77972,0.78596,0.77904,0.78379,1430
2018-02-23,0.78379,0.78434,0.7804,0.78403,1318
2018-02-25,0.78391,0.78454,0.78361,0.78384,118
2018-02-26,0.78385,0.7893,0.78256,0.78496,1424
2018-02-27,0.78495,0.78683,0.77832,0.7793,1434
2018-02-28,0.77932,0.7819,0.7756,0.7763,1437
2018-03-01,0.77629,0.77694,0.77125,0.77643,1432
2018-03-02,0.77644,0.77736,0.77373,0.77588,1317
2018-03-04,0.77593,0.77667,0.77445,0.77555,119
2018-03-05,0.77554,0.77734,0.77255,0.77645,1432
2018-03-06,0.77644,0.78421,0.77563,0.77858,1439
2018-03-07,0.77856,0.78296,0.77719,0.78264,1436
2018-03-08,0.78263,0.78385,0.77727,0.77906,1439
2018-03-09,0.77906,0.78537,0.77761,0.78435,1319
2018-03-11,0.78466,0.78655,0.7845,0.78608,174
2018-03-12,0.78606,0.78796,0.78543,0.78714,1420
2018-03-13,0.78713,0.78974,0.78459,0.78596,1429
2018-03-14,0.78595,0.79164,0.78563,0.788,1432
2018-03-15,0.78801,0.78852,0.77881,0.7789,1430
2018-03-16,0.77887,0.78041,0.77077,0.77109,1257
2018-03-18,0.7718,0.77187,0.77115,0.77173,174
2018-03-19,0.77172,0.77257,0.76865,0.7708,1425
2018-03-20,0.7708,0.77209,0.76786,0.76893,1429
2018-03-21,0.76893,0.77796,0.76722,0.77743,1428
2018-03-22,0.77742,0.77849,0.7687,0.7695,1432
2018-03-23,0.76951,0.77435,0.76928,0.7695,1258
2018-03-25,0.77023,0.77141,0.76947,0.77097,169
2018-03-26,0.77097,0.77573,0.77083,0.77547,1418
2018-03-27,0.77546,0.77569,0.7675,0.76859,1428
2018-03-28,0.76858,0.77023,0.76532,0.76609,1421
2018-03-29,0.76608,0.76891,0.76428,0.76848,1427
2018-03-30,0.7685,0.77059,0.76721,0.7674,1201
2018-04-01,0.76875,0.76929,0.76809,0.7683,153
2018-04-02,0.7683,0.76947,0.76493,0.76524,1381
2018-04-03,0.76525,0.77066,0.76525,0.76813,1427
2018-04-04,0.76817,0.7726,0.76625,0.77199,1425
2018-04-05,0.77199,0.77239,0.76573,0.76682,1426
2018-04-06,0.76684,0.76992,0.76664,0.76689,1255
2018-04-08,0.76777,0.76808,0.76681,0.76779,162
2018-04-09,0.7678,0.77106,0.76519,0.76989,1417
2018-04-10,0.7699,0.7769,0.76935,0.77633,1417
2018-04-11,0.77634,0.77726,0.77395,0.7762,1408
2018-04-12,0.77621,0.77714,0.77378,0.77577,1416
2018-04-13,0.77576,0.78098,0.77576,0.77611,1246
2018-04-15,0.77669,0.77783,0.77607,0.77723,173
2018-04-16,0.77722,0.77845,0.7752,0.77746,1380
2018-04-17,0.77747,0.77911,0.77599,0.77667,1414
2018-04-18,0.77668,0.77973,0.77441,0.77875,1397
2018-04-19,0.77876,0.78128,0.77188,0.77201,1420
2018-04-20,0.77203,0.77268,0.76551,0.76686,1252
2018-04-22,0.76694,0.7673,0.76584,0.76587,165
2018-04-23,0.76588,0.76825,0.75992,0.76019,1411
2018-04-24,0.76019,0.76207,0.75786,0.76057,1410
2018-04-25,0.76056,0.76056,0.75518,0.75684,1420
2018-04-26,0.75685,0.75887,0.75466,0.75536,1423
2018-04-27,0.75537,0.75836,0.75318,0.75765,1247
2018-04-29,0.75762,0.75804,0.75707,0.75729,161
2018-04-30,0.7573,0.75816,0.75251,0.75316,1416
2018-05-01,0.75317,0.75462,0.74722,0.74815,1422
2018-05-02,0.74816,0.75367,0.74753,0.74864,1425
2018-05-03,0.74866,0.75426,0.74852,0.75284,1422
2018-05-04,0.75287,0.75602,0.7492,0.75353,1255
2018-05-06,0.75412,0.7542,0.75234,0.75234,169
2018-05-07,0.75239,0.75429,0.74929,0.75192,1417
2018-05-08,0.75189,0.75275,0.74336,0.74466,1413
2018-05-09,0.74467,0.74723,0.74121,0.7457,1432
2018-05-10,0.74572,0.75395,0.74546,0.75251,1424
2018-05-11,0.75252,0.75665,0.75224,0.75387,1253
2018-05-13,0.75403,0.75532,0.7539,0.75503,163
2018-05-14,0.755,0.75648,0.75197,0.75257,1415
2018-05-15,0.75258,0.75373,0.74477,0.74675,1418
2018-05-16,0.74676,0.75233,0.74469,0.75168,1426
2018-05-17,0.75166,0.75472,0.74975,0.75051,1420
2018-05-18,0.75049,0.75278,0.74883,0.75065,1247
2018-05-20,0.752,0.75308,0.75152,0.75224,176
2018-05-21,0.75225,0.75874,0.75026,0.75813,1407
2018-05-22,0.75814,0.76051,0.75662,0.7578,1418
2018-05-23,0.75781,0.75825,0.75224,0.75656,1430
2018-05-24,0.75657,0.75823,0.75418,0.75704,1421
2018-05-25,0.75703,0.75897,0.75423,0.75442,1253
2018-05-27,0.75564,0.75613,0.75547,0.75563,167
2018-05-28,0.75563,0.75809,0.75394,0.75452,1350
2018-05-29,0.75455,0.75523,0.74759,0.74828,1409
2018-05-30,0.7483,0.75835,0.74825,0.75696,1415
2018-05-31,0.757,0.75929,0.75523,0.75616,1422
2018-06-01,0.75618,0.75724,0.75138,0.75653,1257
2018-06-03,0.75592,0.75722,0.7559,0.7567,174
2018-06-04,0.75672,0.76661,0.75671,0.76514,1410
2018-06-05,0.76517,0.76558,0.75945,0.76234,1425
2018-06-06,0.76235,0.76763,0.76224,0.76635,1415
2018-06-07,0.76636,0.76726,0.76122,0.76151,1413
2018-06-08,0.76158,0.76268,0.75604,0.75986,1248
2018-06-10,0.75897,0.76033,0.75885,0.76021,169
2018-06-11,0.76021,0.76215,0.75951,0.76033,1399
2018-06-12,0.76031,0.76233,0.75654,0.75739,1425
2018-06-13,0.75741,0.76086,0.75289,0.75691,1417
2018-06-14,0.7569,0.75773,0.74646,0.74652,1430
2018-06-15,0.74649,0.74803,0.74372,0.74378,1251
2018-06-17,0.74401,0.74422,0.74356,0.74405,167
2018-06-18,0.74405,0.7454,0.73934,0.7403,1415
2018-06-19,0.74028,0.74267,0.73469,0.73895,1424
2018-06-20,0.73897,0.74086,0.73654,0.73715,1422
2018-06-21,0.73714,0.73934,0.73453,0.73759,1418
2018-06-22,0.73758,0.74434,0.73757,0.74373,1256
2018-06-24,0.74372,0.74421,0.74354,0.74382,156
2018-06-25,0.74391,0.74391,0.7396,0.7409,1424
2018-06-26,0.74099,0.74228,0.73797,0.73915,1419
2018-06-27,0.73914,0.74068,0.73236,0.73408,1426
2018-06-28,0.73405,0.73619,0.73296,0.73478,1429
2018-06-29,0.73476,0.74088,0.73356,0.73997,1259
2018-07-01,0.74027,0.74052,0.73947,0.7398,167
2018-07-02,0.73975,0.73983,0.73105,0.73379,1423
2018-07-03,0.73381,0.7404,0.7314,0.73781,1415
2018-07-04,0.7378,0.74242,0.73742,0.73792,1402
2018-07-05,0.7379,0.74081,0.73613,0.73861,1418
2018-07-06,0.73865,0.74437,0.73759,0.74261,1256
2018-07-08,0.743,0.7437,0.74285,0.74367,168
2018-07-09,0.74365,0.74833,0.74345,0.74698,1425
2018-07-10,0.74696,0.74836,0.74126,0.74153,1434
2018-07-11,0.74155,0.74285,0.73598,0.7365,1432
2018-07-12,0.73648,0.74195,0.73612,0.74068,1421
2018-07-13,0.74069,0.74237,0.73679,0.742,1254
2018-07-15,0.74185,0.74225,0.74122,0.74181,163
2018-07-16,0.74179,0.74421,0.74087,0.74134,1410
2018-07-17,0.74135,0.7438,0.73754,0.73772,1423
2018-07-18,0.73775,0.74073,0.73429,0.73983,1417
2018-07-19,0.73984,0.74409,0.73223,0.73624,1425
2018-07-20,0.73622,0.74309,0.73175,0.7411,1259
2018-07-22,0.7416,0.74372,0.74144,0.74312,163
2018-07-23,0.74311,0.74356,0.73714,0.73795,1429
2018-07-24,0.73797,0.74338,0.73594,0.74254,1424
2018-07-25,0.74252,0.74639,0.73917,0.74588,1432
2018-07-26,0.74595,0.74631,0.73718,0.73803,1421
2018-07-27,0.73804,0.74144,0.73697,0.73939,1256
2018-07-29,0.73974,0.74048,0.73974,0.73982,158
2018-07-30,0.73983,0.7413,0.73854,0.74074,1405
2018-07-31,0.74074,0.74406,0.74037,0.74191,1422
2018-08-01,0.74192,0.74237,0.73897,0.74051,1424
2018-08-02,0.7405,0.7411,0.7355,0.73597,1420
2018-08-03,0.73599,0.74111,0.7348,0.74005,1249
2018-08-05,0.73968,0.73997,0.73929,0.73935,142
2018-08-06,0.73935,0.74053,0.7374,0.73856,1418
2018-08-07,0.73857,0.74395,0.73841,0.74248,1415
2018-08-08,0.74253,0.74392,0.73828,0.74259,1423
2018-08-09,0.7426,0.7453,0.73657,0.73723,1429
2018-08-10,0.73725,0.73749,0.72803,0.72978,1258
2018-08-12,0.72732,0.72997,0.72715,0.72872,174
2018-08-13,0.72877,0.72918,0.72562,0.72654,1415
2018-08-14,0.72652,0.72829,0.72237,0.72354,1411
2018-08-15,0.72353,0.72472,0.72022,0.72326,1434
2018-08-16,0.72327,0.72862,0.72141,0.72584,1417
2018-08-17,0.72585,0.7319,0.72525,0.73137,1255
2018-08-19,0.73149,0.73156,0.73072,0.73081,162
2018-08-20,0.73082,0.73464,0.72955,0.73363,1430
2018-08-21,0.73364,0.73814,0.73327,0.7361,1422
2018-08-22,0.73611,0.73695,0.73313,0.73332,1418
2018-08-23,0.73336,0.73345,0.72401,0.72431,1420
2018-08-24,0.72432,0.73442,0.72375,0.73246,1256
2018-08-26,0.73245,0.7345,0.73219,0.73421,174
2018-08-27,0.7342,0.73565,0.73071,0.7349,1418
2018-08-28,0.73491,0.73622,0.73209,0.73443,1429
2018-08-29,0.73443,0.73485,0.72748,0.73108,1421
2018-08-30,0.73108,0.73108,0.72491,0.72617,1428
2018-08-31,0.72619,0.72642,0.71755,0.71853,1258
2018-09-02,0.719,0.71914,0.71821,0.71884,147
2018-09-03,0.71883,0.72232,0.71657,0.72073,1416
2018-09-04,0.72072,0.72351,0.7157,0.71846,1424
2018-09-05,0.71845,0.72176,0.71441,0.71951,1424
2018-09-06,0.71953,0.72107,0.7166,0.71899,1426
2018-09-07,0.71898,0.71928,0.70982,0.71034,1259
2018-09-09,0.7101,0.71147,0.71,0.7114,165
2018-09-10,0.7114,0.71314,0.70991,0.71089,1428
2018-09-11,0.7109,0.71285,0.7085,0.71102,1426
2018-09-12,0.71102,0.71821,0.70931,0.71709,1422
2018-09-13,0.71707,0.72291,0.71677,0.71865,1428
2018-09-14,0.71866,0.72157,0.71489,0.71489,1258
2018-09-16,0.71514,0.7156,0.71419,0.71423,165
2018-09-17,0.71424,0.71962,0.71415,0.71445,1427
2018-09-18,0.71444,0.72343,0.71441,0.7224,1434
2018-09-19,0.72241,0.72747,0.72131,0.72586,1425
2018-09-20,0.72588,0.72927,0.72535,0.72858,1410
2018-09-21,0.72859,0.73035,0.72624,0.72873,1248
2018-09-23,0.7261,0.72782,0.72602,0.72759,159
2018-09-24,0.72759,0.72812,0.72493,0.72521,1415
2018-09-25,0.72522,0.7263,0.72357,0.72477,1414
2018-09-26,0.72478,0.73145,0.72405,0.72561,1423
2018-09-27,0.72561,0.72682,0.7202,0.72049,1416
2018-09-28,0.72052,0.72411,0.72026,0.72178,1254
2018-09-30,0.72241,0.72316,0.72192,0.72232,164
2018-10-01,0.72233,0.72303,0.72068,0.72274,1435
2018-10-02,0.72279,0.72378,0.71621,0.71862,1414
2018-10-03,0.71863,0.71965,0.70938,0.70955,1432
2018-10-04,0.70958,0.71035,0.70652,0.70805,1421
2018-10-05,0.70803,0.70866,0.70421,0.7049,1258
2018-10-07,0.70535,0.706,0.70476,0.70542,166
2018-10-08,0.70542,0.70812,0.70411,0.70717,1413
2018-10-09,0.70714,0.71171,0.70538,0.7115,1427
2018-10-10,0.71151,0.71302,0.70429,0.70632,1435
2018-10-11,0.70633,0.71288,0.70596,0.71241,1426
2018-10-12,0.7124,0.71393,0.7102,0.711,1259
2018-10-14,0.71097,0.71131,0.7104,0.71068,175
2018-10-15,0.71067,0.71485,0.70987,0.71353,1429
2018-10-16,0.71354,0.71507,0.7112,0.71382,1431
2018-10-17,0.71383,0.71593,0.71043,0.71105,1429
2018-10-18,0.71104,0.71507,0.70899,0.70957,1425
2018-10-19,0.70959,0.71497,0.70887,0.71142,1260
2018-10-21,0.71125,0.7125,0.71106,0.71131,168
2018-10-22,0.7113,0.71249,0.70709,0.70719,1420
2018-10-23,0.70718,0.70923,0.70552,0.70915,1416
2018-10-24,0.70917,0.71061,0.70554,0.70629,1427
2018-10-25,0.7063,0.70993,0.70566,0.70806,1429
2018-10-26,0.70809,0.71036,0.70207,0.70873,1259
2018-10-28,0.70937,0.71017,0.70859,0.70968,170
2018-10-29,0.7097,0.71084,0.70504,0.70621,1425
2018-10-30,0.70619,0.7122,0.7058,0.70976,1428
2018-10-31,0.70978,0.71064,0.70675,0.70825,1422
2018-11-01,0.70825,0.72123,0.708,0.72048,1427
2018-11-02,0.72048,0.72583,0.7182,0.71893,1257
2018-11-04,0.71897,0.72044,0.71876,0.71982,111
2018-11-05,0.71983,0.72174,0.7182,0.72114,1432
2018-11-06,0.72115,0.72458,0.72048,0.72424,1432
2018-11-07,0.72418,0.72999,0.72127,0.72742,1434
2018-11-08,0.72743,0.73023,0.72468,0.72654,1432
2018-11-09,0.72653,0.72701,0.72187,0.72205,1318
2018-11-11,0.7216,0.72284,0.72138,0.72261,113
2018-11-12,0.72262,0.72372,0.71698,0.71743,1434
2018-11-13,0.71745,0.7236,0.71641,0.72303,1434
2018-11-14,0.72302,0.72532,0.71879,0.72325,1435
2018-11-15,0.72324,0.72979,0.7232,0.7271,1433
2018-11-16,0.72711,0.73372,0.72502,0.73257,1320
2018-11-18,0.73056,0.7324,0.73056,0.73171,116
2018-11-19,0.7317,0.73254,0.72771,0.7295,1427
2018-11-20,0.72952,0.73004,0.72019,0.72164,1431
2018-11-21,0.72165,0.72768,0.72097,0.72618,1426
2018-11-22,0.72618,0.72678,0.72339,0.72497,1401
2018-11-23,0.725,0.72546,0.72183,0.72291,1306
2018-11-25,0.72289,0.7237,0.72258,0.72317,112
2018-11-26,0.72319,0.72756,0.72123,0.72231,1432
2018-11-27,0.72229,0.7269,0.71989,0.72284,1431
2018-11-28,0.72285,0.73276,0.72211,0.73007,1428
2018-11-29,0.73007,0.7344,0.72949,0.73218,1428
2018-11-30,0.73217,0.73257,0.72843,0.73015,1317
2018-12-02,0.73753,0.73792,0.73552,0.73736,119
2018-12-03,0.73738,0.7393,0.73462,0.73562,1427
2018-12-04,0.7356,0.73932,0.73258,0.73444,1431
2018-12-05,0.73445,0.73555,0.72573,0.72641,1436
2018-12-06,0.72641,0.72657,0.71915,0.72331,1433
2018-12-07,0.72331,0.72413,0.71946,0.72043,1319
2018-12-09,0.71835,0.71952,0.71778,0.71804,112
2018-12-10,0.71803,0.72267,0.71791,0.71906,1427
2018-12-11,0.71907,0.72247,0.71843,0.72124,1431
2018-12-12,0.72123,0.72375,0.72011,0.72169,1430
2018-12-13,0.72171,0.72463,0.7212,0.72219,1433
2018-12-14,0.7222,0.72281,0.7151,0.71725,1319
2018-12-16,0.71714,0.71787,0.71714,0.71748,119
2018-12-17,0.71749,0.71867,0.71681,0.71762,1440
2018-12-18,0.71765,0.72031,0.71648,0.71888,1440
2018-12-19,0.71889,0.72003,0.7087,0.71124,1440
2018-12-20,0.71125,0.71484,0.70856,0.71155,1436
2018-12-21,0.71155,0.71224,0.70306,0.70319,1320
2018-12-23,0.70387,0.70507,0.70337,0.70486,119
2018-12-24,0.70485,0.70685,0.70362,0.70421,1425
2018-12-25,0.70382,0.70626,0.70289,0.70458,554
2018-12-26,0.70457,0.70774,0.70321,0.70733,1432
2018-12-27,0.70736,0.70768,0.70163,0.70341,1435
2018-12-28,0.70341,0.70687,0.70299,0.70366,1319
2018-12-30,0.7041,0.70486,0.7037,0.70429,120
2018-12-31,0.70429,0.70709,0.70324,0.70429,1319
2019-01-01,0.70519,0.70522,0.70431,0.70476,119
2019-01-02,0.70476,0.70481,0.67218,0.69162,1440
2019-01-03,0.69161,0.70189,0.69161,0.70055,1439
2019-01-04,0.70054,0.71243,0.69931,0.71167,1320
2019-01-06,0.71149,0.71244,0.7109,0.7123,120
2019-01-07,0.7123,0.71493,0.71143,0.7144,1440
2019-01-08,0.7144,0.7171,0.7116,0.71647,1440
2019-01-09,0.71647,0.71935,0.71429,0.71742,1440
2019-01-10,0.71743,0.71973,0.71456,0.71865,1440
2019-01-11,0.71865,0.72348,0.71819,0.72135,1320
2019-01-13,0.72111,0.72112,0.72009,0.72009,120
2019-01-14,0.72009,0.72176,0.71753,0.71987,1440
2019-01-15,0.71994,0.72253,0.71796,0.72063,1440
2019-01-16,0.72063,0.72118,0.71614,0.71716,1439
2019-01-17,0.71714,0.72209,0.71465,0.71891,1439
2019-01-18,0.71891,0.72143,0.71596,0.71596,1319
2019-01-20,0.71649,0.71666,0.71592,0.71624,120
2019-01-21,0.71618,0.71815,0.71397,0.71585,1437
2019-01-22,0.71584,0.71599,0.71156,0.71206,1440
2019-01-23,0.71205,0.71468,0.71192,0.71467,1439
2019-01-24,0.71465,0.71664,0.70769,0.70918,1440
2019-01-25,0.70918,0.71848,0.70756,0.71767,1314
2019-01-27,0.71761,0.71849,0.7173,0.71779,119
2019-01-28,0.7178,0.72036,0.71585,0.71654,1440
2019-01-29,0.71653,0.71757,0.71375,0.71565,1439
2019-01-30,0.71564,0.72726,0.71494,0.72533,1440
2019-01-31,0.72532,0.72948,0.72453,0.72714,1440
2019-02-01,0.72714,0.72838,0.72362,0.72475,1320
2019-02-03,0.72462,0.72494,0.7243,0.72475,120
2019-02-04,0.72473,0.72535,0.7211,0.72123,1438
2019-02-05,0.72123,0.72641,0.71932,0.72419,1440
2019-02-06,0.72418,0.72451,0.71015,0.71098,1439
2019-02-07,0.71101,0.7117,0.7089,0.70936,1440
2019-02-08,0.70936,0.71011,0.706,0.70858,1319
2019-02-10,0.70858,0.71073,0.70822,0.70998,120
2019-02-11,0.70999,0.71075,0.70566,0.70618,1440
2019-02-12,0.70618,0.71075,0.70536,0.71032,1440
2019-02-13,0.71031,0.71355,0.70846,0.7091,1439
2019-02-14,0.7091,0.71312,0.70711,0.71035,1440
2019-02-15,0.71036,0.71481,0.7079,0.71375,1319
2019-02-17,0.71323,0.71474,0.71323,0.71445,119
2019-02-18,0.71445,0.71602,0.71241,0.71307,1436
2019-02-19,0.71305,0.71734,0.71031,0.71667,1440
2019-02-20,0.71668,0.71827,0.71408,0.71681,1439
2019-02-21,0.71682,0.72066,0.70697,0.71077,1439
2019-02-22,0.71077,0.71499,0.70823,0.71231,1320
2019-02-24,0.71346,0.71576,0.71305,0.71566,120
2019-02-25,0.71566,0.71839,0.71339,0.71717,1439
2019-02-26,0.71715,0.71985,0.71417,0.71928,1440
2019-02-27,0.7193,0.71952,0.7127,0.71478,1440
2019-02-28,0.71476,0.71659,0.70893,0.71011,1440
2019-03-01,0.7101,0.71212,0.70691,0.70759,1320
2019-03-03,0.71071,0.71074,0.70931,0.70988,120
2019-03-04,0.7099,0.71022,0.70749,0.70893,1439
2019-03-05,0.70893,0.70966,0.70584,0.70868,1438
2019-03-06,0.70871,0.70916,0.7021,0.70315,1439
2019-03-07,0.70314,0.70512,0.70047,0.70234,1439
2019-03-08,0.70234,0.70519,0.70028,0.70423,1317
2019-03-10,0.70291,0.70425,0.70262,0.70271,239
2019-03-11,0.70271,0.70801,0.70268,0.70646,1437
2019-03-12,0.70647,0.70914,0.70542,0.70644,1437
2019-03-13,0.70643,0.70975,0.70486,0.70748,1440
2019-03-14,0.70748,0.70806,0.70408,0.70763,1439
2019-03-15,0.70762,0.70969,0.70656,0.70814,1197
2019-03-17,0.70858,0.70916,0.70779,0.7086,240
2019-03-18,0.70861,0.71193,0.70816,0.70967,1439
2019-03-19,0.70969,0.71105,0.70593,0.70598,1440
2019-03-20,0.70599,0.71677,0.70563,0.71638,1440
2019-03-21,0.71639,0.71657,0.70893,0.70997,1438
2019-03-22,0.70996,0.71148,0.70753,0.70785,1200
2019-03-24,0.7076,0.70825,0.70685,0.70687,237
2019-03-25,0.70687,0.71202,0.70651,0.71184,1440
2019-03-26,0.71184,0.71473,0.71141,0.713,1437
2019-03-27,0.71301,0.71301,0.70682,0.70806,1440
2019-03-28,0.7081,0.71056,0.70629,0.70858,1439
2019-03-29,0.70858,0.71044,0.70739,0.70932,1199
2019-03-31,0.71167,0.71184,0.71047,0.71055,120
2019-04-01,0.71118,0.71314,0.71008,0.71091,1439
2019-04-02,0.71092,0.7129,0.70522,0.70566,1439
2019-04-03,0.70567,0.71295,0.7054,0.71166,1438
2019-04-04,0.71167,0.71267,0.70974,0.71084,1439
2019-04-05,0.71085,0.71314,0.70919,0.71016,1260
2019-04-07,0.71009,0.71082,0.70995,0.70997,179
2019-04-08,0.70997,0.71303,0.7087,0.71206,1436
2019-04-09,0.71206,0.71519,0.71198,0.71271,1439
2019-04-10,0.71271,0.71745,0.7109,0.71661,1438
2019-04-11,0.71661,0.7168,0.71162,0.71223,1436
2019-04-12,0.71223,0.71919,0.71156,0.717,1258
2019-04-14,0.7175,0.71794,0.71689,0.71701,180
2019-04-15,0.717,0.71818,0.71635,0.71728,1439
2019-04-16,0.71728,0.71788,0.71394,0.7164,1440
2019-04-17,0.71642,0.72055,0.71561,0.71721,1437
2019-04-18,0.71722,0.71988,0.71362,0.71458,1436
2019-04-19,0.71455,0.71581,0.7144,0.71497,1251
2019-04-21,0.71498,0.71525,0.71431,0.71473,176
2019-04-22,0.71474,0.71504,0.71279,0.71332,1439
2019-04-23,0.71332,0.71336,0.70806,0.70964,1440
2019-04-24,0.70966,0.70986,0.70039,0.70132,1438
2019-04-25,0.70131,0.70225,0.69878,0.70165,1440
2019-04-26,0.70166,0.7061,0.70067,0.70353,1259
2019-04-28,0.70342,0.70442,0.70337,0.70423,176
2019-04-29,0.70423,0.70604,0.70388,0.70543,1438
2019-04-30,0.70543,0.70686,0.70305,0.70491,1440
2019-05-01,0.70488,0.70607,0.70068,0.70134,1436
2019-05-02,0.70135,0.7029,0.69928,0.69928,1437
2019-05-03,0.6993,0.70241,0.69844,0.70218,1260
2019-05-05,0.69674,0.69976,0.69656,0.69734,180
2019-05-06,0.69735,0.70024,0.69624,0.69921,1438
2019-05-07,0.69922,0.70476,0.69805,0.70076,1439
2019-05-08,0.70074,0.70263,0.69856,0.69912,1438
2019-05-09,0.69912,0.69975,0.69646,0.69872,1439
2019-05-10,0.69871,0.70181,0.69779,0.69974,1260
2019-05-12,0.69896,0.70001,0.6983,0.69832,180
2019-05-13,0.69833,0.6986,0.69392,0.69442,1440
2019-05-14,0.69442,0.69592,0.69345,0.69371,1438
2019-05-15,0.69375,0.69379,0.69145,0.69254,1440
2019-05-16,0.69255,0.69325,0.6886,0.68914,1440
2019-05-17,0.68912,0.68968,0.68644,0.68659,1258
2019-05-19,0.69098,0.69112,0.68895,0.69014,180
2019-05-20,0.69012,0.69337,0.68989,0.69197,1439
2019-05-21,0.69202,0.69237,0.68661,0.68823,1439
2019-05-22,0.68824,0.68962,0.68708,0.68766,1437
2019-05-23,0.68768,0.69041,0.68645,0.68978,1440
2019-05-24,0.68978,0.69342,0.68809,0.6926,1260
2019-05-27,0.69226,0.6926,0.69126,0.69197,893
2019-05-28,0.69198,0.69353,0.6916,0.69247,1438
2019-05-29,0.69247,0.69313,0.6904,0.69178,1439
2019-05-30,0.69183,0.69365,0.68984,0.69048,1440
2019-05-31,0.69049,0.69439,0.69005,0.69333,1260
2019-06-02,0.69275,0.69371,0.69268,0.69284,179
2019-06-03,0.69284,0.69822,0.6927,0.69698,1437
2019-06-04,0.69699,0.70038,0.69555,0.69903,1438
2019-06-05,0.69902,0.70071,0.69618,0.69694,1437
2019-06-06,0.69698,0.6994,0.69632,0.69735,1435
2019-06-07,0.69738,0.70218,0.69637,0.69979,1259
2019-06-09,0.70037,0.70075,0.69924,0.69951,180
2019-06-10,0.6995,0.6999,0.69569,0.69604,1439
2019-06-11,0.69606,0.69661,0.69467,0.69604,1438
2019-06-12,0.69606,0.69627,0.69248,0.69293,1437
2019-06-13,0.69295,0.69381,0.6901,0.69105,1440
2019-06-14,0.69107,0.69138,0.68609,0.68683,1260
2019-06-16,0.68721,0.68797,0.68697,0.68772,180
2019-06-17,0.68772,0.68843,0.68484,0.68513,1437
2019-06-18,0.68514,0.68817,0.68314,0.68808,1439
2019-06-19,0.68808,0.69089,0.68547,0.68847,1440
2019-06-20,0.68847,0.69356,0.68796,0.69204,1440
2019-06-21,0.69203,0.69375,0.69029,0.69224,1260
2019-06-23,0.69304,0.69461,0.69286,0.69458,179
2019-06-24,0.6946,0.69687,0.69426,0.69652,1435
2019-06-25,0.69653,0.69779,0.69414,0.69601,1439
2019-06-26,0.69601,0.69946,0.695,0.69848,1436
2019-06-27,0.69849,0.70087,0.69838,0.70043,1438
2019-06-28,0.70043,0.70224,0.69978,0.70174,1260
2019-06-30,0.70298,0.70347,0.7022,0.70223,180
2019-07-01,0.70222,0.70231,0.69557,0.69644,1438
2019-07-02,0.69646,0.7,0.69563,0.69937,1440
2019-07-03,0.69939,0.70392,0.6985,0.70304,1435
2019-07-04,0.70302,0.70474,0.70151,0.70244,1434
2019-07-05,0.70244,0.70285,0.6957,0.69761,1260
2019-07-07,0.69756,0.69832,0.69751,0.69806,178
2019-07-08,0.69808,0.6994,0.69667,0.69715,1438
2019-07-09,0.69715,0.69743,0.69202,0.69247,1439
2019-07-10,0.69247,0.69687,0.69101,0.69576,1437
2019-07-11,0.69576,0.69876,0.69536,0.69711,1438
2019-07-12,0.69712,0.70243,0.69708,0.70174,1259
2019-07-14,0.7014,0.70228,0.70139,0.70163,168
2019-07-15,0.70168,0.70441,0.70118,0.70373,1438
2019-07-16,0.70372,0.70424,0.701,0.70152,1440
2019-07-17,0.70152,0.70245,0.6996,0.70079,1435
2019-07-18,0.7008,0.70817,0.70047,0.70674,1439
2019-07-19,0.70675,0.70767,0.70369,0.70384,1260
2019-07-21,0.704,0.7047,0.70399,0.70426,176
2019-07-22,0.70423,0.70569,0.70276,0.70289,1438
2019-07-23,0.7029,0.70348,0.69922,0.69947,1440
2019-07-24,0.69948,0.69951,0.69722,0.69773,1437
2019-07-25,0.69773,0.69837,0.6942,0.695,1431
2019-07-26,0.695,0.69547,0.69023,0.69094,1259
2019-07-28,0.69035,0.69122,0.69035,0.6905,176
2019-07-29,0.69052,0.6916,0.68943,0.68976,1437
2019-07-30,0.68977,0.6908,0.68682,0.68739,1435
2019-07-31,0.68741,0.68988,0.68316,0.68446,1434
2019-08-01,0.68446,0.68675,0.67947,0.68013,1437
2019-08-02,0.68013,0.68182,0.67627,0.67974,1260
2019-08-04,0.67931,0.67945,0.67887,0.67898,169
2019-08-05,0.67901,0.68035,0.67473,0.67622,1438
2019-08-06,0.6762,0.68004,0.67528,0.67616,1439
2019-08-07,0.67617,0.67823,0.66764,0.67567,1437
2019-08-08,0.67569,0.68213,0.67456,0.68103,1439
2019-08-09,0.68102,0.68178,0.67794,0.67803,1259
2019-08-11,0.6781,0.67851,0.67753,0.67765,177
2019-08-12,0.67766,0.67953,0.67446,0.67551,1438
2019-08-13,0.67551,0.6818,0.67469,0.67961,1440
2019-08-14,0.67961,0.68084,0.67351,0.67541,1439
2019-08-15,0.67541,0.67904,0.67538,0.67717,1437
2019-08-16,0.67717,0.67947,0.67703,0.67756,1260
2019-08-18,0.67788,0.67865,0.67771,0.67857,178
2019-08-19,0.67856,0.67886,0.67541,0.6755,1440
2019-08-20,0.6755,0.67946,0.6755,0.67733,1436
2019-08-21,0.67733,0.67988,0.67726,0.67839,1440
2019-08-22,0.6784,0.67841,0.67506,0.67552,1439
2019-08-23,0.67555,0.67776,0.67354,0.67467,1260
2019-08-25,0.67363,0.67406,0.66892,0.67062,179
2019-08-26,0.67061,0.67876,0.67059,0.67692,1440
2019-08-27,0.6769,0.67763,0.67463,0.67541,1440
2019-08-28,0.67542,0.6762,0.67316,0.67392,1439
2019-08-29,0.67392,0.6753,0.67165,0.67351,1437
2019-08-30,0.6735,0.67399,0.67055,0.67338,1260
2019-09-01,0.67253,0.67338,0.6722,0.67252,179
2019-09-02,0.67253,0.67344,0.67096,0.6711,1433
2019-09-03,0.6711,0.67637,0.66872,0.67627,1439
2019-09-04,0.67627,0.68006,0.67586,0.67961,1440
2019-09-05,0.67962,0.68296,0.67961,0.68113,1438
2019-09-06,0.68114,0.68611,0.68066,0.68443,1259
2019-09-08,0.68382,0.68491,0.68381,0.68456,179
2019-09-09,0.68455,0.68753,0.6837,0.68636,1439
2019-09-10,0.68634,0.68698,0.68486,0.68576,1437
2019-09-11,0.68574,0.68846,0.68482,0.68744,1435
2019-09-12,0.68749,0.68943,0.68601,0.68623,1438
2019-09-13,0.68624,0.68902,0.68589,0.68779,1260
2019-09-15,0.68615,0.6883,0.68612,0.68774,180
2019-09-16,0.68775,0.68836,0.68535,0.6861,1438
2019-09-17,0.6861,0.68688,0.68302,0.68651,1436
2019-09-18,0.68652,0.68659,0.68119,0.68228,1439
2019-09-19,0.68229,0.6823,0.67799,0.67907,1440
2019-09-20,0.67908,0.68084,0.67597,0.67631,1259
2019-09-22,0.67719,0.67727,0.67642,0.67681,179
2019-09-23,0.67681,0.67812,0.6765,0.67729,1440
2019-09-24,0.67731,0.68058,0.67649,0.67968,1440
2019-09-25,0.67969,0.68035,0.67387,0.67538,1437
2019-09-26,0.67538,0.67805,0.67457,0.67528,1440
2019-09-27,0.67527,0.67791,0.67431,0.67622,1260
2019-09-29,0.67597,0.67653,0.67569,0.6761,175
2019-09-30,0.6761,0.677,0.67409,0.67501,1440
2019-10-01,0.67501,0.67755,0.66719,0.67075,1440
2019-10-02,0.67075,0.67181,0.66704,0.67077,1439
2019-10-03,0.67078,0.67525,0.6702,0.67442,1440
2019-10-04,0.67441,0.67735,0.67432,0.67671,1260
2019-10-06,0.67547,0.67648,0.67547,0.6763,180
2019-10-07,0.6763,0.6764,0.67284,0.67319,1439
2019-10-08,0.67318,0.67567,0.67222,0.6728,1440
2019-10-09,0.6728,0.67497,0.67099,0.67187,1438
2019-10-10,0.67188,0.6774,0.67127,0.67621,1440
2019-10-11,0.6762,0.68101,0.67589,0.6788,1259
2019-10-13,0.67885,0.67976,0.67877,0.67971,176
2019-10-14,0.67969,0.68011,0.67507,0.67746,1439
2019-10-15,0.67746,0.67882,0.67423,0.67527,1440
2019-10-16,0.67527,0.67651,0.67232,0.67556,1437
2019-10-17,0.67555,0.68327,0.67535,0.68243,1439
2019-10-18,0.68242,0.68562,0.68224,0.68556,1259
2019-10-20,0.68454,0.68547,0.68395,0.68479,177
2019-10-21,0.68479,0.688,0.68476,0.687,1435
2019-10-22,0.68699,0.68825,0.68501,0.68601,1438
2019-10-23,0.686,0.68604,0.68336,0.68494,1440
2019-10-24,0.68494,0.68573,0.68105,0.68156,1438
2019-10-25,0.68157,0.68359,0.68089,0.68196,1260
2019-10-27,0.68185,0.68256,0.68157,0.68223,239
2019-10-28,0.68222,0.6845,0.68104,0.6843,1440
2019-10-29,0.6843,0.68715,0.6839,0.68683,1437
2019-10-30,0.68684,0.69176,0.68487,0.69166,1439
2019-10-31,0.69166,0.69294,0.68829,0.68919,1437
2019-11-01,0.6892,0.6921,0.68892,0.69114,1199
2019-11-03,0.69128,0.69151,0.69071,0.69148,120
2019-11-04,0.69148,0.69248,0.68762,0.68885,1436
2019-11-05,0.68884,0.69277,0.68769,0.68892,1440
2019-11-06,0.68893,0.69071,0.68687,0.68761,1438
2019-11-07,0.68761,0.69129,0.68613,0.68986,1440
2019-11-08,0.68986,0.6906,0.68472,0.68578,1318
2019-11-10,0.68552,0.68609,0.68552,0.68571,119
2019-11-11,0.6857,0.68652,0.68448,0.68479,1437
2019-11-12,0.68478,0.6857,0.6831,0.68412,1439
2019-11-13,0.6841,0.68568,0.68208,0.68387,1439
2019-11-14,0.68387,0.68409,0.67692,0.67864,1439
2019-11-15,0.67864,0.68218,0.67803,0.68168,1319
2019-11-17,0.68119,0.68164,0.68102,0.68145,119
2019-11-18,0.68144,0.68222,0.67984,0.68043,1436
2019-11-19,0.68044,0.68345,0.67847,0.68242,1438
2019-11-20,0.68241,0.68307,0.67897,0.67972,1440
2019-11-21,0.67972,0.68136,0.6783,0.6788,1437
2019-11-22,0.6788,0.6803,0.67802,0.67821,1317
2019-11-24,0.67901,0.67917,0.67865,0.67911,120
2019-11-25,0.67912,0.67989,0.67677,0.67761,1438
2019-11-26,0.67761,0.6795,0.67676,0.67865,1439
2019-11-27,0.67864,0.67909,0.67587,0.67678,1436
2019-11-28,0.6768,0.67735,0.67612,0.67674,1434
2019-11-29,0.67674,0.67792,0.67539,0.67597,1318
2019-12-01,0.67678,0.67684,0.67612,0.67648,117
2019-12-02,0.67648,0.68255,0.67636,0.68173,1435
2019-12-03,0.68173,0.68617,0.68156,0.68492,1440
2019-12-04,0.68494,0.68546,0.68127,0.68488,1435
2019-12-05,0.68487,0.68545,0.68206,0.6832,1433
2019-12-06,0.68322,0.68568,0.68231,0.68374,1317
2019-12-08,0.68282,0.6838,0.68282,0.6835,117
2019-12-09,0.6835,0.6836,0.68178,0.68258,1438
2019-12-10,0.68259,0.6837,0.67999,0.68107,1378
2019-12-11,0.68107,0.68884,0.68041,0.68696,1380
2019-12-12,0.68697,0.69383,0.68695,0.69252,1440
2019-12-13,0.69252,0.69287,0.6864,0.68718,1319
2019-12-15,0.68835,0.68844,0.68696,0.68742,120
2019-12-16,0.68742,0.68975,0.68679,0.6872,1438
2019-12-17,0.68723,0.68772,0.68379,0.68503,1440
2019-12-18,0.68503,0.68641,0.68382,0.68545,1438
2019-12-19,0.68545,0.68905,0.68535,0.68895,1440
2019-12-20,0.68896,0.69064,0.68839,0.6896,1319
2019-12-22,0.68903,0.69055,0.68903,0.69053,119
2019-12-23,0.69054,0.69284,0.68968,0.69252,1439
2019-12-24,0.69251,0.693,0.6912,0.69192,1360
2019-12-25,0.69192,0.6926,0.69112,0.69241,521
2019-12-26,0.6924,0.69494,0.69215,0.69463,1415
2019-12-27,0.69464,0.69868,0.69429,0.69792,1260
2019-12-29,0.698,0.69891,0.69777,0.69815,116
2019-12-30,0.69815,0.70041,0.69815,0.70008,1438
2019-12-31,0.70006,0.70316,0.6999,0.70159,1312
2020-01-01,0.70137,0.70192,0.70048,0.70182,120
2020-01-02,0.70188,0.70195,0.69782,0.69829,1434
2020-01-03,0.69828,0.69862,0.69299,0.69456,1320
2020-01-05,0.69416,0.69445,0.69322,0.69432,120
2020-01-06,0.69432,0.69574,0.6925,0.69364,1437
2020-01-07,0.69366,0.69389,0.68498,0.68594,1439
2020-01-08,0.68592,0.68851,0.68487,0.68749,1439
2020-01-09,0.68749,0.68802,0.685,0.68529,1435
2020-01-10,0.68531,0.69109,0.68505,0.68981,1320
2020-01-12,0.68967,0.69054,0.68932,0.68996,119
2020-01-13,0.68994,0.69195,0.68943,0.6897,1439
2020-01-14,0.68969,0.69094,0.68848,0.68944,1437
2020-01-15,0.68943,0.69163,0.68771,0.69069,1437
2020-01-16,0.69069,0.69335,0.68875,0.68981,1440
2020-01-17,0.68981,0.69108,0.687,0.68708,1320
2020-01-19,0.68721,0.68826,0.6872,0.6881,120
2020-01-20,0.6881,0.68882,0.68549,0.68752,1430
2020-01-21,0.68754,0.68802,0.68418,0.68471,1438
2020-01-22,0.68471,0.68559,0.68268,0.6841,1439
2020-01-23,0.6841,0.68785,0.6829,0.68482,1436
2020-01-24,0.6848,0.6857,0.68172,0.6819,1320
2020-01-26,0.68119,0.68184,0.68007,0.68009,119
2020-01-27,0.68009,0.68168,0.67518,0.67614,1436
2020-01-28,0.67614,0.67664,0.67367,0.67636,1439
2020-01-29,0.67633,0.67769,0.67349,0.6753,1439
2020-01-30,0.67529,0.67531,0.66997,0.67052,1439
2020-01-31,0.67051,0.67294,0.66825,0.6685,1319
2020-02-02,0.66834,0.66953,0.66832,0.66924,120
2020-02-03,0.66921,0.67067,0.66833,0.66893,1433
2020-02-04,0.66893,0.67416,0.66784,0.67307,1439
2020-02-05,0.67309,0.67738,0.67234,0.67511,1436
2020-02-06,0.67511,0.67648,0.67266,0.67309,1438
2020-02-07,0.6731,0.6731,0.66619,0.66707,1316
2020-02-09,0.66647,0.66782,0.66647,0.66696,119
2020-02-10,0.66697,0.6707,0.66676,0.66892,1434
2020-02-11,0.66892,0.67363,0.66805,0.6718,1418
2020-02-12,0.67179,0.67498,0.67065,0.67128,1439
2020-02-13,0.67128,0.67449,0.67094,0.67186,1440
2020-02-14,0.67186,0.67312,0.67089,0.67105,1317
2020-02-16,0.67197,0.67291,0.67162,0.67252,120
2020-02-17,0.67252,0.6733,0.67065,0.67092,1431
2020-02-18,0.67091,0.67093,0.66733,0.66936,1433
2020-02-19,0.66935,0.67072,0.66649,0.66805,1434
2020-02-20,0.66805,0.66931,0.66099,0.66114,1431
2020-02-21,0.66114,0.66385,0.65855,0.66241,1319
2020-02-23,0.65839,0.66085,0.65838,0.66054,120
2020-02-24,0.66054,0.66195,0.65862,0.66103,1440
2020-02-25,0.66103,0.66221,0.6586,0.66047,1438
2020-02-26,0.66046,0.66067,0.65419,0.65464,1439
2020-02-27,0.65464,0.65918,0.6543,0.65798,1440
2020-02-28,0.65799,0.6585,0.64335,0.65056,1320
2020-03-01,0.64668,0.65247,0.64623,0.65132,120
2020-03-02,0.65131,0.65677,0.64886,0.65487,1440
2020-03-03,0.65484,0.66453,0.65093,0.65826,1438
2020-03-04,0.65827,0.66291,0.65827,0.66279,1440
2020-03-05,0.66279,0.66364,0.65835,0.66156,1440
2020-03-06,0.66158,0.6657,0.65847,0.66387,1320
2020-03-08,0.66057,0.6625,0.65935,0.66105,240
2020-03-09,0.66112,0.66846,0.6307,0.6582,1436
2020-03-10,0.65821,0.65985,0.6462,0.64895,1440
2020-03-11,0.64895,0.65393,0.64652,0.64701,1440
2020-03-12,0.64701,0.64738,0.62114,0.62882,1440
2020-03-13,0.62881,0.63253,0.61224,0.61835,1200
2020-03-15,0.61473,0.63027,0.61062,0.61595,238
2020-03-16,0.61593,0.61845,0.60786,0.61137,1434
2020-03-17,0.61135,0.61483,0.59585,0.59936,1440
2020-03-18,0.59938,0.60283,0.57017,0.57174,1438
2020-03-19,0.57175,0.59639,0.55068,0.57885,1440
2020-03-20,0.57884,0.5985,0.57458,0.57978,1200
2020-03-22,0.58034,0.58244,0.57045,0.57214,235
2020-03-23,0.57212,0.59028,0.56993,0.58994,1436
2020-03-24,0.58993,0.59896,0.58643,0.59587,1439
2020-03-25,0.59588,0.6073,0.58907,0.58959,1438
2020-03-26,0.5896,0.60869,0.58698,0.60553,1438
2020-03-27,0.60553,0.61998,0.60222,0.61572,1200
2020-03-29,0.61497,0.61542,0.61124,0.6129,115
2020-03-30,0.61732,0.61835,0.61111,0.61642,1439
2020-03-31,0.61645,0.62131,0.60745,0.61375,1437
2020-04-01,0.61379,0.61848,0.60384,0.60893,1440
2020-04-02,0.60894,0.61186,0.60065,0.60644,1440
2020-04-03,0.60643,0.6075,0.59797,0.59867,1260
2020-04-05,0.6011,0.60152,0.59845,0.59922,180
2020-04-06,0.59926,0.6122,0.59905,0.61163,1440
2020-04-07,0.61166,0.62078,0.60969,0.61514,1439
2020-04-08,0.61509,0.62446,0.61152,0.62326,1439
2020-04-09,0.62334,0.6363,0.61948,0.63306,1440
2020-04-10,0.63306,0.63673,0.63123,0.63409,1240
2020-04-12,0.63458,0.63574,0.63255,0.63342,173
2020-04-13,0.63343,0.64089,0.63301,0.63987,1438
2020-04-14,0.63987,0.64443,0.6374,0.64345,1435
2020-04-15,0.64345,0.64358,0.62838,0.6308,1437
2020-04-16,0.63081,0.63848,0.62639,0.63589,1440
2020-04-17,0.63592,0.63829,0.63139,0.63598,1259
2020-04-19,0.63622,0.63665,0.63362,0.63363,171
2020-04-20,0.63363,0.6397,0.63296,0.63412,1435
2020-04-21,0.63415,0.63462,0.6253,0.6292,1436
2020-04-22,0.62923,0.63525,0.62808,0.62963,1435
2020-04-23,0.62971,0.64061,0.62825,0.63756,1436
2020-04-24,0.6376,0.63981,0.63368,0.63892,1260
2020-04-26,0.63807,0.63982,0.63806,0.63969,174
2020-04-27,0.63971,0.64712,0.63921,0.64491,1439
2020-04-28,0.64492,0.65136,0.64338,0.65019,1439
2020-04-29,0.65019,0.65582,0.65008,0.6554,1440
2020-04-30,0.65538,0.65695,0.64825,0.64941,1436
2020-05-01,0.64943,0.64968,0.64097,0.64149,1260
2020-05-03,0.6412,0.64125,0.63725,0.6376,177
2020-05-04,0.63759,0.64344,0.63723,0.64252,1437
2020-05-05,0.64253,0.64756,0.64165,0.64327,1435
2020-05-06,0.6433,0.64525,0.63779,0.63905,1436
2020-05-07,0.63907,0.65102,0.63907,0.65002,1437
2020-05-08,0.65012,0.65476,0.64974,0.65301,1258
2020-05-10,0.65309,0.65368,0.65137,0.65349,172
2020-05-11,0.65349,0.65611,0.64562,0.64837,1434
2020-05-12,0.64839,0.6536,0.64318,0.64512,1436
2020-05-13,0.64514,0.6524,0.6438,0.64525,1437
2020-05-14,0.64532,0.64732,0.64031,0.647,1438
2020-05-15,0.647,0.64728,0.64017,0.64126,1260
2020-05-17,0.6419,0.64278,0.64098,0.64248,176
2020-05-18,0.6425,0.6528,0.64195,0.65229,1438
2020-05-19,0.65233,0.65847,0.65094,0.65399,1436
2020-05-20,0.65401,0.66157,0.65273,0.65907,1437
2020-05-21,0.65912,0.6598,0.65485,0.6566,1432
2020-05-22,0.65659,0.65719,0.65056,0.65334,1260
2020-05-24,0.65315,0.65479,0.65286,0.65449,176
2020-05-25,0.65449,0.65498,0.65194,0.65494,1428
2020-05-26,0.65496,0.66749,0.65418,0.66451,1437
2020-05-27,0.66451,0.668,0.65672,0.66207,1429
2020-05-28,0.66209,0.66671,0.65877,0.6632,1433
2020-05-29,0.66319,0.66829,0.66181,0.6665,1260
2020-05-31,0.6657,0.66687,0.66479,0.6658,178
2020-06-01,0.66579,0.6813,0.66577,0.67835,1436
2020-06-02,0.67835,0.69219,0.67744,0.69133,1432
2020-06-03,0.69135,0.69829,0.6856,0.69265,1438
2020-06-04,0.69268,0.69871,0.68819,0.69385,1439
2020-06-05,0.69386,0.70125,0.69304,0.69668,1260
2020-06-07,0.69646,0.70029,0.69645,0.69994,179
2020-06-08,0.69994,0.70289,0.69614,0.70231,1437
2020-06-09,0.70234,0.70424,0.6898,0.69389,1437
2020-06-10,0.69392,0.70637,0.69321,0.69676,1434
2020-06-11,0.69678,0.69936,0.68181,0.68285,1438
2020-06-12,0.68286,0.69114,0.67992,0.68638,1260
2020-06-14,0.6841,0.68452,0.68099,0.68252,180
2020-06-15,0.68252,0.69624,0.67761,0.69619,1436
2020-06-16,0.69622,0.69762,0.68333,0.68928,1438
2020-06-17,0.6893,0.69223,0.68518,0.68759,1434
2020-06-18,0.68759,0.69019,0.68357,0.68558,1431
2020-06-19,0.6856,0.69111,0.68292,0.68336,1260
2020-06-21,0.68098,0.68306,0.68097,0.68191,179
2020-06-22,0.68195,0.69347,0.68163,0.69286,1437
2020-06-23,0.69285,0.69743,0.68575,0.69428,1434
2020-06-24,0.69429,0.69616,0.68533,0.68552,1437
2020-06-25,0.68553,0.68949,0.68469,0.68876,1435
2020-06-26,0.68877,0.68949,0.68401,0.68641,1260
2020-06-28,0.68566,0.6866,0.68452,0.68596,171
2020-06-29,0.68598,0.68905,0.68414,0.68713,1433
2020-06-30,0.68714,0.69117,0.68322,0.68994,1439
2020-07-01,0.68994,0.69432,0.68766,0.69109,1435
2020-07-02,0.69109,0.69519,0.69012,0.69185,1429
2020-07-03,0.69189,0.69472,0.69133,0.6934,1257
2020-07-05,0.69285,0.69495,0.69282,0.69477,180
2020-07-06,0.69476,0.69873,0.69461,0.69742,1436
2020-07-07,0.69744,0.69972,0.69217,0.69415,1428
2020-07-08,0.69417,0.69879,0.69269,0.69851,1429
2020-07-09,0.69852,0.70007,0.69496,0.69594,1430
2020-07-10,0.69595,0.69689,0.69233,0.69479,1260
2020-07-12,0.69486,0.6959,0.6948,0.69489,175
2020-07-13,0.6949,0.69927,0.69355,0.69358,1435
2020-07-14,0.6936,0.69933,0.69209,0.69876,1437
2020-07-15,0.69876,0.70373,0.69851,0.70078,1438
2020-07-16,0.70078,0.70124,0.69628,0.6975,1429
2020-07-17,0.69754,0.70046,0.69732,0.69936,1258
2020-07-19,0.69849,0.70036,0.69843,0.70025,180
2020-07-20,0.70029,0.70253,0.69725,0.70213,1436
2020-07-21,0.70214,0.71465,0.70152,0.71377,1438
2020-07-22,0.71378,0.71827,0.71114,0.71362,1436
2020-07-23,0.71363,0.71615,0.70902,0.70983,1431
2020-07-24,0.70982,0.71249,0.70637,0.7104,1260
2020-07-26,0.70873,0.71074,0.70864,0.70961,173
2020-07-27,0.70964,0.71597,0.70961,0.7158,1427
2020-07-28,0.7158,0.71765,0.71125,0.71578,1435
2020-07-29,0.7158,0.71966,0.71491,0.71714,1428
2020-07-30,0.71714,0.72045,0.71202,0.72016,1433
2020-07-31,0.72016,0.72268,0.71329,0.71418,1260
2020-08-02,0.71292,0.71493,0.71288,0.71446,179
2020-08-03,0.71447,0.71494,0.70759,0.71159,1436
2020-08-04,0.71157,0.71765,0.71055,0.71758,1433
2020-08-05,0.71757,0.72409,0.71653,0.71973,1425
2020-08-06,0.71974,0.7239,0.71737,0.7231,1434
2020-08-07,0.72314,0.72429,0.71443,0.71558,1260
2020-08-09,0.71597,0.71636,0.71469,0.71553,177
2020-08-10,0.71553,0.71837,0.71397,0.71548,1430
2020-08-11,0.71548,0.71894,0.71345,0.71446,1427
2020-08-12,0.71446,0.71754,0.71093,0.71639,1433
2020-08-13,0.7164,0.71875,0.71353,0.71472,1433
2020-08-14,0.71475,0.71749,0.71316,0.71697,1258
2020-08-16,0.71646,0.71934,0.71627,0.7192,179
2020-08-17,0.71921,0.7227,0.71704,0.72136,1435
2020-08-18,0.72136,0.72642,0.72086,0.72542,1435
2020-08-19,0.72542,0.72753,0.71789,0.71863,1436
2020-08-20,0.71865,0.72078,0.71353,0.72033,1432
2020-08-21,0.72033,0.72155,0.71391,0.71598,1260
2020-08-23,0.71658,0.71693,0.71414,0.71591,168
2020-08-24,0.71592,0.72037,0.71522,0.71688,1424
2020-08-25,0.7169,0.72067,0.71498,0.71974,1428
2020-08-26,0.71973,0.72454,0.71868,0.72443,1428
2020-08-27,0.72445,0.72902,0.72163,0.72689,1427
2020-08-28,0.7269,0.73663,0.72552,0.73639,1260
2020-08-30,0.73582,0.73717,0.73575,0.73697,172
2020-08-31,0.73697,0.74028,0.73397,0.73769,1432
2020-09-01,0.73771,0.74132,0.73588,0.73765,1430
2020-09-02,0.73765,0.73798,0.7301,0.73275,1419
2020-09-03,0.73275,0.73324,0.7251,0.72535,1428
2020-09-04,0.72534,0.72983,0.72218,0.72804,1259
2020-09-06,0.7285,0.72908,0.72728,0.72804,172
2020-09-07,0.72803,0.72978,0.72697,0.72798,1405
2020-09-08,0.72799,0.73085,0.71918,0.7209,1436
2020-09-09,0.7209,0.72876,0.72054,0.72748,1422
2020-09-10,0.72749,0.73241,0.72471,0.7261,1432
2020-09-11,0.72611,0.73056,0.72583,0.72817,1256
2020-09-13,0.72767,0.72887,0.72749,0.72816,164
2020-09-14,0.72815,0.73032,0.7264,0.72827,1426
2020-09-15,0.72832,0.73422,0.72664,0.72951,1424
2020-09-16,0.72949,0.73448,0.72781,0.72963,1428
2020-09-17,0.72962,0.73188,0.72537,0.7313,1419
2020-09-18,0.73131,0.73337,0.72821,0.72852,1258
2020-09-20,0.72865,0.72979,0.72858,0.72933,166
2020-09-21,0.72933,0.73237,0.71988,0.72281,1433
2020-09-22,0.72281,0.72349,0.71539,0.7172,1419
2020-09-23,0.7172,0.71742,0.70594,0.70638,1439
2020-09-24,0.70638,0.70806,0.70155,0.70544,1431
2020-09-25,0.70544,0.70864,0.70052,0.70249,1259
2020-09-27,0.70283,0.70445,0.70283,0.70394,171
2020-09-28,0.70394,0.7096,0.70321,0.70932,1415
2020-09-29,0.70934,0.71453,0.70738,0.7145,1412
2020-09-30,0.71449,0.71748,0.70999,0.71644,1432
2020-10-01,0.71644,0.72086,0.71543,0.71805,1421
2020-10-02,0.71804,0.71845,0.71304,0.71585,1260
2020-10-04,0.71659,0.71743,0.71561,0.71728,173
2020-10-05,0.71729,0.71942,0.71622,0.71927,1424
2020-10-06,0.71928,0.72083,0.70952,0.71087,1432
2020-10-07,0.71087,0.71511,0.7098,0.71354,1423
2020-10-08,0.71354,0.71756,0.71227,0.71747,1425
2020-10-09,0.71744,0.72425,0.71678,0.72396,1257
2020-10-11,0.72192,0.72335,0.72192,0.72242,175
2020-10-12,0.72242,0.72345,0.72021,0.72083,1422
2020-10-13,0.72085,0.72085,0.71497,0.71637,1418
2020-10-14,0.71638,0.71902,0.7128,0.71406,1419
2020-10-15,0.71407,0.71482,0.70556,0.70874,1432
2020-10-16,0.70874,0.7096,0.70702,0.70763,1258
2020-10-18,0.70786,0.70948,0.707,0.70928,169
2020-10-19,0.70928,0.71143,0.70455,0.70534,1432
2020-10-20,0.70535,0.70721,0.70204,0.70498,1423
2020-10-21,0.70494,0.71364,0.70494,0.71038,1427
2020-10-22,0.71039,0.71389,0.70847,0.71268,1428
2020-10-23,0.71267,0.71577,0.71007,0.71349,1259
2020-10-25,0.71328,0.71415,0.71152,0.71284,227
2020-10-26,0.71285,0.7146,0.71024,0.71295,1433
2020-10-27,0.71294,0.71466,0.71127,0.7124,1432
2020-10-28,0.71243,0.71569,0.70378,0.70583,1436
2020-10-29,0.70583,0.70756,0.7002,0.70356,1422
2020-10-30,0.70356,0.70718,0.70111,0.7026,1200
2020-11-01,0.70237,0.70246,0.69965,0.70071,119
2020-11-02,0.7007,0.70571,0.69904,0.70525,1428
2020-11-03,0.70531,0.72046,0.70275,0.71962,1438
2020-11-04,0.71962,0.72216,0.70481,0.71796,1432
2020-11-05,0.71793,0.72889,0.71445,0.72616,1436
2020-11-06,0.72617,0.7287,0.72386,0.72558,1320
2020-11-08,0.72782,0.72895,0.72709,0.72857,120
2020-11-09,0.72858,0.73396,0.72663,0.72787,1438
2020-11-10,0.72786,0.72939,0.72522,0.72813,1425
2020-11-11,0.72811,0.73178,0.72597,0.72833,1422
2020-11-12,0.72834,0.72933,0.7223,0.72393,1430
2020-11-13,0.72397,0.72728,0.72211,0.72663,1318
2020-11-15,0.72652,0.72962,0.72632,0.72892,117
2020-11-16,0.72893,0.73261,0.72802,0.73193,1429
2020-11-17,0.73192,0.73394,0.72875,0.72958,1425
2020-11-18,0.72958,0.73303,0.72714,0.72962,1426
2020-11-19,0.72961,0.72995,0.7254,0.72674,1437
2020-11-20,0.72675,0.73236,0.72675,0.73004,1319
2020-11-22,0.73006,0.73146,0.72985,0.73125,116
2020-11-23,0.73123,0.73371,0.72649,0.72943,1427
2020-11-24,0.72942,0.73672,0.72907,0.73659,1423
2020-11-25,0.73661,0.73732,0.73246,0.73633,1436
2020-11-26,0.73633,0.7374,0.73521,0.7356,1424
2020-11-27,0.73565,0.73986,0.73523,0.73778,1319
2020-11-29,0.73853,0.74041,0.73826,0.74005,118
2020-11-30,0.74005,0.7407,0.73829,0.739,300
2020-12-01,0.73586,0.73831,0.73413,0.738,1429
2020-12-02,0.738,0.74195,0.73509,0.74142,1425
2020-12-03,0.74141,0.74492,0.73975,0.74359,1430
2020-12-04,0.74358,0.74435,0.74098,0.74229,1320
2020-12-06,0.7431,0.7436,0.74272,0.74298,119
2020-12-07,0.74298,0.74532,0.7372,0.74149,1425
2020-12-08,0.74151,0.7435,0.73989,0.74088,1418
2020-12-09,0.74084,0.74847,0.74072,0.74332,1436
2020-12-10,0.74333,0.75395,0.74331,0.75228,1423
2020-12-11,0.75231,0.75714,0.75198,0.75305,1316
2020-12-13,0.75489,0.75584,0.75471,0.75494,120
2020-12-14,0.75493,0.75777,0.7524,0.75346,1418
2020-12-15,0.75348,0.75712,0.75069,0.75572,1427
2020-12-16,0.75571,0.75784,0.75384,0.75692,1418
2020-12-17,0.75692,0.76393,0.75667,0.76139,1423
2020-12-18,0.76138,0.76244,0.75824,0.76193,1317
2020-12-20,0.75851,0.76058,0.75843,0.75868,120
2020-12-21,0.75868,0.76016,0.74617,0.75753,1434
2020-12-22,0.75752,0.75832,0.75165,0.75536,1423
2020-12-23,0.7553,0.75912,0.75235,0.75822,1423
2020-12-24,0.75822,0.76063,0.75778,0.75919,1353
2020-12-25,0.75919,0.76066,0.7576,0.7604,406
2020-12-27,0.75998,0.76122,0.75838,0.761,115
2020-12-28,0.76101,0.76221,0.75568,0.75871,1413
2020-12-29,0.75874,0.76244,0.75837,0.76097,1424
2020-12-30,0.76097,0.76903,0.76061,0.76874,1427
2020-12-31,0.76877,0.77418,0.76856,0.76924,1318
2021-01-03,0.77027,0.77139,0.76896,0.77109,119
2021-01-04,0.77109,0.77403,0.76419,0.76692,1432
2021-01-05,0.76692,0.77773,0.76605,0.77618,1432
2021-01-06,0.77621,0.78198,0.77327,0.78152,1429
2021-01-07,0.78152,0.7816,0.77252,0.77682,1436
2021-01-08,0.77683,0.77985,0.7728,0.77591,1319
2021-01-10,0.7755,0.776,0.77115,0.77202,120
2021-01-11,0.7721,0.77305,0.76658,0.77068,1421
2021-01-12,0.77067,0.77771,0.76864,0.77752,1433
2021-01-13,0.77752,0.7781,0.77212,0.77461,1422
2021-01-14,0.77462,0.78051,0.77281,0.77752,1426
2021-01-15,0.77751,0.77883,0.76811,0.7698,1320
2021-01-17,0.77076,0.77102,0.76826,0.76828,118
2021-01-18,0.7683,0.77039,0.76585,0.76846,1419
2021-01-19,0.76846,0.77248,0.76842,0.77131,1421
2021-01-20,0.77132,0.7763,0.77,0.77544,1432
2021-01-21,0.77544,0.7782,0.77411,0.77593,1432
2021-01-22,0.77594,0.77686,0.77016,0.77117,1316
2021-01-24,0.77158,0.77206,0.77053,0.7713,118
2021-01-25,0.77135,0.7747,0.76824,0.77143,1425
2021-01-26,0.77143,0.7754,0.76686,0.77529,1424
2021-01-27,0.77529,0.77635,0.7641,0.76478,1435
2021-01-28,0.76478,0.76975,0.75915,0.76703,1430
2021-01-29,0.76703,0.77036,0.76309,0.76405,1320
2021-01-31,0.76198,0.76302,0.76056,0.76207,120
2021-02-01,0.76204,0.76623,0.76119,0.76331,1417
2021-02-02,0.7633,0.76611,0.75634,0.76055,1435
2021-02-03,0.76054,0.76367,0.76012,0.76359,1434
2021-02-04,0.76359,0.76474,0.75878,0.75999,1432
2021-02-05,0.75999,0.7678,0.75826,0.76748,1320
2021-02-07,0.76679,0.76813,0.76666,0.7678,118
2021-02-08,0.76783,0.77145,0.76508,0.77079,1419
2021-02-09,0.77079,0.77426,0.77038,0.77395,1430
2021-02-10,0.77395,0.77557,0.77169,0.77233,1423
2021-02-11,0.77233,0.77712,0.77124,0.77513,1426
2021-02-12,0.77512,0.77642,0.77177,0.77592,1312
2021-02-14,0.77655,0.77674,0.77586,0.77624,118
2021-02-15,0.77626,0.77884,0.77592,0.7785,1418
2021-02-16,0.77849,0.78049,0.77302,0.7735,1414
2021-02-17,0.77351,0.77716,0.7724,0.77576,1414
2021-02-18,0.77574,0.77893,0.77307,0.77678,1425
2021-02-19,0.77678,0.78766,0.77572,0.78658,1319
2021-02-21,0.78698,0.78916,0.78654,0.7882,118
2021-02-22,0.78819,0.7929,0.78549,0.79137,1416
2021-02-23,0.79138,0.79344,0.788,0.79067,1436
2021-02-24,0.79067,0.79778,0.78948,0.79752,1436
2021-02-25,0.79751,0.80068,0.78583,0.78622,1429
2021-02-26,0.78622,0.78715,0.76918,0.77034,1320
2021-02-28,0.77107,0.77586,0.77067,0.77521,118
2021-03-01,0.77523,0.77864,0.77213,0.7773,1432
2021-03-02,0.77729,0.78372,0.77353,0.78238,1420
2021-03-03,0.7824,0.78379,0.7752,0.77525,1427
2021-03-04,0.77526,0.78147,0.77041,0.77139,1437
2021-03-05,0.77134,0.77262,0.76213,0.76815,1320
2021-03-07,0.7691,0.7722,0.769,0.77077,115
2021-03-08,0.77076,0.77138,0.76358,0.76552,1430
2021-03-09,0.76551,0.77255,0.76211,0.77149,1434
2021-03-10,0.77148,0.77452,0.76681,0.77298,1421
2021-03-11,0.77298,0.77934,0.77228,0.7785,1430
2021-03-12,0.77851,0.78003,0.77239,0.77576,1319
2021-03-14,0.77497,0.77711,0.77466,0.77622,232
2021-03-15,0.77622,0.77752,0.77054,0.77433,1417
2021-03-16,0.77435,0.77571,0.77101,0.77334,1420
2021-03-17,0.77335,0.78356,0.76987,0.78274,1433
2021-03-18,0.78273,0.78489,0.77352,0.77432,1434
2021-03-19,0.77431,0.77719,0.77172,0.77369,1199
2021-03-21,0.77041,0.77343,0.77023,0.77198,240
2021-03-22,0.77198,0.77561,0.77044,0.77288,1434
2021-03-23,0.77288,0.7734,0.75988,0.76069,1438
2021-03-24,0.7607,0.7628,0.75779,0.76028,1437
2021-03-25,0.76029,0.76138,0.75627,0.75916,1435
2021-03-26,0.75915,0.76439,0.7588,0.76371,1198
2021-03-28,0.76315,0.76445,0.76299,0.76379,110
2021-03-29,0.76366,0.76553,0.76147,0.76381,1420
2021-03-30,0.76383,0.76635,0.75844,0.76078,1433
2021-03-31,0.76079,0.76361,0.75878,0.75935,1430
2021-04-01,0.75936,0.76194,0.75315,0.76161,1424
2021-04-02,0.76162,0.76369,0.75925,0.75976,1232
2021-04-04,0.76027,0.76205,0.76019,0.76189,176
2021-04-05,0.7619,0.766,0.7598,0.7657,1390
2021-04-06,0.76566,0.76679,0.76053,0.76659,1426
2021-04-07,0.76659,0.76765,0.76002,0.76131,1429
2021-04-08,0.76131,0.76599,0.76022,0.76561,1431
2021-04-09,0.76564,0.76606,0.75876,0.76168,1258
2021-04-11,0.76135,0.76274,0.76096,0.7621,167
2021-04-12,0.7621,0.76351,0.75945,0.76265,1429
2021-04-13,0.76265,0.76527,0.75846,0.76467,1432
2021-04-14,0.76468,0.77374,0.76342,0.77244,1425
2021-04-15,0.77243,0.77606,0.77051,0.77507,1431
2021-04-16,0.77507,0.77588,0.77237,0.77327,1257
2021-04-18,0.77269,0.77315,0.77127,0.77127,178
2021-04-19,0.77129,0.77841,0.77056,0.77641,1428
2021-04-20,0.77643,0.78155,0.77088,0.77218,1432
2021-04-21,0.7722,0.7762,0.76991,0.77536,1431
2021-04-22,0.77536,0.77642,0.76902,0.77037,1429
2021-04-23,0.77039,0.776,0.76998,0.77438,1260
2021-04-25,0.77382,0.77523,0.77382,0.7742,177
2021-04-26,0.77421,0.78148,0.77414,0.77964,1430
2021-04-27,0.77962,0.78034,0.77612,0.77671,1436
2021-04-28,0.7767,0.78057,0.77247,0.78006,1431
2021-04-29,0.78005,0.78175,0.77499,0.77768,1430
2021-04-30,0.77768,0.77838,0.76955,0.77067,1258
2021-05-02,0.77197,0.77214,0.77123,0.77197,173
2021-05-03,0.77199,0.77664,0.77058,0.77578,1421
2021-05-04,0.77581,0.77605,0.76747,0.77128,1425
2021-05-05,0.77128,0.77545,0.77036,0.77506,1424
2021-05-06,0.77505,0.77879,0.77006,0.77867,1430
2021-05-07,0.77864,0.78621,0.77606,0.78412,1257
2021-05-09,0.78574,0.78619,0.78447,0.78579,174
2021-05-10,0.78579,0.78905,0.78264,0.78401,1431
2021-05-11,0.78402,0.78563,0.78197,0.78371,1425
2021-05-12,0.78375,0.78419,0.77189,0.7732,1434
2021-05-13,0.7732,0.77458,0.76879,0.77234,1422
2021-05-14,0.77237,0.7787,0.77137,0.77756,1258
2021-05-16,0.77687,0.77833,0.77672,0.7778,169
2021-05-17,0.77778,0.77781,0.773,0.7773,1414
2021-05-18,0.7773,0.78132,0.77674,0.77873,1422
2021-05-19,0.77875,0.77972,0.77104,0.77195,1433
2021-05-20,0.77196,0.77811,0.7716,0.7769,1421
2021-05-21,0.77689,0.77823,0.77186,0.77254,1253
2021-05-23,0.77278,0.77315,0.77227,0.77248,171
2021-05-24,0.77245,0.77573,0.77056,0.77503,1424
2021-05-25,0.77502,0.77759,0.77326,0.77497,1417
2021-05-26,0.77495,0.77955,0.77306,0.77392,1423
2021-05-27,0.7739,0.77571,0.77226,0.7742,1419
2021-05-28,0.7742,0.77468,0.76769,0.77078,1255
2021-05-30,0.77084,0.77147,0.77046,0.77075,160
2021-05-31,0.77077,0.77285,0.77001,0.77236,240
2021-06-01,0.77434,0.77689,0.77304,0.77553,1415
2021-06-02,0.77554,0.77728,0.77148,0.77436,1407
2021-06-03,0.77438,0.77534,0.7645,0.76614,1416
2021-06-04,0.76616,0.77448,0.76507,0.77383,1250
2021-06-06,0.77322,0.77444,0.77222,0.77408,153
2021-06-07,0.77408,0.77653,0.77262,0.77559,1394
2021-06-08,0.77557,0.77632,0.77312,0.77365,1385
2021-06-09,0.77364,0.77618,0.77238,0.77289,1403
2021-06-10,0.77288,0.77631,0.77169,0.77469,1415
2021-06-11,0.77472,0.77753,0.76879,0.77019,1250
2021-06-13,0.77036,0.77095,0.77036,0.77072,148
2021-06-14,0.77073,0.77255,0.76934,0.77113,1404
2021-06-15,0.77114,0.77163,0.76737,0.76852,1425
2021-06-16,0.76855,0.77152,0.76043,0.76144,1437
2021-06-17,0.76143,0.76452,0.75392,0.75564,1436
2021-06-18,0.75563,0.75606,0.74761,0.74762,1259
2021-06-20,0.74834,0.75051,0.74796,0.7501,175
2021-06-21,0.75008,0.75457,0.74771,0.75342,1434
2021-06-22,0.75342,0.7564,0.74936,0.75537,1431
2021-06-23,0.75537,0.75986,0.75374,0.75727,1426
2021-06-24,0.75729,0.75911,0.75651,0.75813,1424
2021-06-25,0.75813,0.76162,0.75792,0.75895,1259
2021-06-27,0.75738,0.7595,0.75735,0.75941,178
2021-06-28,0.7594,0.76013,0.75541,0.75677,1425
2021-06-29,0.75678,0.75702,0.75071,0.75129,1426
2021-06-30,0.75131,0.75267,0.74914,0.7497,1427
2021-07-01,0.7497,0.75074,0.74599,0.7465,1423
2021-07-02,0.7465,0.75326,0.74441,0.75218,1255
2021-07-04,0.75204,0.75287,0.75171,0.75176,169
2021-07-05,0.75176,0.75472,0.75084,0.754,1414
2021-07-06,0.75401,0.75985,0.74803,0.74942,1425
2021-07-07,0.74943,0.75335,0.74623,0.74829,1427
2021-07-08,0.74828,0.74835,0.7416,0.74325,1433
2021-07-09,0.74327,0.74937,0.74093,0.74904,1260
2021-07-11,0.74779,0.74926,0.74776,0.74891,175
2021-07-12,0.7489,0.74956,0.74478,0.74772,1430
2021-07-13,0.74773,0.75026,0.74258,0.74393,1431
2021-07-14,0.7439,0.74871,0.74306,0.74802,1436
2021-07-15,0.74802,0.74843,0.74099,0.74222,1433
2021-07-16,0.74225,0.74423,0.73917,0.7393,1260
2021-07-18,0.73991,0.74082,0.73848,0.73877,173
2021-07-19,0.73878,0.73888,0.73213,0.73367,1437
2021-07-20,0.73366,0.73567,0.72993,0.73381,1432
2021-07-21,0.73381,0.73622,0.7289,0.73512,1426
2021-07-22,0.73511,0.7399,0.73417,0.73799,1424
2021-07-23,0.738,0.73895,0.73565,0.73624,1257
2021-07-25,0.73624,0.73721,0.73552,0.73674,161
2021-07-26,0.73676,0.73902,0.73301,0.73835,1425
2021-07-27,0.73835,0.73883,0.73367,0.73656,1428
2021-07-28,0.73656,0.7381,0.73164,0.73764,1436
2021-07-29,0.73764,0.74131,0.73589,0.73955,1431
2021-07-30,0.73953,0.74041,0.73306,0.73415,1259
2021-08-01,0.73323,0.73457,0.73323,0.73411,175
2021-08-02,0.73414,0.73817,0.73286,0.73598,1419
2021-08-03,0.73599,0.74079,0.73569,0.73961,1432
2021-08-04,0.73959,0.74263,0.73696,0.73818,1416
2021-08-05,0.73818,0.74155,0.73762,0.74024,1404
2021-08-06,0.74024,0.74041,0.7346,0.73518,1255
2021-08-08,0.7351,0.7357,0.73297,0.73346,175
2021-08-09,0.73347,0.73634,0.73275,0.73294,1411
2021-08-10,0.73294,0.73556,0.73155,0.73432,1412
2021-08-11,0.73434,0.73888,0.73228,0.737,1418
2021-08-12,0.737,0.73728,0.73315,0.73406,1409
2021-08-13,0.73407,0.73809,0.73328,0.73677,1244
2021-08-15,0.73614,0.73725,0.73614,0.73648,171
2021-08-16,0.73649,0.73672,0.73189,0.73386,1409
2021-08-17,0.73386,0.73386,0.72421,0.72548,1412
2021-08-18,0.72546,0.7269,0.72282,0.72304,1433
2021-08-19,0.72304,0.72344,0.71419,0.71458,1431
2021-08-20,0.71457,0.71559,0.71056,0.71347,1255
2021-08-22,0.71213,0.71408,0.711,0.71378,171
2021-08-23,0.71379,0.72175,0.71379,0.72081,1423
2021-08-24,0.7208,0.72706,0.72003,0.72481,1427
2021-08-25,0.72483,0.728,0.72367,0.72759,1420
2021-08-26,0.72761,0.72792,0.72338,0.72378,1407
2021-08-27,0.72378,0.73164,0.72216,0.73089,1252
2021-08-29,0.73029,0.73157,0.73029,0.7315,170
2021-08-30,0.73149,0.73181,0.7284,0.72894,1418
2021-08-31,0.72896,0.73409,0.72876,0.73173,1428
2021-09-01,0.73174,0.73835,0.73075,0.73654,1426
2021-09-02,0.73654,0.74091,0.73554,0.7397,1417
2021-09-03,0.73971,0.74775,0.73949,0.7447,1252
2021-09-05,0.74531,0.74544,0.74424,0.74425,170
2021-09-06,0.74425,0.74433,0.74259,0.74358,1416
2021-09-07,0.74357,0.7468,0.73743,0.73859,1404
2021-09-08,0.73861,0.74036,0.73446,0.73607,1425
2021-09-09,0.73607,0.73938,0.73465,0.73672,1431
2021-09-10,0.73674,0.74093,0.73477,0.73512,1260
2021-09-12,0.73473,0.73678,0.73473,0.7365,168
2021-09-13,0.73648,0.73753,0.73356,0.73652,1415
2021-09-14,0.73652,0.73729,0.73129,0.73163,1425
2021-09-15,0.73164,0.73436,0.73007,0.73408,1405
2021-09-16,0.73407,0.73468,0.72736,0.72909,1424
2021-09-17,0.72909,0.73212,0.72612,0.72613,1260
2021-09-19,0.72616,0.72668,0.72589,0.7263,175
2021-09-20,0.7263,0.72679,0.72196,0.7259,1432
2021-09-21,0.72591,0.72826,0.72212,0.72279,1433
2021-09-22,0.72278,0.7296,0.72233,0.72318,1424
2021-09-23,0.72319,0.7315,0.72224,0.72962,1430
2021-09-24,0.72962,0.73161,0.72356,0.72577,1260
2021-09-26,0.72525,0.72678,0.72505,0.72645,158
2021-09-27,0.72646,0.72934,0.72491,0.72799,1421
2021-09-28,0.72797,0.73106,0.7225,0.72435,1411
2021-09-29,0.72431,0.72638,0.717,0.71782,1434
2021-09-30,0.7178,0.7257,0.71766,0.72282,1420
2021-10-01,0.72282,0.7276,0.71916,0.72598,1260
2021-10-03,0.72568,0.72823,0.72563,0.72742,175
2021-10-04,0.72741,0.73037,0.72508,0.72888,1422
2021-10-05,0.72886,0.73006,0.72484,0.72875,1431
2021-10-06,0.72874,0.72915,0.72254,0.72819,1435
2021-10-07,0.72816,0.73238,0.72701,0.73162,1427
2021-10-08,0.73159,0.73377,0.72877,0.73052,1259
2021-10-10,0.73047,0.7312,0.72917,0.72939,173
2021-10-11,0.7294,0.73725,0.72934,0.73478,1434
2021-10-12,0.73476,0.73841,0.73318,0.73328,1428
2021-10-13,0.73329,0.7383,0.7323,0.73825,1431
2021-10-14,0.73825,0.74262,0.73714,0.74131,1435
2021-10-15,0.74131,0.74396,0.7403,0.74174,1260
2021-10-17,0.74146,0.7437,0.74125,0.74237,180
2021-10-18,0.74238,0.74251,0.73781,0.74148,1428
2021-10-19,0.74149,0.74851,0.74144,0.74744,1436
2021-10-20,0.74743,0.75222,0.74647,0.75146,1433
2021-10-21,0.75145,0.7546,0.7458,0.74628,1436
2021-10-22,0.7463,0.75118,0.74533,0.74631,1259
2021-10-24,0.74647,0.7471,0.7462,0.74682,170
2021-10-25,0.74679,0.75048,0.74641,0.74912,1414
2021-10-26,0.74912,0.7525,0.74888,0.75119,1434
2021-10-27,0.75119,0.75356,0.74868,0.74995,1433
2021-10-28,0.74996,0.7555,0.74793,0.75305,1433
2021-10-29,0.75305,0.75548,0.74998,0.75191,1259
2021-10-31,0.75059,0.75242,0.75059,0.75107,236
2021-11-01,0.75103,0.75357,0.74857,0.75221,1432
2021-11-02,0.75222,0.75315,0.74198,0.74342,1430
2021-11-03,0.74343,0.74701,0.74119,0.74578,1434
2021-11-04,0.74575,0.74629,0.73824,0.73994,1431
2021-11-05,0.73996,0.74117,0.73595,0.73979,1199
2021-11-07,0.73911,0.74036,0.7391,0.73947,117
2021-11-08,0.73948,0.74307,0.73838,0.7414,1438
2021-11-09,0.74142,0.74312,0.73603,0.73754,1430
2021-11-10,0.73754,0.73929,0.73225,0.73333,1438
2021-11-11,0.73332,0.73406,0.72859,0.729,1435
2021-11-12,0.729,0.73347,0.72761,0.73282,1318
2021-11-14,0.73217,0.73359,0.73217,0.73316,115
2021-11-15,0.73313,0.73702,0.73228,0.73447,1434
2021-11-16,0.73447,0.73676,0.72917,0.73006,1429
2021-11-17,0.73006,0.73044,0.72582,0.72676,1433
2021-11-18,0.72676,0.72926,0.72491,0.72759,1430
2021-11-19,0.72759,0.72909,0.72264,0.72298,1315
2021-11-21,0.72344,0.72352,0.72281,0.72306,117
2021-11-22,0.72305,0.72729,0.72202,0.72268,1435
2021-11-23,0.72268,0.72359,0.72064,0.72212,1435
2021-11-24,0.72213,0.72271,0.71835,0.72011,1424
2021-11-25,0.72009,0.72088,0.71725,0.71727,1425
2021-11-26,0.71727,0.71772,0.71106,0.7113,1310
2021-11-28,0.71353,0.71446,0.71142,0.71421,120
2021-11-29,0.71418,0.71591,0.71132,0.71449,1439
2021-11-30,0.7145,0.71702,0.70624,0.71242,1438
2021-12-01,0.71245,0.71727,0.70943,0.71068,1431
2021-12-02,0.71068,0.71192,0.70835,0.7087,1436
2021-12-03,0.70867,0.70897,0.69926,0.69951,1319
2021-12-05,0.69978,0.70199,0.69978,0.70167,117
2021-12-06,0.70168,0.70541,0.7006,0.70483,1431
2021-12-07,0.70482,0.71239,0.70391,0.71217,1436
2021-12-08,0.7122,0.71833,0.71166,0.71682,1435
2021-12-09,0.71681,0.71864,0.71353,0.71458,1434
2021-12-10,0.71458,0.71819,0.71316,0.71671,1318
2021-12-12,0.71584,0.71718,0.71574,0.7165,117
2021-12-13,0.71649,0.71757,0.71101,0.71306,1438
2021-12-14,0.71306,0.71351,0.70895,0.71033,1429
2021-12-15,0.71035,0.71771,0.70915,0.71659,1437
2021-12-16,0.7166,0.72233,0.7145,0.71749,1438
2021-12-17,0.71748,0.71814,0.71217,0.71217,1320
2021-12-19,0.71271,0.71323,0.71086,0.71159,117
2021-12-20,0.7116,0.71272,0.70817,0.71088,1436
2021-12-21,0.71088,0.71557,0.70981,0.71471,1431
2021-12-22,0.7147,0.72198,0.71202,0.72115,1436
2021-12-23,0.72113,0.72513,0.71956,0.72315,1420
2021-12-24,0.72316,0.72434,0.72129,0.72159,1259
2021-12-26,0.72255,0.72373,0.72181,0.72291,107
2021-12-27,0.72291,0.72443,0.72051,0.7235,1407
2021-12-28,0.72353,0.72634,0.72183,0.72317,1412
2021-12-29,0.72317,0.7272,0.72126,0.72578,1426
2021-12-30,0.72577,0.72753,0.7243,0.72489,1427
2021-12-31,0.72488,0.7277,0.72438,0.72627,1310
2022-01-02,0.72538,0.72749,0.72538,0.72671,97
2022-01-03,0.72669,0.72766,0.71837,0.7195,1416
2022-01-04,0.71954,0.72483,0.71846,0.72382,1434
2022-01-05,0.72381,0.72719,0.72138,0.72201,1429
2022-01-06,0.72201,0.72205,0.71455,0.71619,1423
2022-01-07,0.71617,0.71873,0.71293,0.71776,1313
2022-01-09,0.71724,0.71841,0.71703,0.71778,108
2022-01-10,0.71777,0.72021,0.71483,0.71794,1429
2022-01-11,0.71797,0.72141,0.71544,0.72093,1434
2022-01-12,0.72092,0.72922,0.71998,0.72813,1429
2022-01-13,0.72813,0.73138,0.72731,0.72805,1435
2022-01-14,0.72805,0.72931,0.71977,0.72094,1320
2022-01-16,0.72147,0.72234,0.7207,0.72153,117
2022-01-17,0.72153,0.7229,0.7195,0.72108,1388
2022-01-18,0.72108,0.72274,0.71696,0.71865,1432
2022-01-19,0.71869,0.72376,0.71765,0.72155,1432
2022-01-20,0.72155,0.7276,0.72041,0.72158,1437
2022-01-21,0.72159,0.72182,0.71711,0.71721,1320
2022-01-23,0.71708,0.71872,0.71708,0.71868,116
2022-01-24,0.71869,0.7187,0.70901,0.71533,1432
2022-01-25,0.71535,0.7176,0.71209,0.7158,1432
2022-01-26,0.71578,0.71809,0.70951,0.71208,1430
2022-01-27,0.71207,0.71209,0.70233,0.70345,1439
2022-01-28,0.70349,0.70454,0.69669,0.69917,1320
2022-01-30,0.69893,0.6997,0.69866,0.69959,118
2022-01-31,0.69959,0.70762,0.69915,0.70675,1435
2022-02-01,0.70674,0.7139,0.70329,0.71332,1432
2022-02-02,0.71331,0.71587,0.71177,0.71201,1435
2022-02-03,0.71201,0.71678,0.71093,0.71417,1433
2022-02-04,0.71418,0.7151,0.70512,0.70724,1320
2022-02-06,0.70764,0.70854,0.70746,0.70791,119
2022-02-07,0.70794,0.71299,0.70648,0.71265,1436
2022-02-08,0.71267,0.7147,0.71062,0.71446,1429
2022-02-09,0.71446,0.71941,0.71413,0.71765,1435
2022-02-10,0.71767,0.72483,0.71467,0.71609,1436
2022-02-11,0.7161,0.71848,0.71081,0.71318,1320
2022-02-13,0.7126,0.71499,0.71254,0.71439,118
2022-02-14,0.71436,0.71461,0.70857,0.71314,1427
2022-02-15,0.71313,0.71561,0.71012,0.71477,1428
2022-02-16,0.71475,0.72075,0.7143,0.7192,1435
2022-02-17,0.71919,0.72171,0.7149,0.71866,1427
2022-02-18,0.71865,0.72275,0.71643,0.71711,1320
2022-02-20,0.71694,0.7178,0.71664,0.71712,120
2022-02-21,0.71715,0.72223,0.71669,0.71834,1436
2022-02-22,0.71836,0.72331,0.71802,0.72261,1431
2022-02-23,0.7226,0.72835,0.72182,0.72271,1438
2022-02-24,0.7227,0.72287,0.70942,0.71596,1437
2022-02-25,0.71597,0.72373,0.71392,0.72333,1320
2022-02-27,0.71584,0.71898,0.71568,0.7185,120
2022-02-28,0.71848,0.72671,0.7167,0.72582,1435
2022-03-01,0.72583,0.72893,0.72376,0.72605,1433
2022-03-02,0.72605,0.73062,0.72429,0.72925,1429
2022-03-03,0.72925,0.73472,0.72757,0.73354,1430
2022-03-04,0.73352,0.73801,0.73,0.737,1320
2022-03-06,0.73732,0.73945,0.73541,0.73935,117
2022-03-07,0.73934,0.74408,0.73094,0.73286,1438
2022-03-08,0.73288,0.73476,0.72448,0.72669,1438
2022-03-09,0.72671,0.73369,0.72662,0.73162,1440
2022-03-10,0.73163,0.73671,0.7287,0.73649,1433
2022-03-11,0.73653,0.73661,0.72818,0.72901,1320
2022-03-13,0.72878,0.72983,0.72713,0.72762,230
2022-03-14,0.72762,0.72789,0.71858,0.71898,1433
2022-03-15,0.71898,0.72269,0.71647,0.71802,1438
2022-03-16,0.71803,0.73199,0.71801,0.73173,1437
2022-03-17,0.73175,0.73933,0.72829,0.73787,1434
2022-03-18,0.73786,0.74174,0.73602,0.74128,1200
2022-03-20,0.74034,0.74168,0.73995,0.74158,230
2022-03-21,0.74158,0.74243,0.73733,0.73835,1426
2022-03-22,0.73835,0.74765,0.73751,0.74537,1438
2022-03-23,0.74535,0.75067,0.745,0.74931,1430
2022-03-24,0.7493,0.75272,0.74659,0.75024,1431
2022-03-25,0.75026,0.75363,0.74945,0.75123,1200
2022-03-27,0.74998,0.75161,0.74954,0.75152,118
2022-03-28,0.75166,0.75395,0.74662,0.74963,1435
2022-03-29,0.74963,0.7524,0.74555,0.75139,1420
2022-03-30,0.75139,0.75359,0.74935,0.75009,1421
2022-03-31,0.75009,0.75252,0.74701,0.74911,1437
2022-04-01,0.74911,0.75241,0.74721,0.74973,1259
2022-04-03,0.74873,0.74948,0.74737,0.7485,172
2022-04-04,0.74851,0.75559,0.74825,0.75427,1431
2022-04-05,0.75426,0.76607,0.75355,0.75848,1437
2022-04-06,0.75846,0.75927,0.74855,0.75041,1431
2022-04-07,0.7504,0.7513,0.74663,0.74775,1426
2022-04-08,0.74774,0.74922,0.74259,0.74577,1260
2022-04-10,0.74548,0.74652,0.74447,0.7445,172
2022-04-11,0.74449,0.74601,0.74114,0.74141,1430
2022-04-12,0.74141,0.74929,0.73992,0.74532,1428
2022-04-13,0.74532,0.74742,0.73913,0.74495,1435
2022-04-14,0.74498,0.74679,0.73969,0.74072,1426
2022-04-15,0.74071,0.74125,0.73892,0.73898,1246
2022-04-17,0.73899,0.7403,0.73831,0.73958,168
2022-04-18,0.73959,0.73967,0.73423,0.73564,1431
2022-04-19,0.73561,0.73996,0.73446,0.73928,1435
2022-04-20,0.73929,0.74571,0.73724,0.74435,1432
2022-04-21,0.74435,0.74577,0.73589,0.73597,1440
2022-04-22,0.736,0.73687,0.72342,0.72352,1260
2022-04-24,0.72498,0.72501,0.72315,0.72316,174
2022-04-25,0.72317,0.7233,0.71346,0.71761,1437
2022-04-26,0.71761,0.72282,0.7118,0.7141,1437
2022-04-27,0.71412,0.71901,0.71009,0.71211,1434
2022-04-28,0.71211,0.71616,0.70544,0.71087,1430
2022-04-29,0.71092,0.71794,0.70571,0.70581,1260
2022-05-01,0.70682,0.70752,0.70595,0.70624,177
2022-05-02,0.70625,0.70815,0.70294,0.70503,1422
2022-05-03,0.70503,0.71472,0.70503,0.71004,1415
2022-05-04,0.71003,0.72648,0.70882,0.72509,1430
2022-05-05,0.72509,0.72657,0.70768,0.71187,1435
2022-05-06,0.71189,0.71347,0.70579,0.7071,1260
2022-05-08,0.70624,0.70704,0.70419,0.70441,175
2022-05-09,0.70441,0.70458,0.69429,0.69531,1436
2022-05-10,0.6953,0.69857,0.69102,0.69321,1428
2022-05-11,0.6932,0.70532,0.69256,0.69258,1437
2022-05-12,0.69258,0.69526,0.68284,0.68679,1420
2022-05-13,0.68679,0.69405,0.68625,0.69356,1260
2022-05-15,0.69174,0.69527,0.69174,0.69469,171
2022-05-16,0.69467,0.6982,0.68718,0.69723,1430
2022-05-17,0.69722,0.704,0.69713,0.70296,1425
2022-05-18,0.70293,0.70461,0.69491,0.69575,1435
2022-05-19,0.69576,0.70722,0.69531,0.70411,1430
2022-05-20,0.70411,0.7073,0.70016,0.70381,1260
2022-05-22,0.70465,0.70688,0.7039,0.70609,169
2022-05-23,0.70608,0.71265,0.70581,0.70858,1428
2022-05-24,0.70858,0.71186,0.70565,0.71008,1432
2022-05-25,0.71006,0.71184,0.70351,0.70889,1437
2022-05-26,0.70888,0.71092,0.70567,0.70976,1430
2022-05-27,0.70977,0.71665,0.70888,0.7157,1259
2022-05-29,0.71575,0.71651,0.71446,0.71578,174
2022-05-30,0.71579,0.71994,0.71565,0.71936,1429
2022-05-31,0.71937,0.7203,0.71492,0.7182,1425
2022-06-01,0.71822,0.72298,0.71552,0.71707,1430
2022-06-02,0.71707,0.72701,0.71403,0.72645,1428
2022-06-03,0.72645,0.72826,0.72011,0.72034,1260
2022-06-05,0.72115,0.72158,0.71999,0.72002,169
2022-06-06,0.72003,0.72313,0.71801,0.71859,1430
2022-06-07,0.71858,0.72461,0.71566,0.72207,1428
2022-06-08,0.72205,0.72337,0.7175,0.71858,1430
2022-06-09,0.71859,0.71938,0.7093,0.70971,1435
2022-06-10,0.7097,0.71375,0.70369,0.7044,1259
2022-06-12,0.70352,0.70446,0.70148,0.70192,177
2022-06-13,0.70192,0.70337,0.69107,0.69401,1435
2022-06-14,0.694,0.69699,0.685,0.68868,1436
2022-06-15,0.6887,0.70238,0.68852,0.70172,1435
2022-06-16,0.70171,0.70685,0.6943,0.70395,1433
2022-06-17,0.70395,0.70423,0.6897,0.69322,1260
2022-06-19,0.6915,0.69566,0.6915,0.69504,173
2022-06-20,0.69501,0.69954,0.69262,0.69676,1415
2022-06-21,0.69674,0.69933,0.69342,0.6959,1430
2022-06-22,0.69592,0.6961,0.68809,0.69045,1428
2022-06-23,0.69046,0.69258,0.68687,0.69021,1432
2022-06-24,0.6902,0.69573,0.68881,0.69402,1259
2022-06-26,0.69415,0.69584,0.69365,0.69438,168
2022-06-27,0.69433,0.69482,0.69066,0.69204,1426
2022-06-28,0.69203,0.69641,0.69022,0.69027,1430
2022-06-29,0.69028,0.69195,0.68611,0.68776,1320
2022-06-30,0.68774,0.69188,0.68529,0.68973,1432
2022-07-01,0.68971,0.69027,0.67634,0.68105,1260
2022-07-03,0.68038,0.68248,0.68038,0.68127,173
2022-07-04,0.68126,0.68882,0.67931,0.68707,1423
2022-07-05,0.68706,0.68943,0.67612,0.67933,1431
2022-07-06,0.67932,0.68256,0.67614,0.67814,1434
2022-07-07,0.67813,0.685,0.67639,0.6847,1427
2022-07-08,0.68472,0.68738,0.67911,0.68538,1260
2022-07-10,0.68404,0.6854,0.68356,0.68444,176
2022-07-11,0.6845,0.68453,0.67141,0.67398,1438
2022-07-12,0.67399,0.67784,0.67104,0.67453,1433
2022-07-13,0.67452,0.68029,0.67251,0.67319,1438
2022-07-14,0.67319,0.67874,0.6681,0.67557,1435
2022-07-15,0.67555,0.68058,0.67186,0.67887,1258
2022-07-17,0.67847,0.68135,0.67838,0.68128,169
2022-07-18,0.68127,0.6854,0.67926,0.68091,1432
2022-07-19,0.68092,0.6912,0.68019,0.68948,1433
2022-07-20,0.68948,0.69297,0.68726,0.68835,1431
2022-07-21,0.68833,0.69378,0.68585,0.69216,1438
2022-07-22,0.69214,0.69769,0.68927,0.69227,1260
2022-07-24,0.69217,0.69264,0.69027,0.69031,172
2022-07-25,0.69032,0.69647,0.68782,0.69497,1437
2022-07-26,0.69501,0.69826,0.69216,0.69447,1432
2022-07-27,0.69447,0.70117,0.69114,0.69933,1437
2022-07-28,0.6993,0.70134,0.69544,0.6997,1432
2022-07-29,0.69973,0.70312,0.69105,0.69881,1259
2022-07-31,0.69697,0.69866,0.69671,0.697,172
2022-08-01,0.697,0.70466,0.69676,0.70234,1422
2022-08-02,0.70235,0.70316,0.68878,0.68897,1430
2022-08-03,0.68903,0.6955,0.68857,0.6937,1438
2022-08-04,0.6937,0.69893,0.69344,0.69591,1437
2022-08-05,0.69593,0.69742,0.68689,0.69111,1260
2022-08-07,0.68913,0.69107,0.68913,0.69024,168
2022-08-08,0.69024,0.70087,0.68974,0.6988,1434
2022-08-09,0.6988,0.69942,0.6953,0.69537,1431
2022-08-10,0.69536,0.71085,0.69461,0.70812,1430
2022-08-11,0.7081,0.71363,0.70625,0.71008,1420
2022-08-12,0.7101,0.71278,0.70842,0.71201,1260
2022-08-14,0.71129,0.71242,0.71055,0.71148,173
2022-08-15,0.7115,0.71246,0.70105,0.70183,1433
2022-08-16,0.70183,0.70395,0.69905,0.70189,1434
2022-08-17,0.70188,0.70258,0.69104,0.69305,1430
2022-08-18,0.69305,0.69694,0.68984,0.69106,1432
2022-08-19,0.6911,0.69191,0.68585,0.68712,1260
2022-08-21,0.6869,0.68775,0.68607,0.68763,162
2022-08-22,0.68764,0.69283,0.68617,0.68775,1439
2022-08-23,0.68775,0.69628,0.68555,0.69205,1427
2022-08-24,0.69205,0.69283,0.68784,0.69049,1433
2022-08-25,0.69049,0.69907,0.69017,0.69613,1433
2022-08-26,0.69614,0.70084,0.68877,0.68892,1259
2022-08-28,0.68781,0.68852,0.68596,0.6864,173
2022-08-29,0.68641,0.69255,0.68403,0.69067,1435
2022-08-30,0.69069,0.69556,0.6845,0.68536,1426
2022-08-31,0.68536,0.69036,0.68254,0.68273,1434
2022-09-01,0.68272,0.68452,0.67706,0.67944,1434
2022-09-02,0.67943,0.68543,0.67788,0.68165,1259
2022-09-04,0.67773,0.67977,0.67757,0.67885,177
2022-09-05,0.67885,0.68146,0.67722,0.68104,1399
2022-09-06,0.68104,0.68317,0.67245,0.67272,1432
2022-09-07,0.67276,0.67732,0.66985,0.67517,1430
2022-09-08,0.67519,0.67654,0.67124,0.6764,1412
2022-09-09,0.67638,0.68768,0.67616,0.68385,1259
2022-09-11,0.68273,0.685,0.68208,0.68449,179
2022-09-12,0.6845,0.68991,0.68236,0.68922,1428
2022-09-13,0.68923,0.69155,0.67246,0.674,1440
2022-09-14,0.674,0.67617,0.67044,0.6752,1432
2022-09-15,0.67524,0.67694,0.66843,0.6686,1424
2022-09-16,0.6686,0.67236,0.66694,0.67195,1260
2022-09-18,0.67136,0.67334,0.67099,0.67244,144
2022-09-19,0.67244,0.67349,0.66715,0.67318,1433
2022-09-20,0.67318,0.6747,0.66759,0.66942,1434
2022-09-21,0.66941,0.67044,0.66068,0.66116,1440
2022-09-22,0.6612,0.66703,0.65736,0.66436,1436
2022-09-23,0.66432,0.66552,0.65108,0.65358,1260
2022-09-25,0.65141,0.65374,0.65092,0.65301,177
2022-09-26,0.65302,0.65363,0.64371,0.64708,1428
2022-09-27,0.64709,0.65126,0.64134,0.64339,1433
2022-09-28,0.64335,0.65303,0.63626,0.65023,1433
2022-09-29,0.65024,0.6518,0.6435,0.65078,1437
2022-09-30,0.65077,0.65234,0.63907,0.64023,1260
2022-10-02,0.63995,0.64278,0.63975,0.64192,168
2022-10-03,0.64192,0.65214,0.64109,0.65025,1428
2022-10-04,0.65026,0.6547,0.64497,0.65127,1430
2022-10-05,0.65127,0.65256,0.6416,0.65117,1434
2022-10-06,0.65116,0.65404,0.63887,0.64137,1435
2022-10-07,0.64136,0.64319,0.63537,0.63604,1260
2022-10-09,0.63569,0.63656,0.63415,0.63601,144
2022-10-10,0.63601,0.63796,0.62742,0.62953,1430
2022-10-11,0.62953,0.63453,0.62468,0.62641,1436
2022-10-12,0.62641,0.62983,0.6235,0.62751,1439
2022-10-13,0.62747,0.63159,0.61695,0.62943,1435
2022-10-14,0.62943,0.63465,0.61934,0.61989,1260
2022-10-16,0.62053,0.62232,0.62021,0.62212,165
2022-10-17,0.62212,0.63115,0.62091,0.62967,1429
2022-10-18,0.62966,0.63393,0.62653,0.63142,1423
2022-10-19,0.63141,0.63236,0.62507,0.62627,1423
2022-10-20,0.62627,0.63555,0.62278,0.62736,1435
2022-10-21,0.62738,0.63923,0.62096,0.63853,1260
2022-10-23,0.63939,0.64104,0.63545,0.63679,168
2022-10-24,0.63679,0.63761,0.62718,0.63269,1432
2022-10-25,0.63271,0.64116,0.6303,0.63834,1436
2022-10-26,0.63836,0.65104,0.63716,0.64951,1428
2022-10-27,0.64951,0.65214,0.6425,0.64497,1432
2022-10-28,0.64498,0.64792,0.63884,0.64116,1260
2022-10-30,0.63945,0.64143,0.63864,0.64115,228
2022-10-31,0.64118,0.64273,0.63675,0.63997,1423
2022-11-01,0.63996,0.64634,0.63764,0.63908,1437
2022-11-02,0.63906,0.64916,0.63242,0.6341,1428
2022-11-03,0.63409,0.63713,0.62716,0.62882,1427
2022-11-04,0.62883,0.64822,0.62866,0.64729,1196
2022-11-06,0.6414,0.64461,0.64072,0.64383,120
2022-11-07,0.64383,0.64899,0.64059,0.64735,1432
2022-11-08,0.64735,0.65506,0.64436,0.65079,1433
2022-11-09,0.65079,0.65216,0.64137,0.64298,1421
2022-11-10,0.64298,0.6631,0.6386,0.66055,1437
2022-11-11,0.66057,0.67162,0.65772,0.67052,1320
2022-11-13,0.66994,0.67031,0.66677,0.66943,116
2022-11-14,0.66942,0.67231,0.66628,0.66916,1425
2022-11-15,0.66917,0.67969,0.6685,0.67687,1430
2022-11-16,0.67689,0.67921,0.67192,0.67381,1435
2022-11-17,0.67383,0.67505,0.66334,0.66867,1435
2022-11-18,0.66867,0.67298,0.66609,0.66684,1320
2022-11-20,0.66585,0.66829,0.66585,0.66825,101
2022-11-21,0.66825,0.6683,0.6584,0.66068,1436
2022-11-22,0.66067,0.66509,0.66037,0.66483,1428
2022-11-23,0.66484,0.67459,0.66334,0.67455,1434
2022-11-24,0.67454,0.67777,0.67307,0.67646,1429
2022-11-25,0.67647,0.67804,0.67201,0.67466,1320
2022-11-27,0.67163,0.67278,0.67096,0.67104,107
2022-11-28,0.67106,0.67219,0.66412,0.66509,1359
2022-11-29,0.66509,0.67483,0.66396,0.66826,1438
2022-11-30,0.6683,0.68018,0.66696,0.67986,1435
2022-12-01,0.67987,0.68437,0.67822,0.68098,1437
2022-12-02,0.68097,0.68355,0.67421,0.67914,1320
2022-12-04,0.67835,0.68123,0.67716,0.68118,115
2022-12-05,0.68118,0.68504,0.66863,0.6706,1438
2022-12-06,0.67062,0.67437,0.66802,0.66975,1429
2022-12-07,0.66975,0.67415,0.66682,0.67247,1427
2022-12-08,0.67246,0.67803,0.66978,0.67745,1423
2022-12-09,0.67743,0.6813,0.67419,0.6793,1320
2022-12-11,0.67827,0.67974,0.6778,0.6778,112
2022-12-12,0.67782,0.67949,0.67282,0.67513,1434
2022-12-13,0.67512,0.68927,0.67394,0.6841,1435
2022-12-14,0.6841,0.68809,0.68095,0.68567,1439
2022-12-15,0.68566,0.68693,0.66761,0.67049,1426
2022-12-16,0.6705,0.67355,0.66748,0.66851,1320
2022-12-18,0.67037,0.67092,0.66824,0.66867,114
2022-12-19,0.66868,0.67321,0.66839,0.67049,1422
2022-12-20,0.67048,0.67437,0.66286,0.66873,1426
2022-12-21,0.66873,0.67277,0.6656,0.67122,1427
2022-12-22,0.67122,0.6767,0.66497,0.66756,1432
2022-12-23,0.66756,0.67244,0.66598,0.6713,1319
2022-12-25,0.66918,0.67136,0.66876,0.67057,47
2022-12-26,0.67056,0.67562,0.66785,0.67434,1174
2022-12-27,0.67433,0.67754,0.67229,0.67284,1424
2022-12-28,0.67281,0.68006,0.67185,0.67463,1425
2022-12-29,0.67464,0.67871,0.671,0.67652,1432
2022-12-30,0.67653,0.68203,0.67533,0.68168,1319
2023-01-01,0.67896,0.68182,0.67896,0.68131,50
2023-01-02,0.68124,0.68181,0.67847,0.68074,1289
2023-01-03,0.68074,0.6834,0.66874,0.6725,1422
2023-01-04,0.67248,0.68858,0.67226,0.68282,1435
2023-01-05,0.68282,0.68445,0.67345,0.6752,1435
2023-01-06,0.6752,0.68863,0.67217,0.68742,1320
2023-01-08,0.68773,0.68966,0.68732,0.68955,110
2023-01-09,0.68955,0.69494,0.68844,0.69088,1424
2023-01-10,0.6909,0.69272,0.68591,0.68927,1422
2023-01-11,0.68929,0.6925,0.68724,0.69087,1437
2023-01-12,0.69085,0.69842,0.68707,0.69665,1424
2023-01-13,0.69664,0.69936,0.69148,0.69676,1319
2023-01-15,0.69681,0.69772,0.69663,0.69715,106
2023-01-16,0.69714,0.70187,0.69403,0.69654,1425
2023-01-17,0.69658,0.69969,0.69292,0.69872,1421
2023-01-18,0.69873,0.70631,0.69351,0.69433,1439
2023-01-19,0.69432,0.69475,0.68713,0.69113,1431
2023-01-20,0.69115,0.69732,0.69057,0.69672,1320
2023-01-22,0.69615,0.6984,0.69591,0.69831,106
2023-01-23,0.6983,0.70394,0.69615,0.70283,1430
2023-01-24,0.70284,0.70573,0.6993,0.70499,1430
2023-01-25,0.70504,0.71221,0.70377,0.7107,1428
2023-01-26,0.71069,0.71421,0.70788,0.71132,1429
2023-01-27,0.71133,0.71291,0.70817,0.71064,1320
2023-01-29,0.70944,0.71088,0.70944,0.71074,119
2023-01-30,0.71075,0.71198,0.70506,0.70575,1436
2023-01-31,0.70574,0.70641,0.69832,0.70507,1431
2023-02-01,0.70507,0.71573,0.70359,0.71469,1436
2023-02-02,0.71467,0.71564,0.70677,0.70722,1438
2023-02-03,0.70719,0.70723,0.69184,0.69191,1320
2023-02-05,0.68924,0.69294,0.68916,0.69182,118
2023-02-06,0.69179,0.69481,0.68549,0.68883,1432
2023-02-07,0.68884,0.69879,0.68852,0.6964,1435
2023-02-08,0.6964,0.69959,0.69184,0.69276,1434
2023-02-09,0.69276,0.70108,0.69207,0.6938,1426
2023-02-10,0.6938,0.69597,0.69085,0.69143,1320
2023-02-12,0.69135,0.6919,0.69099,0.69125,93
2023-02-13,0.69125,0.69731,0.68898,0.69679,1430
2023-02-14,0.6968,0.70294,0.69209,0.69865,1438
2023-02-15,0.69864,0.69867,0.68644,0.69059,1436
2023-02-16,0.69061,0.69357,0.68398,0.68614,1433
2023-02-17,0.68612,0.68839,0.68112,0.68761,1320
2023-02-19,0.68645,0.68755,0.68634,0.68713,54
2023-02-20,0.68684,0.6918,0.6862,0.69081,1001
2023-02-21,0.69082,0.69194,0.68472,0.68625,1019
2023-02-22,0.68625,0.68645,0.67944,0.68111,1076
2023-02-23,0.68111,0.68412,0.67808,0.68052,1010
2023-02-24,0.68082,0.68236,0.67179,0.67261,960
2023-02-26,0.6728,0.67295,0.67226,0.67229,55
2023-02-27,0.67329,0.67416,0.66975,0.67398,1017
2023-02-28,0.67398,0.67545,0.67032,0.67322,1009
2023-03-01,0.67298,0.67773,0.66945,0.67538,1013
2023-03-02,0.67588,0.67656,0.67078,0.67262,1017
2023-03-03,0.67313,0.67743,0.67281,0.67703,959
2023-03-05,0.6755,0.6761,0.67513,0.67532,60
2023-03-06,0.67533,0.67692,0.67158,0.67306,1017
2023-03-07,0.67307,0.67476,0.65848,0.65884,1020
2023-03-08,0.65884,0.6616,0.65674,0.65883,1010
2023-03-09,0.65935,0.66358,0.65755,0.65884,1015
2023-03-10,0.65884,0.66327,0.65633,0.65758,960
2023-03-12,0.66118,0.66417,0.65952,0.66105,177
2023-03-13,0.66103,0.67163,0.6601,0.66502,1015
2023-03-14,0.66502,0.66954,0.66312,0.66761,1020
2023-03-15,0.66762,0.67111,0.65941,0.66368,1009
2023-03-16,0.66366,0.66655,0.66148,0.66619,1017
2023-03-17,0.66618,0.67242,0.66606,0.66949,900
2023-03-19,0.6712,0.67296,0.66909,0.67241,174
2023-03-20,0.67241,0.67258,0.66653,0.67012,1015
2023-03-21,0.67012,0.67039,0.66498,0.66753,1020
2023-03-22,0.66751,0.67282,0.66701,0.67124,1019
2023-03-23,0.67126,0.67551,0.66691,0.66797,1020
2023-03-24,0.66797,0.66939,0.66265,0.66422,900
2023-03-26,0.66391,0.66551,0.66377,0.6651,60
2023-03-27,0.66541,0.66653,0.66333,0.66521,1011
2023-03-28,0.66585,0.67094,0.66539,0.67039,1020
2023-03-29,0.6706,0.67127,0.66609,0.66849,960
2023-03-30,0.66812,0.67182,0.66611,0.67147,1073
2023-03-31,0.67146,0.67375,0.66698,0.66817,899
2023-04-02,0.66787,0.66791,0.66551,0.6658,60
2023-04-03,0.66581,0.67897,0.66506,0.67816,953
2023-04-04,0.67859,0.67928,0.67209,0.67594,960
2023-04-05,0.67594,0.67795,0.66764,0.67241,1012
2023-04-06,0.67157,0.67194,0.66526,0.66739,1001
2023-04-09,0.66604,0.66718,0.66603,0.66699,58
2023-04-10,0.66726,0.66797,0.66188,0.66442,1018
2023-04-11,0.66476,0.66794,0.66428,0.66526,1017
2023-04-12,0.66526,0.67228,0.66502,0.66971,1018
2023-04-13,0.6696,0.67963,0.66849,0.67832,1018
2023-04-14,0.67833,0.68057,0.66947,0.6704,960
2023-04-16,0.67017,0.67075,0.66972,0.67051,101
2023-04-17,0.67048,0.67188,0.66861,0.66982,1016
2023-04-18,0.66983,0.6747,0.6697,0.67294,1009
2023-04-19,0.67351,0.6741,0.66896,0.67047,1019
2023-04-20,0.67047,0.6771,0.66965,0.67412,1018
2023-04-21,0.67424,0.67427,0.66773,0.66887,952
2023-04-23,0.66932,0.66968,0.66887,0.66944,59
2023-04-24,0.66906,0.66995,0.66651,0.66988,1006
2023-04-25,0.67029,0.6705,0.66163,0.66356,1019
2023-04-26,0.66356,0.66388,0.6591,0.66075,1018
2023-04-27,0.66076,0.6635,0.65949,0.66296,1018
2023-04-28,0.66298,0.66418,0.65728,0.66112,957
2023-04-30,0.66118,0.66165,0.66069,0.66137,111
2023-05-01,0.66096,0.66677,0.66091,0.66223,1015
2023-05-02,0.66222,0.67167,0.66201,0.66702,1013
2023-05-03,0.66701,0.66855,0.664,0.66412,1017
2023-05-04,0.66415,0.67045,0.664,0.66916,1012
2023-05-05,0.66957,0.67566,0.66875,0.67456,960
2023-05-07,0.67433,0.67546,0.67433,0.67464,106
2023-05-08,0.67466,0.67962,0.67396,0.67801,1013
2023-05-09,0.67799,0.67864,0.67461,0.67661,1007
2023-05-10,0.67662,0.68176,0.67438,0.67805,1015
2023-05-11,0.67805,0.67958,0.66884,0.67006,1011
2023-05-12,0.66989,0.67059,0.66357,0.66392,958
2023-05-14,0.66427,0.66469,0.66413,0.66464,59
2023-05-15,0.66464,0.67084,0.66416,0.66986,955
2023-05-16,0.67015,0.67092,0.66497,0.66573,1009
2023-05-17,0.66573,0.66728,0.66286,0.66553,1010
2023-05-18,0.66556,0.66672,0.66047,0.6628,1017
2023-05-19,0.66267,0.66748,0.66163,0.66502,900
2023-05-21,0.66471,0.66536,0.66467,0.66485,58
2023-05-22,0.66584,0.66672,0.66268,0.66489,1014
2023-05-23,0.66481,0.66616,0.66068,0.66131,1014
2023-05-24,0.66131,0.66148,0.6531,0.65439,1020
2023-05-25,0.65426,0.65439,0.64966,0.64978,1014
2023-05-26,0.64981,0.65438,0.649,0.65142,959
2023-05-28,0.65202,0.65281,0.65195,0.65244,120
2023-05-29,0.65242,0.65537,0.65229,0.65388,958
2023-05-30,0.65274,0.65591,0.65025,0.65171,1013
2023-05-31,0.65169,0.65384,0.64625,0.65064,1017
2023-06-01,0.65057,0.65813,0.64839,0.65746,1015
2023-06-02,0.65774,0.6638,0.65735,0.66089,899
2023-06-04,0.65994,0.66052,0.65979,0.65993,60
2023-06-05,0.65968,0.6637,0.6583,0.66172,1017
2023-06-06,0.66125,0.66848,0.66092,0.66798,1012
2023-06-07,0.66798,0.67169,0.66411,0.66549,1019
2023-06-08,0.66581,0.67163,0.66545,0.6715,1013
2023-06-09,0.6712,0.67503,0.66923,0.67374,954
2023-06-11,0.67405,0.67424,0.6738,0.67398,59
2023-06-12,0.67443,0.67731,0.6731,0.67517,1011
2023-06-13,0.67518,0.67993,0.67376,0.67682,1013
2023-06-14,0.67698,0.68332,0.67627,0.67961,1075
2023-06-15,0.67959,0.68923,0.67649,0.6879,1013
2023-06-16,0.6879,0.68993,0.68545,0.68791,900
2023-06-18,0.68769,0.68818,0.68699,0.68816,114
2023-06-19,0.68715,0.68775,0.68333,0.68491,995
2023-06-20,0.6849,0.68535,0.67526,0.67867,1017
2023-06-21,0.67893,0.68022,0.67404,0.67983,1016
2023-06-22,0.67983,0.68056,0.67442,0.67588,1015
2023-06-23,0.67587,0.67672,0.6667,0.66769,899
2023-06-25,0.66805,0.66815,0.6678,0.66805,60
2023-06-26,0.66804,0.66935,0.66541,0.66735,1013
2023-06-27,0.66735,0.67203,0.66695,0.66831,1018
2023-06-28,0.66816,0.66888,0.65965,0.65982,1018
2023-06-29,0.65983,0.66382,0.65948,0.66191,1015
2023-06-30,0.66167,0.66687,0.66029,0.66594,959
2023-07-02,0.66623,0.66636,0.66585,0.66595,58
2023-07-03,0.66578,0.6684,0.66366,0.66735,995
2023-07-04,0.66736,0.67036,0.6641,0.6693,991
2023-07-05,0.6693,0.66981,0.66518,0.66523,1016
2023-07-06,0.66545,0.66876,0.66103,0.66281,1013
2023-07-07,0.66282,0.67002,0.66191,0.66868,959
2023-07-09,0.66882,0.66893,0.66837,0.66875,60
2023-07-10,0.66874,0.66952,0.66231,0.66761,1016
2023-07-11,0.66762,0.66948,0.66507,0.66927,1016
2023-07-12,0.66925,0.67938,0.66822,0.67883,1018
2023-07-13,0.67921,0.68942,0.67848,0.6888,1017
2023-07-14,0.6888,0.68946,0.68365,0.68394,900
2023-07-16,0.68412,0.68416,0.68264,0.68368,112
2023-07-17,0.68367,0.68378,0.6787,0.68096,1015
2023-07-18,0.68095,0.68368,0.67885,0.68128,1078
2023-07-19,0.68127,0.68191,0.67496,0.67668,1016
2023-07-20,0.67707,0.68396,0.677,0.67779,1019
2023-07-21,0.67779,0.67874,0.67219,0.6726,959
2023-07-23,0.67273,0.67316,0.67221,0.67248,101
2023-07-24,0.67249,0.67516,0.67145,0.67361,1014
2023-07-25,0.67316,0.67925,0.6725,0.67853,1014
2023-07-26,0.6787,0.67908,0.67285,0.67606,1016
2023-07-27,0.67604,0.68207,0.66978,0.67116,1017
2023-07-28,0.67114,0.67121,0.66221,0.66466,960
2023-07-30,0.66511,0.66647,0.6643,0.66591,175
2023-07-31,0.66591,0.6739,0.66573,0.67156,1430
2023-08-01,0.67155,0.67231,0.66017,0.6617,1433
2023-08-02,0.66171,0.66295,0.65263,0.6541,1435
2023-08-03,0.65409,0.65682,0.65137,0.656,1433
2023-08-04,0.65599,0.66091,0.65449,0.65663,1258
2023-08-06,0.65713,0.65746,0.65661,0.65731,171
2023-08-07,0.6573,0.65924,0.65548,0.65718,1431
2023-08-08,0.6572,0.65758,0.64961,0.65326,1434
2023-08-09,0.65327,0.65709,0.65196,0.65347,1433
2023-08-10,0.65347,0.66164,0.65113,0.65113,1436
2023-08-11,0.65114,0.65332,0.64855,0.64919,1260
2023-08-13,0.64951,0.64984,0.64911,0.64944,173
2023-08-14,0.64943,0.65025,0.64534,0.64875,1429
2023-08-15,0.64875,0.65212,0.64509,0.64569,1435
2023-08-16,0.64571,0.64802,0.64128,0.64131,1434
2023-08-17,0.64131,0.645,0.6364,0.64056,1434
2023-08-18,0.64056,0.64285,0.63786,0.63997,1257
2023-08-20,0.64054,0.64139,0.64012,0.64137,171
2023-08-21,0.64137,0.6421,0.63867,0.64127,1427
2023-08-22,0.64126,0.64575,0.64029,0.64239,1433
2023-08-23,0.64238,0.64826,0.64105,0.64802,1438
2023-08-24,0.64803,0.64878,0.6411,0.64123,1435
2023-08-25,0.64124,0.64408,0.63795,0.64011,1259
2023-08-27,0.6402,0.64164,0.6402,0.64156,177
2023-08-28,0.64155,0.64392,0.64013,0.64275,1434
2023-08-29,0.64275,0.64863,0.64008,0.64755,1430
2023-08-30,0.64756,0.65218,0.64489,0.64786,1432
2023-08-31,0.64785,0.65074,0.64606,0.64859,1434
2023-09-01,0.64859,0.65215,0.6438,0.64479,1258
2023-09-03,0.64357,0.64531,0.64357,0.64513,175
2023-09-04,0.64515,0.64801,0.64496,0.64569,1385
2023-09-05,0.6457,0.64593,0.6357,0.63741,1429
2023-09-06,0.6374,0.64042,0.63567,0.63809,1429
2023-09-07,0.63807,0.63946,0.63617,0.63775,1426
2023-09-08,0.63778,0.64144,0.63668,0.63746,1254
2023-09-10,0.63823,0.64016,0.63753,0.63963,176
2023-09-11,0.63964,0.6449,0.63877,0.6429,1430
2023-09-12,0.6429,0.64395,0.6408,0.64277,1431
2023-09-13,0.64276,0.64336,0.63797,0.64203,1433
2023-09-14,0.64203,0.64591,0.64184,0.643,1417
2023-09-15,0.643,0.64731,0.64242,0.64268,1255
2023-09-17,0.64331,0.64403,0.64264,0.64393,166
2023-09-18,0.64391,0.64484,0.64162,0.6439,1418
2023-09-19,0.64392,0.64734,0.64274,0.64636,1432
2023-09-20,0.64636,0.65108,0.6435,0.64355,1428
2023-09-21,0.64353,0.64401,0.63851,0.64089,1435
2023-09-22,0.64089,0.64648,0.64033,0.6438,1259
2023-09-24,0.64393,0.6444,0.64357,0.64403,168
2023-09-25,0.64404,0.64461,0.64037,0.64215,1374
2023-09-26,0.64215,0.64301,0.63869,0.63929,1431
2023-09-27,0.6393,0.64086,0.63309,0.63481,1433
2023-09-28,0.63481,0.64318,0.63468,0.64261,1436
2023-09-29,0.64261,0.65005,0.64207,0.64285,1259
2023-10-01,0.64211,0.64426,0.6421,0.64367,179
2023-10-02,0.64365,0.64446,0.63569,0.63614,1435
2023-10-03,0.63614,0.63634,0.62851,0.6308,1437
2023-10-04,0.63081,0.6342,0.62859,0.63281,1436
2023-10-05,0.6328,0.63773,0.63238,0.6369,1435
2023-10-06,0.63693,0.63998,0.63122,0.63829,1260
2023-10-08,0.63625,0.63693,0.63441,0.63685,180
2023-10-09,0.63688,0.64228,0.63424,0.64208,1434
2023-10-10,0.64207,0.64353,0.63898,0.64316,1432
2023-10-11,0.64315,0.64449,0.63876,0.64173,1435
2023-10-12,0.64173,0.64306,0.63067,0.63155,1436
2023-10-13,0.63157,0.63339,0.62859,0.62941,1259
2023-10-15,0.63016,0.6311,0.62979,0.6311,178
2023-10-16,0.63111,0.63446,0.63023,0.63371,1432
2023-10-17,0.63372,0.63794,0.6336,0.63624,1434
2023-10-18,0.63625,0.63929,0.63275,0.63326,1433
2023-10-19,0.6333,0.63561,0.62955,0.63239,1437
2023-10-20,0.6324,0.63252,0.6297,0.63092,1257
2023-10-22,0.63152,0.63215,0.63092,0.63196,168
2023-10-23,0.63197,0.63483,0.62885,0.63359,1434
2023-10-24,0.63361,0.63786,0.63349,0.63596,1434
2023-10-25,0.63597,0.63992,0.62843,0.62933,1440
2023-10-26,0.62934,0.63346,0.62698,0.6333,1434
2023-10-27,0.63328,0.63675,0.63242,0.63329,1259
2023-10-29,0.63364,0.63482,0.63321,0.63447,237
2023-10-30,0.63446,0.63835,0.6343,0.63677,1434
2023-10-31,0.63677,0.63737,0.6314,0.63267,1436
2023-11-01,0.63265,0.64332,0.63179,0.64331,1430
2023-11-02,0.64333,0.64555,0.64124,0.64247,1433
2023-11-03,0.64249,0.65179,0.64217,0.65105,1200
2023-11-05,0.65033,0.65164,0.65033,0.65149,120
2023-11-06,0.6515,0.65226,0.64844,0.64884,1433
2023-11-07,0.64884,0.6501,0.64036,0.64298,1434
2023-11-08,0.64298,0.6449,0.63958,0.64067,1433
2023-11-09,0.64071,0.64279,0.6357,0.63611,1434
2023-11-10,0.6361,0.63665,0.63381,0.63579,1315
2023-11-12,0.6349,0.63682,0.6349,0.63637,119
2023-11-13,0.63637,0.63909,0.63518,0.6379,1431
2023-11-14,0.63793,0.65119,0.636,0.64978,1435
2023-11-15,0.64978,0.65418,0.6483,0.6511,1434
2023-11-16,0.65111,0.65165,0.64602,0.64686,1434
2023-11-17,0.64688,0.65153,0.64521,0.65128,1315
2023-11-19,0.65013,0.65182,0.65013,0.65102,118
2023-11-20,0.651,0.65645,0.65003,0.65597,1436
2023-11-21,0.65595,0.65892,0.6544,0.65571,1436
2023-11-22,0.65571,0.65692,0.65209,0.6542,1436
2023-11-23,0.6542,0.65743,0.65417,0.65594,1400
2023-11-24,0.65593,0.65906,0.65493,0.6581,1310
2023-11-26,0.65753,0.65857,0.65753,0.65804,118
2023-11-27,0.65805,0.66137,0.65663,0.66132,1440
2023-11-28,0.66132,0.66654,0.65958,0.66555,1437
2023-11-29,0.66555,0.66761,0.66053,0.66168,1436
2023-11-30,0.66169,0.66499,0.65704,0.66062,1436
2023-12-01,0.66064,0.66752,0.65989,0.66712,1318
2023-12-03,0.66636,0.66901,0.66634,0.66818,120
2023-12-04,0.66818,0.66879,0.66044,0.66166,1437
2023-12-05,0.66166,0.66214,0.65436,0.65542,1439
2023-12-06,0.65544,0.6597,0.65464,0.65507,1437
2023-12-07,0.65508,0.66198,0.6525,0.65935,1439
2023-12-08,0.65936,0.66191,0.65574,0.65746,1318
2023-12-10,0.65665,0.65827,0.65665,0.65791,119
2023-12-11,0.6579,0.65823,0.65495,0.6564,1433
2023-12-12,0.65641,0.66119,0.65392,0.6564,1439
2023-12-13,0.65641,0.66728,0.65409,0.66648,1437
2023-12-14,0.66648,0.67281,0.66615,0.67011,1439
2023-12-15,0.67012,0.6728,0.66626,0.67001,1320
2023-12-17,0.66956,0.67032,0.66926,0.66983,119
2023-12-18,0.66983,0.67349,0.66899,0.67034,1440
2023-12-19,0.67036,0.6774,0.67024,0.6758,1435
2023-12-20,0.67581,0.67787,0.67231,0.67396,1439
2023-12-21,0.67395,0.68032,0.67355,0.67958,1436
2023-12-22,0.67957,0.68245,0.67727,0.67957,1317
2023-12-24,0.67816,0.67903,0.67786,0.67838,21
2023-12-25,0.67866,0.68088,0.67684,0.68031,382
2023-12-26,0.68031,0.68287,0.67969,0.68236,1434
2023-12-27,0.68237,0.68538,0.68174,0.68522,1439
2023-12-28,0.68524,0.68706,0.68222,0.68251,1438
2023-12-29,0.6825,0.6846,0.67806,0.68082,1319
2024-01-01,0.68043,0.68154,0.68043,0.68089,108
2024-01-02,0.68091,0.68386,0.67564,0.67659,1434
2024-01-03,0.67661,0.67704,0.67015,0.67342,1438
2024-01-04,0.67342,0.67594,0.66961,0.67056,1438
2024-01-05,0.67055,0.67475,0.664,0.67129,1319
2024-01-07,0.67148,0.67162,0.67097,0.67154,116
2024-01-08,0.67153,0.67342,0.66771,0.67161,1438
2024-01-09,0.67156,0.67342,0.66766,0.6684,1438
2024-01-10,0.6684,0.67125,0.66824,0.67016,1436
2024-01-11,0.67017,0.67258,0.66466,0.66987,1436
2024-01-12,0.66989,0.67283,0.66774,0.66856,1320
2024-01-14,0.66819,0.66911,0.66808,0.66886,117
2024-01-15,0.66886,0.6704,0.66491,0.66499,1383
2024-01-16,0.665,0.66502,0.65757,0.65884,1440
2024-01-17,0.65884,0.65942,0.65245,0.65514,1434
2024-01-18,0.65514,0.65743,0.65246,0.65741,1380
2024-01-19,0.65813,0.66012,0.65647,0.65935,1318
2024-01-21,0.65885,0.66,0.65883,0.65946,112
2024-01-22,0.65947,0.66132,0.65646,0.657,1439
2024-01-23,0.657,0.6612,0.65512,0.65857,1438
2024-01-24,0.65856,0.66206,0.65654,0.65752,1439
2024-01-25,0.65751,0.66092,0.65656,0.65816,1436
2024-01-26,0.65814,0.66092,0.65718,0.65718,1320
2024-01-28,0.6571,0.65824,0.65691,0.65766,119
2024-01-29,0.65764,0.66156,0.65728,0.6613,1437
2024-01-30,0.6613,0.66242,0.65746,0.65945,1438
2024-01-31,0.65945,0.66222,0.6551,0.65624,1439
2024-02-01,0.65623,0.65784,0.65076,0.65738,1438
2024-02-02,0.65737,0.66099,0.65018,0.65099,1320
2024-02-04,0.651,0.65144,0.64872,0.65043,120
2024-02-05,0.65042,0.65198,0.64682,0.64796,1432
2024-02-06,0.64798,0.65285,0.64792,0.65275,1438
2024-02-07,0.65274,0.65398,0.65147,0.65197,1436
2024-02-08,0.65196,0.65316,0.648,0.64983,1431
2024-02-09,0.64984,0.65338,0.64868,0.65213,1318
2024-02-11,0.65134,0.65258,0.651,0.65242,119
2024-02-12,0.6524,0.65426,0.65118,0.65284,1432
2024-02-13,0.65285,0.65405,0.64422,0.64528,1434
2024-02-14,0.64525,0.64988,0.64459,0.64983,1434
2024-02-15,0.64983,0.6529,0.64771,0.65248,1438
2024-02-16,0.65248,0.65442,0.6496,0.65279,1319
2024-02-18,0.65245,0.65375,0.65245,0.65364,116
2024-02-19,0.65365,0.65515,0.65283,0.65303,1360
2024-02-20,0.65303,0.65786,0.6521,0.65527,1437
2024-02-21,0.65527,0.65729,0.65328,0.65534,1438
2024-02-22,0.65536,0.65946,0.654,0.65581,1434
2024-02-23,0.65582,0.65801,0.65493,0.65619,1312
2024-02-25,0.65643,0.65664,0.65525,0.65631,119
2024-02-26,0.65628,0.6565,0.65304,0.65388,1430
2024-02-27,0.65387,0.65574,0.65245,0.65432,1429
2024-02-28,0.65432,0.65492,0.64883,0.6494,1435
2024-02-29,0.64942,0.65306,0.64866,0.64997,1437
2024-03-01,0.64998,0.65336,0.6489,0.65251,1316
2024-03-03,0.65211,0.65291,0.652,0.65268,120
2024-03-04,0.65269,0.6535,0.65036,0.65065,1435
2024-03-05,0.65064,0.65205,0.6477,0.65031,1431
2024-03-06,0.65028,0.65812,0.64922,0.6566,1436
2024-03-07,0.65659,0.66241,0.65636,0.66206,1438
2024-03-08,0.66207,0.66671,0.66127,0.66218,1316
2024-03-10,0.66208,0.66263,0.66174,0.66213,235
2024-03-11,0.66211,0.66264,0.65963,0.66146,1432
2024-03-12,0.66146,0.66383,0.65839,0.66038,1434
2024-03-13,0.66039,0.66347,0.65998,0.66245,1434
2024-03-14,0.66245,0.66303,0.65658,0.65667,1432
2024-03-15,0.65666,0.65739,0.65517,0.65569,1198
2024-03-17,0.65571,0.65625,0.65549,0.65596,235
2024-03-18,0.65594,0.65736,0.65492,0.65501,1433
2024-03-19,0.65501,0.65635,0.65036,0.65309,1430
2024-03-20,0.65311,0.6615,0.65111,0.66124,1439
2024-03-21,0.66122,0.66342,0.65606,0.65744,1433
2024-03-22,0.65743,0.65759,0.65098,0.65128,1198
2024-03-24,0.65136,0.65201,0.65097,0.65167,235
2024-03-25,0.65167,0.65465,0.65144,0.65428,1428
2024-03-26,0.65428,0.65587,0.65197,0.65255,1428
2024-03-27,0.65253,0.65345,0.65108,0.65252,1431
2024-03-28,0.65251,0.65406,0.64849,0.65175,1424
2024-03-29,0.65171,0.65324,0.65036,0.65076,1047
2024-03-31,0.65119,0.6536,0.65119,0.65261,116
2024-04-01,0.65332,0.65384,0.64802,0.64873,1426
2024-04-02,0.64872,0.65234,0.64846,0.65127,1430
2024-04-03,0.65126,0.65704,0.65029,0.65678,1430
2024-04-04,0.65678,0.66185,0.65651,0.65872,1434
2024-04-05,0.65872,0.6592,0.65488,0.65773,1257
2024-04-07,0.65743,0.65753,0.65675,0.65693,177
2024-04-08,0.65693,0.66095,0.65589,0.66046,1432
2024-04-09,0.66045,0.6644,0.65982,0.66278,1432
2024-04-10,0.66278,0.66309,0.64982,0.65069,1436
2024-04-11,0.65068,0.65525,0.65015,0.654,1433
2024-04-12,0.65402,0.65428,0.64555,0.64602,1260
2024-04-14,0.64639,0.64783,0.64605,0.6474,176
2024-04-15,0.64742,0.64928,0.64373,0.64413,1431
2024-04-16,0.64411,0.64431,0.63886,0.6412,1437
2024-04-17,0.64119,0.64457,0.64024,0.64382,1434
2024-04-18,0.64382,0.64562,0.6416,0.6423,1431
2024-04-19,0.64229,0.64326,0.63618,0.64158,1260
2024-04-21,0.64092,0.64263,0.64092,0.64247,172
2024-04-22,0.64249,0.64551,0.6423,0.64514,1425
2024-04-23,0.64513,0.64898,0.64406,0.64877,1426
2024-04-24,0.64877,0.65293,0.64828,0.64972,1432
2024-04-25,0.64974,0.65385,0.64848,0.65214,1426
2024-04-26,0.65215,0.65537,0.65168,0.65319,1260
2024-04-28,0.65235,0.65417,0.6523,0.65413,163
2024-04-29,0.65415,0.65863,0.6536,0.656,1423
2024-04-30,0.65599,0.65644,0.64673,0.64743,1434
2024-05-01,0.64747,0.65398,0.64648,0.65295,1435
2024-05-02,0.65293,0.6574,0.65152,0.65695,1435
2024-05-03,0.65693,0.66485,0.65641,0.66081,1257
2024-05-05,0.66145,0.6618,0.66043,0.66081,171
2024-05-06,0.66081,0.66381,0.66048,0.66228,1428
2024-05-07,0.6623,0.66432,0.65861,0.65881,1433
2024-05-08,0.65879,0.65937,0.65575,0.65772,1427
2024-05-09,0.65771,0.66225,0.65649,0.66164,1427
2024-05-10,0.66166,0.66219,0.65956,0.66008,1243
2024-05-12,0.6599,0.66064,0.65989,0.65997,171
2024-05-13,0.65993,0.66283,0.65853,0.66106,1420
2024-05-14,0.66105,0.66273,0.65786,0.66233,1415
2024-05-15,0.66235,0.67013,0.66211,0.66995,1432
2024-05-16,0.66996,0.67137,0.66537,0.66817,1425
2024-05-17,0.66817,0.67006,0.66484,0.66922,1252
2024-05-19,0.66904,0.67031,0.66894,0.6699,169
2024-05-20,0.66991,0.67089,0.66615,0.66712,1415
2024-05-21,0.66714,0.66787,0.66461,0.66657,1413
2024-05-22,0.66659,0.66848,0.66074,0.66179,1436
2024-05-23,0.66181,0.66527,0.65972,0.66002,1431
2024-05-24,0.66,0.66361,0.65917,0.66272,1253
2024-05-26,0.66219,0.66342,0.66218,0.66222,174
2024-05-27,0.66223,0.66595,0.66222,0.66554,1391
2024-05-28,0.66554,0.66794,0.66412,0.66473,1430
2024-05-29,0.66474,0.66653,0.66056,0.66131,1423
2024-05-30,0.66132,0.66472,0.65904,0.66292,1431
2024-05-31,0.66293,0.66724,0.66263,0.66513,1258
2024-06-02,0.6646,0.66563,0.6646,0.66552,178
2024-06-03,0.66552,0.66947,0.66321,0.66892,1433
2024-06-04,0.66894,0.66984,0.66305,0.66451,1419
2024-06-05,0.66453,0.6664,0.66256,0.6655,1430
2024-06-06,0.6655,0.6683,0.6633,0.66692,1433
2024-06-07,0.66692,0.66808,0.65785,0.65788,1260
2024-06-09,0.65785,0.65829,0.65753,0.65815,163
2024-06-10,0.65816,0.66118,0.65756,0.6607,1421
2024-06-11,0.66071,0.66132,0.65882,0.66072,1407
2024-06-12,0.66073,0.6704,0.65968,0.66628,1436
2024-06-13,0.66631,0.66749,0.66251,0.66306,1432
2024-06-14,0.66307,0.66412,0.6591,0.66135,1259
2024-06-16,0.65979,0.66174,0.65979,0.6612,172
2024-06-17,0.6612,0.66189,0.65849,0.66173,1421
2024-06-18,0.66172,0.66617,0.65995,0.66608,1420
2024-06-19,0.66606,0.6677,0.66591,0.66734,1373
2024-06-20,0.66734,0.66789,0.66471,0.66602,1417
2024-06-21,0.66601,0.66693,0.66312,0.66398,1258
2024-06-23,0.66349,0.66414,0.66331,0.66342,172
2024-06-24,0.66343,0.66673,0.66257,0.66535,1432
2024-06-25,0.66537,0.66723,0.66347,0.6644,1419
2024-06-26,0.66439,0.66882,0.66356,0.66449,1432
2024-06-27,0.66449,0.66721,0.66396,0.66495,1426
2024-06-28,0.66497,0.66841,0.66195,0.66676,1257
2024-06-30,0.66792,0.66804,0.66722,0.66733,177
2024-07-01,0.66735,0.6688,0.66435,0.66538,1430
2024-07-02,0.66537,0.66703,0.66336,0.66681,1425
2024-07-03,0.66683,0.67331,0.66647,0.67115,1413
2024-07-04,0.67114,0.67313,0.67098,0.67243,1295
2024-07-05,0.67242,0.67524,0.67093,0.67471,1253
2024-07-07,0.67355,0.67488,0.67346,0.67458,180
2024-07-08,0.67456,0.67607,0.67315,0.67423,1418
2024-07-09,0.67426,0.67473,0.67235,0.67412,1416
2024-07-10,0.67413,0.67518,0.67314,0.67511,1419
2024-07-11,0.67513,0.67983,0.67468,0.67694,1430
2024-07-12,0.67692,0.67933,0.67536,0.67823,1259
2024-07-14,0.6769,0.67783,0.67626,0.67703,176
2024-07-15,0.67702,0.67883,0.67521,0.6762,1426
2024-07-16,0.6762,0.67625,0.67143,0.67314,1437
2024-07-17,0.67312,0.67544,0.67205,0.67301,1431
2024-07-18,0.67302,0.67431,0.66972,0.67033,1429
2024-07-19,0.67033,0.6707,0.66797,0.66834,1249
2024-07-21,0.6688,0.67018,0.66833,0.66954,172
2024-07-22,0.66952,0.66954,0.6631,0.66381,1408
2024-07-23,0.66382,0.66455,0.66105,0.66115,1430
2024-07-24,0.66116,0.66128,0.65721,0.65732,1432
2024-07-25,0.65729,0.65737,0.65125,0.65396,1436
2024-07-26,0.65395,0.65681,0.65394,0.65462,1250
2024-07-28,0.65474,0.65601,0.65463,0.65525,173
2024-07-29,0.65524,0.6568,0.65237,0.65506,1418
2024-07-30,0.65507,0.6562,0.65286,0.65399,1435
2024-07-31,0.65397,0.65555,0.64792,0.6548,1437
2024-08-01,0.6548,0.65595,0.64884,0.64931,1437
2024-08-02,0.64931,0.65472,0.64863,0.65093,1258
2024-08-04,0.65098,0.65173,0.64941,0.64973,177
2024-08-05,0.64973,0.65221,0.63481,0.65148,1436
2024-08-06,0.65151,0.65412,0.64719,0.65139,1436
2024-08-07,0.65139,0.65742,0.65069,0.65179,1438
2024-08-08,0.6518,0.65942,0.65096,0.65905,1434
2024-08-09,0.65902,0.66049,0.65662,0.65712,1260
2024-08-11,0.65664,0.65752,0.65646,0.65683,166
2024-08-12,0.65682,0.66046,0.65674,0.65846,1431
2024-08-13,0.65847,0.66388,0.65786,0.66371,1433
2024-08-14,0.66374,0.66425,0.65897,0.65971,1433
2024-08-15,0.65972,0.66341,0.65626,0.66117,1428
2024-08-16,0.66117,0.6671,0.66097,0.66672,1251
2024-08-18,0.66626,0.6676,0.66568,0.66722,177
2024-08-19,0.66723,0.67379,0.66715,0.67334,1431
2024-08-20,0.67335,0.67488,0.67127,0.67458,1432
2024-08-21,0.67459,0.67607,0.67304,0.67489,1434
2024-08-22,0.6749,0.67523,0.66967,0.67064,1430
2024-08-23,0.67065,0.6798,0.67044,0.67957,1258
2024-08-25,0.67868,0.67967,0.67848,0.67869,177
2024-08-26,0.6787,0.67961,0.67662,0.67724,1436
2024-08-27,0.67726,0.67951,0.67612,0.67868,1435
2024-08-28,0.67868,0.68125,0.67639,0.67826,1433
2024-08-29,0.67828,0.68235,0.67826,0.67953,1435
2024-08-30,0.67954,0.68162,0.6751,0.67638,1255
2024-09-01,0.67624,0.67724,0.67618,0.67676,172
2024-09-02,0.67675,0.67944,0.67564,0.67867,1339
2024-09-03,0.67868,0.67919,0.67064,0.67128,1437
2024-09-04,0.67128,0.6749,0.66852,0.67155,1436
2024-09-05,0.67154,0.67412,0.67132,0.67403,1430
2024-09-06,0.67401,0.67669,0.66594,0.66689,1260
2024-09-08,0.66644,0.66739,0.66634,0.66693,162
2024-09-09,0.66692,0.66885,0.66475,0.6657,1431
2024-09-10,0.66571,0.66762,0.66407,0.66525,1433
2024-09-11,0.66527,0.66789,0.66217,0.66739,1434
2024-09-12,0.66739,0.6728,0.66561,0.67256,1437
2024-09-13,0.67255,0.67322,0.66919,0.67022,1260
2024-09-15,0.66957,0.67136,0.66955,0.67132,174
2024-09-16,0.67132,0.67533,0.67054,0.67512,1434
2024-09-17,0.67513,0.67684,0.67411,0.676,1425
2024-09-18,0.676,0.68198,0.6742,0.67654,1434
2024-09-19,0.67658,0.68389,0.67373,0.68088,1430
2024-09-20,0.68089,0.68284,0.67826,0.68057,1259
2024-09-22,0.67956,0.68106,0.67956,0.68095,171
2024-09-23,0.68096,0.68532,0.67999,0.68328,1422
2024-09-24,0.68329,0.69067,0.68135,0.69054,1435
2024-09-25,0.69053,0.69077,0.68176,0.68186,1434
2024-09-26,0.68187,0.69044,0.68187,0.68921,1430
2024-09-27,0.68921,0.69368,0.68675,0.69009,1260
2024-09-29,0.69022,0.692,0.68947,0.69182,177
2024-09-30,0.69185,0.69418,0.68982,0.69148,1430
2024-10-01,0.69147,0.69341,0.68561,0.6879,1422
2024-10-02,0.68791,0.69153,0.6875,0.68837,1434
2024-10-03,0.68837,0.68858,0.68296,0.68498,1427
2024-10-04,0.68498,0.68517,0.67851,0.67922,1258
2024-10-06,0.67869,0.68075,0.67865,0.67974,175
2024-10-07,0.67972,0.68099,0.67429,0.67551,1434
2024-10-08,0.6755,0.67691,0.67146,0.67389,1432
2024-10-09,0.67388,0.67616,0.67074,0.6716,1431
2024-10-10,0.6715,0.67434,0.66993,0.67403,1430
2024-10-11,0.67405,0.67588,0.67244,0.67485,1259
2024-10-13,0.67354,0.67449,0.67229,0.67301,180
2024-10-14,0.67301,0.67446,0.67018,0.67245,1425
2024-10-15,0.67248,0.67324,0.6673,0.6677,1437
2024-10-16,0.6677,0.67005,0.6657,0.66641,1423
2024-10-17,0.6664,0.67099,0.66632,0.66989,1426
2024-10-18,0.6699,0.6719,0.66937,0.6705,1258
2024-10-20,0.6703,0.67151,0.66999,0.67134,175
2024-10-21,0.67136,0.6723,0.66516,0.66537,1432
2024-10-22,0.66535,0.66947,0.66504,0.66812,1435
2024-10-23,0.66812,0.6691,0.66135,0.66341,1433
2024-10-24,0.66342,0.66611,0.66227,0.66283,959
2024-10-25,0.66342,0.66463,0.66007,0.6601,1258
2024-10-27,0.66117,0.66145,0.65972,0.65978,238
2024-10-28,0.65975,0.66099,0.65713,0.65754,1435
2024-10-29,0.65754,0.65844,0.65447,0.6561,1434
2024-10-30,0.65609,0.65958,0.65364,0.65644,960
2024-10-31,0.65645,0.65839,0.65393,0.6572,1438
2024-11-01,0.65721,0.65909,0.65535,0.6558,1200
2024-11-03,0.66094,0.66125,0.65841,0.65904,120
2024-11-04,0.65904,0.66186,0.65771,0.65833,1437
2024-11-05,0.65834,0.66445,0.65784,0.66399,1438
2024-11-06,0.664,0.66414,0.65119,0.65664,1435
2024-11-07,0.65663,0.66874,0.65636,0.66745,1437
2024-11-08,0.66744,0.66752,0.65578,0.65811,1320
2024-11-10,0.6579,0.65862,0.65749,0.65836,114
2024-11-11,0.65835,0.65979,0.65621,0.65784,1439
2024-11-12,0.65782,0.65815,0.65136,0.65291,1439
2024-11-13,0.6529,0.65455,0.64799,0.64931,1438
2024-11-14,0.64933,0.64954,0.64401,0.64548,1437
2024-11-15,0.64549,0.64809,0.64424,0.64572,1320
2024-11-17,0.64598,0.64644,0.64565,0.64644,119
2024-11-18,0.64645,0.65108,0.64475,0.65052,1436
2024-11-19,0.65053,0.6541,0.64818,0.65409,1437
2024-11-20,0.6541,0.65439,0.6484,0.65112,1438
2024-11-21,0.65113,0.65319,0.64967,0.6509,1436
2024-11-22,0.6509,0.65211,0.64707,0.64968,1320
2024-11-24,0.65373,0.65482,0.65227,0.65389,119
2024-11-25,0.65388,0.65494,0.64546,0.64629,1437
2024-11-26,0.64629,0.65072,0.64334,0.64738,1438
2024-11-27,0.6474,0.65029,0.64587,0.64962,1430
2024-11-28,0.64962,0.65089,0.64768,0.65066,1396
2024-11-29,0.65066,0.65276,0.64954,0.65068,1319
2024-12-01,0.651,0.65136,0.64973,0.65013,120
2024-12-02,0.65011,0.65104,0.64425,0.64743,1435
2024-12-03,0.64741,0.65042,0.64548,0.64848,1438
2024-12-04,0.64846,0.64879,0.63988,0.64311,1436
2024-12-05,0.64313,0.64552,0.6421,0.64503,1438
2024-12-06,0.64504,0.64508,0.63723,0.63868,1320
2024-12-08,0.63881,0.64015,0.63877,0.63991,118
2024-12-09,0.6399,0.6471,0.63798,0.64369,1438
2024-12-10,0.64372,0.64376,0.63648,0.63751,1435
2024-12-11,0.6375,0.63888,0.63363,0.6383,1436
2024-12-12,0.63831,0.6429,0.6359,0.63706,1402
2024-12-13,0.63707,0.63833,0.63513,0.6357,1319
2024-12-15,0.63502,0.63678,0.63502,0.63665,118
2024-12-16,0.63664,0.63823,0.63448,0.6376,1439
2024-12-17,0.63761,0.63775,0.63311,0.63388,1426
2024-12-18,0.63388,0.63388,0.61995,0.62045,1440
2024-12-19,0.62043,0.62648,0.61985,0.62304,1438
2024-12-20,0.62305,0.62739,0.62145,0.62476,1320
2024-12-22,0.62558,0.62575,0.62448,0.62541,117
2024-12-23,0.62541,0.62646,0.62182,0.62428,1433
2024-12-24,0.62427,0.62481,0.62191,0.62257,1350
2024-12-25,0.62258,0.62462,0.62214,0.62428,219
2024-12-26,0.62428,0.62537,0.62135,0.62225,1436
2024-12-27,0.62225,0.62256,0.61999,0.62146,1320
2024-12-29,0.62126,0.62339,0.62105,0.62243,111
2024-12-30,0.62245,0.62464,0.62015,0.62176,1432
2024-12-31,0.62178,0.62311,0.61785,0.61871,1316
2025-01-01,0.61804,0.61939,0.61796,0.6193,111
2025-01-02,0.6193,0.62223,0.61878,0.62006,1435
2025-01-03,0.62007,0.62248,0.61975,0.62148,1319
2025-01-05,0.62094,0.62243,0.6204,0.62203,115
2025-01-06,0.62205,0.63018,0.62183,0.62376,1432
2025-01-07,0.62379,0.62878,0.62268,0.62336,1437
2025-01-08,0.62336,0.62416,0.61871,0.62105,1435
2025-01-09,0.62105,0.62125,0.61715,0.61893,1434
2025-01-10,0.61893,0.62055,0.61389,0.61426,1320
2025-01-12,0.61441,0.61583,0.61414,0.61531,118
2025-01-13,0.61531,0.62025,0.61306,0.61904,1434
2025-01-14,0.61906,0.62069,0.61656,0.61905,1431
2025-01-15,0.61903,0.62461,0.61808,0.62349,1439
2025-01-16,0.62349,0.62456,0.61916,0.62093,1433
2025-01-17,0.62093,0.62268,0.61637,0.61896,1319
2025-01-19,0.61964,0.61997,0.61893,0.6197,115
2025-01-20,0.6197,0.62862,0.61964,0.62798,1431
2025-01-21,0.62799,0.62885,0.62077,0.62614,1435
2025-01-22,0.62614,0.62951,0.62524,0.62724,1436
2025-01-23,0.62723,0.62993,0.62546,0.62823,1437
2025-01-24,0.62823,0.63303,0.62781,0.63097,1320
2025-01-26,0.63026,0.63045,0.62905,0.6293,116
2025-01-27,0.62932,0.63074,0.62563,0.62591,1439
2025-01-28,0.62591,0.62737,0.62363,0.62509,1431
2025-01-29,0.6251,0.62553,0.62097,0.62388,1436
2025-01-30,0.62388,0.62429,0.61984,0.62137,1436
2025-01-31,0.62135,0.62621,0.62034,0.62058,1319
2025-02-02,0.61611,0.61656,0.61369,0.61411,117
2025-02-03,0.61411,0.62367,0.60873,0.6217,1437
2025-02-04,0.62169,0.62615,0.61702,0.62488,1429
2025-02-05,0.62491,0.62964,0.62397,0.62833,1438
2025-02-06,0.62833,0.62876,0.62547,0.62808,1434
2025-02-07,0.62807,0.63004,0.62525,0.62696,1318
2025-02-09,0.62326,0.62605,0.62326,0.62574,120
2025-02-10,0.62573,0.62869,0.6252,0.62695,1434
2025-02-11,0.62697,0.63015,0.62599,0.62961,1438
2025-02-12,0.62963,0.63089,0.62347,0.62812,1433
2025-02-13,0.62815,0.63224,0.62544,0.6316,1434
2025-02-14,0.63159,0.63672,0.631,0.63475,1318
2025-02-16,0.63444,0.63562,0.63444,0.6356,115
2025-02-17,0.63559,0.63734,0.63484,0.63549,1407
2025-02-18,0.63548,0.63673,0.63338,0.63518,1428
2025-02-19,0.63517,0.63696,0.63362,0.63401,1430
2025-02-20,0.63403,0.6408,0.63273,0.6402,1434
2025-02-21,0.6402,0.64075,0.63513,0.63534,1319
2025-02-23,0.63603,0.63737,0.63582,0.63684,115
2025-02-24,0.63685,0.63916,0.6336,0.63382,1426
2025-02-25,0.63381,0.6356,0.63216,0.63509,1425
2025-02-26,0.63508,0.63522,0.62953,0.63086,1437
2025-02-27,0.63089,0.63096,0.623,0.62309,1437
2025-02-28,0.62311,0.62374,0.61922,0.62025,1320
2025-03-02,0.62135,0.62234,0.62077,0.62195,117
2025-03-03,0.62194,0.62541,0.62034,0.62152,1436
2025-03-04,0.62153,0.62792,0.61867,0.62675,1438
2025-03-05,0.62674,0.63418,0.62335,0.63361,1436
2025-03-06,0.63362,0.63634,0.63199,0.63312,1431
2025-03-07,0.63312,0.63369,0.62815,0.63031,1314
2025-03-09,0.63068,0.63139,0.62951,0.63106,237
2025-03-10,0.63105,0.63305,0.62639,0.62767,1428
2025-03-11,0.62767,0.63113,0.62584,0.6293,1440
2025-03-12,0.6293,0.63334,0.62761,0.63266,1425
2025-03-13,0.63266,0.63299,0.62687,0.62841,1431
2025-03-14,0.62841,0.63309,0.62798,0.63207,1200
2025-03-16,0.63195,0.63334,0.6315,0.6329,235
2025-03-17,0.63289,0.63905,0.63207,0.63805,1435
2025-03-18,0.63806,0.63905,0.63435,0.63612,1436
2025-03-19,0.63611,0.63661,0.6319,0.6343,1433
2025-03-20,0.63428,0.6348,0.62707,0.63018,1429
2025-03-21,0.63018,0.63034,0.62575,0.62676,1200
2025-03-23,0.62664,0.62945,0.62663,0.62922,236
2025-03-24,0.62924,0.63048,0.62672,0.62839,1426
2025-03-25,0.62838,0.6325,0.62781,0.62889,1430
2025-03-26,0.6289,0.63301,0.6278,0.62912,1438
2025-03-27,0.62914,0.63178,0.62894,0.62953,1430
2025-03-28,0.62951,0.63117,0.62804,0.62829,1200
2025-03-30,0.62843,0.62905,0.62719,0.62755,112
2025-03-31,0.62819,0.62999,0.62183,0.62395,1434
2025-04-01,0.62391,0.62902,0.62314,0.62875,1431
2025-04-02,0.62876,0.63403,0.62255,0.62633,1436
2025-04-03,0.62632,0.63887,0.62554,0.63253,1417
2025-04-04,0.63252,0.63314,0.59862,0.60372,1258
2025-04-06,0.59919,0.60096,0.59319,0.59861,176
2025-04-07,0.59862,0.61267,0.59439,0.59963,1432
2025-04-08,0.59966,0.60848,0.59394,0.59525,1433
2025-04-09,0.59525,0.61751,0.59132,0.61327,1436
2025-04-10,0.61323,0.6249,0.61152,0.62225,1435
2025-04-11,0.62225,0.63003,0.61807,0.62865,1260
2025-04-13,0.6303,0.63055,0.62777,0.63002,176
2025-04-14,0.63003,0.63423,0.62747,0.63184,1435
2025-04-15,0.63183,0.63826,0.63183,0.63372,1436
2025-04-16,0.6337,0.63911,0.63304,0.63685,1433
2025-04-17,0.63686,0.63934,0.63327,0.63885,1422
2025-04-18,0.63885,0.63928,0.63665,0.63731,1256
2025-04-20,0.63684,0.63927,0.63659,0.63893,171
2025-04-21,0.63891,0.64373,0.63829,0.6421,1436
2025-04-22,0.64211,0.64389,0.63486,0.63754,1436
2025-04-23,0.63754,0.64351,0.63517,0.63634,1433
2025-04-24,0.63634,0.64139,0.63432,0.63997,1432
2025-04-25,0.63996,0.64206,0.6374,0.63957,1259
2025-04-27,0.63835,0.64052,0.63799,0.63818,173
2025-04-28,0.6382,0.64347,0.63674,0.64275,1433
2025-04-29,0.64274,0.64493,0.63744,0.63868,1435
2025-04-30,0.63867,0.64173,0.63554,0.641,1413
2025-05-01,0.64101,0.64268,0.63645,0.63848,1436
2025-05-02,0.63849,0.64695,0.63815,0.64414,1260
2025-05-04,0.64428,0.64574,0.64402,0.64433,164
2025-05-05,0.64435,0.64934,0.64338,0.64603,1432
2025-05-06,0.64604,0.65141,0.64374,0.65028,1436
2025-05-07,0.65027,0.65114,0.64205,0.64303,1432
2025-05-08,0.64305,0.6464,0.63913,0.63931,1434
2025-05-09,0.63929,0.6432,0.63703,0.6409,1258
2025-05-11,0.64284,0.6431,0.64162,0.64186,177
2025-05-12,0.64188,0.64603,0.63535,0.6372,1434
2025-05-13,0.63721,0.64782,0.63608,0.64716,1433
2025-05-14,0.64717,0.65007,0.64196,0.64267,1436
2025-05-15,0.6427,0.64571,0.639,0.64036,1428
2025-05-16,0.64037,0.64356,0.63874,0.64003,1260
2025-05-18,0.63957,0.64124,0.6395,0.64087,173
2025-05-19,0.64088,0.64645,0.63978,0.64537,1433
2025-05-20,0.64539,0.64546,0.63912,0.64251,1437
2025-05-21,0.64249,0.64688,0.64224,0.6432,1431
2025-05-22,0.64325,0.64582,0.64067,0.64083,1435
2025-05-23,0.64085,0.64991,0.64079,0.64925,1260
2025-05-25,0.64824,0.65063,0.64821,0.65014,173
2025-05-26,0.65013,0.6537,0.64794,0.64796,1405
2025-05-27,0.64795,0.64954,0.64343,0.64471,1435
2025-05-28,0.64473,0.64529,0.64095,0.64219,1436
2025-05-29,0.64218,0.64597,0.64067,0.64434,1433
2025-05-30,0.64434,0.6452,0.64071,0.64283,1259
2025-06-01,0.64326,0.64499,0.64307,0.64424,173
2025-06-02,0.64425,0.64999,0.6442,0.64982,1436
2025-06-03,0.64981,0.64987,0.64439,0.64638,1432
2025-06-04,0.64637,0.65044,0.64501,0.64891,1433
2025-06-05,0.64891,0.65375,0.64855,0.65097,1435
2025-06-06,0.65096,0.65166,0.64791,0.64877,1260
2025-06-08,0.6496,0.65012,0.6494,0.64982,171
2025-06-09,0.64984,0.65334,0.64934,0.65161,1430
2025-06-10,0.65163,0.65328,0.64895,0.65284,1418
2025-06-11,0.65286,0.65455,0.64956,0.65083,1434
2025-06-12,0.65084,0.65332,0.64768,0.65267,1438
2025-06-13,0.65266,0.65268,0.64559,0.64821,1259
2025-06-15,0.64801,0.64937,0.64759,0.64915,168
2025-06-16,0.64916,0.65516,0.64661,0.65119,1432
2025-06-17,0.6512,0.65435,0.64656,0.64801,1428
2025-06-18,0.648,0.65371,0.64765,0.65058,1435
2025-06-19,0.65058,0.6509,0.64452,0.64851,1430
2025-06-20,0.6485,0.64951,0.64445,0.64445,1260
2025-06-22,0.6424,0.64482,0.64145,0.64454,169
2025-06-23,0.64454,0.64865,0.6372,0.64764,1429
2025-06-24,0.64766,0.65191,0.64706,0.64949,1438
2025-06-25,0.6495,0.65227,0.64839,0.65205,1437
2025-06-26,0.6521,0.65635,0.65098,0.65463,1434
2025-06-27,0.65466,0.65607,0.65077,0.65271,1260
2025-06-29,0.65319,0.65383,0.65309,0.65316,169
2025-06-30,0.65314,0.65835,0.65224,0.65758,1439
2025-07-01,0.65761,0.65899,0.65534,0.65792,1434
2025-07-02,0.65792,0.65883,0.65429,0.65815,1438
2025-07-03,0.65815,0.65861,0.65366,0.6576,1417
2025-07-04,0.65758,0.65784,0.65453,0.65454,1256
2025-07-06,0.65555,0.65558,0.65465,0.65497,165
2025-07-07,0.65497,0.65525,0.64849,0.6506,1438
2025-07-08,0.65059,0.65576,0.65058,0.65237,1434
2025-07-09,0.65238,0.65476,0.65092,0.65355,1437
2025-07-10,0.65354,0.65947,0.65333,0.65929,1430
2025-07-11,0.6593,0.65942,0.65558,0.65736,1260
2025-07-13,0.65605,0.65771,0.65605,0.65748,174
2025-07-14,0.65746,0.65871,0.65391,0.65434,1433
2025-07-15,0.65433,0.65753,0.65074,0.65181,1433
2025-07-16,0.65182,0.65539,0.64948,0.65222,1436
2025-07-17,0.65221,0.65232,0.64539,0.64973,1436
2025-07-18,0.64974,0.65404,0.64963,0.65049,1259
2025-07-20,0.65165,0.65171,0.65029,0.65119,170
2025-07-21,0.65119,0.6537,0.64975,0.65268,1425
2025-07-22,0.6527,0.65592,0.65034,0.65525,1428
2025-07-23,0.65525,0.66043,0.65497,0.66012,1432
2025-07-24,0.66011,0.66247,0.65857,0.65942,1436
2025-07-25,0.65942,0.65982,0.65504,0.65643,1259
2025-07-27,0.65714,0.65764,0.65686,0.65704,173
2025-07-28,0.65706,0.65854,0.65125,0.65214,1434
2025-07-29,0.65213,0.65296,0.64956,0.65128,1431
2025-07-30,0.65128,0.65285,0.64255,0.64448,1438
2025-07-31,0.6445,0.64759,0.6421,0.64273,1436
2025-08-01,0.64271,0.64929,0.64185,0.64684,1260
2025-08-03,0.64645,0.64724,0.64606,0.64687,166
2025-08-04,0.64684,0.64893,0.64586,0.64735,1434
2025-08-05,0.64737,0.64791,0.64493,0.64715,1437
2025-08-06,0.64715,0.65084,0.64707,0.64992,1428
2025-08-07,0.64993,0.65409,0.64891,0.65246,1435
2025-08-08,0.65249,0.65345,0.6511,0.65202,1258
2025-08-10,0.65197,0.65226,0.6516,0.6516,165
2025-08-11,0.65161,0.65281,0.65008,0.65129,1432
2025-08-12,0.65129,0.654,0.64814,0.65292,1430
2025-08-13,0.65291,0.65623,0.65159,0.65504,1430
2025-08-14,0.65504,0.65684,0.64823,0.64969,1433
2025-08-15,0.64969,0.65224,0.64874,0.65035,1259
2025-08-17,0.65073,0.65126,0.65054,0.65119,150
2025-08-18,0.65117,0.65239,0.6481,0.64941,1429
2025-08-19,0.64941,0.64967,0.64492,0.64531,1432
2025-08-20,0.64531,0.64548,0.64231,0.64348,1434
2025-08-21,0.64347,0.64364,0.64068,0.64251,1431
2025-08-22,0.6425,0.65006,0.64147,0.64875,1260
2025-08-24,0.64896,0.64944,0.64834,0.64841,176
2025-08-25,0.64843,0.65046,0.64711,0.6481,1431
2025-08-26,0.64811,0.65003,0.64694,0.6495,1428
2025-08-27,0.64948,0.65125,0.6462,0.65122,1437
2025-08-28,0.6512,0.65372,0.65053,0.65301,1433
2025-08-29,0.65303,0.65482,0.65224,0.65364,1258
2025-08-31,0.65429,0.6546,0.65366,0.65427,160
2025-09-01,0.65426,0.65597,0.65345,0.65565,1400
2025-09-02,0.65567,0.65581,0.64826,0.65183,1428
2025-09-03,0.65182,0.65541,0.65017,0.65444,1438
2025-09-04,0.65445,0.65493,0.64979,0.65218,1432
2025-09-05,0.65219,0.65884,0.65194,0.65521,1260
2025-09-07,0.65495,0.65555,0.65456,0.65544,173
2025-09-08,0.65545,0.65983,0.65476,0.65974,1433
2025-09-09,0.65974,0.66193,0.65793,0.65852,1435
2025-09-10,0.65851,0.66352,0.65796,0.66186,1431
2025-09-11,0.66185,0.66663,0.65895,0.66651,1439
2025-09-12,0.66649,0.66685,0.66303,0.66483,1260
2025-09-14,0.66275,0.66495,0.66275,0.66484,173
2025-09-15,0.66484,0.66744,0.66446,0.66721,1431
2025-09-16,0.6672,0.66884,0.66595,0.66881,1427
2025-09-17,0.66883,0.67065,0.6641,0.66517,1435
2025-09-18,0.66518,0.66594,0.66065,0.66163,1433
2025-09-19,0.66163,0.66191,0.65854,0.65892,1259
2025-09-21,0.65878,0.65951,0.65824,0.65882,166
2025-09-22,0.65879,0.66022,0.65746,0.66006,1430
2025-09-23,0.66006,0.66151,0.65809,0.65985,1433
2025-09-24,0.65987,0.66276,0.65741,0.65856,1433
2025-09-25,0.65856,0.66035,0.65255,0.65377,1436
2025-09-26,0.65378,0.65511,0.652,0.65438,1258
2025-09-28,0.65441,0.6552,0.65439,0.65515,158
2025-09-29,0.65514,0.65807,0.65472,0.65776,1420
2025-09-30,0.65775,0.66281,0.65706,0.66102,1435
2025-10-01,0.66104,0.66286,0.65888,0.66151,1428
2025-10-02,0.66152,0.66241,0.65764,0.65986,1424
2025-10-03,0.65988,0.66137,0.65885,0.66008,1259
2025-10-05,0.65809,0.6594,0.65803,0.65934,180
2025-10-06,0.65937,0.66201,0.65898,0.6616,1432
2025-10-07,0.6616,0.6624,0.65773,0.65796,1421
2025-10-08,0.65796,0.65913,0.6556,0.6584,1434
2025-10-09,0.65841,0.66119,0.65396,0.65601,1429
2025-10-10,0.656,0.65725,0.64696,0.64696,1260
2025-10-12,0.65105,0.65134,0.64907,0.64974,180
2025-10-13,0.64974,0.65325,0.64966,0.65115,1429
2025-10-14,0.65112,0.65208,0.64399,0.64906,1435
2025-10-15,0.64906,0.65231,0.64857,0.65073,1435
2025-10-16,0.65073,0.65153,0.64706,0.64815,1428
2025-10-17,0.64814,0.65022,0.64429,0.64915,1260
2025-10-19,0.64896,0.65056,0.6487,0.65007,173
2025-10-20,0.65006,0.65207,0.64839,0.65157,1429
2025-10-21,0.65155,0.65246,0.64724,0.64905,1435
2025-10-22,0.64905,0.65117,0.64778,0.64876,1432
2025-10-23,0.64875,0.65174,0.64783,0.65142,1433
2025-10-24,0.65141,0.65285,0.64924,0.65108,1257
2025-10-26,0.65399,0.65435,0.65275,0.65305,239
2025-10-27,0.65304,0.65623,0.65278,0.65575,1433
2025-10-28,0.65573,0.66071,0.6544,0.65971,1436
2025-10-29,0.6597,0.66172,0.65565,0.65859,1437
2025-10-30,0.65859,0.65971,0.65322,0.65565,1439
2025-10-31,0.65566,0.65591,0.65327,0.65404,1200
2025-11-02,0.65421,0.65478,0.65377,0.65448,112
2025-11-03,0.65449,0.65622,0.65172,0.65379,1433
2025-11-04,0.65378,0.65378,0.64806,0.64843,1439
2025-11-05,0.64841,0.65125,0.64583,0.65091,1436
2025-11-06,0.65093,0.65182,0.64628,0.64833,1437
2025-11-07,0.64833,0.64987,0.64672,0.64901,1320
2025-11-09,0.64946,0.65022,0.64884,0.65017,119
2025-11-10,0.65016,0.65398,0.64955,0.65342,1433
2025-11-11,0.65342,0.65377,0.6512,0.65288,1435
2025-11-12,0.65285,0.655,0.65156,0.65357,1437
2025-11-13,0.65361,0.65799,0.65235,0.65263,1437
2025-11-14,0.65262,0.6551,0.65032,0.6535,1320
2025-11-16,0.65308,0.65355,0.65293,0.65322,114
2025-11-17,0.65324,0.65371,0.64817,0.64918,1437
2025-11-18,0.6492,0.6518,0.64645,0.65081,1437
2025-11-19,0.6508,0.65086,0.64507,0.64899,1440
2025-11-20,0.649,0.65023,0.64358,0.64487,1438
2025-11-21,0.64487,0.64604,0.6421,0.64539,1318
2025-11-23,0.64559,0.64656,0.64543,0.64612,116
2025-11-24,0.6461,0.64683,0.64417,0.64649,1436
2025-11-25,0.64648,0.64754,0.64358,0.64699,1434
2025-11-26,0.64698,0.65275,0.64686,0.65229,1432
2025-11-27,0.6523,0.65395,0.65212,0.65353,1403
2025-11-28,0.65352,0.65588,0.65199,0.65491,1317
2025-11-30,0.65384,0.65531,0.65357,0.6551,119
2025-12-01,0.65508,0.6566,0.65361,0.65413,1432
2025-12-02,0.65415,0.65733,0.65376,0.65731,1433
2025-12-03,0.65733,0.66039,0.65521,0.66035,1436
2025-12-04,0.6604,0.66237,0.66017,0.6606,1438
2025-12-05,0.66061,0.66485,0.66061,0.66382,1318
2025-12-07,0.66321,0.66395,0.66266,0.66343,120
2025-12-08,0.66346,0.66488,0.66139,0.66265,1433
2025-12-09,0.66264,0.66541,0.66078,0.6639,1435
2025-12-10,0.66396,0.66855,0.66284,0.66731,1437
2025-12-11,0.66732,0.66786,0.66261,0.6662,1431
2025-12-12,0.6662,0.66767,0.6632,0.66502,1319
2025-12-14,0.66404,0.66505,0.66316,0.6647,116
2025-12-15,0.66471,0.66561,0.66309,0.66409,1433
2025-12-16,0.66411,0.66608,0.66178,0.66321,1436
2025-12-17,0.6632,0.66331,0.65988,0.66,1437
2025-12-18,0.66001,0.66305,0.6592,0.66132,1435
2025-12-19,0.6613,0.66247,0.65997,0.66068,1318
2025-12-21,0.66113,0.66146,0.66053,0.66119,116
2025-12-22,0.66119,0.6661,0.66102,0.6657,1435
2025-12-23,0.66572,0.67023,0.66554,0.67017,1430
2025-12-24,0.67021,0.67171,0.66974,0.67011,1368
2025-12-25,0.67004,0.67134,0.66933,0.67046,311
2025-12-26,0.67044,0.67243,0.66967,0.6714,1320
2025-12-28,0.66984,0.67155,0.66956,0.67142,114
2025-12-29,0.6714,0.67271,0.66826,0.66947,1429
2025-12-30,0.66946,0.67175,0.66876,0.66953,1432
2025-12-31,0.66954,0.67008,0.66593,0.66733,1316
