Date,open,high,low,close,n_bars
2010-01-03,1.4301,1.4337,1.4298,1.4316,100
2010-01-04,1.4315,1.4456,1.4257,1.4425,1352
2010-01-05,1.4424,1.4483,1.4346,1.4364,1342
2010-01-06,1.4365,1.4435,1.4283,1.4402,1355
2010-01-07,1.4401,1.4447,1.4299,1.4317,1366
2010-01-08,1.4318,1.4439,1.4263,1.4409,1232
2010-01-10,1.4428,1.4478,1.4408,1.4464,105
2010-01-11,1.4465,1.4556,1.4462,1.4508,1372
2010-01-12,1.4507,1.4546,1.4453,1.4476,1358
2010-01-13,1.4477,1.4579,1.4456,1.4523,1368
2010-01-14,1.4522,1.4555,1.4446,1.4499,1327
2010-01-15,1.45,1.4503,1.4337,1.4386,1273
2010-01-17,1.4353,1.4371,1.4343,1.4368,98
2010-01-18,1.4369,1.4408,1.4335,1.4404,1231
2010-01-19,1.4403,1.4414,1.4252,1.428,1345
2010-01-20,1.4281,1.4289,1.408,1.4112,1386
2010-01-21,1.4113,1.4143,1.403,1.4099,1402
2010-01-22,1.4098,1.4182,1.4086,1.4138,1305
2010-01-24,1.4156,1.4173,1.4141,1.4153,96
2010-01-25,1.4154,1.4194,1.4128,1.4147,1332
2010-01-26,1.4148,1.4179,1.4042,1.4082,1391
2010-01-27,1.4081,1.4097,1.3993,1.4029,1383
2010-01-28,1.4028,1.4051,1.394,1.3963,1416
2010-01-29,1.3964,1.3987,1.3862,1.3862,1295
2010-01-31,1.3866,1.3882,1.3853,1.3876,96
2010-02-01,1.3875,1.3938,1.3852,1.3922,1373
2010-02-02,1.392,1.3976,1.3886,1.3975,1371
2010-02-03,1.3976,1.4025,1.3883,1.3897,1365
2010-02-04,1.3898,1.3902,1.3713,1.3742,1388
2010-02-05,1.3743,1.3746,1.3585,1.3678,1294
2010-02-07,1.3658,1.3667,1.3631,1.3643,114
2010-02-08,1.3642,1.3713,1.3621,1.3655,1396
2010-02-09,1.3656,1.3839,1.3649,1.3781,1406
2010-02-10,1.378,1.3812,1.3677,1.3748,1365
2010-02-11,1.3749,1.3801,1.3595,1.3687,1391
2010-02-12,1.3688,1.3689,1.3531,1.3631,1281
2010-02-14,1.3625,1.3625,1.3606,1.3622,82
2010-02-15,1.3623,1.3634,1.3579,1.3597,1266
2010-02-16,1.3598,1.3779,1.3588,1.3762,1343
2010-02-17,1.3763,1.3788,1.3584,1.3607,1359
2010-02-18,1.3606,1.3654,1.3442,1.3466,1398
2010-02-19,1.3465,1.3617,1.3453,1.3613,1293
2010-02-21,1.3636,1.3639,1.3601,1.3628,113
2010-02-22,1.3629,1.3653,1.3574,1.3605,1360
2010-02-23,1.3604,1.3691,1.3496,1.3523,1382
2010-02-24,1.3524,1.3625,1.3501,1.3542,1350
2010-02-25,1.3543,1.357,1.345,1.3535,1396
2010-02-26,1.3534,1.3682,1.3533,1.363,1298
2010-02-28,1.3623,1.3639,1.3615,1.3638,108
2010-03-01,1.3637,1.3652,1.3459,1.356,1358
2010-03-02,1.3559,1.3621,1.3436,1.3618,1383
2010-03-03,1.3619,1.3735,1.3591,1.3699,1383
2010-03-04,1.37,1.3711,1.355,1.3581,1358
2010-03-05,1.358,1.3629,1.3529,1.362,1242
2010-03-07,1.363,1.3645,1.3624,1.3636,102
2010-03-08,1.3635,1.3702,1.3604,1.3618,1317
2010-03-09,1.3617,1.3634,1.3536,1.3605,1357
2010-03-10,1.3606,1.3678,1.3543,1.3642,1323
2010-03-11,1.3643,1.3686,1.362,1.3684,1353
2010-03-12,1.3683,1.3795,1.3668,1.3767,1232
2010-03-14,1.3776,1.3777,1.3758,1.3772,136
2010-03-15,1.3773,1.3773,1.3639,1.3672,1300
2010-03-16,1.3673,1.3782,1.3655,1.3767,1335
2010-03-17,1.3768,1.3817,1.3725,1.3736,1306
2010-03-18,1.3735,1.3738,1.3585,1.361,1331
2010-03-19,1.3611,1.3626,1.3502,1.3528,1195
2010-03-21,1.3536,1.3537,1.351,1.3512,140
2010-03-22,1.3511,1.3568,1.3462,1.3566,1328
2010-03-23,1.3565,1.3566,1.3457,1.3467,1328
2010-03-24,1.3468,1.3484,1.3304,1.3328,1362
2010-03-25,1.3329,1.3386,1.3266,1.3304,1357
2010-03-26,1.3305,1.3424,1.33,1.3408,1219
2010-03-28,1.347,1.3492,1.3435,1.3443,167
2010-03-29,1.3444,1.3506,1.3418,1.3489,1314
2010-03-30,1.349,1.3536,1.3395,1.3433,1302
2010-03-31,1.3434,1.3548,1.3383,1.3525,1336
2010-04-01,1.3526,1.359,1.3459,1.3586,1313
2010-04-02,1.3585,1.3588,1.3474,1.3503,907
2010-04-04,1.3496,1.3501,1.348,1.3493,125
2010-04-05,1.3493,1.3537,1.3459,1.3466,1204
2010-04-06,1.3465,1.3466,1.3354,1.3381,1352
2010-04-07,1.338,1.3401,1.3325,1.333,1344
2010-04-08,1.3329,1.3383,1.3281,1.3375,1301
2010-04-09,1.3374,1.3498,1.3341,1.3497,1197
2010-04-11,1.366,1.3676,1.3607,1.3657,179
2010-04-12,1.3656,1.3691,1.3565,1.3586,1351
2010-04-13,1.3587,1.3626,1.3544,1.3613,1339
2010-04-14,1.3614,1.3678,1.3593,1.3655,1329
2010-04-15,1.3656,1.3666,1.352,1.3564,1338
2010-04-16,1.3565,1.3565,1.3471,1.35,1231
2010-04-18,1.3467,1.3497,1.3465,1.3475,167
2010-04-19,1.3474,1.3494,1.3415,1.3485,1375
2010-04-20,1.3486,1.3521,1.3418,1.3421,1326
2010-04-21,1.3422,1.3446,1.3357,1.3386,1349
2010-04-22,1.3385,1.342,1.3201,1.3221,1375
2010-04-23,1.3222,1.3399,1.3204,1.3384,1213
2010-04-25,1.3347,1.3375,1.3333,1.3361,151
2010-04-26,1.3362,1.3415,1.329,1.3394,1350
2010-04-27,1.3393,1.3394,1.3143,1.3179,1367
2010-04-28,1.3178,1.3265,1.3113,1.3196,1394
2010-04-29,1.3195,1.3278,1.3183,1.325,1348
2010-04-30,1.3249,1.3341,1.3224,1.3292,1201
2010-05-02,1.3358,1.3359,1.3311,1.3311,151
2010-05-03,1.331,1.3311,1.3153,1.3195,1326
2010-05-04,1.3194,1.3213,1.2961,1.2976,1363
2010-05-05,1.2977,1.2995,1.2788,1.2815,1395
2010-05-06,1.2816,1.2856,1.2518,1.2653,1408
2010-05-07,1.2653,1.2797,1.2585,1.2751,1261
2010-05-09,1.2918,1.2949,1.2839,1.2868,180
2010-05-10,1.2868,1.3092,1.2722,1.2736,1414
2010-05-11,1.2737,1.2802,1.2615,1.2638,1423
2010-05-12,1.2639,1.2737,1.2604,1.2645,1397
2010-05-13,1.2644,1.2683,1.2515,1.2531,1392
2010-05-14,1.253,1.2575,1.2353,1.2357,1243
2010-05-16,1.2341,1.2371,1.2339,1.2358,151
2010-05-17,1.2358,1.2413,1.2233,1.2382,1417
2010-05-18,1.2381,1.2443,1.2143,1.2143,1424
2010-05-19,1.2144,1.2432,1.2143,1.2385,1428
2010-05-20,1.2384,1.2597,1.2296,1.2539,1432
2010-05-21,1.2536,1.2671,1.247,1.2571,1256
2010-05-23,1.2537,1.2562,1.2504,1.2511,148
2010-05-24,1.251,1.2538,1.2331,1.2337,1411
2010-05-25,1.2338,1.2387,1.2177,1.2331,1411
2010-05-26,1.2332,1.2344,1.2153,1.2182,1426
2010-05-27,1.2181,1.2393,1.2181,1.2366,1407
2010-05-28,1.2367,1.2452,1.2264,1.2271,1234
2010-05-30,1.2265,1.2292,1.226,1.2288,140
2010-05-31,1.2287,1.2333,1.2266,1.227,1269
2010-06-01,1.2271,1.2352,1.211,1.2245,1409
2010-06-02,1.2244,1.2272,1.2174,1.225,1404
2010-06-03,1.2249,1.2326,1.2151,1.2177,1380
2010-06-04,1.2178,1.2214,1.1954,1.1966,1241
2010-06-06,1.1928,1.1965,1.1923,1.1929,163
2010-06-07,1.193,1.199,1.1875,1.1922,1391
2010-06-08,1.1923,1.2008,1.1901,1.1957,1379
2010-06-09,1.1958,1.2072,1.1923,1.1988,1380
2010-06-10,1.1987,1.2141,1.1956,1.213,1409
2010-06-11,1.2129,1.2151,1.2044,1.2111,1246
2010-06-13,1.2128,1.2206,1.2115,1.2204,154
2010-06-14,1.2203,1.2297,1.2162,1.221,1352
2010-06-15,1.2211,1.2348,1.2167,1.2315,1392
2010-06-16,1.2314,1.2352,1.2254,1.2298,1352
2010-06-17,1.2297,1.2412,1.2241,1.2385,1365
2010-06-18,1.2386,1.2415,1.2352,1.2386,1210
2010-06-20,1.2451,1.2467,1.2398,1.2415,175
2010-06-21,1.2414,1.2466,1.2303,1.232,1386
2010-06-22,1.2321,1.2353,1.2251,1.2265,1377
2010-06-23,1.2266,1.2342,1.2208,1.2305,1356
2010-06-24,1.2306,1.2387,1.226,1.2335,1353
2010-06-25,1.2334,1.2394,1.2253,1.2367,1233
2010-06-27,1.2373,1.2387,1.2368,1.2385,120
2010-06-28,1.2384,1.2396,1.2264,1.2286,1335
2010-06-29,1.2287,1.229,1.215,1.2184,1356
2010-06-30,1.2185,1.2303,1.2165,1.2227,1378
2010-07-01,1.2226,1.2539,1.2192,1.2511,1415
2010-07-02,1.251,1.261,1.2481,1.2565,1219
2010-07-04,1.2561,1.2564,1.2543,1.2545,119
2010-07-05,1.2546,1.2557,1.2503,1.2507,1187
2010-07-06,1.2506,1.2661,1.2479,1.2621,1395
2010-07-07,1.2622,1.2663,1.2552,1.2624,1379
2010-07-08,1.2623,1.2711,1.2623,1.2688,1369
2010-07-09,1.2689,1.2728,1.2608,1.2639,1212
2010-07-11,1.2636,1.2646,1.2628,1.2638,124
2010-07-12,1.2637,1.2644,1.255,1.2602,1294
2010-07-13,1.2603,1.2737,1.2522,1.2719,1371
2010-07-14,1.2718,1.2777,1.2682,1.2733,1333
2010-07-15,1.2734,1.2954,1.2707,1.2918,1392
2010-07-16,1.2916,1.3006,1.2888,1.2929,1198
2010-07-18,1.2905,1.2917,1.2887,1.2888,147
2010-07-19,1.2889,1.2991,1.2869,1.2938,1330
2010-07-20,1.2937,1.3027,1.2838,1.2904,1354
2010-07-21,1.2905,1.2912,1.2731,1.2759,1354
2010-07-22,1.276,1.2932,1.2736,1.2911,1378
2010-07-23,1.2912,1.2964,1.2792,1.2908,1212
2010-07-25,1.289,1.2926,1.2876,1.2922,142
2010-07-26,1.2923,1.3004,1.2888,1.2981,1347
2010-07-27,1.298,1.3045,1.2951,1.2987,1344
2010-07-28,1.2988,1.3041,1.2965,1.2998,1348
2010-07-29,1.2999,1.3105,1.2977,1.3065,1357
2010-07-30,1.3064,1.3092,1.2979,1.305,1235
2010-08-01,1.3062,1.3066,1.3053,1.3059,99
2010-08-02,1.3058,1.3194,1.3055,1.3171,1306
2010-08-03,1.317,1.3261,1.3146,1.322,1267
2010-08-04,1.3219,1.3239,1.313,1.3154,1336
2010-08-05,1.3153,1.3234,1.3118,1.3178,1298
2010-08-06,1.3179,1.3333,1.3157,1.328,1181
2010-08-08,1.3294,1.3295,1.3275,1.3282,122
2010-08-09,1.3281,1.3307,1.321,1.3214,1203
2010-08-10,1.3215,1.3227,1.3073,1.3154,1363
2010-08-11,1.3155,1.3159,1.2829,1.2848,1381
2010-08-12,1.2849,1.2931,1.2779,1.2842,1352
2010-08-13,1.2841,1.2905,1.2748,1.2753,1190
2010-08-15,1.2765,1.2773,1.2756,1.2756,125
2010-08-16,1.2757,1.287,1.2733,1.2813,1346
2010-08-17,1.2812,1.2915,1.2803,1.2869,1326
2010-08-18,1.2868,1.2921,1.279,1.2794,1365
2010-08-19,1.2795,1.2901,1.277,1.2806,1380
2010-08-20,1.2807,1.2832,1.2663,1.2711,1199
2010-08-22,1.2704,1.2711,1.2688,1.2698,138
2010-08-23,1.2697,1.2728,1.2622,1.263,1341
2010-08-24,1.2631,1.2718,1.2587,1.2635,1374
2010-08-25,1.2634,1.2726,1.2607,1.2671,1346
2010-08-26,1.267,1.2763,1.2649,1.2703,1367
2010-08-27,1.2702,1.2778,1.2675,1.2762,1200
2010-08-29,1.276,1.2768,1.2743,1.2751,122
2010-08-30,1.275,1.2754,1.2658,1.2663,1310
2010-08-31,1.2662,1.2742,1.2624,1.2672,1338
2010-09-01,1.2673,1.2854,1.2662,1.2794,1339
2010-09-02,1.2793,1.2847,1.2776,1.2814,1289
2010-09-03,1.2813,1.2896,1.2808,1.2895,1147
2010-09-05,1.289,1.2897,1.2881,1.2887,104
2010-09-06,1.2886,1.2918,1.2799,1.2818,1129
2010-09-07,1.2819,1.2819,1.2676,1.2692,1350
2010-09-08,1.2693,1.2763,1.2659,1.2727,1320
2010-09-09,1.2726,1.2765,1.2664,1.2678,1340
2010-09-10,1.2677,1.2746,1.2644,1.2682,1212
2010-09-12,1.2714,1.2761,1.2703,1.276,144
2010-09-13,1.2759,1.2892,1.2759,1.2863,1330
2010-09-14,1.2862,1.3033,1.2829,1.2995,1363
2010-09-15,1.2996,1.3036,1.2955,1.301,1366
2010-09-16,1.3009,1.3116,1.2975,1.3066,1325
2010-09-17,1.3067,1.3159,1.3019,1.3048,1176
2010-09-19,1.3063,1.3065,1.3034,1.3043,122
2010-09-20,1.3042,1.312,1.3028,1.3062,1247
2010-09-21,1.3061,1.329,1.3059,1.3283,1357
2010-09-22,1.3282,1.344,1.3267,1.3393,1374
2010-09-23,1.3392,1.3413,1.3291,1.3294,1329
2010-09-24,1.3293,1.3495,1.3286,1.3489,1222
2010-09-26,1.3486,1.3495,1.3468,1.3479,128
2010-09-27,1.3478,1.3506,1.3425,1.343,1351
2010-09-28,1.3429,1.3595,1.338,1.3572,1353
2010-09-29,1.3573,1.3646,1.3566,1.3625,1345
2010-09-30,1.3624,1.3683,1.3559,1.3631,1372
2010-10-01,1.3632,1.3791,1.3629,1.3791,1180
2010-10-03,1.3801,1.3805,1.3772,1.3775,127
2010-10-04,1.3774,1.3784,1.3643,1.3647,1319
2010-10-05,1.3648,1.3858,1.3636,1.3852,1358
2010-10-06,1.3851,1.3947,1.3797,1.3915,1329
2010-10-07,1.3916,1.4028,1.3856,1.3924,1333
2010-10-08,1.3923,1.3983,1.3832,1.3937,1196
2010-10-10,1.3994,1.4012,1.3973,1.3995,146
2010-10-11,1.3994,1.3998,1.3856,1.3864,1301
2010-10-12,1.3865,1.3935,1.3774,1.392,1353
2010-10-13,1.3919,1.4,1.3912,1.3982,1345
2010-10-14,1.3983,1.4121,1.3983,1.4024,1376
2010-10-15,1.4023,1.4158,1.3936,1.3976,1221
2010-10-17,1.399,1.399,1.394,1.395,145
2010-10-18,1.3951,1.3997,1.383,1.3962,1389
2010-10-19,1.3963,1.4003,1.3697,1.3698,1410
2010-10-20,1.3699,1.399,1.3699,1.3975,1384
2010-10-21,1.3976,1.4049,1.387,1.3911,1379
2010-10-22,1.391,1.3971,1.3857,1.3952,1216
2010-10-24,1.3973,1.3977,1.3933,1.3961,152
2010-10-25,1.396,1.4079,1.3907,1.3922,1374
2010-10-26,1.3921,1.3981,1.3825,1.3845,1372
2010-10-27,1.3844,1.3878,1.3733,1.3794,1397
2010-10-28,1.3793,1.395,1.3777,1.3943,1350
2010-10-29,1.3942,1.3946,1.3806,1.3946,1231
2010-10-31,1.3961,1.3982,1.3957,1.3972,137
2010-11-01,1.3971,1.401,1.3863,1.3908,1374
2010-11-02,1.391,1.4057,1.3881,1.4032,1377
2010-11-03,1.4031,1.4152,1.3991,1.4125,1397
2010-11-04,1.4126,1.4281,1.4101,1.4227,1381
2010-11-05,1.4228,1.4229,1.4023,1.4031,1210
2010-11-07,1.4057,1.4081,1.4043,1.4073,107
2010-11-08,1.4072,1.4085,1.3858,1.3862,1404
2010-11-09,1.3861,1.3973,1.3747,1.3768,1427
2010-11-10,1.3767,1.3824,1.3669,1.3774,1421
2010-11-11,1.3773,1.382,1.3606,1.362,1404
2010-11-12,1.3619,1.3775,1.3573,1.369,1306
2010-11-14,1.3706,1.3707,1.3681,1.3688,102
2010-11-15,1.3687,1.3749,1.3562,1.3572,1411
2010-11-16,1.3573,1.3655,1.3446,1.3494,1417
2010-11-17,1.3493,1.3564,1.346,1.3551,1392
2010-11-18,1.3552,1.3667,1.3541,1.3655,1399
2010-11-19,1.3656,1.373,1.3607,1.3671,1280
2010-11-21,1.3719,1.3743,1.371,1.3741,112
2010-11-22,1.3742,1.3785,1.3575,1.3599,1390
2010-11-23,1.3598,1.3613,1.3359,1.3385,1409
2010-11-24,1.3386,1.342,1.3283,1.3356,1388
2010-11-25,1.3357,1.3386,1.3285,1.3339,1287
2010-11-26,1.3338,1.3349,1.3199,1.324,1262
2010-11-28,1.3283,1.329,1.323,1.3236,113
2010-11-29,1.3237,1.3301,1.3063,1.3099,1406
2010-11-30,1.31,1.3149,1.2968,1.2995,1426
2010-12-01,1.2994,1.3181,1.297,1.3124,1402
2010-12-02,1.3123,1.3246,1.3059,1.3211,1388
2010-12-03,1.321,1.3437,1.3192,1.3413,1277
2010-12-05,1.3376,1.3421,1.3375,1.3412,111
2010-12-06,1.3411,1.342,1.3245,1.3288,1381
2010-12-07,1.3287,1.34,1.3235,1.3247,1399
2010-12-08,1.3246,1.3279,1.3179,1.3247,1395
2010-12-09,1.3248,1.3321,1.3163,1.324,1386
2010-12-10,1.3239,1.3281,1.3178,1.3227,1253
2010-12-12,1.3198,1.3209,1.3191,1.3196,93
2010-12-13,1.3197,1.3432,1.3181,1.3393,1358
2010-12-14,1.3392,1.3498,1.3354,1.3356,1362
2010-12-15,1.3355,1.3377,1.3208,1.3223,1367
2010-12-16,1.3224,1.3264,1.318,1.3238,1364
2010-12-17,1.324,1.3358,1.3132,1.3188,1251
2010-12-19,1.3186,1.3186,1.3151,1.3162,98
2010-12-20,1.3161,1.3182,1.3093,1.3116,1359
2010-12-21,1.3117,1.3201,1.3073,1.309,1362
2010-12-22,1.3089,1.318,1.3077,1.3113,1329
2010-12-23,1.3112,1.315,1.3054,1.3122,1275
2010-12-24,1.3121,1.3147,1.3087,1.3116,886
2010-12-26,1.3114,1.3117,1.3071,1.3078,84
2010-12-27,1.3079,1.3188,1.3077,1.3187,1269
2010-12-28,1.3188,1.3273,1.3083,1.3085,1348
2010-12-29,1.3084,1.3238,1.3083,1.3223,1302
2010-12-30,1.3222,1.3314,1.3218,1.3301,1303
2010-12-31,1.33,1.3423,1.3288,1.3364,1121
2011-01-02,1.3345,1.3362,1.3333,1.3355,99
2011-01-03,1.3356,1.3394,1.3249,1.3355,1312
2011-01-04,1.3356,1.3433,1.3291,1.3318,1369
2011-01-05,1.3319,1.3324,1.3125,1.3155,1371
2011-01-06,1.3157,1.3169,1.2968,1.2979,1384
2011-01-07,1.2978,1.3021,1.2904,1.2906,1297
2011-01-09,1.2876,1.2905,1.2874,1.2894,100
2011-01-10,1.2895,1.2965,1.2873,1.2963,1348
2011-01-11,1.2964,1.2992,1.2904,1.2982,1381
2011-01-12,1.2981,1.3144,1.2961,1.3125,1376
2011-01-13,1.3126,1.3382,1.3088,1.335,1395
2011-01-14,1.3349,1.3456,1.3314,1.3388,1272
2011-01-16,1.3384,1.3384,1.3352,1.3378,89
2011-01-17,1.3379,1.3379,1.3244,1.328,1305
2011-01-18,1.3281,1.3466,1.3252,1.3377,1389
2011-01-19,1.3376,1.3537,1.3376,1.3451,1401
2011-01-20,1.345,1.3522,1.3395,1.3465,1391
2011-01-21,1.3466,1.3625,1.3448,1.362,1297
2011-01-23,1.364,1.3641,1.3602,1.3618,108
2011-01-24,1.3617,1.3685,1.3539,1.3642,1346
2011-01-25,1.3643,1.3703,1.3572,1.3684,1394
2011-01-26,1.3685,1.3721,1.364,1.3709,1390
2011-01-27,1.371,1.3757,1.3636,1.3722,1374
2011-01-28,1.3721,1.3745,1.3582,1.361,1287
2011-01-30,1.3587,1.3603,1.3571,1.3571,111
2011-01-31,1.3572,1.3738,1.357,1.3713,1376
2011-02-01,1.3712,1.3842,1.37,1.3828,1382
2011-02-02,1.3827,1.386,1.3766,1.3815,1361
2011-02-03,1.3814,1.3825,1.3608,1.3623,1340
2011-02-04,1.3624,1.3678,1.3542,1.358,1208
2011-02-06,1.3562,1.3576,1.3562,1.3572,102
2011-02-07,1.3574,1.3626,1.3507,1.3591,1349
2011-02-08,1.3592,1.3687,1.3571,1.3624,1345
2011-02-09,1.3623,1.3743,1.361,1.3718,1362
2011-02-10,1.3717,1.3727,1.3576,1.3602,1352
2011-02-11,1.3603,1.362,1.3496,1.3556,1255
2011-02-13,1.3506,1.3533,1.35,1.3511,106
2011-02-14,1.3512,1.3557,1.3427,1.3478,1338
2011-02-15,1.3479,1.3549,1.346,1.3497,1341
2011-02-16,1.3496,1.3587,1.3461,1.3573,1339
2011-02-17,1.3572,1.3626,1.3536,1.3622,1325
2011-02-18,1.3621,1.3714,1.3544,1.3692,1231
2011-02-20,1.37,1.3715,1.3686,1.3711,97
2011-02-21,1.3712,1.3712,1.3646,1.368,1259
2011-02-22,1.3681,1.3703,1.3524,1.3671,1379
2011-02-23,1.3672,1.3786,1.3671,1.3759,1393
2011-02-24,1.3758,1.3823,1.3703,1.3819,1359
2011-02-25,1.382,1.3837,1.3723,1.3752,1236
2011-02-27,1.3758,1.3762,1.3729,1.3733,100
2011-02-28,1.3734,1.3855,1.371,1.382,1354
2011-03-01,1.3821,1.3853,1.3762,1.3767,1359
2011-03-02,1.3766,1.3889,1.3742,1.3864,1357
2011-03-03,1.3865,1.3975,1.3832,1.3955,1344
2011-03-04,1.3956,1.4006,1.394,1.3986,1183
2011-03-06,1.3988,1.3997,1.3985,1.3989,92
2011-03-07,1.3988,1.4035,1.3955,1.3961,1289
2011-03-08,1.3962,1.3988,1.3861,1.3894,1296
2011-03-09,1.3895,1.3941,1.3855,1.3903,1318
2011-03-10,1.3902,1.3924,1.3774,1.38,1331
2011-03-11,1.3801,1.3914,1.3751,1.3902,1219
2011-03-13,1.3963,1.3978,1.3927,1.3934,170
2011-03-14,1.3935,1.4002,1.3904,1.399,1309
2011-03-15,1.3989,1.4012,1.3854,1.3985,1384
2011-03-16,1.3984,1.4,1.3866,1.3883,1403
2011-03-17,1.3884,1.4052,1.3876,1.4029,1393
2011-03-18,1.403,1.4183,1.3979,1.4181,1230
2011-03-20,1.4194,1.4195,1.4165,1.4168,150
2011-03-21,1.4167,1.4239,1.4138,1.4216,1301
2011-03-22,1.4217,1.4247,1.4162,1.4167,1254
2011-03-23,1.4168,1.4213,1.4076,1.4103,1335
2011-03-24,1.4104,1.4219,1.4053,1.4168,1304
2011-03-25,1.4169,1.4193,1.4055,1.4086,1155
2011-03-27,1.404,1.4054,1.402,1.4034,158
2011-03-28,1.4033,1.4114,1.4025,1.4072,1258
2011-03-29,1.4071,1.4148,1.4046,1.4119,1267
2011-03-30,1.412,1.4146,1.4051,1.4126,1342
2011-03-31,1.4125,1.4232,1.4115,1.4156,1335
2011-04-01,1.4155,1.4245,1.4061,1.4235,1188
2011-04-03,1.423,1.4242,1.4216,1.4233,156
2011-04-04,1.4234,1.4268,1.4191,1.4204,1260
2011-04-05,1.4203,1.4245,1.415,1.4231,1314
2011-04-06,1.423,1.4348,1.4227,1.4323,1296
2011-04-07,1.4324,1.4324,1.4241,1.4297,1306
2011-04-08,1.4298,1.4487,1.429,1.4483,1233
2011-04-10,1.4472,1.4482,1.445,1.4479,143
2011-04-11,1.4478,1.4482,1.442,1.4422,1330
2011-04-12,1.4423,1.4518,1.4377,1.4481,1371
2011-04-13,1.4482,1.4519,1.4412,1.445,1353
2011-04-14,1.4449,1.4513,1.4364,1.4501,1345
2011-04-15,1.45,1.45,1.439,1.4429,1193
2011-04-17,1.4412,1.442,1.439,1.4396,129
2011-04-18,1.4397,1.4404,1.4156,1.4236,1359
2011-04-19,1.4237,1.4372,1.4204,1.4364,1349
2011-04-20,1.4363,1.4546,1.4353,1.4517,1360
2011-04-21,1.4516,1.4648,1.4514,1.4558,1292
2011-04-22,1.4557,1.4588,1.4533,1.456,887
2011-04-24,1.4561,1.4588,1.455,1.4587,136
2011-04-25,1.4588,1.4626,1.4524,1.455,1312
2011-04-26,1.4551,1.4713,1.4492,1.4704,1365
2011-04-27,1.4705,1.4795,1.4632,1.4787,1381
2011-04-28,1.4786,1.4881,1.4772,1.484,1351
2011-04-29,1.4839,1.4877,1.4803,1.4807,1170
2011-05-01,1.4816,1.4839,1.4779,1.4815,152
2011-05-02,1.4816,1.4901,1.4762,1.4793,1368
2011-05-03,1.4794,1.4889,1.4754,1.4836,1388
2011-05-04,1.4835,1.4939,1.4774,1.4826,1404
2011-05-05,1.4827,1.4898,1.4509,1.4557,1395
2011-05-06,1.4556,1.4587,1.4309,1.4315,1252
2011-05-08,1.4363,1.4395,1.434,1.4387,165
2011-05-09,1.4388,1.4441,1.4253,1.4367,1415
2011-05-10,1.4368,1.4418,1.427,1.4399,1382
2011-05-11,1.44,1.4422,1.4172,1.4206,1400
2011-05-12,1.4205,1.4276,1.4122,1.4228,1370
2011-05-13,1.4229,1.4338,1.4066,1.4117,1247
2011-05-15,1.409,1.4093,1.4062,1.4064,155
2011-05-16,1.4065,1.4243,1.4047,1.4144,1409
2011-05-17,1.4145,1.4275,1.412,1.4265,1396
2011-05-18,1.4266,1.4286,1.4194,1.4257,1409
2011-05-19,1.4258,1.4336,1.4205,1.4325,1383
2011-05-20,1.4324,1.4344,1.4132,1.416,1218
2011-05-22,1.4125,1.4146,1.4094,1.4116,165
2011-05-23,1.4115,1.4134,1.3968,1.4013,1411
2011-05-24,1.4014,1.4132,1.4013,1.4091,1376
2011-05-25,1.409,1.4117,1.4012,1.4068,1406
2011-05-26,1.4067,1.4206,1.4067,1.4143,1380
2011-05-27,1.4144,1.4323,1.4129,1.4318,1248
2011-05-29,1.4322,1.4322,1.4278,1.4288,159
2011-05-30,1.4289,1.4351,1.4256,1.4332,1292
2011-05-31,1.4333,1.4436,1.4325,1.4423,1413
2011-06-01,1.4424,1.4458,1.4307,1.4344,1404
2011-06-02,1.4343,1.4513,1.4325,1.4486,1391
2011-06-03,1.4487,1.4642,1.445,1.4635,1231
2011-06-05,1.461,1.4656,1.461,1.4652,144
2011-06-06,1.4653,1.4657,1.4556,1.459,1394
2011-06-07,1.4589,1.4695,1.4563,1.4678,1397
2011-06-08,1.4679,1.4688,1.4563,1.4591,1412
2011-06-09,1.4592,1.4645,1.4476,1.4536,1378
2011-06-10,1.4537,1.455,1.4321,1.4346,1235
2011-06-12,1.4325,1.4341,1.432,1.4335,140
2011-06-13,1.4334,1.4429,1.4321,1.4414,1378
2011-06-14,1.4415,1.4496,1.4378,1.4432,1405
2011-06-15,1.4431,1.4437,1.4155,1.4191,1412
2011-06-16,1.419,1.422,1.4072,1.42,1414
2011-06-17,1.4199,1.4338,1.4126,1.4312,1243
2011-06-19,1.428,1.4298,1.4255,1.4257,159
2011-06-20,1.4256,1.4383,1.419,1.4361,1399
2011-06-21,1.436,1.4432,1.4305,1.4376,1415
2011-06-22,1.4375,1.4441,1.4309,1.4329,1394
2011-06-23,1.433,1.4332,1.4125,1.4261,1390
2011-06-24,1.426,1.4305,1.4141,1.4188,1248
2011-06-26,1.4192,1.4197,1.4145,1.4153,158
2011-06-27,1.4154,1.4329,1.4102,1.431,1397
2011-06-28,1.4309,1.4396,1.4236,1.4356,1384
2011-06-29,1.4357,1.4484,1.4337,1.4463,1382
2011-06-30,1.4464,1.4537,1.4447,1.4474,1391
2011-07-01,1.4475,1.4551,1.4435,1.4525,1210
2011-07-03,1.4534,1.4577,1.453,1.4563,162
2011-07-04,1.4562,1.4567,1.4494,1.4541,1271
2011-07-05,1.454,1.454,1.4396,1.4433,1384
2011-07-06,1.4434,1.4465,1.4285,1.4334,1380
2011-07-07,1.4335,1.4373,1.422,1.436,1367
2011-07-08,1.4361,1.4367,1.4205,1.4264,1217
2011-07-10,1.4206,1.4226,1.4197,1.4212,172
2011-07-11,1.4211,1.4227,1.3985,1.4037,1412
2011-07-12,1.4038,1.4053,1.3836,1.3988,1426
2011-07-13,1.3989,1.4282,1.3961,1.4269,1425
2011-07-14,1.427,1.4271,1.4115,1.4161,1400
2011-07-15,1.4162,1.4191,1.4091,1.4155,1236
2011-07-17,1.4106,1.4133,1.4106,1.4125,167
2011-07-18,1.4124,1.4135,1.4013,1.4125,1404
2011-07-19,1.4126,1.4216,1.4068,1.4169,1397
2011-07-20,1.417,1.4273,1.4132,1.426,1385
2011-07-21,1.4261,1.4437,1.4138,1.4407,1391
2011-07-22,1.4408,1.4436,1.4323,1.4358,1225
2011-07-24,1.4388,1.4417,1.4365,1.4366,165
2011-07-25,1.4365,1.4406,1.4324,1.4372,1340
2011-07-26,1.4373,1.4524,1.4356,1.4507,1387
2011-07-27,1.4506,1.4535,1.4338,1.436,1378
2011-07-28,1.4361,1.44,1.4253,1.4326,1396
2011-07-29,1.4325,1.4412,1.4229,1.4398,1242
2011-07-31,1.4381,1.4383,1.4346,1.4353,161
2011-08-01,1.4354,1.4453,1.4184,1.4272,1400
2011-08-02,1.4271,1.4282,1.415,1.4183,1418
2011-08-03,1.4184,1.4371,1.4142,1.4348,1411
2011-08-04,1.4349,1.4367,1.4054,1.4074,1430
2011-08-05,1.4073,1.4297,1.4069,1.4281,1257
2011-08-07,1.4423,1.4431,1.4288,1.4307,174
2011-08-08,1.4306,1.4401,1.4128,1.4175,1429
2011-08-09,1.4174,1.4397,1.4151,1.4353,1436
2011-08-10,1.4354,1.44,1.4122,1.4136,1427
2011-08-11,1.4137,1.4293,1.4103,1.4214,1429
2011-08-12,1.4213,1.429,1.4149,1.4246,1243
2011-08-14,1.4268,1.4283,1.4251,1.4283,149
2011-08-15,1.4282,1.4476,1.4263,1.4437,1379
2011-08-16,1.4436,1.4471,1.4353,1.438,1400
2011-08-17,1.4381,1.4516,1.4324,1.4427,1389
2011-08-18,1.4428,1.4451,1.427,1.4295,1395
2011-08-19,1.4296,1.4451,1.4258,1.4396,1255
2011-08-21,1.4379,1.4385,1.436,1.4365,152
2011-08-22,1.4366,1.4433,1.4346,1.4356,1388
2011-08-23,1.4357,1.4499,1.4356,1.4437,1376
2011-08-24,1.4438,1.4481,1.4379,1.4407,1373
2011-08-25,1.4406,1.4474,1.4327,1.4387,1353
2011-08-26,1.4388,1.4501,1.4328,1.4498,1213
2011-08-28,1.4499,1.4503,1.4477,1.448,148
2011-08-29,1.4479,1.4548,1.4465,1.4515,1332
2011-08-30,1.4516,1.4532,1.4384,1.4438,1354
2011-08-31,1.4439,1.4468,1.4357,1.4363,1352
2011-09-01,1.4364,1.4377,1.4225,1.4267,1363
2011-09-02,1.4265,1.4287,1.4183,1.4204,1215
2011-09-04,1.4162,1.4173,1.4135,1.4147,169
2011-09-05,1.4148,1.4172,1.4058,1.4068,1318
2011-09-06,1.4069,1.4248,1.3973,1.4008,1393
2011-09-07,1.4007,1.4148,1.4005,1.408,1354
2011-09-08,1.4079,1.4088,1.3872,1.3888,1392
2011-09-09,1.3889,1.3936,1.3626,1.3655,1233
2011-09-11,1.3586,1.3621,1.3554,1.3582,173
2011-09-12,1.3581,1.3693,1.3501,1.3637,1428
2011-09-13,1.3636,1.3738,1.3557,1.3681,1406
2011-09-14,1.368,1.3782,1.359,1.3747,1410
2011-09-15,1.3748,1.3935,1.3702,1.3879,1413
2011-09-16,1.388,1.3881,1.3753,1.3795,1235
2011-09-18,1.3692,1.3714,1.3663,1.368,170
2011-09-19,1.3681,1.372,1.3585,1.3621,1386
2011-09-20,1.3622,1.3743,1.3592,1.3705,1416
2011-09-21,1.3704,1.3787,1.3556,1.3576,1426
2011-09-22,1.3577,1.3589,1.3385,1.3504,1422
2011-09-23,1.3503,1.3566,1.3418,1.35,1254
2011-09-25,1.3521,1.3549,1.3487,1.3515,174
2011-09-26,1.3516,1.3546,1.3361,1.3494,1424
2011-09-27,1.3495,1.3667,1.3478,1.3584,1406
2011-09-28,1.3583,1.3689,1.3519,1.3522,1420
2011-09-29,1.3523,1.3678,1.3519,1.3595,1405
2011-09-30,1.3594,1.3601,1.3383,1.3387,1249
2011-10-02,1.3344,1.3369,1.3331,1.3357,163
2011-10-03,1.3358,1.3381,1.3163,1.319,1429
2011-10-04,1.3189,1.3369,1.3145,1.3317,1435
2011-10-05,1.3318,1.3383,1.326,1.3343,1412
2011-10-06,1.3344,1.345,1.3241,1.3426,1401
2011-10-07,1.3427,1.3524,1.3361,1.3377,1250
2011-10-09,1.3389,1.3409,1.3377,1.3399,150
2011-10-10,1.34,1.3698,1.3393,1.3626,1402
2011-10-11,1.3625,1.3683,1.3565,1.3633,1392
2011-10-12,1.3634,1.3833,1.3582,1.3777,1398
2011-10-13,1.3778,1.3826,1.3685,1.3752,1406
2011-10-14,1.3751,1.3894,1.3723,1.3881,1243
2011-10-16,1.3867,1.3887,1.3862,1.3872,155
2011-10-17,1.3873,1.3914,1.3724,1.3744,1373
2011-10-18,1.3745,1.3817,1.3652,1.3732,1417
2011-10-19,1.3731,1.3868,1.3725,1.3767,1391
2011-10-20,1.3766,1.3842,1.3656,1.3794,1390
2011-10-21,1.3793,1.3901,1.3703,1.3895,1236
2011-10-23,1.3843,1.3874,1.3829,1.3849,157
2011-10-24,1.385,1.3956,1.3822,1.3919,1405
2011-10-25,1.392,1.396,1.3848,1.3899,1400
2011-10-26,1.39,1.3975,1.3797,1.3885,1406
2011-10-27,1.3884,1.4247,1.3884,1.4198,1419
2011-10-28,1.4197,1.4198,1.4133,1.4151,1236
2011-10-30,1.4142,1.4162,1.4137,1.4138,141
2011-10-31,1.4137,1.417,1.3828,1.3858,1415
2011-11-01,1.3859,1.387,1.3608,1.3654,1426
2011-11-02,1.3653,1.3827,1.3652,1.3688,1407
2011-11-03,1.3687,1.3854,1.3656,1.3822,1414
2011-11-04,1.3823,1.3867,1.371,1.3791,1232
2011-11-06,1.3827,1.3831,1.3777,1.3788,113
2011-11-07,1.3787,1.3813,1.3681,1.3759,1404
2011-11-08,1.3758,1.3845,1.3724,1.3823,1390
2011-11-09,1.3824,1.3857,1.3521,1.3526,1416
2011-11-10,1.3525,1.3652,1.3483,1.3609,1403
2011-11-11,1.3608,1.3795,1.3578,1.3749,1289
2011-11-13,1.3808,1.3809,1.3774,1.3784,112
2011-11-14,1.3783,1.3789,1.3591,1.3623,1403
2011-11-15,1.3624,1.364,1.3496,1.3504,1414
2011-11-16,1.3505,1.3556,1.3421,1.3439,1425
2011-11-17,1.3438,1.3539,1.3422,1.3453,1418
2011-11-18,1.3454,1.3614,1.3446,1.3524,1305
2011-11-20,1.3512,1.3536,1.3505,1.3535,112
2011-11-21,1.3536,1.354,1.343,1.3483,1384
2011-11-22,1.3482,1.3568,1.3469,1.3518,1387
2011-11-23,1.3517,1.3531,1.332,1.3343,1388
2011-11-24,1.3344,1.3411,1.3315,1.3329,1307
2011-11-25,1.333,1.3333,1.3212,1.3238,1242
2011-11-27,1.3322,1.3327,1.3291,1.3309,116
2011-11-28,1.3308,1.3398,1.3272,1.3314,1400
2011-11-29,1.3313,1.3441,1.3285,1.3322,1404
2011-11-30,1.3323,1.3532,1.3259,1.3442,1410
2011-12-01,1.3441,1.352,1.3417,1.3465,1388
2011-12-02,1.3464,1.3548,1.3362,1.339,1264
2011-12-04,1.3419,1.34251,1.33949,1.34152,120
2011-12-05,1.34154,1.34857,1.33745,1.3386,1439
2011-12-06,1.33852,1.3427,1.33326,1.34088,1440
2011-12-07,1.34087,1.34527,1.33503,1.33986,1440
2011-12-08,1.33987,1.34588,1.32883,1.3345,1438
2011-12-09,1.33452,1.34332,1.32808,1.33857,1320
2011-12-11,1.3381,1.3381,1.33586,1.33698,119
2011-12-12,1.33699,1.33766,1.31603,1.31639,1439
2011-12-13,1.31638,1.32361,1.30083,1.30181,1439
2011-12-14,1.3018,1.30636,1.29455,1.29842,1439
2011-12-15,1.29841,1.30491,1.29565,1.30284,1439
2011-12-16,1.30282,1.30835,1.29944,1.3045,1320
2011-12-18,1.30421,1.30435,1.30306,1.30353,120
2011-12-19,1.30351,1.30417,1.29823,1.30055,1440
2011-12-20,1.30054,1.3131,1.29945,1.30856,1440
2011-12-21,1.30853,1.31962,1.30244,1.30353,1440
2011-12-22,1.30354,1.31184,1.30166,1.30538,1432
2011-12-23,1.30541,1.30951,1.30254,1.30422,1316
2011-12-26,1.3055,1.30817,1.30425,1.3047,921
2011-12-27,1.30469,1.30826,1.30425,1.30674,1426
2011-12-28,1.30673,1.30795,1.29114,1.2924,1437
2011-12-29,1.29242,1.2965,1.28577,1.29517,1438
2011-12-30,1.29512,1.2998,1.29034,1.29573,1313
2012-01-02,1.29324,1.29709,1.29167,1.29362,986
2012-01-03,1.29365,1.30763,1.29347,1.30534,1434
2012-01-04,1.30532,1.30721,1.28969,1.29302,1438
2012-01-05,1.293,1.29431,1.27698,1.27911,1440
2012-01-06,1.27912,1.28119,1.26968,1.27189,1318
2012-01-08,1.26946,1.27057,1.26654,1.26784,120
2012-01-09,1.2678,1.27846,1.26765,1.27718,1437
2012-01-10,1.27721,1.28175,1.27421,1.27525,1439
2012-01-11,1.27526,1.27891,1.26608,1.27209,1440
2012-01-12,1.2721,1.28442,1.26984,1.28195,1438
2012-01-13,1.28194,1.28776,1.26255,1.26803,1320
2012-01-15,1.26359,1.26552,1.26348,1.26469,120
2012-01-16,1.26468,1.26869,1.26253,1.26655,1437
2012-01-17,1.26654,1.28072,1.2664,1.27458,1438
2012-01-18,1.27461,1.28675,1.27336,1.28633,1440
2012-01-19,1.28632,1.29715,1.28387,1.29604,1440
2012-01-20,1.29605,1.29855,1.28868,1.29301,1319
2012-01-22,1.28804,1.28954,1.28754,1.28862,119
2012-01-23,1.2886,1.30519,1.28821,1.30237,1440
2012-01-24,1.30239,1.30619,1.29529,1.30343,1439
2012-01-25,1.30344,1.31198,1.29304,1.31056,1439
2012-01-26,1.31055,1.31832,1.30876,1.30876,1438
2012-01-27,1.30873,1.32333,1.30772,1.32192,1320
2012-01-29,1.32268,1.32271,1.3205,1.32063,120
2012-01-30,1.32062,1.32099,1.30763,1.31376,1440
2012-01-31,1.31377,1.32127,1.30416,1.30751,1440
2012-02-01,1.30752,1.32173,1.30253,1.31689,1439
2012-02-02,1.31688,1.31959,1.30848,1.31352,1440
2012-02-03,1.31351,1.32044,1.30658,1.31564,1319
2012-02-05,1.3118,1.31306,1.31115,1.31236,120
2012-02-06,1.31241,1.31407,1.30272,1.31176,1439
2012-02-07,1.31175,1.32691,1.30886,1.32471,1438
2012-02-08,1.32477,1.32878,1.32143,1.32468,1440
2012-02-09,1.32469,1.33203,1.32259,1.3275,1438
2012-02-10,1.32746,1.32902,1.31548,1.3196,1320
2012-02-12,1.32088,1.32602,1.32013,1.32392,120
2012-02-13,1.32388,1.32835,1.31446,1.31537,1440
2012-02-14,1.31536,1.32151,1.30795,1.31278,1440
2012-02-15,1.31281,1.31899,1.30432,1.30546,1440
2012-02-16,1.30545,1.31578,1.29736,1.31265,1439
2012-02-17,1.31263,1.31967,1.31145,1.31392,1318
2012-02-19,1.31806,1.32367,1.31727,1.32228,120
2012-02-20,1.32229,1.3276,1.31816,1.32068,1437
2012-02-21,1.32071,1.32925,1.31862,1.32481,1439
2012-02-22,1.32483,1.32658,1.32106,1.32548,1440
2012-02-23,1.32549,1.33777,1.32307,1.33733,1439
2012-02-24,1.33732,1.34856,1.33566,1.34465,1320
2012-02-26,1.34634,1.34789,1.34553,1.3467,120
2012-02-27,1.34666,1.34674,1.33658,1.34068,1440
2012-02-28,1.34076,1.34791,1.3389,1.34778,1439
2012-02-29,1.3478,1.34848,1.33142,1.33237,1439
2012-03-01,1.33236,1.33555,1.32819,1.33259,1437
2012-03-02,1.33258,1.3332,1.31864,1.31972,1320
2012-03-04,1.31913,1.32046,1.31821,1.31847,117
2012-03-05,1.31846,1.32403,1.31596,1.32227,1439
2012-03-06,1.32226,1.32252,1.31026,1.31192,1438
2012-03-07,1.3119,1.31634,1.30959,1.31403,1440
2012-03-08,1.31401,1.32904,1.31347,1.3271,1440
2012-03-09,1.32709,1.32716,1.30961,1.31227,1320
2012-03-11,1.3104,1.31242,1.31039,1.31214,175
2012-03-12,1.31215,1.31719,1.30782,1.3169,1440
2012-03-13,1.31681,1.31906,1.30514,1.30784,1440
2012-03-14,1.30785,1.30894,1.30103,1.302,1438
2012-03-15,1.30199,1.31188,1.30033,1.30762,1439
2012-03-16,1.30761,1.31866,1.30484,1.31741,1260
2012-03-18,1.31756,1.31864,1.31722,1.31756,175
2012-03-19,1.31758,1.32645,1.31412,1.32285,1433
2012-03-20,1.32288,1.32514,1.31716,1.32376,1438
2012-03-21,1.32377,1.32843,1.3178,1.32168,1439
2012-03-22,1.32178,1.32538,1.31333,1.32039,1440
2012-03-23,1.3204,1.32925,1.31894,1.32691,1259
2012-03-25,1.32708,1.32839,1.32651,1.32819,169
2012-03-26,1.32831,1.3367,1.31913,1.33565,1440
2012-03-27,1.33566,1.33846,1.3312,1.33285,1438
2012-03-28,1.33284,1.33727,1.32767,1.33249,1440
2012-03-29,1.33252,1.33447,1.32515,1.33134,1440
2012-03-30,1.33133,1.33757,1.33089,1.33436,1260
2012-04-01,1.33602,1.33757,1.33554,1.3356,179
2012-04-02,1.33561,1.33796,1.32776,1.33292,1437
2012-04-03,1.33293,1.33668,1.32127,1.32218,1438
2012-04-04,1.32219,1.32326,1.31064,1.31431,1439
2012-04-05,1.31437,1.31637,1.30345,1.30621,1435
2012-04-06,1.30619,1.31117,1.30508,1.30956,1253
2012-04-08,1.31019,1.31044,1.3066,1.3085,171
2012-04-09,1.30851,1.31332,1.30327,1.31084,1438
2012-04-10,1.31083,1.31437,1.30537,1.30709,1437
2012-04-11,1.30708,1.31563,1.30657,1.31179,1439
2012-04-12,1.31178,1.3212,1.31013,1.31878,1439
2012-04-13,1.31879,1.32003,1.30688,1.3077,1260
2012-04-15,1.30661,1.30745,1.30404,1.3043,179
2012-04-16,1.30429,1.3147,1.2994,1.31255,1440
2012-04-17,1.31256,1.31718,1.30897,1.31346,1438
2012-04-18,1.31345,1.31404,1.30571,1.31166,1439
2012-04-19,1.31165,1.31644,1.30685,1.31425,1438
2012-04-20,1.31426,1.32266,1.31281,1.32189,1260
2012-04-22,1.31828,1.32079,1.31822,1.32068,180
2012-04-23,1.32069,1.32096,1.3104,1.31484,1438
2012-04-24,1.31487,1.32175,1.31443,1.31951,1439
2012-04-25,1.31952,1.32358,1.31732,1.32305,1437
2012-04-26,1.32304,1.32621,1.31761,1.31913,1439
2012-04-27,1.31912,1.32695,1.31567,1.32535,1260
2012-04-29,1.32367,1.32464,1.32358,1.3239,177
2012-04-30,1.32391,1.3266,1.32073,1.32383,1437
2012-05-01,1.32385,1.32829,1.32035,1.32376,1437
2012-05-02,1.32375,1.32401,1.31216,1.31472,1433
2012-05-03,1.31473,1.31796,1.3095,1.31538,1437
2012-05-04,1.31537,1.31776,1.30797,1.30835,1259
2012-05-06,1.3013,1.30321,1.29545,1.29605,180
2012-05-07,1.29606,1.30648,1.29606,1.30585,1437
2012-05-08,1.30578,1.30594,1.29819,1.29923,1439
2012-05-09,1.29918,1.30033,1.29108,1.29337,1440
2012-05-10,1.29338,1.29788,1.29238,1.29325,1440
2012-05-11,1.29324,1.29566,1.29043,1.29161,1260
2012-05-13,1.2901,1.2903,1.28805,1.28967,180
2012-05-14,1.28968,1.29036,1.28147,1.28294,1439
2012-05-15,1.28298,1.28684,1.27212,1.27341,1439
2012-05-16,1.27342,1.27583,1.26806,1.27314,1437
2012-05-17,1.27316,1.27486,1.26658,1.26974,1439
2012-05-18,1.26973,1.27938,1.26415,1.27795,1260
2012-05-20,1.27642,1.27832,1.27479,1.27709,176
2012-05-21,1.27711,1.2824,1.27246,1.28117,1440
2012-05-22,1.28119,1.2814,1.26512,1.26601,1440
2012-05-23,1.26605,1.26857,1.25447,1.25604,1439
2012-05-24,1.25605,1.2619,1.25153,1.25346,1439
2012-05-25,1.25345,1.26011,1.24956,1.25162,1260
2012-05-27,1.25752,1.25786,1.25605,1.25655,179
2012-05-28,1.25658,1.26238,1.25158,1.2521,1432
2012-05-29,1.25209,1.25739,1.24604,1.24769,1440
2012-05-30,1.24771,1.24864,1.23603,1.23729,1440
2012-05-31,1.23727,1.24277,1.23358,1.23617,1438
2012-06-01,1.23616,1.2455,1.22877,1.24338,1260
2012-06-03,1.24172,1.24427,1.23953,1.23979,180
2012-06-04,1.23981,1.2527,1.23852,1.25259,1440
2012-06-05,1.25263,1.25417,1.24094,1.2461,1438
2012-06-06,1.24607,1.25846,1.24406,1.25756,1440
2012-06-07,1.25752,1.26246,1.25394,1.2567,1439
2012-06-08,1.25668,1.25709,1.24349,1.25158,1260
2012-06-10,1.264,1.26681,1.26314,1.26438,180
2012-06-11,1.26436,1.26464,1.24487,1.24765,1440
2012-06-12,1.24764,1.25287,1.24419,1.25002,1440
2012-06-13,1.25001,1.26098,1.24731,1.25738,1440
2012-06-14,1.25741,1.26362,1.25413,1.26256,1440
2012-06-15,1.26253,1.26641,1.25914,1.26396,1260
2012-06-17,1.26973,1.27471,1.26952,1.27038,180
2012-06-18,1.27037,1.2727,1.25564,1.25956,1440
2012-06-19,1.25955,1.27298,1.2568,1.26784,1436
2012-06-20,1.26785,1.27423,1.26374,1.26802,1438
2012-06-21,1.26801,1.26982,1.25308,1.25493,1440
2012-06-22,1.25492,1.25826,1.25187,1.25696,1260
2012-06-24,1.25467,1.25578,1.25346,1.25372,176
2012-06-25,1.25377,1.2544,1.24705,1.25021,1438
2012-06-26,1.25019,1.25298,1.24413,1.24845,1435
2012-06-27,1.24847,1.25075,1.2445,1.24691,1435
2012-06-28,1.24693,1.25237,1.24067,1.24404,1439
2012-06-29,1.244,1.2692,1.24321,1.26602,1260
2012-07-01,1.26769,1.26797,1.26499,1.2654,171
2012-07-02,1.26541,1.26667,1.25675,1.25791,1440
2012-07-03,1.25789,1.26265,1.25586,1.2604,1432
2012-07-04,1.26038,1.26063,1.25075,1.25151,1431
2012-07-05,1.25152,1.25381,1.23633,1.23918,1437
2012-07-06,1.23923,1.24007,1.22595,1.22871,1260
2012-07-08,1.22634,1.228,1.22556,1.22698,177
2012-07-09,1.22699,1.23232,1.22685,1.2317,1440
2012-07-10,1.23169,1.23331,1.22344,1.22544,1437
2012-07-11,1.22546,1.22963,1.22122,1.2244,1433
2012-07-12,1.22439,1.22444,1.21662,1.21878,1439
2012-07-13,1.21881,1.22558,1.21617,1.22486,1260
2012-07-15,1.22672,1.22717,1.22444,1.22463,179
2012-07-16,1.22464,1.2289,1.21748,1.22652,1436
2012-07-17,1.22651,1.23161,1.21884,1.22948,1437
2012-07-18,1.22947,1.23055,1.22162,1.22763,1437
2012-07-19,1.22767,1.23211,1.22285,1.22757,1437
2012-07-20,1.22755,1.22822,1.21436,1.21564,1260
2012-07-22,1.21202,1.21308,1.21134,1.21268,178
2012-07-23,1.21269,1.2144,1.20667,1.21234,1440
2012-07-24,1.21233,1.21373,1.20414,1.20608,1439
2012-07-25,1.20607,1.21697,1.20526,1.21384,1436
2012-07-26,1.21383,1.23288,1.21169,1.2277,1439
2012-07-27,1.22771,1.23891,1.22409,1.23211,1260
2012-07-29,1.22981,1.23098,1.2295,1.23019,176
2012-07-30,1.2302,1.23051,1.22246,1.22591,1437
2012-07-31,1.2259,1.23294,1.22482,1.22915,1439
2012-08-01,1.22917,1.23358,1.22173,1.22383,1436
2012-08-02,1.2238,1.24046,1.21332,1.21779,1438
2012-08-03,1.21781,1.23916,1.21659,1.23865,1260
2012-08-05,1.23972,1.24426,1.23825,1.24264,179
2012-08-06,1.24266,1.24288,1.2341,1.23876,1433
2012-08-07,1.23877,1.24412,1.23753,1.23838,1435
2012-08-08,1.2384,1.24016,1.23261,1.23713,1436
2012-08-09,1.23711,1.23865,1.22664,1.22922,1437
2012-08-10,1.22924,1.23161,1.22407,1.2289,1260
2012-08-12,1.22899,1.22911,1.2274,1.22741,174
2012-08-13,1.22742,1.23727,1.22602,1.23254,1435
2012-08-14,1.23255,1.2385,1.2316,1.23231,1438
2012-08-15,1.23234,1.23429,1.22634,1.22878,1434
2012-08-16,1.2288,1.2372,1.22551,1.23564,1436
2012-08-17,1.23566,1.23813,1.22883,1.23326,1259
2012-08-19,1.23516,1.23521,1.23282,1.23313,177
2012-08-20,1.23314,1.2368,1.22946,1.23502,1434
2012-08-21,1.23504,1.24869,1.23458,1.24757,1437
2012-08-22,1.24758,1.25432,1.24305,1.2533,1437
2012-08-23,1.25328,1.25887,1.25237,1.25589,1436
2012-08-24,1.25593,1.25658,1.24807,1.25112,1254
2012-08-26,1.25123,1.25233,1.25034,1.25044,173
2012-08-27,1.25048,1.25348,1.24892,1.25002,1435
2012-08-28,1.25003,1.2576,1.24646,1.257,1436
2012-08-29,1.25693,1.25726,1.25181,1.25297,1432
2012-08-30,1.25298,1.2563,1.24866,1.25087,1434
2012-08-31,1.25086,1.26369,1.24929,1.25786,1259
2012-09-02,1.25707,1.25859,1.25676,1.25726,178
2012-09-03,1.25725,1.26103,1.25595,1.25855,1432
2012-09-04,1.25854,1.26271,1.25251,1.25329,1438
2012-09-05,1.25328,1.26236,1.2501,1.25996,1439
2012-09-06,1.25998,1.26509,1.25607,1.26301,1440
2012-09-07,1.263,1.28167,1.26257,1.28155,1260
2012-09-09,1.28081,1.28117,1.27905,1.27948,177
2012-09-10,1.27947,1.28029,1.27543,1.2761,1432
2012-09-11,1.27604,1.28704,1.27581,1.28506,1439
2012-09-12,1.28508,1.29359,1.28149,1.29014,1438
2012-09-13,1.29015,1.30008,1.28563,1.29921,1440
2012-09-14,1.29922,1.31682,1.29839,1.31275,1260
2012-09-16,1.312,1.31343,1.31082,1.31129,180
2012-09-17,1.3113,1.31709,1.30825,1.31073,1439
2012-09-18,1.31074,1.3114,1.30287,1.30455,1440
2012-09-19,1.30454,1.30842,1.29927,1.30566,1439
2012-09-20,1.30568,1.30583,1.29186,1.29729,1439
2012-09-21,1.29727,1.3047,1.29548,1.29782,1259
2012-09-23,1.29758,1.29903,1.29653,1.29662,178
2012-09-24,1.29663,1.2979,1.28903,1.29399,1437
2012-09-25,1.29397,1.29701,1.28856,1.28978,1440
2012-09-26,1.28979,1.29122,1.28345,1.28772,1439
2012-09-27,1.28771,1.29274,1.28285,1.29115,1436
2012-09-28,1.29114,1.2959,1.2838,1.2858,1260
2012-09-30,1.28456,1.28495,1.28031,1.28065,175
2012-10-01,1.28074,1.2938,1.28042,1.28873,1435
2012-10-02,1.28875,1.29671,1.28796,1.29106,1438
2012-10-03,1.29108,1.29364,1.28767,1.29223,1439
2012-10-04,1.29222,1.30308,1.29092,1.3012,1440
2012-10-05,1.30122,1.30708,1.29933,1.30355,1259
2012-10-07,1.30243,1.3025,1.30109,1.30144,171
2012-10-08,1.30143,1.30153,1.29371,1.29745,1436
2012-10-09,1.29744,1.299,1.28491,1.28583,1437
2012-10-10,1.28584,1.29126,1.28347,1.28582,1438
2012-10-11,1.28583,1.29512,1.28248,1.29308,1436
2012-10-12,1.29309,1.29909,1.29218,1.29505,1253
2012-10-14,1.29532,1.29607,1.29302,1.29335,164
2012-10-15,1.29334,1.2978,1.28899,1.29668,1438
2012-10-16,1.29665,1.31236,1.29527,1.3105,1431
2012-10-17,1.31052,1.31387,1.30845,1.31114,1438
2012-10-18,1.31112,1.31279,1.3055,1.30678,1439
2012-10-19,1.30677,1.30762,1.30124,1.30236,1258
2012-10-21,1.30207,1.30286,1.30149,1.3021,162
2012-10-22,1.30209,1.30828,1.30195,1.30699,1436
2012-10-23,1.30698,1.30698,1.29513,1.29728,1428
2012-10-24,1.29729,1.2996,1.29196,1.29637,1434
2012-10-25,1.29638,1.30223,1.29263,1.29381,1438
2012-10-26,1.29378,1.29555,1.2882,1.29382,1259
2012-10-28,1.29411,1.29456,1.2918,1.29212,174
2012-10-29,1.29213,1.29354,1.28845,1.2906,1426
2012-10-30,1.29059,1.29828,1.28852,1.29605,1432
2012-10-31,1.29606,1.30199,1.29458,1.29638,1430
2012-11-01,1.29639,1.29819,1.29239,1.29459,1432
2012-11-02,1.29458,1.29459,1.28206,1.28337,1247
2012-11-04,1.28161,1.28339,1.2816,1.28222,118
2012-11-05,1.2822,1.28419,1.27666,1.27991,1439
2012-11-06,1.2799,1.28259,1.27628,1.2805,1438
2012-11-07,1.28052,1.28756,1.27357,1.27555,1439
2012-11-08,1.27556,1.27758,1.27164,1.27407,1439
2012-11-09,1.27405,1.27894,1.26892,1.27097,1317
2012-11-11,1.27118,1.27357,1.27098,1.27198,119
2012-11-12,1.27197,1.27383,1.26967,1.27052,1435
2012-11-13,1.27053,1.27276,1.26608,1.27087,1439
2012-11-14,1.27086,1.27775,1.27026,1.27288,1439
2012-11-15,1.27289,1.28011,1.27167,1.27807,1435
2012-11-16,1.27805,1.27836,1.26898,1.2742,1318
2012-11-18,1.27481,1.27603,1.27395,1.27579,116
2012-11-19,1.27578,1.2819,1.27452,1.27661,1437
2012-11-20,1.27662,1.28287,1.27641,1.28117,1436
2012-11-21,1.2812,1.28671,1.27357,1.28634,1435
2012-11-22,1.28616,1.2898,1.28335,1.28735,1437
2012-11-23,1.28736,1.29899,1.28677,1.29722,1309
2012-11-25,1.29674,1.29768,1.29628,1.29721,118
2012-11-26,1.29722,1.30066,1.29435,1.29876,1440
2012-11-27,1.29877,1.3008,1.29148,1.29366,1439
2012-11-28,1.29368,1.29604,1.28793,1.29498,1440
2012-11-29,1.29499,1.30133,1.29384,1.29711,1430
2012-11-30,1.29708,1.30267,1.29675,1.2986,1317
2012-12-02,1.29824,1.29974,1.29824,1.29948,118
2012-12-03,1.2995,1.3075,1.29927,1.30631,1431
2012-12-04,1.30632,1.31075,1.30452,1.30983,1436
2012-12-05,1.30982,1.31259,1.30595,1.30715,1439
2012-12-06,1.30714,1.30858,1.29497,1.29606,1434
2012-12-07,1.29607,1.29718,1.28761,1.29264,1293
2012-12-09,1.28893,1.29065,1.28868,1.29056,120
2012-12-10,1.29058,1.29458,1.28852,1.29363,1429
2012-12-11,1.29362,1.30141,1.2928,1.30107,1433
2012-12-12,1.30106,1.30968,1.2995,1.30646,1436
2012-12-13,1.30648,1.30996,1.30402,1.3076,1438
2012-12-14,1.30762,1.31726,1.30657,1.31625,1320
2012-12-16,1.31782,1.31879,1.31624,1.31652,120
2012-12-17,1.31653,1.3178,1.31434,1.31603,1429
2012-12-18,1.31601,1.32376,1.31556,1.32278,1430
2012-12-19,1.32277,1.33075,1.31878,1.32121,1438
2012-12-20,1.32122,1.32944,1.32028,1.32364,1438
2012-12-21,1.32365,1.32373,1.3158,1.31876,1318
2012-12-23,1.31752,1.31846,1.31722,1.31795,117
2012-12-24,1.31793,1.32329,1.31707,1.31905,1240
2012-12-26,1.32099,1.32535,1.31869,1.32273,778
2012-12-27,1.32277,1.32828,1.32008,1.32476,1438
2012-12-28,1.32475,1.32558,1.31652,1.32162,1317
2012-12-30,1.32134,1.32316,1.32121,1.32256,118
2012-12-31,1.32257,1.32341,1.31716,1.31928,1306
2013-01-01,1.32041,1.32191,1.31879,1.31974,120
2013-01-02,1.31973,1.32987,1.3156,1.31829,1440
2013-01-03,1.31827,1.31883,1.30216,1.30238,1438
2013-01-04,1.30236,1.30887,1.29968,1.30677,1319
2013-01-06,1.30751,1.30787,1.30648,1.30672,120
2013-01-07,1.3067,1.31276,1.30162,1.31232,1438
2013-01-08,1.31231,1.31391,1.30556,1.3082,1439
2013-01-09,1.30819,1.30951,1.30358,1.30526,1438
2013-01-10,1.30527,1.32788,1.30381,1.32719,1440
2013-01-11,1.32718,1.33651,1.32477,1.33418,1317
2013-01-13,1.33608,1.33684,1.33498,1.33575,120
2013-01-14,1.33576,1.34031,1.33355,1.33766,1440
2013-01-15,1.33765,1.33929,1.32628,1.33086,1440
2013-01-16,1.33087,1.3324,1.32559,1.32841,1436
2013-01-17,1.32842,1.33867,1.32691,1.33732,1438
2013-01-18,1.33731,1.33974,1.32798,1.33188,1320
2013-01-20,1.33087,1.33233,1.33081,1.33172,119
2013-01-21,1.33171,1.33315,1.32991,1.3309,1433
2013-01-22,1.33091,1.33708,1.32662,1.33119,1438
2013-01-23,1.33121,1.33537,1.32638,1.33061,1435
2013-01-24,1.3306,1.33919,1.32855,1.33669,1440
2013-01-25,1.33668,1.34784,1.33491,1.34637,1318
2013-01-27,1.34653,1.34704,1.34522,1.3464,120
2013-01-28,1.34642,1.34766,1.3424,1.34466,1435
2013-01-29,1.34465,1.34965,1.34137,1.34869,1437
2013-01-30,1.34868,1.35867,1.34814,1.35677,1434
2013-01-31,1.35675,1.36171,1.35406,1.36111,1439
2013-02-01,1.36107,1.37102,1.35856,1.36398,1320
2013-02-03,1.36503,1.36591,1.36443,1.36445,120
2013-02-04,1.36443,1.36485,1.34983,1.35098,1439
2013-02-05,1.35099,1.35967,1.34577,1.35818,1439
2013-02-06,1.35817,1.35953,1.34928,1.35213,1440
2013-02-07,1.35211,1.35767,1.33698,1.33821,1439
2013-02-08,1.33819,1.34284,1.33526,1.33652,1316
2013-02-10,1.33684,1.33746,1.33631,1.33655,118
2013-02-11,1.33653,1.34266,1.33564,1.34012,1427
2013-02-12,1.34013,1.34749,1.33632,1.34517,1434
2013-02-13,1.34516,1.35192,1.34255,1.34439,1437
2013-02-14,1.3444,1.34549,1.33145,1.33492,1437
2013-02-15,1.33493,1.33925,1.33056,1.33587,1320
2013-02-17,1.33488,1.33584,1.33365,1.33385,120
2013-02-18,1.33378,1.33761,1.33208,1.33479,1428
2013-02-19,1.3348,1.33954,1.33283,1.33943,1437
2013-02-20,1.33942,1.34333,1.32702,1.32723,1440
2013-02-21,1.32724,1.32886,1.31606,1.31914,1438
2013-02-22,1.31916,1.32446,1.31444,1.31912,1318
2013-02-24,1.32162,1.32176,1.31847,1.31907,120
2013-02-25,1.31909,1.3318,1.30471,1.30655,1440
2013-02-26,1.30658,1.31218,1.30176,1.30666,1439
2013-02-27,1.30668,1.31611,1.30406,1.31544,1440
2013-02-28,1.31545,1.31575,1.30525,1.30596,1438
2013-03-01,1.30595,1.31003,1.29658,1.30188,1317
2013-03-03,1.30119,1.30305,1.30035,1.30151,120
2013-03-04,1.30146,1.304,1.29816,1.30343,1437
2013-03-05,1.30341,1.30746,1.30094,1.30466,1438
2013-03-06,1.30468,1.30699,1.29644,1.29772,1439
2013-03-07,1.29774,1.31177,1.29742,1.31072,1440
2013-03-08,1.31074,1.31335,1.29545,1.30043,1320
2013-03-10,1.29862,1.30033,1.29787,1.29867,178
2013-03-11,1.29865,1.30529,1.2983,1.30317,1437
2013-03-12,1.30316,1.30737,1.29903,1.30296,1438
2013-03-13,1.30297,1.3064,1.29226,1.29585,1426
2013-03-14,1.29586,1.30316,1.29107,1.30113,1440
2013-03-15,1.30112,1.31064,1.30019,1.30752,1259
2013-03-17,1.29074,1.29322,1.28875,1.28903,180
2013-03-18,1.28902,1.2995,1.28812,1.29429,1440
2013-03-19,1.2943,1.2969,1.28431,1.28634,1439
2013-03-20,1.28635,1.29776,1.28627,1.29385,1438
2013-03-21,1.29386,1.29545,1.28789,1.29024,1438
2013-03-22,1.29025,1.30092,1.28875,1.29884,1258
2013-03-24,1.29473,1.30472,1.29436,1.30182,180
2013-03-25,1.30181,1.30473,1.28292,1.28564,1440
2013-03-26,1.28562,1.2889,1.28275,1.28597,1434
2013-03-27,1.28598,1.28663,1.27505,1.27739,1437
2013-03-28,1.2774,1.28437,1.27545,1.28128,1437
2013-03-29,1.28129,1.28364,1.27926,1.28196,1233
2013-03-31,1.28046,1.2813,1.27996,1.28047,169
2013-04-01,1.28046,1.28672,1.27707,1.2848,1425
2013-04-02,1.28479,1.28769,1.28083,1.28184,1433
2013-04-03,1.28188,1.28637,1.2789,1.28483,1432
2013-04-04,1.28482,1.29481,1.2745,1.29252,1437
2013-04-05,1.2925,1.30392,1.28999,1.29895,1259
2013-04-07,1.2973,1.30056,1.29721,1.29902,179
2013-04-08,1.29903,1.3037,1.29676,1.30284,1439
2013-04-09,1.30285,1.31024,1.30043,1.30799,1438
2013-04-10,1.30797,1.31212,1.30504,1.30513,1439
2013-04-11,1.30514,1.31375,1.3043,1.31155,1400
2013-04-12,1.31152,1.31259,1.30361,1.31117,1255
2013-04-14,1.31147,1.31148,1.30949,1.3096,178
2013-04-15,1.30961,1.3107,1.3021,1.30525,1440
2013-04-16,1.30524,1.32008,1.30274,1.31771,1439
2013-04-17,1.31772,1.31989,1.30008,1.30329,1437
2013-04-18,1.3033,1.30955,1.30202,1.30519,1439
2013-04-19,1.30517,1.31281,1.30466,1.30509,1259
2013-04-21,1.30769,1.30772,1.30527,1.30567,175
2013-04-22,1.30568,1.30835,1.30145,1.30586,1431
2013-04-23,1.3058,1.30833,1.29722,1.29935,1439
2013-04-24,1.29934,1.30332,1.29538,1.3015,1436
2013-04-25,1.30153,1.30926,1.2988,1.30033,1432
2013-04-26,1.30034,1.30468,1.29901,1.30293,1259
2013-04-28,1.30483,1.30671,1.30384,1.30401,180
2013-04-29,1.30402,1.31158,1.30312,1.30937,1422
2013-04-30,1.30936,1.31849,1.30535,1.3167,1423
2013-05-01,1.31672,1.32421,1.316,1.31787,1416
2013-05-02,1.3179,1.32171,1.30365,1.30654,1432
2013-05-03,1.30653,1.31586,1.30323,1.31136,1251
2013-05-05,1.31222,1.31256,1.31097,1.31202,176
2013-05-06,1.31201,1.31402,1.30529,1.3072,1425
2013-05-07,1.30719,1.31312,1.30672,1.30745,1422
2013-05-08,1.30746,1.31935,1.3071,1.31596,1432
2013-05-09,1.31597,1.31764,1.30097,1.30313,1437
2013-05-10,1.30309,1.30502,1.29346,1.29897,1260
2013-05-12,1.29701,1.29779,1.2959,1.29665,179
2013-05-13,1.29661,1.29989,1.29408,1.29864,1437
2013-05-14,1.29863,1.30283,1.2912,1.29355,1436
2013-05-15,1.29358,1.29418,1.28425,1.28817,1431
2013-05-16,1.28818,1.29289,1.28457,1.28821,1431
2013-05-17,1.28822,1.28885,1.27957,1.28379,1258
2013-05-19,1.28417,1.28478,1.2827,1.28301,180
2013-05-20,1.28302,1.29032,1.28188,1.28897,1435
2013-05-21,1.28896,1.29328,1.28407,1.29191,1433
2013-05-22,1.29189,1.29973,1.28329,1.28415,1440
2013-05-23,1.28419,1.29561,1.28207,1.29221,1437
2013-05-24,1.29222,1.29926,1.29035,1.29317,1259
2013-05-26,1.29341,1.29438,1.29327,1.29352,178
2013-05-27,1.29351,1.29479,1.29146,1.29332,1406
2013-05-28,1.29333,1.29488,1.28408,1.28438,1437
2013-05-29,1.2844,1.29767,1.28372,1.2946,1438
2013-05-30,1.29459,1.30607,1.29327,1.30413,1434
2013-05-31,1.30411,1.30479,1.29435,1.29976,1259
2013-06-02,1.29932,1.29995,1.29841,1.29938,180
2013-06-03,1.29939,1.31067,1.29547,1.30697,1435
2013-06-04,1.30693,1.31007,1.30415,1.3071,1434
2013-06-05,1.30709,1.3115,1.30525,1.30858,1436
2013-06-06,1.30859,1.33049,1.30744,1.32415,1440
2013-06-07,1.32417,1.32844,1.31911,1.32177,1260
2013-06-09,1.31912,1.32144,1.3186,1.32016,180
2013-06-10,1.32017,1.32684,1.31768,1.3252,1438
2013-06-11,1.32519,1.33169,1.32316,1.33116,1440
2013-06-12,1.33117,1.33585,1.32648,1.33434,1436
2013-06-13,1.33432,1.33894,1.32778,1.3358,1440
2013-06-14,1.33582,1.33725,1.32941,1.33467,1260
2013-06-16,1.33474,1.33567,1.33427,1.33538,158
2013-06-17,1.33533,1.33807,1.33178,1.33614,1433
2013-06-18,1.33615,1.3415,1.33251,1.33923,1439
2013-06-19,1.33924,1.34162,1.32614,1.32811,1440
2013-06-20,1.3281,1.32997,1.31607,1.32271,1440
2013-06-21,1.3227,1.32535,1.30979,1.31207,1260
2013-06-23,1.30908,1.31133,1.3089,1.31058,179
2013-06-24,1.31059,1.31434,1.30584,1.31343,1440
2013-06-25,1.31344,1.31499,1.30644,1.30746,1437
2013-06-26,1.30747,1.30864,1.29842,1.30155,1438
2013-06-27,1.30156,1.30564,1.29994,1.30355,1436
2013-06-28,1.30352,1.31024,1.29907,1.30092,1260
2013-06-30,1.3013,1.30157,1.30048,1.30074,166
2013-07-01,1.30073,1.30702,1.30068,1.30672,1429
2013-07-02,1.30671,1.30773,1.29627,1.29741,1437
2013-07-03,1.2974,1.30313,1.29224,1.302,1437
2013-07-04,1.30201,1.30202,1.28825,1.28917,1433
2013-07-05,1.28916,1.29048,1.28053,1.28294,1258
2013-07-07,1.28108,1.28319,1.28106,1.28121,179
2013-07-08,1.28123,1.28812,1.2811,1.286,1440
2013-07-09,1.28602,1.28975,1.27545,1.27759,1437
2013-07-10,1.2776,1.32053,1.27642,1.31158,1439
2013-07-11,1.31161,1.31462,1.30051,1.30862,1438
2013-07-12,1.3086,1.30993,1.29985,1.30666,1259
2013-07-14,1.30772,1.30796,1.30559,1.30603,179
2013-07-15,1.30604,1.30785,1.29927,1.30572,1439
2013-07-16,1.30574,1.31736,1.30501,1.31471,1436
2013-07-17,1.31472,1.31776,1.30825,1.31158,1435
2013-07-18,1.31162,1.31249,1.30662,1.31078,1437
2013-07-19,1.31081,1.31537,1.30886,1.31422,1256
2013-07-21,1.31382,1.31599,1.31352,1.31576,168
2013-07-22,1.31572,1.32174,1.31434,1.31902,1434
2013-07-23,1.31901,1.3238,1.31628,1.32204,1436
2013-07-24,1.32202,1.32555,1.31759,1.31898,1438
2013-07-25,1.319,1.32952,1.3165,1.3273,1436
2013-07-26,1.32729,1.32962,1.3252,1.32782,1257
2013-07-28,1.32855,1.32932,1.32747,1.32848,179
2013-07-29,1.32847,1.32944,1.32385,1.32624,1436
2013-07-30,1.32622,1.33011,1.32337,1.3265,1436
2013-07-31,1.32649,1.3344,1.32086,1.32998,1435
2013-08-01,1.33,1.33101,1.31931,1.32109,1437
2013-08-02,1.3211,1.32933,1.31889,1.32794,1254
2013-08-04,1.32813,1.32864,1.32731,1.32764,178
2013-08-05,1.32763,1.32996,1.32322,1.32569,1435
2013-08-06,1.32568,1.33223,1.32455,1.33064,1435
2013-08-07,1.33057,1.33448,1.3265,1.3339,1438
2013-08-08,1.33392,1.33995,1.33274,1.33784,1438
2013-08-09,1.33782,1.33896,1.33321,1.33417,1259
2013-08-11,1.33206,1.33434,1.33203,1.33376,180
2013-08-12,1.33375,1.33396,1.32765,1.32909,1435
2013-08-13,1.32908,1.33162,1.32328,1.32642,1435
2013-08-14,1.32643,1.32798,1.32382,1.3264,1435
2013-08-15,1.32639,1.33623,1.32051,1.33497,1438
2013-08-16,1.33495,1.33792,1.33104,1.33281,1258
2013-08-18,1.33335,1.3342,1.33206,1.33283,180
2013-08-19,1.33285,1.33738,1.33144,1.33331,1429
2013-08-20,1.33332,1.34513,1.33226,1.34199,1432
2013-08-21,1.34198,1.34263,1.33346,1.33404,1438
2013-08-22,1.33405,1.33724,1.32975,1.33547,1430
2013-08-23,1.33548,1.3409,1.33326,1.33807,1258
2013-08-25,1.33846,1.33915,1.33766,1.33859,178
2013-08-26,1.3386,1.33935,1.33559,1.33773,1421
2013-08-27,1.33772,1.3398,1.33223,1.33902,1433
2013-08-28,1.33901,1.3397,1.33043,1.3334,1431
2013-08-29,1.33338,1.33393,1.32186,1.32362,1437
2013-08-30,1.32363,1.3254,1.31732,1.32207,1258
2013-09-01,1.32133,1.32146,1.31961,1.3206,180
2013-09-02,1.32062,1.32265,1.3183,1.31885,1434
2013-09-03,1.31886,1.31962,1.31377,1.31709,1436
2013-09-04,1.3171,1.32172,1.31562,1.31987,1433
2013-09-05,1.31986,1.32223,1.31097,1.31185,1426
2013-09-06,1.31186,1.31884,1.3104,1.31771,1254
2013-09-08,1.31627,1.31785,1.31626,1.31714,178
2013-09-09,1.31713,1.328,1.31661,1.32549,1432
2013-09-10,1.32552,1.32751,1.32296,1.32666,1427
2013-09-11,1.32667,1.33238,1.32432,1.33128,1435
2013-09-12,1.33129,1.33242,1.32563,1.32977,1434
2013-09-13,1.32979,1.33204,1.32533,1.32928,1254
2013-09-15,1.33596,1.33812,1.33564,1.33578,180
2013-09-16,1.33577,1.33848,1.33292,1.33346,1433
2013-09-17,1.33345,1.33686,1.33245,1.33559,1422
2013-09-18,1.33558,1.35412,1.33374,1.35231,1431
2013-09-19,1.3523,1.35678,1.35086,1.35327,1438
2013-09-20,1.35326,1.35479,1.34972,1.35232,1253
2013-09-22,1.35473,1.35477,1.35254,1.35326,179
2013-09-23,1.35327,1.3544,1.34789,1.3496,1428
2013-09-24,1.34957,1.3518,1.34637,1.34725,1432
2013-09-25,1.3472,1.35364,1.34612,1.35166,1434
2013-09-26,1.35165,1.35256,1.34715,1.34867,1434
2013-09-27,1.34869,1.35636,1.34738,1.35212,1256
2013-09-29,1.3493,1.34978,1.34772,1.34937,180
2013-09-30,1.34936,1.35553,1.3477,1.35227,1435
2013-10-01,1.35228,1.35872,1.35158,1.35221,1436
2013-10-02,1.35217,1.36062,1.35042,1.3589,1431
2013-10-03,1.35891,1.36453,1.35797,1.36221,1433
2013-10-04,1.36224,1.36311,1.35378,1.35567,1251
2013-10-06,1.35638,1.35707,1.35604,1.35678,180
2013-10-07,1.35677,1.35904,1.35419,1.35801,1433
2013-10-08,1.358,1.36064,1.35568,1.35981,1435
2013-10-09,1.35982,1.35999,1.34852,1.35176,1436
2013-10-10,1.35174,1.35457,1.34869,1.35256,1430
2013-10-11,1.35252,1.35809,1.35188,1.35417,1244
2013-10-13,1.35612,1.35625,1.35503,1.35546,176
2013-10-14,1.35545,1.35969,1.35447,1.35558,1437
2013-10-15,1.35557,1.35703,1.34788,1.352,1439
2013-10-16,1.35203,1.35667,1.34721,1.3521,1433
2013-10-17,1.35207,1.3681,1.3515,1.36675,1439
2013-10-18,1.36676,1.37032,1.36587,1.36856,1254
2013-10-20,1.36832,1.36875,1.36802,1.36805,178
2013-10-21,1.36804,1.36878,1.36504,1.36715,1422
2013-10-22,1.36716,1.37912,1.36616,1.37774,1426
2013-10-23,1.37772,1.37924,1.37408,1.3778,1428
2013-10-24,1.37779,1.38245,1.37638,1.3801,1436
2013-10-25,1.38012,1.38315,1.37739,1.38027,1258
2013-10-27,1.38065,1.38105,1.37995,1.38039,177
2013-10-28,1.38035,1.3817,1.37744,1.37873,1434
2013-10-29,1.37872,1.38125,1.37357,1.37419,1432
2013-10-30,1.3742,1.37843,1.36951,1.37227,1438
2013-10-31,1.37226,1.37379,1.35746,1.35783,1436
2013-11-01,1.35782,1.35808,1.34794,1.34862,1259
2013-11-03,1.34865,1.3496,1.34854,1.34914,119
2013-11-04,1.3491,1.35235,1.34418,1.35146,1423
2013-11-05,1.35143,1.35216,1.34484,1.34712,1433
2013-11-06,1.34713,1.35467,1.34669,1.35166,1433
2013-11-07,1.35165,1.35281,1.32948,1.3408,1418
2013-11-08,1.34082,1.34371,1.3317,1.33707,1312
2013-11-10,1.33562,1.33618,1.33439,1.33456,118
2013-11-11,1.33458,1.34153,1.33458,1.34066,1425
2013-11-12,1.34067,1.34554,1.33585,1.34369,1435
2013-11-13,1.3437,1.3497,1.33894,1.34837,1437
2013-11-14,1.34826,1.34935,1.34177,1.34451,1436
2013-11-15,1.34452,1.35046,1.34317,1.34952,1317
2013-11-17,1.34958,1.34981,1.34795,1.34816,119
2013-11-18,1.34815,1.3541,1.34738,1.3501,1433
2013-11-19,1.35005,1.3578,1.34871,1.35633,1438
2013-11-20,1.35629,1.35634,1.34147,1.34295,1439
2013-11-21,1.343,1.34857,1.33987,1.34704,1439
2013-11-22,1.34705,1.3557,1.34615,1.3556,1312
2013-11-24,1.35481,1.35594,1.3547,1.35505,118
2013-11-25,1.35504,1.35556,1.34895,1.35326,1438
2013-11-26,1.35327,1.35742,1.35205,1.35662,1436
2013-11-27,1.35664,1.3612,1.35569,1.35724,1439
2013-11-28,1.35726,1.36179,1.35629,1.36022,1437
2013-11-29,1.3602,1.36209,1.35795,1.35896,1315
2013-12-01,1.35868,1.35918,1.35808,1.35842,119
2013-12-02,1.35843,1.3615,1.35252,1.35413,1432
2013-12-03,1.35411,1.36129,1.35237,1.35912,1436
2013-12-04,1.3591,1.36047,1.35276,1.35847,1436
2013-12-05,1.35848,1.36765,1.35423,1.3668,1440
2013-12-06,1.36682,1.37056,1.36191,1.37047,1320
2013-12-08,1.37143,1.37207,1.37037,1.3706,119
2013-12-09,1.37056,1.37447,1.36935,1.37363,1432
2013-12-10,1.37364,1.3794,1.37337,1.37634,1433
2013-12-11,1.37635,1.38099,1.37398,1.37844,1428
2013-12-12,1.37842,1.38025,1.37368,1.3749,1437
2013-12-13,1.37491,1.37684,1.37089,1.37407,1319
2013-12-15,1.37282,1.37412,1.37277,1.37373,119
2013-12-16,1.37374,1.37978,1.37372,1.376,1433
2013-12-17,1.37602,1.37815,1.37224,1.37685,1437
2013-12-18,1.37684,1.38109,1.36672,1.36818,1430
2013-12-19,1.36817,1.36932,1.36487,1.36548,1440
2013-12-20,1.36552,1.37085,1.36245,1.36706,1317
2013-12-22,1.36721,1.36772,1.3666,1.36768,116
2013-12-23,1.36767,1.37162,1.3672,1.36965,1438
2013-12-24,1.36962,1.36972,1.36542,1.3681,1197
2013-12-26,1.36884,1.36987,1.36793,1.36939,775
2013-12-27,1.36943,1.38922,1.36917,1.37477,1320
2013-12-29,1.37563,1.37689,1.37456,1.37504,119
2013-12-30,1.37502,1.38183,1.37276,1.38076,1434
2013-12-31,1.38072,1.38119,1.37435,1.37574,1248
2014-01-01,1.37615,1.37734,1.37402,1.37652,114
2014-01-02,1.37644,1.37744,1.36289,1.36645,1416
2014-01-03,1.36646,1.36712,1.35816,1.35882,1317
2014-01-05,1.35933,1.35996,1.35882,1.3595,119
2014-01-06,1.35946,1.36523,1.35706,1.3629,1436
2014-01-07,1.36292,1.36555,1.35961,1.36165,1435
2014-01-08,1.36162,1.36342,1.35528,1.35707,1433
2014-01-09,1.35706,1.36322,1.35479,1.36054,1422
2014-01-10,1.36055,1.36865,1.35686,1.36687,1314
2014-01-12,1.36779,1.36779,1.36639,1.36712,120
2014-01-13,1.36711,1.3684,1.36367,1.3668,1436
2014-01-14,1.36679,1.36986,1.36484,1.36664,1440
2014-01-15,1.36662,1.36725,1.35807,1.35989,1439
2014-01-16,1.35988,1.36489,1.35823,1.36149,1437
2014-01-17,1.36152,1.36204,1.35163,1.35403,1311
2014-01-19,1.35364,1.35374,1.3524,1.35266,119
2014-01-20,1.35267,1.35672,1.35069,1.35449,1432
2014-01-21,1.35452,1.3568,1.35156,1.35567,1433
2014-01-22,1.35564,1.35828,1.35339,1.35433,1437
2014-01-23,1.35432,1.36973,1.35296,1.36872,1440
2014-01-24,1.36873,1.37387,1.36619,1.36767,1319
2014-01-26,1.36777,1.36899,1.36746,1.36859,120
2014-01-27,1.36858,1.37159,1.36526,1.36736,1439
2014-01-28,1.36735,1.36877,1.36285,1.36534,1435
2014-01-29,1.36532,1.3684,1.36022,1.36566,1439
2014-01-30,1.36567,1.3662,1.35425,1.35568,1435
2014-01-31,1.35565,1.35727,1.34783,1.34862,1319
2014-02-02,1.34837,1.34905,1.34815,1.34866,120
2014-02-03,1.34865,1.35347,1.34763,1.35219,1439
2014-02-04,1.35222,1.3538,1.34927,1.35152,1438
2014-02-05,1.35146,1.35543,1.34981,1.35331,1436
2014-02-06,1.35333,1.36182,1.34817,1.35909,1435
2014-02-07,1.35906,1.36425,1.35512,1.36352,1311
2014-02-09,1.36158,1.36265,1.36155,1.36179,120
2014-02-10,1.36178,1.36508,1.36178,1.36445,1429
2014-02-11,1.36447,1.36822,1.36286,1.36359,1421
2014-02-12,1.36358,1.36519,1.35614,1.3587,1434
2014-02-13,1.35872,1.3691,1.35848,1.36754,1432
2014-02-14,1.36752,1.3714,1.36729,1.36922,1318
2014-02-16,1.37081,1.37096,1.36945,1.37034,117
2014-02-17,1.37033,1.37235,1.36913,1.37032,1420
2014-02-18,1.37028,1.37693,1.36937,1.37596,1435
2014-02-19,1.37595,1.37725,1.37237,1.37287,1425
2014-02-20,1.37292,1.37618,1.36848,1.372,1433
2014-02-21,1.37201,1.37578,1.37011,1.37382,1313
2014-02-23,1.37343,1.37407,1.37327,1.37367,116
2014-02-24,1.37368,1.37707,1.37076,1.3734,1425
2014-02-25,1.37339,1.37663,1.37148,1.37452,1425
2014-02-26,1.3745,1.37566,1.36609,1.36804,1429
2014-02-27,1.368,1.3726,1.36425,1.37057,1433
2014-02-28,1.37056,1.38239,1.36934,1.38017,1318
2014-03-02,1.37592,1.37876,1.37562,1.37735,120
2014-03-03,1.37736,1.37919,1.37254,1.37348,1433
2014-03-04,1.37347,1.37809,1.37202,1.37412,1417
2014-03-05,1.3741,1.37484,1.37067,1.37308,1420
2014-03-06,1.37307,1.38721,1.37206,1.38627,1428
2014-03-07,1.38624,1.39142,1.38515,1.38756,1316
2014-03-09,1.38745,1.3879,1.38695,1.38766,170
2014-03-10,1.38767,1.38971,1.38609,1.38752,1415
2014-03-11,1.38753,1.38759,1.3833,1.38556,1428
2014-03-12,1.38554,1.39136,1.38427,1.39015,1423
2014-03-13,1.39016,1.3966,1.38449,1.38644,1436
2014-03-14,1.38643,1.39363,1.38468,1.39113,1255
2014-03-16,1.39076,1.39163,1.3903,1.39084,175
2014-03-17,1.39083,1.39469,1.38783,1.39245,1414
2014-03-18,1.39244,1.39419,1.38793,1.39285,1421
2014-03-19,1.39286,1.39317,1.38089,1.38173,1428
2014-03-20,1.38174,1.38442,1.37485,1.37779,1430
2014-03-21,1.3778,1.381,1.37649,1.37951,1250
2014-03-23,1.37976,1.38056,1.37873,1.37962,173
2014-03-24,1.37961,1.38752,1.37596,1.38357,1410
2014-03-25,1.38357,1.38462,1.37486,1.38193,1426
2014-03-26,1.38192,1.38225,1.37756,1.3785,1433
2014-03-27,1.37849,1.37961,1.37278,1.37399,1429
2014-03-28,1.374,1.37723,1.3704,1.37508,1256
2014-03-30,1.37627,1.37642,1.37444,1.37524,170
2014-03-31,1.37522,1.38077,1.37216,1.37731,1423
2014-04-01,1.37732,1.38148,1.37685,1.37927,1423
2014-04-02,1.37928,1.38195,1.37524,1.37658,1416
2014-04-03,1.3766,1.3806,1.36974,1.3722,1428
2014-04-04,1.37219,1.37304,1.36719,1.3703,1252
2014-04-06,1.36966,1.37034,1.36955,1.3703,172
2014-04-07,1.37027,1.37478,1.36965,1.37411,1379
2014-04-08,1.37413,1.38108,1.37367,1.37922,1405
2014-04-09,1.37921,1.38613,1.37793,1.38517,1421
2014-04-10,1.38516,1.38984,1.38351,1.38857,1426
2014-04-11,1.38858,1.39047,1.38627,1.38843,1238
2014-04-13,1.38432,1.38598,1.38413,1.38464,177
2014-04-14,1.38465,1.38623,1.38075,1.38147,1408
2014-04-15,1.38146,1.38326,1.37895,1.38103,1411
2014-04-16,1.38102,1.38502,1.3803,1.38232,1408
2014-04-17,1.38231,1.38639,1.381,1.381,1407
2014-04-18,1.38102,1.38217,1.38078,1.38086,1159
2014-04-20,1.38137,1.38163,1.381,1.38136,156
2014-04-21,1.38134,1.38298,1.37865,1.37908,1362
2014-04-22,1.37906,1.3824,1.37844,1.38063,1401
2014-04-23,1.38064,1.38538,1.37995,1.38163,1419
2014-04-24,1.38164,1.38426,1.37907,1.38297,1406
2014-04-25,1.38293,1.38475,1.38262,1.38315,1234
2014-04-27,1.38449,1.38449,1.38356,1.38383,164
2014-04-28,1.3838,1.38787,1.38139,1.38511,1411
2014-04-29,1.38512,1.38784,1.38048,1.38122,1407
2014-04-30,1.38121,1.38758,1.37734,1.38674,1423
2014-05-01,1.38675,1.38885,1.3862,1.38691,1384
2014-05-02,1.3869,1.38808,1.38115,1.38689,1240
2014-05-04,1.38838,1.38838,1.38704,1.38711,159
2014-05-05,1.3871,1.38853,1.38638,1.3874,1381
2014-05-06,1.38741,1.39504,1.38714,1.39284,1398
2014-05-07,1.39283,1.39379,1.39084,1.39097,1415
2014-05-08,1.39099,1.39927,1.38326,1.3842,1416
2014-05-09,1.38417,1.38429,1.37444,1.37595,1250
2014-05-11,1.37524,1.37603,1.37523,1.37596,171
2014-05-12,1.37597,1.3774,1.37486,1.37547,1418
2014-05-13,1.37548,1.37709,1.36882,1.37071,1414
2014-05-14,1.3707,1.37301,1.36973,1.37169,1424
2014-05-15,1.37168,1.37314,1.36476,1.37164,1422
2014-05-16,1.37163,1.3726,1.36847,1.36928,1240
2014-05-18,1.36923,1.37022,1.36922,1.37022,164
2014-05-19,1.37018,1.37334,1.36979,1.37116,1408
2014-05-20,1.37115,1.37131,1.36773,1.37025,1415
2014-05-21,1.37026,1.37225,1.3634,1.36812,1418
2014-05-22,1.36811,1.36863,1.36445,1.36525,1414
2014-05-23,1.36524,1.36527,1.36149,1.36301,1239
2014-05-25,1.36225,1.36315,1.36144,1.36269,164
2014-05-26,1.3627,1.36537,1.36148,1.36512,1365
2014-05-27,1.3651,1.36679,1.36119,1.3633,1413
2014-05-28,1.36331,1.36371,1.35879,1.35913,1413
2014-05-29,1.35916,1.36249,1.35854,1.36019,1415
2014-05-30,1.36018,1.36494,1.35978,1.36329,1250
2014-06-02,1.35962,1.35984,1.35949,1.35957,280
2014-06-03,1.35959,1.36469,1.35906,1.36202,1410
2014-06-04,1.36201,1.3638,1.35958,1.36015,1413
2014-06-05,1.36014,1.36691,1.35023,1.36597,1420
2014-06-06,1.36599,1.3676,1.36202,1.36418,1253
2014-06-08,1.36427,1.36476,1.36424,1.3647,162
2014-06-09,1.36464,1.36679,1.35818,1.35917,1395
2014-06-10,1.35918,1.36011,1.35327,1.35385,1396
2014-06-11,1.35382,1.35563,1.35208,1.3535,1411
2014-06-12,1.35353,1.35711,1.35115,1.35498,1421
2014-06-13,1.35497,1.35783,1.35202,1.35384,1244
2014-06-15,1.35409,1.35417,1.35303,1.35351,175
2014-06-16,1.35352,1.35786,1.35124,1.35749,1382
2014-06-17,1.3575,1.35863,1.35355,1.3548,1394
2014-06-18,1.35482,1.35987,1.3541,1.35888,1387
2014-06-19,1.3589,1.36427,1.35841,1.36094,1416
2014-06-20,1.36093,1.36332,1.35636,1.35982,1231
2014-06-22,1.35892,1.35964,1.35892,1.35903,163
2014-06-23,1.35902,1.36128,1.35732,1.35994,1397
2014-06-24,1.35995,1.36269,1.35826,1.36051,1409
2014-06-25,1.36054,1.36505,1.35997,1.36272,1405
2014-06-26,1.36271,1.36405,1.35752,1.36107,1395
2014-06-27,1.36106,1.36497,1.36091,1.36481,1236
2014-06-29,1.36436,1.3647,1.36417,1.36427,166
2014-06-30,1.36426,1.36969,1.36395,1.36907,1398
2014-07-01,1.36906,1.36996,1.36747,1.36794,1407
2014-07-02,1.36796,1.36804,1.36418,1.36523,1402
2014-07-03,1.36524,1.36635,1.35953,1.36081,1392
2014-07-04,1.3608,1.36104,1.35847,1.35936,1211
2014-07-06,1.35937,1.3596,1.35834,1.35874,171
2014-07-07,1.35876,1.36084,1.35752,1.3605,1406
2014-07-08,1.36051,1.36165,1.35874,1.3616,1408
2014-07-09,1.36161,1.36478,1.36014,1.36425,1405
2014-07-10,1.36424,1.36499,1.35884,1.36035,1405
2014-07-11,1.36036,1.3624,1.35911,1.36062,1238
2014-07-13,1.3599,1.36073,1.3599,1.36014,176
2014-07-14,1.36015,1.36395,1.35968,1.36211,1396
2014-07-15,1.3621,1.36273,1.35612,1.35698,1392
2014-07-16,1.35697,1.35705,1.35201,1.35273,1422
2014-07-17,1.35272,1.35395,1.35119,1.35179,1429
2014-07-18,1.3518,1.35352,1.34902,1.35236,1245
2014-07-20,1.35277,1.35312,1.35242,1.35297,166
2014-07-21,1.35296,1.35483,1.35123,1.35213,1389
2014-07-22,1.35216,1.35288,1.34583,1.34659,1403
2014-07-23,1.3466,1.34734,1.34543,1.34603,1407
2014-07-24,1.34602,1.34841,1.34374,1.34645,1390
2014-07-25,1.34646,1.34749,1.34207,1.34292,1243
2014-07-27,1.34307,1.34336,1.34266,1.3428,171
2014-07-28,1.34281,1.34431,1.34262,1.34365,1372
2014-07-29,1.34366,1.34438,1.34035,1.3409,1399
2014-07-30,1.34091,1.34145,1.33661,1.33938,1417
2014-07-31,1.33937,1.33997,1.33708,1.33882,1391
2014-08-01,1.33881,1.3444,1.33778,1.34288,1233
2014-08-03,1.34304,1.34319,1.34224,1.34271,166
2014-08-04,1.34272,1.34304,1.34087,1.34209,1389
2014-08-05,1.3421,1.3424,1.33575,1.33707,1411
2014-08-06,1.33706,1.33871,1.33323,1.33789,1406
2014-08-07,1.3379,1.33931,1.33364,1.33565,1411
2014-08-08,1.33566,1.34319,1.33428,1.34082,1252
2014-08-10,1.34089,1.34111,1.34025,1.34036,169
2014-08-11,1.34034,1.34078,1.33797,1.33815,1385
2014-08-12,1.33814,1.33823,1.33353,1.33641,1403
2014-08-13,1.33642,1.34144,1.33416,1.3365,1389
2014-08-14,1.33651,1.3407,1.33478,1.33605,1403
2014-08-15,1.33606,1.3411,1.3358,1.34001,1249
2014-08-17,1.33919,1.33975,1.33873,1.33888,171
2014-08-18,1.33889,1.33984,1.33522,1.33593,1384
2014-08-19,1.33594,1.33598,1.33126,1.33196,1400
2014-08-20,1.33197,1.33209,1.32546,1.32583,1426
2014-08-21,1.32585,1.32877,1.32413,1.32778,1407
2014-08-22,1.32777,1.32959,1.32199,1.32416,1240
2014-08-24,1.31963,1.32043,1.31851,1.31964,177
2014-08-25,1.31966,1.32096,1.31783,1.31853,1406
2014-08-26,1.31854,1.3214,1.31639,1.31688,1426
2014-08-27,1.31687,1.3209,1.31519,1.31912,1410
2014-08-28,1.31911,1.322,1.31591,1.31834,1414
2014-08-29,1.31835,1.31954,1.31312,1.31312,1244
2014-08-31,1.3127,1.31341,1.31239,1.31261,171
2014-09-01,1.31262,1.31447,1.31184,1.31303,1393
2014-09-02,1.31302,1.31359,1.31095,1.31303,1414
2014-09-03,1.31304,1.31592,1.31213,1.31473,1417
2014-09-04,1.31474,1.31533,1.29194,1.29292,1418
2014-09-05,1.29294,1.29879,1.29242,1.29511,1256
2014-09-07,1.29563,1.29577,1.29483,1.29511,174
2014-09-08,1.2951,1.29583,1.28812,1.28905,1426
2014-09-09,1.28906,1.29567,1.28587,1.29403,1429
2014-09-10,1.29402,1.29619,1.28829,1.29161,1424
2014-09-11,1.2916,1.29511,1.28963,1.29217,1429
2014-09-12,1.29216,1.29786,1.29082,1.29631,1256
2014-09-14,1.29722,1.29727,1.29581,1.2959,173
2014-09-15,1.29589,1.29685,1.29079,1.29376,1412
2014-09-16,1.29378,1.29945,1.29216,1.29571,1424
2014-09-17,1.29569,1.29807,1.28336,1.2848,1426
2014-09-18,1.28481,1.29295,1.28479,1.29196,1429
2014-09-19,1.29194,1.29281,1.28274,1.28284,1259
2014-09-21,1.28332,1.28436,1.28253,1.28392,174
2014-09-22,1.28391,1.28671,1.28155,1.28496,1422
2014-09-23,1.28495,1.29005,1.28387,1.28482,1424
2014-09-24,1.28483,1.28632,1.27735,1.27761,1428
2014-09-25,1.27762,1.27826,1.26961,1.27544,1429
2014-09-26,1.27543,1.27592,1.26761,1.26833,1254
2014-09-28,1.26821,1.26831,1.26658,1.26747,173
2014-09-29,1.26746,1.27141,1.2663,1.26893,1428
2014-09-30,1.26892,1.27015,1.25703,1.26274,1424
2014-10-01,1.26273,1.26389,1.25829,1.26207,1431
2014-10-02,1.26208,1.26981,1.26131,1.26674,1425
2014-10-03,1.26673,1.26683,1.24999,1.25152,1260
2014-10-05,1.25119,1.25148,1.25083,1.25118,171
2014-10-06,1.2512,1.2674,1.25114,1.26426,1434
2014-10-07,1.26427,1.26824,1.2583,1.26641,1439
2014-10-08,1.2664,1.27541,1.26219,1.27401,1440
2014-10-09,1.274,1.27905,1.26634,1.26873,1429
2014-10-10,1.26874,1.27153,1.26048,1.26277,1260
2014-10-12,1.26306,1.26468,1.262,1.26389,179
2014-10-13,1.2639,1.27674,1.2633,1.27209,1438
2014-10-14,1.2721,1.27307,1.26309,1.26406,1437
2014-10-15,1.26407,1.2886,1.26239,1.28196,1439
2014-10-16,1.28197,1.28442,1.2705,1.28037,1436
2014-10-17,1.28038,1.2836,1.27434,1.27598,1258
2014-10-19,1.27499,1.276,1.27365,1.27473,180
2014-10-20,1.27474,1.28169,1.27313,1.27944,1437
2014-10-21,1.27943,1.28399,1.27065,1.27136,1439
2014-10-22,1.27134,1.27397,1.26372,1.26414,1439
2014-10-23,1.26412,1.26766,1.26138,1.26492,1435
2014-10-24,1.26491,1.26958,1.26348,1.26691,1259
2014-10-26,1.26755,1.26857,1.2672,1.26757,179
2014-10-27,1.26758,1.27233,1.26657,1.27023,1430
2014-10-28,1.27022,1.27649,1.26846,1.27371,1435
2014-10-29,1.27374,1.27705,1.26264,1.26316,1437
2014-10-30,1.26318,1.26329,1.25475,1.26089,1437
2014-10-31,1.26089,1.26091,1.24856,1.25222,1260
2014-11-02,1.25058,1.25139,1.25017,1.25019,119
2014-11-03,1.25019,1.2511,1.24403,1.24922,1440
2014-11-04,1.24921,1.25772,1.249,1.25516,1440
2014-11-05,1.25519,1.25671,1.24574,1.24774,1440
2014-11-06,1.24774,1.25334,1.23643,1.23802,1440
2014-11-07,1.23801,1.24697,1.23579,1.24528,1319
2014-11-09,1.24701,1.248,1.246,1.24602,119
2014-11-10,1.246,1.25091,1.24176,1.24258,1439
2014-11-11,1.24256,1.24991,1.23946,1.24755,1439
2014-11-12,1.24755,1.24978,1.24194,1.24297,1438
2014-11-13,1.24296,1.24917,1.24275,1.24737,1440
2014-11-14,1.24737,1.25462,1.23985,1.25225,1320
2014-11-16,1.25306,1.25325,1.25138,1.25212,120
2014-11-17,1.25213,1.25773,1.24434,1.24501,1439
2014-11-18,1.24506,1.2545,1.2449,1.25322,1439
2014-11-19,1.25319,1.25975,1.25122,1.25406,1437
2014-11-20,1.25404,1.25752,1.25042,1.2543,1438
2014-11-21,1.2543,1.25682,1.23751,1.23865,1320
2014-11-23,1.23609,1.23755,1.23609,1.23715,119
2014-11-24,1.23717,1.24446,1.23717,1.24338,1439
2014-11-25,1.24339,1.24871,1.24022,1.24795,1438
2014-11-26,1.24796,1.25318,1.24436,1.25041,1439
2014-11-27,1.25041,1.25235,1.2456,1.24594,1439
2014-11-28,1.24595,1.24902,1.24264,1.24496,1318
2014-11-30,1.24634,1.24648,1.24317,1.24366,120
2014-12-01,1.24366,1.25066,1.24194,1.247,1440
2014-12-02,1.24698,1.24761,1.23768,1.23877,1438
2014-12-03,1.23878,1.23905,1.23011,1.23142,1439
2014-12-04,1.23142,1.24563,1.22815,1.23856,1439
2014-12-05,1.23859,1.23929,1.22709,1.2281,1320
2014-12-07,1.22867,1.23026,1.22811,1.22937,120
2014-12-08,1.22937,1.23438,1.2247,1.23146,1439
2014-12-09,1.23147,1.24478,1.22919,1.23877,1437
2014-12-10,1.23878,1.24863,1.23619,1.24799,1440
2014-12-11,1.24798,1.24952,1.237,1.23932,1440
2014-12-12,1.23932,1.24852,1.23842,1.24603,1320
2014-12-14,1.24747,1.24778,1.24562,1.24637,120
2014-12-15,1.24641,1.24785,1.24145,1.24399,1439
2014-12-16,1.24397,1.25698,1.24356,1.25104,1440
2014-12-17,1.25106,1.25154,1.23204,1.23366,1438
2014-12-18,1.23366,1.23524,1.22659,1.22883,1439
2014-12-19,1.22882,1.2302,1.22201,1.22263,1318
2014-12-21,1.22225,1.22266,1.22199,1.22245,119
2014-12-22,1.22246,1.22724,1.22167,1.2223,1438
2014-12-23,1.22229,1.22459,1.21648,1.21748,1438
2014-12-24,1.21747,1.22198,1.21694,1.21999,1137
2014-12-25,1.22218,1.22224,1.22042,1.22077,58
2014-12-26,1.22075,1.22215,1.21684,1.21754,1308
2014-12-28,1.21784,1.21804,1.21672,1.21684,120
2014-12-29,1.21686,1.22208,1.21428,1.21533,1434
2014-12-30,1.21534,1.21874,1.21238,1.2161,1437
2014-12-31,1.21609,1.21698,1.20959,1.20969,1312
2015-01-01,1.20965,1.21072,1.20783,1.20866,157
2015-01-02,1.20868,1.20888,1.20002,1.20009,1317
2015-01-04,1.19427,1.19539,1.18664,1.19468,120
2015-01-05,1.19468,1.19763,1.18871,1.19375,1439
2015-01-06,1.19375,1.19687,1.18408,1.18722,1439
2015-01-07,1.18722,1.18965,1.18021,1.18334,1439
2015-01-08,1.18335,1.18474,1.17541,1.17918,1438
2015-01-09,1.17918,1.18459,1.17626,1.18407,1319
2015-01-11,1.18499,1.187,1.18451,1.18697,120
2015-01-12,1.18696,1.18709,1.17862,1.18321,1438
2015-01-13,1.1832,1.18595,1.17534,1.17769,1439
2015-01-14,1.17768,1.18462,1.17272,1.17841,1440
2015-01-15,1.17841,1.17905,1.15678,1.16361,1439
2015-01-16,1.16361,1.16487,1.146,1.1562,1320
2015-01-18,1.15516,1.15734,1.15516,1.15611,119
2015-01-19,1.15612,1.16389,1.15513,1.15946,1440
2015-01-20,1.15948,1.16148,1.15405,1.15456,1440
2015-01-21,1.15455,1.16802,1.15414,1.16144,1440
2015-01-22,1.16146,1.16509,1.13159,1.13465,1439
2015-01-23,1.13466,1.13738,1.11144,1.12024,1320
2015-01-25,1.11511,1.11569,1.10978,1.11416,120
2015-01-26,1.11415,1.12953,1.11379,1.12495,1440
2015-01-27,1.12498,1.14225,1.12236,1.13677,1440
2015-01-28,1.13676,1.13824,1.12722,1.12829,1440
2015-01-29,1.12828,1.13678,1.12617,1.13329,1438
2015-01-30,1.13327,1.13636,1.12786,1.12839,1319
2015-02-01,1.13105,1.13193,1.13004,1.13072,120
2015-02-02,1.13072,1.1362,1.12922,1.13387,1438
2015-02-03,1.13385,1.1534,1.13123,1.14564,1440
2015-02-04,1.14564,1.14847,1.13038,1.13164,1438
2015-02-05,1.13163,1.14987,1.13157,1.14706,1437
2015-02-06,1.14704,1.14734,1.13117,1.13154,1319
2015-02-08,1.12964,1.13254,1.12955,1.13135,120
2015-02-09,1.13136,1.13592,1.12702,1.13241,1433
2015-02-10,1.13241,1.13454,1.1273,1.13184,1440
2015-02-11,1.13185,1.13521,1.12799,1.13107,1438
2015-02-12,1.13108,1.14228,1.13034,1.14036,1440
2015-02-13,1.14036,1.14431,1.13797,1.13909,1320
2015-02-15,1.13986,1.14005,1.13889,1.13976,114
2015-02-16,1.13976,1.14289,1.13192,1.13323,1439
2015-02-17,1.13324,1.14489,1.13221,1.14038,1434
2015-02-18,1.14037,1.14157,1.13337,1.13993,1439
2015-02-19,1.13993,1.14501,1.13551,1.13656,1436
2015-02-20,1.13657,1.14296,1.12791,1.13813,1318
2015-02-22,1.13916,1.13961,1.1377,1.13803,119
2015-02-23,1.13799,1.13932,1.1295,1.13335,1433
2015-02-24,1.13334,1.13581,1.1288,1.13392,1439
2015-02-25,1.13391,1.13885,1.13356,1.13636,1439
2015-02-26,1.13637,1.13795,1.11834,1.12023,1439
2015-02-27,1.12024,1.12449,1.11759,1.11914,1320
2015-03-01,1.11817,1.11867,1.11599,1.11606,120
2015-03-02,1.11608,1.12395,1.11608,1.11764,1440
2015-03-03,1.11765,1.12174,1.11546,1.11826,1440
2015-03-04,1.11825,1.11854,1.10615,1.10789,1438
2015-03-05,1.10791,1.11143,1.09874,1.10316,1439
2015-03-06,1.10318,1.10324,1.08381,1.08387,1318
2015-03-08,1.08263,1.08462,1.08227,1.08446,180
2015-03-09,1.08446,1.09064,1.08296,1.08346,1438
2015-03-10,1.0835,1.0837,1.06672,1.07066,1437
2015-03-11,1.07064,1.07168,1.05112,1.05476,1440
2015-03-12,1.05478,1.06837,1.04944,1.06263,1440
2015-03-13,1.06264,1.06346,1.04623,1.04939,1260
2015-03-15,1.04699,1.05057,1.04697,1.04836,180
2015-03-16,1.04839,1.06195,1.04832,1.05717,1436
2015-03-17,1.05716,1.06507,1.05513,1.05948,1438
2015-03-18,1.05946,1.10385,1.05798,1.08485,1440
2015-03-19,1.08486,1.09191,1.06128,1.06688,1439
2015-03-20,1.0669,1.0882,1.06553,1.08225,1260
2015-03-22,1.08398,1.08828,1.08154,1.0825,180
2015-03-23,1.08253,1.09711,1.07673,1.0944,1439
2015-03-24,1.09439,1.10292,1.08902,1.09045,1440
2015-03-25,1.09046,1.10143,1.0904,1.09635,1439
2015-03-26,1.09634,1.10521,1.08561,1.08848,1440
2015-03-27,1.08852,1.09483,1.08011,1.08813,1260
2015-03-29,1.08856,1.08949,1.08802,1.08826,172
2015-03-30,1.08826,1.08841,1.081,1.0829,1440
2015-03-31,1.08288,1.08454,1.07128,1.07397,1440
2015-04-01,1.07398,1.07998,1.07185,1.07698,1439
2015-04-02,1.07697,1.09049,1.07502,1.08696,1438
2015-04-03,1.08696,1.10267,1.08638,1.09683,1255
2015-04-05,1.10019,1.10177,1.09877,1.09945,178
2015-04-06,1.09947,1.10354,1.091,1.09342,1434
2015-04-07,1.09342,1.09549,1.0803,1.08221,1439
2015-04-08,1.08222,1.08876,1.0763,1.07847,1435
2015-04-09,1.07845,1.07886,1.06375,1.06664,1440
2015-04-10,1.06666,1.06836,1.05677,1.06005,1260
2015-04-12,1.05854,1.0617,1.05849,1.06063,177
2015-04-13,1.06067,1.0619,1.05204,1.05723,1438
2015-04-14,1.05722,1.07073,1.05315,1.06465,1440
2015-04-15,1.06463,1.07019,1.05711,1.0676,1437
2015-04-16,1.06757,1.08175,1.06247,1.07578,1440
2015-04-17,1.07579,1.08486,1.07336,1.08046,1260
2015-04-19,1.08185,1.08204,1.07885,1.08081,176
2015-04-20,1.08081,1.08185,1.07121,1.07484,1440
2015-04-21,1.07483,1.07813,1.06598,1.07383,1440
2015-04-22,1.07381,1.08008,1.07083,1.07243,1440
2015-04-23,1.07246,1.08451,1.06659,1.08137,1440
2015-04-24,1.08137,1.08999,1.0785,1.0872,1260
2015-04-26,1.08632,1.08743,1.0859,1.08655,177
2015-04-27,1.08658,1.09265,1.08194,1.08764,1438
2015-04-28,1.08764,1.09909,1.08601,1.09676,1440
2015-04-29,1.09678,1.11878,1.09595,1.11121,1440
2015-04-30,1.11121,1.12661,1.10716,1.12116,1439
2015-05-01,1.12117,1.12899,1.11748,1.11987,1259
2015-05-03,1.11929,1.12008,1.11823,1.11884,177
2015-05-04,1.11884,1.12245,1.11226,1.11487,1438
2015-05-05,1.11485,1.12229,1.10663,1.11796,1439
2015-05-06,1.11797,1.137,1.11748,1.1339,1440
2015-05-07,1.1339,1.13916,1.1228,1.12443,1440
2015-05-08,1.12444,1.1289,1.11793,1.11979,1260
2015-05-10,1.11971,1.12065,1.1192,1.11957,177
2015-05-11,1.11955,1.12024,1.1131,1.11456,1438
2015-05-12,1.11455,1.12788,1.11342,1.12189,1440
2015-05-13,1.12189,1.13826,1.12027,1.13469,1440
2015-05-14,1.13467,1.14445,1.13406,1.1402,1438
2015-05-15,1.1402,1.14667,1.13241,1.14482,1260
2015-05-17,1.14469,1.14494,1.14373,1.14441,165
2015-05-18,1.14441,1.14467,1.12986,1.13241,1439
2015-05-19,1.13241,1.13258,1.11186,1.11425,1440
2015-05-20,1.11424,1.11522,1.10626,1.11012,1440
2015-05-21,1.11014,1.11814,1.10799,1.11091,1439
2015-05-22,1.11095,1.12082,1.10021,1.10103,1260
2015-05-24,1.10029,1.10095,1.09651,1.09911,179
2015-05-25,1.09911,1.1008,1.09592,1.09682,1427
2015-05-26,1.09688,1.09706,1.08632,1.08865,1439
2015-05-27,1.08864,1.09291,1.08192,1.08977,1440
2015-05-28,1.08976,1.09744,1.0867,1.09625,1440
2015-05-29,1.09625,1.10059,1.09257,1.09912,1259
2015-05-31,1.09802,1.09881,1.09521,1.09571,175
2015-06-01,1.09573,1.09789,1.08872,1.09217,1439
2015-06-02,1.09218,1.11942,1.0916,1.11478,1440
2015-06-03,1.11475,1.12853,1.10793,1.1261,1439
2015-06-04,1.1261,1.13797,1.11798,1.12075,1439
2015-06-05,1.12071,1.128,1.10492,1.1111,1260
2015-06-07,1.10972,1.11111,1.1095,1.11025,177
2015-06-08,1.11022,1.13067,1.10841,1.12801,1439
2015-06-09,1.12799,1.13451,1.1214,1.12927,1434
2015-06-10,1.12928,1.13863,1.12601,1.13098,1439
2015-06-11,1.13097,1.13313,1.11817,1.12457,1439
2015-06-12,1.12459,1.12965,1.11511,1.12618,1260
2015-06-14,1.12104,1.12318,1.12102,1.12243,180
2015-06-15,1.12242,1.12945,1.11891,1.12754,1435
2015-06-16,1.12753,1.13298,1.1205,1.12414,1431
2015-06-17,1.12413,1.13703,1.12064,1.13625,1439
2015-06-18,1.13624,1.14362,1.13382,1.13713,1438
2015-06-19,1.13713,1.13875,1.12919,1.13487,1260
2015-06-21,1.13771,1.13773,1.13574,1.13614,178
2015-06-22,1.13614,1.14101,1.13117,1.13451,1435
2015-06-23,1.13453,1.13459,1.11351,1.11744,1439
2015-06-24,1.11744,1.12352,1.11597,1.12054,1432
2015-06-25,1.12054,1.12275,1.11536,1.12026,1428
2015-06-26,1.12029,1.12197,1.11302,1.11661,1260
2015-06-28,1.10036,1.10163,1.0953,1.09744,180
2015-06-29,1.09745,1.12785,1.09745,1.12181,1439
2015-06-30,1.1218,1.1244,1.11121,1.11333,1440
2015-07-01,1.11331,1.11722,1.10323,1.10367,1437
2015-07-02,1.10368,1.11212,1.10366,1.10855,1432
2015-07-03,1.10854,1.11178,1.10658,1.11128,1258
2015-07-05,1.09905,1.10391,1.0969,1.09947,180
2015-07-06,1.09947,1.10953,1.09935,1.10474,1430
2015-07-07,1.10478,1.10515,1.09163,1.10074,1440
2015-07-08,1.10074,1.10925,1.0974,1.10709,1440
2015-07-09,1.10707,1.11246,1.09914,1.10603,1440
2015-07-10,1.10605,1.12158,1.10549,1.115,1260
2015-07-12,1.1094,1.11444,1.10934,1.11292,179
2015-07-13,1.11292,1.11971,1.09811,1.09824,1439
2015-07-14,1.0983,1.10836,1.09657,1.10066,1438
2015-07-15,1.10065,1.10355,1.09298,1.09375,1436
2015-07-16,1.09376,1.09485,1.08553,1.08832,1439
2015-07-17,1.08832,1.0907,1.08267,1.08269,1258
2015-07-19,1.08295,1.08437,1.0828,1.08299,178
2015-07-20,1.08298,1.087,1.08082,1.08334,1437
2015-07-21,1.08333,1.09684,1.08115,1.09363,1439
2015-07-22,1.09361,1.09669,1.08696,1.09241,1439
2015-07-23,1.09241,1.10177,1.09216,1.09871,1438
2015-07-24,1.09868,1.09956,1.09252,1.09816,1260
2015-07-26,1.09814,1.09827,1.09689,1.09721,178
2015-07-27,1.09723,1.11294,1.09708,1.10887,1438
2015-07-28,1.10886,1.10994,1.10221,1.10648,1438
2015-07-29,1.10649,1.1084,1.09667,1.09812,1439
2015-07-30,1.09816,1.09847,1.08932,1.09404,1438
2015-07-31,1.09404,1.11139,1.09211,1.09826,1259
2015-08-02,1.09706,1.09826,1.09666,1.09673,179
2015-08-03,1.09674,1.09958,1.09411,1.09506,1437
2015-08-04,1.09505,1.09875,1.08789,1.08853,1440
2015-08-05,1.08852,1.0938,1.0848,1.0903,1439
2015-08-06,1.0903,1.09435,1.08733,1.09226,1437
2015-08-07,1.09227,1.09783,1.08553,1.09649,1257
2015-08-09,1.09626,1.09673,1.09581,1.09582,177
2015-08-10,1.09582,1.10413,1.09251,1.10155,1438
2015-08-11,1.10155,1.10883,1.09605,1.10417,1437
2015-08-12,1.1042,1.12138,1.10241,1.11547,1438
2015-08-13,1.11549,1.11888,1.10801,1.11581,1438
2015-08-14,1.11582,1.11888,1.10978,1.11082,1259
2015-08-16,1.11154,1.11214,1.10913,1.10943,173
2015-08-17,1.1094,1.11248,1.10587,1.10756,1437
2015-08-18,1.10756,1.10938,1.1017,1.10298,1430
2015-08-19,1.10297,1.11342,1.10176,1.11185,1436
2015-08-20,1.11185,1.12446,1.1107,1.12349,1438
2015-08-21,1.12348,1.13888,1.123,1.13819,1220
2015-08-23,1.13761,1.13952,1.13697,1.13763,178
2015-08-24,1.13762,1.1714,1.13692,1.15802,1439
2015-08-25,1.15802,1.15843,1.13964,1.15533,1440
2015-08-26,1.15537,1.1561,1.12912,1.13383,1437
2015-08-27,1.13385,1.1364,1.12029,1.12429,1439
2015-08-28,1.12428,1.13097,1.1156,1.11819,1260
2015-08-30,1.11723,1.12153,1.11699,1.12111,178
2015-08-31,1.1211,1.12623,1.11802,1.12241,1436
2015-09-01,1.12241,1.13319,1.12233,1.12954,1440
2015-09-02,1.12952,1.13004,1.1211,1.1212,1439
2015-09-03,1.12122,1.12433,1.10872,1.11243,1438
2015-09-04,1.1124,1.11887,1.10882,1.11487,1260
2015-09-06,1.11618,1.1164,1.11426,1.11543,177
2015-09-07,1.1154,1.11776,1.11213,1.11592,1432
2015-09-08,1.11592,1.12295,1.11524,1.12064,1439
2015-09-09,1.12064,1.12244,1.11317,1.12181,1440
2015-09-10,1.1218,1.1302,1.11716,1.12824,1440
2015-09-11,1.12824,1.13496,1.1254,1.13375,1258
2015-09-13,1.1331,1.13594,1.13244,1.1342,173
2015-09-14,1.13418,1.13729,1.12834,1.1308,1439
2015-09-15,1.13083,1.13285,1.12587,1.127,1439
2015-09-16,1.12702,1.13203,1.1214,1.12908,1432
2015-09-17,1.1291,1.14411,1.12844,1.14025,1438
2015-09-18,1.14024,1.14599,1.12692,1.12969,1260
2015-09-20,1.1281,1.1297,1.12808,1.12906,176
2015-09-21,1.12906,1.13299,1.11811,1.11881,1436
2015-09-22,1.11881,1.12075,1.11132,1.11203,1436
2015-09-23,1.11203,1.12133,1.1105,1.11877,1435
2015-09-24,1.11877,1.12959,1.11602,1.11802,1439
2015-09-25,1.11801,1.12131,1.11163,1.11967,1260
2015-09-27,1.11853,1.12013,1.11843,1.11993,173
2015-09-28,1.11987,1.12476,1.11469,1.12292,1439
2015-09-29,1.12293,1.12813,1.11941,1.12532,1434
2015-09-30,1.12533,1.12613,1.11575,1.11704,1437
2015-10-01,1.11704,1.12089,1.11349,1.11915,1438
2015-10-02,1.11916,1.13183,1.11503,1.121,1259
2015-10-04,1.12185,1.12248,1.1207,1.12192,179
2015-10-05,1.1219,1.12891,1.11733,1.11949,1432
2015-10-06,1.11953,1.12794,1.11719,1.12675,1436
2015-10-07,1.12677,1.12842,1.12113,1.12378,1431
2015-10-08,1.12378,1.13268,1.12376,1.12844,1440
2015-10-09,1.12844,1.13872,1.1267,1.13555,1259
2015-10-11,1.13602,1.13692,1.13543,1.13675,177
2015-10-12,1.13674,1.13968,1.13518,1.13518,1435
2015-10-13,1.13519,1.14108,1.13443,1.13833,1436
2015-10-14,1.13838,1.14893,1.13832,1.14737,1436
2015-10-15,1.14736,1.14953,1.13631,1.13662,1440
2015-10-16,1.13661,1.13948,1.13342,1.13459,1259
2015-10-18,1.13576,1.13607,1.13514,1.13578,176
2015-10-19,1.13576,1.1379,1.13058,1.13285,1439
2015-10-20,1.13286,1.13869,1.1324,1.13544,1435
2015-10-21,1.13542,1.13775,1.13341,1.13459,1438
2015-10-22,1.13459,1.1351,1.10718,1.10817,1440
2015-10-23,1.10818,1.11396,1.09966,1.10169,1260
2015-10-25,1.09994,1.10243,1.09994,1.10186,180
2015-10-26,1.10185,1.10681,1.1004,1.1059,1437
2015-10-27,1.10588,1.10785,1.10302,1.10325,1437
2015-10-28,1.10329,1.10957,1.08967,1.09238,1440
2015-10-29,1.09237,1.09978,1.09025,1.09887,1440
2015-10-30,1.09886,1.10726,1.09654,1.10041,1260
2015-11-01,1.10338,1.10376,1.10185,1.10225,120
2015-11-02,1.10226,1.10525,1.10004,1.10145,1439
2015-11-03,1.10144,1.10299,1.09363,1.09617,1439
2015-11-04,1.09618,1.09656,1.08439,1.08636,1440
2015-11-05,1.08635,1.08974,1.08336,1.08837,1440
2015-11-06,1.08836,1.08936,1.07063,1.07367,1320
2015-11-08,1.07285,1.07365,1.07193,1.07292,120
2015-11-09,1.07292,1.07898,1.07265,1.07599,1438
2015-11-10,1.07599,1.07641,1.06742,1.07364,1439
2015-11-11,1.07364,1.07736,1.07056,1.07634,1439
2015-11-12,1.07635,1.08301,1.06911,1.08084,1440
2015-11-13,1.08083,1.08094,1.0714,1.07707,1320
2015-11-15,1.07402,1.07446,1.06871,1.07,120
2015-11-16,1.07001,1.07579,1.06745,1.06873,1438
2015-11-17,1.06874,1.06906,1.06307,1.06429,1440
2015-11-18,1.0643,1.06922,1.06168,1.06714,1438
2015-11-19,1.06713,1.0763,1.0667,1.07258,1440
2015-11-20,1.07255,1.07283,1.06397,1.06436,1319
2015-11-22,1.06377,1.0646,1.06353,1.06376,120
2015-11-23,1.06374,1.06568,1.05927,1.06363,1438
2015-11-24,1.06363,1.06731,1.06195,1.06429,1440
2015-11-25,1.06429,1.06892,1.0566,1.06228,1436
2015-11-26,1.06227,1.06273,1.05998,1.06064,1438
2015-11-27,1.06063,1.0638,1.05685,1.059,1319
2015-11-29,1.05881,1.05939,1.05815,1.05829,120
2015-11-30,1.0583,1.05949,1.05578,1.05695,1439
2015-12-01,1.05694,1.0637,1.05631,1.06261,1439
2015-12-02,1.06262,1.06321,1.05508,1.06103,1439
2015-12-03,1.06104,1.09811,1.05223,1.09175,1440
2015-12-04,1.09174,1.09562,1.08359,1.08832,1320
2015-12-06,1.08725,1.08876,1.08684,1.0881,120
2015-12-07,1.08811,1.08812,1.0796,1.08333,1439
2015-12-08,1.08338,1.09021,1.083,1.08922,1439
2015-12-09,1.08923,1.10425,1.08791,1.10147,1440
2015-12-10,1.10149,1.10213,1.09251,1.09468,1438
2015-12-11,1.09469,1.10308,1.09266,1.09886,1320
2015-12-13,1.09823,1.09931,1.09674,1.09805,120
2015-12-14,1.09808,1.10486,1.09455,1.09911,1439
2015-12-15,1.09912,1.10594,1.09045,1.09339,1439
2015-12-16,1.09339,1.1011,1.0866,1.08733,1440
2015-12-17,1.08734,1.08876,1.08027,1.08426,1438
2015-12-18,1.08428,1.08744,1.0805,1.08652,1320
2015-12-20,1.08531,1.08748,1.0847,1.08696,120
2015-12-21,1.08696,1.09389,1.08478,1.09109,1440
2015-12-22,1.09109,1.09841,1.09021,1.09487,1440
2015-12-23,1.09488,1.09527,1.08701,1.09075,1433
2015-12-24,1.09078,1.09676,1.09078,1.0963,1137
2015-12-27,1.09676,1.09708,1.09547,1.09639,104
2015-12-28,1.09644,1.09924,1.09557,1.09744,1437
2015-12-29,1.09741,1.09915,1.08992,1.09256,1432
2015-12-30,1.0926,1.09436,1.09018,1.09352,1438
2015-12-31,1.09353,1.09372,1.08527,1.08545,1317
2016-01-03,1.08701,1.08723,1.08451,1.08515,118
2016-01-04,1.08517,1.09464,1.07811,1.08239,1439
2016-01-05,1.08238,1.08388,1.07106,1.07502,1440
2016-01-06,1.07504,1.07994,1.07185,1.07766,1440
2016-01-07,1.07767,1.09401,1.0771,1.09256,1440
2016-01-08,1.09255,1.093,1.0803,1.09218,1320
2016-01-10,1.0917,1.09698,1.09169,1.09372,120
2016-01-11,1.09372,1.09453,1.0848,1.08563,1440
2016-01-12,1.08563,1.09001,1.08196,1.08431,1440
2016-01-13,1.08432,1.08886,1.08048,1.08853,1440
2016-01-14,1.08854,1.0943,1.08345,1.08569,1439
2016-01-15,1.08569,1.09845,1.08563,1.09139,1320
2016-01-17,1.09228,1.09272,1.09072,1.0918,120
2016-01-18,1.09179,1.09237,1.08687,1.08928,1432
2016-01-19,1.08922,1.09388,1.08592,1.09106,1439
2016-01-20,1.0911,1.09758,1.08731,1.08743,1440
2016-01-21,1.08743,1.0921,1.07777,1.0858,1440
2016-01-22,1.08583,1.08628,1.07891,1.07954,1320
2016-01-24,1.07913,1.07975,1.07882,1.0797,119
2016-01-25,1.07969,1.08568,1.07898,1.08523,1440
2016-01-26,1.08524,1.08744,1.08186,1.08617,1439
2016-01-27,1.08617,1.09163,1.08506,1.0902,1440
2016-01-28,1.0902,1.09675,1.08696,1.09353,1440
2016-01-29,1.09352,1.09485,1.08099,1.0828,1320
2016-01-31,1.08302,1.08353,1.08149,1.08252,120
2016-02-01,1.08252,1.09127,1.08241,1.08956,1440
2016-02-02,1.08956,1.09398,1.08922,1.09185,1440
2016-02-03,1.09184,1.11454,1.09036,1.1093,1440
2016-02-04,1.10928,1.12392,1.10695,1.11994,1440
2016-02-05,1.11996,1.12449,1.11088,1.11541,1320
2016-02-07,1.11408,1.11485,1.11408,1.11435,117
2016-02-08,1.11436,1.12158,1.10864,1.11889,1440
2016-02-09,1.11889,1.13381,1.11623,1.12878,1440
2016-02-10,1.12878,1.13114,1.11602,1.12839,1440
2016-02-11,1.12837,1.13765,1.12738,1.13158,1439
2016-02-12,1.13159,1.13336,1.1214,1.1253,1320
2016-02-14,1.12346,1.12497,1.12156,1.12234,120
2016-02-15,1.12231,1.12391,1.11278,1.1176,1440
2016-02-16,1.11756,1.1193,1.11241,1.1143,1439
2016-02-17,1.11431,1.11789,1.11058,1.11201,1440
2016-02-18,1.11201,1.11495,1.10709,1.11075,1440
2016-02-19,1.11073,1.11394,1.10667,1.11273,1320
2016-02-21,1.11089,1.11244,1.11089,1.11221,120
2016-02-22,1.1122,1.11238,1.1003,1.10252,1440
2016-02-23,1.10253,1.10525,1.099,1.10231,1440
2016-02-24,1.10231,1.10462,1.09572,1.10142,1440
2016-02-25,1.10142,1.105,1.09866,1.1023,1440
2016-02-26,1.1023,1.10682,1.09116,1.09292,1320
2016-02-28,1.0912,1.09285,1.09115,1.09244,118
2016-02-29,1.09244,1.09624,1.08593,1.08854,1439
2016-03-01,1.08854,1.08936,1.08341,1.08762,1440
2016-03-02,1.08761,1.08811,1.08254,1.08692,1439
2016-03-03,1.08691,1.09728,1.08535,1.09455,1440
2016-03-04,1.09455,1.10435,1.09031,1.10028,1320
2016-03-06,1.09884,1.09973,1.09879,1.09912,117
2016-03-07,1.0991,1.10258,1.094,1.10124,1438
2016-03-08,1.10123,1.10579,1.09935,1.10002,1439
2016-03-09,1.10001,1.10348,1.0946,1.09856,1440
2016-03-10,1.0986,1.12179,1.08221,1.11764,1440
2016-03-11,1.11762,1.12096,1.10803,1.11537,1320
2016-03-13,1.11372,1.11757,1.11354,1.11651,166
2016-03-14,1.11649,1.11665,1.10778,1.11003,1439
2016-03-15,1.11005,1.11249,1.10721,1.11072,1440
2016-03-16,1.11073,1.12427,1.10578,1.12161,1440
2016-03-17,1.12162,1.13425,1.12055,1.13152,1440
2016-03-18,1.1315,1.13368,1.12559,1.12693,1260
2016-03-20,1.12637,1.12808,1.12576,1.12744,174
2016-03-21,1.12746,1.12847,1.12329,1.12348,1440
2016-03-22,1.12348,1.12601,1.11881,1.1221,1438
2016-03-23,1.12208,1.1221,1.11593,1.1178,1439
2016-03-24,1.11779,1.11875,1.11442,1.11644,1435
2016-03-25,1.11647,1.11755,1.11533,1.11622,1220
2016-03-27,1.11604,1.11661,1.11558,1.11572,170
2016-03-28,1.11572,1.122,1.11528,1.12007,1436
2016-03-29,1.12007,1.13033,1.11688,1.12891,1439
2016-03-30,1.12891,1.13651,1.12863,1.13326,1439
2016-03-31,1.13325,1.14119,1.13101,1.13784,1438
2016-04-01,1.13782,1.14378,1.13347,1.1394,1260
2016-04-03,1.14,1.14003,1.13878,1.13944,179
2016-04-04,1.13945,1.14126,1.13573,1.13865,1437
2016-04-05,1.13864,1.14051,1.13359,1.13804,1439
2016-04-06,1.13803,1.14315,1.13267,1.14005,1438
2016-04-07,1.14004,1.14538,1.13376,1.13666,1438
2016-04-08,1.13665,1.14193,1.13489,1.13919,1260
2016-04-10,1.1413,1.14145,1.13974,1.14048,178
2016-04-11,1.14044,1.14472,1.13721,1.141,1438
2016-04-12,1.14099,1.14648,1.13458,1.13831,1438
2016-04-13,1.13832,1.13911,1.1268,1.12779,1438
2016-04-14,1.12779,1.12946,1.12337,1.12651,1440
2016-04-15,1.1265,1.1317,1.12458,1.12834,1260
2016-04-17,1.13008,1.1301,1.12891,1.12977,179
2016-04-18,1.12976,1.1332,1.12736,1.13076,1438
2016-04-19,1.13075,1.13845,1.13034,1.13584,1440
2016-04-20,1.13585,1.13877,1.12905,1.13023,1438
2016-04-21,1.13024,1.13987,1.12696,1.12904,1435
2016-04-22,1.12904,1.13088,1.12177,1.12177,1260
2016-04-24,1.12177,1.12339,1.12177,1.12316,177
2016-04-25,1.12315,1.12781,1.12234,1.12662,1440
2016-04-26,1.12662,1.13397,1.12562,1.12961,1438
2016-04-27,1.12961,1.13611,1.12714,1.13266,1439
2016-04-28,1.13267,1.13677,1.12958,1.13573,1439
2016-04-29,1.13568,1.14593,1.13563,1.14509,1260
2016-05-01,1.14596,1.14663,1.14528,1.14608,178
2016-05-02,1.14604,1.15357,1.14481,1.15234,1439
2016-05-03,1.15234,1.1616,1.14931,1.15011,1440
2016-05-04,1.15012,1.15292,1.14664,1.14907,1440
2016-05-05,1.14906,1.14936,1.1386,1.14004,1440
2016-05-06,1.14004,1.14787,1.13866,1.14034,1260
2016-05-08,1.13959,1.14007,1.13841,1.13853,176
2016-05-09,1.13852,1.14197,1.13752,1.13833,1440
2016-05-10,1.13833,1.14097,1.13586,1.1373,1439
2016-05-11,1.1373,1.14465,1.13726,1.1424,1436
2016-05-12,1.14238,1.14292,1.13704,1.13742,1440
2016-05-13,1.13741,1.13784,1.12829,1.13081,1260
2016-05-15,1.13114,1.13196,1.13019,1.13174,178
2016-05-16,1.13175,1.13422,1.1303,1.13153,1433
2016-05-17,1.13153,1.13482,1.13019,1.13141,1432
2016-05-18,1.1314,1.13161,1.12142,1.12196,1435
2016-05-19,1.12199,1.12298,1.11799,1.12019,1437
2016-05-20,1.1202,1.1237,1.11963,1.12226,1260
2016-05-22,1.1206,1.12228,1.1206,1.122,177
2016-05-23,1.122,1.12428,1.11875,1.1213,1437
2016-05-24,1.12132,1.12268,1.11325,1.11352,1438
2016-05-25,1.1135,1.11668,1.11288,1.11547,1439
2016-05-26,1.11549,1.12166,1.11541,1.11913,1439
2016-05-27,1.11912,1.12006,1.11103,1.11108,1260
2016-05-29,1.11127,1.11155,1.11068,1.11081,172
2016-05-30,1.11081,1.11494,1.10977,1.11473,1428
2016-05-31,1.11473,1.11733,1.11221,1.11338,1438
2016-06-01,1.11338,1.11939,1.11141,1.11875,1439
2016-06-02,1.11875,1.12202,1.11452,1.11517,1439
2016-06-03,1.11516,1.13737,1.11367,1.13664,1258
2016-06-05,1.13538,1.13722,1.13448,1.13512,180
2016-06-06,1.13511,1.13925,1.13257,1.13626,1440
2016-06-07,1.13627,1.13803,1.13388,1.13557,1437
2016-06-08,1.13558,1.14105,1.13545,1.14027,1440
2016-06-09,1.14027,1.14155,1.13055,1.13101,1438
2016-06-10,1.13101,1.13213,1.12453,1.12486,1260
2016-06-12,1.12488,1.12529,1.1234,1.12384,178
2016-06-13,1.12383,1.13028,1.12321,1.12876,1439
2016-06-14,1.12876,1.12982,1.11889,1.12106,1438
2016-06-15,1.12107,1.12985,1.11898,1.12609,1440
2016-06-16,1.1261,1.12948,1.11308,1.1271,1440
2016-06-17,1.12717,1.12962,1.12227,1.12744,1260
2016-06-19,1.13291,1.13579,1.13084,1.13469,179
2016-06-20,1.1347,1.13826,1.13021,1.13217,1439
2016-06-21,1.13217,1.13494,1.12384,1.12495,1440
2016-06-22,1.12495,1.13477,1.12366,1.13257,1440
2016-06-23,1.13257,1.14283,1.1269,1.13323,1439
2016-06-24,1.13323,1.13366,1.09116,1.11162,1260
2016-06-26,1.1007,1.10752,1.10047,1.10396,179
2016-06-27,1.10395,1.10835,1.09706,1.10134,1439
2016-06-28,1.10133,1.11116,1.10127,1.10754,1438
2016-06-29,1.10754,1.11305,1.10492,1.1122,1440
2016-06-30,1.1122,1.11542,1.10243,1.11026,1439
2016-07-01,1.11025,1.11694,1.10719,1.11338,1260
2016-07-03,1.11312,1.1137,1.11249,1.11273,168
2016-07-04,1.11269,1.11594,1.10977,1.11443,1436
2016-07-05,1.11443,1.11851,1.10581,1.10634,1439
2016-07-06,1.10633,1.11116,1.1029,1.10966,1438
2016-07-07,1.10968,1.1107,1.10523,1.10634,1438
2016-07-08,1.10633,1.11202,1.10019,1.10518,1260
2016-07-10,1.10475,1.10532,1.10418,1.10435,179
2016-07-11,1.10438,1.10746,1.10157,1.10563,1434
2016-07-12,1.10564,1.11258,1.1052,1.10599,1432
2016-07-13,1.10597,1.11198,1.10417,1.10947,1437
2016-07-14,1.10945,1.11647,1.10885,1.1106,1436
2016-07-15,1.11058,1.11488,1.10241,1.10279,1260
2016-07-17,1.10469,1.10602,1.10445,1.10556,179
2016-07-18,1.10559,1.10841,1.10374,1.10678,1438
2016-07-19,1.10681,1.10803,1.09998,1.10132,1436
2016-07-20,1.10134,1.10295,1.09814,1.10164,1439
2016-07-21,1.10164,1.10595,1.09795,1.10318,1437
2016-07-22,1.10318,1.10408,1.09555,1.09729,1260
2016-07-24,1.09725,1.09752,1.0963,1.09685,162
2016-07-25,1.09684,1.09987,1.09519,1.09889,1436
2016-07-26,1.09888,1.10296,1.09781,1.0987,1437
2016-07-27,1.0987,1.10734,1.09611,1.1067,1439
2016-07-28,1.10676,1.11193,1.1059,1.10822,1438
2016-07-29,1.10823,1.11972,1.10722,1.11737,1260
2016-07-31,1.11725,1.11832,1.11655,1.11669,177
2016-08-01,1.11669,1.11812,1.1155,1.11668,1439
2016-08-02,1.11668,1.12337,1.11622,1.12177,1439
2016-08-03,1.12177,1.1219,1.11406,1.11503,1436
2016-08-04,1.11501,1.11561,1.11139,1.11345,1437
2016-08-05,1.11345,1.11612,1.10458,1.1085,1258
2016-08-07,1.10785,1.10921,1.10785,1.10865,177
2016-08-08,1.10864,1.11049,1.1072,1.10849,1434
2016-08-09,1.10848,1.11225,1.10704,1.11173,1438
2016-08-10,1.11175,1.11918,1.1117,1.1185,1439
2016-08-11,1.11852,1.11902,1.11351,1.11382,1437
2016-08-12,1.11379,1.12212,1.11312,1.1161,1260
2016-08-14,1.11673,1.11682,1.11569,1.11642,174
2016-08-15,1.11643,1.12036,1.11533,1.11818,1427
2016-08-16,1.11815,1.13224,1.11772,1.12757,1438
2016-08-17,1.12759,1.13157,1.12405,1.12989,1433
2016-08-18,1.12991,1.13662,1.12952,1.13473,1437
2016-08-19,1.13471,1.13486,1.1304,1.13228,1259
2016-08-21,1.13071,1.13225,1.12943,1.12975,174
2016-08-22,1.12976,1.13305,1.12709,1.13172,1438
2016-08-23,1.13169,1.1355,1.12994,1.13016,1437
2016-08-24,1.13015,1.13113,1.12451,1.12608,1437
2016-08-25,1.12608,1.12973,1.12592,1.12866,1433
2016-08-26,1.12864,1.13409,1.11806,1.1195,1258
2016-08-28,1.11777,1.12005,1.11773,1.11974,177
2016-08-29,1.11972,1.12076,1.11579,1.11902,1434
2016-08-30,1.11902,1.11907,1.1132,1.11497,1436
2016-08-31,1.11495,1.11654,1.1123,1.1156,1438
2016-09-01,1.11565,1.1205,1.11276,1.11984,1434
2016-09-02,1.11986,1.12521,1.11502,1.1153,1256
2016-09-04,1.11559,1.1159,1.11526,1.11579,161
2016-09-05,1.11584,1.11821,1.11391,1.11502,1415
2016-09-06,1.11502,1.1263,1.11407,1.12456,1437
2016-09-07,1.12455,1.12712,1.12287,1.1238,1436
2016-09-08,1.1238,1.13269,1.12344,1.12684,1438
2016-09-09,1.1268,1.1285,1.11984,1.123,1259
2016-09-11,1.12344,1.12407,1.1229,1.12405,176
2016-09-12,1.12403,1.12679,1.12102,1.12401,1436
2016-09-13,1.12406,1.12602,1.12037,1.1219,1438
2016-09-14,1.12185,1.12739,1.12137,1.12449,1438
2016-09-15,1.1245,1.12837,1.12189,1.12467,1436
2016-09-16,1.12467,1.12477,1.11494,1.11543,1259
2016-09-18,1.11502,1.11606,1.11502,1.11576,177
2016-09-19,1.11575,1.11978,1.11506,1.1177,1438
2016-09-20,1.11769,1.12132,1.11491,1.11527,1437
2016-09-21,1.11527,1.11965,1.11229,1.11889,1440
2016-09-22,1.11889,1.12572,1.11848,1.1208,1437
2016-09-23,1.1208,1.12403,1.11938,1.12235,1260
2016-09-25,1.12274,1.12409,1.1224,1.12372,171
2016-09-26,1.12372,1.1279,1.12211,1.12499,1432
2016-09-27,1.12498,1.12586,1.1191,1.12169,1439
2016-09-28,1.12168,1.12369,1.11817,1.12233,1437
2016-09-29,1.12234,1.12496,1.11967,1.12185,1439
2016-09-30,1.12186,1.12506,1.11532,1.1238,1260
2016-10-02,1.12283,1.12432,1.12275,1.12327,180
2016-10-03,1.1233,1.12415,1.12051,1.1209,1439
2016-10-04,1.12092,1.12388,1.1138,1.12088,1437
2016-10-05,1.1209,1.12332,1.11896,1.12057,1436
2016-10-06,1.12057,1.12101,1.1125,1.11413,1439
2016-10-07,1.11414,1.1205,1.11042,1.1199,1259
2016-10-09,1.11772,1.12027,1.11772,1.11944,178
2016-10-10,1.11944,1.12005,1.11313,1.11404,1431
2016-10-11,1.11403,1.11403,1.10488,1.10572,1439
2016-10-12,1.10573,1.1061,1.10043,1.10103,1440
2016-10-13,1.10104,1.10582,1.09852,1.10478,1437
2016-10-14,1.10477,1.10564,1.09687,1.09688,1260
2016-10-16,1.09665,1.09728,1.09653,1.09654,174
2016-10-17,1.09655,1.10141,1.09637,1.10107,1431
2016-10-18,1.10108,1.10261,1.097,1.09745,1432
2016-10-19,1.09743,1.10047,1.09549,1.09744,1435
2016-10-20,1.09744,1.10393,1.09158,1.09291,1432
2016-10-21,1.09292,1.09293,1.08593,1.08822,1259
2016-10-23,1.08794,1.08843,1.08735,1.08799,171
2016-10-24,1.08797,1.08995,1.08595,1.08729,1439
2016-10-25,1.08728,1.09049,1.08509,1.08861,1438
2016-10-26,1.08859,1.09468,1.08742,1.09094,1439
2016-10-27,1.09093,1.09421,1.08826,1.08969,1432
2016-10-28,1.08971,1.09916,1.0895,1.09853,1259
2016-10-30,1.09892,1.09909,1.09755,1.09821,179
2016-10-31,1.09823,1.09825,1.09359,1.09706,1438
2016-11-01,1.09707,1.1069,1.09599,1.10553,1439
2016-11-02,1.10555,1.11229,1.10495,1.10938,1439
2016-11-03,1.10939,1.11258,1.10596,1.10994,1438
2016-11-04,1.10993,1.11412,1.10798,1.11378,1260
2016-11-06,1.10582,1.10991,1.10582,1.10943,120
2016-11-07,1.10943,1.11103,1.10275,1.1049,1440
2016-11-08,1.10488,1.10669,1.10048,1.10174,1439
2016-11-09,1.10173,1.12991,1.09068,1.09192,1440
2016-11-10,1.09192,1.09535,1.08648,1.08873,1440
2016-11-11,1.08867,1.09233,1.08302,1.08562,1320
2016-11-13,1.08378,1.08396,1.08191,1.08224,110
2016-11-14,1.08224,1.08258,1.0709,1.07454,1440
2016-11-15,1.07453,1.08164,1.0714,1.07241,1438
2016-11-16,1.07241,1.07593,1.06661,1.07061,1439
2016-11-17,1.0706,1.07454,1.06199,1.06221,1440
2016-11-18,1.0622,1.0643,1.05689,1.05868,1320
2016-11-20,1.05911,1.05941,1.05784,1.05826,119
2016-11-21,1.05827,1.0649,1.05827,1.06373,1440
2016-11-22,1.06373,1.06578,1.05834,1.06329,1439
2016-11-23,1.0633,1.06435,1.0526,1.05418,1437
2016-11-24,1.05419,1.05851,1.0518,1.05598,1434
2016-11-25,1.05597,1.06273,1.05383,1.05904,1319
2016-11-27,1.06083,1.06102,1.05943,1.06088,117
2016-11-28,1.06084,1.06854,1.05635,1.06187,1438
2016-11-29,1.06186,1.06542,1.0565,1.0647,1440
2016-11-30,1.06469,1.06665,1.05527,1.05902,1439
2016-12-01,1.05899,1.06686,1.05844,1.06619,1436
2016-12-02,1.06618,1.06898,1.06251,1.06602,1319
2016-12-04,1.06633,1.06633,1.05045,1.05672,120
2016-12-05,1.0567,1.07961,1.05372,1.07564,1440
2016-12-06,1.07564,1.07853,1.06982,1.07184,1439
2016-12-07,1.07184,1.07684,1.07098,1.07588,1437
2016-12-08,1.07588,1.08732,1.05971,1.0621,1440
2016-12-09,1.06207,1.06298,1.05309,1.05589,1320
2016-12-11,1.05294,1.055,1.05294,1.0546,119
2016-12-12,1.05459,1.06516,1.05251,1.06417,1439
2016-12-13,1.06415,1.0667,1.06037,1.06275,1440
2016-12-14,1.06277,1.06699,1.04962,1.0512,1439
2016-12-15,1.05118,1.05227,1.03664,1.04164,1439
2016-12-16,1.04166,1.04739,1.04007,1.04485,1320
2016-12-18,1.04389,1.0457,1.04368,1.04465,119
2016-12-19,1.04463,1.04793,1.03925,1.04025,1440
2016-12-20,1.04026,1.04178,1.03522,1.03905,1439
2016-12-21,1.03907,1.0451,1.03823,1.04261,1439
2016-12-22,1.04262,1.04993,1.04252,1.04377,1439
2016-12-23,1.04372,1.04685,1.04263,1.0452,1316
2016-12-25,1.04551,1.04578,1.04488,1.04519,56
2016-12-26,1.0452,1.04675,1.04426,1.04535,474
2016-12-27,1.04537,1.04631,1.04322,1.04612,1434
2016-12-28,1.04611,1.04797,1.03719,1.04141,1437
2016-12-29,1.04143,1.06534,1.04138,1.05652,1440
2016-12-30,1.05651,1.05914,1.05056,1.05224,1319
2017-01-02,1.05155,1.0523,1.04496,1.04572,982
2017-01-03,1.04572,1.049,1.03406,1.04173,1438
2017-01-04,1.04172,1.05012,1.03899,1.04968,1440
2017-01-05,1.04967,1.06151,1.04824,1.06037,1440
2017-01-06,1.06036,1.06214,1.05249,1.05306,1319
2017-01-08,1.05284,1.05357,1.05257,1.05295,116
2017-01-09,1.05295,1.0589,1.05108,1.05857,1440
2017-01-10,1.05857,1.0627,1.05508,1.05521,1440
2017-01-11,1.0552,1.06228,1.04537,1.0594,1439
2017-01-12,1.05941,1.06847,1.05714,1.06161,1439
2017-01-13,1.0616,1.06765,1.05962,1.06425,1320
2017-01-15,1.06047,1.06358,1.06047,1.06272,120
2017-01-16,1.06273,1.06344,1.05793,1.06019,1435
2017-01-17,1.06017,1.07197,1.06007,1.0697,1440
2017-01-18,1.06965,1.07123,1.06244,1.06279,1440
2017-01-19,1.0628,1.06765,1.05892,1.0659,1440
2017-01-20,1.06591,1.07094,1.0625,1.06988,1320
2017-01-22,1.07004,1.07165,1.06935,1.07123,120
2017-01-23,1.07125,1.0773,1.0706,1.07589,1440
2017-01-24,1.07588,1.07747,1.07203,1.07281,1438
2017-01-25,1.07281,1.07697,1.07112,1.07524,1440
2017-01-26,1.07525,1.07654,1.06576,1.06831,1439
2017-01-27,1.06831,1.07249,1.06581,1.06963,1320
2017-01-29,1.07204,1.07204,1.0708,1.07168,120
2017-01-30,1.07169,1.07402,1.06201,1.07074,1437
2017-01-31,1.07075,1.08121,1.06848,1.08008,1440
2017-02-01,1.08008,1.08073,1.07316,1.07653,1438
2017-02-02,1.07651,1.08287,1.07556,1.07616,1440
2017-02-03,1.07616,1.07976,1.07069,1.07825,1320
2017-02-05,1.07869,1.07912,1.07778,1.07823,118
2017-02-06,1.07824,1.07886,1.07055,1.07429,1439
2017-02-07,1.07428,1.07443,1.0656,1.06784,1439
2017-02-08,1.06783,1.07137,1.06406,1.06911,1439
2017-02-09,1.06912,1.07095,1.06508,1.06571,1439
2017-02-10,1.06571,1.06675,1.06076,1.06386,1320
2017-02-12,1.06263,1.06368,1.06173,1.06185,120
2017-02-13,1.06185,1.06582,1.05919,1.05987,1439
2017-02-14,1.05987,1.06333,1.05607,1.05781,1438
2017-02-15,1.05781,1.06093,1.05213,1.06029,1439
2017-02-16,1.06025,1.06792,1.05998,1.0671,1439
2017-02-17,1.06711,1.06764,1.06051,1.06127,1320
2017-02-19,1.06056,1.06328,1.06056,1.06252,119
2017-02-20,1.06252,1.06298,1.06031,1.06086,1439
2017-02-21,1.06086,1.06126,1.05256,1.05409,1440
2017-02-22,1.05413,1.05739,1.04937,1.05503,1440
2017-02-23,1.05503,1.05951,1.05375,1.05839,1440
2017-02-24,1.0584,1.06177,1.05563,1.05611,1318
2017-02-26,1.05609,1.05647,1.05516,1.05519,119
2017-02-27,1.0552,1.06305,1.05513,1.05837,1439
2017-02-28,1.05837,1.063,1.05665,1.05689,1438
2017-03-01,1.05688,1.05891,1.05141,1.05357,1440
2017-03-02,1.05358,1.05455,1.04949,1.05067,1439
2017-03-03,1.05069,1.06238,1.05021,1.06205,1319
2017-03-05,1.06067,1.06212,1.05998,1.06206,120
2017-03-06,1.06207,1.06398,1.05746,1.05788,1440
2017-03-07,1.05792,1.06025,1.05581,1.05692,1437
2017-03-08,1.05692,1.0574,1.05347,1.05445,1437
2017-03-09,1.05446,1.06149,1.0525,1.05795,1440
2017-03-10,1.05795,1.06992,1.05781,1.06731,1320
2017-03-12,1.06759,1.06925,1.06755,1.06893,174
2017-03-13,1.06892,1.07142,1.06448,1.06508,1439
2017-03-14,1.06509,1.06625,1.06,1.06119,1439
2017-03-15,1.06119,1.07399,1.06072,1.07373,1438
2017-03-16,1.07374,1.07742,1.07056,1.07719,1439
2017-03-17,1.07719,1.07824,1.07274,1.07374,1259
2017-03-19,1.07314,1.07449,1.07314,1.07421,176
2017-03-20,1.07422,1.07773,1.0719,1.07366,1439
2017-03-21,1.07367,1.08191,1.07353,1.08122,1440
2017-03-22,1.08124,1.08247,1.07758,1.0789,1437
2017-03-23,1.07892,1.08048,1.0768,1.0783,1438
2017-03-24,1.07829,1.08178,1.07601,1.0798,1260
2017-03-26,1.0836,1.08492,1.08269,1.08451,179
2017-03-27,1.08453,1.09061,1.08376,1.08607,1436
2017-03-28,1.08609,1.08725,1.0799,1.08163,1439
2017-03-29,1.08164,1.08263,1.07397,1.07582,1439
2017-03-30,1.07582,1.07678,1.06717,1.06874,1439
2017-03-31,1.06877,1.07016,1.065,1.06522,1259
2017-04-02,1.06611,1.06735,1.06584,1.06691,177
2017-04-03,1.0669,1.0681,1.06421,1.06695,1436
2017-04-04,1.06695,1.06851,1.06356,1.06778,1440
2017-04-05,1.06779,1.06889,1.06349,1.06716,1437
2017-04-06,1.06713,1.0684,1.06289,1.06437,1438
2017-04-07,1.06438,1.06662,1.05805,1.05821,1260
2017-04-09,1.05855,1.05884,1.05732,1.05803,179
2017-04-10,1.05807,1.06066,1.05697,1.05971,1437
2017-04-11,1.05968,1.063,1.05785,1.06102,1437
2017-04-12,1.06102,1.06748,1.05887,1.067,1440
2017-04-13,1.067,1.06776,1.0609,1.06148,1437
2017-04-14,1.06146,1.06294,1.06055,1.06104,1254
2017-04-16,1.06149,1.06155,1.06024,1.06096,176
2017-04-17,1.06096,1.06705,1.06085,1.06433,1437
2017-04-18,1.06433,1.07358,1.06372,1.07273,1440
2017-04-19,1.07272,1.07367,1.07,1.07147,1438
2017-04-20,1.07145,1.07773,1.07068,1.07139,1436
2017-04-21,1.07138,1.07379,1.06821,1.07238,1258
2017-04-23,1.09169,1.09181,1.08646,1.08732,180
2017-04-24,1.08731,1.08775,1.08206,1.08649,1439
2017-04-25,1.08649,1.095,1.08512,1.09275,1440
2017-04-26,1.09278,1.09507,1.08558,1.09082,1440
2017-04-27,1.09081,1.09328,1.08517,1.08649,1435
2017-04-28,1.08651,1.09472,1.08569,1.08926,1258
2017-04-30,1.09097,1.09111,1.08904,1.09056,175
2017-05-01,1.09056,1.09238,1.08839,1.09084,1433
2017-05-02,1.09084,1.0936,1.08877,1.09345,1436
2017-05-03,1.09344,1.09369,1.08813,1.08879,1436
2017-05-04,1.08879,1.0987,1.08748,1.09804,1438
2017-05-05,1.09807,1.09997,1.09445,1.09985,1260
2017-05-07,1.10173,1.10211,1.09632,1.09646,180
2017-05-08,1.09646,1.09965,1.09162,1.09263,1439
2017-05-09,1.09266,1.09334,1.08634,1.08861,1439
2017-05-10,1.08862,1.08979,1.08532,1.0867,1439
2017-05-11,1.08668,1.08929,1.08391,1.08642,1438
2017-05-12,1.08639,1.09341,1.08556,1.09292,1256
2017-05-14,1.09286,1.09348,1.09225,1.09278,177
2017-05-15,1.09277,1.09895,1.09225,1.09798,1437
2017-05-16,1.098,1.10972,1.09789,1.10932,1440
2017-05-17,1.10933,1.117,1.10815,1.11541,1440
2017-05-18,1.1154,1.11717,1.10757,1.11101,1439
2017-05-19,1.111,1.12119,1.10994,1.12063,1259
2017-05-21,1.11932,1.12105,1.11932,1.12031,179
2017-05-22,1.1203,1.12633,1.11614,1.1237,1439
2017-05-23,1.12369,1.12682,1.11751,1.11787,1438
2017-05-24,1.11788,1.12331,1.11684,1.12304,1438
2017-05-25,1.12305,1.12502,1.11936,1.12102,1438
2017-05-26,1.12099,1.12344,1.11605,1.11809,1259
2017-05-28,1.11716,1.11846,1.11693,1.11759,167
2017-05-29,1.11757,1.11898,1.11273,1.11287,1432
2017-05-30,1.11287,1.1205,1.11096,1.11727,1438
2017-05-31,1.1173,1.1252,1.11645,1.1239,1439
2017-06-01,1.12388,1.12565,1.1202,1.12127,1438
2017-06-02,1.12129,1.1285,1.12049,1.12809,1255
2017-06-04,1.12704,1.12837,1.12704,1.12773,178
2017-06-05,1.12775,1.12786,1.12341,1.12573,1436
2017-06-06,1.12575,1.12837,1.12404,1.12702,1436
2017-06-07,1.12702,1.12821,1.12039,1.12555,1439
2017-06-08,1.12553,1.12689,1.11798,1.11883,1438
2017-06-09,1.11888,1.12156,1.11663,1.11941,1260
2017-06-11,1.12058,1.12094,1.11971,1.12015,177
2017-06-12,1.12014,1.1232,1.11918,1.11972,1437
2017-06-13,1.11971,1.12249,1.11852,1.12089,1436
2017-06-14,1.12089,1.12957,1.11931,1.12127,1440
2017-06-15,1.12128,1.12285,1.11319,1.11488,1439
2017-06-16,1.11488,1.12015,1.11384,1.11948,1260
2017-06-18,1.12072,1.12081,1.11948,1.12038,171
2017-06-19,1.12038,1.12127,1.11409,1.11443,1440
2017-06-20,1.11444,1.11649,1.11187,1.11363,1439
2017-06-21,1.11365,1.11688,1.11274,1.11664,1436
2017-06-22,1.11664,1.11779,1.11393,1.11495,1432
2017-06-23,1.11495,1.12088,1.11451,1.11926,1257
2017-06-25,1.11979,1.11995,1.11885,1.11994,176
2017-06-26,1.11993,1.12198,1.11717,1.11828,1438
2017-06-27,1.11828,1.13493,1.118,1.13367,1438
2017-06-28,1.13364,1.13905,1.12914,1.13783,1440
2017-06-29,1.1378,1.14453,1.13766,1.14394,1439
2017-06-30,1.14393,1.14442,1.13921,1.14257,1260
2017-07-02,1.14168,1.14265,1.14159,1.14231,178
2017-07-03,1.14233,1.14247,1.13551,1.13721,1439
2017-07-04,1.13719,1.1377,1.13363,1.13593,1434
2017-07-05,1.13593,1.13685,1.13122,1.13462,1439
2017-07-06,1.13462,1.14255,1.13298,1.14213,1438
2017-07-07,1.142,1.14399,1.13796,1.13982,1260
2017-07-09,1.13976,1.14035,1.13918,1.14032,177
2017-07-10,1.14029,1.14179,1.13816,1.13963,1438
2017-07-11,1.1396,1.14797,1.13827,1.14737,1439
2017-07-12,1.14739,1.14893,1.13916,1.14184,1438
2017-07-13,1.14182,1.14559,1.13705,1.14042,1438
2017-07-14,1.14044,1.14716,1.13914,1.14681,1258
2017-07-16,1.14705,1.14749,1.14644,1.1474,177
2017-07-17,1.1474,1.1487,1.14346,1.14734,1439
2017-07-18,1.14734,1.15831,1.14715,1.15479,1438
2017-07-19,1.15477,1.15534,1.15099,1.15285,1439
2017-07-20,1.15285,1.16579,1.14791,1.16284,1438
2017-07-21,1.16285,1.16829,1.16189,1.16597,1259
2017-07-23,1.1663,1.16817,1.16627,1.16813,175
2017-07-24,1.1681,1.16841,1.16259,1.16384,1438
2017-07-25,1.16383,1.1712,1.16307,1.16445,1437
2017-07-26,1.16445,1.17474,1.16129,1.17314,1440
2017-07-27,1.17314,1.17765,1.165,1.16895,1438
2017-07-28,1.16896,1.17638,1.1671,1.1747,1260
2017-07-30,1.17457,1.17622,1.17454,1.17468,179
2017-07-31,1.17469,1.18455,1.1723,1.18205,1440
2017-08-01,1.18207,1.18388,1.1785,1.18106,1440
2017-08-02,1.18111,1.19101,1.17935,1.18514,1437
2017-08-03,1.18515,1.18931,1.18305,1.18822,1440
2017-08-04,1.18821,1.1889,1.17281,1.17716,1259
2017-08-06,1.17712,1.17928,1.17697,1.17769,177
2017-08-07,1.1777,1.18141,1.17766,1.17995,1438
2017-08-08,1.17994,1.18237,1.17151,1.1754,1440
2017-08-09,1.17539,1.17697,1.16888,1.1763,1439
2017-08-10,1.17628,1.17848,1.1704,1.17698,1437
2017-08-11,1.17698,1.18468,1.17486,1.18197,1260
2017-08-13,1.18207,1.18276,1.18187,1.18253,178
2017-08-14,1.18251,1.18382,1.17681,1.17754,1437
2017-08-15,1.17753,1.17927,1.16871,1.17402,1438
2017-08-16,1.17402,1.17793,1.16816,1.17737,1438
2017-08-17,1.17736,1.17897,1.1662,1.17156,1440
2017-08-18,1.17157,1.17744,1.17098,1.17574,1260
2017-08-20,1.17549,1.17615,1.175,1.17562,171
2017-08-21,1.17564,1.18279,1.17312,1.18111,1438
2017-08-22,1.18107,1.18241,1.1745,1.17614,1438
2017-08-23,1.17615,1.18231,1.17399,1.18156,1439
2017-08-24,1.18155,1.18171,1.1784,1.17974,1438
2017-08-25,1.17973,1.19413,1.17733,1.19213,1260
2017-08-27,1.19422,1.19594,1.19395,1.1951,177
2017-08-28,1.1951,1.19856,1.19169,1.19639,1440
2017-08-29,1.1964,1.207,1.19459,1.19697,1439
2017-08-30,1.19699,1.19842,1.18804,1.18905,1440
2017-08-31,1.18905,1.19226,1.1823,1.1909,1440
2017-09-01,1.19089,1.19795,1.18496,1.18602,1256
2017-09-03,1.18798,1.18841,1.18729,1.18818,179
2017-09-04,1.18815,1.19219,1.18776,1.18927,1413
2017-09-05,1.18926,1.19405,1.18681,1.19234,1440
2017-09-06,1.19237,1.19501,1.19027,1.19263,1437
2017-09-07,1.19261,1.20591,1.19139,1.20278,1438
2017-09-08,1.20279,1.2092,1.20145,1.20333,1259
2017-09-10,1.20164,1.2025,1.20113,1.20169,177
2017-09-11,1.20168,1.20294,1.19478,1.19577,1438
2017-09-12,1.19579,1.19781,1.19262,1.19711,1432
2017-09-13,1.1971,1.19946,1.1873,1.18878,1437
2017-09-14,1.1888,1.19227,1.18379,1.19211,1440
2017-09-15,1.1921,1.1987,1.19007,1.19427,1260
2017-09-17,1.19194,1.19499,1.19174,1.19377,173
2017-09-18,1.19376,1.19691,1.19149,1.19599,1432
2017-09-19,1.19599,1.20066,1.19541,1.19924,1438
2017-09-20,1.19923,1.20329,1.18612,1.18744,1439
2017-09-21,1.18741,1.19536,1.18655,1.19446,1433
2017-09-22,1.19443,1.20044,1.1937,1.19466,1260
2017-09-24,1.1897,1.19269,1.18963,1.19267,178
2017-09-25,1.19266,1.19364,1.18321,1.18556,1440
2017-09-26,1.18555,1.18614,1.17572,1.17838,1438
2017-09-27,1.17837,1.17949,1.1717,1.17496,1439
2017-09-28,1.17497,1.1804,1.17211,1.1781,1438
2017-09-29,1.17814,1.18323,1.17724,1.18121,1258
2017-10-01,1.17903,1.18147,1.17903,1.18079,175
2017-10-02,1.18079,1.18079,1.173,1.17316,1438
2017-10-03,1.17318,1.17733,1.16959,1.17477,1438
2017-10-04,1.17477,1.17875,1.17464,1.17565,1438
2017-10-05,1.17564,1.17787,1.1699,1.1714,1437
2017-10-06,1.17141,1.17386,1.16691,1.17281,1260
2017-10-08,1.17271,1.17432,1.17271,1.17423,170
2017-10-09,1.17423,1.17558,1.17195,1.1741,1427
2017-10-10,1.1741,1.18254,1.17405,1.18135,1439
2017-10-11,1.18133,1.18691,1.17951,1.18642,1438
2017-10-12,1.18641,1.18796,1.18249,1.18311,1439
2017-10-13,1.18312,1.18746,1.18052,1.18189,1260
2017-10-15,1.18101,1.18182,1.18056,1.18145,176
2017-10-16,1.18146,1.18196,1.17805,1.17946,1435
2017-10-17,1.17945,1.17948,1.17359,1.17711,1434
2017-10-18,1.17708,1.18053,1.17301,1.17943,1437
2017-10-19,1.17942,1.18579,1.17679,1.18484,1438
2017-10-20,1.18483,1.18578,1.17624,1.17837,1259
2017-10-22,1.17622,1.1774,1.17512,1.1754,178
2017-10-23,1.17549,1.17773,1.17249,1.17548,1430
2017-10-24,1.1755,1.17926,1.17427,1.176,1433
2017-10-25,1.17599,1.18203,1.17529,1.18195,1429
2017-10-26,1.18196,1.18366,1.16314,1.16378,1438
2017-10-27,1.16375,1.16437,1.15743,1.16059,1258
2017-10-29,1.16071,1.16153,1.15937,1.16055,172
2017-10-30,1.16056,1.16577,1.15974,1.1651,1434
2017-10-31,1.16509,1.16612,1.1625,1.16519,1436
2017-11-01,1.1652,1.1657,1.16062,1.16281,1440
2017-11-02,1.16281,1.16872,1.16258,1.16586,1437
2017-11-03,1.16591,1.16902,1.1599,1.16055,1256
2017-11-05,1.16134,1.1618,1.16034,1.16148,119
2017-11-06,1.16148,1.16237,1.15802,1.16112,1436
2017-11-07,1.16111,1.16153,1.15541,1.16008,1437
2017-11-08,1.16007,1.1611,1.1579,1.15951,1435
2017-11-09,1.15953,1.16546,1.15855,1.16463,1440
2017-11-10,1.16461,1.16777,1.16228,1.16624,1315
2017-11-12,1.16559,1.16647,1.1655,1.16607,116
2017-11-13,1.16608,1.1675,1.16373,1.16646,1428
2017-11-14,1.16646,1.18048,1.16625,1.17906,1435
2017-11-15,1.17908,1.18606,1.17679,1.17826,1440
2017-11-16,1.17828,1.18007,1.1757,1.17781,1433
2017-11-17,1.17782,1.18216,1.17738,1.17895,1320
2017-11-19,1.17852,1.17969,1.17222,1.17342,117
2017-11-20,1.17342,1.18086,1.17251,1.17372,1437
2017-11-21,1.17371,1.17575,1.1713,1.17415,1432
2017-11-22,1.17412,1.18268,1.17348,1.18146,1433
2017-11-23,1.18146,1.18558,1.1813,1.18502,1433
2017-11-24,1.18501,1.19441,1.18367,1.19304,1313
2017-11-26,1.19244,1.19359,1.19235,1.19273,119
2017-11-27,1.19275,1.19611,1.18902,1.19041,1437
2017-11-28,1.19039,1.19199,1.18269,1.18488,1438
2017-11-29,1.18491,1.18827,1.18168,1.1852,1438
2017-11-30,1.18518,1.19313,1.18088,1.18979,1438
2017-12-01,1.1898,1.19402,1.18508,1.1894,1320
2017-12-03,1.18604,1.18749,1.18563,1.18565,119
2017-12-04,1.18566,1.18785,1.18291,1.18676,1438
2017-12-05,1.18677,1.18767,1.18007,1.18305,1439
2017-12-06,1.18304,1.18478,1.17805,1.1804,1439
2017-12-07,1.18041,1.18145,1.17711,1.17726,1440
2017-12-08,1.17724,1.17744,1.173,1.17705,1319
2017-12-10,1.17635,1.17716,1.17622,1.17676,120
2017-12-11,1.17675,1.18115,1.17642,1.1776,1439
2017-12-12,1.17761,1.17926,1.17175,1.17422,1436
2017-12-13,1.17424,1.18404,1.17294,1.18361,1433
2017-12-14,1.18362,1.18624,1.17642,1.17744,1436
2017-12-15,1.17743,1.18121,1.1747,1.1747,1320
2017-12-17,1.17418,1.17506,1.17371,1.17434,119
2017-12-18,1.17432,1.1834,1.1742,1.17836,1436
2017-12-19,1.17835,1.18486,1.17764,1.18368,1436
2017-12-20,1.18369,1.19017,1.18288,1.18775,1433
2017-12-21,1.18774,1.18893,1.18493,1.18519,1436
2017-12-22,1.18521,1.18637,1.18169,1.18597,1319
2017-12-25,1.18678,1.18737,1.18513,1.1871,118
2017-12-26,1.18705,1.18786,1.18464,1.18572,1411
2017-12-27,1.18571,1.19103,1.18551,1.19001,1438
2017-12-28,1.19,1.19589,1.18969,1.19395,1437
2017-12-29,1.19394,1.20255,1.19369,1.20005,1309
2018-01-01,1.20037,1.20164,1.20017,1.20107,119
2018-01-02,1.20106,1.20812,1.20077,1.20614,1437
2018-01-03,1.20615,1.20637,1.20013,1.20107,1440
2018-01-04,1.20106,1.20889,1.20044,1.20665,1440
2018-01-05,1.20664,1.20827,1.20205,1.20297,1316
2018-01-07,1.2026,1.20388,1.20259,1.2037,118
2018-01-08,1.20369,1.20522,1.19557,1.19699,1436
2018-01-09,1.19693,1.19756,1.19156,1.19283,1436
2018-01-10,1.19282,1.20177,1.19231,1.19559,1439
2018-01-11,1.19558,1.20589,1.19293,1.20428,1439
2018-01-12,1.20429,1.22186,1.20399,1.22,1320
2018-01-14,1.21923,1.22116,1.21907,1.21919,120
2018-01-15,1.2192,1.22964,1.21875,1.22666,1436
2018-01-16,1.22668,1.22829,1.21952,1.22706,1440
2018-01-17,1.22707,1.2323,1.21645,1.21802,1440
2018-01-18,1.21803,1.22646,1.21733,1.2234,1440
2018-01-19,1.22341,1.22952,1.22147,1.22173,1320
2018-01-21,1.22683,1.22704,1.22335,1.2256,120
2018-01-22,1.22558,1.2267,1.22138,1.22564,1438
2018-01-23,1.22567,1.23151,1.2223,1.23086,1439
2018-01-24,1.23087,1.24148,1.22915,1.23924,1440
2018-01-25,1.23924,1.25375,1.23638,1.23912,1439
2018-01-26,1.23914,1.24935,1.23862,1.24245,1320
2018-01-28,1.24256,1.24311,1.24126,1.24311,119
2018-01-29,1.2431,1.24322,1.23365,1.23808,1440
2018-01-30,1.23809,1.24538,1.23352,1.24085,1437
2018-01-31,1.24083,1.24747,1.2387,1.24168,1439
2018-02-01,1.24169,1.25225,1.23853,1.25105,1440
2018-02-02,1.25104,1.2518,1.24088,1.24543,1320
2018-02-04,1.24349,1.24545,1.24242,1.24463,120
2018-02-05,1.24463,1.24747,1.23625,1.23661,1439
2018-02-06,1.23669,1.24344,1.23137,1.23803,1439
2018-02-07,1.23802,1.24059,1.22458,1.22698,1440
2018-02-08,1.22699,1.22949,1.22121,1.22605,1439
2018-02-09,1.22607,1.22868,1.22055,1.22492,1320
2018-02-11,1.22479,1.22524,1.22411,1.22521,109
2018-02-12,1.22522,1.23072,1.22349,1.23005,1439
2018-02-13,1.23006,1.2371,1.22844,1.23536,1439
2018-02-14,1.23534,1.24696,1.2276,1.24683,1439
2018-02-15,1.24682,1.25103,1.24479,1.25027,1440
2018-02-16,1.25027,1.2555,1.23932,1.24029,1320
2018-02-18,1.24013,1.24202,1.24013,1.24117,115
2018-02-19,1.24117,1.2435,1.2369,1.24002,1422
2018-02-20,1.24,1.24105,1.232,1.23354,1440
2018-02-21,1.23352,1.23597,1.22726,1.22803,1440
2018-02-22,1.22804,1.23518,1.22597,1.23256,1439
2018-02-23,1.23255,1.23316,1.22798,1.22928,1320
2018-02-25,1.22907,1.22946,1.22808,1.22883,119
2018-02-26,1.22883,1.23547,1.22777,1.2315,1438
2018-02-27,1.23153,1.23462,1.22215,1.2226,1438
2018-02-28,1.22262,1.22415,1.21877,1.21914,1437
2018-03-01,1.21913,1.22745,1.21544,1.2271,1440
2018-03-02,1.22709,1.23358,1.22513,1.23149,1320
2018-03-04,1.23323,1.23636,1.22993,1.23177,119
2018-03-05,1.23178,1.23486,1.2269,1.23364,1439
2018-03-06,1.23365,1.24284,1.2328,1.24156,1439
2018-03-07,1.24154,1.24447,1.23847,1.24123,1437
2018-03-08,1.24123,1.24458,1.2298,1.23069,1440
2018-03-09,1.23068,1.23342,1.2273,1.23041,1320
2018-03-11,1.2311,1.23133,1.23053,1.23082,170
2018-03-12,1.23085,1.23453,1.22903,1.23384,1431
2018-03-13,1.2338,1.24073,1.23144,1.23929,1436
2018-03-14,1.23928,1.24124,1.23471,1.23745,1438
2018-03-15,1.23747,1.23835,1.23002,1.2306,1435
2018-03-16,1.23059,1.2336,1.22601,1.2287,1260
2018-03-18,1.22829,1.22917,1.22796,1.22807,169
2018-03-19,1.22806,1.23586,1.2258,1.23366,1435
2018-03-20,1.23364,1.23544,1.22392,1.2248,1438
2018-03-21,1.22481,1.23498,1.22465,1.23464,1439
2018-03-22,1.23463,1.23881,1.22852,1.2324,1440
2018-03-23,1.23239,1.2373,1.23166,1.23509,1260
2018-03-25,1.23486,1.23671,1.23486,1.23542,172
2018-03-26,1.23542,1.24614,1.23516,1.2457,1439
2018-03-27,1.24569,1.24762,1.23721,1.24086,1438
2018-03-28,1.24085,1.24216,1.23001,1.23123,1439
2018-03-29,1.23123,1.23352,1.22837,1.23018,1434
2018-03-30,1.23017,1.23302,1.22928,1.23215,1224
2018-04-01,1.23186,1.23224,1.23122,1.23123,148
2018-04-02,1.23122,1.23447,1.2282,1.2293,1427
2018-04-03,1.22928,1.23361,1.22534,1.22778,1431
2018-04-04,1.22778,1.23144,1.22568,1.22872,1434
2018-04-05,1.22874,1.22899,1.22183,1.22486,1436
2018-04-06,1.22487,1.22905,1.2215,1.22793,1260
2018-04-08,1.22835,1.22835,1.22654,1.22708,170
2018-04-09,1.22709,1.233,1.22601,1.23206,1436
2018-04-10,1.23208,1.23771,1.23027,1.23627,1435
2018-04-11,1.23626,1.23958,1.23467,1.23719,1438
2018-04-12,1.23719,1.23795,1.22995,1.23293,1435
2018-04-13,1.23289,1.23458,1.23069,1.23283,1257
2018-04-15,1.23316,1.23361,1.23217,1.23314,175
2018-04-16,1.23315,1.23943,1.23238,1.23837,1434
2018-04-17,1.23836,1.24135,1.2336,1.23724,1435
2018-04-18,1.23723,1.23969,1.23417,1.23784,1435
2018-04-19,1.23785,1.24001,1.2329,1.23429,1439
2018-04-20,1.23431,1.23528,1.22497,1.22853,1258
2018-04-22,1.22716,1.22877,1.22716,1.22736,170
2018-04-23,1.22738,1.22892,1.21972,1.22091,1434
2018-04-24,1.22094,1.22447,1.21818,1.2237,1436
2018-04-25,1.22371,1.22371,1.21596,1.21705,1433
2018-04-26,1.21706,1.22097,1.20962,1.21081,1436
2018-04-27,1.21081,1.21326,1.20552,1.21281,1258
2018-04-29,1.21225,1.2129,1.21186,1.21227,170
2018-04-30,1.21227,1.21387,1.20642,1.20814,1435
2018-05-01,1.20815,1.20829,1.19813,1.19909,1429
2018-05-02,1.19909,1.20313,1.19378,1.19506,1435
2018-05-03,1.19507,1.20086,1.19475,1.19885,1437
2018-05-04,1.19887,1.19955,1.19102,1.1957,1259
2018-05-06,1.19553,1.19639,1.19543,1.19543,173
2018-05-07,1.19541,1.19776,1.18976,1.19331,1429
2018-05-08,1.1933,1.19385,1.18379,1.18671,1432
2018-05-09,1.18672,1.18967,1.18225,1.18465,1437
2018-05-10,1.18464,1.19463,1.18437,1.19137,1437
2018-05-11,1.19138,1.19677,1.18911,1.19412,1255
2018-05-13,1.19405,1.19556,1.19385,1.19524,170
2018-05-14,1.19524,1.1996,1.1922,1.1931,1440
2018-05-15,1.19311,1.1938,1.18169,1.18202,1436
2018-05-16,1.18203,1.18537,1.17635,1.18147,1439
2018-05-17,1.18146,1.18372,1.17765,1.179,1436
2018-05-18,1.179,1.18221,1.17497,1.17684,1260
2018-05-20,1.17703,1.17748,1.17602,1.17651,173
2018-05-21,1.1765,1.17972,1.17164,1.17899,1436
2018-05-22,1.17898,1.18295,1.17562,1.17879,1433
2018-05-23,1.17878,1.17889,1.16757,1.17091,1439
2018-05-24,1.1709,1.17503,1.16905,1.1722,1439
2018-05-25,1.1722,1.17334,1.16454,1.16495,1255
2018-05-27,1.16843,1.1692,1.16756,1.16884,180
2018-05-28,1.16885,1.17283,1.16072,1.16259,1427
2018-05-29,1.16261,1.16394,1.151,1.15375,1440
2018-05-30,1.15376,1.16759,1.15187,1.16646,1439
2018-05-31,1.16645,1.1724,1.1641,1.16921,1440
2018-06-01,1.16922,1.17176,1.16167,1.16578,1259
2018-06-03,1.16579,1.16682,1.16558,1.1667,173
2018-06-04,1.1667,1.17443,1.16669,1.16999,1440
2018-06-05,1.16998,1.17323,1.16524,1.1726,1438
2018-06-06,1.17261,1.17956,1.17138,1.17813,1439
2018-06-07,1.17812,1.18397,1.1781,1.17933,1438
2018-06-08,1.17929,1.18103,1.1727,1.17667,1258
2018-06-10,1.17722,1.17857,1.17708,1.17845,176
2018-06-11,1.17844,1.18203,1.17714,1.17725,1428
2018-06-12,1.17724,1.18088,1.17331,1.17475,1438
2018-06-13,1.17476,1.18047,1.17253,1.18031,1440
2018-06-14,1.18032,1.18516,1.15606,1.15637,1440
2018-06-15,1.15628,1.16268,1.15432,1.1608,1260
2018-06-17,1.15865,1.16011,1.15862,1.1593,178
2018-06-18,1.15931,1.16408,1.15652,1.16298,1438
2018-06-19,1.16297,1.16441,1.15307,1.15878,1440
2018-06-20,1.1588,1.15998,1.15367,1.15773,1437
2018-06-21,1.15772,1.16333,1.15082,1.16041,1439
2018-06-22,1.16042,1.16748,1.16004,1.16521,1259
2018-06-24,1.16619,1.16726,1.16576,1.166,177
2018-06-25,1.16603,1.17129,1.16284,1.17007,1439
2018-06-26,1.17007,1.172,1.16348,1.16493,1440
2018-06-27,1.16494,1.16718,1.15405,1.15628,1439
2018-06-28,1.15629,1.16005,1.1527,1.15635,1439
2018-06-29,1.15634,1.169,1.15632,1.16815,1260
2018-07-01,1.1676,1.16892,1.16603,1.16787,180
2018-07-02,1.16778,1.16788,1.1591,1.16414,1438
2018-07-03,1.16414,1.16728,1.16202,1.16587,1437
2018-07-04,1.16586,1.16816,1.16304,1.16602,1425
2018-07-05,1.16601,1.172,1.16498,1.16918,1438
2018-07-06,1.16919,1.17671,1.16798,1.17449,1260
2018-07-08,1.17413,1.17539,1.17398,1.17516,177
2018-07-09,1.17515,1.17906,1.17326,1.1756,1439
2018-07-10,1.17558,1.17623,1.16901,1.17279,1438
2018-07-11,1.17277,1.17579,1.16653,1.16748,1438
2018-07-12,1.1675,1.16954,1.16497,1.16639,1437
2018-07-13,1.16639,1.16866,1.16126,1.16828,1260
2018-07-15,1.16879,1.16909,1.16769,1.16783,176
2018-07-16,1.16782,1.17251,1.16755,1.1709,1438
2018-07-17,1.1709,1.17444,1.16484,1.1653,1437
2018-07-18,1.16533,1.16648,1.16019,1.16447,1440
2018-07-19,1.16448,1.16784,1.15747,1.16544,1439
2018-07-20,1.16544,1.17386,1.16261,1.17195,1260
2018-07-22,1.17243,1.17454,1.17224,1.17404,174
2018-07-23,1.17403,1.17498,1.16835,1.16932,1439
2018-07-24,1.16934,1.17166,1.16543,1.16844,1438
2018-07-25,1.16845,1.17387,1.1664,1.17377,1438
2018-07-26,1.17378,1.17435,1.16375,1.16437,1439
2018-07-27,1.16436,1.16643,1.16202,1.16526,1258
2018-07-29,1.1657,1.16604,1.16525,1.1659,166
2018-07-30,1.16588,1.17185,1.16478,1.17071,1431
2018-07-31,1.17073,1.17457,1.16835,1.1689,1440
2018-08-01,1.1689,1.16994,1.16568,1.1663,1431
2018-08-02,1.16631,1.16674,1.15814,1.1585,1437
2018-08-03,1.15849,1.16104,1.15601,1.15656,1259
2018-08-05,1.15676,1.157,1.15599,1.15615,172
2018-08-06,1.15614,1.15702,1.153,1.15578,1434
2018-08-07,1.15578,1.16081,1.15514,1.16029,1432
2018-08-08,1.16031,1.16281,1.15731,1.16091,1436
2018-08-09,1.16092,1.16193,1.15162,1.1524,1437
2018-08-10,1.1524,1.15362,1.13879,1.14105,1260
2018-08-12,1.13702,1.14114,1.13702,1.13944,175
2018-08-13,1.13948,1.14325,1.1365,1.14003,1435
2018-08-14,1.14004,1.14292,1.13299,1.13464,1438
2018-08-15,1.13466,1.13548,1.13009,1.13415,1439
2018-08-16,1.13415,1.14088,1.13356,1.13717,1437
2018-08-17,1.1372,1.14446,1.13661,1.14358,1260
2018-08-19,1.14373,1.14399,1.14351,1.14376,167
2018-08-20,1.14377,1.1493,1.13941,1.14918,1440
2018-08-21,1.14917,1.1601,1.14853,1.15759,1439
2018-08-22,1.15758,1.16228,1.15531,1.15856,1440
2018-08-23,1.15856,1.15904,1.15296,1.15418,1438
2018-08-24,1.15414,1.16395,1.1538,1.16197,1260
2018-08-26,1.16139,1.16532,1.16138,1.16449,170
2018-08-27,1.1645,1.16934,1.15944,1.16839,1439
2018-08-28,1.16841,1.17331,1.16624,1.16933,1438
2018-08-29,1.16932,1.17105,1.16519,1.17093,1439
2018-08-30,1.17094,1.1718,1.16416,1.16652,1440
2018-08-31,1.16652,1.169,1.15844,1.15973,1260
2018-09-02,1.1595,1.16033,1.15923,1.1598,158
2018-09-03,1.15979,1.16278,1.15887,1.16138,1435
2018-09-04,1.1614,1.1614,1.15299,1.15871,1438
2018-09-05,1.15871,1.16398,1.15424,1.16345,1439
2018-09-06,1.16345,1.1659,1.16052,1.16197,1436
2018-09-07,1.16197,1.16492,1.15504,1.15511,1260
2018-09-09,1.15463,1.15607,1.15463,1.15605,179
2018-09-10,1.15605,1.16156,1.1526,1.15933,1438
2018-09-11,1.15932,1.16437,1.15654,1.15954,1436
2018-09-12,1.15953,1.16493,1.15698,1.16252,1435
2018-09-13,1.16251,1.17008,1.1609,1.16911,1436
2018-09-14,1.16912,1.17215,1.16199,1.16231,1259
2018-09-16,1.16228,1.1632,1.16213,1.16232,175
2018-09-17,1.16233,1.16979,1.16177,1.16686,1438
2018-09-18,1.16685,1.17243,1.1652,1.16774,1439
2018-09-19,1.16774,1.17147,1.165,1.16739,1438
2018-09-20,1.16738,1.17843,1.16718,1.17754,1433
2018-09-21,1.17755,1.18025,1.17325,1.17465,1257
2018-09-23,1.17442,1.17522,1.17377,1.17484,177
2018-09-24,1.17483,1.18148,1.1724,1.17523,1439
2018-09-25,1.17527,1.17923,1.17308,1.17628,1439
2018-09-26,1.1763,1.17976,1.17259,1.17468,1439
2018-09-27,1.17468,1.1757,1.16331,1.16359,1438
2018-09-28,1.16361,1.1651,1.15699,1.16017,1260
2018-09-30,1.16165,1.16167,1.16028,1.16053,179
2018-10-01,1.16054,1.16243,1.15631,1.15769,1439
2018-10-02,1.15769,1.158,1.15053,1.15501,1437
2018-10-03,1.15502,1.15934,1.14642,1.14764,1439
2018-10-04,1.14765,1.15424,1.14632,1.15172,1440
2018-10-05,1.15171,1.15492,1.14838,1.15216,1260
2018-10-07,1.15203,1.15272,1.15192,1.15236,175
2018-10-08,1.15239,1.15293,1.14599,1.14942,1439
2018-10-09,1.14942,1.15084,1.14322,1.15047,1438
2018-10-10,1.15048,1.15452,1.14798,1.15331,1439
2018-10-11,1.15331,1.15992,1.1531,1.15898,1438
2018-10-12,1.15898,1.16104,1.15345,1.1557,1260
2018-10-14,1.15386,1.15535,1.15386,1.15504,174
2018-10-15,1.15505,1.1606,1.15429,1.15828,1439
2018-10-16,1.15829,1.1621,1.1566,1.15763,1438
2018-10-17,1.15764,1.15804,1.14953,1.15012,1440
2018-10-18,1.15011,1.15273,1.14494,1.14538,1436
2018-10-19,1.14539,1.15343,1.1433,1.15117,1260
2018-10-21,1.15139,1.15178,1.15083,1.15102,177
2018-10-22,1.15103,1.15499,1.14556,1.14645,1437
2018-10-23,1.14646,1.14932,1.14391,1.14703,1436
2018-10-24,1.14704,1.14762,1.13789,1.13987,1439
2018-10-25,1.13987,1.14322,1.1356,1.13754,1435
2018-10-26,1.13755,1.14206,1.13355,1.13996,1259
2018-10-28,1.13908,1.14035,1.13908,1.1398,176
2018-10-29,1.13981,1.14163,1.13605,1.13755,1439
2018-10-30,1.13754,1.13877,1.13403,1.13453,1436
2018-10-31,1.13452,1.13599,1.13018,1.13144,1437
2018-11-01,1.13145,1.14241,1.13126,1.14027,1438
2018-11-02,1.14029,1.14557,1.13719,1.13857,1259
2018-11-04,1.13848,1.13991,1.13848,1.13974,117
2018-11-05,1.13975,1.1424,1.13535,1.14081,1438
2018-11-06,1.14083,1.14415,1.13914,1.1441,1434
2018-11-07,1.14409,1.14996,1.13947,1.14323,1440
2018-11-08,1.14324,1.14463,1.13512,1.13677,1436
2018-11-09,1.13677,1.13686,1.13161,1.13329,1320
2018-11-11,1.13223,1.13297,1.13128,1.13236,120
2018-11-12,1.13239,1.13303,1.12154,1.12235,1438
2018-11-13,1.12233,1.13204,1.12215,1.1311,1440
2018-11-14,1.1311,1.13472,1.12632,1.13122,1440
2018-11-15,1.13122,1.13622,1.12704,1.13243,1440
2018-11-16,1.13244,1.142,1.13216,1.14145,1319
2018-11-18,1.14116,1.14209,1.1406,1.14136,114
2018-11-19,1.14136,1.14643,1.13937,1.14538,1437
2018-11-20,1.14539,1.14723,1.13585,1.13719,1433
2018-11-21,1.13717,1.14244,1.13655,1.13882,1436
2018-11-22,1.13884,1.14337,1.13851,1.14026,1432
2018-11-23,1.14027,1.14208,1.13269,1.1335,1316
2018-11-25,1.1339,1.134,1.13302,1.13374,108
2018-11-26,1.13374,1.13835,1.13248,1.13328,1436
2018-11-27,1.13329,1.13438,1.12772,1.1297,1438
2018-11-28,1.12969,1.13869,1.1267,1.13672,1436
2018-11-29,1.13673,1.14014,1.13485,1.13923,1436
2018-11-30,1.13925,1.14002,1.13053,1.13148,1318
2018-12-02,1.135,1.135,1.13279,1.13422,119
2018-12-03,1.13418,1.13795,1.13192,1.13541,1439
2018-12-04,1.13541,1.14183,1.13182,1.13424,1437
2018-12-05,1.13423,1.13609,1.13105,1.13487,1437
2018-12-06,1.13488,1.14121,1.13207,1.13758,1439
2018-12-07,1.13758,1.14234,1.13602,1.13762,1320
2018-12-09,1.13901,1.14065,1.13896,1.13995,118
2018-12-10,1.13993,1.14425,1.135,1.13559,1439
2018-12-11,1.1356,1.13999,1.13062,1.13213,1437
2018-12-12,1.13215,1.13871,1.13149,1.13725,1439
2018-12-13,1.13724,1.13932,1.1331,1.1363,1438
2018-12-14,1.1363,1.13649,1.12696,1.13036,1320
2018-12-16,1.13008,1.13083,1.12967,1.13041,120
2018-12-17,1.13043,1.13577,1.13027,1.13493,1440
2018-12-18,1.13495,1.14022,1.13366,1.13758,1440
2018-12-19,1.13756,1.14392,1.13643,1.13865,1440
2018-12-20,1.13865,1.14859,1.13771,1.14565,1439
2018-12-21,1.14566,1.14739,1.13559,1.13684,1320
2018-12-23,1.13692,1.13738,1.13604,1.13723,120
2018-12-24,1.13723,1.14384,1.13705,1.13995,1429
2018-12-25,1.13998,1.14198,1.13892,1.14131,586
2018-12-26,1.14132,1.14163,1.13428,1.13601,1440
2018-12-27,1.13602,1.1454,1.1358,1.14304,1439
2018-12-28,1.14306,1.14727,1.14299,1.14414,1320
2018-12-30,1.14331,1.14406,1.14331,1.14389,118
2018-12-31,1.14389,1.14674,1.14213,1.14644,1320
2019-01-01,1.14598,1.14676,1.14566,1.14612,118
2019-01-02,1.14612,1.14967,1.13092,1.13121,1440
2019-01-03,1.13122,1.1411,1.13099,1.13899,1440
2019-01-04,1.13901,1.14189,1.13456,1.13943,1320
2019-01-06,1.13955,1.14129,1.13954,1.14102,120
2019-01-07,1.14102,1.14826,1.14046,1.14789,1440
2019-01-08,1.1479,1.14844,1.14222,1.14572,1439
2019-01-09,1.14573,1.15578,1.14389,1.15541,1440
2019-01-10,1.15541,1.15697,1.14844,1.15081,1440
2019-01-11,1.15082,1.15403,1.1458,1.14656,1320
2019-01-13,1.14589,1.14685,1.14583,1.14597,118
2019-01-14,1.14598,1.1482,1.14506,1.14726,1440
2019-01-15,1.14727,1.14896,1.13819,1.14141,1440
2019-01-16,1.1414,1.14248,1.13777,1.13994,1439
2019-01-17,1.13994,1.14059,1.137,1.1392,1440
2019-01-18,1.1392,1.14103,1.13532,1.13614,1320
2019-01-20,1.13603,1.1368,1.13602,1.1365,120
2019-01-21,1.13651,1.1391,1.13567,1.13688,1439
2019-01-22,1.13687,1.13739,1.13361,1.13633,1440
2019-01-23,1.13634,1.13942,1.13505,1.13861,1440
2019-01-24,1.13861,1.13913,1.12892,1.13126,1440
2019-01-25,1.13127,1.14176,1.13049,1.14032,1314
2019-01-27,1.14005,1.14134,1.14004,1.14127,120
2019-01-28,1.14127,1.14436,1.139,1.14294,1440
2019-01-29,1.14295,1.14501,1.14111,1.14348,1440
2019-01-30,1.14348,1.15016,1.14062,1.14853,1440
2019-01-31,1.14852,1.15141,1.14356,1.14482,1439
2019-02-01,1.14482,1.14884,1.14343,1.14547,1320
2019-02-03,1.14503,1.14581,1.14503,1.14543,120
2019-02-04,1.14543,1.14603,1.14244,1.14349,1440
2019-02-05,1.14348,1.14404,1.14011,1.14087,1440
2019-02-06,1.14087,1.14091,1.13608,1.13656,1440
2019-02-07,1.13655,1.13675,1.13244,1.13382,1440
2019-02-08,1.13382,1.13508,1.13207,1.13207,1320
2019-02-10,1.13186,1.13248,1.13148,1.13237,120
2019-02-11,1.13239,1.13298,1.12672,1.12785,1440
2019-02-12,1.12785,1.13396,1.12577,1.13336,1440
2019-02-13,1.13336,1.13414,1.1249,1.12646,1440
2019-02-14,1.12646,1.13098,1.12498,1.12947,1440
2019-02-15,1.12946,1.13061,1.1234,1.12925,1320
2019-02-17,1.12906,1.12959,1.12889,1.12948,120
2019-02-18,1.12948,1.13338,1.12937,1.13114,1437
2019-02-19,1.13115,1.13574,1.12755,1.13399,1440
2019-02-20,1.13399,1.13711,1.13249,1.13461,1439
2019-02-21,1.13461,1.13663,1.13202,1.13398,1438
2019-02-22,1.13399,1.13556,1.13161,1.13319,1320
2019-02-24,1.1334,1.13421,1.13281,1.1342,119
2019-02-25,1.13421,1.13675,1.13367,1.13647,1439
2019-02-26,1.13647,1.14027,1.1345,1.1393,1440
2019-02-27,1.13931,1.14036,1.13622,1.13795,1440
2019-02-28,1.13796,1.14197,1.13595,1.1373,1440
2019-03-01,1.13731,1.14085,1.13533,1.13633,1320
2019-03-03,1.13811,1.13826,1.13722,1.13749,118
2019-03-04,1.13749,1.1375,1.1309,1.13362,1440
2019-03-05,1.13363,1.13384,1.12895,1.1306,1440
2019-03-06,1.13059,1.13245,1.12855,1.13129,1440
2019-03-07,1.1313,1.13202,1.11764,1.1198,1440
2019-03-08,1.1198,1.12461,1.11852,1.12311,1320
2019-03-10,1.12316,1.12374,1.12229,1.12278,240
2019-03-11,1.12277,1.12738,1.12217,1.1259,1440
2019-03-12,1.12591,1.13049,1.12492,1.1288,1440
2019-03-13,1.1288,1.13385,1.12773,1.13272,1440
2019-03-14,1.13273,1.13361,1.1294,1.13059,1440
2019-03-15,1.13058,1.13443,1.13,1.1324,1200
2019-03-17,1.13201,1.13277,1.13189,1.13208,238
2019-03-18,1.13209,1.13589,1.13201,1.13378,1440
2019-03-19,1.13377,1.13615,1.13366,1.1347,1439
2019-03-20,1.1347,1.1448,1.13354,1.14319,1440
2019-03-21,1.14319,1.14373,1.13425,1.1367,1440
2019-03-22,1.1367,1.13905,1.12732,1.13004,1200
2019-03-24,1.12892,1.13011,1.12883,1.12898,235
2019-03-25,1.12898,1.13314,1.12898,1.13176,1440
2019-03-26,1.13177,1.13259,1.12614,1.12668,1440
2019-03-27,1.12672,1.12855,1.12421,1.12481,1440
2019-03-28,1.12481,1.12612,1.12135,1.12321,1440
2019-03-29,1.12321,1.12466,1.12098,1.12179,1200
2019-03-31,1.12254,1.12312,1.12199,1.12217,119
2019-04-01,1.12231,1.12498,1.11984,1.12049,1440
2019-04-02,1.12049,1.1216,1.11836,1.12032,1440
2019-04-03,1.12032,1.12547,1.12019,1.12446,1440
2019-04-04,1.12447,1.12475,1.12059,1.12222,1440
2019-04-05,1.12222,1.12472,1.12099,1.12142,1260
2019-04-07,1.12138,1.12213,1.12118,1.12181,180
2019-04-08,1.12181,1.12744,1.12148,1.12555,1440
2019-04-09,1.12557,1.12842,1.12554,1.12655,1440
2019-04-10,1.12654,1.12876,1.12294,1.12758,1439
2019-04-11,1.12759,1.12873,1.12498,1.12601,1440
2019-04-12,1.12602,1.13239,1.12572,1.12976,1260
2019-04-14,1.13035,1.13072,1.12991,1.13028,177
2019-04-15,1.13029,1.13209,1.12975,1.13043,1440
2019-04-16,1.13044,1.13139,1.12788,1.12845,1440
2019-04-17,1.12845,1.13237,1.12813,1.12965,1440
2019-04-18,1.12964,1.13039,1.12261,1.12349,1440
2019-04-19,1.12349,1.12476,1.12323,1.12408,1257
2019-04-21,1.12408,1.12452,1.12373,1.1244,177
2019-04-22,1.1244,1.1262,1.12357,1.12584,1439
2019-04-23,1.12585,1.12612,1.11921,1.12237,1439
2019-04-24,1.12239,1.12241,1.11406,1.11533,1440
2019-04-25,1.11534,1.11623,1.11178,1.11353,1440
2019-04-26,1.11353,1.11739,1.11111,1.11429,1260
2019-04-28,1.11441,1.11516,1.11441,1.11494,179
2019-04-29,1.11494,1.11869,1.1145,1.11848,1440
2019-04-30,1.11847,1.1229,1.11757,1.12157,1439
2019-05-01,1.12157,1.12647,1.1187,1.12024,1440
2019-05-02,1.12023,1.1219,1.11707,1.11729,1440
2019-05-03,1.11728,1.12047,1.1135,1.12007,1260
2019-05-05,1.11799,1.12003,1.11672,1.11846,179
2019-05-06,1.11846,1.12092,1.1179,1.1201,1440
2019-05-07,1.12011,1.12178,1.11666,1.11895,1440
2019-05-08,1.11893,1.12136,1.11827,1.11977,1440
2019-05-09,1.11977,1.12509,1.11734,1.12184,1440
2019-05-10,1.12185,1.12536,1.12177,1.12329,1260
2019-05-12,1.1232,1.12408,1.12299,1.12357,179
2019-05-13,1.12358,1.12635,1.12191,1.1232,1440
2019-05-14,1.1232,1.12439,1.12011,1.12032,1440
2019-05-15,1.12031,1.12245,1.11779,1.12068,1440
2019-05-16,1.12069,1.12238,1.11662,1.11731,1440
2019-05-17,1.1173,1.11841,1.11551,1.11563,1260
2019-05-19,1.11598,1.11666,1.11598,1.11646,180
2019-05-20,1.11646,1.11748,1.11506,1.11673,1439
2019-05-21,1.11673,1.1188,1.11419,1.11643,1439
2019-05-22,1.11643,1.11802,1.11485,1.11552,1440
2019-05-23,1.11553,1.11875,1.1107,1.11841,1439
2019-05-24,1.11841,1.12121,1.11771,1.12043,1259
2019-05-27,1.12108,1.12151,1.11869,1.11934,897
2019-05-28,1.11933,1.11983,1.11592,1.11681,1439
2019-05-29,1.11682,1.11724,1.11243,1.11366,1440
2019-05-30,1.11365,1.11433,1.1116,1.11295,1440
2019-05-31,1.11295,1.11797,1.11251,1.11678,1260
2019-06-02,1.11607,1.11741,1.11607,1.11736,179
2019-06-03,1.11736,1.12619,1.11601,1.12457,1438
2019-06-04,1.12458,1.12774,1.12267,1.12536,1440
2019-06-05,1.12535,1.13065,1.122,1.12286,1440
2019-06-06,1.12286,1.1309,1.12008,1.12755,1440
2019-06-07,1.12756,1.13477,1.12512,1.13334,1260
2019-06-09,1.1322,1.13308,1.13143,1.1319,180
2019-06-10,1.1319,1.13243,1.12902,1.13179,1439
2019-06-11,1.13179,1.13374,1.13013,1.13295,1437
2019-06-12,1.13295,1.13434,1.12824,1.12924,1440
2019-06-13,1.12924,1.13037,1.12683,1.12795,1440
2019-06-14,1.12794,1.12891,1.12024,1.1205,1260
2019-06-16,1.12089,1.12172,1.12088,1.12155,180
2019-06-17,1.12155,1.1247,1.12037,1.12242,1439
2019-06-18,1.12244,1.12428,1.11813,1.11978,1438
2019-06-19,1.11978,1.12542,1.11871,1.12357,1440
2019-06-20,1.12357,1.13173,1.12351,1.12943,1440
2019-06-21,1.12943,1.13777,1.1283,1.13679,1260
2019-06-23,1.13695,1.13852,1.13662,1.1385,180
2019-06-24,1.1385,1.14039,1.13725,1.13991,1440
2019-06-25,1.13993,1.14119,1.13442,1.13681,1440
2019-06-26,1.1368,1.13913,1.13474,1.13735,1439
2019-06-27,1.13734,1.13814,1.13477,1.13711,1439
2019-06-28,1.13711,1.13933,1.13506,1.13681,1260
2019-06-30,1.13595,1.1371,1.13581,1.13601,180
2019-07-01,1.13601,1.1364,1.12801,1.12868,1440
2019-07-02,1.12868,1.13215,1.12751,1.12904,1440
2019-07-03,1.12904,1.13123,1.12686,1.12873,1437
2019-07-04,1.12873,1.12951,1.12731,1.12853,1438
2019-07-05,1.12853,1.1286,1.12073,1.12235,1259
2019-07-07,1.12215,1.12291,1.12215,1.12267,179
2019-07-08,1.12267,1.12344,1.12069,1.12151,1440
2019-07-09,1.1215,1.12187,1.11933,1.12043,1440
2019-07-10,1.12043,1.12643,1.12018,1.12583,1440
2019-07-11,1.12585,1.12857,1.12451,1.12498,1440
2019-07-12,1.12498,1.12748,1.12381,1.12698,1260
2019-07-14,1.12666,1.12744,1.12626,1.1271,180
2019-07-15,1.12711,1.12838,1.12532,1.12597,1440
2019-07-16,1.12598,1.12634,1.12018,1.12116,1440
2019-07-17,1.12117,1.12335,1.11997,1.12273,1440
2019-07-18,1.12273,1.1282,1.12051,1.1261,1440
2019-07-19,1.12608,1.12683,1.12033,1.12192,1260
2019-07-21,1.1215,1.12197,1.1214,1.12175,180
2019-07-22,1.12175,1.12253,1.12037,1.12042,1440
2019-07-23,1.12042,1.1208,1.11457,1.11508,1439
2019-07-24,1.11508,1.11558,1.11269,1.11419,1438
2019-07-25,1.1142,1.11877,1.11013,1.11448,1439
2019-07-26,1.11447,1.11509,1.1112,1.11247,1259
2019-07-28,1.11246,1.11325,1.11223,1.11295,177
2019-07-29,1.11295,1.11509,1.11128,1.11423,1440
2019-07-30,1.11424,1.1161,1.11321,1.11568,1439
2019-07-31,1.11568,1.1162,1.106,1.10715,1439
2019-08-01,1.10715,1.10958,1.10268,1.10788,1440
2019-08-02,1.10789,1.11164,1.10696,1.11057,1260
2019-08-04,1.11042,1.11138,1.11033,1.11075,180
2019-08-05,1.11079,1.12453,1.11064,1.12418,1440
2019-08-06,1.12418,1.12497,1.11675,1.12054,1440
2019-08-07,1.12053,1.12417,1.11791,1.12039,1440
2019-08-08,1.12038,1.12323,1.11769,1.11861,1440
2019-08-09,1.11861,1.12229,1.11833,1.11969,1260
2019-08-11,1.11978,1.1208,1.11967,1.12073,178
2019-08-12,1.12074,1.12306,1.11619,1.12162,1440
2019-08-13,1.12162,1.12285,1.11698,1.11764,1440
2019-08-14,1.11764,1.11908,1.11305,1.11428,1440
2019-08-15,1.11428,1.11583,1.10913,1.11103,1439
2019-08-16,1.11105,1.11113,1.10662,1.10899,1260
2019-08-18,1.10925,1.1101,1.10895,1.10919,176
2019-08-19,1.10918,1.11137,1.1076,1.10814,1440
2019-08-20,1.10816,1.11066,1.10655,1.10972,1439
2019-08-21,1.1097,1.1107,1.10804,1.10901,1440
2019-08-22,1.10903,1.1113,1.10635,1.10836,1440
2019-08-23,1.10835,1.11532,1.10516,1.1136,1260
2019-08-25,1.11507,1.11639,1.11393,1.11433,180
2019-08-26,1.11433,1.11529,1.10942,1.11013,1439
2019-08-27,1.11012,1.11159,1.10855,1.10893,1439
2019-08-28,1.10894,1.10978,1.10733,1.10855,1440
2019-08-29,1.10856,1.1093,1.10419,1.10589,1438
2019-08-30,1.10589,1.10599,1.09632,1.0988,1259
2019-09-01,1.09893,1.09962,1.09831,1.09904,173
2019-09-02,1.09903,1.09931,1.0958,1.09641,1426
2019-09-03,1.09641,1.09786,1.0926,1.09725,1440
2019-09-04,1.09725,1.10383,1.09715,1.10347,1440
2019-09-05,1.10346,1.10847,1.10166,1.1034,1440
2019-09-06,1.1034,1.10572,1.10201,1.1025,1260
2019-09-08,1.1026,1.10275,1.10195,1.10201,174
2019-09-09,1.10202,1.1068,1.10153,1.10469,1439
2019-09-10,1.10469,1.10595,1.10305,1.10501,1440
2019-09-11,1.10501,1.10555,1.09851,1.10135,1440
2019-09-12,1.10134,1.10871,1.09268,1.10561,1440
2019-09-13,1.1056,1.11094,1.1056,1.10707,1259
2019-09-15,1.10732,1.10863,1.10695,1.10831,180
2019-09-16,1.10831,1.10843,1.09932,1.10031,1438
2019-09-17,1.1003,1.10755,1.09901,1.10736,1440
2019-09-18,1.10737,1.10746,1.10136,1.10291,1439
2019-09-19,1.10291,1.10735,1.10229,1.10446,1440
2019-09-20,1.10444,1.10676,1.09961,1.10169,1260
2019-09-22,1.10136,1.10197,1.10106,1.10185,171
2019-09-23,1.10185,1.10253,1.09661,1.09939,1439
2019-09-24,1.09938,1.1024,1.09837,1.10135,1440
2019-09-25,1.10134,1.10168,1.09374,1.09511,1440
2019-09-26,1.09511,1.09672,1.09087,1.09222,1439
2019-09-27,1.09223,1.09586,1.09046,1.09367,1260
2019-09-29,1.09419,1.09461,1.09391,1.09422,179
2019-09-30,1.09421,1.09478,1.08847,1.08993,1440
2019-10-01,1.08992,1.09428,1.0879,1.09339,1440
2019-10-02,1.0934,1.09636,1.0904,1.09605,1438
2019-10-03,1.09604,1.09992,1.09408,1.09744,1439
2019-10-04,1.09745,1.0999,1.0957,1.0976,1260
2019-10-06,1.09803,1.09838,1.09728,1.09832,180
2019-10-07,1.09832,1.10004,1.09619,1.09715,1440
2019-10-08,1.09716,1.09958,1.09409,1.09597,1439
2019-10-09,1.09597,1.099,1.09548,1.09842,1440
2019-10-10,1.09841,1.10337,1.09797,1.10106,1440
2019-10-11,1.10105,1.10626,1.10007,1.10329,1260
2019-10-13,1.10316,1.10385,1.1025,1.10282,175
2019-10-14,1.10281,1.10426,1.10128,1.10259,1437
2019-10-15,1.10258,1.10459,1.09912,1.10344,1440
2019-10-16,1.10344,1.10855,1.10223,1.10737,1440
2019-10-17,1.10738,1.11398,1.1065,1.11244,1439
2019-10-18,1.11245,1.11719,1.11145,1.11703,1259
2019-10-20,1.11607,1.11634,1.11494,1.11558,180
2019-10-21,1.11559,1.11793,1.11386,1.11515,1440
2019-10-22,1.11517,1.11568,1.11176,1.11289,1439
2019-10-23,1.11288,1.11405,1.11061,1.11322,1440
2019-10-24,1.11322,1.11627,1.1093,1.11034,1440
2019-10-25,1.11035,1.11229,1.10729,1.1079,1260
2019-10-27,1.108,1.10844,1.10774,1.10822,236
2019-10-28,1.10822,1.11065,1.1076,1.10978,1439
2019-10-29,1.10978,1.11183,1.10735,1.1109,1439
2019-10-30,1.1109,1.11624,1.10801,1.11622,1440
2019-10-31,1.11621,1.11755,1.11314,1.11549,1439
2019-11-01,1.11548,1.11718,1.11281,1.11641,1200
2019-11-03,1.11684,1.11696,1.11639,1.11661,120
2019-11-04,1.1166,1.11753,1.11218,1.11279,1436
2019-11-05,1.11279,1.11401,1.10635,1.10738,1440
2019-11-06,1.10739,1.10928,1.10651,1.107,1438
2019-11-07,1.10699,1.10914,1.1036,1.10523,1439
2019-11-08,1.10524,1.10554,1.10167,1.10176,1320
2019-11-10,1.1023,1.10231,1.10191,1.10218,119
2019-11-11,1.10217,1.1043,1.10163,1.10347,1436
2019-11-12,1.10347,1.10385,1.10025,1.1012,1440
2019-11-13,1.1012,1.10203,1.09953,1.10096,1440
2019-11-14,1.10096,1.10274,1.0989,1.10197,1439
2019-11-15,1.10198,1.10569,1.10145,1.10494,1319
2019-11-17,1.10489,1.10545,1.10487,1.10539,116
2019-11-18,1.1054,1.10899,1.10533,1.10722,1439
2019-11-19,1.10721,1.10839,1.10626,1.10779,1436
2019-11-20,1.10781,1.10813,1.1053,1.10779,1440
2019-11-21,1.10779,1.10969,1.10522,1.10656,1440
2019-11-22,1.10657,1.10872,1.10143,1.10179,1320
2019-11-24,1.1017,1.10225,1.10162,1.10225,118
2019-11-25,1.10225,1.10321,1.10035,1.10104,1440
2019-11-26,1.10105,1.10256,1.10071,1.1022,1440
2019-11-27,1.1022,1.10222,1.09922,1.10048,1440
2019-11-28,1.10049,1.10179,1.10003,1.10113,1437
2019-11-29,1.10113,1.10282,1.09811,1.1015,1318
2019-12-01,1.10229,1.10269,1.1017,1.10182,120
2019-12-02,1.10182,1.10907,1.10029,1.10761,1435
2019-12-03,1.1076,1.10934,1.1066,1.10818,1438
2019-12-04,1.10819,1.11161,1.10666,1.10827,1438
2019-12-05,1.10824,1.1108,1.10793,1.11038,1439
2019-12-06,1.11039,1.11097,1.10398,1.10543,1317
2019-12-08,1.1058,1.10604,1.10562,1.10582,119
2019-12-09,1.10581,1.10779,1.10533,1.10643,1440
2019-12-10,1.10642,1.10977,1.10628,1.10923,1440
2019-12-11,1.10923,1.11448,1.10701,1.11325,1439
2019-12-12,1.11326,1.11995,1.11029,1.11833,1440
2019-12-13,1.11833,1.1186,1.1112,1.11174,1320
2019-12-15,1.1128,1.11309,1.11225,1.11242,120
2019-12-16,1.11241,1.11581,1.11229,1.11355,1440
2019-12-17,1.11355,1.11746,1.11293,1.11514,1439
2019-12-18,1.11512,1.11512,1.11105,1.11154,1439
2019-12-19,1.11154,1.11442,1.11072,1.11231,1439
2019-12-20,1.11231,1.11236,1.10662,1.10769,1320
2019-12-22,1.1081,1.10813,1.10766,1.10802,117
2019-12-23,1.10801,1.10958,1.10699,1.10917,1440
2019-12-24,1.10918,1.10938,1.1069,1.10873,1378
2019-12-25,1.10873,1.10953,1.1073,1.10944,579
2019-12-26,1.10944,1.11088,1.10821,1.11012,1433
2019-12-27,1.11013,1.11883,1.10987,1.11713,1320
2019-12-29,1.11736,1.11839,1.11718,1.11813,117
2019-12-30,1.11812,1.12207,1.11806,1.12013,1439
2019-12-31,1.12013,1.12391,1.11987,1.12076,1320
2020-01-01,1.1212,1.12218,1.12106,1.12188,120
2020-01-02,1.12188,1.12245,1.11635,1.11708,1436
2020-01-03,1.11707,1.11798,1.11249,1.11548,1319
2020-01-05,1.11656,1.11677,1.11589,1.11604,117
2020-01-06,1.11603,1.12055,1.11571,1.11954,1439
2020-01-07,1.11953,1.1197,1.11335,1.1154,1440
2020-01-08,1.11539,1.11682,1.11016,1.11129,1439
2020-01-09,1.1113,1.11204,1.10924,1.11093,1439
2020-01-10,1.11092,1.11291,1.1085,1.11165,1320
2020-01-12,1.11141,1.11209,1.11128,1.11161,120
2020-01-13,1.11161,1.11469,1.11125,1.11344,1440
2020-01-14,1.11344,1.11444,1.11045,1.11275,1440
2020-01-15,1.11276,1.11634,1.11185,1.11524,1439
2020-01-16,1.11524,1.11727,1.11279,1.11368,1439
2020-01-17,1.11368,1.11425,1.10862,1.1089,1319
2020-01-19,1.1091,1.10948,1.10889,1.10946,118
2020-01-20,1.10946,1.11023,1.10766,1.10962,1436
2020-01-21,1.10963,1.11179,1.10809,1.10851,1439
2020-01-22,1.10851,1.10984,1.107,1.10957,1440
2020-01-23,1.10956,1.11087,1.10362,1.10554,1440
2020-01-24,1.10554,1.10617,1.10195,1.10224,1320
2020-01-26,1.10318,1.10343,1.10244,1.10245,120
2020-01-27,1.10245,1.10375,1.10096,1.10193,1438
2020-01-28,1.10193,1.10252,1.09978,1.1022,1438
2020-01-29,1.1022,1.10276,1.09923,1.10138,1439
2020-01-30,1.10138,1.10393,1.10069,1.10285,1439
2020-01-31,1.10285,1.10954,1.10168,1.10944,1320
2020-02-02,1.10939,1.10939,1.10813,1.1089,120
2020-02-03,1.1089,1.1089,1.10356,1.10623,1434
2020-02-04,1.10623,1.10641,1.10328,1.10446,1437
2020-02-05,1.10449,1.10479,1.09937,1.10003,1434
2020-02-06,1.10003,1.10138,1.09644,1.09806,1430
2020-02-07,1.09809,1.09849,1.09419,1.09438,1318
2020-02-09,1.09439,1.09507,1.09419,1.09491,118
2020-02-10,1.09491,1.09574,1.09076,1.09101,1429
2020-02-11,1.09103,1.09248,1.08913,1.09189,1416
2020-02-12,1.09187,1.09255,1.08654,1.08756,1436
2020-02-13,1.08755,1.08887,1.0834,1.08413,1440
2020-02-14,1.08415,1.08611,1.08271,1.08299,1320
2020-02-16,1.08406,1.08416,1.08355,1.08411,118
2020-02-17,1.08411,1.08509,1.08291,1.08366,1433
2020-02-18,1.08365,1.08372,1.07854,1.07949,1437
2020-02-19,1.07949,1.08115,1.07822,1.08096,1432
2020-02-20,1.08095,1.08211,1.07778,1.07875,1439
2020-02-21,1.07875,1.08635,1.07871,1.08456,1317
2020-02-23,1.08145,1.08419,1.08132,1.08384,120
2020-02-24,1.08385,1.0872,1.0805,1.08485,1437
2020-02-25,1.08485,1.08902,1.083,1.08797,1440
2020-02-26,1.08796,1.09086,1.08549,1.08864,1440
2020-02-27,1.08865,1.10064,1.08848,1.09963,1440
2020-02-28,1.09964,1.1053,1.09509,1.10251,1320
2020-03-01,1.10423,1.10739,1.10393,1.10515,120
2020-03-02,1.10516,1.11845,1.10362,1.11443,1440
2020-03-03,1.11443,1.12134,1.10953,1.11765,1437
2020-03-04,1.11765,1.11875,1.10955,1.1138,1440
2020-03-05,1.11382,1.12447,1.11195,1.12224,1436
2020-03-06,1.12224,1.13546,1.12112,1.12804,1320
2020-03-08,1.13473,1.13963,1.1335,1.13597,238
2020-03-09,1.13599,1.14954,1.13559,1.13848,1437
2020-03-10,1.13848,1.14143,1.12749,1.13182,1440
2020-03-11,1.13183,1.13667,1.12501,1.12714,1440
2020-03-12,1.12714,1.13336,1.1055,1.11661,1440
2020-03-13,1.11662,1.12213,1.1055,1.10992,1200
2020-03-15,1.10705,1.11996,1.10705,1.11177,240
2020-03-16,1.11177,1.12366,1.10849,1.11713,1440
2020-03-17,1.11713,1.11891,1.0955,1.09923,1440
2020-03-18,1.09922,1.10451,1.08016,1.09001,1440
2020-03-19,1.09001,1.09475,1.06527,1.06637,1440
2020-03-20,1.0664,1.08309,1.06375,1.06929,1200
2020-03-22,1.07011,1.07056,1.06357,1.06785,232
2020-03-23,1.06783,1.08279,1.06664,1.07957,1439
2020-03-24,1.07957,1.08879,1.07457,1.0787,1439
2020-03-25,1.07868,1.09336,1.07838,1.09215,1440
2020-03-26,1.09216,1.10589,1.08919,1.10375,1440
2020-03-27,1.10375,1.11473,1.09533,1.11379,1200
2020-03-29,1.11172,1.11285,1.11067,1.11096,114
2020-03-30,1.11361,1.11383,1.101,1.1029,1434
2020-03-31,1.10289,1.10427,1.09265,1.10259,1439
2020-04-01,1.1026,1.10361,1.09026,1.09513,1440
2020-04-02,1.09514,1.09644,1.08206,1.0846,1440
2020-04-03,1.08459,1.08553,1.07727,1.07955,1260
2020-04-05,1.08082,1.08214,1.08026,1.08053,180
2020-04-06,1.08053,1.08354,1.07683,1.07988,1440
2020-04-07,1.07988,1.09263,1.07904,1.08935,1437
2020-04-08,1.08934,1.08969,1.08299,1.08599,1440
2020-04-09,1.08598,1.09516,1.08409,1.09226,1440
2020-04-10,1.09226,1.09524,1.09192,1.09326,1257
2020-04-12,1.09482,1.09482,1.09304,1.09315,165
2020-04-13,1.09314,1.09678,1.08926,1.09198,1437
2020-04-14,1.09197,1.09907,1.09149,1.09834,1437
2020-04-15,1.09832,1.09872,1.08564,1.09037,1437
2020-04-16,1.09036,1.09072,1.08166,1.08584,1440
2020-04-17,1.08588,1.08926,1.08119,1.08711,1260
2020-04-19,1.08748,1.08777,1.08634,1.08635,171
2020-04-20,1.08635,1.08967,1.08411,1.08637,1435
2020-04-21,1.08636,1.08802,1.08165,1.08563,1440
2020-04-22,1.08563,1.08852,1.08032,1.08062,1437
2020-04-23,1.08062,1.08466,1.0756,1.07743,1439
2020-04-24,1.07743,1.08294,1.07271,1.08196,1260
2020-04-26,1.08211,1.08228,1.08146,1.08209,170
2020-04-27,1.08208,1.08602,1.08112,1.08245,1438
2020-04-28,1.08244,1.08884,1.08097,1.08324,1439
2020-04-29,1.08324,1.08856,1.08308,1.08772,1437
2020-04-30,1.0877,1.09726,1.0833,1.09448,1438
2020-05-01,1.09447,1.10187,1.09344,1.09777,1260
2020-05-03,1.09676,1.09736,1.09529,1.09608,163
2020-05-04,1.09608,1.09609,1.08956,1.0903,1438
2020-05-05,1.09031,1.09258,1.08258,1.08384,1440
2020-05-06,1.08385,1.08438,1.07819,1.0798,1438
2020-05-07,1.0798,1.08408,1.07665,1.08361,1438
2020-05-08,1.0836,1.08756,1.08151,1.08371,1259
2020-05-10,1.08265,1.08395,1.08239,1.08377,175
2020-05-11,1.08377,1.08504,1.08005,1.08093,1437
2020-05-12,1.08093,1.08851,1.07843,1.08454,1436
2020-05-13,1.08455,1.08965,1.08116,1.0821,1438
2020-05-14,1.0821,1.08239,1.07748,1.0806,1439
2020-05-15,1.08061,1.08509,1.07888,1.08183,1260
2020-05-17,1.08088,1.08231,1.08067,1.08186,173
2020-05-18,1.08186,1.0927,1.07999,1.09139,1437
2020-05-19,1.09138,1.09759,1.09021,1.0926,1438
2020-05-20,1.09262,1.09989,1.09262,1.09796,1438
2020-05-21,1.09794,1.10083,1.09371,1.0949,1439
2020-05-22,1.09491,1.09535,1.08852,1.0898,1260
2020-05-24,1.08956,1.09083,1.08951,1.09079,165
2020-05-25,1.0908,1.09144,1.08706,1.09016,1437
2020-05-26,1.09015,1.09957,1.08969,1.09784,1440
2020-05-27,1.09785,1.10307,1.0934,1.10166,1440
2020-05-28,1.10165,1.10934,1.09916,1.10779,1440
2020-05-29,1.10778,1.11451,1.10698,1.11036,1260
2020-05-31,1.11129,1.11195,1.11023,1.11156,178
2020-06-01,1.11155,1.1154,1.11004,1.11251,1439
2020-06-02,1.11252,1.11959,1.11151,1.11851,1436
2020-06-03,1.1185,1.12577,1.11795,1.12349,1439
2020-06-04,1.1235,1.13623,1.11947,1.13354,1439
2020-06-05,1.13357,1.13836,1.12784,1.12911,1259
2020-06-07,1.12934,1.13198,1.1293,1.1316,177
2020-06-08,1.1316,1.13185,1.12682,1.1304,1437
2020-06-09,1.1304,1.13638,1.12409,1.1332,1434
2020-06-10,1.1332,1.14224,1.13219,1.13667,1431
2020-06-11,1.13668,1.14036,1.1287,1.12879,1436
2020-06-12,1.12881,1.13405,1.12125,1.1255,1260
2020-06-14,1.12329,1.12582,1.12262,1.12515,175
2020-06-15,1.12516,1.1338,1.12267,1.13375,1439
2020-06-16,1.13376,1.13532,1.12278,1.12648,1434
2020-06-17,1.12649,1.12939,1.12068,1.12419,1432
2020-06-18,1.12419,1.12613,1.11854,1.12076,1434
2020-06-19,1.12075,1.12542,1.1168,1.11759,1259
2020-06-21,1.11835,1.11874,1.11684,1.11766,175
2020-06-22,1.11766,1.12809,1.11737,1.12776,1435
2020-06-23,1.12775,1.13486,1.1233,1.13124,1433
2020-06-24,1.13124,1.13257,1.12481,1.12499,1438
2020-06-25,1.125,1.12597,1.11903,1.12179,1439
2020-06-26,1.12179,1.12393,1.11951,1.1217,1260
2020-06-28,1.12149,1.1228,1.12149,1.12219,176
2020-06-29,1.12219,1.12879,1.12193,1.12467,1435
2020-06-30,1.12466,1.12619,1.1191,1.12335,1434
2020-07-01,1.12336,1.12751,1.11848,1.12511,1432
2020-07-02,1.12511,1.13026,1.12233,1.12372,1437
2020-07-03,1.12373,1.12518,1.12192,1.12464,1258
2020-07-05,1.12433,1.12494,1.12411,1.12466,171
2020-07-06,1.12467,1.13454,1.12467,1.13123,1430
2020-07-07,1.13123,1.13325,1.12588,1.12744,1432
2020-07-08,1.12745,1.13518,1.12623,1.13372,1425
2020-07-09,1.13372,1.13706,1.12801,1.12879,1432
2020-07-10,1.12881,1.13247,1.12547,1.1299,1260
2020-07-12,1.13039,1.13173,1.13026,1.13085,173
2020-07-13,1.13086,1.13748,1.13008,1.13447,1440
2020-07-14,1.13447,1.14123,1.13251,1.14099,1437
2020-07-15,1.141,1.1452,1.1391,1.14168,1435
2020-07-16,1.14168,1.14417,1.13704,1.13878,1438
2020-07-17,1.13877,1.14436,1.13774,1.14269,1260
2020-07-19,1.14084,1.14456,1.14084,1.14421,175
2020-07-20,1.14421,1.14677,1.14023,1.14557,1434
2020-07-21,1.14559,1.15423,1.14228,1.1535,1438
2020-07-22,1.1535,1.16013,1.15068,1.15646,1432
2020-07-23,1.15647,1.16268,1.15403,1.15952,1425
2020-07-24,1.15953,1.1658,1.15812,1.16546,1260
2020-07-26,1.1643,1.16555,1.16413,1.16495,178
2020-07-27,1.16496,1.17813,1.16494,1.17682,1433
2020-07-28,1.17681,1.17736,1.16987,1.17185,1427
2020-07-29,1.17185,1.18061,1.17139,1.17806,1438
2020-07-30,1.17809,1.18762,1.17308,1.18719,1430
2020-07-31,1.18718,1.19087,1.17617,1.17753,1260
2020-08-02,1.17725,1.17966,1.17717,1.1781,176
2020-08-03,1.17809,1.17887,1.16959,1.17603,1428
2020-08-04,1.17603,1.18148,1.17211,1.18136,1438
2020-08-05,1.18135,1.19048,1.17992,1.1872,1435
2020-08-06,1.18721,1.1916,1.18179,1.18752,1433
2020-08-07,1.18753,1.18818,1.17551,1.17862,1260
2020-08-09,1.17886,1.17896,1.17732,1.1781,168
2020-08-10,1.1781,1.18006,1.17357,1.1736,1434
2020-08-11,1.1736,1.1808,1.17219,1.17347,1433
2020-08-12,1.17348,1.1817,1.1711,1.17939,1428
2020-08-13,1.17939,1.18641,1.17934,1.18155,1436
2020-08-14,1.18153,1.18503,1.17817,1.18414,1260
2020-08-16,1.18389,1.18528,1.18324,1.18518,170
2020-08-17,1.18518,1.18809,1.18286,1.18745,1430
2020-08-18,1.18745,1.19656,1.18742,1.19464,1434
2020-08-19,1.19463,1.19526,1.18302,1.18437,1436
2020-08-20,1.1844,1.18711,1.18019,1.18695,1436
2020-08-21,1.18694,1.18828,1.17541,1.17949,1260
2020-08-23,1.17911,1.18065,1.17911,1.17981,179
2020-08-24,1.17981,1.18495,1.17841,1.17934,1426
2020-08-25,1.17934,1.18435,1.17841,1.18339,1422
2020-08-26,1.1834,1.18406,1.17721,1.184,1428
2020-08-27,1.18403,1.19018,1.17623,1.18205,1425
2020-08-28,1.18205,1.19197,1.18109,1.19018,1260
2020-08-30,1.18998,1.19202,1.18996,1.19171,173
2020-08-31,1.1917,1.1966,1.1884,1.19367,1425
2020-09-01,1.19368,1.20113,1.19013,1.19226,1429
2020-09-02,1.19224,1.19239,1.18221,1.18457,1433
2020-09-03,1.18458,1.18646,1.17889,1.18412,1426
2020-09-04,1.18413,1.18654,1.17809,1.18371,1260
2020-09-06,1.18432,1.18469,1.18319,1.18342,174
2020-09-07,1.18342,1.18486,1.18116,1.18188,1436
2020-09-08,1.18187,1.18273,1.1757,1.17667,1435
2020-09-09,1.17667,1.18339,1.17527,1.18037,1420
2020-09-10,1.18035,1.19175,1.18004,1.18234,1422
2020-09-11,1.18237,1.18741,1.18237,1.18453,1260
2020-09-13,1.18348,1.18473,1.18347,1.18404,162
2020-09-14,1.18404,1.1888,1.18319,1.18671,1424
2020-09-15,1.1867,1.19005,1.18395,1.18419,1418
2020-09-16,1.1842,1.18825,1.17876,1.18045,1436
2020-09-17,1.18043,1.18561,1.17373,1.18468,1432
2020-09-18,1.18468,1.18705,1.1826,1.18385,1260
2020-09-20,1.18369,1.18498,1.18369,1.18456,165
2020-09-21,1.18455,1.18717,1.17317,1.17626,1435
2020-09-22,1.17627,1.17715,1.16916,1.17059,1425
2020-09-23,1.1706,1.17188,1.16513,1.16568,1432
2020-09-24,1.16567,1.16869,1.16265,1.16735,1425
2020-09-25,1.16735,1.1685,1.16121,1.16277,1260
2020-09-27,1.16271,1.16377,1.16206,1.16341,175
2020-09-28,1.16341,1.16799,1.1615,1.16768,1427
2020-09-29,1.16768,1.17457,1.16652,1.17414,1424
2020-09-30,1.17414,1.17548,1.16847,1.17232,1424
2020-10-01,1.17234,1.17696,1.17171,1.17439,1437
2020-10-02,1.17439,1.17445,1.16956,1.17157,1260
2020-10-04,1.1711,1.17201,1.17053,1.17195,175
2020-10-05,1.17195,1.17975,1.17176,1.17891,1417
2020-10-06,1.17889,1.18077,1.17302,1.17371,1436
2020-10-07,1.1737,1.17818,1.17249,1.17657,1436
2020-10-08,1.17657,1.17816,1.17326,1.17668,1423
2020-10-09,1.17667,1.1831,1.17576,1.18248,1260
2020-10-11,1.18103,1.18226,1.18102,1.18157,177
2020-10-12,1.18156,1.18266,1.17867,1.18129,1429
2020-10-13,1.18127,1.18139,1.17304,1.1742,1430
2020-10-14,1.17419,1.1771,1.17199,1.17447,1431
2020-10-15,1.17444,1.17578,1.16884,1.17064,1437
2020-10-16,1.17065,1.17462,1.16939,1.17132,1260
2020-10-18,1.17181,1.17209,1.17112,1.17156,172
2020-10-19,1.17154,1.17936,1.17031,1.17683,1428
2020-10-20,1.17683,1.18407,1.17598,1.1829,1429
2020-10-21,1.18289,1.18807,1.1828,1.18516,1437
2020-10-22,1.18516,1.18668,1.18114,1.18146,1438
2020-10-23,1.18143,1.18648,1.17866,1.18572,1260
2020-10-25,1.18546,1.18605,1.18392,1.18443,238
2020-10-26,1.18444,1.18493,1.18032,1.18207,1420
2020-10-27,1.18208,1.18387,1.17695,1.1779,1438
2020-10-28,1.1779,1.17879,1.17178,1.17514,1431
2020-10-29,1.17515,1.17587,1.16501,1.16741,1435
2020-10-30,1.16741,1.17042,1.164,1.16431,1200
2020-11-01,1.16498,1.16503,1.16386,1.16416,117
2020-11-02,1.16415,1.16557,1.16221,1.16404,1432
2020-11-03,1.16405,1.17639,1.16372,1.17616,1434
2020-11-04,1.17617,1.17704,1.16026,1.17321,1439
2020-11-05,1.17321,1.18596,1.17107,1.18167,1437
2020-11-06,1.18169,1.18908,1.17952,1.187,1320
2020-11-08,1.18898,1.1895,1.18833,1.18924,119
2020-11-09,1.18924,1.19199,1.17952,1.1824,1436
2020-11-10,1.1824,1.18432,1.17799,1.18184,1438
2020-11-11,1.18183,1.18327,1.17454,1.17792,1435
2020-11-12,1.17792,1.18231,1.17585,1.18038,1426
2020-11-13,1.18039,1.18374,1.17989,1.1831,1320
2020-11-15,1.18411,1.18488,1.18288,1.18448,118
2020-11-16,1.18447,1.18689,1.18141,1.18592,1437
2020-11-17,1.18593,1.18937,1.18425,1.18636,1431
2020-11-18,1.18637,1.18908,1.18448,1.18451,1429
2020-11-19,1.18452,1.18825,1.18161,1.18653,1433
2020-11-20,1.18655,1.18908,1.18498,1.18544,1320
2020-11-22,1.18538,1.18659,1.18528,1.18654,120
2020-11-23,1.18655,1.1906,1.17997,1.18422,1429
2020-11-24,1.18422,1.18978,1.18384,1.18974,1434
2020-11-25,1.18976,1.19297,1.18818,1.19162,1431
2020-11-26,1.19164,1.19409,1.18852,1.19109,1424
2020-11-27,1.1911,1.19641,1.19094,1.1962,1319
2020-11-29,1.19614,1.19738,1.1961,1.19721,117
2020-11-30,1.19722,1.1974,1.1964,1.1968,300
2020-12-01,1.19372,1.20765,1.19353,1.20706,1435
2020-12-02,1.20707,1.21183,1.20399,1.21138,1435
2020-12-03,1.21137,1.21746,1.2101,1.21449,1426
2020-12-04,1.21449,1.21773,1.21101,1.21202,1320
2020-12-06,1.21308,1.21324,1.21195,1.212,120
2020-12-07,1.21199,1.21662,1.20784,1.21092,1430
2020-12-08,1.21091,1.21339,1.20953,1.21094,1433
2020-12-09,1.21095,1.21475,1.20587,1.20784,1435
2020-12-10,1.20784,1.21588,1.20784,1.21433,1421
2020-12-11,1.21434,1.21629,1.21053,1.21086,1319
2020-12-13,1.21367,1.21435,1.21324,1.21331,120
2020-12-14,1.21331,1.21767,1.21155,1.21486,1431
2020-12-15,1.21485,1.21689,1.2121,1.21543,1426
2020-12-16,1.21543,1.22121,1.2125,1.21961,1435
2020-12-17,1.21961,1.22726,1.21898,1.22614,1436
2020-12-18,1.22613,1.22687,1.22255,1.22559,1318
2020-12-20,1.2221,1.22348,1.22113,1.22118,116
2020-12-21,1.22118,1.22529,1.21296,1.22346,1432
2020-12-22,1.22347,1.2257,1.2152,1.21872,1434
2020-12-23,1.21871,1.2221,1.21538,1.21939,1428
2020-12-24,1.2194,1.22156,1.21773,1.2182,1394
2020-12-25,1.21816,1.22031,1.21709,1.21922,460
2020-12-27,1.2186,1.22072,1.21811,1.22038,109
2020-12-28,1.22039,1.22502,1.21811,1.22196,1425
2020-12-29,1.22196,1.2275,1.22193,1.22519,1423
2020-12-30,1.2252,1.23101,1.22511,1.22984,1436
2020-12-31,1.22986,1.23092,1.22091,1.22153,1319
2021-01-03,1.22396,1.22527,1.22296,1.225,115
2021-01-04,1.22499,1.23096,1.22385,1.22525,1438
2021-01-05,1.22525,1.23056,1.2247,1.22984,1433
2021-01-06,1.22985,1.23494,1.22655,1.23382,1433
2021-01-07,1.23384,1.23443,1.2245,1.22691,1434
2021-01-08,1.2269,1.22845,1.21929,1.22174,1320
2021-01-10,1.22175,1.22284,1.21821,1.2187,118
2021-01-11,1.21869,1.21998,1.21321,1.21605,1434
2021-01-12,1.21605,1.22097,1.21371,1.22085,1434
2021-01-13,1.22087,1.22227,1.21399,1.21619,1438
2021-01-14,1.21618,1.21784,1.2111,1.21506,1431
2021-01-15,1.21505,1.21624,1.20747,1.20748,1319
2021-01-17,1.20838,1.20865,1.2066,1.20662,112
2021-01-18,1.20661,1.20867,1.20535,1.20776,1418
2021-01-19,1.20775,1.21448,1.20772,1.21391,1435
2021-01-20,1.21392,1.21581,1.20767,1.21144,1425
2021-01-21,1.21145,1.2173,1.21093,1.21654,1434
2021-01-22,1.21654,1.21894,1.21515,1.21667,1319
2021-01-24,1.21688,1.21716,1.21622,1.21668,116
2021-01-25,1.2167,1.21832,1.21158,1.21426,1431
2021-01-26,1.21427,1.21758,1.21076,1.21632,1428
2021-01-27,1.21632,1.21696,1.20585,1.21027,1434
2021-01-28,1.21028,1.21424,1.20807,1.21209,1437
2021-01-29,1.21209,1.2156,1.20944,1.21298,1320
2021-01-31,1.21297,1.21326,1.21204,1.21227,119
2021-02-01,1.21225,1.21363,1.2056,1.20676,1434
2021-02-02,1.20676,1.20877,1.20115,1.20365,1439
2021-02-03,1.20365,1.205,1.2004,1.20412,1433
2021-02-04,1.20413,1.20427,1.19574,1.19662,1425
2021-02-05,1.19659,1.20498,1.19522,1.20481,1319
2021-02-07,1.20375,1.2055,1.20356,1.20483,119
2021-02-08,1.20484,1.2066,1.20196,1.20522,1412
2021-02-09,1.20522,1.21218,1.20491,1.21161,1435
2021-02-10,1.21162,1.2144,1.21088,1.2119,1430
2021-02-11,1.21189,1.21494,1.21134,1.21304,1423
2021-02-12,1.21306,1.21332,1.20815,1.21177,1313
2021-02-14,1.21244,1.21251,1.21191,1.21204,112
2021-02-15,1.21206,1.21451,1.21167,1.2132,1418
2021-02-16,1.21319,1.21693,1.20859,1.2088,1434
2021-02-17,1.20879,1.20982,1.20232,1.20455,1435
2021-02-18,1.20454,1.20958,1.20355,1.20917,1432
2021-02-19,1.20917,1.21444,1.20823,1.21167,1315
2021-02-21,1.21151,1.21292,1.21141,1.21247,117
2021-02-22,1.21246,1.21693,1.20911,1.21638,1429
2021-02-23,1.21637,1.21801,1.21353,1.21506,1426
2021-02-24,1.21506,1.21745,1.21092,1.21693,1437
2021-02-25,1.21696,1.22433,1.21559,1.21577,1437
2021-02-26,1.21579,1.21826,1.20621,1.20704,1320
2021-02-28,1.20702,1.20919,1.20699,1.20903,119
2021-03-01,1.20905,1.21011,1.20276,1.20484,1429
2021-03-02,1.20485,1.20943,1.19916,1.20848,1437
2021-03-03,1.2085,1.21132,1.20427,1.20464,1428
2021-03-04,1.20463,1.2063,1.19605,1.19672,1435
2021-03-05,1.19671,1.19687,1.18932,1.19128,1320
2021-03-07,1.19177,1.19319,1.19168,1.19263,113
2021-03-08,1.19262,1.19321,1.18442,1.18508,1429
2021-03-09,1.18509,1.19156,1.18355,1.18967,1435
2021-03-10,1.18967,1.19296,1.18688,1.19242,1435
2021-03-11,1.19242,1.19899,1.19156,1.19808,1428
2021-03-12,1.19809,1.19884,1.19099,1.19476,1320
2021-03-14,1.19451,1.19561,1.19433,1.19511,235
2021-03-15,1.1951,1.19674,1.1911,1.19227,1437
2021-03-16,1.19226,1.19518,1.18819,1.19012,1430
2021-03-17,1.19011,1.19877,1.18861,1.19854,1429
2021-03-18,1.19854,1.19888,1.19041,1.19072,1432
2021-03-19,1.19072,1.19371,1.18738,1.19031,1200
2021-03-21,1.18712,1.18924,1.18708,1.1885,238
2021-03-22,1.18851,1.19468,1.18744,1.19334,1435
2021-03-23,1.19335,1.19369,1.1836,1.18425,1431
2021-03-24,1.18426,1.18508,1.18089,1.18175,1431
2021-03-25,1.18175,1.18277,1.17617,1.17819,1433
2021-03-26,1.17818,1.18049,1.17717,1.17918,1195
2021-03-28,1.17917,1.17935,1.17888,1.17908,105
2021-03-29,1.17874,1.17939,1.17606,1.17685,1428
2021-03-30,1.17684,1.17737,1.17112,1.17231,1426
2021-03-31,1.1723,1.17598,1.1704,1.1727,1436
2021-04-01,1.17271,1.17825,1.17125,1.17772,1418
2021-04-02,1.17772,1.17866,1.1749,1.17603,1249
2021-04-04,1.17544,1.17678,1.17532,1.17676,173
2021-04-05,1.17674,1.18194,1.17379,1.18169,1403
2021-04-06,1.18168,1.18776,1.17951,1.18737,1429
2021-04-07,1.18737,1.19147,1.18608,1.18723,1426
2021-04-08,1.18724,1.19274,1.18609,1.19153,1423
2021-04-09,1.19151,1.19201,1.18669,1.18977,1248
2021-04-11,1.18903,1.19038,1.18901,1.18958,178
2021-04-12,1.18957,1.1919,1.1871,1.19115,1424
2021-04-13,1.19117,1.19557,1.18776,1.19538,1429
2021-04-14,1.19541,1.19872,1.19509,1.19832,1406
2021-04-15,1.1983,1.19932,1.1956,1.19692,1413
2021-04-16,1.19692,1.19946,1.19503,1.19805,1251
2021-04-18,1.19722,1.19771,1.19679,1.19689,174
2021-04-19,1.19688,1.2048,1.19424,1.20424,1432
2021-04-20,1.20424,1.20797,1.20224,1.20324,1402
2021-04-21,1.20323,1.20436,1.19985,1.20372,1406
2021-04-22,1.20372,1.20694,1.19936,1.20143,1426
2021-04-23,1.20144,1.20999,1.20127,1.20938,1256
2021-04-25,1.20913,1.20981,1.20888,1.20892,176
2021-04-26,1.20893,1.21167,1.20608,1.20793,1411
2021-04-27,1.20794,1.20927,1.20567,1.20892,1430
2021-04-28,1.2089,1.21353,1.2056,1.21348,1427
2021-04-29,1.2135,1.21498,1.21021,1.21245,1415
2021-04-30,1.21243,1.21265,1.20165,1.20169,1256
2021-05-02,1.20309,1.20328,1.20245,1.20271,171
2021-05-03,1.20272,1.2076,1.2013,1.20588,1388
2021-05-04,1.2059,1.20598,1.19989,1.20144,1420
2021-05-05,1.20145,1.20265,1.19859,1.20074,1396
2021-05-06,1.20076,1.20716,1.19929,1.20651,1426
2021-05-07,1.20651,1.21713,1.20527,1.21615,1257
2021-05-09,1.21601,1.21769,1.216,1.21704,179
2021-05-10,1.21704,1.21782,1.21271,1.21405,1418
2021-05-11,1.21406,1.21815,1.2123,1.2144,1426
2021-05-12,1.21441,1.2152,1.20655,1.20777,1425
2021-05-13,1.20776,1.2106,1.20514,1.20767,1424
2021-05-14,1.20768,1.21477,1.20708,1.2142,1258
2021-05-16,1.2145,1.21511,1.21368,1.21498,170
2021-05-17,1.21497,1.21687,1.21259,1.21563,1415
2021-05-18,1.21561,1.22339,1.21534,1.22223,1423
2021-05-19,1.22225,1.22451,1.21598,1.21704,1421
2021-05-20,1.21704,1.223,1.21689,1.22249,1427
2021-05-21,1.2225,1.22396,1.21607,1.21778,1257
2021-05-23,1.21778,1.21843,1.21722,1.21805,174
2021-05-24,1.21805,1.22298,1.21749,1.2214,1436
2021-05-25,1.2214,1.22664,1.22113,1.22468,1429
2021-05-26,1.22468,1.22629,1.2182,1.2192,1433
2021-05-27,1.2192,1.22149,1.21751,1.21927,1426
2021-05-28,1.21927,1.22048,1.21325,1.21905,1259
2021-05-30,1.2199,1.21998,1.2189,1.21892,172
2021-05-31,1.21893,1.22042,1.21845,1.21988,240
2021-06-01,1.22325,1.22542,1.2211,1.22174,1416
2021-06-02,1.22172,1.22265,1.2164,1.22094,1416
2021-06-03,1.22094,1.22141,1.21181,1.213,1416
2021-06-04,1.21299,1.21856,1.21039,1.21644,1257
2021-06-06,1.21601,1.21676,1.21596,1.21666,160
2021-06-07,1.21665,1.22017,1.21448,1.21905,1420
2021-06-08,1.21905,1.21941,1.21642,1.21724,1414
2021-06-09,1.21725,1.22179,1.21714,1.21784,1411
2021-06-10,1.21782,1.21945,1.21433,1.21725,1418
2021-06-11,1.21726,1.21929,1.20925,1.21072,1254
2021-06-13,1.21045,1.21121,1.21027,1.21095,171
2021-06-14,1.21096,1.21305,1.20942,1.21218,1400
2021-06-15,1.21218,1.21473,1.21013,1.21245,1417
2021-06-16,1.21246,1.21347,1.19865,1.1995,1433
2021-06-17,1.19949,1.20062,1.18916,1.1913,1438
2021-06-18,1.19129,1.19249,1.18472,1.18592,1260
2021-06-20,1.18542,1.18754,1.18542,1.18705,178
2021-06-21,1.18703,1.19213,1.18476,1.19119,1439
2021-06-22,1.19119,1.19526,1.18808,1.19364,1430
2021-06-23,1.19364,1.197,1.19113,1.19296,1431
2021-06-24,1.19297,1.19562,1.19176,1.19278,1423
2021-06-25,1.19278,1.19751,1.19261,1.19347,1258
2021-06-27,1.19296,1.19419,1.19296,1.19414,170
2021-06-28,1.19415,1.19444,1.19022,1.19286,1431
2021-06-29,1.19287,1.19295,1.18775,1.19002,1425
2021-06-30,1.19003,1.1909,1.1845,1.18558,1423
2021-07-01,1.18559,1.18842,1.18373,1.18457,1432
2021-07-02,1.18455,1.18741,1.1807,1.18622,1250
2021-07-04,1.18598,1.18685,1.18555,1.18556,169
2021-07-05,1.18556,1.18804,1.18513,1.18624,1424
2021-07-06,1.18623,1.18951,1.18068,1.18221,1430
2021-07-07,1.18222,1.18364,1.17815,1.17929,1435
2021-07-08,1.17928,1.18678,1.17834,1.18463,1428
2021-07-09,1.18463,1.1881,1.18249,1.1871,1257
2021-07-11,1.18751,1.18768,1.1865,1.18722,169
2021-07-12,1.18722,1.18802,1.1836,1.18627,1421
2021-07-13,1.18627,1.18751,1.17721,1.17748,1431
2021-07-14,1.17747,1.18387,1.17717,1.18329,1434
2021-07-15,1.18329,1.18506,1.17962,1.18112,1435
2021-07-16,1.18114,1.18221,1.17921,1.18047,1259
2021-07-18,1.18054,1.18138,1.18033,1.18125,169
2021-07-19,1.18125,1.18244,1.17636,1.17917,1417
2021-07-20,1.17917,1.18024,1.17555,1.17813,1427
2021-07-21,1.17811,1.18046,1.17518,1.17922,1424
2021-07-22,1.17925,1.18304,1.17572,1.17722,1417
2021-07-23,1.17722,1.17865,1.17544,1.17683,1257
2021-07-25,1.17681,1.17743,1.17671,1.17728,155
2021-07-26,1.17729,1.18172,1.17632,1.18047,1434
2021-07-27,1.18046,1.18409,1.17698,1.18203,1427
2021-07-28,1.18205,1.18494,1.17721,1.18454,1434
2021-07-29,1.18453,1.18942,1.18406,1.18903,1432
2021-07-30,1.18902,1.19085,1.18515,1.18667,1256
2021-08-01,1.18641,1.18694,1.18621,1.18661,164
2021-08-02,1.18662,1.18968,1.18587,1.1874,1421
2021-08-03,1.18738,1.18932,1.18535,1.18694,1415
2021-08-04,1.18693,1.18996,1.18326,1.18371,1423
2021-08-05,1.18373,1.18572,1.1828,1.18332,1414
2021-08-06,1.18332,1.18333,1.17543,1.17596,1245
2021-08-08,1.1758,1.1761,1.17422,1.17474,176
2021-08-09,1.17477,1.17689,1.17344,1.1736,1395
2021-08-10,1.17359,1.17427,1.17095,1.17195,1419
2021-08-11,1.17195,1.17541,1.17059,1.17417,1412
2021-08-12,1.17415,1.17481,1.17236,1.17356,1412
2021-08-13,1.17357,1.18045,1.17302,1.17933,1251
2021-08-15,1.17934,1.18007,1.17915,1.1794,158
2021-08-16,1.17939,1.18006,1.17672,1.17776,1393
2021-08-17,1.17776,1.17846,1.17017,1.17091,1426
2021-08-18,1.17092,1.17427,1.16936,1.17026,1431
2021-08-19,1.17027,1.17041,1.16656,1.16763,1419
2021-08-20,1.16762,1.17044,1.16638,1.16951,1253
2021-08-22,1.16935,1.17008,1.16925,1.16968,156
2021-08-23,1.16969,1.17501,1.1695,1.17441,1417
2021-08-24,1.17439,1.1765,1.17272,1.17526,1388
2021-08-25,1.17527,1.17745,1.1726,1.17717,1416
2021-08-26,1.17716,1.17789,1.17458,1.17533,1413
2021-08-27,1.17534,1.18022,1.17348,1.1791,1255
2021-08-29,1.17937,1.18003,1.17898,1.17983,171
2021-08-30,1.17982,1.18097,1.17827,1.17965,1405
2021-08-31,1.17961,1.1845,1.17952,1.18098,1420
2021-09-01,1.18098,1.18571,1.17935,1.18407,1402
2021-09-02,1.18407,1.1876,1.18342,1.18736,1411
2021-09-03,1.18736,1.1909,1.18655,1.18773,1257
2021-09-05,1.1876,1.18862,1.1876,1.18854,171
2021-09-06,1.18854,1.18857,1.18557,1.18731,1419
2021-09-07,1.1873,1.18851,1.18358,1.18429,1425
2021-09-08,1.18428,1.18511,1.18019,1.18188,1425
2021-09-09,1.18186,1.18412,1.18051,1.1823,1424
2021-09-10,1.1823,1.1851,1.18092,1.18101,1259
2021-09-12,1.18111,1.18157,1.18087,1.18115,163
2021-09-13,1.18114,1.18169,1.177,1.18096,1404
2021-09-14,1.18095,1.18458,1.18,1.18023,1412
2021-09-15,1.18024,1.18318,1.17991,1.1819,1417
2021-09-16,1.18189,1.18204,1.17504,1.17648,1423
2021-09-17,1.17647,1.17888,1.17235,1.17239,1255
2021-09-19,1.17288,1.17305,1.17232,1.17292,167
2021-09-20,1.17293,1.17364,1.17001,1.17266,1423
2021-09-21,1.17267,1.17486,1.17147,1.17228,1425
2021-09-22,1.17228,1.17555,1.16843,1.1687,1429
2021-09-23,1.16871,1.175,1.16834,1.17398,1432
2021-09-24,1.17397,1.17476,1.17005,1.17181,1253
2021-09-26,1.17253,1.17261,1.1716,1.17224,172
2021-09-27,1.17224,1.1725,1.16846,1.16956,1418
2021-09-28,1.16956,1.17031,1.16682,1.1686,1424
2021-09-29,1.16858,1.169,1.15894,1.16014,1428
2021-09-30,1.16015,1.16096,1.15624,1.15736,1436
2021-10-01,1.15735,1.16072,1.15628,1.15923,1255
2021-10-03,1.15954,1.1611,1.15931,1.16065,177
2021-10-04,1.16065,1.164,1.15876,1.1616,1427
2021-10-05,1.16161,1.16198,1.15804,1.15955,1423
2021-10-06,1.15954,1.15977,1.15291,1.15549,1425
2021-10-07,1.15548,1.1572,1.15474,1.15592,1423
2021-10-08,1.15591,1.15861,1.15413,1.15721,1253
2021-10-10,1.15674,1.15759,1.15636,1.15653,179
2021-10-11,1.15655,1.15867,1.15478,1.15532,1430
2021-10-12,1.15533,1.15703,1.15242,1.15304,1402
2021-10-13,1.15305,1.15994,1.15299,1.15968,1417
2021-10-14,1.15966,1.16242,1.15839,1.15903,1426
2021-10-15,1.15903,1.16185,1.15881,1.15983,1254
2021-10-17,1.15903,1.16052,1.15903,1.15963,176
2021-10-18,1.15965,1.16223,1.15717,1.16131,1416
2021-10-19,1.16133,1.16693,1.1613,1.16313,1427
2021-10-20,1.16313,1.16586,1.16168,1.16523,1419
2021-10-21,1.16522,1.16674,1.16194,1.16246,1420
2021-10-22,1.16249,1.16556,1.1621,1.16395,1257
2021-10-24,1.16382,1.1645,1.16356,1.16391,173
2021-10-25,1.16393,1.16649,1.15907,1.16087,1401
2021-10-26,1.16087,1.16257,1.15848,1.15962,1423
2021-10-27,1.15962,1.16259,1.15849,1.15982,1421
2021-10-28,1.15984,1.16921,1.15821,1.16821,1429
2021-10-29,1.16821,1.16899,1.1535,1.15529,1258
2021-10-31,1.15576,1.15642,1.15513,1.15551,237
2021-11-01,1.15551,1.1609,1.1546,1.15969,1427
2021-11-02,1.1597,1.16133,1.15748,1.15797,1421
2021-11-03,1.15797,1.16164,1.15622,1.16123,1430
2021-11-04,1.16124,1.16125,1.15282,1.15512,1431
2021-11-05,1.15514,1.15731,1.15132,1.15631,1199
2021-11-07,1.15566,1.15698,1.15559,1.15682,116
2021-11-08,1.15681,1.15949,1.15503,1.15877,1426
2021-11-09,1.15877,1.16087,1.15698,1.1594,1436
2021-11-10,1.1594,1.15952,1.14759,1.14856,1432
2021-11-11,1.14856,1.14875,1.14428,1.14474,1434
2021-11-12,1.14477,1.1462,1.14328,1.14413,1314
2021-11-14,1.14473,1.14473,1.14411,1.14412,115
2021-11-15,1.1441,1.14638,1.13562,1.13668,1437
2021-11-16,1.1367,1.13856,1.13089,1.13179,1437
2021-11-17,1.1318,1.13321,1.12635,1.13178,1439
2021-11-18,1.13178,1.1374,1.13137,1.13676,1437
2021-11-19,1.13677,1.13692,1.12499,1.12794,1312
2021-11-21,1.12873,1.12907,1.12715,1.12752,117
2021-11-22,1.12752,1.12904,1.12306,1.12417,1439
2021-11-23,1.12415,1.1275,1.12259,1.12445,1435
2021-11-24,1.12444,1.12552,1.11859,1.12025,1427
2021-11-25,1.12025,1.12296,1.12025,1.12091,1428
2021-11-26,1.12091,1.13301,1.12067,1.13071,1320
2021-11-28,1.13004,1.13134,1.12803,1.12925,120
2021-11-29,1.12925,1.13003,1.12583,1.12925,1438
2021-11-30,1.12925,1.13828,1.12349,1.13299,1439
2021-12-01,1.13298,1.13596,1.13025,1.13187,1440
2021-12-02,1.13189,1.13476,1.12953,1.13057,1435
2021-12-03,1.13057,1.13333,1.12665,1.13117,1318
2021-12-05,1.13046,1.13129,1.13014,1.1304,119
2021-12-06,1.1304,1.13101,1.12663,1.12834,1434
2021-12-07,1.12833,1.12984,1.12275,1.12723,1431
2021-12-08,1.12725,1.13547,1.12667,1.13441,1436
2021-12-09,1.13441,1.13442,1.12783,1.12936,1430
2021-12-10,1.12935,1.13239,1.12651,1.13146,1317
2021-12-12,1.131,1.13192,1.13038,1.13106,104
2021-12-13,1.13106,1.1314,1.126,1.12834,1430
2021-12-14,1.12834,1.13238,1.12535,1.12575,1424
2021-12-15,1.12575,1.12991,1.12215,1.12902,1429
2021-12-16,1.12903,1.13603,1.12811,1.13336,1437
2021-12-17,1.13335,1.13488,1.1235,1.1237,1320
2021-12-19,1.12371,1.12439,1.12344,1.12428,114
2021-12-20,1.12426,1.13037,1.12363,1.12771,1431
2021-12-21,1.12771,1.13026,1.12607,1.12871,1432
2021-12-22,1.12872,1.13423,1.12644,1.13265,1430
2021-12-23,1.13263,1.13422,1.129,1.13228,1428
2021-12-24,1.13227,1.13433,1.13031,1.13102,1312
2021-12-26,1.13101,1.1326,1.13076,1.13231,111
2021-12-27,1.13233,1.13344,1.13028,1.13294,1412
2021-12-28,1.13293,1.13331,1.12895,1.1313,1423
2021-12-29,1.13131,1.13688,1.12737,1.13595,1417
2021-12-30,1.13595,1.13597,1.12984,1.13222,1433
2021-12-31,1.13219,1.13863,1.13032,1.13686,1298
2022-01-02,1.1369,1.13782,1.13649,1.13727,114
2022-01-03,1.13726,1.13755,1.12797,1.13017,1425
2022-01-04,1.13016,1.13224,1.12721,1.12827,1435
2022-01-05,1.12826,1.13463,1.12769,1.13105,1435
2022-01-06,1.13104,1.13318,1.12845,1.12949,1433
2022-01-07,1.12947,1.13647,1.12899,1.13593,1312
2022-01-09,1.13515,1.13602,1.13497,1.13534,117
2022-01-10,1.13533,1.1358,1.12847,1.13299,1427
2022-01-11,1.13297,1.13752,1.1313,1.13658,1429
2022-01-12,1.13657,1.14526,1.13547,1.14394,1427
2022-01-13,1.14393,1.14817,1.14357,1.14564,1439
2022-01-14,1.14564,1.14827,1.13984,1.1409,1317
2022-01-16,1.14118,1.14156,1.14056,1.14112,115
2022-01-17,1.14111,1.14344,1.13917,1.141,1409
2022-01-18,1.14099,1.14214,1.13146,1.13286,1433
2022-01-19,1.13289,1.13571,1.13187,1.13429,1438
2022-01-20,1.13427,1.13688,1.13031,1.13128,1440
2022-01-21,1.13129,1.13596,1.13009,1.13418,1319
2022-01-23,1.13396,1.1345,1.13365,1.13409,119
2022-01-24,1.1341,1.1341,1.12904,1.13236,1426
2022-01-25,1.13235,1.1324,1.12631,1.13028,1438
2022-01-26,1.13028,1.13107,1.12354,1.12405,1432
2022-01-27,1.12405,1.12432,1.11312,1.11445,1433
2022-01-28,1.11446,1.11735,1.11213,1.1145,1320
2022-01-30,1.11422,1.11524,1.1138,1.11519,116
2022-01-31,1.11519,1.12478,1.1144,1.12292,1424
2022-02-01,1.12293,1.12786,1.12209,1.1273,1429
2022-02-02,1.12728,1.133,1.12665,1.12992,1419
2022-02-03,1.12992,1.14514,1.12672,1.14355,1438
2022-02-04,1.14352,1.14837,1.14115,1.14477,1320
2022-02-06,1.14638,1.14646,1.14513,1.14544,120
2022-02-07,1.14545,1.14587,1.14151,1.1441,1438
2022-02-08,1.14411,1.14487,1.13961,1.14205,1434
2022-02-09,1.14208,1.14477,1.14024,1.14211,1433
2022-02-10,1.14211,1.14948,1.13748,1.14112,1435
2022-02-11,1.1411,1.1418,1.13296,1.13463,1319
2022-02-13,1.13369,1.13672,1.13365,1.13643,120
2022-02-14,1.13642,1.1369,1.12799,1.13056,1433
2022-02-15,1.13057,1.13681,1.13031,1.13551,1430
2022-02-16,1.1355,1.13957,1.13449,1.13728,1435
2022-02-17,1.13726,1.1386,1.1323,1.13637,1438
2022-02-18,1.13636,1.13769,1.1314,1.13203,1317
2022-02-20,1.13186,1.13253,1.13131,1.13164,119
2022-02-21,1.1317,1.13905,1.12963,1.13092,1437
2022-02-22,1.13092,1.13667,1.1288,1.13287,1435
2022-02-23,1.13286,1.13588,1.13001,1.13053,1435
2022-02-24,1.13055,1.1306,1.11062,1.11905,1433
2022-02-25,1.11906,1.12739,1.11659,1.12719,1320
2022-02-27,1.11237,1.11882,1.11225,1.118,120
2022-02-28,1.11801,1.12464,1.11421,1.12141,1433
2022-03-01,1.1214,1.12329,1.10896,1.11322,1435
2022-03-02,1.11321,1.11437,1.10573,1.11123,1438
2022-03-03,1.11119,1.11152,1.10334,1.10656,1436
2022-03-04,1.10656,1.10665,1.08856,1.09311,1320
2022-03-06,1.09199,1.09287,1.08634,1.08736,119
2022-03-07,1.08734,1.09325,1.08059,1.0866,1439
2022-03-08,1.0866,1.09582,1.08489,1.08978,1436
2022-03-09,1.08984,1.10951,1.08965,1.10733,1438
2022-03-10,1.10732,1.11212,1.0976,1.10133,1438
2022-03-11,1.10132,1.10435,1.09018,1.09099,1320
2022-03-13,1.09205,1.09387,1.09099,1.0929,238
2022-03-14,1.09293,1.09938,1.09005,1.09502,1440
2022-03-15,1.09502,1.10196,1.0926,1.09569,1439
2022-03-16,1.09568,1.10523,1.095,1.10513,1440
2022-03-17,1.10514,1.11375,1.10219,1.10995,1438
2022-03-18,1.10996,1.11036,1.1003,1.10492,1200
2022-03-20,1.10561,1.10584,1.10374,1.10451,239
2022-03-21,1.1045,1.10701,1.0981,1.09865,1433
2022-03-22,1.09864,1.10457,1.09608,1.10251,1438
2022-03-23,1.10253,1.10397,1.09639,1.10024,1438
2022-03-24,1.10024,1.10134,1.09659,1.10089,1429
2022-03-25,1.10089,1.10376,1.09797,1.09805,1200
2022-03-27,1.09845,1.09869,1.09793,1.09811,115
2022-03-28,1.09814,1.09995,1.09446,1.09911,1431
2022-03-29,1.09911,1.1137,1.0969,1.10909,1435
2022-03-30,1.1091,1.1171,1.10878,1.11613,1434
2022-03-31,1.11611,1.11848,1.10608,1.10726,1428
2022-04-01,1.10727,1.10757,1.10279,1.10427,1259
2022-04-03,1.10301,1.10456,1.10301,1.10454,177
2022-04-04,1.10458,1.10544,1.09603,1.09749,1431
2022-04-05,1.09748,1.09886,1.09,1.09058,1432
2022-04-06,1.09058,1.09379,1.08745,1.08975,1432
2022-04-07,1.08975,1.09383,1.08602,1.0864,1430
2022-04-08,1.08638,1.08917,1.08364,1.08744,1258
2022-04-10,1.09202,1.09202,1.08841,1.08841,180
2022-04-11,1.08842,1.09332,1.08727,1.08769,1436
2022-04-12,1.08769,1.09036,1.08211,1.0826,1430
2022-04-13,1.08259,1.08973,1.08088,1.0895,1438
2022-04-14,1.08951,1.09233,1.07575,1.08209,1436
2022-04-15,1.08211,1.08236,1.07964,1.08057,1258
2022-04-17,1.08029,1.08216,1.08009,1.08139,174
2022-04-18,1.08138,1.08156,1.07698,1.07799,1437
2022-04-19,1.07799,1.08145,1.0761,1.07941,1437
2022-04-20,1.07942,1.0867,1.07838,1.08493,1439
2022-04-21,1.08491,1.09362,1.08234,1.08349,1439
2022-04-22,1.08349,1.08515,1.07707,1.07947,1260
2022-04-24,1.08041,1.08153,1.0796,1.08093,176
2022-04-25,1.08093,1.08119,1.06966,1.07124,1432
2022-04-26,1.07124,1.07386,1.06348,1.06424,1436
2022-04-27,1.06425,1.06546,1.05145,1.05541,1435
2022-04-28,1.05541,1.05647,1.0471,1.05029,1426
2022-04-29,1.05032,1.05928,1.05019,1.05409,1260
2022-05-01,1.05444,1.05597,1.05343,1.05349,174
2022-05-02,1.05347,1.05682,1.04901,1.05096,1434
2022-05-03,1.05095,1.05776,1.04921,1.05251,1429
2022-05-04,1.05252,1.06309,1.05059,1.06202,1432
2022-05-05,1.06206,1.06417,1.04925,1.05394,1436
2022-05-06,1.05394,1.05988,1.04826,1.05452,1260
2022-05-08,1.05398,1.05426,1.05307,1.0532,173
2022-05-09,1.05319,1.05924,1.04951,1.05631,1438
2022-05-10,1.05633,1.05852,1.05253,1.05289,1431
2022-05-11,1.05289,1.05771,1.05017,1.05117,1438
2022-05-12,1.05116,1.05292,1.03539,1.03784,1433
2022-05-13,1.03783,1.04195,1.03496,1.04116,1259
2022-05-15,1.03952,1.04138,1.03906,1.0398,175
2022-05-16,1.03984,1.0443,1.03889,1.0439,1429
2022-05-17,1.0439,1.05556,1.04318,1.05487,1422
2022-05-18,1.05485,1.05636,1.04597,1.04729,1431
2022-05-19,1.04729,1.0607,1.0465,1.05795,1433
2022-05-20,1.05795,1.0599,1.05328,1.0561,1260
2022-05-22,1.05601,1.05777,1.05552,1.05689,177
2022-05-23,1.05688,1.06973,1.05679,1.06837,1430
2022-05-24,1.06836,1.07485,1.06608,1.07326,1430
2022-05-25,1.07326,1.07365,1.06421,1.06869,1434
2022-05-26,1.06866,1.07344,1.06624,1.07324,1431
2022-05-27,1.07324,1.0765,1.06968,1.07317,1260
2022-05-29,1.07347,1.0736,1.07261,1.0729,179
2022-05-30,1.07291,1.07867,1.07267,1.07729,1429
2022-05-31,1.07731,1.07744,1.06789,1.0734,1433
2022-06-01,1.0734,1.07393,1.06271,1.06509,1431
2022-06-02,1.06509,1.0751,1.06447,1.075,1434
2022-06-03,1.075,1.07643,1.0704,1.07169,1259
2022-06-05,1.07167,1.07298,1.07117,1.07252,167
2022-06-06,1.07254,1.07518,1.06838,1.06896,1439
2022-06-07,1.06896,1.07142,1.06519,1.06972,1431
2022-06-08,1.06975,1.07484,1.06713,1.07168,1436
2022-06-09,1.07168,1.07738,1.0611,1.0619,1438
2022-06-10,1.0619,1.06422,1.05057,1.05137,1260
2022-06-12,1.0513,1.05201,1.04861,1.04907,171
2022-06-13,1.04907,1.04955,1.03997,1.04148,1435
2022-06-14,1.04148,1.04846,1.0397,1.04367,1436
2022-06-15,1.04368,1.05077,1.0359,1.04573,1427
2022-06-16,1.04573,1.06014,1.03808,1.05464,1436
2022-06-17,1.05465,1.0552,1.04444,1.04934,1260
2022-06-19,1.04731,1.04926,1.04729,1.04898,179
2022-06-20,1.04897,1.05458,1.04848,1.05172,1428
2022-06-21,1.05173,1.05824,1.05131,1.05312,1423
2022-06-22,1.05311,1.06057,1.04687,1.05646,1430
2022-06-23,1.05646,1.0581,1.04826,1.05192,1435
2022-06-24,1.05192,1.05712,1.0512,1.05519,1260
2022-06-26,1.05479,1.05746,1.05457,1.05665,175
2022-06-27,1.05665,1.0615,1.05502,1.05797,1440
2022-06-28,1.05797,1.06061,1.05032,1.0522,1428
2022-06-29,1.05219,1.05354,1.04352,1.04456,1433
2022-06-30,1.04456,1.04887,1.03824,1.04783,1437
2022-07-01,1.04783,1.04783,1.03658,1.04262,1259
2022-07-03,1.04174,1.0437,1.04142,1.04322,174
2022-07-04,1.04322,1.04627,1.0417,1.04326,1432
2022-07-05,1.04325,1.04485,1.0235,1.02565,1437
2022-07-06,1.02564,1.02765,1.01614,1.01843,1434
2022-07-07,1.01841,1.02209,1.01439,1.01683,1426
2022-07-08,1.01682,1.01912,1.0072,1.01822,1260
2022-07-10,1.01697,1.01834,1.01648,1.01672,167
2022-07-11,1.01674,1.01675,1.00336,1.00458,1438
2022-07-12,1.00456,1.00738,0.99999,1.003,1437
2022-07-13,1.003,1.01222,0.99979,1.00342,1438
2022-07-14,1.00341,1.00503,0.99521,1.00263,1433
2022-07-15,1.00263,1.00979,1.00068,1.00821,1260
2022-07-17,1.00811,1.00978,1.00785,1.00972,177
2022-07-18,1.00972,1.02011,1.00812,1.01463,1438
2022-07-19,1.01464,1.0269,1.01195,1.02307,1437
2022-07-20,1.02308,1.02729,1.01553,1.01807,1437
2022-07-21,1.01808,1.02781,1.01531,1.022,1439
2022-07-22,1.022,1.02553,1.01297,1.02119,1260
2022-07-24,1.02083,1.02185,1.01989,1.01991,164
2022-07-25,1.01992,1.02578,1.01784,1.02229,1434
2022-07-26,1.02229,1.025,1.01074,1.01285,1437
2022-07-27,1.01285,1.02206,1.00966,1.02052,1435
2022-07-28,1.02052,1.02343,1.01138,1.01918,1435
2022-07-29,1.0192,1.02542,1.0146,1.02248,1260
2022-07-31,1.02098,1.0224,1.02053,1.02102,176
2022-08-01,1.02102,1.02751,1.02075,1.02627,1435
2022-08-02,1.02629,1.02939,1.01545,1.01563,1429
2022-08-03,1.01562,1.02102,1.01226,1.01565,1440
2022-08-04,1.01563,1.02537,1.01542,1.02472,1439
2022-08-05,1.02472,1.02482,1.01415,1.01825,1260
2022-08-07,1.01726,1.01786,1.01691,1.01719,177
2022-08-08,1.01718,1.02217,1.0159,1.01978,1435
2022-08-09,1.01976,1.02472,1.01885,1.02079,1438
2022-08-10,1.02077,1.03685,1.0202,1.02986,1436
2022-08-11,1.02986,1.03642,1.02752,1.03203,1437
2022-08-12,1.03202,1.03251,1.0238,1.0259,1260
2022-08-14,1.02551,1.02629,1.02534,1.02534,176
2022-08-15,1.02533,1.02682,1.01533,1.01613,1440
2022-08-16,1.01614,1.01948,1.01225,1.01694,1429
2022-08-17,1.01696,1.02029,1.01453,1.01773,1437
2022-08-18,1.01774,1.01929,1.00795,1.00893,1435
2022-08-19,1.00893,1.00954,1.00318,1.00326,1260
2022-08-21,1.00366,1.00404,1.00302,1.0036,176
2022-08-22,1.00361,1.00466,0.9926,0.9938,1438
2022-08-23,0.99381,1.00181,0.99002,0.99662,1438
2022-08-24,0.99661,0.99993,0.99099,0.99677,1440
2022-08-25,0.99677,1.00334,0.9949,0.99706,1438
2022-08-26,0.99704,1.00898,0.99463,0.99623,1260
2022-08-28,0.99657,0.9967,0.99349,0.99359,176
2022-08-29,0.99362,1.00291,0.99141,1.00107,1439
2022-08-30,1.00105,1.00547,0.99818,1.00234,1430
2022-08-31,1.00233,1.0079,0.99712,1.0038,1438
2022-09-01,1.0038,1.00485,0.99107,0.99514,1438
2022-09-02,0.99515,1.00335,0.99449,0.99515,1260
2022-09-04,0.99285,0.99347,0.9903,0.99077,180
2022-09-05,0.99075,0.99518,0.98772,0.995,1433
2022-09-06,0.99501,0.99862,0.98638,0.9897,1440
2022-09-07,0.98971,1.00128,0.98756,0.99976,1436
2022-09-08,0.99981,1.00294,0.99303,1.00097,1434
2022-09-09,1.00096,1.01131,1.00083,1.00425,1260
2022-09-11,1.01039,1.01039,1.00596,1.00702,178
2022-09-12,1.00703,1.01977,1.00629,1.0129,1434
2022-09-13,1.0129,1.0187,0.99554,0.99778,1435
2022-09-14,0.99779,1.00234,0.99595,0.9982,1437
2022-09-15,0.99819,1.00177,0.99556,0.99874,1432
2022-09-16,0.99876,1.00363,0.99448,1.00146,1260
2022-09-18,1.00072,1.00285,1.00047,1.0022,157
2022-09-19,1.00219,1.00322,0.99657,1.00297,1434
2022-09-20,1.00297,1.00504,0.9955,0.9971,1440
2022-09-21,0.9971,0.9975,0.98128,0.98313,1439
2022-09-22,0.98316,0.99074,0.9808,0.98383,1434
2022-09-23,0.98384,0.98517,0.9668,0.96885,1260
2022-09-25,0.96666,0.97098,0.96666,0.96855,180
2022-09-26,0.96854,0.97013,0.95503,0.962,1439
2022-09-27,0.96201,0.96707,0.95689,0.95953,1440
2022-09-28,0.95953,0.97508,0.95357,0.97054,1438
2022-09-29,0.97055,0.98437,0.96353,0.98291,1440
2022-09-30,0.98292,0.98537,0.97346,0.98013,1260
2022-10-02,0.97933,0.98086,0.97891,0.97932,173
2022-10-03,0.97931,0.98445,0.97525,0.98334,1425
2022-10-04,0.98335,0.99995,0.9806,0.99836,1435
2022-10-05,0.99839,0.99947,0.98346,0.99116,1439
2022-10-06,0.99115,0.99264,0.97862,0.97888,1437
2022-10-07,0.97888,0.98167,0.97259,0.97388,1260
2022-10-09,0.97336,0.97395,0.97274,0.97342,162
2022-10-10,0.97343,0.97531,0.96815,0.9711,1435
2022-10-11,0.97112,0.97745,0.96698,0.97004,1439
2022-10-12,0.97004,0.97346,0.96678,0.97046,1437
2022-10-13,0.97046,0.98057,0.96315,0.97671,1440
2022-10-14,0.97669,0.98086,0.9707,0.97182,1260
2022-10-16,0.97201,0.9743,0.97182,0.97395,170
2022-10-17,0.97395,0.9852,0.97197,0.98435,1426
2022-10-18,0.98434,0.98755,0.98124,0.98625,1428
2022-10-19,0.98625,0.98667,0.97571,0.97652,1435
2022-10-20,0.97653,0.98454,0.97544,0.97782,1435
2022-10-21,0.97785,0.98689,0.97048,0.98613,1260
2022-10-23,0.98712,0.9899,0.98308,0.98595,178
2022-10-24,0.98594,0.98935,0.98067,0.98842,1433
2022-10-25,0.98842,0.99768,0.98484,0.99616,1434
2022-10-26,0.99617,1.00934,0.99434,1.00932,1438
2022-10-27,1.00932,1.00934,0.99575,0.99668,1415
2022-10-28,0.99668,0.9998,0.99265,0.99631,1260
2022-10-30,0.99464,0.99647,0.99454,0.9959,228
2022-10-31,0.9959,0.99656,0.98717,0.98853,1439
2022-11-01,0.98851,0.99539,0.98527,0.98872,1437
2022-11-02,0.98872,0.99757,0.98098,0.98208,1432
2022-11-03,0.98207,0.98394,0.97299,0.97526,1433
2022-11-04,0.97527,0.99664,0.97481,0.9956,1196
2022-11-06,0.99036,0.99446,0.99001,0.99281,120
2022-11-07,0.99282,1.0034,0.99175,1.00173,1439
2022-11-08,1.00172,1.00963,0.99715,1.00804,1437
2022-11-09,1.00804,1.0088,0.99927,1.0019,1438
2022-11-10,1.0019,1.02218,0.99354,1.01914,1439
2022-11-11,1.01915,1.0364,1.0163,1.03538,1320
2022-11-13,1.03354,1.03411,1.03141,1.03266,119
2022-11-14,1.03266,1.03584,1.02713,1.03196,1433
2022-11-15,1.03196,1.04808,1.02799,1.03572,1437
2022-11-16,1.03574,1.04384,1.03307,1.03932,1434
2022-11-17,1.03933,1.04065,1.03051,1.03607,1439
2022-11-18,1.03606,1.03959,1.03134,1.03235,1320
2022-11-20,1.03227,1.0333,1.03213,1.03304,119
2022-11-21,1.03304,1.03327,1.02227,1.0245,1438
2022-11-22,1.02451,1.03106,1.02417,1.03104,1439
2022-11-23,1.03105,1.04191,1.02963,1.04175,1438
2022-11-24,1.04178,1.04484,1.03816,1.04074,1424
2022-11-25,1.04074,1.04291,1.03546,1.03926,1320
2022-11-27,1.03716,1.03809,1.03653,1.03666,112
2022-11-28,1.03667,1.04967,1.033,1.03433,1436
2022-11-29,1.03432,1.03942,1.03188,1.03235,1439
2022-11-30,1.03234,1.04299,1.029,1.04229,1439
2022-12-01,1.04228,1.05393,1.03929,1.05278,1438
2022-12-02,1.05278,1.05448,1.0428,1.05325,1320
2022-12-04,1.05303,1.05436,1.05303,1.05433,120
2022-12-05,1.05437,1.05948,1.048,1.04963,1436
2022-12-06,1.04966,1.05326,1.04591,1.04671,1433
2022-12-07,1.04671,1.05496,1.04431,1.05117,1440
2022-12-08,1.05118,1.05647,1.04895,1.05555,1436
2022-12-09,1.05554,1.05881,1.05027,1.05316,1320
2022-12-11,1.05264,1.05372,1.05179,1.05209,119
2022-12-12,1.05209,1.058,1.05057,1.05413,1430
2022-12-13,1.05412,1.06731,1.05278,1.06242,1435
2022-12-14,1.06241,1.0695,1.06187,1.06757,1434
2022-12-15,1.06758,1.07361,1.05921,1.06385,1431
2022-12-16,1.06386,1.0663,1.05839,1.05839,1320
2022-12-18,1.05895,1.05959,1.05824,1.05842,119
2022-12-19,1.05842,1.06578,1.05757,1.06121,1435
2022-12-20,1.0612,1.06584,1.05788,1.0625,1438
2022-12-21,1.0625,1.06455,1.05901,1.06077,1437
2022-12-22,1.06077,1.06593,1.0573,1.0601,1433
2022-12-23,1.0601,1.06328,1.05867,1.06172,1320
2022-12-25,1.06114,1.06237,1.06064,1.06191,91
2022-12-26,1.06196,1.06459,1.05979,1.06397,1363
2022-12-27,1.06398,1.06694,1.06113,1.06369,1435
2022-12-28,1.06369,1.06742,1.06065,1.06288,1435
2022-12-29,1.06287,1.06902,1.06109,1.06601,1431
2022-12-30,1.06602,1.07131,1.06385,1.07054,1318
2023-01-01,1.0697,1.07066,1.06788,1.07005,84
2023-01-02,1.07007,1.07087,1.06499,1.06765,1425
2023-01-03,1.06764,1.06801,1.05194,1.05455,1429
2023-01-04,1.05453,1.06354,1.0545,1.06061,1434
2023-01-05,1.06058,1.06314,1.05148,1.05208,1427
2023-01-06,1.05209,1.0648,1.04823,1.06413,1320
2023-01-08,1.06406,1.06628,1.06381,1.06627,112
2023-01-09,1.06628,1.07605,1.06513,1.07326,1436
2023-01-10,1.07324,1.07592,1.07119,1.07382,1425
2023-01-11,1.07383,1.07762,1.07254,1.07652,1436
2023-01-12,1.07652,1.08668,1.07297,1.08595,1434
2023-01-13,1.08595,1.08679,1.07803,1.08302,1320
2023-01-15,1.08288,1.0835,1.08201,1.08225,113
2023-01-16,1.08224,1.08741,1.08013,1.08294,1423
2023-01-17,1.08294,1.08693,1.07744,1.07893,1440
2023-01-18,1.07891,1.08873,1.07661,1.07972,1437
2023-01-19,1.07974,1.08398,1.07821,1.08333,1433
2023-01-20,1.08332,1.08587,1.08022,1.08549,1320
2023-01-22,1.08678,1.08696,1.08611,1.08643,116
2023-01-23,1.08639,1.09267,1.08461,1.08711,1426
2023-01-24,1.08711,1.08978,1.08349,1.08897,1432
2023-01-25,1.08899,1.09236,1.08571,1.09206,1422
2023-01-26,1.09206,1.09293,1.08505,1.0893,1433
2023-01-27,1.0893,1.09001,1.08377,1.08649,1259
2023-01-29,1.08643,1.08724,1.08595,1.08717,117
2023-01-30,1.08718,1.09137,1.08389,1.08499,1432
2023-01-31,1.085,1.08747,1.08019,1.08606,1438
2023-02-01,1.08605,1.10327,1.0852,1.10124,1433
2023-02-02,1.10123,1.10266,1.08851,1.09043,1414
2023-02-03,1.09044,1.09399,1.07924,1.07929,1320
2023-02-05,1.0782,1.07981,1.07817,1.07891,120
2023-02-06,1.0789,1.07987,1.07092,1.07289,1433
2023-02-07,1.07288,1.07664,1.0669,1.07301,1435
2023-02-08,1.07303,1.07607,1.07092,1.07151,1437
2023-02-09,1.07152,1.07907,1.07093,1.0739,1438
2023-02-10,1.07391,1.07525,1.06661,1.06754,1320
2023-02-12,1.06808,1.06821,1.06708,1.06771,113
2023-02-13,1.06771,1.07322,1.06553,1.07308,1432
2023-02-14,1.07308,1.08044,1.07066,1.0735,1434
2023-02-15,1.07351,1.07443,1.06604,1.06912,1436
2023-02-16,1.06913,1.07222,1.06544,1.06653,1438
2023-02-17,1.06653,1.06982,1.06126,1.06929,1320
2023-02-19,1.06849,1.06933,1.06844,1.06905,54
2023-02-20,1.0684,1.07044,1.06704,1.06848,994
2023-02-21,1.06821,1.0698,1.06397,1.06512,1018
2023-02-22,1.06513,1.06638,1.05989,1.06049,1011
2023-02-23,1.06053,1.06275,1.0579,1.05953,1019
2023-02-24,1.05973,1.06141,1.05359,1.05469,960
2023-02-26,1.05451,1.05483,1.05439,1.05456,57
2023-02-27,1.05533,1.06095,1.05328,1.06057,1015
2023-02-28,1.06094,1.06406,1.05726,1.05788,1019
2023-03-01,1.05767,1.06913,1.05651,1.06684,1020
2023-03-02,1.06684,1.06726,1.05764,1.05977,1004
2023-03-03,1.05982,1.06384,1.05924,1.0635,960
2023-03-05,1.06266,1.06288,1.06232,1.06254,60
2023-03-06,1.06255,1.06942,1.06219,1.06854,1019
2023-03-07,1.06853,1.06943,1.05471,1.05506,995
2023-03-08,1.05482,1.05614,1.05241,1.05424,997
2023-03-09,1.05488,1.059,1.05378,1.05856,1007
2023-03-10,1.05855,1.06873,1.05738,1.06368,960
2023-03-12,1.06808,1.06979,1.0674,1.06815,118
2023-03-13,1.06814,1.07423,1.065,1.07189,1020
2023-03-14,1.07189,1.07486,1.06787,1.07336,1001
2023-03-15,1.07337,1.07597,1.05158,1.05895,987
2023-03-16,1.05895,1.06353,1.05728,1.06182,1020
2023-03-17,1.06181,1.06852,1.06122,1.06647,900
2023-03-19,1.06821,1.06885,1.06661,1.06808,120
2023-03-20,1.06808,1.07295,1.06311,1.07175,1020
2023-03-21,1.07175,1.07825,1.07038,1.07678,1020
2023-03-22,1.07679,1.08925,1.0759,1.08834,1018
2023-03-23,1.08832,1.09296,1.0824,1.08325,1020
2023-03-24,1.08325,1.0837,1.07131,1.07589,840
2023-03-26,1.07752,1.07798,1.07648,1.07774,106
2023-03-27,1.07775,1.08076,1.07449,1.08062,999
2023-03-28,1.08061,1.08485,1.08033,1.08388,1017
2023-03-29,1.0839,1.08713,1.08177,1.08425,1011
2023-03-30,1.08424,1.09262,1.08235,1.09041,1007
2023-03-31,1.0904,1.09257,1.08368,1.08386,960
2023-04-02,1.08398,1.0844,1.08011,1.08023,110
2023-04-03,1.08024,1.09095,1.07882,1.09066,1019
2023-04-04,1.09067,1.09701,1.08828,1.09573,1020
2023-04-05,1.09576,1.09695,1.08962,1.09029,1078
2023-04-06,1.09029,1.09375,1.08845,1.09194,1412
2023-04-09,1.0898,1.09134,1.0898,1.09129,114
2023-04-10,1.09132,1.09171,1.08373,1.08648,1015
2023-04-11,1.08687,1.09279,1.0867,1.09167,1016
2023-04-12,1.09163,1.09988,1.09147,1.0995,1016
2023-04-13,1.09967,1.10676,1.09767,1.10516,1004
2023-04-14,1.10517,1.10758,1.09752,1.09922,960
2023-04-16,1.09888,1.09942,1.09832,1.09843,114
2023-04-17,1.09844,1.09997,1.09116,1.09244,956
2023-04-18,1.09245,1.09828,1.09222,1.09737,1020
2023-04-19,1.09749,1.0984,1.0926,1.09516,1020
2023-04-20,1.09517,1.09849,1.09334,1.09676,1020
2023-04-21,1.09676,1.09936,1.0938,1.09874,959
2023-04-23,1.09866,1.0993,1.09864,1.09922,59
2023-04-24,1.09916,1.1057,1.09658,1.1057,1007
2023-04-25,1.10573,1.1067,1.09641,1.09779,1017
2023-04-26,1.09778,1.10858,1.09683,1.10396,1017
2023-04-27,1.1045,1.10634,1.0992,1.10315,1020
2023-04-28,1.10315,1.10449,1.09723,1.10193,900
2023-04-30,1.10191,1.1022,1.10106,1.10112,60
2023-05-01,1.10106,1.10355,1.09653,1.09739,995
2023-05-02,1.09687,1.10137,1.09422,1.10107,1011
2023-05-03,1.1011,1.10916,1.10048,1.10679,1020
2023-05-04,1.10686,1.10917,1.09952,1.10211,1008
2023-05-05,1.10229,1.10477,1.09667,1.10162,960
2023-05-07,1.10213,1.10228,1.10143,1.1016,60
2023-05-08,1.10182,1.10535,1.10001,1.10012,1019
2023-05-09,1.09962,1.10007,1.09492,1.09649,1020
2023-05-10,1.09644,1.10068,1.09414,1.09824,1019
2023-05-11,1.09826,1.09981,1.09,1.09122,1008
2023-05-12,1.09122,1.09354,1.08476,1.08477,960
2023-05-14,1.0861,1.08618,1.08478,1.08527,109
2023-05-15,1.08526,1.08908,1.0848,1.08735,1075
2023-05-16,1.08736,1.09046,1.0855,1.08653,999
2023-05-17,1.08653,1.08736,1.08147,1.08378,1003
2023-05-18,1.08377,1.08479,1.07624,1.07749,1016
2023-05-19,1.07749,1.08249,1.076,1.08019,960
2023-05-21,1.08062,1.08197,1.08062,1.08169,59
2023-05-22,1.08219,1.08298,1.07955,1.08126,1016
2023-05-23,1.08105,1.08204,1.07601,1.07725,1008
2023-05-24,1.0769,1.08012,1.07421,1.0755,1019
2023-05-25,1.07556,1.07556,1.07073,1.07234,1018
2023-05-26,1.07233,1.07572,1.07018,1.07292,900
2023-05-28,1.07219,1.07292,1.0718,1.07192,60
2023-05-29,1.07214,1.07434,1.07076,1.07096,1009
2023-05-30,1.07067,1.07465,1.06725,1.0732,1019
2023-05-31,1.07316,1.07356,1.06355,1.06933,1004
2023-06-01,1.06934,1.07684,1.06617,1.07651,1019
2023-06-02,1.07603,1.07789,1.0705,1.07063,959
2023-06-04,1.07098,1.07107,1.06937,1.06967,111
2023-06-05,1.0697,1.07207,1.06777,1.07134,1012
2023-06-06,1.07112,1.07328,1.06669,1.06949,1001
2023-06-07,1.06985,1.07396,1.06682,1.07069,1018
2023-06-08,1.0707,1.07856,1.07009,1.07818,1014
2023-06-09,1.07819,1.0785,1.07428,1.0744,899
2023-06-11,1.07491,1.07492,1.07431,1.07446,58
2023-06-12,1.07499,1.079,1.0733,1.07622,1010
2023-06-13,1.07621,1.08234,1.07591,1.07914,1018
2023-06-14,1.07896,1.0864,1.07739,1.08322,1020
2023-06-15,1.08427,1.09499,1.08036,1.09489,1019
2023-06-16,1.09455,1.09658,1.09217,1.09351,900
2023-06-18,1.09426,1.09428,1.09385,1.09397,60
2023-06-19,1.09398,1.09462,1.09099,1.09235,992
2023-06-20,1.09234,1.09461,1.08996,1.09198,1007
2023-06-21,1.09197,1.09909,1.09058,1.09905,959
2023-06-22,1.09916,1.10081,1.095,1.09533,1017
2023-06-23,1.09555,1.09585,1.08443,1.0892,900
2023-06-25,1.09042,1.09064,1.08978,1.09062,109
2023-06-26,1.09064,1.09199,1.08873,1.09099,1017
2023-06-27,1.09097,1.09766,1.09021,1.09575,1018
2023-06-28,1.09574,1.09621,1.08968,1.09137,957
2023-06-29,1.09151,1.09414,1.0861,1.08653,1019
2023-06-30,1.08673,1.09224,1.08352,1.09095,960
2023-07-02,1.09089,1.0913,1.09084,1.09092,60
2023-07-03,1.09075,1.09339,1.08702,1.09128,1016
2023-07-04,1.09127,1.09163,1.08773,1.08804,1014
2023-07-05,1.08827,1.09078,1.0852,1.08551,1014
2023-07-06,1.08554,1.08977,1.08337,1.08896,1008
2023-07-07,1.08895,1.09731,1.08669,1.09675,899
2023-07-09,1.09593,1.0968,1.09563,1.09669,112
2023-07-10,1.0967,1.10025,1.09434,1.1001,1015
2023-07-11,1.10053,1.10269,1.09783,1.10136,1012
2023-07-12,1.10137,1.11405,1.10119,1.11405,1016
2023-07-13,1.11406,1.12296,1.11298,1.12245,1020
2023-07-14,1.12235,1.12448,1.12041,1.12259,900
2023-07-16,1.12273,1.12315,1.12245,1.12254,60
2023-07-17,1.12271,1.12487,1.12033,1.12394,1017
2023-07-18,1.12374,1.12756,1.12089,1.12316,1016
2023-07-19,1.12282,1.124,1.11895,1.12049,1020
2023-07-20,1.12048,1.12291,1.11184,1.11348,1019
2023-07-21,1.11345,1.11449,1.11079,1.11254,900
2023-07-23,1.11197,1.11321,1.11197,1.11243,103
2023-07-24,1.11244,1.11469,1.10602,1.10624,1020
2023-07-25,1.1063,1.10868,1.10255,1.10499,1020
2023-07-26,1.105,1.11047,1.10377,1.10848,1018
2023-07-27,1.10778,1.11439,1.09662,1.09827,1016
2023-07-28,1.0978,1.10475,1.09435,1.10125,960
2023-07-30,1.10206,1.10282,1.10095,1.10238,174
2023-07-31,1.10239,1.10458,1.09931,1.09966,1435
2023-08-01,1.09967,1.10192,1.09523,1.10075,1436
2023-08-02,1.10078,1.1008,1.09178,1.09435,1436
2023-08-03,1.09433,1.09628,1.09122,1.0951,1433
2023-08-04,1.09509,1.10419,1.09349,1.10029,1260
2023-08-06,1.10141,1.10151,1.1001,1.10024,175
2023-08-07,1.10024,1.10117,1.09654,1.10026,1434
2023-08-08,1.10026,1.10111,1.0929,1.09592,1438
2023-08-09,1.09592,1.09953,1.09552,1.09771,1434
2023-08-10,1.09771,1.1065,1.09673,1.09815,1435
2023-08-11,1.09815,1.10049,1.09429,1.09433,1260
2023-08-13,1.09493,1.09517,1.09401,1.09432,170
2023-08-14,1.09431,1.096,1.08747,1.09077,1432
2023-08-15,1.09076,1.09524,1.08969,1.09038,1437
2023-08-16,1.09038,1.09345,1.08714,1.08743,1430
2023-08-17,1.08744,1.0918,1.08563,1.08743,1437
2023-08-18,1.08742,1.08938,1.0845,1.08678,1260
2023-08-20,1.08672,1.08785,1.08664,1.08749,175
2023-08-21,1.08747,1.09136,1.08695,1.08975,1429
2023-08-22,1.08974,1.09303,1.08329,1.08464,1427
2023-08-23,1.08465,1.08713,1.08025,1.08654,1440
2023-08-24,1.08655,1.08764,1.07928,1.0799,1435
2023-08-25,1.07989,1.08417,1.07658,1.07906,1260
2023-08-27,1.07957,1.0801,1.07933,1.07968,176
2023-08-28,1.07969,1.08298,1.07961,1.08255,1433
2023-08-29,1.08255,1.08919,1.07822,1.08691,1435
2023-08-30,1.08691,1.09454,1.08551,1.09294,1438
2023-08-31,1.09292,1.09394,1.08347,1.08424,1432
2023-09-01,1.08422,1.08819,1.07716,1.07717,1257
2023-09-03,1.07748,1.07815,1.07716,1.07756,175
2023-09-04,1.07758,1.08087,1.07731,1.07913,1388
2023-09-05,1.07912,1.07982,1.07062,1.07244,1427
2023-09-06,1.07246,1.07488,1.07025,1.07238,1431
2023-09-07,1.07238,1.07317,1.06861,1.06973,1426
2023-09-08,1.06975,1.07438,1.06941,1.06974,1260
2023-09-10,1.07147,1.07204,1.07075,1.07162,176
2023-09-11,1.07165,1.07593,1.07099,1.07476,1427
2023-09-12,1.07476,1.07692,1.07055,1.07531,1438
2023-09-13,1.0753,1.07648,1.0711,1.07327,1425
2023-09-14,1.07327,1.07521,1.06318,1.0635,1419
2023-09-15,1.06349,1.06877,1.06332,1.06576,1255
2023-09-17,1.06588,1.0669,1.06578,1.06679,177
2023-09-18,1.0668,1.06986,1.06546,1.06919,1427
2023-09-19,1.06918,1.0718,1.06746,1.06813,1431
2023-09-20,1.06814,1.07368,1.06478,1.06498,1431
2023-09-21,1.06498,1.06734,1.06167,1.06603,1437
2023-09-22,1.06603,1.06716,1.0615,1.06419,1260
2023-09-24,1.06513,1.06518,1.06424,1.06482,175
2023-09-25,1.06482,1.06555,1.05753,1.05912,1368
2023-09-26,1.05912,1.0609,1.0562,1.05691,1431
2023-09-27,1.05691,1.0574,1.0488,1.05052,1437
2023-09-28,1.05053,1.05788,1.0491,1.05621,1437
2023-09-29,1.05622,1.06169,1.05579,1.05694,1259
2023-10-01,1.05672,1.05721,1.05578,1.0564,177
2023-10-02,1.05641,1.05919,1.04752,1.04798,1436
2023-10-03,1.04798,1.04933,1.04483,1.04686,1431
2023-10-04,1.04684,1.05321,1.04514,1.05069,1437
2023-10-05,1.05068,1.05518,1.05,1.05462,1430
2023-10-06,1.05463,1.05999,1.04824,1.05828,1260
2023-10-08,1.05529,1.05682,1.05494,1.05661,180
2023-10-09,1.05662,1.05796,1.05194,1.05786,1437
2023-10-10,1.05788,1.06198,1.05542,1.06042,1433
2023-10-11,1.06043,1.06346,1.05806,1.06234,1434
2023-10-12,1.06234,1.06397,1.05257,1.05355,1439
2023-10-13,1.05358,1.05584,1.04954,1.05073,1260
2023-10-15,1.05083,1.05253,1.05025,1.0522,176
2023-10-16,1.05221,1.05627,1.05156,1.05543,1436
2023-10-17,1.05543,1.05948,1.05328,1.05727,1438
2023-10-18,1.05726,1.05941,1.05231,1.05379,1435
2023-10-19,1.05381,1.06163,1.05282,1.05863,1436
2023-10-20,1.05862,1.06035,1.05649,1.05927,1260
2023-10-22,1.0595,1.05968,1.05883,1.05896,176
2023-10-23,1.05893,1.06779,1.05714,1.06698,1436
2023-10-24,1.06699,1.06942,1.0583,1.05949,1436
2023-10-25,1.05952,1.06067,1.05601,1.05661,1437
2023-10-26,1.05661,1.05691,1.05221,1.05638,1436
2023-10-27,1.05637,1.0597,1.05354,1.05605,1260
2023-10-29,1.05644,1.05749,1.05551,1.05624,233
2023-10-30,1.05625,1.0625,1.05471,1.06114,1436
2023-10-31,1.06114,1.06748,1.05574,1.05733,1437
2023-11-01,1.05733,1.0602,1.05167,1.06017,1437
2023-11-02,1.06018,1.06675,1.0591,1.0618,1436
2023-11-03,1.0618,1.07467,1.06146,1.07295,1200
2023-11-05,1.07232,1.07334,1.07207,1.07313,118
2023-11-06,1.07316,1.07562,1.07149,1.07182,1435
2023-11-07,1.07184,1.07193,1.0664,1.06956,1434
2023-11-08,1.06956,1.0716,1.06593,1.07112,1440
2023-11-09,1.07113,1.07254,1.06601,1.06669,1434
2023-11-10,1.06671,1.06927,1.0656,1.06848,1319
2023-11-12,1.06818,1.06906,1.06799,1.06905,116
2023-11-13,1.06902,1.07061,1.0665,1.07012,1433
2023-11-14,1.07013,1.08875,1.06928,1.08777,1434
2023-11-15,1.08776,1.08858,1.08315,1.08541,1434
2023-11-16,1.08542,1.08955,1.083,1.08529,1434
2023-11-17,1.0853,1.09148,1.08247,1.09138,1318
2023-11-19,1.09095,1.0911,1.09054,1.09055,120
2023-11-20,1.09054,1.09517,1.08974,1.09446,1439
2023-11-21,1.09447,1.09651,1.09001,1.09169,1437
2023-11-22,1.0917,1.09229,1.08522,1.08878,1434
2023-11-23,1.0888,1.09303,1.0887,1.09038,1408
2023-11-24,1.09037,1.09486,1.08949,1.09341,1314
2023-11-26,1.09438,1.09474,1.09384,1.09396,119
2023-11-27,1.09397,1.09592,1.09251,1.09589,1436
2023-11-28,1.09589,1.10088,1.09344,1.10039,1436
2023-11-29,1.10041,1.10171,1.09601,1.09732,1438
2023-11-30,1.09731,1.09838,1.08794,1.08916,1438
2023-12-01,1.08917,1.09127,1.08287,1.08788,1320
2023-12-03,1.08771,1.08948,1.08766,1.08857,120
2023-12-04,1.08858,1.08865,1.0804,1.08373,1435
2023-12-05,1.08373,1.08474,1.07781,1.07932,1435
2023-12-06,1.07933,1.08047,1.07586,1.07661,1437
2023-12-07,1.07664,1.08175,1.07552,1.07895,1439
2023-12-08,1.07896,1.08005,1.07236,1.07592,1320
2023-12-10,1.07592,1.07676,1.07556,1.07651,119
2023-12-11,1.07653,1.07789,1.07415,1.07653,1430
2023-12-12,1.07653,1.08279,1.07612,1.07982,1437
2023-12-13,1.07983,1.08965,1.07731,1.08825,1437
2023-12-14,1.08826,1.10092,1.08791,1.09932,1440
2023-12-15,1.09934,1.10036,1.08885,1.08922,1320
2023-12-17,1.08973,1.0898,1.0892,1.08948,116
2023-12-18,1.08948,1.09311,1.08939,1.09231,1438
2023-12-19,1.09231,1.09873,1.09148,1.09792,1435
2023-12-20,1.09793,1.09793,1.09298,1.09432,1438
2023-12-21,1.09433,1.10125,1.09352,1.10056,1440
2023-12-22,1.10057,1.10401,1.09938,1.10135,1316
2023-12-24,1.10108,1.10159,1.10108,1.10149,10
2023-12-25,1.10149,1.1023,1.09933,1.10186,433
2023-12-26,1.10187,1.1045,1.10085,1.10422,1425
2023-12-27,1.10422,1.11226,1.10286,1.11082,1435
2023-12-28,1.11081,1.11394,1.10552,1.10677,1437
2023-12-29,1.10678,1.10842,1.10339,1.10361,1319
2024-01-01,1.10427,1.10447,1.10356,1.10365,115
2024-01-02,1.10366,1.10432,1.09375,1.09416,1438
2024-01-03,1.09416,1.09654,1.08929,1.09258,1435
2024-01-04,1.09259,1.09721,1.0916,1.09462,1434
2024-01-05,1.09461,1.09984,1.08767,1.09392,1318
2024-01-07,1.09386,1.09456,1.09349,1.09415,114
2024-01-08,1.09413,1.09788,1.09226,1.09497,1431
2024-01-09,1.09497,1.09663,1.09103,1.09317,1438
2024-01-10,1.09316,1.09747,1.09228,1.0974,1438
2024-01-11,1.09742,1.1,1.09302,1.09824,1437
2024-01-12,1.09823,1.09868,1.09359,1.09483,1319
2024-01-14,1.0948,1.09502,1.0944,1.09451,119
2024-01-15,1.09451,1.09675,1.09335,1.09449,1359
2024-01-16,1.09447,1.09461,1.0862,1.08714,1200
2024-01-17,1.08786,1.0886,1.08445,1.0886,1438
2024-01-18,1.08861,1.09067,1.08466,1.08799,1440
2024-01-19,1.088,1.08983,1.08656,1.0896,1320
2024-01-21,1.08906,1.08976,1.08878,1.0892,117
2024-01-22,1.0892,1.09094,1.08768,1.08772,1436
2024-01-23,1.08776,1.09162,1.08215,1.08572,1435
2024-01-24,1.08573,1.09323,1.08514,1.0881,1440
2024-01-25,1.08811,1.09018,1.08216,1.08454,1436
2024-01-26,1.08455,1.08854,1.08128,1.08504,1318
2024-01-28,1.08468,1.0849,1.08414,1.08422,120
2024-01-29,1.08423,1.085,1.07958,1.08336,1438
2024-01-30,1.08336,1.08573,1.08119,1.08428,1436
2024-01-31,1.08429,1.08874,1.07949,1.08039,1434
2024-02-01,1.08039,1.08761,1.07799,1.08742,1434
2024-02-02,1.08741,1.08974,1.07804,1.07849,1320
2024-02-04,1.07854,1.07858,1.07698,1.07796,120
2024-02-05,1.07796,1.07861,1.07231,1.0741,1437
2024-02-06,1.07409,1.07623,1.07225,1.07566,1436
2024-02-07,1.07569,1.07838,1.07556,1.07754,1438
2024-02-08,1.07754,1.07889,1.07416,1.07776,1437
2024-02-09,1.07775,1.07951,1.07621,1.07821,1319
2024-02-11,1.07767,1.07983,1.07766,1.07979,120
2024-02-12,1.0798,1.08055,1.07559,1.07717,1431
2024-02-13,1.07718,1.07985,1.07005,1.07083,1437
2024-02-14,1.07083,1.07344,1.06949,1.07319,1439
2024-02-15,1.07321,1.07847,1.07246,1.07726,1435
2024-02-16,1.07726,1.07874,1.07319,1.07749,1320
2024-02-18,1.07718,1.0785,1.07718,1.0784,120
2024-02-19,1.07838,1.07894,1.07621,1.07754,1418
2024-02-20,1.07753,1.08387,1.07615,1.08098,1436
2024-02-21,1.081,1.08243,1.07899,1.08202,1439
2024-02-22,1.08201,1.08882,1.08026,1.08253,1436
2024-02-23,1.08253,1.08395,1.08117,1.08174,1317
2024-02-25,1.08318,1.08322,1.08182,1.0819,115
2024-02-26,1.08188,1.08597,1.08126,1.08503,1434
2024-02-27,1.08504,1.08659,1.0833,1.0841,1432
2024-02-28,1.08411,1.08458,1.07966,1.08383,1437
2024-02-29,1.08384,1.08558,1.07958,1.08055,1437
2024-03-01,1.08055,1.08432,1.07981,1.08368,1318
2024-03-03,1.08359,1.0844,1.0835,1.08416,118
2024-03-04,1.08417,1.08667,1.08377,1.08541,1427
2024-03-05,1.0854,1.0876,1.08403,1.08555,1433
2024-03-06,1.08554,1.09153,1.08421,1.08995,1438
2024-03-07,1.08994,1.09513,1.08678,1.09509,1435
2024-03-08,1.0951,1.09812,1.09183,1.09348,1320
2024-03-10,1.09411,1.09465,1.09359,1.09422,239
2024-03-11,1.09423,1.0948,1.09145,1.09286,1434
2024-03-12,1.09286,1.09438,1.09023,1.09268,1431
2024-03-13,1.09269,1.09638,1.09201,1.09487,1430
2024-03-14,1.09489,1.09527,1.0876,1.08779,1434
2024-03-15,1.08778,1.08996,1.0873,1.08869,1197
2024-03-17,1.08905,1.08911,1.08805,1.08852,237
2024-03-18,1.08852,1.09061,1.08661,1.08693,1425
2024-03-19,1.08694,1.08765,1.08347,1.08644,1434
2024-03-20,1.08644,1.09374,1.08364,1.09333,1437
2024-03-21,1.09334,1.09426,1.08554,1.08651,1436
2024-03-22,1.08651,1.08657,1.08017,1.08065,1199
2024-03-24,1.08068,1.08104,1.08025,1.08035,230
2024-03-25,1.08036,1.08427,1.08021,1.08426,1428
2024-03-26,1.08427,1.08643,1.08242,1.08295,1428
2024-03-27,1.08295,1.0839,1.0808,1.08175,1430
2024-03-28,1.08173,1.08265,1.07751,1.07838,1435
2024-03-29,1.07839,1.08051,1.07678,1.07898,1192
2024-03-31,1.07882,1.07965,1.07848,1.07865,119
2024-04-01,1.07932,1.07987,1.07309,1.07372,1428
2024-04-02,1.0737,1.0779,1.07246,1.07679,1427
2024-04-03,1.07678,1.08407,1.0764,1.0838,1425
2024-04-04,1.0838,1.08765,1.08317,1.08364,1438
2024-04-05,1.08363,1.08479,1.07913,1.08352,1260
2024-04-07,1.08347,1.08379,1.08272,1.08297,178
2024-04-08,1.08297,1.08634,1.08208,1.0862,1433
2024-04-09,1.0862,1.0885,1.08477,1.08588,1424
2024-04-10,1.08587,1.08665,1.07288,1.0741,1440
2024-04-11,1.07411,1.07564,1.06992,1.0726,1432
2024-04-12,1.0726,1.07281,1.06226,1.06385,1258
2024-04-14,1.06352,1.06514,1.06309,1.0646,179
2024-04-15,1.06461,1.06651,1.06202,1.06247,1438
2024-04-16,1.06246,1.06535,1.0601,1.0621,1435
2024-04-17,1.0621,1.06796,1.0606,1.06689,1437
2024-04-18,1.0669,1.069,1.06402,1.06425,1424
2024-04-19,1.06424,1.06775,1.06104,1.06526,1260
2024-04-21,1.06495,1.06614,1.06456,1.06575,176
2024-04-22,1.06577,1.06706,1.06239,1.06537,1432
2024-04-23,1.06537,1.07112,1.06385,1.07024,1429
2024-04-24,1.07025,1.07142,1.06779,1.06999,1434
2024-04-25,1.07001,1.07402,1.06783,1.07267,1431
2024-04-26,1.07267,1.07527,1.06738,1.06911,1258
2024-04-28,1.06898,1.0707,1.06898,1.07069,162
2024-04-29,1.0707,1.07337,1.06902,1.07147,1435
2024-04-30,1.07146,1.07353,1.06635,1.06659,1438
2024-05-01,1.0666,1.07326,1.06494,1.0717,1437
2024-05-02,1.0717,1.07308,1.06742,1.07298,1438
2024-05-03,1.073,1.08124,1.07243,1.07594,1260
2024-05-05,1.076,1.07646,1.07575,1.07583,164
2024-05-06,1.07582,1.07907,1.07553,1.07672,1421
2024-05-07,1.07671,1.07873,1.07473,1.07498,1434
2024-05-08,1.07498,1.07574,1.0735,1.07468,1425
2024-05-09,1.07468,1.07858,1.07239,1.07817,1431
2024-05-10,1.07817,1.079,1.07603,1.07694,1253
2024-05-12,1.07721,1.07752,1.07663,1.07702,171
2024-05-13,1.07701,1.08068,1.07658,1.0792,1428
2024-05-14,1.07922,1.08256,1.07669,1.08138,1427
2024-05-15,1.08137,1.08901,1.0813,1.08883,1434
2024-05-16,1.08883,1.08949,1.08544,1.08677,1426
2024-05-17,1.08679,1.08784,1.08356,1.08674,1254
2024-05-19,1.08664,1.08741,1.0864,1.08724,161
2024-05-20,1.08725,1.08844,1.0854,1.08602,1427
2024-05-21,1.08603,1.08747,1.08425,1.0854,1433
2024-05-22,1.08539,1.08633,1.08174,1.0825,1436
2024-05-23,1.08251,1.0861,1.08048,1.08116,1433
2024-05-24,1.08115,1.08578,1.08054,1.0846,1256
2024-05-26,1.0845,1.08513,1.0843,1.08466,166
2024-05-27,1.08467,1.08674,1.08405,1.08614,1386
2024-05-28,1.08615,1.0889,1.08511,1.08512,1437
2024-05-29,1.08512,1.08588,1.07996,1.08011,1431
2024-05-30,1.08011,1.08451,1.07883,1.08312,1431
2024-05-31,1.08312,1.08822,1.08112,1.0845,1258
2024-06-02,1.08462,1.08544,1.08453,1.08526,179
2024-06-03,1.08526,1.09098,1.08278,1.09071,1438
2024-06-04,1.09072,1.0916,1.0859,1.08817,1425
2024-06-05,1.08816,1.08915,1.08544,1.08739,1425
2024-06-06,1.08738,1.0902,1.08619,1.08916,1421
2024-06-07,1.08915,1.09018,1.07993,1.08017,1258
2024-06-09,1.07783,1.07798,1.07644,1.07788,178
2024-06-10,1.07788,1.07814,1.07327,1.07633,1422
2024-06-11,1.07635,1.07734,1.07194,1.07399,1423
2024-06-12,1.07398,1.08521,1.07346,1.08127,1434
2024-06-13,1.08126,1.08163,1.07328,1.07374,1438
2024-06-14,1.07374,1.07449,1.06676,1.07025,1260
2024-06-16,1.07028,1.07089,1.06995,1.07025,173
2024-06-17,1.07026,1.0741,1.06863,1.07398,1431
2024-06-18,1.074,1.07615,1.07099,1.07386,1416
2024-06-19,1.07385,1.07533,1.07248,1.0747,1378
2024-06-20,1.07469,1.07483,1.07012,1.07059,1433
2024-06-21,1.07059,1.07205,1.0671,1.06918,1256
2024-06-23,1.06849,1.06955,1.06849,1.06877,175
2024-06-24,1.06878,1.07463,1.06837,1.07322,1420
2024-06-25,1.07322,1.07441,1.06906,1.07091,1424
2024-06-26,1.0709,1.07179,1.0666,1.06797,1437
2024-06-27,1.06798,1.07264,1.0677,1.07076,1432
2024-06-28,1.07078,1.07246,1.06852,1.07119,1260
2024-06-30,1.07438,1.07455,1.0732,1.07349,178
2024-07-01,1.0735,1.07763,1.07197,1.07365,1437
2024-07-02,1.07364,1.07491,1.071,1.0748,1431
2024-07-03,1.0748,1.08168,1.07363,1.0791,1411
2024-07-04,1.0791,1.0814,1.07836,1.08103,1367
2024-07-05,1.08105,1.08426,1.07993,1.0837,1260
2024-07-07,1.08014,1.08329,1.07998,1.08256,180
2024-07-08,1.08255,1.0845,1.08146,1.08305,1408
2024-07-09,1.08307,1.08333,1.08054,1.08142,1423
2024-07-10,1.08142,1.08365,1.08108,1.08333,1430
2024-07-11,1.08332,1.08999,1.08322,1.0874,1435
2024-07-12,1.0874,1.09113,1.08617,1.09054,1258
2024-07-14,1.08852,1.0895,1.08818,1.08856,180
2024-07-15,1.08857,1.09222,1.08833,1.08981,1431
2024-07-16,1.0898,1.09054,1.08715,1.0902,1432
2024-07-17,1.09019,1.0948,1.0895,1.09402,1431
2024-07-18,1.09402,1.09407,1.08935,1.09003,1434
2024-07-19,1.09002,1.09003,1.08756,1.08779,1258
2024-07-21,1.08861,1.09027,1.08807,1.08988,176
2024-07-22,1.08988,1.08998,1.0873,1.08889,1423
2024-07-23,1.08888,1.08967,1.08438,1.08496,1424
2024-07-24,1.08495,1.08664,1.08256,1.08378,1438
2024-07-25,1.08379,1.08699,1.08282,1.08513,1439
2024-07-26,1.08514,1.08681,1.0842,1.08547,1259
2024-07-28,1.08553,1.08599,1.08527,1.08527,174
2024-07-29,1.08524,1.087,1.08028,1.0819,1430
2024-07-30,1.08191,1.08356,1.07982,1.08157,1435
2024-07-31,1.08156,1.08493,1.08019,1.08238,1439
2024-08-01,1.08235,1.08354,1.07774,1.07864,1440
2024-08-02,1.07864,1.09265,1.07818,1.09098,1260
2024-08-04,1.09225,1.09234,1.09028,1.09103,180
2024-08-05,1.09104,1.10088,1.08923,1.09505,1437
2024-08-06,1.09506,1.09631,1.09037,1.09259,1440
2024-08-07,1.09259,1.09366,1.09053,1.09273,1439
2024-08-08,1.09275,1.09451,1.08814,1.09149,1434
2024-08-09,1.09147,1.09313,1.0909,1.09167,1259
2024-08-11,1.09142,1.09196,1.091,1.09127,175
2024-08-12,1.09125,1.09393,1.09116,1.09361,1430
2024-08-13,1.0936,1.09996,1.09137,1.09959,1437
2024-08-14,1.09958,1.10473,1.09863,1.10116,1433
2024-08-15,1.10117,1.10154,1.09495,1.09723,1435
2024-08-16,1.09723,1.10296,1.09718,1.10211,1258
2024-08-18,1.10265,1.1034,1.10227,1.10246,178
2024-08-19,1.10246,1.10875,1.10231,1.10854,1431
2024-08-20,1.10855,1.11317,1.10719,1.11275,1437
2024-08-21,1.11274,1.1174,1.10992,1.11548,1435
2024-08-22,1.11549,1.11646,1.1098,1.1116,1434
2024-08-23,1.11159,1.12008,1.11055,1.1191,1259
2024-08-25,1.11854,1.11948,1.11854,1.11892,176
2024-08-26,1.11892,1.12015,1.115,1.11644,1436
2024-08-27,1.11646,1.11905,1.11501,1.11769,1426
2024-08-28,1.11769,1.118,1.1105,1.11244,1430
2024-08-29,1.11245,1.11399,1.10556,1.108,1437
2024-08-30,1.10802,1.1095,1.10438,1.10456,1260
2024-09-01,1.10462,1.10496,1.1044,1.10446,172
2024-09-02,1.10445,1.10773,1.10419,1.1067,1387
2024-09-03,1.10671,1.10702,1.10263,1.10485,1438
2024-09-04,1.10485,1.10951,1.104,1.10801,1437
2024-09-05,1.108,1.11197,1.10746,1.1111,1436
2024-09-06,1.11111,1.11556,1.10656,1.10825,1260
2024-09-08,1.10781,1.10908,1.10781,1.10867,178
2024-09-09,1.10864,1.1091,1.10331,1.10352,1435
2024-09-10,1.10352,1.10496,1.10151,1.102,1428
2024-09-11,1.102,1.10549,1.10019,1.10102,1436
2024-09-12,1.10101,1.10791,1.10055,1.10789,1426
2024-09-13,1.10786,1.11017,1.10721,1.10732,1260
2024-09-15,1.10757,1.10894,1.10743,1.10873,177
2024-09-16,1.10872,1.11374,1.10867,1.11291,1432
2024-09-17,1.11291,1.11461,1.11109,1.1122,1436
2024-09-18,1.11221,1.11891,1.10966,1.11139,1438
2024-09-19,1.1114,1.11787,1.10683,1.11593,1431
2024-09-20,1.11593,1.11818,1.1136,1.11626,1260
2024-09-22,1.1158,1.11647,1.1158,1.11591,174
2024-09-23,1.11589,1.11672,1.10831,1.11109,1435
2024-09-24,1.1111,1.1191,1.11033,1.11909,1430
2024-09-25,1.11907,1.1214,1.11215,1.11296,1437
2024-09-26,1.11297,1.11893,1.11257,1.11769,1436
2024-09-27,1.1177,1.1203,1.11248,1.11619,1260
2024-09-29,1.11582,1.11723,1.11526,1.11689,174
2024-09-30,1.11688,1.12089,1.11136,1.11365,1435
2024-10-01,1.11365,1.11439,1.10458,1.10644,1438
2024-10-02,1.10645,1.10828,1.10325,1.10458,1435
2024-10-03,1.10459,1.10468,1.10082,1.10351,1439
2024-10-04,1.1035,1.10395,1.09512,1.09739,1260
2024-10-06,1.0962,1.09717,1.0962,1.09705,174
2024-10-07,1.09705,1.09868,1.09542,1.09742,1437
2024-10-08,1.09742,1.09971,1.09608,1.09753,1437
2024-10-09,1.09754,1.09787,1.09362,1.0941,1437
2024-10-10,1.0941,1.09548,1.09,1.09334,1432
2024-10-11,1.09335,1.09537,1.0926,1.09353,1258
2024-10-13,1.0931,1.09335,1.09221,1.0923,171
2024-10-14,1.09231,1.09366,1.08881,1.0909,1434
2024-10-15,1.0909,1.09167,1.08819,1.08832,1434
2024-10-16,1.08832,1.09014,1.08532,1.08587,1431
2024-10-17,1.08588,1.08737,1.0811,1.08291,1438
2024-10-18,1.08291,1.08694,1.08274,1.08655,1259
2024-10-20,1.08605,1.08717,1.08605,1.08681,167
2024-10-21,1.08682,1.08688,1.08111,1.08153,1432
2024-10-22,1.08151,1.0838,1.07926,1.07962,1438
2024-10-23,1.07962,1.08066,1.07612,1.07803,1437
2024-10-24,1.07804,1.08298,1.07706,1.08237,1433
2024-10-25,1.08239,1.08392,1.0793,1.07945,1259
2024-10-27,1.07938,1.08015,1.07866,1.0794,180
2024-10-28,1.07941,1.08276,1.07819,1.08158,1439
2024-10-29,1.08158,1.08263,1.07688,1.08218,1437
2024-10-30,1.08217,1.08713,1.08079,1.08534,1436
2024-10-31,1.08533,1.08881,1.08441,1.08866,1436
2024-11-01,1.08866,1.09057,1.08317,1.08327,1200
2024-11-03,1.08778,1.08811,1.08719,1.08727,119
2024-11-04,1.08728,1.09147,1.08699,1.08735,1436
2024-11-05,1.08736,1.09369,1.08724,1.09339,1433
2024-11-06,1.09338,1.09339,1.06824,1.07315,1439
2024-11-07,1.07316,1.08247,1.07129,1.07954,1439
2024-11-08,1.07954,1.07974,1.06868,1.07182,1320
2024-11-10,1.07093,1.07169,1.07075,1.07132,119
2024-11-11,1.07131,1.07277,1.06286,1.06631,1439
2024-11-12,1.0663,1.06631,1.05951,1.06166,1440
2024-11-13,1.06166,1.0654,1.05556,1.05657,1440
2024-11-14,1.05656,1.05825,1.0496,1.05295,1438
2024-11-15,1.05295,1.0593,1.05163,1.05394,1320
2024-11-17,1.0528,1.05384,1.0528,1.05362,119
2024-11-18,1.05362,1.06071,1.05302,1.05945,1440
2024-11-19,1.05945,1.0608,1.05233,1.0607,1440
2024-11-20,1.0607,1.06097,1.05068,1.05456,1440
2024-11-21,1.05457,1.05548,1.04622,1.0469,1439
2024-11-22,1.04689,1.04981,1.03325,1.04193,1320
2024-11-24,1.04806,1.05013,1.04618,1.04793,120
2024-11-25,1.04792,1.05303,1.04428,1.04437,1438
2024-11-26,1.04437,1.05447,1.0425,1.04918,1440
2024-11-27,1.04918,1.05876,1.04744,1.05619,1434
2024-11-28,1.05619,1.05627,1.05275,1.056,1424
2024-11-29,1.05601,1.05971,1.05414,1.05748,1320
2024-12-01,1.05711,1.05733,1.05336,1.05439,119
2024-12-02,1.05439,1.05463,1.04607,1.05008,1436
2024-12-03,1.05008,1.0535,1.04807,1.05099,1438
2024-12-04,1.05098,1.05439,1.04723,1.05123,1440
2024-12-05,1.05124,1.05896,1.05081,1.05865,1435
2024-12-06,1.05864,1.06298,1.05423,1.05673,1320
2024-12-08,1.05544,1.05692,1.05544,1.05656,120
2024-12-09,1.05657,1.05944,1.0532,1.05541,1439
2024-12-10,1.05542,1.0568,1.04984,1.05311,1432
2024-12-11,1.05312,1.05393,1.04802,1.05061,1435
2024-12-12,1.05059,1.05308,1.04637,1.04736,1407
2024-12-13,1.04736,1.05241,1.04531,1.05017,1319
2024-12-15,1.04854,1.05107,1.04847,1.05096,118
2024-12-16,1.05095,1.05247,1.04745,1.0517,1436
2024-12-17,1.0517,1.05343,1.0479,1.04944,1432
2024-12-18,1.04943,1.05127,1.03439,1.03506,1437
2024-12-19,1.03506,1.04222,1.03504,1.03643,1438
2024-12-20,1.03644,1.04474,1.03429,1.04254,1320
2024-12-22,1.04308,1.04451,1.04279,1.04336,120
2024-12-23,1.04335,1.04452,1.03842,1.0404,1434
2024-12-24,1.04041,1.04098,1.03835,1.03952,1337
2024-12-25,1.03952,1.04106,1.03951,1.03991,372
2024-12-26,1.0399,1.04301,1.03905,1.04216,1435
2024-12-27,1.04216,1.0444,1.04049,1.04225,1319
2024-12-29,1.04247,1.04346,1.04247,1.04292,120
2024-12-30,1.04297,1.04583,1.03717,1.04056,1438
2024-12-31,1.04057,1.04243,1.0344,1.03531,1318
2025-01-01,1.03503,1.03577,1.03462,1.03507,118
2025-01-02,1.03508,1.03756,1.02237,1.02678,1436
2025-01-03,1.02679,1.03099,1.02646,1.03066,1320
2025-01-05,1.03015,1.0308,1.02932,1.03051,118
2025-01-06,1.03051,1.04367,1.02955,1.03831,1439
2025-01-07,1.03831,1.04343,1.03388,1.03415,1440
2025-01-08,1.03416,1.03575,1.02731,1.03132,1437
2025-01-09,1.03133,1.03214,1.02836,1.02964,1431
2025-01-10,1.02965,1.03118,1.02127,1.024,1320
2025-01-12,1.02357,1.02468,1.02357,1.02429,117
2025-01-13,1.0243,1.02774,1.01772,1.02639,1440
2025-01-14,1.02637,1.03086,1.02384,1.03062,1431
2025-01-15,1.03061,1.03544,1.0259,1.0295,1432
2025-01-16,1.0295,1.03149,1.02604,1.03014,1434
2025-01-17,1.03012,1.03306,1.02652,1.0271,1319
2025-01-19,1.02792,1.02812,1.02663,1.02804,115
2025-01-20,1.02805,1.04342,1.02782,1.04208,1436
2025-01-21,1.04209,1.04353,1.0342,1.04057,1440
2025-01-22,1.04057,1.04573,1.03998,1.04077,1433
2025-01-23,1.04076,1.04378,1.03719,1.04156,1436
2025-01-24,1.04155,1.05213,1.04115,1.04919,1320
2025-01-26,1.04763,1.04851,1.04651,1.04673,120
2025-01-27,1.04673,1.0533,1.04283,1.04369,1440
2025-01-28,1.04369,1.04564,1.04137,1.04271,1437
2025-01-29,1.04272,1.04434,1.03822,1.04245,1435
2025-01-30,1.04244,1.04677,1.0385,1.03966,1440
2025-01-31,1.03968,1.0434,1.03496,1.03602,1320
2025-02-02,1.02327,1.02698,1.02324,1.02467,120
2025-02-03,1.02467,1.03503,1.02103,1.03279,1438
2025-02-04,1.03279,1.03874,1.02721,1.03712,1439
2025-02-05,1.03712,1.04424,1.03696,1.03985,1438
2025-02-06,1.03985,1.04053,1.03523,1.0385,1437
2025-02-07,1.03849,1.04124,1.03049,1.0326,1320
2025-02-09,1.02918,1.03134,1.02839,1.03095,119
2025-02-10,1.03096,1.03363,1.02982,1.03005,1437
2025-02-11,1.03006,1.03813,1.02919,1.0363,1436
2025-02-12,1.03638,1.04298,1.03168,1.0392,1434
2025-02-13,1.0392,1.04685,1.03727,1.04614,1436
2025-02-14,1.04614,1.0514,1.0447,1.04913,1318
2025-02-16,1.04858,1.04938,1.04847,1.04883,116
2025-02-17,1.04886,1.05062,1.04667,1.04848,1423
2025-02-18,1.04847,1.04862,1.0435,1.04479,1438
2025-02-19,1.0448,1.04613,1.04009,1.04206,1435
2025-02-20,1.04205,1.05054,1.04185,1.05001,1439
2025-02-21,1.04999,1.05047,1.04492,1.0457,1320
2025-02-23,1.04706,1.04846,1.04618,1.04736,118
2025-02-24,1.04738,1.05282,1.04527,1.04611,1438
2025-02-25,1.04611,1.05227,1.0456,1.05204,1440
2025-02-26,1.05205,1.05287,1.04747,1.04876,1436
2025-02-27,1.04877,1.04893,1.03882,1.03936,1436
2025-02-28,1.03936,1.04198,1.03597,1.03747,1320
2025-03-02,1.04032,1.04208,1.03992,1.04119,120
2025-03-03,1.04119,1.05036,1.03883,1.04851,1439
2025-03-04,1.04851,1.06369,1.04708,1.0623,1439
2025-03-05,1.0623,1.07965,1.06018,1.07941,1439
2025-03-06,1.07942,1.08534,1.07655,1.07871,1437
2025-03-07,1.07872,1.08884,1.0781,1.08292,1314
2025-03-09,1.08312,1.08671,1.08269,1.08641,239
2025-03-10,1.0864,1.08744,1.08051,1.08513,1440
2025-03-11,1.08515,1.09471,1.08354,1.09088,1440
2025-03-12,1.09088,1.09314,1.08755,1.08913,1437
2025-03-13,1.08914,1.0897,1.08222,1.08489,1435
2025-03-14,1.08489,1.09125,1.08304,1.08765,1200
2025-03-16,1.08766,1.0885,1.08744,1.08793,236
2025-03-17,1.08793,1.09297,1.08685,1.09158,1440
2025-03-18,1.09157,1.09545,1.08924,1.09346,1437
2025-03-19,1.09346,1.09449,1.08603,1.09122,1439
2025-03-20,1.0912,1.09171,1.08145,1.08529,1438
2025-03-21,1.08529,1.08611,1.0797,1.08121,1199
2025-03-23,1.0813,1.08398,1.08115,1.0837,229
2025-03-24,1.0837,1.08579,1.07813,1.08001,1434
2025-03-25,1.08,1.083,1.07767,1.07841,1433
2025-03-26,1.0784,1.08025,1.07328,1.07554,1440
2025-03-27,1.07555,1.0821,1.0754,1.07948,1434
2025-03-28,1.07949,1.08447,1.07644,1.08237,1200
2025-03-30,1.08228,1.0828,1.08049,1.08205,120
2025-03-31,1.08235,1.08492,1.07838,1.08173,1429
2025-04-01,1.08174,1.08299,1.07782,1.0794,1437
2025-04-02,1.07947,1.09242,1.078,1.09041,1435
2025-04-03,1.09038,1.11462,1.08795,1.1045,1438
2025-04-04,1.10448,1.11076,1.09242,1.09573,1258
2025-04-06,1.08894,1.10006,1.08792,1.09832,180
2025-04-07,1.09833,1.10498,1.09007,1.09146,1434
2025-04-08,1.09147,1.09916,1.08886,1.09773,1436
2025-04-09,1.09771,1.10948,1.09132,1.09507,1437
2025-04-10,1.09504,1.12623,1.09499,1.12576,1437
2025-04-11,1.12574,1.14736,1.12466,1.13554,1260
2025-04-13,1.13108,1.13546,1.13108,1.1342,174
2025-04-14,1.13419,1.14244,1.12956,1.1336,1438
2025-04-15,1.1336,1.13789,1.12639,1.12932,1438
2025-04-16,1.1293,1.14127,1.12925,1.13953,1435
2025-04-17,1.13955,1.13967,1.13349,1.13715,1435
2025-04-18,1.13717,1.13972,1.13578,1.13901,1259
2025-04-20,1.13946,1.14582,1.13925,1.14488,180
2025-04-21,1.14491,1.15729,1.14488,1.15137,1440
2025-04-22,1.15139,1.1547,1.13077,1.13504,1440
2025-04-23,1.13502,1.14399,1.13102,1.13292,1436
2025-04-24,1.13293,1.13975,1.13212,1.13725,1438
2025-04-25,1.13725,1.13885,1.13155,1.13628,1260
2025-04-27,1.13636,1.13644,1.13398,1.13448,169
2025-04-28,1.13449,1.14248,1.13292,1.14075,1439
2025-04-29,1.14076,1.14199,1.137,1.13902,1440
2025-04-30,1.13904,1.13994,1.1317,1.13219,1440
2025-05-01,1.13221,1.13409,1.12657,1.12955,1440
2025-05-02,1.12955,1.13808,1.1274,1.12946,1260
2025-05-04,1.12987,1.13278,1.12905,1.1321,175
2025-05-05,1.13212,1.13646,1.12969,1.1312,1439
2025-05-06,1.13121,1.13808,1.12797,1.13397,1439
2025-05-07,1.13396,1.1378,1.12917,1.13027,1438
2025-05-08,1.13032,1.13361,1.12118,1.12267,1438
2025-05-09,1.12268,1.12928,1.11964,1.1246,1260
2025-05-11,1.119,1.12363,1.119,1.12276,180
2025-05-12,1.12281,1.12426,1.10651,1.10953,1440
2025-05-13,1.10954,1.11971,1.10948,1.11856,1439
2025-05-14,1.11858,1.12655,1.11645,1.11812,1438
2025-05-15,1.11811,1.12279,1.117,1.11918,1439
2025-05-16,1.11915,1.12195,1.11308,1.11612,1260
2025-05-18,1.11749,1.11939,1.11711,1.11884,180
2025-05-19,1.11885,1.12879,1.11721,1.12321,1440
2025-05-20,1.1232,1.129,1.12178,1.12881,1439
2025-05-21,1.12881,1.13628,1.12866,1.13318,1437
2025-05-22,1.13318,1.13448,1.12558,1.12819,1437
2025-05-23,1.12818,1.13754,1.12787,1.13592,1260
2025-05-25,1.13617,1.13816,1.13585,1.13744,176
2025-05-26,1.13747,1.14185,1.13688,1.13883,1428
2025-05-27,1.13885,1.14071,1.1323,1.13366,1439
2025-05-28,1.13367,1.13454,1.12103,1.12296,1440
2025-05-29,1.12294,1.13843,1.1223,1.13765,1435
2025-05-30,1.13768,1.13897,1.13123,1.13453,1260
2025-06-01,1.13439,1.13602,1.13435,1.13526,166
2025-06-02,1.13527,1.14538,1.13524,1.14531,1439
2025-06-03,1.1453,1.14544,1.13639,1.1384,1438
2025-06-04,1.13838,1.14344,1.13568,1.14205,1436
2025-06-05,1.14209,1.14948,1.14045,1.14533,1437
2025-06-06,1.14532,1.14572,1.13715,1.13935,1260
2025-06-08,1.13952,1.14111,1.13903,1.14061,179
2025-06-09,1.14063,1.14391,1.13864,1.14261,1433
2025-06-10,1.1426,1.14475,1.13729,1.14372,1438
2025-06-11,1.14375,1.15129,1.14052,1.15099,1439
2025-06-12,1.15102,1.16311,1.15017,1.16084,1433
2025-06-13,1.16083,1.16143,1.1489,1.15457,1260
2025-06-15,1.15309,1.15469,1.15256,1.15376,177
2025-06-16,1.15376,1.16147,1.15238,1.15534,1436
2025-06-17,1.15536,1.15796,1.14743,1.14816,1435
2025-06-18,1.14817,1.153,1.14608,1.14758,1439
2025-06-19,1.14758,1.15125,1.14461,1.15113,1437
2025-06-20,1.15112,1.15439,1.1495,1.15189,1260
2025-06-22,1.14602,1.15073,1.14544,1.14995,177
2025-06-23,1.14995,1.16082,1.14533,1.15979,1440
2025-06-24,1.15977,1.16417,1.15798,1.16121,1435
2025-06-25,1.1612,1.16845,1.15898,1.16831,1438
2025-06-26,1.16832,1.17449,1.16673,1.1693,1439
2025-06-27,1.16931,1.17539,1.16837,1.17162,1260
2025-06-29,1.17287,1.17385,1.17215,1.17263,177
2025-06-30,1.17264,1.17907,1.17075,1.17863,1439
2025-07-01,1.17862,1.18298,1.17611,1.1805,1440
2025-07-02,1.18048,1.18098,1.17467,1.17985,1436
2025-07-03,1.17985,1.181,1.17169,1.17688,1432
2025-07-04,1.1769,1.17873,1.17561,1.17719,1258
2025-07-06,1.17793,1.17825,1.17732,1.178,178
2025-07-07,1.17805,1.17901,1.16868,1.17363,1439
2025-07-08,1.17365,1.1765,1.16825,1.17233,1434
2025-07-09,1.17233,1.17396,1.16895,1.17378,1434
2025-07-10,1.17375,1.17494,1.16623,1.17018,1438
2025-07-11,1.17016,1.17138,1.16645,1.16852,1260
2025-07-13,1.16658,1.16843,1.16611,1.16822,176
2025-07-14,1.16822,1.16978,1.16541,1.1665,1432
2025-07-15,1.1665,1.16925,1.15927,1.1607,1437
2025-07-16,1.16073,1.17212,1.15623,1.16353,1438
2025-07-17,1.16353,1.16361,1.15566,1.1615,1438
2025-07-18,1.16151,1.16716,1.16119,1.16207,1259
2025-07-20,1.16236,1.1634,1.16221,1.16294,176
2025-07-21,1.16296,1.17166,1.16145,1.16945,1437
2025-07-22,1.1695,1.17607,1.16788,1.17378,1435
2025-07-23,1.17377,1.17789,1.17109,1.17733,1439
2025-07-24,1.17732,1.17887,1.17303,1.17545,1438
2025-07-25,1.17548,1.17609,1.17028,1.17396,1259
2025-07-27,1.17552,1.17686,1.17507,1.17554,180
2025-07-28,1.17554,1.177,1.1585,1.15963,1439
2025-07-29,1.1596,1.15989,1.15188,1.15506,1429
2025-07-30,1.15506,1.15725,1.14008,1.14278,1440
2025-07-31,1.14278,1.14606,1.14058,1.14217,1439
2025-08-01,1.14217,1.15969,1.13915,1.1583,1260
2025-08-03,1.1591,1.15963,1.15779,1.15876,180
2025-08-04,1.15876,1.15887,1.15497,1.15838,1438
2025-08-05,1.1584,1.15876,1.15277,1.15784,1437
2025-08-06,1.15781,1.16683,1.15642,1.1663,1437
2025-08-07,1.16628,1.16986,1.16108,1.16768,1435
2025-08-08,1.16768,1.16792,1.16287,1.16368,1260
2025-08-10,1.16444,1.16508,1.16426,1.16475,173
2025-08-11,1.16474,1.16754,1.159,1.1616,1431
2025-08-12,1.16162,1.16971,1.15986,1.16775,1433
2025-08-13,1.16774,1.17301,1.16703,1.1712,1436
2025-08-14,1.1712,1.1715,1.16309,1.16504,1432
2025-08-15,1.16506,1.17151,1.16467,1.17026,1260
2025-08-17,1.17101,1.17157,1.17038,1.17059,179
2025-08-18,1.17061,1.17106,1.16561,1.16679,1434
2025-08-19,1.16678,1.16928,1.1639,1.16415,1432
2025-08-20,1.16413,1.16736,1.16221,1.16507,1436
2025-08-21,1.16507,1.16626,1.1601,1.16122,1427
2025-08-22,1.16122,1.17425,1.15828,1.17148,1257
2025-08-24,1.17203,1.17259,1.17074,1.17083,179
2025-08-25,1.17077,1.17204,1.16028,1.16144,1439
2025-08-26,1.16145,1.16652,1.16021,1.16368,1439
2025-08-27,1.1637,1.16477,1.1574,1.16473,1439
2025-08-28,1.16474,1.16972,1.16289,1.16785,1435
2025-08-29,1.16786,1.17089,1.16507,1.16826,1258
2025-08-31,1.16935,1.16959,1.16845,1.169,172
2025-09-01,1.16899,1.17362,1.16879,1.17147,1420
2025-09-02,1.17148,1.17156,1.16127,1.16327,1430
2025-09-03,1.16327,1.1682,1.16081,1.16608,1434
2025-09-04,1.16611,1.16694,1.16298,1.16567,1433
2025-09-05,1.16566,1.17593,1.16522,1.17141,1260
2025-09-07,1.17111,1.17197,1.17036,1.17121,178
2025-09-08,1.17122,1.17728,1.17046,1.17684,1437
2025-09-09,1.17685,1.17799,1.16972,1.1702,1436
2025-09-10,1.1702,1.17306,1.16824,1.17024,1434
2025-09-11,1.17023,1.1746,1.16589,1.17329,1438
2025-09-12,1.17329,1.17475,1.17013,1.17301,1259
2025-09-14,1.17303,1.17344,1.17249,1.17253,170
2025-09-15,1.17256,1.17744,1.1716,1.17628,1438
2025-09-16,1.17627,1.18783,1.17572,1.18709,1438
2025-09-17,1.18711,1.19186,1.18077,1.18251,1439
2025-09-18,1.18253,1.18482,1.175,1.17889,1432
2025-09-19,1.1789,1.17925,1.17286,1.17405,1260
2025-09-21,1.17449,1.17477,1.17357,1.17365,174
2025-09-22,1.17363,1.18037,1.17262,1.18004,1436
2025-09-23,1.18002,1.18199,1.17787,1.18153,1436
2025-09-24,1.18153,1.18163,1.1728,1.17423,1438
2025-09-25,1.17422,1.17538,1.16454,1.16616,1436
2025-09-26,1.16615,1.17072,1.16579,1.17005,1260
2025-09-28,1.16986,1.17097,1.16986,1.17048,163
2025-09-29,1.17047,1.17544,1.17044,1.17305,1428
2025-09-30,1.17307,1.17615,1.17119,1.17344,1435
2025-10-01,1.17342,1.17785,1.17154,1.17327,1435
2025-10-02,1.17325,1.17583,1.16829,1.17244,1435
2025-10-03,1.17245,1.17591,1.17146,1.17382,1259
2025-10-05,1.17209,1.17275,1.1706,1.17116,178
2025-10-06,1.17121,1.17307,1.16516,1.17092,1437
2025-10-07,1.17093,1.1711,1.16474,1.16526,1434
2025-10-08,1.16527,1.1653,1.15983,1.1629,1435
2025-10-09,1.16289,1.1648,1.1542,1.15652,1429
2025-10-10,1.1565,1.16305,1.1559,1.16149,1260
2025-10-12,1.16138,1.1615,1.15918,1.16015,179
2025-10-13,1.16012,1.16297,1.15574,1.15658,1435
2025-10-14,1.15657,1.16148,1.15423,1.16032,1432
2025-10-15,1.1603,1.16519,1.16017,1.16456,1436
2025-10-16,1.16455,1.16994,1.16425,1.16988,1439
2025-10-17,1.16989,1.17283,1.16496,1.16509,1260
2025-10-19,1.16646,1.16655,1.16515,1.16578,179
2025-10-20,1.16579,1.16753,1.16382,1.16439,1429
2025-10-21,1.16438,1.1655,1.15975,1.15993,1437
2025-10-22,1.15996,1.16224,1.15767,1.16071,1429
2025-10-23,1.16071,1.16213,1.15853,1.16171,1435
2025-10-24,1.1617,1.1649,1.16008,1.16266,1258
2025-10-26,1.16346,1.16375,1.16253,1.16349,236
2025-10-27,1.16348,1.16587,1.16176,1.16554,1436
2025-10-28,1.16556,1.16686,1.16255,1.16543,1437
2025-10-29,1.16544,1.1666,1.15773,1.1612,1433
2025-10-30,1.16119,1.16374,1.1547,1.15736,1440
2025-10-31,1.15737,1.15775,1.15214,1.1537,1200
2025-11-02,1.15294,1.15383,1.1525,1.15274,120
2025-11-03,1.15273,1.15413,1.1505,1.15184,1434
2025-11-04,1.15183,1.15334,1.14729,1.1485,1436
2025-11-05,1.14849,1.14978,1.14687,1.14957,1433
2025-11-06,1.14956,1.15522,1.1493,1.15485,1435
2025-11-07,1.15485,1.1591,1.15294,1.15656,1317
2025-11-09,1.15562,1.15582,1.15413,1.15433,114
2025-11-10,1.15434,1.15829,1.15409,1.15565,1435
2025-11-11,1.15566,1.16057,1.15468,1.15867,1433
2025-11-12,1.15865,1.15977,1.15627,1.15915,1435
2025-11-13,1.15915,1.16559,1.15789,1.163,1435
2025-11-14,1.163,1.16536,1.1606,1.16172,1319
2025-11-16,1.16143,1.16244,1.16114,1.16147,117
2025-11-17,1.16147,1.16149,1.15818,1.15899,1438
2025-11-18,1.15898,1.16076,1.15713,1.158,1436
2025-11-19,1.158,1.15971,1.15178,1.15392,1437
2025-11-20,1.15392,1.15499,1.15013,1.15334,1437
2025-11-21,1.15338,1.15524,1.14909,1.15155,1319
2025-11-23,1.15128,1.15143,1.15058,1.15073,114
2025-11-24,1.15074,1.15503,1.15018,1.152,1435
2025-11-25,1.15201,1.15859,1.15114,1.15648,1437
2025-11-26,1.15648,1.16021,1.1547,1.16017,1436
2025-11-27,1.16018,1.16132,1.15763,1.15996,1406
2025-11-28,1.15995,1.16075,1.1555,1.15973,1311
2025-11-30,1.1594,1.16078,1.15912,1.1601,118
2025-12-01,1.16011,1.16522,1.15893,1.16066,1427
2025-12-02,1.16069,1.1629,1.1591,1.1628,1433
2025-12-03,1.1628,1.16775,1.16277,1.16661,1435
2025-12-04,1.16662,1.16819,1.16409,1.16431,1436
2025-12-05,1.16433,1.16717,1.16279,1.16388,1319
2025-12-07,1.16373,1.16461,1.16341,1.16404,119
2025-12-08,1.16406,1.16718,1.16163,1.16407,1438
2025-12-09,1.16405,1.16571,1.16149,1.16278,1435
2025-12-10,1.1628,1.17027,1.16214,1.17013,1437
2025-12-11,1.17013,1.17627,1.16821,1.17407,1439
2025-12-12,1.17407,1.17497,1.17195,1.17396,1319
2025-12-14,1.17358,1.17406,1.17277,1.17369,118
2025-12-15,1.1737,1.17688,1.17264,1.17533,1435
2025-12-16,1.17535,1.1804,1.1735,1.17492,1439
2025-12-17,1.1749,1.1758,1.1703,1.17414,1431
2025-12-18,1.17415,1.17627,1.17123,1.17246,1432
2025-12-19,1.17247,1.17377,1.17021,1.17103,1317
2025-12-21,1.17149,1.17169,1.17058,1.17103,120
2025-12-22,1.17098,1.17693,1.17093,1.17634,1438
2025-12-23,1.17635,1.18021,1.17628,1.17946,1439
2025-12-24,1.17946,1.18079,1.17695,1.17714,1343
2025-12-25,1.17708,1.17843,1.17663,1.17833,292
2025-12-26,1.17839,1.17966,1.17615,1.1768,1319
2025-12-28,1.17631,1.17777,1.17631,1.17722,113
2025-12-29,1.17723,1.1789,1.17493,1.17722,1435
2025-12-30,1.17721,1.17797,1.17431,1.17456,1427
2025-12-31,1.17455,1.17592,1.17199,1.17455,1312
