Date,open,high,low,close,n_bars
2010-01-03,1.6109,1.615,1.6105,1.6136,111
2010-01-04,1.6137,1.6239,1.6057,1.6111,1368
2010-01-05,1.6111,1.6152,1.5964,1.5988,1384
2010-01-06,1.5988,1.6062,1.5937,1.6019,1371
2010-01-07,1.6019,1.6058,1.5895,1.5932,1385
2010-01-08,1.5932,1.6109,1.5914,1.602,1270
2010-01-10,1.6066,1.6096,1.6043,1.6087,104
2010-01-11,1.6086,1.6192,1.6062,1.6109,1389
2010-01-12,1.611,1.6193,1.6061,1.6149,1376
2010-01-13,1.6152,1.6306,1.6135,1.6281,1394
2010-01-14,1.6281,1.6346,1.625,1.6332,1387
2010-01-15,1.6333,1.6355,1.6209,1.6262,1299
2010-01-17,1.6261,1.6287,1.6256,1.6286,110
2010-01-18,1.6286,1.6376,1.6248,1.635,1321
2010-01-19,1.635,1.6457,1.631,1.6356,1384
2010-01-20,1.6357,1.6369,1.6243,1.63,1381
2010-01-21,1.6301,1.631,1.6124,1.6197,1409
2010-01-22,1.6198,1.6283,1.6076,1.6111,1296
2010-01-24,1.61,1.6136,1.6088,1.6114,94
2010-01-25,1.6114,1.6259,1.6093,1.6245,1396
2010-01-26,1.6244,1.6267,1.6092,1.6141,1411
2010-01-27,1.6142,1.6243,1.6106,1.6175,1388
2010-01-28,1.6175,1.6276,1.6112,1.614,1410
2010-01-29,1.6141,1.6178,1.5977,1.5983,1305
2010-01-31,1.5944,1.5973,1.5935,1.5971,116
2010-02-01,1.5971,1.5977,1.5849,1.5944,1382
2010-02-02,1.5943,1.5994,1.5901,1.5987,1360
2010-02-03,1.5988,1.6068,1.5875,1.5913,1379
2010-02-04,1.5912,1.5917,1.5729,1.5766,1389
2010-02-05,1.5765,1.5774,1.5557,1.5639,1290
2010-02-07,1.5584,1.5606,1.5577,1.5599,112
2010-02-08,1.5599,1.5659,1.5534,1.5571,1397
2010-02-09,1.5572,1.5746,1.5561,1.5692,1375
2010-02-10,1.5691,1.5764,1.557,1.5607,1372
2010-02-11,1.5608,1.5717,1.5558,1.5699,1394
2010-02-12,1.5698,1.574,1.5579,1.5697,1277
2010-02-14,1.5679,1.568,1.5645,1.5665,90
2010-02-15,1.5666,1.572,1.561,1.5663,1209
2010-02-16,1.5664,1.5794,1.5626,1.5784,1321
2010-02-17,1.5782,1.5814,1.5665,1.5678,1317
2010-02-18,1.5678,1.5686,1.5405,1.5426,1393
2010-02-19,1.5427,1.5476,1.5349,1.547,1305
2010-02-21,1.5473,1.5476,1.5431,1.5468,109
2010-02-22,1.5469,1.552,1.5447,1.5499,1358
2010-02-23,1.5499,1.5573,1.5392,1.5443,1392
2010-02-24,1.5442,1.5475,1.5385,1.5413,1356
2010-02-25,1.5414,1.542,1.5188,1.5239,1397
2010-02-26,1.5238,1.5318,1.5151,1.5233,1295
2010-02-28,1.5154,1.518,1.5126,1.5179,114
2010-03-01,1.5178,1.5202,1.478,1.497,1404
2010-03-02,1.4971,1.5031,1.4853,1.5021,1388
2010-03-03,1.502,1.513,1.4974,1.5099,1385
2010-03-04,1.51,1.5135,1.5005,1.5029,1368
2010-03-05,1.503,1.5166,1.4991,1.5136,1253
2010-03-07,1.5127,1.5166,1.5125,1.5142,100
2010-03-08,1.5142,1.5195,1.503,1.5042,1391
2010-03-09,1.5041,1.5042,1.4935,1.5011,1382
2010-03-10,1.5012,1.5013,1.4871,1.4963,1368
2010-03-11,1.4964,1.5086,1.4945,1.5064,1366
2010-03-12,1.5065,1.5216,1.5025,1.5201,1278
2010-03-14,1.5175,1.5197,1.5168,1.5194,122
2010-03-15,1.5195,1.5206,1.5018,1.5045,1337
2010-03-16,1.5046,1.5258,1.4976,1.5233,1332
2010-03-17,1.5234,1.538,1.5208,1.5312,1349
2010-03-18,1.5312,1.5327,1.5215,1.5249,1342
2010-03-19,1.525,1.5254,1.4987,1.501,1176
2010-03-21,1.5024,1.5024,1.4979,1.4992,150
2010-03-22,1.4991,1.5109,1.4931,1.5108,1359
2010-03-23,1.5108,1.5111,1.4971,1.5019,1350
2010-03-24,1.5019,1.5035,1.4853,1.4895,1371
2010-03-25,1.4896,1.5005,1.4796,1.4846,1366
2010-03-26,1.4846,1.4923,1.4809,1.4895,1211
2010-03-28,1.492,1.4963,1.4909,1.4911,160
2010-03-29,1.4911,1.5018,1.489,1.4988,1327
2010-03-30,1.4989,1.5125,1.4973,1.5084,1318
2010-03-31,1.5083,1.5203,1.5042,1.5194,1361
2010-04-01,1.5193,1.5298,1.5179,1.5292,1330
2010-04-02,1.5292,1.5292,1.5181,1.5205,966
2010-04-04,1.5282,1.5292,1.5251,1.5255,158
2010-04-05,1.5256,1.5318,1.5222,1.528,1265
2010-04-06,1.528,1.528,1.5128,1.5235,1343
2010-04-07,1.5235,1.5285,1.5137,1.522,1369
2010-04-08,1.5221,1.5302,1.514,1.5295,1340
2010-04-09,1.5294,1.539,1.5266,1.5373,1212
2010-04-11,1.5459,1.5464,1.5414,1.5434,177
2010-04-12,1.5435,1.5484,1.5351,1.5366,1358
2010-04-13,1.5367,1.5448,1.5335,1.5377,1359
2010-04-14,1.5378,1.549,1.5376,1.5474,1334
2010-04-15,1.5475,1.5522,1.5384,1.5458,1407
2010-04-16,1.5459,1.5473,1.5354,1.536,1223
2010-04-18,1.5274,1.5313,1.5263,1.5284,159
2010-04-19,1.5285,1.5342,1.519,1.5331,1361
2010-04-20,1.5332,1.5431,1.5288,1.5362,1365
2010-04-21,1.5362,1.5439,1.5331,1.5413,1368
2010-04-22,1.5412,1.5472,1.532,1.5339,1400
2010-04-23,1.534,1.5398,1.5294,1.5374,1231
2010-04-25,1.5386,1.5389,1.5371,1.5385,124
2010-04-26,1.5386,1.5497,1.5386,1.5475,1398
2010-04-27,1.5474,1.5475,1.5224,1.5258,1389
2010-04-28,1.5258,1.5287,1.5124,1.519,1397
2010-04-29,1.519,1.5363,1.5141,1.5342,1405
2010-04-30,1.5342,1.539,1.5252,1.5272,1235
2010-05-02,1.5331,1.5332,1.5291,1.5298,156
2010-05-03,1.5299,1.5308,1.521,1.5242,1355
2010-05-04,1.5241,1.5263,1.5089,1.5134,1347
2010-05-05,1.5134,1.5172,1.5066,1.5097,1405
2010-05-06,1.5097,1.5146,1.4708,1.4896,1426
2010-05-07,1.4896,1.4934,1.4474,1.48,1259
2010-05-09,1.4879,1.4882,1.4759,1.4805,179
2010-05-10,1.4805,1.5053,1.4786,1.4833,1414
2010-05-11,1.4834,1.5003,1.4719,1.4951,1420
2010-05-12,1.4952,1.5044,1.4817,1.4847,1400
2010-05-13,1.4847,1.4917,1.4571,1.459,1397
2010-05-14,1.4591,1.4638,1.4495,1.4532,1247
2010-05-16,1.451,1.4544,1.4465,1.4477,139
2010-05-17,1.4476,1.4508,1.425,1.4463,1416
2010-05-18,1.4462,1.4518,1.4254,1.4255,1414
2010-05-19,1.4256,1.4465,1.4237,1.4423,1413
2010-05-20,1.4422,1.4458,1.4228,1.4392,1420
2010-05-21,1.4392,1.4494,1.4315,1.4457,1258
2010-05-23,1.4461,1.4486,1.4432,1.4441,148
2010-05-24,1.4441,1.4526,1.435,1.4383,1405
2010-05-25,1.4383,1.4447,1.4256,1.4389,1420
2010-05-26,1.4389,1.4441,1.4328,1.439,1420
2010-05-27,1.439,1.4605,1.4378,1.4563,1418
2010-05-28,1.4564,1.4609,1.4432,1.4448,1248
2010-05-30,1.4417,1.4466,1.4401,1.4461,128
2010-05-31,1.446,1.4546,1.4424,1.4504,1319
2010-06-01,1.4504,1.4721,1.4437,1.467,1413
2010-06-02,1.4668,1.4768,1.4551,1.4669,1403
2010-06-03,1.4668,1.4741,1.4584,1.464,1395
2010-06-04,1.464,1.468,1.445,1.445,1231
2010-06-06,1.4409,1.4444,1.4406,1.4421,145
2010-06-07,1.4422,1.4561,1.4386,1.4472,1386
2010-06-08,1.4472,1.4527,1.4344,1.4442,1384
2010-06-09,1.4442,1.4606,1.4393,1.4545,1369
2010-06-10,1.4546,1.4726,1.4507,1.4722,1408
2010-06-11,1.4722,1.4757,1.4502,1.4548,1246
2010-06-13,1.4574,1.461,1.4549,1.461,143
2010-06-14,1.461,1.4807,1.4568,1.4731,1382
2010-06-15,1.4732,1.4834,1.468,1.4796,1377
2010-06-16,1.4796,1.4853,1.4703,1.4707,1377
2010-06-17,1.4706,1.4836,1.4643,1.4806,1381
2010-06-18,1.4807,1.4884,1.4769,1.4822,1222
2010-06-20,1.4859,1.4873,1.4824,1.4835,160
2010-06-21,1.4835,1.4935,1.4736,1.4759,1383
2010-06-22,1.476,1.4857,1.4685,1.4806,1383
2010-06-23,1.4806,1.4971,1.48,1.4964,1407
2010-06-24,1.4964,1.501,1.4913,1.493,1389
2010-06-25,1.493,1.5076,1.4854,1.5058,1236
2010-06-27,1.5058,1.5063,1.5029,1.5041,99
2010-06-28,1.504,1.5126,1.5014,1.5103,1352
2010-06-29,1.5104,1.5118,1.501,1.5052,1382
2010-06-30,1.5051,1.5072,1.493,1.4955,1408
2010-07-01,1.4956,1.5188,1.4871,1.5161,1404
2010-07-02,1.5161,1.5227,1.5147,1.5192,1233
2010-07-04,1.52,1.52,1.5183,1.5185,91
2010-07-05,1.5186,1.5197,1.5087,1.5099,1125
2010-07-06,1.5098,1.5224,1.5079,1.5154,1351
2010-07-07,1.5153,1.5217,1.5078,1.518,1343
2010-07-08,1.5181,1.5238,1.5099,1.5144,1333
2010-07-09,1.5146,1.5202,1.5048,1.5062,1190
2010-07-11,1.5075,1.5077,1.5048,1.507,121
2010-07-12,1.5071,1.5083,1.4945,1.5027,1282
2010-07-13,1.5026,1.5197,1.4962,1.5194,1338
2010-07-14,1.5193,1.5294,1.5186,1.5257,1310
2010-07-15,1.5258,1.5469,1.5234,1.542,1365
2010-07-16,1.5419,1.5444,1.5276,1.5297,1180
2010-07-18,1.5273,1.5317,1.5273,1.5289,132
2010-07-19,1.5288,1.5348,1.52,1.5215,1324
2010-07-20,1.5214,1.5307,1.515,1.5287,1338
2010-07-21,1.5288,1.5333,1.5121,1.5182,1335
2010-07-22,1.5183,1.5293,1.5147,1.5282,1321
2010-07-23,1.5281,1.5446,1.5255,1.5421,1184
2010-07-25,1.5415,1.5444,1.5407,1.5442,105
2010-07-26,1.5443,1.5517,1.5416,1.5476,1328
2010-07-27,1.5477,1.5597,1.5439,1.558,1306
2010-07-28,1.5581,1.5635,1.5543,1.56,1326
2010-07-29,1.5599,1.5659,1.5577,1.56,1303
2010-07-30,1.5599,1.5718,1.5549,1.5684,1190
2010-08-01,1.5709,1.573,1.5693,1.5706,126
2010-08-02,1.5708,1.5904,1.5698,1.5885,1290
2010-08-03,1.5886,1.5965,1.5859,1.5938,1262
2010-08-04,1.5939,1.5961,1.5853,1.5883,1316
2010-08-05,1.5884,1.5921,1.5817,1.5874,1214
2010-08-06,1.5873,1.5995,1.5837,1.5941,1133
2010-08-08,1.5963,1.5993,1.5959,1.596,130
2010-08-09,1.5959,1.5991,1.5879,1.5882,1205
2010-08-10,1.5883,1.5906,1.5707,1.5812,1362
2010-08-11,1.5811,1.5831,1.5611,1.5634,1361
2010-08-12,1.5635,1.571,1.5559,1.559,1305
2010-08-13,1.5591,1.5677,1.557,1.5588,1180
2010-08-15,1.5606,1.5611,1.5565,1.5582,119
2010-08-16,1.5581,1.5699,1.5532,1.5645,1290
2010-08-17,1.5644,1.5692,1.5549,1.557,1299
2010-08-18,1.5569,1.5685,1.5495,1.5554,1339
2010-08-19,1.5555,1.5669,1.5506,1.5572,1324
2010-08-20,1.5571,1.5592,1.546,1.5531,1178
2010-08-22,1.553,1.5551,1.5528,1.555,123
2010-08-23,1.5549,1.5616,1.5481,1.5489,1306
2010-08-24,1.549,1.5502,1.5369,1.5403,1358
2010-08-25,1.5404,1.5478,1.5386,1.5474,1298
2010-08-26,1.5473,1.5595,1.5466,1.5518,1311
2010-08-27,1.5517,1.5542,1.5439,1.5526,1148
2010-08-29,1.5531,1.5543,1.5512,1.5536,122
2010-08-30,1.5535,1.5573,1.5453,1.547,1217
2010-08-31,1.5469,1.547,1.5324,1.5338,1285
2010-09-01,1.5339,1.5489,1.5333,1.5442,1306
2010-09-02,1.544,1.5448,1.5347,1.5388,1186
2010-09-03,1.5389,1.5465,1.5388,1.5449,1114
2010-09-05,1.5428,1.545,1.5428,1.5448,66
2010-09-06,1.5449,1.5486,1.5343,1.5358,1072
2010-09-07,1.5359,1.5421,1.5294,1.5348,1295
2010-09-08,1.5351,1.553,1.5348,1.547,1257
2010-09-09,1.5469,1.5474,1.5373,1.5412,1274
2010-09-10,1.5411,1.5464,1.5342,1.5354,1139
2010-09-12,1.5356,1.5394,1.535,1.5394,103
2010-09-13,1.5393,1.5485,1.5378,1.5379,1247
2010-09-14,1.538,1.5585,1.5345,1.5536,1284
2010-09-15,1.5538,1.5649,1.5446,1.5632,1324
2010-09-16,1.5633,1.5646,1.5535,1.5601,1299
2010-09-17,1.5602,1.5726,1.5592,1.5629,1174
2010-09-19,1.5654,1.5662,1.5634,1.5639,93
2010-09-20,1.5638,1.5683,1.5534,1.5547,1189
2010-09-21,1.5546,1.5641,1.5501,1.5627,1299
2010-09-22,1.5628,1.5712,1.5601,1.5639,1320
2010-09-23,1.564,1.5738,1.5608,1.5659,1273
2010-09-24,1.566,1.584,1.5638,1.5822,1161
2010-09-26,1.5818,1.5841,1.5814,1.5824,90
2010-09-27,1.5823,1.5864,1.5784,1.5807,1306
2010-09-28,1.5806,1.5892,1.5716,1.5804,1282
2010-09-29,1.5803,1.5871,1.5759,1.5801,1278
2010-09-30,1.58,1.592,1.5667,1.5728,1359
2010-10-01,1.5729,1.587,1.5701,1.5817,1173
2010-10-03,1.5798,1.5824,1.5797,1.5817,127
2010-10-04,1.5816,1.5866,1.5746,1.5805,1271
2010-10-05,1.5806,1.5929,1.575,1.591,1305
2010-10-06,1.5908,1.5938,1.5832,1.5863,1298
2010-10-07,1.5864,1.6016,1.5826,1.5876,1283
2010-10-08,1.5877,1.5964,1.5822,1.5961,1148
2010-10-10,1.595,1.596,1.5928,1.5956,122
2010-10-11,1.5955,1.5962,1.5867,1.5874,1248
2010-10-12,1.5875,1.5916,1.5753,1.5801,1332
2010-10-13,1.5802,1.5937,1.5773,1.5932,1331
2010-10-14,1.5933,1.6065,1.5933,1.5985,1347
2010-10-15,1.5984,1.6106,1.5974,1.599,1191
2010-10-17,1.5976,1.6002,1.597,1.5992,143
2010-10-18,1.5994,1.5994,1.5836,1.5903,1374
2010-10-19,1.5904,1.5941,1.5649,1.5653,1395
2010-10-20,1.5654,1.5877,1.5654,1.5846,1349
2010-10-21,1.5847,1.5848,1.5685,1.5716,1367
2010-10-22,1.5715,1.5749,1.565,1.5679,1205
2010-10-24,1.5678,1.5682,1.5663,1.5682,157
2010-10-25,1.5683,1.5771,1.5676,1.5708,1372
2010-10-26,1.5707,1.5895,1.5705,1.584,1350
2010-10-27,1.5839,1.5864,1.5729,1.5789,1346
2010-10-28,1.5788,1.5977,1.576,1.5961,1325
2010-10-29,1.5962,1.6043,1.5876,1.6038,1227
2010-10-31,1.6044,1.6057,1.6038,1.6045,128
2010-11-01,1.6046,1.6088,1.5989,1.6056,1341
2010-11-02,1.6057,1.6079,1.596,1.6028,1318
2010-11-03,1.6027,1.617,1.6006,1.6105,1366
2010-11-04,1.6106,1.6298,1.6087,1.6274,1342
2010-11-05,1.6273,1.6278,1.6165,1.6181,1198
2010-11-07,1.6192,1.6208,1.618,1.6203,65
2010-11-08,1.6204,1.6212,1.6103,1.6112,1369
2010-11-09,1.6111,1.6183,1.5951,1.5998,1419
2010-11-10,1.5997,1.6135,1.5959,1.6119,1393
2010-11-11,1.6118,1.6178,1.608,1.6101,1382
2010-11-12,1.61,1.6182,1.5985,1.6112,1292
2010-11-14,1.6148,1.615,1.6121,1.6125,90
2010-11-15,1.6126,1.6153,1.6039,1.6039,1380
2010-11-16,1.604,1.6086,1.5838,1.5884,1389
2010-11-17,1.5885,1.5947,1.5853,1.5917,1351
2010-11-18,1.5918,1.6055,1.5887,1.6049,1387
2010-11-19,1.605,1.6093,1.5935,1.5978,1260
2010-11-21,1.5979,1.6005,1.5967,1.5999,104
2010-11-22,1.6001,1.6083,1.5897,1.594,1364
2010-11-23,1.5941,1.5953,1.5758,1.5798,1405
2010-11-24,1.5797,1.5836,1.574,1.5787,1378
2010-11-25,1.5788,1.5792,1.5724,1.5756,1227
2010-11-26,1.5755,1.5765,1.5575,1.559,1224
2010-11-28,1.5594,1.5605,1.5583,1.5588,109
2010-11-29,1.5589,1.5646,1.5526,1.5547,1374
2010-11-30,1.5548,1.5594,1.5483,1.557,1368
2010-12-01,1.5569,1.5647,1.5546,1.561,1379
2010-12-02,1.5609,1.5666,1.551,1.5587,1333
2010-12-03,1.5588,1.5787,1.558,1.5775,1241
2010-12-05,1.5758,1.5773,1.5757,1.5765,81
2010-12-06,1.5764,1.5768,1.5654,1.5708,1329
2010-12-07,1.5707,1.5821,1.5703,1.5753,1379
2010-12-08,1.5754,1.5835,1.5667,1.5793,1372
2010-12-09,1.5794,1.584,1.571,1.5771,1359
2010-12-10,1.5773,1.5861,1.5746,1.5799,1208
2010-12-12,1.5798,1.5803,1.5792,1.5794,77
2010-12-13,1.5792,1.5896,1.5718,1.5858,1256
2010-12-14,1.5859,1.591,1.5738,1.5761,1341
2010-12-15,1.5762,1.5768,1.553,1.5557,1346
2010-12-16,1.5558,1.5636,1.554,1.5629,1270
2010-12-17,1.563,1.5646,1.5453,1.5531,1232
2010-12-19,1.5515,1.5523,1.5505,1.551,76
2010-12-20,1.5509,1.5575,1.5475,1.5504,1285
2010-12-21,1.5505,1.5566,1.5435,1.5464,1280
2010-12-22,1.5463,1.5493,1.5354,1.5404,1250
2010-12-23,1.5405,1.5446,1.5372,1.5443,1201
2010-12-24,1.5444,1.5474,1.5416,1.5437,870
2010-12-26,1.544,1.5443,1.5406,1.5406,74
2010-12-27,1.5407,1.5456,1.5369,1.5444,1190
2010-12-28,1.5445,1.551,1.5344,1.5352,1300
2010-12-29,1.5353,1.5517,1.535,1.5501,1273
2010-12-30,1.5502,1.5535,1.5366,1.5434,1246
2010-12-31,1.5433,1.5664,1.5423,1.5591,1096
2011-01-02,1.5565,1.5586,1.5532,1.557,90
2011-01-03,1.5571,1.5575,1.5432,1.5486,1220
2011-01-04,1.5487,1.5645,1.5453,1.5595,1321
2011-01-05,1.5596,1.5626,1.5449,1.551,1352
2011-01-06,1.5509,1.5563,1.5445,1.5448,1345
2011-01-07,1.5449,1.5578,1.5405,1.5545,1279
2011-01-09,1.5522,1.5548,1.552,1.554,90
2011-01-10,1.5542,1.5602,1.5474,1.5586,1315
2011-01-11,1.5587,1.5638,1.5511,1.5605,1333
2011-01-12,1.5606,1.5779,1.5582,1.5744,1355
2011-01-13,1.5743,1.5882,1.5717,1.5842,1347
2011-01-14,1.5843,1.5888,1.5809,1.5868,1235
2011-01-16,1.5864,1.5882,1.5864,1.5878,77
2011-01-17,1.5879,1.5953,1.5834,1.5896,1241
2011-01-18,1.5895,1.6058,1.5894,1.5956,1346
2011-01-19,1.5957,1.6036,1.5943,1.5972,1367
2011-01-20,1.5971,1.6009,1.5836,1.5906,1363
2011-01-21,1.5907,1.6016,1.5866,1.5998,1257
2011-01-23,1.6002,1.6011,1.5984,1.5992,82
2011-01-24,1.5991,1.6012,1.5919,1.5982,1338
2011-01-25,1.5983,1.6016,1.5749,1.5815,1369
2011-01-26,1.5816,1.5937,1.5768,1.5927,1374
2011-01-27,1.5926,1.5989,1.5879,1.5923,1368
2011-01-28,1.5922,1.5965,1.5824,1.5859,1270
2011-01-30,1.5846,1.5853,1.582,1.5826,102
2011-01-31,1.5825,1.6047,1.5822,1.6025,1366
2011-02-01,1.6024,1.6163,1.6023,1.6133,1365
2011-02-02,1.6132,1.6229,1.6127,1.6201,1375
2011-02-03,1.6202,1.6277,1.612,1.6132,1319
2011-02-04,1.6133,1.6171,1.6035,1.611,1212
2011-02-06,1.6097,1.6101,1.609,1.6097,91
2011-02-07,1.6098,1.6184,1.6088,1.6125,1327
2011-02-08,1.6126,1.6161,1.6026,1.6063,1327
2011-02-09,1.6062,1.6124,1.6032,1.6098,1343
2011-02-10,1.6097,1.6136,1.601,1.6094,1331
2011-02-11,1.6095,1.6112,1.5962,1.6005,1230
2011-02-13,1.5985,1.6007,1.5985,1.6,80
2011-02-14,1.6001,1.6076,1.598,1.6023,1305
2011-02-15,1.6024,1.617,1.6006,1.6133,1320
2011-02-16,1.6131,1.6185,1.5985,1.609,1325
2011-02-17,1.6089,1.6185,1.6075,1.6175,1331
2011-02-18,1.6174,1.6262,1.6147,1.6253,1185
2011-02-20,1.6258,1.6259,1.624,1.6248,94
2011-02-21,1.6247,1.6251,1.6203,1.6226,1128
2011-02-22,1.6227,1.6227,1.6099,1.6157,1380
2011-02-23,1.6156,1.6273,1.6156,1.6231,1351
2011-02-24,1.623,1.6253,1.6084,1.6141,1324
2011-02-25,1.6142,1.616,1.603,1.6116,1218
2011-02-27,1.6111,1.6111,1.6079,1.6096,85
2011-02-28,1.6097,1.6275,1.607,1.6267,1328
2011-03-01,1.6268,1.6328,1.625,1.6255,1344
2011-03-02,1.6256,1.6343,1.6214,1.6327,1284
2011-03-03,1.6328,1.6332,1.6252,1.6273,1291
2011-03-04,1.6274,1.6304,1.6234,1.6267,1155
2011-03-06,1.6276,1.6282,1.6263,1.6263,65
2011-03-07,1.6264,1.6341,1.6182,1.6194,1218
2011-03-08,1.6193,1.6207,1.6124,1.6159,1267
2011-03-09,1.6158,1.6242,1.6137,1.62,1264
2011-03-10,1.6201,1.6211,1.6037,1.6063,1310
2011-03-11,1.6064,1.6086,1.5976,1.6079,1221
2011-03-13,1.6088,1.6096,1.6062,1.6067,155
2011-03-14,1.6068,1.6198,1.6026,1.6169,1304
2011-03-15,1.617,1.6183,1.5977,1.6069,1365
2011-03-16,1.6068,1.613,1.5982,1.5989,1401
2011-03-17,1.5987,1.617,1.5982,1.6145,1380
2011-03-18,1.6144,1.6255,1.6059,1.6232,1227
2011-03-20,1.6233,1.6235,1.621,1.6221,125
2011-03-21,1.622,1.6326,1.6203,1.6306,1294
2011-03-22,1.6307,1.64,1.6292,1.6357,1284
2011-03-23,1.6358,1.6381,1.6217,1.6245,1328
2011-03-24,1.6246,1.6266,1.609,1.6118,1321
2011-03-25,1.6117,1.6141,1.6006,1.604,1193
2011-03-27,1.6004,1.6017,1.6,1.601,137
2011-03-28,1.6009,1.6037,1.5935,1.598,1292
2011-03-29,1.5979,1.6041,1.5941,1.6018,1287
2011-03-30,1.6017,1.6082,1.5977,1.608,1324
2011-03-31,1.6079,1.615,1.6014,1.6021,1326
2011-04-01,1.602,1.6131,1.5971,1.611,1178
2011-04-03,1.6108,1.6127,1.6102,1.6122,120
2011-04-04,1.6123,1.6176,1.6106,1.6112,1223
2011-04-05,1.6113,1.6303,1.609,1.6302,1306
2011-04-06,1.6303,1.6362,1.6256,1.6322,1260
2011-04-07,1.6321,1.6349,1.6261,1.6315,1264
2011-04-08,1.6316,1.6426,1.6314,1.6382,1202
2011-04-10,1.6373,1.6391,1.6367,1.6391,119
2011-04-11,1.639,1.6425,1.6312,1.6336,1293
2011-04-12,1.6337,1.6342,1.6226,1.6259,1344
2011-04-13,1.6258,1.6308,1.6236,1.6276,1338
2011-04-14,1.6275,1.6383,1.6253,1.6368,1323
2011-04-15,1.6367,1.6371,1.629,1.6327,1193
2011-04-17,1.6307,1.6324,1.63,1.6314,133
2011-04-18,1.6315,1.6327,1.6165,1.6264,1351
2011-04-19,1.6265,1.6338,1.6229,1.6331,1322
2011-04-20,1.633,1.6425,1.6306,1.639,1326
2011-04-21,1.6389,1.6598,1.6387,1.6518,1292
2011-04-22,1.6519,1.6568,1.6501,1.6507,759
2011-04-24,1.6529,1.6551,1.6514,1.6546,119
2011-04-25,1.6545,1.6547,1.6466,1.6491,1202
2011-04-26,1.649,1.6531,1.643,1.6508,1331
2011-04-27,1.6509,1.6668,1.6434,1.6645,1339
2011-04-28,1.6644,1.6745,1.6623,1.6644,1311
2011-04-29,1.6645,1.6721,1.6623,1.6705,1161
2011-05-01,1.6712,1.673,1.6669,1.6694,147
2011-05-02,1.6695,1.6737,1.6635,1.6642,1341
2011-05-03,1.6641,1.6646,1.6462,1.6487,1351
2011-05-04,1.6486,1.6573,1.6451,1.6485,1360
2011-05-05,1.6486,1.6543,1.6357,1.6399,1362
2011-05-06,1.64,1.6463,1.6354,1.6365,1234
2011-05-08,1.6356,1.6386,1.6341,1.6371,151
2011-05-09,1.637,1.6419,1.6269,1.6405,1358
2011-05-10,1.6404,1.6415,1.6315,1.6359,1333
2011-05-11,1.636,1.6516,1.6321,1.6365,1353
2011-05-12,1.6364,1.6378,1.6233,1.627,1316
2011-05-13,1.6271,1.6307,1.6146,1.6195,1224
2011-05-15,1.621,1.6212,1.6165,1.617,137
2011-05-16,1.6171,1.6254,1.6159,1.6196,1342
2011-05-17,1.6197,1.6302,1.6174,1.6248,1349
2011-05-18,1.6247,1.6286,1.6103,1.6155,1333
2011-05-19,1.6156,1.6241,1.6129,1.6227,1358
2011-05-20,1.6226,1.6303,1.6165,1.6228,1159
2011-05-22,1.6223,1.6228,1.6209,1.6227,121
2011-05-23,1.6226,1.6232,1.6063,1.6071,1388
2011-05-24,1.6072,1.6208,1.6067,1.6177,1333
2011-05-25,1.6176,1.6294,1.613,1.628,1353
2011-05-26,1.6279,1.6407,1.6273,1.6391,1388
2011-05-27,1.639,1.6512,1.6382,1.6508,1223
2011-05-29,1.65,1.6511,1.6475,1.6485,141
2011-05-30,1.6483,1.6507,1.6449,1.6498,1190
2011-05-31,1.6499,1.6545,1.6424,1.6465,1322
2011-06-01,1.6466,1.6494,1.6314,1.6336,1337
2011-06-02,1.6337,1.6417,1.6304,1.6371,1335
2011-06-03,1.6372,1.6437,1.6286,1.6424,1201
2011-06-05,1.6409,1.6455,1.6408,1.6452,129
2011-06-06,1.6453,1.6459,1.6339,1.6352,1322
2011-06-07,1.6353,1.6471,1.6323,1.6438,1324
2011-06-08,1.6437,1.6446,1.6346,1.6402,1353
2011-06-09,1.6403,1.6465,1.6357,1.6374,1320
2011-06-10,1.6375,1.6382,1.6219,1.6225,1207
2011-06-12,1.6231,1.6243,1.6214,1.6229,105
2011-06-13,1.623,1.6389,1.622,1.6365,1341
2011-06-14,1.6366,1.6441,1.6354,1.637,1354
2011-06-15,1.6369,1.6376,1.6167,1.6199,1358
2011-06-16,1.6198,1.6224,1.6077,1.6162,1372
2011-06-17,1.6161,1.6198,1.6092,1.6192,1219
2011-06-19,1.6161,1.6178,1.615,1.6152,141
2011-06-20,1.6153,1.6253,1.6108,1.6233,1335
2011-06-21,1.6234,1.6248,1.6166,1.6218,1347
2011-06-22,1.6217,1.6261,1.6042,1.6047,1368
2011-06-23,1.6046,1.6066,1.5936,1.602,1386
2011-06-24,1.6019,1.6045,1.595,1.5957,1210
2011-06-26,1.5964,1.5966,1.5944,1.5952,117
2011-06-27,1.5951,1.601,1.5912,1.5985,1367
2011-06-28,1.5986,1.6043,1.591,1.5985,1343
2011-06-29,1.5984,1.6079,1.5969,1.6065,1335
2011-06-30,1.6066,1.6117,1.5971,1.6018,1366
2011-07-01,1.6019,1.6094,1.5987,1.6072,1182
2011-07-03,1.6061,1.6077,1.6055,1.6074,135
2011-07-04,1.6073,1.6139,1.6053,1.6084,1188
2011-07-05,1.6083,1.6127,1.5989,1.6059,1337
2011-07-06,1.606,1.609,1.5946,1.6016,1314
2011-07-07,1.6015,1.6017,1.5943,1.5972,1306
2011-07-08,1.5971,1.6076,1.593,1.6057,1191
2011-07-10,1.6016,1.6038,1.6013,1.6029,165
2011-07-11,1.6028,1.6041,1.5881,1.5899,1354
2011-07-12,1.5898,1.5948,1.5779,1.5924,1403
2011-07-13,1.5925,1.6193,1.5905,1.6182,1417
2011-07-14,1.6183,1.6184,1.6093,1.6152,1360
2011-07-15,1.6153,1.6168,1.6075,1.6134,1215
2011-07-17,1.6109,1.6133,1.6103,1.6117,160
2011-07-18,1.6116,1.6127,1.6004,1.6067,1358
2011-07-19,1.6068,1.6176,1.6054,1.6125,1352
2011-07-20,1.6124,1.6173,1.6068,1.6164,1332
2011-07-21,1.6165,1.634,1.6119,1.632,1339
2011-07-22,1.6319,1.6326,1.6263,1.6298,1142
2011-07-24,1.6333,1.6342,1.6295,1.6296,160
2011-07-25,1.6297,1.6327,1.626,1.6279,1292
2011-07-26,1.6278,1.6427,1.6264,1.6417,1329
2011-07-27,1.6416,1.6438,1.6311,1.6324,1349
2011-07-28,1.6325,1.6382,1.6292,1.6358,1319
2011-07-29,1.6357,1.6469,1.626,1.6424,1218
2011-07-31,1.6425,1.6425,1.6387,1.6411,134
2011-08-01,1.641,1.6473,1.6236,1.6313,1344
2011-08-02,1.6312,1.6328,1.6223,1.6276,1353
2011-08-03,1.6277,1.6439,1.6249,1.6435,1353
2011-08-04,1.6434,1.6436,1.6227,1.6238,1382
2011-08-05,1.6237,1.6396,1.6232,1.6389,1241
2011-08-07,1.6469,1.6477,1.6409,1.6421,167
2011-08-08,1.642,1.647,1.6296,1.6318,1408
2011-08-09,1.6317,1.6409,1.6174,1.6301,1418
2011-08-10,1.6302,1.6313,1.611,1.611,1397
2011-08-11,1.6112,1.6242,1.611,1.6228,1381
2011-08-12,1.6227,1.6311,1.6165,1.6276,1211
2011-08-14,1.6278,1.6294,1.6277,1.6283,132
2011-08-15,1.6284,1.6408,1.6254,1.6377,1274
2011-08-16,1.6376,1.6475,1.6321,1.644,1316
2011-08-17,1.6441,1.6589,1.6347,1.6532,1309
2011-08-18,1.6531,1.6553,1.6419,1.6475,1348
2011-08-19,1.6476,1.6617,1.6443,1.6463,1230
2011-08-21,1.6468,1.6483,1.6465,1.6473,138
2011-08-22,1.6474,1.6519,1.6434,1.6456,1324
2011-08-23,1.6457,1.6571,1.6453,1.6493,1310
2011-08-24,1.6494,1.6533,1.6351,1.6365,1347
2011-08-25,1.6364,1.6396,1.6259,1.629,1294
2011-08-26,1.6289,1.6377,1.6207,1.6367,1185
2011-08-28,1.635,1.6352,1.6322,1.6345,140
2011-08-29,1.6346,1.6453,1.634,1.6397,1276
2011-08-30,1.6398,1.6418,1.6254,1.6309,1278
2011-08-31,1.631,1.6332,1.623,1.6245,1323
2011-09-01,1.6246,1.6251,1.6131,1.6191,1319
2011-09-02,1.619,1.6252,1.617,1.6215,1148
2011-09-04,1.6154,1.6173,1.6135,1.6163,163
2011-09-05,1.6164,1.6184,1.606,1.6089,1285
2011-09-06,1.6091,1.6195,1.592,1.595,1358
2011-09-07,1.5949,1.6038,1.5917,1.5969,1343
2011-09-08,1.5968,1.6082,1.5912,1.5955,1332
2011-09-09,1.5956,1.599,1.5843,1.5882,1222
2011-09-11,1.5836,1.586,1.5824,1.5853,156
2011-09-12,1.5854,1.5884,1.5772,1.5845,1374
2011-09-13,1.5844,1.5868,1.5761,1.5782,1352
2011-09-14,1.5783,1.5814,1.5705,1.5769,1373
2011-09-15,1.5768,1.5867,1.573,1.5795,1355
2011-09-16,1.5794,1.584,1.5743,1.5791,1217
2011-09-18,1.5732,1.5754,1.5705,1.5708,160
2011-09-19,1.5709,1.5755,1.5631,1.567,1367
2011-09-20,1.5671,1.5746,1.5657,1.5733,1367
2011-09-21,1.5732,1.5741,1.5482,1.5498,1401
2011-09-22,1.5499,1.5502,1.5327,1.5386,1412
2011-09-23,1.5385,1.549,1.5373,1.5463,1247
2011-09-25,1.5481,1.5493,1.5458,1.5474,146
2011-09-26,1.5473,1.557,1.5431,1.5549,1408
2011-09-27,1.555,1.5704,1.5525,1.5631,1373
2011-09-28,1.563,1.5676,1.5547,1.5549,1375
2011-09-29,1.555,1.5715,1.5541,1.5608,1385
2011-09-30,1.5609,1.5665,1.5531,1.5582,1247
2011-10-02,1.5549,1.5583,1.5549,1.5569,133
2011-10-03,1.5568,1.5584,1.5419,1.543,1402
2011-10-04,1.5431,1.5494,1.5339,1.5462,1419
2011-10-05,1.5463,1.5491,1.5393,1.5464,1388
2011-10-06,1.5465,1.55,1.527,1.5436,1388
2011-10-07,1.5435,1.5644,1.5421,1.5561,1236
2011-10-09,1.556,1.5563,1.5526,1.5549,141
2011-10-10,1.5548,1.5687,1.5544,1.5644,1362
2011-10-11,1.5643,1.5662,1.5573,1.5578,1357
2011-10-12,1.5579,1.5797,1.5541,1.5733,1356
2011-10-13,1.5734,1.5783,1.5665,1.5742,1369
2011-10-14,1.5741,1.5851,1.572,1.5818,1221
2011-10-16,1.5829,1.5837,1.5809,1.5815,133
2011-10-17,1.5816,1.5846,1.573,1.5745,1355
2011-10-18,1.5746,1.582,1.563,1.5701,1378
2011-10-19,1.57,1.5846,1.5699,1.577,1378
2011-10-20,1.5771,1.5802,1.568,1.5799,1384
2011-10-21,1.5798,1.5972,1.5752,1.5951,1228
2011-10-23,1.5933,1.5947,1.5929,1.594,133
2011-10-24,1.5939,1.6007,1.5899,1.5995,1363
2011-10-25,1.5996,1.6037,1.5955,1.6001,1356
2011-10-26,1.6,1.6041,1.589,1.5969,1367
2011-10-27,1.597,1.614,1.5966,1.6097,1407
2011-10-28,1.6096,1.6151,1.607,1.6139,1208
2011-10-30,1.6125,1.6136,1.6107,1.6108,105
2011-10-31,1.6109,1.6164,1.5964,1.6075,1406
2011-11-01,1.6074,1.6091,1.5889,1.5938,1396
2011-11-02,1.5937,1.6046,1.5882,1.5905,1393
2011-11-03,1.5904,1.6061,1.5875,1.6033,1386
2011-11-04,1.6034,1.6062,1.5944,1.6031,1219
2011-11-06,1.6067,1.6073,1.6015,1.6033,100
2011-11-07,1.6032,1.6078,1.5978,1.6062,1363
2011-11-08,1.6061,1.6129,1.6034,1.6097,1359
2011-11-09,1.6096,1.6119,1.5901,1.591,1387
2011-11-10,1.5909,1.5984,1.5867,1.5937,1374
2011-11-11,1.5936,1.6092,1.5894,1.6064,1285
2011-11-13,1.6088,1.6088,1.6062,1.6075,103
2011-11-14,1.6076,1.6091,1.5879,1.5897,1359
2011-11-15,1.5896,1.5931,1.5797,1.5801,1378
2011-11-16,1.5802,1.5814,1.5694,1.5702,1407
2011-11-17,1.5703,1.5811,1.569,1.5747,1395
2011-11-18,1.5748,1.5887,1.5736,1.5804,1296
2011-11-20,1.5797,1.5798,1.5757,1.5773,106
2011-11-21,1.5774,1.5774,1.5611,1.5635,1344
2011-11-22,1.5636,1.569,1.5581,1.5644,1363
2011-11-23,1.5645,1.5654,1.5493,1.5519,1375
2011-11-24,1.552,1.5565,1.5469,1.5474,1301
2011-11-25,1.5475,1.5517,1.5422,1.5436,1228
2011-11-27,1.5486,1.5501,1.5464,1.5484,108
2011-11-28,1.5485,1.5593,1.5457,1.5497,1380
2011-11-29,1.5496,1.5655,1.5468,1.5595,1407
2011-11-30,1.5596,1.5778,1.5525,1.5703,1386
2011-12-01,1.5702,1.5754,1.5636,1.5682,1365
2011-12-02,1.5681,1.5726,1.5575,1.5594,1240
2011-12-04,1.56165,1.56165,1.55856,1.56041,118
2011-12-05,1.56043,1.57156,1.55863,1.56412,1438
2011-12-06,1.56414,1.56629,1.55603,1.56014,1439
2011-12-07,1.56012,1.57228,1.55935,1.56975,1438
2011-12-08,1.56976,1.57689,1.56092,1.56345,1440
2011-12-09,1.56343,1.57336,1.55835,1.5669,1320
2011-12-11,1.56529,1.56572,1.56374,1.56515,119
2011-12-12,1.56516,1.56564,1.55362,1.55734,1436
2011-12-13,1.55738,1.56279,1.54499,1.5476,1440
2011-12-14,1.54759,1.55303,1.54072,1.54714,1438
2011-12-15,1.54715,1.5528,1.54326,1.55218,1439
2011-12-16,1.55221,1.55559,1.5482,1.55446,1320
2011-12-18,1.55426,1.5543,1.55135,1.55202,120
2011-12-19,1.55204,1.55437,1.5464,1.55065,1438
2011-12-20,1.55057,1.56996,1.55012,1.56673,1435
2011-12-21,1.56674,1.57728,1.56466,1.5666,1440
2011-12-22,1.56661,1.57275,1.56478,1.56771,1435
2011-12-23,1.56774,1.57063,1.55815,1.55855,1312
2011-12-26,1.56272,1.56456,1.56094,1.56263,798
2011-12-27,1.5628,1.56849,1.55937,1.5661,1386
2011-12-28,1.56609,1.56905,1.54351,1.54355,1432
2011-12-29,1.54354,1.54746,1.5361,1.54132,1435
2011-12-30,1.54131,1.55707,1.54006,1.55395,1310
2012-01-02,1.5512,1.55425,1.54671,1.55178,968
2012-01-03,1.55177,1.56685,1.55043,1.56438,1435
2012-01-04,1.56442,1.56676,1.55795,1.56076,1438
2012-01-05,1.56078,1.56279,1.54662,1.54977,1435
2012-01-06,1.54976,1.55244,1.53745,1.54245,1318
2012-01-08,1.54232,1.54297,1.53974,1.54159,120
2012-01-09,1.54155,1.54685,1.53949,1.54556,1434
2012-01-10,1.54557,1.54994,1.54453,1.54701,1439
2012-01-11,1.54698,1.54865,1.5308,1.53329,1437
2012-01-12,1.53327,1.53664,1.52781,1.53395,1439
2012-01-13,1.53393,1.54081,1.52339,1.53168,1320
2012-01-15,1.52809,1.53006,1.52768,1.53001,120
2012-01-16,1.53003,1.53514,1.52807,1.53198,1439
2012-01-17,1.532,1.54031,1.53152,1.53375,1439
2012-01-18,1.53376,1.5441,1.53264,1.54268,1440
2012-01-19,1.54267,1.54915,1.54142,1.54818,1436
2012-01-20,1.5482,1.55769,1.5449,1.55742,1320
2012-01-22,1.55554,1.55653,1.55393,1.55418,120
2012-01-23,1.55414,1.5601,1.55156,1.55763,1439
2012-01-24,1.55769,1.5627,1.55319,1.56233,1438
2012-01-25,1.56232,1.56772,1.55338,1.56561,1439
2012-01-26,1.56559,1.57336,1.56494,1.56742,1438
2012-01-27,1.5674,1.57395,1.56402,1.57279,1320
2012-01-29,1.57338,1.57344,1.57133,1.57214,119
2012-01-30,1.57215,1.57249,1.56529,1.57046,1439
2012-01-31,1.57047,1.57952,1.56995,1.57587,1439
2012-02-01,1.57586,1.58812,1.57052,1.58444,1439
2012-02-02,1.58443,1.58573,1.57942,1.58013,1438
2012-02-03,1.58015,1.58592,1.57491,1.58124,1320
2012-02-05,1.58102,1.5824,1.57842,1.57992,120
2012-02-06,1.5799,1.58398,1.57288,1.58105,1437
2012-02-07,1.58104,1.5904,1.57869,1.58896,1439
2012-02-08,1.58897,1.59276,1.57944,1.5808,1439
2012-02-09,1.58079,1.58839,1.57917,1.58107,1438
2012-02-10,1.58106,1.5848,1.57286,1.57537,1320
2012-02-12,1.57759,1.57977,1.57606,1.57752,120
2012-02-13,1.57751,1.5826,1.57153,1.57213,1439
2012-02-14,1.57212,1.57689,1.56434,1.56891,1440
2012-02-15,1.5689,1.57348,1.56695,1.56834,1440
2012-02-16,1.56833,1.58155,1.5654,1.5804,1438
2012-02-17,1.58039,1.58607,1.57884,1.58301,1319
2012-02-19,1.5828,1.58771,1.58276,1.58645,120
2012-02-20,1.58646,1.58789,1.5819,1.58274,1434
2012-02-21,1.58279,1.58638,1.57713,1.57894,1439
2012-02-22,1.57896,1.58128,1.56473,1.56688,1440
2012-02-23,1.5669,1.57494,1.5649,1.57415,1437
2012-02-24,1.57421,1.58981,1.57202,1.58736,1320
2012-02-26,1.5884,1.59009,1.58813,1.58829,120
2012-02-27,1.58828,1.58868,1.58091,1.58292,1437
2012-02-28,1.58293,1.59219,1.57988,1.59203,1439
2012-02-29,1.59204,1.59908,1.59037,1.59199,1440
2012-03-01,1.592,1.59739,1.58954,1.59577,1439
2012-03-02,1.59576,1.59654,1.58222,1.58337,1317
2012-03-04,1.58379,1.58465,1.58293,1.58295,120
2012-03-05,1.58293,1.58758,1.57845,1.58729,1439
2012-03-06,1.58731,1.5881,1.56951,1.57186,1437
2012-03-07,1.57183,1.57576,1.56961,1.57295,1438
2012-03-08,1.57296,1.58323,1.57234,1.58203,1438
2012-03-09,1.58204,1.58277,1.56609,1.56735,1319
2012-03-11,1.56639,1.56757,1.56607,1.56655,170
2012-03-12,1.56657,1.5694,1.56012,1.56494,1436
2012-03-13,1.56495,1.57464,1.56195,1.57025,1439
2012-03-14,1.57027,1.57427,1.56483,1.56504,1439
2012-03-15,1.56503,1.57353,1.56329,1.57011,1438
2012-03-16,1.5701,1.58599,1.5693,1.5843,1256
2012-03-18,1.58395,1.58527,1.58299,1.58338,168
2012-03-19,1.58339,1.59129,1.582,1.5885,1433
2012-03-20,1.58844,1.58956,1.58293,1.58629,1431
2012-03-21,1.5863,1.59219,1.58159,1.58719,1434
2012-03-22,1.58722,1.58909,1.57698,1.58219,1439
2012-03-23,1.58221,1.59073,1.58048,1.5868,1258
2012-03-25,1.58744,1.5883,1.58683,1.5877,179
2012-03-26,1.58774,1.59722,1.58001,1.59589,1436
2012-03-27,1.5959,1.59998,1.5941,1.59515,1435
2012-03-28,1.59513,1.5963,1.58407,1.58897,1436
2012-03-29,1.58898,1.59627,1.5859,1.59559,1437
2012-03-30,1.59561,1.60356,1.59535,1.6006,1259
2012-04-01,1.60233,1.60261,1.60061,1.60098,178
2012-04-02,1.60099,1.60614,1.59779,1.60341,1435
2012-04-03,1.60332,1.60455,1.58903,1.59024,1436
2012-04-04,1.59028,1.59092,1.58313,1.59012,1439
2012-04-05,1.59013,1.5907,1.58038,1.58274,1432
2012-04-06,1.58276,1.58914,1.58236,1.58743,1246
2012-04-08,1.58904,1.5893,1.58518,1.58757,167
2012-04-09,1.58765,1.59127,1.58351,1.59049,1439
2012-04-10,1.59054,1.59293,1.58077,1.58513,1438
2012-04-11,1.5851,1.59368,1.58506,1.59223,1433
2012-04-12,1.59224,1.59838,1.59113,1.59564,1436
2012-04-13,1.59567,1.59684,1.58399,1.58464,1260
2012-04-15,1.58513,1.586,1.58333,1.58359,174
2012-04-16,1.58358,1.59096,1.58178,1.5894,1432
2012-04-17,1.58939,1.59692,1.58611,1.59391,1435
2012-04-18,1.59389,1.6041,1.58937,1.60185,1438
2012-04-19,1.60184,1.60764,1.6008,1.60578,1439
2012-04-20,1.60579,1.6148,1.60371,1.61213,1258
2012-04-22,1.61202,1.61325,1.6119,1.61299,177
2012-04-23,1.613,1.6133,1.60753,1.61158,1439
2012-04-24,1.6116,1.61626,1.61085,1.61418,1438
2012-04-25,1.61419,1.61814,1.60803,1.61765,1436
2012-04-26,1.61766,1.62054,1.61572,1.61771,1439
2012-04-27,1.6177,1.62787,1.61522,1.62634,1259
2012-04-29,1.62718,1.62795,1.62635,1.62781,173
2012-04-30,1.62783,1.63002,1.62151,1.6229,1438
2012-05-01,1.62291,1.62462,1.61852,1.62199,1435
2012-05-02,1.62201,1.62378,1.61591,1.61914,1434
2012-05-03,1.61912,1.62144,1.61586,1.61889,1416
2012-05-04,1.61887,1.62012,1.61402,1.61486,1256
2012-05-06,1.61357,1.61549,1.6116,1.61172,179
2012-05-07,1.61173,1.61976,1.61133,1.61881,1438
2012-05-08,1.61886,1.61886,1.61233,1.6144,1437
2012-05-09,1.61441,1.61551,1.60653,1.61352,1440
2012-05-10,1.61353,1.61809,1.60904,1.61321,1439
2012-05-11,1.61319,1.61416,1.60605,1.60668,1260
2012-05-13,1.60653,1.60778,1.60523,1.60717,180
2012-05-14,1.60715,1.61218,1.60503,1.6097,1439
2012-05-15,1.60969,1.61124,1.59826,1.5983,1437
2012-05-16,1.59829,1.59883,1.5888,1.59206,1438
2012-05-17,1.59207,1.59313,1.57792,1.57833,1438
2012-05-18,1.57831,1.58364,1.57313,1.58148,1260
2012-05-20,1.57998,1.58162,1.57922,1.58102,176
2012-05-21,1.581,1.58399,1.57781,1.58278,1438
2012-05-22,1.58272,1.58469,1.57399,1.57555,1440
2012-05-23,1.57557,1.57664,1.5674,1.56784,1439
2012-05-24,1.56786,1.5725,1.56375,1.56562,1438
2012-05-25,1.5656,1.56987,1.5629,1.56655,1260
2012-05-27,1.56908,1.56911,1.56737,1.56777,180
2012-05-28,1.56778,1.5716,1.56624,1.56649,1428
2012-05-29,1.56647,1.57153,1.56069,1.56308,1439
2012-05-30,1.56309,1.56365,1.54704,1.54798,1440
2012-05-31,1.54801,1.55249,1.53593,1.53956,1437
2012-06-01,1.53954,1.54368,1.52669,1.53611,1260
2012-06-03,1.53601,1.53747,1.53421,1.53471,179
2012-06-04,1.53472,1.54143,1.53407,1.53945,1436
2012-06-05,1.53944,1.54072,1.532,1.53819,1437
2012-06-06,1.5382,1.55141,1.53752,1.54797,1439
2012-06-07,1.54794,1.55992,1.54285,1.55205,1437
2012-06-08,1.55206,1.55237,1.54025,1.54728,1260
2012-06-10,1.55111,1.55471,1.5502,1.55345,180
2012-06-11,1.55347,1.55807,1.54609,1.54818,1438
2012-06-12,1.54817,1.55893,1.54529,1.55639,1439
2012-06-13,1.5564,1.5597,1.55034,1.55188,1440
2012-06-14,1.55186,1.55627,1.54715,1.55506,1438
2012-06-15,1.55504,1.57262,1.5475,1.5716,1257
2012-06-17,1.57076,1.57415,1.5693,1.57123,180
2012-06-18,1.57125,1.57298,1.56354,1.56837,1437
2012-06-19,1.56839,1.57557,1.56139,1.57167,1438
2012-06-20,1.57165,1.57763,1.56504,1.57045,1438
2012-06-21,1.57043,1.57323,1.55767,1.55964,1439
2012-06-22,1.55961,1.56333,1.55555,1.55859,1259
2012-06-24,1.55667,1.55934,1.55659,1.55802,176
2012-06-25,1.55809,1.55892,1.55375,1.55632,1431
2012-06-26,1.55634,1.56494,1.55628,1.5632,1439
2012-06-27,1.56321,1.56394,1.55445,1.55677,1428
2012-06-28,1.55681,1.56228,1.54838,1.55161,1437
2012-06-29,1.5516,1.57144,1.55117,1.5707,1260
2012-07-01,1.5695,1.56978,1.56707,1.56775,178
2012-07-02,1.56776,1.57204,1.56403,1.56885,1437
2012-07-03,1.56881,1.5712,1.56569,1.56873,1438
2012-07-04,1.56871,1.56884,1.55729,1.55811,1432
2012-07-05,1.55812,1.56216,1.54985,1.55276,1434
2012-07-06,1.55277,1.55496,1.54594,1.54875,1260
2012-07-08,1.54779,1.54863,1.54713,1.54782,176
2012-07-09,1.54778,1.55332,1.54693,1.55263,1437
2012-07-10,1.55261,1.55477,1.54771,1.55143,1437
2012-07-11,1.55142,1.55767,1.54848,1.55069,1437
2012-07-12,1.55071,1.55153,1.53918,1.54224,1440
2012-07-13,1.54226,1.55793,1.54126,1.5575,1260
2012-07-15,1.5576,1.55922,1.55727,1.55793,178
2012-07-16,1.55791,1.56531,1.55159,1.56238,1436
2012-07-17,1.56236,1.56769,1.55523,1.56624,1432
2012-07-18,1.56623,1.5667,1.55803,1.56446,1435
2012-07-19,1.56448,1.5736,1.56351,1.57147,1433
2012-07-20,1.57149,1.57176,1.56105,1.56193,1259
2012-07-22,1.56233,1.56247,1.55994,1.56078,179
2012-07-23,1.56081,1.56096,1.54839,1.55146,1440
2012-07-24,1.55145,1.55503,1.54855,1.54969,1439
2012-07-25,1.54971,1.55503,1.54571,1.54837,1436
2012-07-26,1.54836,1.57223,1.54694,1.56814,1438
2012-07-27,1.56811,1.57663,1.5665,1.57467,1260
2012-07-29,1.57377,1.57502,1.57234,1.57243,178
2012-07-30,1.5725,1.57306,1.56713,1.57103,1434
2012-07-31,1.57101,1.57291,1.56242,1.56659,1437
2012-08-01,1.56657,1.56893,1.55291,1.55412,1438
2012-08-02,1.55414,1.56782,1.5489,1.55115,1439
2012-08-03,1.55122,1.56555,1.55039,1.56389,1260
2012-08-05,1.56116,1.56644,1.56112,1.56515,180
2012-08-06,1.56517,1.56521,1.55452,1.55862,1437
2012-08-07,1.55853,1.56828,1.55626,1.56099,1433
2012-08-08,1.56102,1.56761,1.55713,1.56661,1436
2012-08-09,1.56658,1.56844,1.56042,1.56282,1436
2012-08-10,1.5628,1.56998,1.55761,1.56879,1259
2012-08-12,1.5674,1.56828,1.56641,1.56642,176
2012-08-13,1.56648,1.57157,1.56558,1.56744,1436
2012-08-14,1.56745,1.57274,1.56678,1.56732,1439
2012-08-15,1.56729,1.57003,1.56588,1.56773,1436
2012-08-16,1.56775,1.57431,1.5635,1.57334,1431
2012-08-17,1.57336,1.57377,1.5673,1.5696,1260
2012-08-19,1.57063,1.57064,1.56824,1.56865,178
2012-08-20,1.56863,1.57159,1.56768,1.57085,1433
2012-08-21,1.57083,1.58029,1.57047,1.57756,1428
2012-08-22,1.57756,1.58852,1.57658,1.58813,1439
2012-08-23,1.58812,1.59111,1.58517,1.58558,1433
2012-08-24,1.58556,1.58682,1.58012,1.58087,1258
2012-08-26,1.58183,1.58192,1.57988,1.57988,175
2012-08-27,1.5799,1.58273,1.5786,1.57892,1431
2012-08-28,1.57891,1.5835,1.57525,1.5824,1437
2012-08-29,1.58237,1.58537,1.58016,1.58252,1432
2012-08-30,1.58253,1.58736,1.57697,1.5786,1427
2012-08-31,1.57858,1.58943,1.57769,1.58633,1259
2012-09-02,1.58792,1.58819,1.58638,1.58643,179
2012-09-03,1.58645,1.5897,1.58487,1.5878,1419
2012-09-04,1.58781,1.59079,1.58543,1.58629,1439
2012-09-05,1.58627,1.5933,1.58245,1.59017,1440
2012-09-06,1.59016,1.59413,1.58802,1.59302,1437
2012-09-07,1.59301,1.6033,1.59207,1.60099,1260
2012-09-09,1.60161,1.60179,1.6004,1.60056,177
2012-09-10,1.60057,1.60167,1.59579,1.599,1433
2012-09-11,1.59898,1.60824,1.59898,1.60707,1440
2012-09-12,1.6071,1.61296,1.60626,1.61042,1440
2012-09-13,1.61044,1.6173,1.6074,1.61505,1440
2012-09-14,1.61507,1.62544,1.61489,1.62161,1260
2012-09-16,1.62219,1.62365,1.62165,1.62215,179
2012-09-17,1.62216,1.6272,1.62095,1.6239,1440
2012-09-18,1.62391,1.62661,1.62193,1.62416,1440
2012-09-19,1.62414,1.62697,1.61835,1.62304,1440
2012-09-20,1.62305,1.62348,1.61622,1.62198,1440
2012-09-21,1.622,1.63083,1.62114,1.62285,1260
2012-09-23,1.62359,1.62498,1.62291,1.62293,180
2012-09-24,1.62296,1.62422,1.61807,1.62231,1440
2012-09-25,1.62233,1.62663,1.61814,1.61905,1440
2012-09-26,1.61906,1.62079,1.6136,1.61727,1440
2012-09-27,1.61723,1.62422,1.61645,1.62297,1440
2012-09-28,1.62293,1.62711,1.61116,1.61641,1260
2012-09-30,1.61454,1.61567,1.61167,1.61205,170
2012-10-01,1.61211,1.61733,1.61075,1.61294,1440
2012-10-02,1.61295,1.61857,1.61235,1.61278,1440
2012-10-03,1.61277,1.61407,1.60658,1.60991,1440
2012-10-04,1.6099,1.62009,1.60815,1.61825,1438
2012-10-05,1.61826,1.62158,1.61214,1.6134,1259
2012-10-07,1.61331,1.6142,1.61289,1.61345,180
2012-10-08,1.61347,1.61347,1.60187,1.60299,1440
2012-10-09,1.603,1.60447,1.59753,1.5993,1439
2012-10-10,1.59931,1.60333,1.59752,1.60042,1440
2012-10-11,1.60043,1.60529,1.5983,1.60431,1437
2012-10-12,1.60432,1.60958,1.60173,1.60694,1258
2012-10-14,1.60771,1.60804,1.60545,1.60553,159
2012-10-15,1.60555,1.60799,1.60196,1.60782,1437
2012-10-16,1.60781,1.61331,1.60595,1.61253,1437
2012-10-17,1.61254,1.6177,1.61139,1.61337,1439
2012-10-18,1.61336,1.61696,1.60395,1.6054,1439
2012-10-19,1.60539,1.60655,1.59957,1.60032,1260
2012-10-21,1.60101,1.6013,1.59894,1.59964,178
2012-10-22,1.59961,1.6051,1.59961,1.60195,1438
2012-10-23,1.60194,1.6021,1.59122,1.59467,1436
2012-10-24,1.5947,1.60469,1.59346,1.60286,1439
2012-10-25,1.60285,1.61423,1.60273,1.6116,1439
2012-10-26,1.61159,1.61398,1.60797,1.61031,1256
2012-10-28,1.61039,1.6105,1.60761,1.60849,179
2012-10-29,1.60853,1.60916,1.60054,1.60283,1425
2012-10-30,1.60286,1.6085,1.60196,1.60718,1424
2012-10-31,1.60718,1.61381,1.60671,1.61309,1432
2012-11-01,1.61306,1.61737,1.6119,1.61315,1426
2012-11-02,1.61314,1.61317,1.60067,1.60198,1252
2012-11-04,1.60102,1.6021,1.60097,1.6017,119
2012-11-05,1.60171,1.60379,1.59561,1.59833,1436
2012-11-06,1.59834,1.60065,1.5963,1.59888,1436
2012-11-07,1.59887,1.6041,1.59533,1.5975,1439
2012-11-08,1.59751,1.60035,1.59278,1.59743,1440
2012-11-09,1.59744,1.60178,1.58861,1.58947,1315
2012-11-11,1.59024,1.59056,1.58904,1.5891,119
2012-11-12,1.58911,1.59137,1.58629,1.58731,1432
2012-11-13,1.58732,1.59141,1.58563,1.58735,1434
2012-11-14,1.58733,1.59001,1.58372,1.58375,1433
2012-11-15,1.58376,1.58779,1.58276,1.58641,1437
2012-11-16,1.58638,1.58999,1.58344,1.58801,1318
2012-11-18,1.58861,1.59059,1.58816,1.58964,120
2012-11-19,1.58975,1.59223,1.58859,1.58914,1436
2012-11-20,1.58913,1.5935,1.58909,1.59216,1433
2012-11-21,1.59214,1.59683,1.58812,1.5967,1435
2012-11-22,1.59669,1.59771,1.59184,1.59352,1429
2012-11-23,1.59351,1.60498,1.59258,1.60282,1312
2012-11-25,1.60328,1.60375,1.60205,1.60283,119
2012-11-26,1.60281,1.6034,1.59954,1.6031,1427
2012-11-27,1.60311,1.60551,1.60082,1.60179,1431
2012-11-28,1.60181,1.602,1.59608,1.60125,1434
2012-11-29,1.60124,1.60469,1.6001,1.60364,1420
2012-11-30,1.60362,1.60611,1.59878,1.60099,1309
2012-12-02,1.6017,1.60243,1.60121,1.60212,112
2012-12-03,1.60214,1.61143,1.60191,1.60957,1421
2012-12-04,1.60955,1.61295,1.60853,1.60976,1433
2012-12-05,1.60977,1.61171,1.60812,1.60904,1433
2012-12-06,1.60905,1.61267,1.60353,1.60467,1420
2012-12-07,1.60468,1.60597,1.60009,1.60383,1285
2012-12-09,1.60363,1.60382,1.60231,1.60335,120
2012-12-10,1.60336,1.60952,1.60125,1.60703,1433
2012-12-11,1.60704,1.61207,1.60678,1.61164,1428
2012-12-12,1.61165,1.61706,1.60939,1.61338,1430
2012-12-13,1.61339,1.61527,1.60834,1.61122,1424
2012-12-14,1.61115,1.61762,1.61026,1.61724,1311
2012-12-16,1.6167,1.61985,1.61662,1.61726,120
2012-12-17,1.61723,1.62153,1.61563,1.62021,1411
2012-12-18,1.62022,1.62678,1.61941,1.62487,1418
2012-12-19,1.62489,1.63055,1.62373,1.62492,1436
2012-12-20,1.62493,1.62949,1.62431,1.62705,1429
2012-12-21,1.62708,1.62722,1.61508,1.61676,1319
2012-12-23,1.61513,1.61636,1.6149,1.61498,113
2012-12-24,1.61495,1.62048,1.60998,1.61256,1237
2012-12-26,1.61377,1.61698,1.61072,1.61234,777
2012-12-27,1.61237,1.62013,1.60655,1.61129,1432
2012-12-28,1.61131,1.61696,1.60775,1.61605,1320
2012-12-30,1.61741,1.61748,1.61582,1.61602,117
2012-12-31,1.61601,1.6273,1.61325,1.62483,1302
2013-01-01,1.62559,1.62604,1.62345,1.62437,106
2013-01-02,1.6244,1.63803,1.62242,1.62496,1438
2013-01-03,1.62492,1.6251,1.60572,1.6075,1430
2013-01-04,1.60749,1.60873,1.60083,1.60688,1316
2013-01-06,1.60729,1.60816,1.60629,1.60658,120
2013-01-07,1.6066,1.61276,1.60201,1.61202,1434
2013-01-08,1.61194,1.6121,1.60277,1.6058,1438
2013-01-09,1.60579,1.60737,1.59913,1.6013,1440
2013-01-10,1.60128,1.6178,1.6003,1.6163,1439
2013-01-11,1.61628,1.61689,1.60875,1.61344,1319
2013-01-13,1.61305,1.61381,1.61178,1.61211,120
2013-01-14,1.61214,1.61535,1.60301,1.6075,1438
2013-01-15,1.60749,1.60995,1.60317,1.60725,1440
2013-01-16,1.60726,1.60792,1.59744,1.59931,1438
2013-01-17,1.59931,1.60378,1.59538,1.59767,1438
2013-01-18,1.59766,1.59951,1.58523,1.58634,1316
2013-01-20,1.58485,1.58553,1.58429,1.58543,120
2013-01-21,1.58542,1.5892,1.58047,1.58336,1430
2013-01-22,1.58334,1.5882,1.58077,1.58345,1438
2013-01-23,1.58344,1.58909,1.58009,1.58282,1435
2013-01-24,1.58281,1.58503,1.57551,1.57792,1438
2013-01-25,1.57791,1.58256,1.57445,1.57979,1316
2013-01-27,1.576,1.5784,1.576,1.57726,119
2013-01-28,1.57727,1.57791,1.56733,1.56951,1437
2013-01-29,1.56953,1.57719,1.56911,1.57431,1436
2013-01-30,1.57426,1.58156,1.5724,1.57946,1437
2013-01-31,1.57947,1.58735,1.57738,1.5868,1428
2013-02-01,1.58679,1.58772,1.56878,1.56923,1315
2013-02-03,1.56908,1.57091,1.56901,1.57004,111
2013-02-04,1.57003,1.57709,1.56927,1.57556,1434
2013-02-05,1.57557,1.58031,1.56292,1.56631,1433
2013-02-06,1.5663,1.56769,1.56303,1.56615,1425
2013-02-07,1.56616,1.57676,1.56443,1.57043,1438
2013-02-08,1.57044,1.58431,1.57044,1.57965,1315
2013-02-10,1.58,1.58018,1.57838,1.57981,116
2013-02-11,1.5798,1.58087,1.56446,1.5654,1384
2013-02-12,1.56541,1.56828,1.55709,1.56746,1429
2013-02-13,1.56747,1.56877,1.55224,1.55305,1431
2013-02-14,1.55308,1.55418,1.54737,1.54836,1430
2013-02-15,1.54832,1.55483,1.54602,1.55164,1319
2013-02-17,1.55034,1.55078,1.54709,1.54758,118
2013-02-18,1.54757,1.55064,1.54365,1.54761,1418
2013-02-19,1.54758,1.55029,1.54139,1.54258,1434
2013-02-20,1.54259,1.545,1.51917,1.52251,1439
2013-02-21,1.52253,1.5272,1.51309,1.5259,1439
2013-02-22,1.52591,1.5319,1.51607,1.5161,1320
2013-02-24,1.5077,1.51149,1.50718,1.50937,120
2013-02-25,1.50938,1.5198,1.50855,1.51638,1440
2013-02-26,1.51637,1.5218,1.51118,1.51283,1440
2013-02-27,1.51284,1.51869,1.50792,1.51646,1439
2013-02-28,1.51642,1.52205,1.51475,1.51619,1438
2013-03-01,1.51618,1.51845,1.49845,1.50365,1319
2013-03-03,1.50407,1.50414,1.50255,1.50308,119
2013-03-04,1.50306,1.51388,1.49985,1.51273,1440
2013-03-05,1.51272,1.51975,1.50929,1.51347,1436
2013-03-06,1.51346,1.51535,1.49659,1.49933,1436
2013-03-07,1.49934,1.50815,1.49663,1.50243,1439
2013-03-08,1.50244,1.50459,1.48837,1.49206,1316
2013-03-10,1.49209,1.49241,1.49,1.49061,179
2013-03-11,1.4906,1.4942,1.48648,1.49037,1436
2013-03-12,1.49036,1.49149,1.48301,1.49034,1434
2013-03-13,1.49035,1.49802,1.48962,1.49232,1427
2013-03-14,1.49233,1.51176,1.49139,1.50885,1436
2013-03-15,1.50886,1.51752,1.50673,1.51121,1259
2013-03-17,1.51185,1.51375,1.51001,1.51014,179
2013-03-18,1.51013,1.51427,1.5071,1.50944,1440
2013-03-19,1.50943,1.5143,1.5072,1.50942,1440
2013-03-20,1.50941,1.5185,1.50257,1.50925,1437
2013-03-21,1.50923,1.5208,1.50912,1.51787,1439
2013-03-22,1.51789,1.52466,1.51744,1.52295,1250
2013-03-24,1.5233,1.52596,1.52226,1.52401,175
2013-03-25,1.524,1.52573,1.51417,1.51765,1434
2013-03-26,1.51763,1.52059,1.51342,1.51595,1436
2013-03-27,1.51596,1.51799,1.50915,1.51254,1434
2013-03-28,1.51253,1.51995,1.51107,1.5199,1431
2013-03-29,1.51984,1.52178,1.51766,1.52025,1231
2013-03-31,1.51914,1.52019,1.5185,1.51941,178
2013-04-01,1.51945,1.52405,1.51767,1.52203,1419
2013-04-02,1.52204,1.52571,1.50979,1.5107,1437
2013-04-03,1.51071,1.51568,1.50741,1.51367,1431
2013-04-04,1.51365,1.52442,1.50323,1.52223,1433
2013-04-05,1.52224,1.53621,1.51979,1.53346,1258
2013-04-07,1.53105,1.5348,1.53091,1.5348,179
2013-04-08,1.53482,1.53496,1.52376,1.52619,1433
2013-04-09,1.52615,1.53402,1.52489,1.53199,1435
2013-04-10,1.532,1.5342,1.52915,1.53224,1427
2013-04-11,1.53225,1.54101,1.53178,1.53927,1398
2013-04-12,1.53926,1.54083,1.53391,1.53406,1255
2013-04-14,1.53413,1.53526,1.53342,1.53516,178
2013-04-15,1.53515,1.53838,1.52682,1.52946,1440
2013-04-16,1.52944,1.53779,1.52717,1.53566,1437
2013-04-17,1.53565,1.53682,1.52155,1.52438,1431
2013-04-18,1.52436,1.53113,1.52166,1.52816,1435
2013-04-19,1.52815,1.53667,1.52229,1.52305,1257
2013-04-21,1.5232,1.52356,1.52188,1.52233,176
2013-04-22,1.52232,1.52968,1.52029,1.52961,1431
2013-04-23,1.52962,1.52965,1.51955,1.52257,1432
2013-04-24,1.5226,1.52861,1.52255,1.52761,1428
2013-04-25,1.52762,1.54789,1.52718,1.54317,1436
2013-04-26,1.54311,1.54973,1.54174,1.54721,1256
2013-04-28,1.54862,1.5491,1.5475,1.54884,179
2013-04-29,1.54883,1.55446,1.54771,1.54881,1425
2013-04-30,1.5488,1.55671,1.54667,1.55348,1434
2013-05-01,1.55351,1.56045,1.55252,1.55688,1420
2013-05-02,1.55689,1.55893,1.54952,1.55327,1431
2013-05-03,1.55328,1.56005,1.54798,1.55718,1253
2013-05-05,1.55686,1.55769,1.55571,1.55734,163
2013-05-06,1.55737,1.5597,1.55194,1.55362,1414
2013-05-07,1.55361,1.55504,1.54452,1.54751,1423
2013-05-08,1.54752,1.55904,1.54695,1.55388,1435
2013-05-09,1.55389,1.55867,1.54245,1.54426,1429
2013-05-10,1.54424,1.54561,1.53128,1.53635,1257
2013-05-12,1.53542,1.53565,1.53348,1.53429,171
2013-05-13,1.5343,1.53836,1.52766,1.53048,1435
2013-05-14,1.53045,1.53297,1.52061,1.52244,1435
2013-05-15,1.52245,1.52712,1.51721,1.52369,1433
2013-05-16,1.52368,1.5321,1.51962,1.52751,1438
2013-05-17,1.5276,1.52791,1.51569,1.51691,1257
2013-05-19,1.5191,1.5201,1.5165,1.51735,175
2013-05-20,1.51738,1.52797,1.51664,1.52603,1438
2013-05-21,1.52602,1.52611,1.51113,1.5159,1438
2013-05-22,1.51589,1.51724,1.50183,1.5033,1433
2013-05-23,1.50331,1.51271,1.50128,1.50913,1438
2013-05-24,1.50914,1.51412,1.50628,1.5125,1256
2013-05-26,1.51355,1.51364,1.5126,1.51278,175
2013-05-27,1.51277,1.51552,1.50854,1.51073,1385
2013-05-28,1.51072,1.51336,1.50179,1.50237,1438
2013-05-29,1.50234,1.51446,1.50069,1.51287,1435
2013-05-30,1.51286,1.52387,1.51093,1.52258,1439
2013-05-31,1.5226,1.52384,1.51389,1.51963,1258
2013-06-02,1.5207,1.52084,1.51911,1.52052,174
2013-06-03,1.52053,1.53741,1.51946,1.53202,1433
2013-06-04,1.53201,1.53418,1.52722,1.53004,1431
2013-06-05,1.53003,1.54124,1.52903,1.5397,1436
2013-06-06,1.53967,1.56828,1.53801,1.55988,1439
2013-06-07,1.55989,1.56166,1.54872,1.55565,1260
2013-06-09,1.55159,1.55431,1.55155,1.55241,179
2013-06-10,1.55242,1.55849,1.54935,1.5565,1437
2013-06-11,1.55648,1.56518,1.55195,1.56417,1439
2013-06-12,1.56421,1.57001,1.56321,1.56813,1430
2013-06-13,1.56812,1.57363,1.56431,1.57037,1438
2013-06-14,1.57039,1.57168,1.56149,1.57035,1258
2013-06-16,1.57305,1.57308,1.571,1.57296,160
2013-06-17,1.57294,1.57501,1.56799,1.57149,1438
2013-06-18,1.57151,1.5719,1.5564,1.56295,1433
2013-06-19,1.56296,1.56762,1.54485,1.54721,1440
2013-06-20,1.5472,1.55214,1.54133,1.55116,1440
2013-06-21,1.55109,1.55294,1.5367,1.54165,1258
2013-06-23,1.53746,1.53985,1.53741,1.5386,180
2013-06-24,1.53862,1.54638,1.53424,1.54521,1439
2013-06-25,1.5452,1.54762,1.53961,1.54078,1440
2013-06-26,1.5408,1.5439,1.52964,1.53166,1439
2013-06-27,1.53165,1.53448,1.52001,1.52546,1437
2013-06-28,1.52548,1.52776,1.51644,1.52098,1260
2013-06-30,1.52038,1.52126,1.51996,1.52073,157
2013-07-01,1.52068,1.52474,1.51821,1.52155,1438
2013-07-02,1.52152,1.52367,1.51353,1.51491,1435
2013-07-03,1.51492,1.5303,1.51285,1.52797,1438
2013-07-04,1.52792,1.52816,1.50259,1.50383,1440
2013-07-05,1.50382,1.50543,1.48589,1.48845,1259
2013-07-07,1.48735,1.48802,1.48576,1.48576,168
2013-07-08,1.48577,1.49647,1.4857,1.49322,1437
2013-07-09,1.49323,1.49794,1.48121,1.48452,1436
2013-07-10,1.48454,1.51927,1.4844,1.51263,1437
2013-07-11,1.51273,1.5221,1.50604,1.51703,1440
2013-07-12,1.51705,1.51871,1.50751,1.5108,1260
2013-07-14,1.51165,1.5129,1.50976,1.51085,180
2013-07-15,1.51086,1.51253,1.50264,1.50934,1439
2013-07-16,1.50935,1.51678,1.50436,1.51271,1439
2013-07-17,1.51262,1.52665,1.50775,1.52075,1439
2013-07-18,1.52076,1.52406,1.51566,1.52195,1439
2013-07-19,1.52196,1.52808,1.51951,1.52655,1260
2013-07-21,1.52696,1.52848,1.52569,1.5284,166
2013-07-22,1.52839,1.53828,1.52628,1.53631,1438
2013-07-23,1.5363,1.53907,1.53249,1.53709,1436
2013-07-24,1.53708,1.53885,1.52882,1.53056,1438
2013-07-25,1.53057,1.54335,1.5262,1.53788,1440
2013-07-26,1.5378,1.54153,1.53548,1.53815,1257
2013-07-28,1.53803,1.53976,1.53758,1.53895,177
2013-07-29,1.53893,1.54124,1.53273,1.53388,1437
2013-07-30,1.53387,1.53527,1.52225,1.52409,1438
2013-07-31,1.52407,1.52526,1.51247,1.51721,1438
2013-08-01,1.51722,1.52413,1.51086,1.51164,1437
2013-08-02,1.51166,1.53075,1.51013,1.52935,1260
2013-08-04,1.52909,1.52968,1.52788,1.52852,180
2013-08-05,1.52856,1.53769,1.52573,1.53544,1434
2013-08-06,1.53541,1.5391,1.53306,1.53416,1437
2013-08-07,1.53415,1.55297,1.5204,1.54958,1440
2013-08-08,1.54956,1.55728,1.54837,1.55325,1439
2013-08-09,1.55326,1.55573,1.54957,1.55005,1258
2013-08-11,1.54901,1.55207,1.54893,1.55129,179
2013-08-12,1.55126,1.5518,1.54512,1.54543,1438
2013-08-13,1.54542,1.55111,1.54259,1.54468,1439
2013-08-14,1.54471,1.55454,1.54213,1.55151,1438
2013-08-15,1.55153,1.56508,1.55074,1.56377,1440
2013-08-16,1.56374,1.56556,1.56065,1.56257,1257
2013-08-18,1.56196,1.56325,1.56154,1.56231,180
2013-08-19,1.56236,1.56718,1.5608,1.56449,1438
2013-08-20,1.56448,1.56943,1.56273,1.56618,1435
2013-08-21,1.56617,1.57162,1.56141,1.56148,1440
2013-08-22,1.56147,1.56246,1.55615,1.55935,1438
2013-08-23,1.55933,1.56361,1.55377,1.55671,1260
2013-08-25,1.55649,1.5583,1.55613,1.55781,178
2013-08-26,1.55782,1.56107,1.55552,1.55811,1437
2013-08-27,1.55808,1.55909,1.54804,1.55433,1439
2013-08-28,1.55427,1.55509,1.54274,1.5525,1438
2013-08-29,1.55249,1.55469,1.54815,1.55037,1439
2013-08-30,1.55038,1.55267,1.54612,1.55005,1259
2013-09-01,1.55337,1.55337,1.5505,1.55159,179
2013-09-02,1.55161,1.5592,1.55043,1.55449,1440
2013-09-03,1.5545,1.56024,1.55205,1.55605,1436
2013-09-04,1.55606,1.56458,1.55545,1.56188,1437
2013-09-05,1.5619,1.56655,1.55715,1.55885,1438
2013-09-06,1.55883,1.56802,1.55634,1.56308,1248
2013-09-08,1.56163,1.5637,1.56163,1.5631,180
2013-09-09,1.56319,1.57311,1.5627,1.56959,1437
2013-09-10,1.56958,1.57428,1.56844,1.57296,1436
2013-09-11,1.57292,1.58275,1.57174,1.58228,1439
2013-09-12,1.58227,1.58381,1.57733,1.58018,1439
2013-09-13,1.58019,1.58834,1.57752,1.58745,1254
2013-09-15,1.59356,1.59496,1.5929,1.59349,180
2013-09-16,1.59351,1.59617,1.58926,1.59006,1439
2013-09-17,1.59009,1.5935,1.58843,1.59018,1436
2013-09-18,1.59019,1.61619,1.5891,1.61311,1439
2013-09-19,1.6131,1.61456,1.60215,1.60337,1440
2013-09-20,1.60338,1.60654,1.59851,1.60045,1257
2013-09-22,1.60049,1.60158,1.59925,1.60151,179
2013-09-23,1.60149,1.60711,1.60113,1.60386,1436
2013-09-24,1.60387,1.60399,1.59539,1.59928,1439
2013-09-25,1.59929,1.60867,1.5978,1.60732,1438
2013-09-26,1.60731,1.60945,1.59981,1.60367,1440
2013-09-27,1.60368,1.61458,1.60286,1.61378,1256
2013-09-29,1.61415,1.61694,1.61378,1.61653,180
2013-09-30,1.61654,1.62013,1.61268,1.61857,1439
2013-10-01,1.61859,1.6259,1.61815,1.61905,1440
2013-10-02,1.61904,1.62495,1.61612,1.62348,1440
2013-10-03,1.62345,1.62398,1.61521,1.61557,1437
2013-10-04,1.61558,1.61765,1.60046,1.6008,1257
2013-10-06,1.60217,1.6042,1.60144,1.60383,179
2013-10-07,1.60382,1.60988,1.6025,1.60966,1440
2013-10-08,1.6096,1.61231,1.60186,1.61178,1438
2013-10-09,1.61179,1.61188,1.59151,1.59536,1439
2013-10-10,1.59537,1.5978,1.59125,1.59736,1439
2013-10-11,1.59735,1.60002,1.59222,1.59525,1256
2013-10-13,1.59702,1.59731,1.5963,1.59651,179
2013-10-14,1.5965,1.6017,1.59532,1.59699,1438
2013-10-15,1.597,1.60078,1.59136,1.59815,1439
2013-10-16,1.59817,1.60591,1.58929,1.59444,1440
2013-10-17,1.59445,1.61708,1.59387,1.61475,1440
2013-10-18,1.61478,1.62237,1.61406,1.61655,1254
2013-10-20,1.6173,1.61785,1.61667,1.61691,178
2013-10-21,1.61689,1.61796,1.61217,1.613,1429
2013-10-22,1.61301,1.62462,1.61145,1.62294,1436
2013-10-23,1.62293,1.62555,1.61184,1.6162,1438
2013-10-24,1.61619,1.62217,1.61364,1.61964,1440
2013-10-25,1.61965,1.62458,1.6149,1.61655,1260
2013-10-27,1.6165,1.61817,1.61628,1.61707,180
2013-10-28,1.61708,1.62067,1.61233,1.61378,1438
2013-10-29,1.61377,1.6143,1.60216,1.60459,1439
2013-10-30,1.60465,1.60767,1.59975,1.6023,1437
2013-10-31,1.60228,1.60669,1.60045,1.60413,1438
2013-11-01,1.60411,1.60419,1.59074,1.59242,1260
2013-11-03,1.59244,1.5932,1.592,1.5921,119
2013-11-04,1.59209,1.5977,1.59023,1.59699,1437
2013-11-05,1.59698,1.60613,1.59471,1.60435,1438
2013-11-06,1.60436,1.61164,1.60425,1.60823,1440
2013-11-07,1.60822,1.61128,1.60105,1.60863,1423
2013-11-08,1.60862,1.61038,1.59559,1.60204,1318
2013-11-10,1.60019,1.60093,1.59984,1.6001,119
2013-11-11,1.60012,1.60208,1.59641,1.59842,1433
2013-11-12,1.59841,1.59905,1.5853,1.5888,1439
2013-11-13,1.58879,1.6066,1.5877,1.6043,1439
2013-11-14,1.60428,1.60999,1.59872,1.60521,1438
2013-11-15,1.6052,1.61331,1.6047,1.6116,1319
2013-11-17,1.61228,1.61235,1.61099,1.61112,120
2013-11-18,1.61111,1.61475,1.60805,1.6111,1439
2013-11-19,1.61111,1.61427,1.60584,1.61342,1440
2013-11-20,1.61339,1.61766,1.60862,1.60968,1440
2013-11-21,1.60966,1.62011,1.60711,1.61785,1440
2013-11-22,1.61786,1.62263,1.61782,1.62244,1316
2013-11-24,1.62241,1.62391,1.6222,1.62306,119
2013-11-25,1.62304,1.62348,1.61319,1.61692,1438
2013-11-26,1.61691,1.62179,1.61375,1.62071,1438
2013-11-27,1.62076,1.6329,1.61962,1.62822,1440
2013-11-28,1.62819,1.6356,1.62757,1.63383,1440
2013-11-29,1.63384,1.6383,1.63132,1.6366,1320
2013-12-01,1.63691,1.63768,1.63682,1.63764,120
2013-12-02,1.63761,1.64413,1.63416,1.63567,1439
2013-12-03,1.63565,1.64355,1.63449,1.63874,1439
2013-12-04,1.63872,1.64024,1.63259,1.63761,1440
2013-12-05,1.6376,1.64023,1.62992,1.63293,1439
2013-12-06,1.63294,1.63919,1.6291,1.63473,1320
2013-12-08,1.6346,1.6353,1.63251,1.63258,120
2013-12-09,1.63254,1.64311,1.63217,1.64213,1440
2013-12-10,1.64211,1.64644,1.64174,1.64563,1437
2013-12-11,1.64559,1.6456,1.63396,1.63742,1440
2013-12-12,1.63741,1.64169,1.63196,1.6337,1439
2013-12-13,1.63373,1.6359,1.62612,1.62987,1319
2013-12-15,1.62937,1.63072,1.62885,1.62971,120
2013-12-16,1.62977,1.63477,1.62883,1.62971,1440
2013-12-17,1.62973,1.63345,1.62185,1.62738,1434
2013-12-18,1.6274,1.64833,1.62705,1.63823,1440
2013-12-19,1.6382,1.63946,1.63343,1.63641,1439
2013-12-20,1.63639,1.63935,1.63145,1.63305,1317
2013-12-22,1.63395,1.63395,1.6323,1.63275,120
2013-12-23,1.63277,1.63737,1.63275,1.63479,1436
2013-12-24,1.63477,1.63803,1.6321,1.63666,1200
2013-12-26,1.63803,1.64369,1.63769,1.64122,778
2013-12-27,1.6412,1.65764,1.64056,1.64803,1320
2013-12-29,1.64808,1.64991,1.64771,1.64781,119
2013-12-30,1.64785,1.65317,1.64587,1.64918,1434
2013-12-31,1.64921,1.65788,1.64732,1.65586,1260
2014-01-01,1.6565,1.65898,1.65581,1.65755,106
2014-01-02,1.65736,1.66022,1.64092,1.64476,1423
2014-01-03,1.64475,1.64726,1.63942,1.64182,1320
2014-01-05,1.64011,1.6415,1.63977,1.64098,120
2014-01-06,1.64089,1.64324,1.63362,1.6412,1439
2014-01-07,1.64122,1.6437,1.63727,1.6398,1437
2014-01-08,1.63981,1.64706,1.63752,1.64436,1439
2014-01-09,1.64435,1.64959,1.64398,1.64757,1436
2014-01-10,1.64758,1.65156,1.63815,1.64815,1317
2014-01-12,1.6484,1.64936,1.64754,1.64928,118
2014-01-13,1.64931,1.65068,1.63455,1.63877,1439
2014-01-14,1.63879,1.6463,1.6366,1.64314,1440
2014-01-15,1.64315,1.64369,1.63211,1.63598,1438
2014-01-16,1.636,1.63819,1.63134,1.63455,1439
2014-01-17,1.63458,1.64571,1.6308,1.6423,1317
2014-01-19,1.64179,1.64201,1.64105,1.64166,120
2014-01-20,1.64165,1.64509,1.63941,1.64245,1428
2014-01-21,1.64246,1.6484,1.63981,1.64728,1435
2014-01-22,1.64725,1.65855,1.64489,1.65604,1439
2014-01-23,1.65603,1.66421,1.65555,1.66306,1439
2014-01-24,1.66305,1.66671,1.6478,1.64805,1319
2014-01-26,1.65021,1.6505,1.64725,1.64911,119
2014-01-27,1.64914,1.65872,1.64777,1.6572,1440
2014-01-28,1.6572,1.66239,1.65346,1.65663,1439
2014-01-29,1.65661,1.66054,1.65241,1.65563,1440
2014-01-30,1.65562,1.65628,1.64435,1.64953,1439
2014-01-31,1.64951,1.64968,1.64259,1.64368,1319
2014-02-02,1.64204,1.64396,1.64204,1.64357,120
2014-02-03,1.64356,1.64364,1.6289,1.63076,1440
2014-02-04,1.63075,1.6343,1.62558,1.6328,1438
2014-02-05,1.63279,1.63399,1.62509,1.63224,1438
2014-02-06,1.63225,1.63472,1.62713,1.63192,1435
2014-02-07,1.63191,1.64169,1.63002,1.6409,1316
2014-02-09,1.6397,1.64143,1.6397,1.64071,120
2014-02-10,1.6407,1.64259,1.63814,1.64038,1440
2014-02-11,1.64035,1.64861,1.6391,1.6446,1424
2014-02-12,1.64461,1.66173,1.64244,1.66073,1434
2014-02-13,1.66077,1.66718,1.65986,1.66542,1438
2014-02-14,1.66544,1.67542,1.66431,1.67495,1319
2014-02-16,1.67667,1.6768,1.6746,1.67618,120
2014-02-17,1.67619,1.68214,1.66943,1.67173,1437
2014-02-18,1.67174,1.67401,1.66539,1.66811,1438
2014-02-19,1.66809,1.67326,1.66355,1.66751,1437
2014-02-20,1.66749,1.66987,1.66238,1.66602,1439
2014-02-21,1.66601,1.67235,1.66114,1.6612,1320
2014-02-23,1.66272,1.66332,1.66257,1.66301,120
2014-02-24,1.66303,1.66774,1.65822,1.66537,1438
2014-02-25,1.66539,1.67258,1.66409,1.6674,1439
2014-02-26,1.66739,1.67008,1.66203,1.66649,1438
2014-02-27,1.6665,1.66973,1.66151,1.66898,1440
2014-02-28,1.66897,1.67678,1.6675,1.6742,1318
2014-03-02,1.67126,1.67445,1.67103,1.67329,120
2014-03-03,1.6733,1.67499,1.6652,1.66632,1438
2014-03-04,1.66631,1.67152,1.66392,1.66638,1430
2014-03-05,1.66639,1.67406,1.66552,1.67123,1426
2014-03-06,1.67125,1.67763,1.66842,1.674,1431
2014-03-07,1.67399,1.67845,1.67054,1.67115,1300
2014-03-09,1.67289,1.67311,1.6717,1.6729,170
2014-03-10,1.67291,1.674,1.66206,1.66363,1410
2014-03-11,1.66365,1.66518,1.65951,1.66186,1427
2014-03-12,1.66185,1.66344,1.65672,1.66164,1429
2014-03-13,1.66163,1.67168,1.66055,1.66203,1434
2014-03-14,1.66204,1.66502,1.6586,1.66502,1251
2014-03-16,1.66443,1.66475,1.66287,1.66399,176
2014-03-17,1.66395,1.66645,1.66034,1.66379,1421
2014-03-18,1.66376,1.66465,1.65446,1.65941,1429
2014-03-19,1.65942,1.66528,1.65068,1.65313,1435
2014-03-20,1.65314,1.65671,1.64787,1.6506,1432
2014-03-21,1.65056,1.65191,1.64743,1.64887,1254
2014-03-23,1.64617,1.64954,1.64607,1.64919,179
2014-03-24,1.6492,1.6535,1.64642,1.64956,1417
2014-03-25,1.64958,1.65481,1.64799,1.65313,1424
2014-03-26,1.65312,1.65955,1.65082,1.65765,1431
2014-03-27,1.65764,1.66457,1.65539,1.66061,1432
2014-03-28,1.66062,1.66501,1.65976,1.66365,1249
2014-03-30,1.66549,1.66582,1.66379,1.66453,173
2014-03-31,1.66451,1.66827,1.66103,1.66632,1436
2014-04-01,1.6663,1.66735,1.66172,1.66284,1423
2014-04-02,1.66279,1.66625,1.66191,1.66248,1427
2014-04-03,1.66249,1.66597,1.65691,1.65962,1431
2014-04-04,1.65963,1.66044,1.65531,1.6573,1247
2014-04-06,1.65718,1.65817,1.65696,1.65779,169
2014-04-07,1.65777,1.66226,1.65642,1.66068,1420
2014-04-08,1.66067,1.67532,1.66054,1.67464,1428
2014-04-09,1.67462,1.68001,1.67229,1.67983,1437
2014-04-10,1.67982,1.6819,1.67529,1.67756,1422
2014-04-11,1.67757,1.6786,1.67159,1.6731,1252
2014-04-13,1.67189,1.674,1.67189,1.67276,177
2014-04-14,1.67277,1.67425,1.66953,1.67253,1413
2014-04-15,1.67249,1.67478,1.66603,1.67228,1424
2014-04-16,1.67227,1.68165,1.67188,1.68016,1426
2014-04-17,1.68014,1.68408,1.67738,1.67811,1423
2014-04-18,1.67815,1.68027,1.6773,1.67874,1136
2014-04-20,1.67922,1.68018,1.67819,1.67835,173
2014-04-21,1.6783,1.68175,1.6783,1.67887,1396
2014-04-22,1.67885,1.6838,1.67847,1.68208,1408
2014-04-23,1.68204,1.68345,1.67614,1.67817,1431
2014-04-24,1.67816,1.68106,1.6764,1.68065,1425
2014-04-25,1.68064,1.68295,1.67887,1.68001,1245
2014-04-27,1.68036,1.68071,1.67971,1.68032,165
2014-04-28,1.68035,1.68566,1.67764,1.68076,1424
2014-04-29,1.68075,1.68456,1.67913,1.6823,1416
2014-04-30,1.68229,1.68995,1.68054,1.68735,1430
2014-05-01,1.68737,1.69188,1.68703,1.68931,1414
2014-05-02,1.68933,1.68942,1.68219,1.68732,1244
2014-05-04,1.68806,1.68855,1.68712,1.68773,158
2014-05-05,1.68772,1.68815,1.68521,1.68663,1395
2014-05-06,1.68662,1.69949,1.6865,1.69741,1425
2014-05-07,1.6974,1.69849,1.695,1.69528,1411
2014-05-08,1.69529,1.69764,1.69224,1.69327,1424
2014-05-09,1.69328,1.6937,1.68308,1.68493,1245
2014-05-11,1.68432,1.68591,1.68432,1.68582,172
2014-05-12,1.68581,1.69018,1.68461,1.68709,1418
2014-05-13,1.68708,1.68818,1.68176,1.68299,1419
2014-05-14,1.68298,1.68733,1.67523,1.67667,1433
2014-05-15,1.67668,1.68044,1.67301,1.67919,1428
2014-05-16,1.67918,1.68396,1.67821,1.68149,1241
2014-05-18,1.68139,1.68241,1.6813,1.68222,176
2014-05-19,1.68221,1.68436,1.68039,1.6813,1419
2014-05-20,1.68133,1.68643,1.68008,1.68359,1410
2014-05-21,1.6836,1.69199,1.68305,1.68954,1423
2014-05-22,1.68955,1.69163,1.68502,1.68653,1425
2014-05-23,1.6865,1.6874,1.68115,1.68327,1244
2014-05-25,1.68354,1.68422,1.68256,1.68315,168
2014-05-26,1.68316,1.68517,1.68253,1.68425,1390
2014-05-27,1.68423,1.68807,1.67814,1.68089,1422
2014-05-28,1.6809,1.68142,1.66964,1.6712,1418
2014-05-29,1.67125,1.67391,1.66915,1.67214,1429
2014-05-30,1.67215,1.67763,1.67155,1.67498,1250
2014-06-02,1.67452,1.67494,1.67414,1.67415,288
2014-06-03,1.67416,1.67811,1.67294,1.67385,1420
2014-06-04,1.67386,1.67673,1.66975,1.67375,1413
2014-06-05,1.67376,1.68238,1.67213,1.68059,1433
2014-06-06,1.68058,1.68437,1.67797,1.68003,1245
2014-06-08,1.68046,1.68104,1.67967,1.68056,164
2014-06-09,1.68054,1.68311,1.67828,1.68012,1406
2014-06-10,1.68011,1.68161,1.67416,1.67462,1418
2014-06-11,1.67463,1.68093,1.67367,1.67887,1423
2014-06-12,1.67889,1.69573,1.67888,1.6954,1425
2014-06-13,1.69541,1.69905,1.69381,1.69607,1247
2014-06-15,1.69711,1.69777,1.69673,1.69759,180
2014-06-16,1.69755,1.70094,1.69581,1.6976,1427
2014-06-17,1.69759,1.69879,1.69367,1.69595,1428
2014-06-18,1.69596,1.70013,1.6921,1.69962,1421
2014-06-19,1.69963,1.70612,1.69834,1.70374,1430
2014-06-20,1.7037,1.70593,1.70018,1.70121,1244
2014-06-22,1.70139,1.70223,1.70135,1.70195,178
2014-06-23,1.70194,1.7048,1.70006,1.70228,1427
2014-06-24,1.70229,1.70306,1.69645,1.69792,1429
2014-06-25,1.69793,1.70032,1.69511,1.69801,1430
2014-06-26,1.69797,1.70386,1.69699,1.70209,1421
2014-06-27,1.7021,1.70502,1.70056,1.70344,1250
2014-06-29,1.70316,1.70379,1.70252,1.70342,175
2014-06-30,1.7034,1.71139,1.70074,1.71068,1413
2014-07-01,1.71067,1.71647,1.70948,1.71456,1434
2014-07-02,1.71455,1.71764,1.71388,1.71594,1423
2014-07-03,1.71593,1.71622,1.71042,1.71501,1420
2014-07-04,1.715,1.71783,1.71301,1.71587,1253
2014-07-06,1.71651,1.71661,1.71482,1.7152,178
2014-07-07,1.71519,1.71548,1.71069,1.71316,1425
2014-07-08,1.7131,1.71462,1.70841,1.71361,1424
2014-07-09,1.7136,1.71599,1.70927,1.71556,1429
2014-07-10,1.71557,1.71666,1.71035,1.71282,1425
2014-07-11,1.71283,1.71495,1.70895,1.70991,1252
2014-07-13,1.71204,1.71237,1.71135,1.71203,177
2014-07-14,1.71204,1.71425,1.70686,1.70862,1404
2014-07-15,1.70863,1.71904,1.7058,1.71417,1424
2014-07-16,1.71411,1.71495,1.71123,1.71367,1426
2014-07-17,1.71368,1.71425,1.70831,1.70908,1437
2014-07-18,1.70911,1.71163,1.70351,1.70841,1252
2014-07-20,1.70866,1.70911,1.70764,1.70878,178
2014-07-21,1.70874,1.7098,1.70544,1.70671,1418
2014-07-22,1.70672,1.70818,1.70402,1.70619,1424
2014-07-23,1.7062,1.7094,1.70228,1.70381,1431
2014-07-24,1.70382,1.70521,1.69649,1.69888,1424
2014-07-25,1.69887,1.69967,1.696,1.69761,1249
2014-07-27,1.69783,1.69813,1.69732,1.69799,178
2014-07-28,1.69798,1.69997,1.69712,1.69816,1421
2014-07-29,1.69814,1.69935,1.69321,1.69454,1427
2014-07-30,1.69453,1.69537,1.6888,1.69076,1430
2014-07-31,1.69075,1.69253,1.68557,1.689,1424
2014-08-01,1.68899,1.68901,1.68115,1.68174,1255
2014-08-03,1.68328,1.68337,1.68156,1.68238,178
2014-08-04,1.6824,1.68655,1.68124,1.68646,1427
2014-08-05,1.68647,1.6887,1.68439,1.68757,1427
2014-08-06,1.68758,1.6882,1.68202,1.6852,1429
2014-08-07,1.68519,1.68626,1.6822,1.68257,1429
2014-08-08,1.68258,1.68303,1.67653,1.67722,1258
2014-08-10,1.67785,1.67792,1.67694,1.6775,175
2014-08-11,1.67749,1.67943,1.67692,1.678,1424
2014-08-12,1.67797,1.68144,1.67554,1.68037,1427
2014-08-13,1.68039,1.68379,1.6684,1.66867,1428
2014-08-14,1.66866,1.66956,1.66562,1.66841,1425
2014-08-15,1.6684,1.67002,1.66754,1.66971,1249
2014-08-17,1.67311,1.67311,1.67121,1.67169,175
2014-08-18,1.67172,1.67363,1.67112,1.6721,1428
2014-08-19,1.67209,1.67244,1.661,1.66185,1422
2014-08-20,1.66186,1.66778,1.65886,1.65982,1432
2014-08-21,1.65984,1.66,1.65624,1.65772,1430
2014-08-22,1.65769,1.6596,1.65601,1.65714,1259
2014-08-24,1.65497,1.65576,1.65349,1.65473,180
2014-08-25,1.65472,1.65971,1.6545,1.6568,1436
2014-08-26,1.65677,1.6594,1.6538,1.6545,1434
2014-08-27,1.65451,1.6604,1.65354,1.6574,1429
2014-08-28,1.65741,1.66123,1.6566,1.65871,1433
2014-08-29,1.6587,1.66121,1.65616,1.65946,1258
2014-08-31,1.65912,1.65955,1.65848,1.65891,177
2014-09-01,1.65896,1.66426,1.65882,1.66127,1427
2014-09-02,1.66128,1.66128,1.64638,1.64664,1431
2014-09-03,1.64665,1.64959,1.64384,1.64583,1428
2014-09-04,1.6458,1.64644,1.62857,1.62912,1439
2014-09-05,1.62913,1.63391,1.62822,1.63258,1259
2014-09-07,1.61673,1.62223,1.61666,1.62123,180
2014-09-08,1.62124,1.62316,1.60907,1.60912,1437
2014-09-09,1.60913,1.61554,1.6058,1.61213,1439
2014-09-10,1.61212,1.6229,1.60507,1.61973,1437
2014-09-11,1.61974,1.62757,1.61844,1.6247,1439
2014-09-12,1.62469,1.62704,1.62032,1.62655,1257
2014-09-14,1.62783,1.62783,1.62523,1.62574,178
2014-09-15,1.62572,1.62668,1.62195,1.62239,1435
2014-09-16,1.6224,1.63103,1.61607,1.6263,1437
2014-09-17,1.62631,1.63569,1.62453,1.62653,1438
2014-09-18,1.62654,1.64589,1.62499,1.6424,1438
2014-09-19,1.64241,1.65234,1.62828,1.62868,1260
2014-09-21,1.63059,1.63348,1.62871,1.6308,180
2014-09-22,1.63077,1.63704,1.63076,1.63676,1438
2014-09-23,1.63674,1.64142,1.63015,1.6393,1437
2014-09-24,1.63931,1.6412,1.63141,1.63242,1438
2014-09-25,1.63241,1.63403,1.62745,1.63294,1433
2014-09-26,1.63292,1.63315,1.62366,1.62484,1257
2014-09-28,1.6233,1.62487,1.62116,1.62379,178
2014-09-29,1.6238,1.62729,1.6213,1.624,1432
2014-09-30,1.62399,1.6286,1.61651,1.62134,1436
2014-10-01,1.62133,1.62503,1.61604,1.61869,1437
2014-10-02,1.61868,1.62487,1.61112,1.61555,1437
2014-10-03,1.61553,1.61553,1.59505,1.5965,1257
2014-10-05,1.59585,1.59754,1.59528,1.5961,177
2014-10-06,1.59609,1.60979,1.59586,1.60719,1439
2014-10-07,1.60718,1.61275,1.60248,1.6085,1438
2014-10-08,1.60851,1.61801,1.60306,1.61606,1438
2014-10-09,1.61605,1.62253,1.61028,1.61198,1428
2014-10-10,1.61197,1.61341,1.60074,1.60746,1260
2014-10-12,1.60727,1.60934,1.60611,1.60905,180
2014-10-13,1.60906,1.61252,1.60495,1.60623,1440
2014-10-14,1.60624,1.60788,1.58818,1.58882,1440
2014-10-15,1.58883,1.60681,1.58737,1.59866,1440
2014-10-16,1.59865,1.61087,1.59399,1.60943,1440
2014-10-17,1.60945,1.61243,1.60283,1.60933,1260
2014-10-19,1.61017,1.61047,1.60834,1.60901,180
2014-10-20,1.60901,1.61792,1.60799,1.61547,1440
2014-10-21,1.61547,1.6184,1.61062,1.61122,1440
2014-10-22,1.6112,1.61305,1.60113,1.60432,1440
2014-10-23,1.60432,1.60598,1.59947,1.60257,1440
2014-10-24,1.60255,1.60988,1.60169,1.6086,1260
2014-10-26,1.60783,1.61029,1.60777,1.60898,180
2014-10-27,1.609,1.61472,1.60862,1.61238,1438
2014-10-28,1.61236,1.61824,1.60881,1.61412,1440
2014-10-29,1.61413,1.61623,1.60032,1.60035,1439
2014-10-30,1.60033,1.60383,1.59504,1.59987,1440
2014-10-31,1.59987,1.60114,1.59418,1.5991,1260
2014-11-02,1.59618,1.59843,1.59614,1.59709,120
2014-11-03,1.59712,1.60222,1.59261,1.5975,1440
2014-11-04,1.5975,1.60161,1.59652,1.60041,1440
2014-11-05,1.60045,1.6022,1.58689,1.59632,1440
2014-11-06,1.5963,1.60019,1.58241,1.58405,1440
2014-11-07,1.584,1.58865,1.579,1.58668,1320
2014-11-09,1.58825,1.5889,1.58704,1.58812,120
2014-11-10,1.58814,1.59174,1.58401,1.58496,1440
2014-11-11,1.58497,1.59448,1.58352,1.59252,1439
2014-11-12,1.59252,1.5941,1.57597,1.57688,1440
2014-11-13,1.57689,1.57814,1.56939,1.57007,1440
2014-11-14,1.57007,1.57072,1.55926,1.5665,1320
2014-11-16,1.5681,1.5686,1.56628,1.56644,120
2014-11-17,1.56647,1.57358,1.56197,1.56381,1438
2014-11-18,1.56381,1.56788,1.56199,1.56271,1440
2014-11-19,1.56271,1.57205,1.55897,1.56725,1440
2014-11-20,1.56725,1.5737,1.56318,1.56919,1439
2014-11-21,1.5692,1.5714,1.56261,1.56527,1320
2014-11-23,1.56349,1.56534,1.56349,1.56447,119
2014-11-24,1.56448,1.57146,1.56284,1.56978,1439
2014-11-25,1.56979,1.57356,1.56485,1.57196,1439
2014-11-26,1.57195,1.5806,1.56792,1.57877,1440
2014-11-27,1.57875,1.58257,1.57165,1.57249,1439
2014-11-28,1.57249,1.57287,1.56143,1.56405,1320
2014-11-30,1.56482,1.56482,1.56025,1.56116,120
2014-12-01,1.56115,1.57639,1.55851,1.57337,1440
2014-12-02,1.57337,1.5743,1.56315,1.56461,1438
2014-12-03,1.56461,1.57193,1.56195,1.56911,1440
2014-12-04,1.5691,1.57258,1.56432,1.56783,1439
2014-12-05,1.56783,1.56951,1.55689,1.55762,1318
2014-12-07,1.5572,1.55779,1.5561,1.55656,120
2014-12-08,1.55654,1.56789,1.55413,1.56508,1440
2014-12-09,1.56506,1.57174,1.56258,1.56838,1440
2014-12-10,1.56838,1.57509,1.56471,1.57483,1440
2014-12-11,1.57485,1.57569,1.56522,1.57182,1440
2014-12-12,1.57182,1.57467,1.56948,1.57111,1319
2014-12-14,1.57225,1.57361,1.57085,1.57227,120
2014-12-15,1.57227,1.57463,1.56014,1.56422,1440
2014-12-16,1.56422,1.57858,1.56107,1.57422,1440
2014-12-17,1.57422,1.57429,1.55415,1.55723,1438
2014-12-18,1.55725,1.56773,1.55489,1.5667,1440
2014-12-19,1.56669,1.56821,1.56053,1.56223,1320
2014-12-21,1.56235,1.56283,1.56185,1.56273,120
2014-12-22,1.56273,1.56652,1.55726,1.55775,1437
2014-12-23,1.55773,1.56081,1.54861,1.55212,1437
2014-12-24,1.55211,1.55638,1.55035,1.5556,1137
2014-12-25,1.55603,1.55612,1.55498,1.5557,60
2014-12-26,1.55574,1.55668,1.5537,1.55552,1310
2014-12-28,1.5561,1.55679,1.55472,1.55514,120
2014-12-29,1.55521,1.55857,1.55049,1.55136,1438
2014-12-30,1.55137,1.55735,1.55008,1.55651,1440
2014-12-31,1.5565,1.562,1.55494,1.5575,1318
2015-01-01,1.55788,1.55871,1.55683,1.55787,125
2015-01-02,1.55783,1.55822,1.53244,1.53247,1319
2015-01-04,1.52926,1.52989,1.51828,1.5284,120
2015-01-05,1.5284,1.53196,1.52031,1.52569,1440
2015-01-06,1.52568,1.52736,1.51075,1.51346,1440
2015-01-07,1.51345,1.51554,1.50544,1.51048,1439
2015-01-08,1.51049,1.51178,1.50342,1.50854,1440
2015-01-09,1.50853,1.51732,1.50836,1.51548,1320
2015-01-11,1.51757,1.51936,1.5166,1.51889,120
2015-01-12,1.51889,1.51895,1.50987,1.51701,1439
2015-01-13,1.51701,1.51913,1.50777,1.51678,1440
2015-01-14,1.51676,1.52692,1.51451,1.52337,1440
2015-01-15,1.52338,1.52669,1.515,1.51796,1440
2015-01-16,1.518,1.52344,1.5075,1.51439,1318
2015-01-18,1.51271,1.51458,1.51143,1.51407,119
2015-01-19,1.51409,1.5179,1.50827,1.50888,1440
2015-01-20,1.50889,1.51996,1.50572,1.51447,1440
2015-01-21,1.51448,1.51794,1.50762,1.51426,1440
2015-01-22,1.5143,1.52123,1.49721,1.50063,1440
2015-01-23,1.50059,1.50356,1.4951,1.49896,1320
2015-01-25,1.5007,1.50185,1.49865,1.49924,120
2015-01-26,1.49923,1.51037,1.4992,1.5085,1440
2015-01-27,1.50851,1.52231,1.50594,1.51882,1440
2015-01-28,1.51881,1.52188,1.51307,1.51397,1440
2015-01-29,1.51397,1.51623,1.50181,1.50774,1439
2015-01-30,1.50773,1.50957,1.49888,1.50625,1320
2015-02-01,1.50843,1.5098,1.50753,1.50839,120
2015-02-02,1.50839,1.50887,1.50057,1.50261,1439
2015-02-03,1.50261,1.51979,1.49889,1.51409,1440
2015-02-04,1.51409,1.52506,1.5139,1.5178,1440
2015-02-05,1.5178,1.53432,1.51679,1.53187,1440
2015-02-06,1.53186,1.53521,1.52109,1.52417,1317
2015-02-08,1.52254,1.52507,1.52185,1.52391,120
2015-02-09,1.52393,1.52672,1.52005,1.52141,1436
2015-02-10,1.52139,1.52758,1.51965,1.52582,1439
2015-02-11,1.52581,1.52994,1.52187,1.52425,1440
2015-02-12,1.52425,1.54144,1.52091,1.53897,1440
2015-02-13,1.53897,1.54219,1.53709,1.53984,1318
2015-02-15,1.54166,1.54218,1.53901,1.54017,120
2015-02-16,1.54018,1.54406,1.53391,1.53533,1440
2015-02-17,1.53533,1.54027,1.53161,1.53524,1439
2015-02-18,1.53519,1.54797,1.53416,1.54346,1439
2015-02-19,1.54344,1.54651,1.54039,1.54186,1440
2015-02-20,1.54186,1.54343,1.53435,1.53973,1320
2015-02-22,1.53945,1.53982,1.53855,1.53871,120
2015-02-23,1.53868,1.54747,1.53323,1.54517,1440
2015-02-24,1.54517,1.54738,1.54019,1.54561,1440
2015-02-25,1.54559,1.55381,1.54529,1.55267,1438
2015-02-26,1.55267,1.5552,1.53943,1.54137,1439
2015-02-27,1.54139,1.54586,1.53847,1.54341,1320
2015-03-01,1.54178,1.54284,1.54039,1.54047,120
2015-03-02,1.54049,1.54208,1.53517,1.5358,1439
2015-03-03,1.5358,1.53975,1.53446,1.53665,1440
2015-03-04,1.53662,1.53718,1.5252,1.52621,1439
2015-03-05,1.52621,1.52694,1.5215,1.52465,1440
2015-03-06,1.52465,1.5252,1.50304,1.50327,1319
2015-03-08,1.50336,1.50639,1.50307,1.50572,178
2015-03-09,1.50574,1.51369,1.50509,1.51068,1440
2015-03-10,1.51078,1.51098,1.50285,1.5077,1439
2015-03-11,1.50769,1.50963,1.4893,1.49336,1440
2015-03-12,1.49338,1.50263,1.485,1.48906,1440
2015-03-13,1.48906,1.48938,1.4699,1.47402,1260
2015-03-15,1.47429,1.47557,1.47312,1.4754,174
2015-03-16,1.47538,1.4853,1.47477,1.48239,1440
2015-03-17,1.48242,1.48448,1.47237,1.47497,1440
2015-03-18,1.47499,1.51676,1.46345,1.49601,1440
2015-03-19,1.49601,1.50093,1.46881,1.47593,1440
2015-03-20,1.47593,1.49891,1.4722,1.49551,1260
2015-03-22,1.49707,1.49889,1.49394,1.49414,180
2015-03-23,1.49414,1.49737,1.48383,1.49493,1440
2015-03-24,1.49495,1.49839,1.48309,1.48336,1440
2015-03-25,1.48338,1.49543,1.48333,1.48765,1438
2015-03-26,1.48765,1.49942,1.4807,1.4855,1440
2015-03-27,1.48552,1.49218,1.47964,1.48719,1260
2015-03-29,1.48845,1.49008,1.48797,1.4883,179
2015-03-30,1.4883,1.48832,1.47526,1.48077,1439
2015-03-31,1.48077,1.48713,1.47554,1.48301,1440
2015-04-01,1.483,1.48713,1.47394,1.48336,1440
2015-04-02,1.48331,1.48682,1.47764,1.48273,1440
2015-04-03,1.4828,1.49449,1.48102,1.49144,1252
2015-04-05,1.49204,1.49336,1.49013,1.49195,174
2015-04-06,1.49197,1.49813,1.48705,1.48886,1437
2015-04-07,1.48885,1.49203,1.48027,1.48206,1439
2015-04-08,1.48207,1.49722,1.48189,1.48756,1440
2015-04-09,1.48753,1.4886,1.46842,1.47153,1440
2015-04-10,1.47153,1.47245,1.45869,1.46314,1260
2015-04-12,1.46186,1.46451,1.46186,1.46364,179
2015-04-13,1.46371,1.46812,1.45657,1.46675,1438
2015-04-14,1.46677,1.48015,1.46034,1.47716,1440
2015-04-15,1.47716,1.48531,1.47004,1.48284,1438
2015-04-16,1.48288,1.49698,1.48119,1.4926,1440
2015-04-17,1.49262,1.50539,1.49159,1.49564,1260
2015-04-19,1.49566,1.49722,1.49483,1.49637,176
2015-04-20,1.49634,1.49837,1.48876,1.49094,1440
2015-04-21,1.49094,1.49729,1.48562,1.49295,1438
2015-04-22,1.49298,1.50798,1.4913,1.50365,1440
2015-04-23,1.50372,1.507,1.49595,1.50509,1440
2015-04-24,1.50506,1.5187,1.5027,1.51835,1260
2015-04-26,1.51757,1.51831,1.51678,1.51733,175
2015-04-27,1.51735,1.52613,1.51071,1.52225,1440
2015-04-28,1.52223,1.53427,1.51755,1.53311,1440
2015-04-29,1.53313,1.54979,1.53277,1.54256,1440
2015-04-30,1.54255,1.54922,1.53037,1.53539,1440
2015-05-01,1.53539,1.53974,1.51144,1.5135,1258
2015-05-03,1.51429,1.51644,1.51349,1.51524,177
2015-05-04,1.51527,1.51746,1.50901,1.51208,1439
2015-05-05,1.51208,1.52178,1.50892,1.5168,1440
2015-05-06,1.51679,1.52916,1.51501,1.52397,1440
2015-05-07,1.52395,1.5448,1.51634,1.53956,1438
2015-05-08,1.53956,1.55221,1.53549,1.54538,1260
2015-05-10,1.54444,1.54544,1.54295,1.54373,179
2015-05-11,1.54373,1.56128,1.53929,1.55771,1440
2015-05-12,1.55772,1.57105,1.55572,1.56685,1439
2015-05-13,1.56685,1.57688,1.56334,1.57355,1440
2015-05-14,1.57356,1.58148,1.57283,1.57717,1438
2015-05-15,1.57718,1.58085,1.57014,1.57254,1260
2015-05-17,1.57412,1.57452,1.57227,1.57387,166
2015-05-18,1.57387,1.57388,1.5638,1.56624,1438
2015-05-19,1.56624,1.56697,1.54463,1.55119,1440
2015-05-20,1.55121,1.55879,1.54724,1.55412,1440
2015-05-21,1.55413,1.56996,1.55252,1.5657,1437
2015-05-22,1.56572,1.56898,1.546,1.54861,1259
2015-05-24,1.54736,1.54861,1.54586,1.54719,176
2015-05-25,1.54718,1.55076,1.5457,1.54699,1436
2015-05-26,1.54699,1.54703,1.5354,1.53942,1440
2015-05-27,1.53938,1.54369,1.53012,1.53481,1440
2015-05-28,1.53483,1.53856,1.52602,1.532,1439
2015-05-29,1.532,1.5342,1.52364,1.52898,1260
2015-05-31,1.52923,1.52981,1.52734,1.52859,178
2015-06-01,1.52861,1.53044,1.51705,1.51962,1439
2015-06-02,1.51963,1.53671,1.51794,1.53355,1436
2015-06-03,1.53356,1.53749,1.5251,1.53268,1439
2015-06-04,1.53262,1.54413,1.53042,1.53588,1440
2015-06-05,1.53586,1.53701,1.51902,1.52635,1259
2015-06-07,1.52566,1.52723,1.52563,1.52625,176
2015-06-08,1.52625,1.5364,1.52215,1.53415,1439
2015-06-09,1.53413,1.53946,1.52575,1.53868,1435
2015-06-10,1.53868,1.55536,1.53689,1.5501,1439
2015-06-11,1.55005,1.55338,1.54212,1.55153,1436
2015-06-12,1.55154,1.55977,1.54668,1.55624,1260
2015-06-14,1.55486,1.5569,1.55453,1.55653,179
2015-06-15,1.55652,1.56137,1.54875,1.55977,1438
2015-06-16,1.55975,1.56539,1.55417,1.56387,1439
2015-06-17,1.56385,1.58483,1.56256,1.58479,1440
2015-06-18,1.58475,1.59296,1.58054,1.58783,1437
2015-06-19,1.58781,1.58965,1.58354,1.58802,1260
2015-06-21,1.58705,1.5883,1.5868,1.5872,176
2015-06-22,1.58722,1.59098,1.58052,1.58262,1434
2015-06-23,1.5826,1.58271,1.57088,1.57375,1437
2015-06-24,1.57374,1.58025,1.56666,1.57042,1435
2015-06-25,1.57041,1.57703,1.56763,1.57453,1438
2015-06-26,1.57453,1.57671,1.57084,1.57405,1260
2015-06-28,1.569,1.57294,1.56622,1.56886,180
2015-06-29,1.56886,1.57884,1.56831,1.57268,1439
2015-06-30,1.5727,1.57756,1.56751,1.56849,1436
2015-07-01,1.56837,1.57317,1.55886,1.56032,1434
2015-07-02,1.56032,1.564,1.55629,1.56089,1432
2015-07-03,1.56087,1.56441,1.55573,1.55658,1251
2015-07-05,1.55459,1.55722,1.55325,1.55501,180
2015-07-06,1.55501,1.56282,1.55321,1.55982,1436
2015-07-07,1.55983,1.56079,1.54135,1.54616,1440
2015-07-08,1.54613,1.54667,1.53299,1.53666,1438
2015-07-09,1.53665,1.54206,1.53435,1.53698,1439
2015-07-10,1.53697,1.55508,1.53637,1.55086,1260
2015-07-12,1.5501,1.5522,1.54932,1.5513,178
2015-07-13,1.55129,1.55889,1.54775,1.54781,1438
2015-07-14,1.54782,1.56394,1.54506,1.56345,1439
2015-07-15,1.56343,1.56754,1.55768,1.56263,1436
2015-07-16,1.56263,1.56501,1.55602,1.56106,1439
2015-07-17,1.56105,1.56723,1.55543,1.55999,1260
2015-07-19,1.55996,1.56112,1.55919,1.56035,168
2015-07-20,1.5603,1.56273,1.55379,1.55687,1438
2015-07-21,1.55685,1.55906,1.5529,1.55542,1439
2015-07-22,1.55541,1.56467,1.55508,1.56129,1440
2015-07-23,1.56131,1.56707,1.55011,1.55176,1440
2015-07-24,1.55178,1.55259,1.54668,1.55036,1260
2015-07-26,1.55124,1.55232,1.55033,1.55213,179
2015-07-27,1.55214,1.5595,1.54904,1.55622,1436
2015-07-28,1.5562,1.56278,1.55279,1.56078,1437
2015-07-29,1.56078,1.56896,1.55877,1.55984,1438
2015-07-30,1.55987,1.56431,1.55625,1.56028,1439
2015-07-31,1.56028,1.56786,1.55492,1.56161,1260
2015-08-02,1.56323,1.56374,1.56181,1.56215,178
2015-08-03,1.56217,1.56447,1.55653,1.55888,1439
2015-08-04,1.55887,1.56347,1.55589,1.55658,1440
2015-08-05,1.55658,1.56513,1.55257,1.56033,1439
2015-08-06,1.56032,1.56367,1.54667,1.55126,1436
2015-08-07,1.55127,1.5545,1.54246,1.54912,1258
2015-08-09,1.54884,1.54966,1.54844,1.54865,175
2015-08-10,1.54865,1.56059,1.54582,1.55842,1440
2015-08-11,1.55842,1.56159,1.55552,1.55827,1437
2015-08-12,1.55827,1.56599,1.55342,1.56097,1437
2015-08-13,1.56097,1.56367,1.55737,1.56137,1436
2015-08-14,1.56138,1.56598,1.55889,1.56385,1259
2015-08-16,1.56521,1.56555,1.56456,1.56479,174
2015-08-17,1.56479,1.5688,1.55788,1.55809,1434
2015-08-18,1.5581,1.57169,1.55623,1.5663,1439
2015-08-19,1.5663,1.57004,1.56353,1.56819,1437
2015-08-20,1.56819,1.57014,1.56065,1.56881,1439
2015-08-21,1.5688,1.5723,1.56579,1.56871,1220
2015-08-23,1.5676,1.56971,1.56682,1.56745,179
2015-08-24,1.56745,1.58031,1.56303,1.57593,1440
2015-08-25,1.576,1.58185,1.56811,1.5697,1440
2015-08-26,1.56965,1.57199,1.54525,1.54789,1437
2015-08-27,1.54791,1.5509,1.53701,1.54102,1439
2015-08-28,1.54102,1.54428,1.53347,1.53902,1260
2015-08-30,1.54098,1.54176,1.54006,1.54148,178
2015-08-31,1.54146,1.54368,1.5339,1.53617,1438
2015-09-01,1.53617,1.54078,1.52998,1.53015,1438
2015-09-02,1.53017,1.53256,1.52641,1.53047,1439
2015-09-03,1.53049,1.53135,1.52189,1.52579,1439
2015-09-04,1.52579,1.52762,1.51627,1.51681,1260
2015-09-06,1.51759,1.5203,1.51742,1.51949,180
2015-09-07,1.51948,1.52882,1.51712,1.52744,1436
2015-09-08,1.52748,1.54125,1.52722,1.53952,1435
2015-09-09,1.53951,1.54043,1.53499,1.53564,1437
2015-09-10,1.53562,1.54756,1.53387,1.54405,1440
2015-09-11,1.54405,1.54617,1.54,1.5426,1260
2015-09-13,1.54264,1.5447,1.54256,1.54451,178
2015-09-14,1.54458,1.54709,1.53729,1.54257,1434
2015-09-15,1.54257,1.54572,1.53295,1.53435,1432
2015-09-16,1.53435,1.55285,1.53304,1.55117,1435
2015-09-17,1.55116,1.56279,1.5486,1.55664,1438
2015-09-18,1.55663,1.56585,1.55138,1.55264,1260
2015-09-20,1.55249,1.55331,1.55151,1.5527,176
2015-09-21,1.55268,1.55676,1.54806,1.55061,1431
2015-09-22,1.55065,1.55288,1.53406,1.53518,1439
2015-09-23,1.53517,1.53641,1.52199,1.52469,1438
2015-09-24,1.52469,1.52886,1.52006,1.52302,1440
2015-09-25,1.52297,1.52607,1.51349,1.51754,1260
2015-09-27,1.5188,1.52101,1.51843,1.52015,169
2015-09-28,1.52012,1.52408,1.51574,1.51613,1437
2015-09-29,1.51613,1.5205,1.51288,1.51544,1437
2015-09-30,1.51544,1.52137,1.51075,1.51209,1438
2015-10-01,1.51209,1.518,1.51071,1.51372,1437
2015-10-02,1.51372,1.52371,1.51354,1.51825,1257
2015-10-04,1.519,1.51927,1.51674,1.5185,180
2015-10-05,1.5185,1.52445,1.51368,1.51528,1438
2015-10-06,1.51525,1.52429,1.514,1.52255,1438
2015-10-07,1.52257,1.53394,1.52241,1.53146,1436
2015-10-08,1.53148,1.53724,1.52615,1.53492,1439
2015-10-09,1.53494,1.5383,1.52999,1.53205,1258
2015-10-11,1.53149,1.53234,1.53114,1.53199,175
2015-10-12,1.53197,1.5373,1.53154,1.53355,1434
2015-10-13,1.53355,1.53875,1.52002,1.52542,1437
2015-10-14,1.52542,1.54944,1.52537,1.54768,1438
2015-10-15,1.54769,1.55084,1.54148,1.54697,1439
2015-10-16,1.54695,1.54862,1.54302,1.54328,1257
2015-10-18,1.54371,1.54457,1.54313,1.5434,172
2015-10-19,1.54339,1.54966,1.54272,1.54696,1439
2015-10-20,1.54697,1.55057,1.54354,1.54453,1437
2015-10-21,1.54453,1.54772,1.54106,1.542,1438
2015-10-22,1.54198,1.55073,1.5369,1.53836,1440
2015-10-23,1.53844,1.54188,1.53058,1.5312,1260
2015-10-25,1.53162,1.53208,1.53043,1.53134,180
2015-10-26,1.53132,1.53816,1.53094,1.53526,1435
2015-10-27,1.53526,1.53585,1.52828,1.53106,1436
2015-10-28,1.53108,1.53476,1.52486,1.52689,1440
2015-10-29,1.52687,1.53244,1.52424,1.53205,1440
2015-10-30,1.53205,1.54676,1.53089,1.54235,1260
2015-11-01,1.54491,1.54549,1.54265,1.54387,120
2015-11-02,1.54388,1.54971,1.54045,1.54217,1436
2015-11-03,1.54212,1.54453,1.53594,1.5418,1440
2015-11-04,1.54178,1.54449,1.53606,1.53868,1440
2015-11-05,1.53868,1.54015,1.52042,1.52091,1439
2015-11-06,1.52092,1.52194,1.50269,1.50441,1318
2015-11-08,1.50495,1.50545,1.50398,1.50523,119
2015-11-09,1.50523,1.51279,1.50486,1.51184,1438
2015-11-10,1.51186,1.51456,1.50914,1.51354,1439
2015-11-11,1.51355,1.52284,1.51295,1.52221,1439
2015-11-12,1.5222,1.52462,1.5174,1.52313,1440
2015-11-13,1.52315,1.52647,1.51873,1.52361,1320
2015-11-15,1.52267,1.52302,1.52103,1.52173,120
2015-11-16,1.52175,1.52273,1.51813,1.52,1438
2015-11-17,1.52,1.52383,1.51543,1.52156,1437
2015-11-18,1.52159,1.52484,1.51882,1.52382,1438
2015-11-19,1.52384,1.53356,1.52384,1.52854,1439
2015-11-20,1.52852,1.53095,1.51822,1.51858,1320
2015-11-22,1.51853,1.51956,1.51806,1.51874,118
2015-11-23,1.51879,1.51901,1.51089,1.51252,1439
2015-11-24,1.5125,1.51554,1.50534,1.50787,1439
2015-11-25,1.50788,1.51363,1.50559,1.51226,1439
2015-11-26,1.51224,1.51305,1.5066,1.51009,1435
2015-11-27,1.51007,1.51096,1.50292,1.50292,1319
2015-11-29,1.50331,1.50419,1.50313,1.50367,119
2015-11-30,1.50368,1.50685,1.49938,1.50563,1440
2015-12-01,1.50563,1.51254,1.50502,1.50758,1438
2015-12-02,1.50766,1.50806,1.48949,1.49463,1440
2015-12-03,1.49465,1.51588,1.49038,1.51332,1440
2015-12-04,1.51331,1.51567,1.5078,1.51065,1320
2015-12-06,1.51008,1.51148,1.50995,1.51086,120
2015-12-07,1.51091,1.51145,1.50443,1.50475,1436
2015-12-08,1.50477,1.50611,1.49569,1.50084,1440
2015-12-09,1.50086,1.51912,1.50043,1.51794,1437
2015-12-10,1.51794,1.52017,1.5111,1.51595,1438
2015-12-11,1.51597,1.52396,1.51253,1.52175,1320
2015-12-13,1.52292,1.52297,1.51795,1.51948,119
2015-12-14,1.51951,1.52051,1.51076,1.51573,1439
2015-12-15,1.51573,1.51843,1.50291,1.50437,1440
2015-12-16,1.50436,1.50981,1.49591,1.49746,1440
2015-12-17,1.49746,1.50036,1.48648,1.49285,1440
2015-12-18,1.49283,1.49497,1.48848,1.489,1320
2015-12-20,1.48984,1.49128,1.48874,1.49062,118
2015-12-21,1.49064,1.49295,1.48773,1.4891,1439
2015-12-22,1.48911,1.49075,1.48054,1.48194,1439
2015-12-23,1.48197,1.49002,1.48197,1.48725,1432
2015-12-24,1.48718,1.49449,1.48694,1.49215,1140
2015-12-27,1.49144,1.49345,1.49134,1.49224,109
2015-12-28,1.49228,1.49311,1.4874,1.48908,1434
2015-12-29,1.48906,1.49134,1.47855,1.482,1434
2015-12-30,1.48201,1.48486,1.47929,1.48174,1436
2015-12-31,1.48173,1.48446,1.47264,1.47331,1312
2016-01-03,1.47335,1.47432,1.47265,1.47351,120
2016-01-04,1.47357,1.48159,1.46628,1.47116,1439
2016-01-05,1.47118,1.47252,1.46386,1.46733,1440
2016-01-06,1.46733,1.46794,1.4601,1.46281,1439
2016-01-07,1.46281,1.46404,1.45329,1.46214,1440
2016-01-08,1.46214,1.46447,1.45061,1.45182,1320
2016-01-10,1.45241,1.45582,1.44942,1.4524,120
2016-01-11,1.45242,1.46039,1.45108,1.45424,1440
2016-01-12,1.45424,1.45598,1.43519,1.4435,1440
2016-01-13,1.44351,1.44756,1.43794,1.44096,1440
2016-01-14,1.44095,1.44451,1.436,1.44229,1438
2016-01-15,1.44229,1.44276,1.42485,1.42541,1320
2016-01-17,1.42527,1.42735,1.42499,1.42716,120
2016-01-18,1.42717,1.43229,1.42367,1.4251,1440
2016-01-19,1.42511,1.43399,1.41291,1.41786,1440
2016-01-20,1.41785,1.42188,1.41252,1.4198,1439
2016-01-21,1.41981,1.42487,1.40792,1.42252,1440
2016-01-22,1.42253,1.43626,1.42046,1.4263,1320
2016-01-24,1.42646,1.42725,1.42525,1.42525,117
2016-01-25,1.42527,1.43095,1.42236,1.42405,1440
2016-01-26,1.42405,1.4367,1.41732,1.43411,1440
2016-01-27,1.43413,1.43548,1.42298,1.42431,1440
2016-01-28,1.42431,1.44072,1.42384,1.43581,1439
2016-01-29,1.43581,1.44129,1.41492,1.42375,1320
2016-01-31,1.42494,1.42494,1.42279,1.42437,120
2016-02-01,1.42437,1.44445,1.42347,1.44239,1440
2016-02-02,1.44239,1.44457,1.4326,1.44061,1440
2016-02-03,1.44063,1.4649,1.43838,1.45848,1440
2016-02-04,1.45846,1.46673,1.45296,1.4578,1440
2016-02-05,1.45781,1.45889,1.44518,1.44995,1320
2016-02-07,1.44814,1.45093,1.44814,1.45078,116
2016-02-08,1.45078,1.45467,1.43512,1.44332,1439
2016-02-09,1.44333,1.45156,1.43782,1.44606,1440
2016-02-10,1.44606,1.4578,1.44398,1.45215,1440
2016-02-11,1.45215,1.45635,1.43831,1.44784,1439
2016-02-12,1.44785,1.45701,1.44431,1.45002,1320
2016-02-14,1.45089,1.45192,1.44858,1.45184,111
2016-02-15,1.45183,1.45351,1.44132,1.44532,1438
2016-02-16,1.44534,1.45157,1.42753,1.43021,1440
2016-02-17,1.4302,1.43389,1.42352,1.42799,1438
2016-02-18,1.42799,1.43944,1.42564,1.43288,1440
2016-02-19,1.43288,1.44075,1.42468,1.44021,1320
2016-02-21,1.42652,1.43054,1.42576,1.42618,120
2016-02-22,1.42619,1.42976,1.40572,1.41483,1440
2016-02-23,1.41483,1.41556,1.40051,1.40051,1440
2016-02-24,1.40049,1.40171,1.38783,1.39284,1440
2016-02-25,1.39285,1.39964,1.38995,1.39656,1439
2016-02-26,1.39658,1.40425,1.38536,1.38673,1320
2016-02-28,1.3855,1.38671,1.38549,1.38607,120
2016-02-29,1.38608,1.39462,1.38358,1.3926,1440
2016-03-01,1.3926,1.40181,1.39043,1.39588,1440
2016-03-02,1.39589,1.4093,1.39144,1.40784,1439
2016-03-03,1.40783,1.41942,1.40326,1.41712,1439
2016-03-04,1.41711,1.42482,1.41079,1.42235,1320
2016-03-06,1.42158,1.42257,1.42097,1.42097,119
2016-03-07,1.42098,1.42837,1.4134,1.42591,1437
2016-03-08,1.42592,1.42753,1.41733,1.42043,1438
2016-03-09,1.42046,1.42408,1.4177,1.42054,1439
2016-03-10,1.42054,1.43172,1.4118,1.4283,1440
2016-03-11,1.42828,1.44364,1.42545,1.43846,1320
2016-03-13,1.43685,1.43847,1.43643,1.43778,172
2016-03-14,1.43778,1.43887,1.42716,1.42795,1438
2016-03-15,1.42794,1.42836,1.41387,1.4155,1440
2016-03-16,1.41551,1.42737,1.4053,1.42503,1440
2016-03-17,1.42503,1.4503,1.42212,1.44739,1439
2016-03-18,1.44739,1.45141,1.44102,1.44761,1259
2016-03-20,1.44389,1.4468,1.44384,1.44608,179
2016-03-21,1.4461,1.44666,1.43649,1.43653,1439
2016-03-22,1.43655,1.43971,1.41902,1.4222,1439
2016-03-23,1.42222,1.42272,1.4082,1.41135,1439
2016-03-24,1.41134,1.41826,1.40572,1.4132,1434
2016-03-25,1.41317,1.41575,1.41079,1.41332,1176
2016-03-27,1.41279,1.414,1.41201,1.41287,163
2016-03-28,1.41286,1.42831,1.41196,1.42587,1433
2016-03-29,1.42586,1.44039,1.41945,1.43838,1438
2016-03-30,1.43838,1.4459,1.43606,1.43712,1439
2016-03-31,1.43703,1.44258,1.43256,1.43647,1437
2016-04-01,1.43648,1.43711,1.41706,1.42213,1260
2016-04-03,1.42212,1.42283,1.42132,1.42243,180
2016-04-04,1.42245,1.43215,1.41907,1.4262,1439
2016-04-05,1.4262,1.42784,1.41217,1.41555,1438
2016-04-06,1.41553,1.41709,1.40053,1.41308,1440
2016-04-07,1.41318,1.41567,1.40478,1.40517,1440
2016-04-08,1.40518,1.41417,1.40405,1.41231,1260
2016-04-10,1.41135,1.41296,1.4105,1.41295,174
2016-04-11,1.41294,1.42864,1.41067,1.4232,1440
2016-04-12,1.4232,1.43471,1.41962,1.42651,1440
2016-04-13,1.42652,1.42787,1.41865,1.41881,1439
2016-04-14,1.4188,1.41897,1.40903,1.41397,1438
2016-04-15,1.41397,1.42413,1.41324,1.4199,1260
2016-04-17,1.4196,1.41972,1.41701,1.41789,178
2016-04-18,1.41784,1.42926,1.41309,1.42838,1437
2016-04-19,1.42837,1.44186,1.42831,1.43855,1440
2016-04-20,1.43856,1.44101,1.43283,1.43356,1438
2016-04-21,1.43357,1.444,1.42989,1.43227,1438
2016-04-22,1.43226,1.44515,1.43186,1.44079,1259
2016-04-24,1.44621,1.447,1.4438,1.44439,180
2016-04-25,1.44439,1.45193,1.44028,1.44858,1440
2016-04-26,1.44857,1.46383,1.44848,1.45728,1438
2016-04-27,1.45733,1.46218,1.44735,1.45385,1440
2016-04-28,1.45385,1.46222,1.45226,1.46104,1438
2016-04-29,1.461,1.46701,1.45766,1.46057,1260
2016-05-01,1.45825,1.46075,1.45825,1.46028,179
2016-05-02,1.46027,1.46961,1.46,1.46617,1440
2016-05-03,1.46617,1.47696,1.4529,1.45477,1440
2016-05-04,1.45477,1.45717,1.44613,1.45043,1438
2016-05-05,1.45043,1.45291,1.4444,1.44903,1439
2016-05-06,1.44903,1.45451,1.44147,1.44267,1259
2016-05-08,1.44139,1.44347,1.44138,1.44248,177
2016-05-09,1.44248,1.44792,1.43746,1.44108,1439
2016-05-10,1.44107,1.44777,1.43887,1.44498,1439
2016-05-11,1.44498,1.44879,1.43948,1.44346,1439
2016-05-12,1.44346,1.45304,1.44061,1.44439,1435
2016-05-13,1.44438,1.44471,1.43403,1.43534,1260
2016-05-15,1.43504,1.43601,1.43448,1.43503,165
2016-05-16,1.43506,1.44688,1.43323,1.44428,1437
2016-05-17,1.44429,1.45243,1.44308,1.44553,1438
2016-05-18,1.44553,1.46343,1.44032,1.45934,1436
2016-05-19,1.45934,1.46627,1.45616,1.45975,1437
2016-05-20,1.45981,1.46129,1.44857,1.44964,1260
2016-05-22,1.45101,1.45101,1.44876,1.44888,167
2016-05-23,1.44888,1.45486,1.44422,1.44779,1440
2016-05-24,1.4478,1.46418,1.44769,1.46122,1439
2016-05-25,1.46122,1.4729,1.46013,1.46957,1437
2016-05-26,1.46957,1.4739,1.46403,1.46647,1439
2016-05-27,1.46647,1.46884,1.46047,1.46178,1260
2016-05-29,1.46044,1.46276,1.46044,1.46227,178
2016-05-30,1.46227,1.46412,1.45873,1.4632,1435
2016-05-31,1.4632,1.47241,1.44646,1.44824,1440
2016-06-01,1.44825,1.45072,1.43857,1.44188,1440
2016-06-02,1.44188,1.44727,1.4402,1.44048,1436
2016-06-03,1.4405,1.45814,1.43988,1.4513,1259
2016-06-05,1.4464,1.44815,1.43519,1.43871,179
2016-06-06,1.43869,1.44737,1.43551,1.44563,1440
2016-06-07,1.44565,1.46594,1.44518,1.45414,1436
2016-06-08,1.45413,1.46002,1.44999,1.45127,1439
2016-06-09,1.45126,1.45266,1.44449,1.44635,1438
2016-06-10,1.44626,1.44722,1.41796,1.42517,1259
2016-06-12,1.42638,1.42657,1.41584,1.41875,180
2016-06-13,1.41874,1.43278,1.41149,1.42034,1438
2016-06-14,1.42034,1.42179,1.40901,1.41171,1440
2016-06-15,1.41168,1.42176,1.41055,1.41928,1439
2016-06-16,1.41927,1.4293,1.40123,1.42928,1439
2016-06-17,1.42934,1.43875,1.42217,1.43549,1260
2016-06-19,1.44679,1.46126,1.44329,1.45807,177
2016-06-20,1.45817,1.47179,1.45303,1.4671,1436
2016-06-21,1.46711,1.47834,1.46159,1.46623,1438
2016-06-22,1.46623,1.48431,1.46414,1.47855,1440
2016-06-23,1.47856,1.50169,1.42883,1.45589,1436
2016-06-24,1.45573,1.46521,1.32274,1.36698,1260
2016-06-26,1.34099,1.34821,1.33642,1.34382,180
2016-06-27,1.34395,1.34748,1.31199,1.32245,1439
2016-06-28,1.32245,1.34195,1.32185,1.33523,1437
2016-06-29,1.33534,1.3533,1.32869,1.34512,1438
2016-06-30,1.34519,1.34957,1.32055,1.33291,1437
2016-07-01,1.33291,1.33494,1.32447,1.32728,1260
2016-07-03,1.32466,1.32916,1.32433,1.32817,161
2016-07-04,1.32818,1.33402,1.32405,1.32782,1434
2016-07-05,1.32783,1.32804,1.29499,1.29599,1439
2016-07-06,1.29597,1.30155,1.27961,1.29176,1439
2016-07-07,1.29177,1.30469,1.28781,1.29097,1435
2016-07-08,1.2909,1.30183,1.29054,1.29455,1260
2016-07-10,1.2946,1.2952,1.29335,1.2941,172
2016-07-11,1.29411,1.30178,1.28502,1.29821,1437
2016-07-12,1.29821,1.3295,1.29756,1.32694,1432
2016-07-13,1.32697,1.33362,1.31046,1.31177,1439
2016-07-14,1.31176,1.34738,1.31064,1.33506,1437
2016-07-15,1.33519,1.34799,1.31314,1.31815,1259
2016-07-17,1.3194,1.327,1.3187,1.32312,176
2016-07-18,1.32312,1.33146,1.32112,1.32638,1437
2016-07-19,1.3264,1.32714,1.30736,1.31046,1437
2016-07-20,1.31047,1.32746,1.30645,1.32439,1440
2016-07-21,1.3244,1.32687,1.31559,1.32344,1438
2016-07-22,1.32343,1.32905,1.30787,1.31073,1260
2016-07-24,1.31432,1.31441,1.31128,1.31223,171
2016-07-25,1.31233,1.31642,1.30904,1.31033,1435
2016-07-26,1.31034,1.31753,1.30564,1.31472,1439
2016-07-27,1.31473,1.32389,1.30722,1.32269,1438
2016-07-28,1.32283,1.32477,1.3117,1.31611,1433
2016-07-29,1.31614,1.3301,1.31518,1.32274,1260
2016-07-31,1.32363,1.32392,1.31999,1.32156,175
2016-08-01,1.32157,1.3272,1.3163,1.31841,1438
2016-08-02,1.3184,1.33654,1.3171,1.33357,1433
2016-08-03,1.33356,1.33715,1.32802,1.33258,1430
2016-08-04,1.33258,1.33454,1.30998,1.31261,1435
2016-08-05,1.31261,1.31748,1.30209,1.30684,1255
2016-08-07,1.30761,1.30842,1.30662,1.30735,167
2016-08-08,1.30731,1.30963,1.30276,1.30316,1437
2016-08-09,1.30313,1.30313,1.29558,1.30116,1434
2016-08-10,1.30112,1.30937,1.29909,1.30195,1439
2016-08-11,1.30196,1.30278,1.29355,1.29536,1432
2016-08-12,1.29534,1.30344,1.29026,1.29165,1258
2016-08-14,1.2926,1.2926,1.29001,1.29074,175
2016-08-15,1.29085,1.29447,1.28658,1.28797,1434
2016-08-16,1.28797,1.307,1.28783,1.30289,1435
2016-08-17,1.30289,1.30854,1.29783,1.30441,1437
2016-08-18,1.30438,1.31846,1.30406,1.31624,1439
2016-08-19,1.31624,1.31626,1.30228,1.307,1259
2016-08-21,1.30533,1.30829,1.30529,1.30608,171
2016-08-22,1.30609,1.31569,1.30342,1.31322,1437
2016-08-23,1.31322,1.32102,1.31282,1.31969,1435
2016-08-24,1.31967,1.32725,1.31611,1.32365,1435
2016-08-25,1.32355,1.32634,1.31687,1.31925,1432
2016-08-26,1.31925,1.32789,1.31216,1.31332,1258
2016-08-28,1.3108,1.31384,1.3108,1.31251,180
2016-08-29,1.31248,1.31324,1.30592,1.31049,1437
2016-08-30,1.31051,1.31197,1.30591,1.30899,1438
2016-08-31,1.30899,1.31578,1.30659,1.31324,1439
2016-09-01,1.31323,1.33177,1.31281,1.32746,1432
2016-09-02,1.32745,1.33522,1.32522,1.32904,1257
2016-09-04,1.32963,1.33059,1.32898,1.32939,172
2016-09-05,1.32939,1.33752,1.32879,1.33104,1433
2016-09-06,1.33104,1.34448,1.33019,1.3414,1436
2016-09-07,1.34137,1.34242,1.33191,1.33374,1437
2016-09-08,1.33373,1.33754,1.32834,1.33069,1434
2016-09-09,1.33067,1.33359,1.32391,1.32623,1260
2016-09-11,1.32635,1.32724,1.32502,1.32714,171
2016-09-12,1.32713,1.3347,1.32351,1.33352,1436
2016-09-13,1.33361,1.33382,1.3167,1.3192,1439
2016-09-14,1.31919,1.32786,1.3138,1.32613,1436
2016-09-15,1.32613,1.32688,1.31795,1.32455,1438
2016-09-16,1.32448,1.32471,1.29963,1.3,1259
2016-09-18,1.29975,1.30193,1.29957,1.30123,176
2016-09-19,1.30123,1.30909,1.30106,1.30395,1437
2016-09-20,1.30395,1.30646,1.29467,1.29823,1437
2016-09-21,1.29823,1.30462,1.2945,1.30319,1440
2016-09-22,1.3032,1.31205,1.30311,1.3082,1436
2016-09-23,1.3082,1.30865,1.29147,1.29612,1257
2016-09-25,1.29633,1.29819,1.29533,1.2977,167
2016-09-26,1.29773,1.29865,1.2916,1.29669,1427
2016-09-27,1.29669,1.3026,1.29365,1.30083,1436
2016-09-28,1.30083,1.30576,1.29799,1.30364,1435
2016-09-29,1.30359,1.30541,1.2954,1.29649,1438
2016-09-30,1.29649,1.30224,1.29366,1.29694,1260
2016-10-02,1.29165,1.29457,1.29165,1.29291,178
2016-10-03,1.29292,1.29461,1.28172,1.28585,1438
2016-10-04,1.28586,1.28601,1.2719,1.2729,1439
2016-10-05,1.2729,1.27711,1.26855,1.27519,1437
2016-10-06,1.27519,1.27541,1.20302,1.23874,1432
2016-10-07,1.23922,1.24813,1.22271,1.24306,1259
2016-10-09,1.23952,1.24392,1.23952,1.24341,173
2016-10-10,1.24343,1.24438,1.23378,1.23456,1432
2016-10-11,1.23454,1.23513,1.20892,1.22711,1438
2016-10-12,1.22713,1.23246,1.21657,1.21859,1439
2016-10-13,1.2186,1.22718,1.21325,1.22255,1435
2016-10-14,1.22255,1.22612,1.21675,1.21855,1260
2016-10-16,1.21523,1.21821,1.21496,1.21756,179
2016-10-17,1.21761,1.22292,1.21357,1.22185,1439
2016-10-18,1.2218,1.2325,1.2217,1.23,1436
2016-10-19,1.23001,1.23306,1.22536,1.22933,1434
2016-10-20,1.22933,1.22979,1.22099,1.22552,1435
2016-10-21,1.22552,1.22592,1.21711,1.22264,1256
2016-10-23,1.22218,1.22264,1.22128,1.22177,165
2016-10-24,1.22175,1.2249,1.21851,1.22228,1438
2016-10-25,1.22229,1.22433,1.2082,1.21752,1438
2016-10-26,1.21756,1.2249,1.21562,1.22345,1435
2016-10-27,1.22343,1.22716,1.21489,1.21687,1436
2016-10-28,1.21687,1.22119,1.21137,1.2187,1259
2016-10-30,1.21747,1.22147,1.21747,1.22058,179
2016-10-31,1.22057,1.22489,1.2144,1.2235,1435
2016-11-01,1.22356,1.22803,1.22057,1.22358,1436
2016-11-02,1.2237,1.23536,1.22201,1.23025,1434
2016-11-03,1.23028,1.24942,1.22985,1.24645,1439
2016-11-04,1.24645,1.25571,1.2449,1.25158,1259
2016-11-06,1.24523,1.24872,1.24523,1.24863,120
2016-11-07,1.24863,1.24974,1.23792,1.23975,1439
2016-11-08,1.23971,1.24395,1.23596,1.23843,1439
2016-11-09,1.23842,1.2546,1.23526,1.24181,1437
2016-11-10,1.2417,1.25844,1.23773,1.25497,1440
2016-11-11,1.25496,1.26734,1.25249,1.26015,1318
2016-11-13,1.25742,1.25919,1.25622,1.25751,119
2016-11-14,1.2575,1.25791,1.24438,1.25155,1440
2016-11-15,1.25153,1.25289,1.23801,1.24508,1439
2016-11-16,1.24509,1.25025,1.24091,1.24378,1439
2016-11-17,1.24377,1.25049,1.24073,1.24082,1437
2016-11-18,1.24083,1.24362,1.23018,1.23419,1320
2016-11-20,1.23383,1.23559,1.23183,1.2322,114
2016-11-21,1.23217,1.25115,1.23123,1.24903,1439
2016-11-22,1.24903,1.25123,1.23842,1.2422,1436
2016-11-23,1.24215,1.24686,1.23599,1.24261,1437
2016-11-24,1.24259,1.24944,1.24018,1.24512,1435
2016-11-25,1.24512,1.24809,1.24155,1.24808,1318
2016-11-27,1.2471,1.24806,1.2451,1.2479,103
2016-11-28,1.24787,1.25312,1.23855,1.24073,1436
2016-11-29,1.24073,1.25256,1.23879,1.24897,1440
2016-11-30,1.24895,1.25232,1.24194,1.25136,1439
2016-12-01,1.25136,1.26954,1.25068,1.25865,1440
2016-12-02,1.25876,1.27366,1.25697,1.27256,1320
2016-12-04,1.26795,1.26838,1.26248,1.26672,115
2016-12-05,1.26685,1.27445,1.26551,1.2726,1437
2016-12-06,1.27257,1.27747,1.26563,1.26705,1438
2016-12-07,1.26704,1.26723,1.25698,1.26267,1437
2016-12-08,1.26268,1.27045,1.25486,1.25834,1439
2016-12-09,1.25834,1.26204,1.25521,1.25725,1319
2016-12-11,1.25775,1.25989,1.25735,1.25929,112
2016-12-12,1.25928,1.26993,1.25665,1.26756,1438
2016-12-13,1.26753,1.2728,1.26534,1.26599,1439
2016-12-14,1.26599,1.27228,1.2513,1.25346,1439
2016-12-15,1.25347,1.2567,1.2376,1.24208,1437
2016-12-16,1.24206,1.25099,1.23824,1.24818,1319
2016-12-18,1.24814,1.24964,1.24727,1.24892,116
2016-12-19,1.24892,1.25018,1.2355,1.23864,1439
2016-12-20,1.23867,1.24079,1.23124,1.23634,1438
2016-12-21,1.23635,1.23904,1.2324,1.23517,1439
2016-12-22,1.23517,1.23777,1.22765,1.22834,1437
2016-12-23,1.22831,1.2298,1.22283,1.22831,1317
2016-12-25,1.22831,1.22933,1.22681,1.22889,67
2016-12-26,1.22874,1.2293,1.22651,1.22738,445
2016-12-27,1.22737,1.22865,1.22404,1.22736,1432
2016-12-28,1.22735,1.22963,1.22005,1.22195,1431
2016-12-29,1.22198,1.23091,1.22198,1.22837,1437
2016-12-30,1.2283,1.23878,1.22696,1.23395,1317
2017-01-02,1.234,1.23453,1.22702,1.22801,999
2017-01-03,1.22796,1.23065,1.21996,1.22434,1438
2017-01-04,1.22434,1.2353,1.22208,1.23236,1439
2017-01-05,1.23236,1.2432,1.22699,1.24207,1438
2017-01-06,1.24206,1.24234,1.22609,1.22815,1320
2017-01-08,1.22455,1.22699,1.22455,1.22568,117
2017-01-09,1.22573,1.22705,1.21243,1.21696,1439
2017-01-10,1.21694,1.21896,1.21072,1.21732,1439
2017-01-11,1.21731,1.22715,1.20377,1.22085,1440
2017-01-12,1.22084,1.2316,1.2152,1.21645,1438
2017-01-13,1.21643,1.22327,1.21213,1.21786,1320
2017-01-15,1.19946,1.20501,1.19918,1.20368,120
2017-01-16,1.20369,1.2085,1.19866,1.20392,1439
2017-01-17,1.20389,1.24153,1.20382,1.23873,1440
2017-01-18,1.23873,1.24012,1.22528,1.22594,1440
2017-01-19,1.22595,1.23434,1.22529,1.23371,1439
2017-01-20,1.23371,1.238,1.22606,1.23723,1320
2017-01-22,1.23758,1.2387,1.23692,1.23847,118
2017-01-23,1.23848,1.25433,1.23808,1.25148,1440
2017-01-24,1.25149,1.25435,1.24185,1.25317,1440
2017-01-25,1.25317,1.26384,1.24909,1.26341,1439
2017-01-26,1.26341,1.26735,1.25563,1.25951,1440
2017-01-27,1.25949,1.26053,1.25166,1.25468,1320
2017-01-29,1.2584,1.25995,1.25581,1.25948,119
2017-01-30,1.25949,1.26003,1.24656,1.24993,1440
2017-01-31,1.24993,1.2596,1.2412,1.25865,1438
2017-02-01,1.25868,1.26795,1.25431,1.26591,1437
2017-02-02,1.26588,1.2706,1.25175,1.25185,1440
2017-02-03,1.25184,1.25374,1.2457,1.24828,1320
2017-02-05,1.24853,1.24904,1.24726,1.24825,114
2017-02-06,1.24826,1.24985,1.24273,1.24676,1435
2017-02-07,1.24675,1.25463,1.23467,1.24957,1438
2017-02-08,1.24957,1.25494,1.24748,1.25229,1439
2017-02-09,1.2523,1.25819,1.24898,1.2495,1436
2017-02-10,1.24947,1.25208,1.24396,1.24838,1319
2017-02-12,1.24869,1.24911,1.24805,1.24811,111
2017-02-13,1.24811,1.25392,1.24804,1.25217,1438
2017-02-14,1.25221,1.25479,1.2443,1.24691,1439
2017-02-15,1.2469,1.24806,1.23829,1.24664,1439
2017-02-16,1.24664,1.25235,1.2454,1.24856,1440
2017-02-17,1.24852,1.25105,1.2388,1.24043,1318
2017-02-19,1.24025,1.24405,1.24025,1.24286,120
2017-02-20,1.24282,1.24826,1.2408,1.24706,1436
2017-02-21,1.2471,1.24891,1.24016,1.24863,1440
2017-02-22,1.24867,1.25076,1.24199,1.24514,1436
2017-02-23,1.24515,1.25611,1.24276,1.25542,1435
2017-02-24,1.25547,1.25696,1.24479,1.24581,1320
2017-02-26,1.24697,1.24735,1.23909,1.23995,119
2017-02-27,1.23995,1.24783,1.23842,1.24377,1439
2017-02-28,1.24377,1.24704,1.23702,1.23779,1438
2017-03-01,1.23775,1.24043,1.22697,1.22704,1440
2017-03-02,1.22707,1.23073,1.22426,1.22734,1439
2017-03-03,1.22734,1.22997,1.22139,1.22939,1320
2017-03-05,1.2283,1.23002,1.2283,1.22998,116
2017-03-06,1.22994,1.22994,1.2224,1.22389,1439
2017-03-07,1.22381,1.2252,1.21691,1.22028,1435
2017-03-08,1.22028,1.22136,1.21391,1.21734,1438
2017-03-09,1.2173,1.2195,1.21344,1.21553,1440
2017-03-10,1.2156,1.21882,1.21396,1.21583,1320
2017-03-12,1.21607,1.21706,1.21525,1.21697,173
2017-03-13,1.21698,1.22506,1.21561,1.22056,1440
2017-03-14,1.22054,1.22141,1.21088,1.21564,1436
2017-03-15,1.21564,1.23092,1.21545,1.22817,1438
2017-03-16,1.22818,1.23768,1.22411,1.235,1438
2017-03-17,1.23496,1.24047,1.23237,1.23925,1257
2017-03-19,1.23834,1.23913,1.23804,1.23832,176
2017-03-20,1.2383,1.24354,1.23349,1.23667,1437
2017-03-21,1.23665,1.2494,1.23403,1.24819,1437
2017-03-22,1.24819,1.25062,1.24235,1.24709,1439
2017-03-23,1.2471,1.25309,1.2463,1.2516,1438
2017-03-24,1.25159,1.25173,1.24693,1.24715,1260
2017-03-26,1.24908,1.25203,1.24889,1.25128,179
2017-03-27,1.2513,1.26152,1.25085,1.25571,1440
2017-03-28,1.25575,1.25961,1.24155,1.24161,1436
2017-03-29,1.24162,1.24757,1.23766,1.244,1439
2017-03-30,1.24398,1.25242,1.24029,1.24769,1439
2017-03-31,1.24765,1.25576,1.24329,1.25469,1260
2017-04-02,1.25435,1.2556,1.25294,1.254,179
2017-04-03,1.25395,1.25537,1.24654,1.24901,1434
2017-04-04,1.24901,1.24951,1.24189,1.24389,1440
2017-04-05,1.24387,1.24977,1.24226,1.24864,1439
2017-04-06,1.24864,1.25055,1.24505,1.24684,1436
2017-04-07,1.24684,1.24776,1.23654,1.23677,1260
2017-04-09,1.23797,1.23827,1.23656,1.23737,173
2017-04-10,1.23742,1.24286,1.23679,1.2423,1440
2017-04-11,1.24226,1.24952,1.24033,1.24892,1432
2017-04-12,1.24892,1.25494,1.24804,1.25486,1439
2017-04-13,1.25485,1.25739,1.24993,1.25039,1427
2017-04-14,1.25037,1.25346,1.25004,1.25209,1254
2017-04-16,1.25289,1.25355,1.25236,1.25349,170
2017-04-17,1.25348,1.25958,1.25297,1.25563,1433
2017-04-18,1.25563,1.29057,1.2515,1.28436,1438
2017-04-19,1.28435,1.28588,1.277,1.27813,1440
2017-04-20,1.27814,1.28466,1.27722,1.28004,1439
2017-04-21,1.28003,1.28344,1.27569,1.28093,1259
2017-04-23,1.28343,1.28371,1.28049,1.28228,180
2017-04-24,1.28228,1.2833,1.27721,1.27774,1431
2017-04-25,1.27775,1.28456,1.2775,1.28319,1438
2017-04-26,1.28321,1.28629,1.28048,1.28479,1437
2017-04-27,1.28479,1.29166,1.28419,1.28918,1437
2017-04-28,1.28916,1.29652,1.28899,1.29465,1260
2017-04-30,1.29286,1.2943,1.29223,1.29312,178
2017-05-01,1.29314,1.29363,1.28789,1.28965,1437
2017-05-02,1.28966,1.29407,1.28641,1.29403,1440
2017-05-03,1.29405,1.29473,1.28606,1.28722,1435
2017-05-04,1.28719,1.29314,1.28304,1.29249,1438
2017-05-05,1.29254,1.29841,1.29001,1.29791,1260
2017-05-07,1.29758,1.29888,1.29596,1.29674,180
2017-05-08,1.29676,1.29861,1.29297,1.29408,1440
2017-05-09,1.29409,1.29606,1.29027,1.29483,1440
2017-05-10,1.2948,1.29877,1.29274,1.29291,1439
2017-05-11,1.29292,1.29482,1.28494,1.28884,1436
2017-05-12,1.28884,1.28996,1.28447,1.28838,1259
2017-05-14,1.28806,1.28924,1.28784,1.28836,174
2017-05-15,1.28835,1.29404,1.28813,1.29016,1438
2017-05-16,1.29016,1.29572,1.28653,1.29163,1440
2017-05-17,1.29164,1.29904,1.29059,1.29704,1440
2017-05-18,1.29703,1.30474,1.28875,1.2954,1439
2017-05-19,1.29539,1.30399,1.29419,1.30318,1260
2017-05-21,1.2989,1.30247,1.2989,1.30092,177
2017-05-22,1.3009,1.30425,1.29654,1.29915,1438
2017-05-23,1.29914,1.30333,1.29525,1.29556,1439
2017-05-24,1.29558,1.29986,1.29267,1.29773,1439
2017-05-25,1.29773,1.30143,1.29269,1.29297,1440
2017-05-26,1.29297,1.29301,1.27751,1.27963,1259
2017-05-28,1.28018,1.28169,1.27982,1.28135,174
2017-05-29,1.28133,1.28499,1.28081,1.28138,1435
2017-05-30,1.28141,1.2888,1.27896,1.28082,1439
2017-05-31,1.28082,1.29208,1.2769,1.28754,1439
2017-06-01,1.28752,1.29154,1.28296,1.28865,1435
2017-06-02,1.28865,1.29033,1.28458,1.28901,1259
2017-06-04,1.28576,1.28763,1.2856,1.28674,180
2017-06-05,1.28674,1.29407,1.28595,1.29055,1428
2017-06-06,1.29053,1.29495,1.28719,1.29056,1436
2017-06-07,1.29054,1.29666,1.28873,1.29631,1440
2017-06-08,1.29633,1.29776,1.2704,1.27232,1438
2017-06-09,1.27231,1.28019,1.2635,1.27389,1260
2017-06-11,1.27108,1.27449,1.27098,1.27427,175
2017-06-12,1.27422,1.27688,1.26384,1.26686,1436
2017-06-13,1.26686,1.27566,1.26416,1.27479,1439
2017-06-14,1.27476,1.28175,1.27231,1.27536,1438
2017-06-15,1.27535,1.27952,1.26902,1.276,1435
2017-06-16,1.27599,1.28056,1.2758,1.27766,1260
2017-06-18,1.27609,1.27793,1.2758,1.2774,179
2017-06-19,1.27737,1.28143,1.27231,1.27301,1433
2017-06-20,1.27301,1.27576,1.26031,1.26318,1431
2017-06-21,1.26318,1.27097,1.25891,1.26744,1435
2017-06-22,1.26743,1.26911,1.26537,1.26777,1429
2017-06-23,1.26778,1.27437,1.26755,1.27144,1258
2017-06-25,1.27352,1.27445,1.27297,1.27445,173
2017-06-26,1.27445,1.27594,1.27061,1.27229,1425
2017-06-27,1.27228,1.28606,1.27158,1.28127,1440
2017-06-28,1.28129,1.29718,1.27937,1.29397,1436
2017-06-29,1.29397,1.30143,1.29378,1.3008,1439
2017-06-30,1.3008,1.30295,1.29455,1.30211,1259
2017-07-02,1.30017,1.30234,1.30016,1.30155,172
2017-07-03,1.30155,1.30221,1.29316,1.29479,1434
2017-07-04,1.29478,1.29586,1.29113,1.29352,1435
2017-07-05,1.29352,1.29477,1.28933,1.29303,1432
2017-07-06,1.29303,1.29831,1.29196,1.29682,1430
2017-07-07,1.2968,1.29743,1.28666,1.28891,1259
2017-07-09,1.28785,1.28912,1.28761,1.28901,178
2017-07-10,1.28901,1.29078,1.28547,1.28798,1433
2017-07-11,1.28798,1.29268,1.28309,1.28587,1434
2017-07-12,1.28587,1.29073,1.28117,1.28919,1438
2017-07-13,1.28917,1.29548,1.289,1.29464,1426
2017-07-14,1.29464,1.31132,1.2935,1.30946,1257
2017-07-16,1.30963,1.31126,1.30963,1.31093,176
2017-07-17,1.31093,1.31107,1.30464,1.30508,1434
2017-07-18,1.30508,1.31253,1.30048,1.30353,1432
2017-07-19,1.30353,1.30526,1.30109,1.30299,1439
2017-07-20,1.30301,1.30322,1.29331,1.29646,1430
2017-07-21,1.29645,1.30195,1.29532,1.29931,1259
2017-07-23,1.29909,1.3009,1.2989,1.30046,172
2017-07-24,1.30047,1.30579,1.29891,1.30258,1436
2017-07-25,1.30258,1.30834,1.30074,1.30265,1432
2017-07-26,1.30265,1.31258,1.29981,1.3114,1438
2017-07-27,1.31138,1.31583,1.30519,1.30758,1431
2017-07-28,1.30758,1.3152,1.30687,1.31307,1259
2017-07-30,1.3123,1.31499,1.3123,1.31427,172
2017-07-31,1.3143,1.3224,1.30967,1.31968,1434
2017-08-01,1.31966,1.32446,1.31958,1.32073,1437
2017-08-02,1.32072,1.32518,1.31907,1.32272,1438
2017-08-03,1.32281,1.32685,1.31121,1.31433,1437
2017-08-04,1.31432,1.3164,1.30238,1.30338,1259
2017-08-06,1.30363,1.30537,1.30332,1.30457,165
2017-08-07,1.30458,1.30589,1.30136,1.30347,1429
2017-08-08,1.30348,1.30532,1.29524,1.29858,1438
2017-08-09,1.29858,1.3028,1.29677,1.30108,1433
2017-08-10,1.30108,1.3015,1.29516,1.29765,1434
2017-08-11,1.29766,1.3031,1.29393,1.301,1257
2017-08-13,1.30081,1.30131,1.29973,1.30049,146
2017-08-14,1.3005,1.30216,1.29534,1.29652,1434
2017-08-15,1.29651,1.29698,1.28459,1.28676,1435
2017-08-16,1.28672,1.29029,1.28411,1.28897,1434
2017-08-17,1.28895,1.29087,1.28522,1.2864,1436
2017-08-18,1.2864,1.29162,1.28314,1.28704,1256
2017-08-20,1.28626,1.28812,1.28515,1.28711,166
2017-08-21,1.28712,1.29162,1.28502,1.28972,1434
2017-08-22,1.2897,1.29086,1.28108,1.28219,1433
2017-08-23,1.28219,1.28335,1.27796,1.28036,1436
2017-08-24,1.28032,1.28363,1.27739,1.27991,1438
2017-08-25,1.27993,1.28888,1.27944,1.28779,1259
2017-08-27,1.29212,1.29212,1.29013,1.29034,177
2017-08-28,1.29031,1.29425,1.28734,1.29256,1438
2017-08-29,1.29256,1.2978,1.29144,1.2922,1434
2017-08-30,1.29222,1.29376,1.28782,1.29192,1440
2017-08-31,1.29192,1.29445,1.28518,1.29387,1439
2017-09-01,1.29387,1.29951,1.29052,1.29495,1259
2017-09-03,1.296,1.29645,1.29444,1.29636,179
2017-09-04,1.29637,1.2966,1.29124,1.29231,1424
2017-09-05,1.29231,1.3044,1.29088,1.304,1439
2017-09-06,1.30396,1.3082,1.30181,1.30454,1436
2017-09-07,1.30455,1.31156,1.30325,1.31041,1436
2017-09-08,1.31039,1.32239,1.30981,1.31945,1260
2017-09-10,1.31816,1.31978,1.31816,1.31966,172
2017-09-11,1.31966,1.32223,1.31593,1.31686,1437
2017-09-12,1.31687,1.32977,1.31601,1.32883,1437
2017-09-13,1.32882,1.33286,1.31836,1.32062,1433
2017-09-14,1.32064,1.34055,1.31501,1.33972,1434
2017-09-15,1.33969,1.36159,1.3382,1.35871,1260
2017-09-17,1.35579,1.35904,1.35579,1.35764,174
2017-09-18,1.35765,1.36181,1.34646,1.35147,1433
2017-09-19,1.35145,1.35515,1.34683,1.35138,1437
2017-09-20,1.35138,1.36573,1.34517,1.34898,1438
2017-09-21,1.34897,1.35861,1.34706,1.3579,1433
2017-09-22,1.35789,1.35955,1.34496,1.34935,1258
2017-09-24,1.34872,1.35194,1.34832,1.35045,175
2017-09-25,1.35047,1.35706,1.34308,1.3476,1434
2017-09-26,1.3476,1.35139,1.34094,1.34403,1434
2017-09-27,1.34404,1.34483,1.33634,1.33977,1439
2017-09-28,1.33976,1.34551,1.33427,1.34293,1433
2017-09-29,1.34291,1.34294,1.33497,1.33935,1257
2017-10-01,1.33705,1.34019,1.33705,1.3393,175
2017-10-02,1.33927,1.33955,1.32561,1.32725,1435
2017-10-03,1.32726,1.32874,1.32219,1.32417,1437
2017-10-04,1.32416,1.32917,1.3231,1.32325,1432
2017-10-05,1.32326,1.32495,1.31077,1.31124,1420
2017-10-06,1.31125,1.31125,1.30268,1.30605,1260
2017-10-08,1.30931,1.30931,1.30745,1.30823,179
2017-10-09,1.30822,1.31835,1.3075,1.31414,1440
2017-10-10,1.31412,1.32253,1.31395,1.3209,1436
2017-10-11,1.32086,1.32406,1.31755,1.32381,1438
2017-10-12,1.32379,1.32902,1.31211,1.32635,1438
2017-10-13,1.32633,1.33374,1.32474,1.32812,1258
2017-10-15,1.32922,1.33086,1.32729,1.3288,174
2017-10-16,1.3288,1.33114,1.32247,1.32529,1437
2017-10-17,1.32531,1.32867,1.31544,1.3191,1436
2017-10-18,1.3191,1.32158,1.31399,1.32113,1434
2017-10-19,1.32111,1.3228,1.3131,1.31509,1438
2017-10-20,1.3151,1.32005,1.30872,1.31843,1259
2017-10-22,1.31807,1.31928,1.31806,1.31908,172
2017-10-23,1.31908,1.3227,1.31576,1.32024,1436
2017-10-24,1.3202,1.32271,1.3113,1.31296,1432
2017-10-25,1.31296,1.32748,1.31099,1.32722,1437
2017-10-26,1.32717,1.32787,1.31218,1.31296,1438
2017-10-27,1.31294,1.31393,1.30695,1.31261,1255
2017-10-29,1.31213,1.31366,1.31207,1.3134,162
2017-10-30,1.31335,1.32149,1.31267,1.32131,1424
2017-10-31,1.32129,1.32933,1.31914,1.32898,1437
2017-11-01,1.32897,1.33206,1.32401,1.32556,1438
2017-11-02,1.32556,1.3299,1.30426,1.3053,1436
2017-11-03,1.3053,1.31322,1.30395,1.30735,1258
2017-11-05,1.30672,1.30798,1.30669,1.30792,118
2017-11-06,1.30793,1.31745,1.30581,1.31733,1437
2017-11-07,1.31732,1.31772,1.31087,1.31709,1437
2017-11-08,1.31709,1.31754,1.3086,1.31127,1436
2017-11-09,1.31128,1.31656,1.30849,1.31422,1439
2017-11-10,1.31423,1.32291,1.31121,1.31898,1315
2017-11-12,1.31576,1.31791,1.31179,1.31197,118
2017-11-13,1.31191,1.31348,1.30617,1.31201,1436
2017-11-14,1.31197,1.31865,1.30745,1.31569,1434
2017-11-15,1.31569,1.3213,1.31303,1.31723,1439
2017-11-16,1.31723,1.32072,1.31349,1.31991,1435
2017-11-17,1.31991,1.326,1.31694,1.32098,1320
2017-11-19,1.32166,1.32218,1.3197,1.31985,117
2017-11-20,1.31983,1.32791,1.31853,1.32413,1437
2017-11-21,1.32412,1.32671,1.32093,1.32467,1425
2017-11-22,1.32466,1.33287,1.32135,1.33145,1435
2017-11-23,1.33151,1.33366,1.32842,1.33051,1430
2017-11-24,1.33052,1.33597,1.32784,1.33356,1315
2017-11-26,1.33176,1.33325,1.33172,1.33234,119
2017-11-27,1.33234,1.33829,1.33055,1.33204,1432
2017-11-28,1.33203,1.33865,1.32211,1.3364,1436
2017-11-29,1.33639,1.34475,1.33518,1.34167,1438
2017-11-30,1.34166,1.35485,1.3409,1.35292,1439
2017-12-01,1.35293,1.3549,1.34465,1.34732,1316
2017-12-03,1.34311,1.35134,1.34311,1.34898,120
2017-12-04,1.34899,1.35383,1.34134,1.34727,1427
2017-12-05,1.34724,1.3477,1.33701,1.34132,1436
2017-12-06,1.34139,1.34361,1.33578,1.33911,1433
2017-12-07,1.33911,1.3485,1.33196,1.34821,1438
2017-12-08,1.34821,1.35199,1.33555,1.33822,1319
2017-12-10,1.33763,1.33956,1.33752,1.33899,115
2017-12-11,1.33898,1.34314,1.33304,1.3347,1436
2017-12-12,1.33468,1.33796,1.33033,1.33192,1431
2017-12-13,1.33192,1.34277,1.33112,1.34089,1425
2017-12-14,1.34091,1.34649,1.33921,1.34321,1436
2017-12-15,1.34321,1.34473,1.3301,1.33177,1314
2017-12-17,1.33099,1.33215,1.33099,1.33151,117
2017-12-18,1.33153,1.34183,1.331,1.33783,1438
2017-12-19,1.33784,1.3402,1.33307,1.33854,1434
2017-12-20,1.33852,1.34199,1.33657,1.33696,1428
2017-12-21,1.33695,1.33873,1.33317,1.33774,1433
2017-12-22,1.33772,1.3397,1.33457,1.33556,1318
2017-12-25,1.33669,1.33764,1.33635,1.33732,119
2017-12-26,1.33729,1.33889,1.3347,1.33739,1420
2017-12-27,1.33737,1.34293,1.3367,1.34026,1417
2017-12-28,1.34027,1.3456,1.33974,1.34388,1424
2017-12-29,1.34403,1.35439,1.34379,1.35035,1310
2018-01-01,1.34985,1.35213,1.34985,1.35095,108
2018-01-02,1.35094,1.36002,1.35073,1.35937,1424
2018-01-03,1.3594,1.36124,1.34943,1.35102,1428
2018-01-04,1.35103,1.35595,1.35051,1.35513,1433
2018-01-05,1.35509,1.35824,1.3523,1.35621,1318
2018-01-07,1.35578,1.35788,1.35538,1.35755,119
2018-01-08,1.35756,1.35854,1.35229,1.35697,1433
2018-01-09,1.35695,1.3582,1.35067,1.35296,1433
2018-01-10,1.35294,1.35618,1.34814,1.35115,1438
2018-01-11,1.35115,1.35544,1.34579,1.35408,1440
2018-01-12,1.3541,1.37435,1.35374,1.37283,1319
2018-01-14,1.37258,1.37426,1.37237,1.37309,120
2018-01-15,1.37314,1.38194,1.37298,1.37936,1437
2018-01-16,1.37936,1.38054,1.37419,1.37969,1440
2018-01-17,1.37967,1.3942,1.37565,1.38246,1439
2018-01-18,1.38242,1.3913,1.38043,1.38925,1439
2018-01-19,1.38925,1.3945,1.38384,1.38492,1320
2018-01-21,1.38904,1.38941,1.38739,1.38905,117
2018-01-22,1.38904,1.39904,1.3857,1.39836,1437
2018-01-23,1.39836,1.40266,1.39158,1.40118,1439
2018-01-24,1.40119,1.42626,1.40002,1.42195,1438
2018-01-25,1.42197,1.43451,1.40824,1.41488,1440
2018-01-26,1.41487,1.42844,1.41361,1.41513,1320
2018-01-28,1.4136,1.41522,1.41265,1.41503,120
2018-01-29,1.41501,1.4158,1.4025,1.40722,1439
2018-01-30,1.40724,1.41664,1.39796,1.41549,1439
2018-01-31,1.41546,1.42324,1.41218,1.41986,1440
2018-02-01,1.41987,1.42779,1.41593,1.42658,1440
2018-02-02,1.42656,1.42773,1.41014,1.41201,1320
2018-02-04,1.40994,1.41128,1.40817,1.411,120
2018-02-05,1.41098,1.41502,1.39417,1.39435,1440
2018-02-06,1.39438,1.3999,1.38363,1.39572,1440
2018-02-07,1.39569,1.39935,1.38484,1.38788,1440
2018-02-08,1.38789,1.40667,1.38455,1.39354,1439
2018-02-09,1.39353,1.39867,1.37646,1.38262,1320
2018-02-11,1.38105,1.38265,1.38039,1.38234,113
2018-02-12,1.38236,1.38755,1.37963,1.38484,1435
2018-02-13,1.38486,1.39241,1.38321,1.38836,1438
2018-02-14,1.38835,1.40165,1.38,1.40146,1436
2018-02-15,1.40147,1.41091,1.39982,1.41042,1438
2018-02-16,1.41041,1.41449,1.39964,1.40186,1319
2018-02-18,1.40126,1.40378,1.40097,1.40312,120
2018-02-19,1.40314,1.40489,1.39586,1.39919,1428
2018-02-20,1.39917,1.4024,1.39311,1.39991,1438
2018-02-21,1.39988,1.40087,1.39028,1.391,1439
2018-02-22,1.391,1.39882,1.38564,1.39505,1438
2018-02-23,1.39506,1.40051,1.39048,1.3963,1320
2018-02-25,1.39846,1.39853,1.39624,1.39681,119
2018-02-26,1.39679,1.40695,1.39279,1.39638,1439
2018-02-27,1.39636,1.39962,1.38575,1.39043,1437
2018-02-28,1.39047,1.39157,1.37491,1.37544,1436
2018-03-01,1.37542,1.3785,1.37115,1.3775,1438
2018-03-02,1.3775,1.38165,1.37554,1.37978,1319
2018-03-04,1.37969,1.3813,1.37773,1.37947,120
2018-03-05,1.37948,1.38771,1.37664,1.38484,1438
2018-03-06,1.38483,1.3929,1.38164,1.38985,1439
2018-03-07,1.38986,1.39118,1.38459,1.3904,1438
2018-03-08,1.39041,1.39099,1.37811,1.38032,1437
2018-03-09,1.38033,1.38887,1.37878,1.38444,1320
2018-03-11,1.38465,1.38571,1.38442,1.38552,167
2018-03-12,1.38552,1.39172,1.38408,1.39048,1437
2018-03-13,1.39042,1.39936,1.38744,1.39709,1437
2018-03-14,1.39711,1.39955,1.39256,1.39691,1436
2018-03-15,1.3969,1.39884,1.39212,1.39364,1435
2018-03-16,1.39362,1.398,1.38893,1.3937,1258
2018-03-18,1.39369,1.39482,1.39341,1.39427,168
2018-03-19,1.39427,1.40882,1.39127,1.40242,1438
2018-03-20,1.40238,1.40662,1.39827,1.40036,1437
2018-03-21,1.40036,1.41505,1.40014,1.41426,1431
2018-03-22,1.41425,1.42193,1.40759,1.4112,1436
2018-03-23,1.41118,1.41716,1.40849,1.41291,1257
2018-03-25,1.41357,1.41566,1.41297,1.41476,168
2018-03-26,1.41476,1.42444,1.41448,1.42373,1432
2018-03-27,1.42367,1.42436,1.4066,1.41763,1432
2018-03-28,1.41758,1.41999,1.40702,1.40825,1437
2018-03-29,1.40823,1.40958,1.40106,1.40237,1439
2018-03-30,1.40237,1.40595,1.40113,1.40135,1242
2018-04-01,1.4021,1.40379,1.40134,1.40356,167
2018-04-02,1.40356,1.40772,1.4026,1.40464,1429
2018-04-03,1.40464,1.40885,1.40206,1.40682,1432
2018-04-04,1.40684,1.40961,1.40147,1.40874,1438
2018-04-05,1.40874,1.40966,1.39652,1.40055,1437
2018-04-06,1.40059,1.41048,1.39834,1.40844,1255
2018-04-08,1.40866,1.40916,1.40805,1.40899,173
2018-04-09,1.40899,1.4164,1.40784,1.41328,1436
2018-04-10,1.41328,1.41875,1.41199,1.4181,1431
2018-04-11,1.41809,1.42229,1.41605,1.41872,1432
2018-04-12,1.41869,1.42464,1.41451,1.42388,1430
2018-04-13,1.42386,1.42959,1.42202,1.42335,1253
2018-04-15,1.42431,1.42469,1.4228,1.42454,175
2018-04-16,1.42454,1.43437,1.42364,1.434,1432
2018-04-17,1.43402,1.43761,1.42827,1.42961,1435
2018-04-18,1.42965,1.43141,1.4173,1.42017,1430
2018-04-19,1.42017,1.42456,1.40687,1.40838,1426
2018-04-20,1.40838,1.4087,1.39935,1.39948,1259
2018-04-22,1.39984,1.40074,1.3992,1.40014,177
2018-04-23,1.40017,1.40308,1.39262,1.39371,1431
2018-04-24,1.39374,1.39962,1.39176,1.39937,1431
2018-04-25,1.39931,1.39931,1.3922,1.39353,1436
2018-04-26,1.39358,1.39972,1.38946,1.39176,1434
2018-04-27,1.39178,1.39344,1.37467,1.37764,1257
2018-04-29,1.37694,1.37782,1.37677,1.37684,174
2018-04-30,1.37685,1.3792,1.37123,1.37716,1435
2018-05-01,1.37708,1.37726,1.3588,1.36083,1433
2018-05-02,1.36079,1.36655,1.35546,1.35718,1434
2018-05-03,1.35724,1.36294,1.35377,1.35714,1438
2018-05-04,1.35715,1.35857,1.3486,1.35283,1256
2018-05-06,1.35334,1.3539,1.35286,1.35312,171
2018-05-07,1.35311,1.3575,1.3515,1.3568,1432
2018-05-08,1.35679,1.35927,1.3485,1.35525,1436
2018-05-09,1.35526,1.36068,1.34986,1.35425,1435
2018-05-10,1.35426,1.36172,1.34599,1.35215,1437
2018-05-11,1.35211,1.35954,1.35019,1.35379,1257
2018-05-13,1.35425,1.35518,1.35381,1.35499,173
2018-05-14,1.35498,1.36078,1.35425,1.35605,1434
2018-05-15,1.35608,1.35715,1.3451,1.34993,1433
2018-05-16,1.34994,1.35514,1.34557,1.35468,1437
2018-05-17,1.35468,1.35688,1.3474,1.35104,1433
2018-05-18,1.35102,1.35276,1.34549,1.34635,1257
2018-05-20,1.34592,1.34827,1.34591,1.34758,176
2018-05-21,1.34758,1.34758,1.33907,1.34309,1433
2018-05-22,1.34305,1.3491,1.34123,1.34405,1429
2018-05-23,1.34406,1.3442,1.33049,1.33695,1439
2018-05-24,1.33693,1.34212,1.33496,1.33818,1433
2018-05-25,1.33817,1.33835,1.32925,1.33056,1260
2018-05-27,1.33132,1.33198,1.3302,1.33076,179
2018-05-28,1.33073,1.33406,1.32962,1.33114,1438
2018-05-29,1.33113,1.33247,1.3204,1.32533,1440
2018-05-30,1.32533,1.33067,1.32417,1.32836,1439
2018-05-31,1.32835,1.3348,1.32771,1.32888,1438
2018-06-01,1.32886,1.33616,1.32533,1.33381,1258
2018-06-03,1.3342,1.33536,1.33395,1.33523,164
2018-06-04,1.33522,1.33983,1.32944,1.33156,1426
2018-06-05,1.33157,1.34151,1.3302,1.34061,1433
2018-06-06,1.34059,1.3443,1.33972,1.34196,1432
2018-06-07,1.34196,1.34717,1.33712,1.34161,1436
2018-06-08,1.34163,1.34388,1.33541,1.33988,1258
2018-06-10,1.34115,1.34138,1.34046,1.34128,162
2018-06-11,1.34126,1.34409,1.33443,1.33712,1433
2018-06-12,1.33709,1.34243,1.33416,1.33735,1434
2018-06-13,1.33735,1.3389,1.3308,1.3381,1435
2018-06-14,1.33811,1.34464,1.32532,1.32542,1439
2018-06-15,1.32539,1.32981,1.32111,1.32731,1260
2018-06-17,1.32616,1.32784,1.32615,1.32755,179
2018-06-18,1.32755,1.32757,1.32256,1.32577,1434
2018-06-19,1.32576,1.32727,1.31505,1.31726,1437
2018-06-20,1.31725,1.32166,1.31476,1.31719,1436
2018-06-21,1.31719,1.32698,1.31019,1.32444,1434
2018-06-22,1.32444,1.33145,1.32444,1.32648,1260
2018-06-24,1.32518,1.3271,1.32514,1.32613,179
2018-06-25,1.32613,1.32896,1.32207,1.32772,1434
2018-06-26,1.32774,1.32916,1.3193,1.322,1437
2018-06-27,1.322,1.32334,1.31062,1.31189,1440
2018-06-28,1.3119,1.31198,1.30496,1.30746,1439
2018-06-29,1.30743,1.32135,1.30684,1.32041,1260
2018-07-01,1.31844,1.32083,1.31756,1.3208,178
2018-07-02,1.32075,1.32075,1.3095,1.31418,1439
2018-07-03,1.31418,1.32064,1.31144,1.31937,1438
2018-07-04,1.31939,1.32492,1.31703,1.32276,1434
2018-07-05,1.32274,1.32747,1.32037,1.32217,1437
2018-07-06,1.32215,1.32898,1.32028,1.32837,1260
2018-07-08,1.33168,1.3317,1.32857,1.32944,180
2018-07-09,1.32943,1.33626,1.31891,1.32536,1439
2018-07-10,1.32534,1.33008,1.32229,1.32582,1439
2018-07-11,1.32581,1.32851,1.31994,1.32055,1440
2018-07-12,1.32057,1.32444,1.31696,1.31782,1438
2018-07-13,1.31783,1.32385,1.31021,1.32185,1258
2018-07-15,1.32265,1.32306,1.32236,1.32268,171
2018-07-16,1.32266,1.32925,1.32166,1.32358,1438
2018-07-17,1.32356,1.32687,1.30683,1.31048,1440
2018-07-18,1.31048,1.31165,1.301,1.30773,1438
2018-07-19,1.30771,1.30829,1.29572,1.30227,1439
2018-07-20,1.30227,1.31397,1.29945,1.31322,1260
2018-07-22,1.3122,1.31476,1.3117,1.31455,176
2018-07-23,1.31454,1.31579,1.30816,1.31024,1440
2018-07-24,1.31021,1.3159,1.30712,1.31488,1430
2018-07-25,1.31491,1.32013,1.31327,1.31985,1439
2018-07-26,1.31987,1.32129,1.31013,1.31081,1440
2018-07-27,1.31081,1.31307,1.30824,1.30987,1254
2018-07-29,1.31105,1.31199,1.30967,1.31096,175
2018-07-30,1.31094,1.31518,1.30971,1.31352,1431
2018-07-31,1.31353,1.31724,1.30903,1.31183,1430
2018-08-01,1.31175,1.31438,1.30949,1.31243,1429
2018-08-02,1.31241,1.31253,1.30112,1.30158,1438
2018-08-03,1.3016,1.30428,1.29752,1.29973,1256
2018-08-05,1.3006,1.30105,1.2996,1.30012,169
2018-08-06,1.30016,1.30049,1.29197,1.29433,1439
2018-08-07,1.29431,1.29735,1.29235,1.29453,1438
2018-08-08,1.29456,1.29597,1.28534,1.28771,1433
2018-08-09,1.28772,1.29113,1.2818,1.28284,1438
2018-08-10,1.28287,1.28363,1.27226,1.27595,1260
2018-08-12,1.2746,1.27795,1.27438,1.27592,180
2018-08-13,1.27597,1.2791,1.27298,1.27585,1437
2018-08-14,1.27585,1.28267,1.27046,1.27175,1435
2018-08-15,1.27177,1.27349,1.26613,1.26922,1437
2018-08-16,1.26925,1.27538,1.26848,1.27121,1431
2018-08-17,1.2712,1.27521,1.26978,1.27442,1258
2018-08-19,1.27432,1.27499,1.27387,1.27458,163
2018-08-20,1.27459,1.28043,1.27292,1.2804,1439
2018-08-21,1.28039,1.29244,1.27985,1.2905,1437
2018-08-22,1.29048,1.29359,1.28678,1.29051,1440
2018-08-23,1.29047,1.29093,1.28029,1.28091,1437
2018-08-24,1.2809,1.28805,1.27991,1.28399,1258
2018-08-26,1.28387,1.28645,1.28346,1.28577,170
2018-08-27,1.28576,1.29008,1.28285,1.28969,1436
2018-08-28,1.28968,1.29315,1.28611,1.28688,1439
2018-08-29,1.28687,1.30359,1.2845,1.30352,1439
2018-08-30,1.30351,1.30421,1.2985,1.30106,1436
2018-08-31,1.30106,1.30285,1.29445,1.29531,1259
2018-09-02,1.2911,1.29308,1.2911,1.29211,152
2018-09-03,1.29212,1.29333,1.28546,1.28677,1428
2018-09-04,1.28679,1.28705,1.28102,1.28577,1437
2018-09-05,1.28575,1.29823,1.2785,1.2914,1436
2018-09-06,1.29138,1.29614,1.28959,1.29244,1436
2018-09-07,1.29246,1.30279,1.29079,1.29161,1260
2018-09-09,1.29224,1.29288,1.29127,1.2928,172
2018-09-10,1.2928,1.30512,1.28966,1.30267,1440
2018-09-11,1.30269,1.30869,1.29609,1.30154,1438
2018-09-12,1.30155,1.30813,1.29791,1.30438,1437
2018-09-13,1.30438,1.3123,1.30257,1.311,1429
2018-09-14,1.31101,1.31425,1.3056,1.30625,1260
2018-09-16,1.30699,1.30759,1.30685,1.30706,166
2018-09-17,1.30704,1.31646,1.30696,1.31451,1437
2018-09-18,1.31455,1.31751,1.31183,1.31662,1439
2018-09-19,1.31664,1.32149,1.3097,1.31397,1438
2018-09-20,1.31399,1.3298,1.31386,1.32696,1438
2018-09-21,1.32695,1.32765,1.30549,1.30654,1260
2018-09-23,1.30757,1.3084,1.30706,1.3079,177
2018-09-24,1.30789,1.31668,1.30626,1.31157,1434
2018-09-25,1.31155,1.31932,1.3095,1.31792,1436
2018-09-26,1.31795,1.3217,1.31375,1.31697,1439
2018-09-27,1.31694,1.31779,1.30717,1.30758,1428
2018-09-28,1.30759,1.30897,1.30004,1.30268,1258
2018-09-30,1.30375,1.30388,1.3025,1.30375,172
2018-10-01,1.30376,1.31157,1.30116,1.30429,1438
2018-10-02,1.30429,1.30479,1.29407,1.29786,1438
2018-10-03,1.29786,1.30226,1.29238,1.29397,1439
2018-10-04,1.29397,1.30409,1.29217,1.30221,1438
2018-10-05,1.30219,1.31221,1.30029,1.31147,1259
2018-10-07,1.31205,1.31281,1.31045,1.31255,175
2018-10-08,1.31251,1.31323,1.30279,1.30919,1434
2018-10-09,1.30916,1.3158,1.30327,1.31562,1434
2018-10-10,1.3156,1.32159,1.31359,1.32043,1440
2018-10-11,1.32039,1.32471,1.31821,1.32329,1438
2018-10-12,1.32327,1.32574,1.31468,1.31506,1258
2018-10-14,1.30828,1.31105,1.3082,1.31026,180
2018-10-15,1.31026,1.31812,1.31012,1.31539,1436
2018-10-16,1.31536,1.32359,1.31404,1.3187,1438
2018-10-17,1.31873,1.31924,1.30886,1.31007,1437
2018-10-18,1.31009,1.3131,1.30139,1.30179,1438
2018-10-19,1.30181,1.31041,1.3011,1.30775,1260
2018-10-21,1.30709,1.30735,1.3051,1.3066,172
2018-10-22,1.30658,1.30896,1.2955,1.29648,1439
2018-10-23,1.29647,1.30441,1.29367,1.29795,1438
2018-10-24,1.29792,1.299,1.28668,1.28836,1431
2018-10-25,1.28836,1.29187,1.27932,1.28203,1439
2018-10-26,1.28203,1.28409,1.2777,1.28229,1260
2018-10-28,1.28207,1.28347,1.28206,1.28301,175
2018-10-29,1.28302,1.28524,1.27902,1.28015,1436
2018-10-30,1.28013,1.28123,1.26947,1.27068,1440
2018-10-31,1.27067,1.28305,1.27003,1.27669,1431
2018-11-01,1.27665,1.30342,1.27647,1.30026,1437
2018-11-02,1.30024,1.30406,1.29514,1.29643,1256
2018-11-04,1.3021,1.3021,1.29923,1.30052,120
2018-11-05,1.30051,1.30676,1.2964,1.30571,1439
2018-11-06,1.30572,1.31135,1.30207,1.31129,1435
2018-11-07,1.31128,1.31744,1.3073,1.31263,1440
2018-11-08,1.31264,1.31494,1.30442,1.30655,1435
2018-11-09,1.30653,1.30679,1.29578,1.29689,1320
2018-11-11,1.2914,1.29385,1.29112,1.29376,120
2018-11-12,1.29374,1.29463,1.28268,1.28541,1440
2018-11-13,1.28539,1.30468,1.28514,1.3014,1440
2018-11-14,1.30141,1.30714,1.28814,1.29838,1439
2018-11-15,1.29838,1.30297,1.27233,1.27651,1435
2018-11-16,1.27648,1.2877,1.27643,1.28265,1317
2018-11-18,1.28433,1.28433,1.28223,1.2833,119
2018-11-19,1.28329,1.28833,1.27936,1.28562,1433
2018-11-20,1.28562,1.28823,1.27759,1.2787,1436
2018-11-21,1.27871,1.28191,1.27638,1.27755,1431
2018-11-22,1.27753,1.29269,1.27714,1.28755,1426
2018-11-23,1.28755,1.2882,1.27983,1.28094,1318
2018-11-25,1.28214,1.28293,1.28088,1.28118,114
2018-11-26,1.2812,1.28634,1.27953,1.28128,1424
2018-11-27,1.28126,1.28192,1.27249,1.2742,1438
2018-11-28,1.27424,1.28465,1.27321,1.28221,1439
2018-11-29,1.28219,1.28493,1.2755,1.27844,1430
2018-11-30,1.27839,1.28088,1.27344,1.27453,1319
2018-12-02,1.27661,1.27661,1.27288,1.27516,120
2018-12-03,1.27514,1.28242,1.26984,1.27246,1439
2018-12-04,1.27244,1.28393,1.26586,1.27189,1437
2018-12-05,1.27188,1.27977,1.26714,1.27243,1437
2018-12-06,1.27243,1.28114,1.26992,1.27792,1436
2018-12-07,1.2779,1.27896,1.27099,1.272,1320
2018-12-09,1.27016,1.27259,1.27006,1.27187,120
2018-12-10,1.27186,1.27585,1.25064,1.25591,1438
2018-12-11,1.25594,1.26387,1.24796,1.24922,1439
2018-12-12,1.24925,1.26711,1.24769,1.26242,1440
2018-12-13,1.26236,1.26864,1.26097,1.26528,1437
2018-12-14,1.2653,1.26534,1.25291,1.258,1319
2018-12-16,1.26008,1.26013,1.25629,1.25838,120
2018-12-17,1.25837,1.2647,1.25734,1.26139,1435
2018-12-18,1.26146,1.27053,1.26099,1.2654,1437
2018-12-19,1.2654,1.26787,1.26064,1.26257,1440
2018-12-20,1.26256,1.27073,1.26129,1.26677,1439
2018-12-21,1.26676,1.26977,1.26173,1.26247,1320
2018-12-23,1.26452,1.26507,1.26383,1.26496,119
2018-12-24,1.26491,1.27382,1.26344,1.26862,1359
2018-12-25,1.26861,1.27077,1.26465,1.26865,586
2018-12-26,1.26865,1.27186,1.26287,1.26473,1440
2018-12-27,1.26473,1.26745,1.26157,1.26445,1440
2018-12-28,1.26445,1.2708,1.26348,1.26943,1320
2018-12-30,1.26918,1.27026,1.26875,1.26894,116
2018-12-31,1.26892,1.28145,1.26799,1.27552,1319
2019-01-01,1.27459,1.27544,1.27227,1.27528,109
2019-01-02,1.27528,1.27729,1.2425,1.25149,1438
2019-01-03,1.25151,1.26472,1.25143,1.26268,1439
2019-01-04,1.26268,1.27443,1.26157,1.2717,1320
2019-01-06,1.27187,1.27399,1.27113,1.27318,115
2019-01-07,1.27319,1.2789,1.27202,1.27849,1440
2019-01-08,1.27849,1.2797,1.27066,1.27383,1440
2019-01-09,1.27383,1.28033,1.27157,1.27982,1440
2019-01-10,1.27984,1.28008,1.27278,1.27526,1439
2019-01-11,1.27526,1.28655,1.27096,1.28347,1320
2019-01-13,1.28516,1.28641,1.28476,1.28476,120
2019-01-14,1.28476,1.29304,1.28187,1.28742,1440
2019-01-15,1.28742,1.29156,1.26688,1.28707,1440
2019-01-16,1.28708,1.28971,1.28247,1.28868,1440
2019-01-17,1.28868,1.30006,1.28319,1.29827,1440
2019-01-18,1.29828,1.2993,1.28567,1.28696,1320
2019-01-20,1.28724,1.28782,1.28474,1.28511,120
2019-01-21,1.28511,1.29105,1.28301,1.28901,1440
2019-01-22,1.28901,1.29751,1.28549,1.29553,1439
2019-01-23,1.29553,1.30817,1.2942,1.30816,1440
2019-01-24,1.30815,1.31281,1.3012,1.31194,1440
2019-01-25,1.31194,1.32172,1.30616,1.31984,1313
2019-01-27,1.31837,1.32109,1.31836,1.32073,120
2019-01-28,1.32074,1.32088,1.31367,1.31598,1440
2019-01-29,1.31598,1.31995,1.30559,1.30794,1440
2019-01-30,1.30794,1.31451,1.30539,1.31156,1438
2019-01-31,1.31156,1.31599,1.30972,1.31082,1440
2019-02-01,1.31081,1.31147,1.3043,1.30739,1319
2019-02-03,1.30618,1.30811,1.30571,1.30763,119
2019-02-04,1.30763,1.31034,1.30262,1.30265,1438
2019-02-05,1.30265,1.30516,1.29245,1.29566,1438
2019-02-06,1.29568,1.29791,1.2925,1.29333,1440
2019-02-07,1.29333,1.29961,1.2854,1.29483,1440
2019-02-08,1.29483,1.29759,1.29211,1.29441,1320
2019-02-10,1.29277,1.29372,1.29248,1.29364,115
2019-02-11,1.2936,1.29386,1.28447,1.28631,1439
2019-02-12,1.28632,1.29092,1.28325,1.28905,1439
2019-02-13,1.28902,1.29584,1.28426,1.28542,1440
2019-02-14,1.28542,1.28774,1.27727,1.27974,1439
2019-02-15,1.27973,1.28977,1.27844,1.28865,1320
2019-02-17,1.29028,1.29066,1.28996,1.29037,120
2019-02-18,1.29037,1.29385,1.28913,1.29226,1440
2019-02-19,1.29224,1.30728,1.28959,1.30589,1439
2019-02-20,1.30591,1.31088,1.30117,1.30439,1440
2019-02-21,1.30437,1.3095,1.30246,1.30401,1438
2019-02-22,1.304,1.30799,1.2968,1.30494,1320
2019-02-24,1.30713,1.30761,1.30488,1.3064,120
2019-02-25,1.3064,1.31485,1.30507,1.31268,1439
2019-02-26,1.31266,1.32878,1.31221,1.32581,1439
2019-02-27,1.32586,1.33499,1.3233,1.33172,1440
2019-02-28,1.33173,1.33192,1.32531,1.32639,1439
2019-03-01,1.32639,1.32864,1.31716,1.31983,1320
2019-03-03,1.32446,1.32469,1.32291,1.32375,120
2019-03-04,1.32375,1.32541,1.31663,1.31779,1440
2019-03-05,1.31776,1.31985,1.30975,1.31553,1440
2019-03-06,1.31551,1.31833,1.31237,1.31802,1440
2019-03-07,1.31802,1.31847,1.30679,1.309,1440
2019-03-08,1.30899,1.31083,1.29896,1.30111,1320
2019-03-10,1.29646,1.29938,1.29604,1.29674,240
2019-03-11,1.29674,1.32889,1.29615,1.32223,1440
2019-03-12,1.32223,1.32423,1.30046,1.3073,1439
2019-03-13,1.30731,1.33808,1.30728,1.32831,1440
2019-03-14,1.32831,1.3331,1.32071,1.32418,1440
2019-03-15,1.32418,1.33,1.32023,1.32884,1200
2019-03-17,1.3295,1.32999,1.32889,1.32898,240
2019-03-18,1.32898,1.32998,1.31841,1.32622,1440
2019-03-19,1.32622,1.33105,1.32406,1.32537,1440
2019-03-20,1.32536,1.32622,1.31459,1.3218,1440
2019-03-21,1.3218,1.32269,1.30039,1.31212,1440
2019-03-22,1.31212,1.32236,1.30806,1.32058,1200
2019-03-24,1.32127,1.32173,1.31767,1.31842,240
2019-03-25,1.31844,1.32456,1.31596,1.31992,1436
2019-03-26,1.31995,1.32613,1.3157,1.32061,1439
2019-03-27,1.32063,1.32687,1.3142,1.31803,1440
2019-03-28,1.31806,1.31982,1.3034,1.3059,1440
2019-03-29,1.30591,1.31353,1.29776,1.30294,1200
2019-03-31,1.30368,1.30428,1.30054,1.30188,119
2019-04-01,1.30206,1.31496,1.30093,1.30669,1440
2019-04-02,1.3067,1.31492,1.30131,1.31262,1440
2019-04-03,1.31262,1.31956,1.31207,1.31755,1440
2019-04-04,1.31755,1.31907,1.30596,1.30728,1440
2019-04-05,1.30728,1.31216,1.29866,1.30338,1260
2019-04-07,1.30337,1.30398,1.30197,1.30378,180
2019-04-08,1.30376,1.30739,1.3033,1.30603,1440
2019-04-09,1.30605,1.3121,1.30302,1.30543,1434
2019-04-10,1.30544,1.31198,1.30474,1.30971,1436
2019-04-11,1.30971,1.3109,1.30501,1.30544,1440
2019-04-12,1.30543,1.31325,1.30502,1.30634,1260
2019-04-14,1.30737,1.30831,1.30691,1.30829,176
2019-04-15,1.30829,1.31188,1.30786,1.3099,1435
2019-04-16,1.3099,1.31003,1.30389,1.30435,1439
2019-04-17,1.30436,1.30669,1.30283,1.30377,1440
2019-04-18,1.30377,1.30522,1.29784,1.29909,1436
2019-04-19,1.29913,1.30092,1.29783,1.29815,1259
2019-04-21,1.29892,1.29969,1.29845,1.29918,176
2019-04-22,1.29918,1.29976,1.2975,1.29803,1439
2019-04-23,1.29805,1.30188,1.29277,1.29369,1440
2019-04-24,1.29369,1.29635,1.28875,1.29024,1440
2019-04-25,1.29023,1.29163,1.28654,1.28938,1440
2019-04-26,1.28938,1.29433,1.28744,1.29106,1260
2019-04-28,1.29137,1.29244,1.29106,1.29183,174
2019-04-29,1.29184,1.29467,1.29046,1.29313,1438
2019-04-30,1.29313,1.30485,1.2926,1.30393,1440
2019-05-01,1.3039,1.3102,1.30336,1.30527,1439
2019-05-02,1.30527,1.30801,1.30178,1.30312,1439
2019-05-03,1.30314,1.31762,1.2988,1.31694,1260
2019-05-05,1.31388,1.31704,1.31375,1.31499,178
2019-05-06,1.31499,1.31503,1.3081,1.30968,1438
2019-05-07,1.3097,1.3131,1.30392,1.30671,1437
2019-05-08,1.30669,1.308,1.29868,1.30076,1439
2019-05-09,1.30076,1.30355,1.29673,1.30084,1438
2019-05-10,1.30087,1.30471,1.29908,1.29997,1260
2019-05-12,1.29924,1.30115,1.29924,1.30075,180
2019-05-13,1.30076,1.30407,1.29409,1.2963,1440
2019-05-14,1.29629,1.29703,1.2903,1.29059,1440
2019-05-15,1.2906,1.29229,1.2826,1.2846,1440
2019-05-16,1.28459,1.28515,1.27878,1.27961,1440
2019-05-17,1.27961,1.27967,1.27118,1.2715,1260
2019-05-19,1.27331,1.27358,1.27239,1.27299,175
2019-05-20,1.273,1.27571,1.27144,1.27273,1438
2019-05-21,1.27273,1.28137,1.26849,1.27066,1438
2019-05-22,1.27066,1.27193,1.26239,1.26631,1437
2019-05-23,1.26629,1.26836,1.26049,1.26626,1439
2019-05-24,1.26626,1.27323,1.26471,1.27111,1260
2019-05-27,1.27339,1.27383,1.2667,1.26804,900
2019-05-28,1.26803,1.2702,1.265,1.26583,1440
2019-05-29,1.26582,1.2671,1.26115,1.26285,1440
2019-05-30,1.26287,1.26401,1.25803,1.26059,1440
2019-05-31,1.2606,1.26443,1.2559,1.26291,1259
2019-06-02,1.26277,1.26389,1.26168,1.26386,179
2019-06-03,1.26382,1.26738,1.26102,1.26632,1439
2019-06-04,1.26631,1.27142,1.26418,1.27029,1440
2019-06-05,1.27029,1.27436,1.26755,1.26873,1440
2019-06-06,1.26872,1.27419,1.26685,1.26942,1438
2019-06-07,1.26942,1.27627,1.26882,1.27354,1260
2019-06-09,1.27197,1.27357,1.27197,1.27215,173
2019-06-10,1.27215,1.2727,1.26527,1.26901,1440
2019-06-11,1.269,1.27319,1.26699,1.27237,1440
2019-06-12,1.27238,1.27583,1.26811,1.26921,1439
2019-06-13,1.2692,1.27077,1.26618,1.26788,1435
2019-06-14,1.26786,1.26818,1.25796,1.25891,1259
2019-06-16,1.25784,1.25951,1.25746,1.25933,179
2019-06-17,1.25932,1.26054,1.25304,1.25408,1440
2019-06-18,1.2541,1.25686,1.25058,1.25655,1440
2019-06-19,1.25655,1.26733,1.25423,1.26526,1440
2019-06-20,1.26526,1.27264,1.26515,1.27071,1440
2019-06-21,1.27072,1.27462,1.26421,1.27403,1259
2019-06-23,1.2729,1.27514,1.2729,1.27514,180
2019-06-24,1.27514,1.27665,1.27077,1.27383,1438
2019-06-25,1.27384,1.27836,1.26715,1.269,1438
2019-06-26,1.26897,1.27071,1.26622,1.26947,1440
2019-06-27,1.26947,1.27247,1.26596,1.26732,1439
2019-06-28,1.26732,1.27345,1.2665,1.26916,1259
2019-06-30,1.26968,1.27025,1.26888,1.2693,180
2019-07-01,1.2693,1.27053,1.26316,1.2644,1440
2019-07-02,1.26443,1.26455,1.25837,1.25972,1439
2019-07-03,1.25972,1.26,1.2557,1.25824,1434
2019-07-04,1.25824,1.25911,1.25683,1.25825,1440
2019-07-05,1.25824,1.25873,1.24808,1.25209,1260
2019-07-07,1.25251,1.25291,1.25229,1.25239,179
2019-07-08,1.25238,1.25396,1.24996,1.25151,1440
2019-07-09,1.25144,1.25181,1.24393,1.24573,1439
2019-07-10,1.24572,1.25206,1.24435,1.25056,1438
2019-07-11,1.25056,1.25713,1.25049,1.25202,1440
2019-07-12,1.25206,1.25786,1.25199,1.25705,1260
2019-07-14,1.25515,1.25781,1.25397,1.25704,174
2019-07-15,1.25705,1.25759,1.25099,1.25158,1439
2019-07-16,1.2516,1.25192,1.23959,1.24093,1440
2019-07-17,1.24093,1.24562,1.23816,1.24335,1440
2019-07-18,1.24335,1.25581,1.24276,1.25422,1440
2019-07-19,1.25423,1.25545,1.24757,1.24972,1260
2019-07-21,1.24746,1.25193,1.24746,1.25111,171
2019-07-22,1.2511,1.2513,1.24551,1.24717,1439
2019-07-23,1.2472,1.24815,1.24174,1.2437,1440
2019-07-24,1.24368,1.2522,1.24263,1.24848,1438
2019-07-25,1.24847,1.25174,1.24365,1.24525,1430
2019-07-26,1.24524,1.24591,1.23757,1.23805,1260
2019-07-28,1.23737,1.23828,1.23737,1.23746,179
2019-07-29,1.23749,1.23809,1.2212,1.22161,1438
2019-07-30,1.22161,1.22212,1.21185,1.21569,1440
2019-07-31,1.21571,1.22491,1.21334,1.21526,1437
2019-08-01,1.21527,1.21713,1.20791,1.21231,1436
2019-08-02,1.21231,1.21692,1.20898,1.21572,1260
2019-08-04,1.21579,1.21579,1.2127,1.21496,173
2019-08-05,1.21493,1.21882,1.21013,1.2156,1439
2019-08-06,1.21557,1.22093,1.21365,1.21698,1440
2019-08-07,1.21699,1.21906,1.21207,1.21394,1440
2019-08-08,1.21394,1.21825,1.20949,1.2142,1436
2019-08-09,1.2142,1.21475,1.20214,1.20214,1260
2019-08-11,1.20448,1.20501,1.20148,1.20191,177
2019-08-12,1.20191,1.21063,1.20167,1.20767,1439
2019-08-13,1.20768,1.20975,1.20416,1.20622,1439
2019-08-14,1.20623,1.21006,1.20444,1.20594,1440
2019-08-15,1.20593,1.21503,1.20502,1.20902,1438
2019-08-16,1.20904,1.21753,1.2081,1.21425,1260
2019-08-18,1.21533,1.21608,1.21422,1.21581,172
2019-08-19,1.21583,1.21725,1.21044,1.21275,1440
2019-08-20,1.21276,1.21796,1.20639,1.21613,1440
2019-08-21,1.21614,1.21748,1.2112,1.21314,1438
2019-08-22,1.21312,1.2273,1.21081,1.22509,1440
2019-08-23,1.22504,1.22935,1.21941,1.22824,1260
2019-08-25,1.22649,1.22856,1.22593,1.22602,180
2019-08-26,1.22605,1.22846,1.22075,1.22214,1439
2019-08-27,1.22213,1.23097,1.22085,1.22802,1440
2019-08-28,1.22803,1.22874,1.21556,1.22174,1440
2019-08-29,1.22173,1.22321,1.21719,1.21831,1439
2019-08-30,1.21834,1.22255,1.21389,1.21573,1260
2019-09-01,1.21472,1.21637,1.21381,1.21578,174
2019-09-02,1.21579,1.21743,1.20355,1.20642,1435
2019-09-03,1.20642,1.21052,1.19581,1.20901,1433
2019-09-04,1.20901,1.22592,1.20842,1.22454,1440
2019-09-05,1.22454,1.23537,1.22097,1.23241,1436
2019-09-06,1.23242,1.23431,1.22791,1.228,1260
2019-09-08,1.22703,1.22883,1.22679,1.22838,176
2019-09-09,1.22836,1.23853,1.2233,1.23451,1439
2019-09-10,1.23449,1.23792,1.23066,1.23571,1437
2019-09-11,1.23569,1.23706,1.23121,1.2334,1438
2019-09-12,1.23337,1.23663,1.2283,1.23282,1440
2019-09-13,1.23288,1.25056,1.23267,1.24974,1260
2019-09-15,1.24741,1.25037,1.24741,1.24957,176
2019-09-16,1.24954,1.24973,1.23988,1.24249,1440
2019-09-17,1.24248,1.25271,1.23921,1.2501,1439
2019-09-18,1.25009,1.2512,1.24388,1.24686,1439
2019-09-19,1.24688,1.256,1.24379,1.25225,1439
2019-09-20,1.25225,1.25821,1.24592,1.24751,1260
2019-09-22,1.24657,1.24738,1.24645,1.24694,180
2019-09-23,1.24695,1.24903,1.24126,1.24327,1437
2019-09-24,1.24326,1.25028,1.24139,1.24848,1435
2019-09-25,1.24848,1.2487,1.23438,1.23581,1440
2019-09-26,1.23582,1.23801,1.23023,1.2328,1435
2019-09-27,1.2328,1.23362,1.22707,1.22851,1260
2019-09-29,1.22901,1.22993,1.22821,1.22919,176
2019-09-30,1.22917,1.23458,1.22754,1.22888,1438
2019-10-01,1.22889,1.23389,1.22044,1.2291,1437
2019-10-02,1.22912,1.23241,1.22266,1.2304,1439
2019-10-03,1.23039,1.24127,1.22653,1.23408,1440
2019-10-04,1.23406,1.23567,1.22758,1.23291,1260
2019-10-06,1.23068,1.23358,1.23047,1.23342,175
2019-10-07,1.23342,1.23364,1.22835,1.22868,1437
2019-10-08,1.22872,1.23021,1.21949,1.22194,1440
2019-10-09,1.22193,1.22913,1.21975,1.22113,1438
2019-10-10,1.22113,1.24687,1.22082,1.24298,1436
2019-10-11,1.24298,1.2707,1.24069,1.26408,1260
2019-10-13,1.26242,1.26449,1.26138,1.26164,180
2019-10-14,1.26166,1.26496,1.25156,1.26082,1440
2019-10-15,1.26079,1.2799,1.26024,1.27592,1439
2019-10-16,1.27592,1.28772,1.26556,1.28187,1440
2019-10-17,1.28188,1.29892,1.2749,1.28641,1440
2019-10-18,1.28642,1.29849,1.28391,1.29802,1260
2019-10-20,1.29498,1.29505,1.28742,1.29026,180
2019-10-21,1.29022,1.3012,1.28876,1.29709,1440
2019-10-22,1.29709,1.29999,1.28616,1.28829,1438
2019-10-23,1.28829,1.29214,1.28407,1.29203,1440
2019-10-24,1.29201,1.295,1.2788,1.28382,1440
2019-10-25,1.28382,1.28627,1.2804,1.28234,1260
2019-10-27,1.28111,1.28338,1.28107,1.28181,240
2019-10-28,1.28181,1.28761,1.28106,1.28501,1438
2019-10-29,1.28502,1.29047,1.28062,1.28649,1440
2019-10-30,1.28649,1.29154,1.28448,1.29145,1440
2019-10-31,1.29146,1.29756,1.29125,1.29529,1440
2019-11-01,1.29529,1.29723,1.29269,1.29368,1200
2019-11-03,1.29268,1.29403,1.29268,1.29364,120
2019-11-04,1.29364,1.29424,1.28758,1.28886,1438
2019-11-05,1.28883,1.29172,1.28587,1.28798,1440
2019-11-06,1.28797,1.2897,1.28437,1.28551,1439
2019-11-07,1.28551,1.28777,1.27938,1.28194,1435
2019-11-08,1.28193,1.28226,1.27684,1.27714,1319
2019-11-10,1.27978,1.27978,1.27883,1.27944,120
2019-11-11,1.27943,1.28981,1.27853,1.28533,1439
2019-11-12,1.28533,1.28735,1.28151,1.28502,1440
2019-11-13,1.28501,1.28588,1.28216,1.2853,1440
2019-11-14,1.2853,1.28882,1.28245,1.28815,1440
2019-11-15,1.28813,1.29189,1.28671,1.28998,1320
2019-11-17,1.29239,1.2924,1.29093,1.2919,120
2019-11-18,1.2919,1.29854,1.29156,1.29488,1440
2019-11-19,1.29484,1.29697,1.29101,1.2928,1440
2019-11-20,1.29279,1.29287,1.28872,1.29252,1439
2019-11-21,1.29252,1.29699,1.28929,1.29188,1438
2019-11-22,1.29187,1.29284,1.28232,1.28283,1319
2019-11-24,1.28554,1.28554,1.28431,1.28508,120
2019-11-25,1.28506,1.29115,1.28406,1.28959,1440
2019-11-26,1.28957,1.29031,1.28348,1.286,1440
2019-11-27,1.286,1.29501,1.28271,1.2929,1440
2019-11-28,1.29295,1.29506,1.28991,1.29114,1440
2019-11-29,1.29111,1.29419,1.28787,1.29132,1320
2019-12-01,1.29093,1.29167,1.29092,1.29116,120
2019-12-02,1.29115,1.29487,1.28959,1.29393,1437
2019-12-03,1.29392,1.30115,1.29302,1.29965,1440
2019-12-04,1.29966,1.31204,1.29822,1.31086,1438
2019-12-05,1.31088,1.31662,1.3105,1.31574,1439
2019-12-06,1.31576,1.3165,1.31003,1.31319,1320
2019-12-08,1.3134,1.31414,1.31327,1.31379,120
2019-12-09,1.31378,1.31804,1.3133,1.31453,1440
2019-12-10,1.31452,1.32151,1.31067,1.31287,1440
2019-12-11,1.31287,1.32136,1.31114,1.31992,1440
2019-12-12,1.31992,1.35149,1.30503,1.34728,1440
2019-12-13,1.34728,1.35075,1.33053,1.33266,1320
2019-12-15,1.33349,1.33544,1.33348,1.33532,120
2019-12-16,1.33532,1.34218,1.32351,1.3267,1440
2019-12-17,1.32672,1.33006,1.3099,1.31217,1439
2019-12-18,1.31218,1.31289,1.30594,1.30842,1440
2019-12-19,1.30842,1.3133,1.29897,1.30167,1440
2019-12-20,1.30166,1.30791,1.29783,1.29952,1320
2019-12-22,1.30019,1.30136,1.29856,1.30051,120
2019-12-23,1.30053,1.30317,1.29045,1.29432,1440
2019-12-24,1.29432,1.29702,1.29085,1.29301,1378
2019-12-25,1.293,1.29733,1.29275,1.29694,552
2019-12-26,1.29694,1.30156,1.29596,1.30008,1437
2019-12-27,1.30008,1.31169,1.2968,1.30758,1320
2019-12-29,1.30848,1.30976,1.30576,1.30897,120
2019-12-30,1.30894,1.315,1.30854,1.31109,1440
2019-12-31,1.31107,1.3284,1.31054,1.32578,1319
2020-01-01,1.32463,1.32608,1.32457,1.32497,118
2020-01-02,1.32497,1.32661,1.31152,1.31467,1440
2020-01-03,1.31466,1.316,1.30531,1.30787,1320
2020-01-05,1.30808,1.30855,1.30633,1.30768,119
2020-01-06,1.30767,1.31785,1.30638,1.31711,1440
2020-01-07,1.31708,1.3212,1.30948,1.31134,1440
2020-01-08,1.31135,1.31694,1.30799,1.31051,1440
2020-01-09,1.31047,1.31233,1.30126,1.30691,1440
2020-01-10,1.30691,1.30968,1.30422,1.30569,1320
2020-01-12,1.30347,1.30441,1.30287,1.30432,120
2020-01-13,1.30432,1.3045,1.29608,1.29859,1440
2020-01-14,1.29858,1.30329,1.29542,1.30211,1439
2020-01-15,1.30211,1.30582,1.2985,1.30392,1440
2020-01-16,1.30395,1.30828,1.30252,1.3076,1439
2020-01-17,1.30758,1.31184,1.3005,1.30058,1320
2020-01-19,1.29915,1.30071,1.29915,1.30051,120
2020-01-20,1.30052,1.30132,1.29617,1.30035,1440
2020-01-21,1.30037,1.30831,1.29952,1.30451,1440
2020-01-22,1.30451,1.31525,1.30343,1.31435,1440
2020-01-23,1.31435,1.31508,1.30966,1.31186,1440
2020-01-24,1.31185,1.31739,1.30565,1.30701,1320
2020-01-26,1.30799,1.30799,1.30606,1.30606,120
2020-01-27,1.30606,1.3105,1.30395,1.30588,1439
2020-01-28,1.30588,1.30649,1.29752,1.30231,1437
2020-01-29,1.3023,1.30273,1.29892,1.30207,1439
2020-01-30,1.30207,1.31099,1.29773,1.30846,1439
2020-01-31,1.30846,1.3209,1.30835,1.32014,1320
2020-02-02,1.31766,1.31837,1.31717,1.31807,120
2020-02-03,1.31806,1.3182,1.29827,1.29963,1439
2020-02-04,1.29963,1.30464,1.2941,1.30302,1440
2020-02-05,1.30302,1.30697,1.2956,1.29949,1440
2020-02-06,1.29949,1.29986,1.29211,1.29299,1440
2020-02-07,1.29296,1.29589,1.28813,1.28818,1320
2020-02-09,1.28843,1.28916,1.28822,1.28893,120
2020-02-10,1.28894,1.29459,1.28716,1.29154,1440
2020-02-11,1.29154,1.29679,1.28941,1.29557,1422
2020-02-12,1.29554,1.29914,1.29511,1.29573,1438
2020-02-13,1.29574,1.30693,1.29439,1.30447,1440
2020-02-14,1.30445,1.30634,1.30009,1.30455,1319
2020-02-16,1.30324,1.30537,1.30295,1.30509,120
2020-02-17,1.30509,1.3051,1.29977,1.30055,1440
2020-02-18,1.30055,1.30486,1.29705,1.29987,1440
2020-02-19,1.29987,1.30229,1.29072,1.29255,1438
2020-02-20,1.29255,1.29281,1.28488,1.28803,1440
2020-02-21,1.28803,1.29806,1.28785,1.29529,1320
2020-02-23,1.29449,1.29543,1.29423,1.29513,119
2020-02-24,1.29513,1.2954,1.28864,1.29239,1440
2020-02-25,1.29238,1.30179,1.2914,1.3002,1440
2020-02-26,1.3002,1.30077,1.28927,1.29054,1440
2020-02-27,1.29055,1.29462,1.28599,1.2887,1440
2020-02-28,1.2887,1.29195,1.27255,1.28125,1320
2020-03-01,1.27879,1.28219,1.27746,1.28038,119
2020-03-02,1.28039,1.28503,1.27387,1.2766,1440
2020-03-03,1.2766,1.28438,1.27581,1.28194,1440
2020-03-04,1.28195,1.28725,1.27698,1.28707,1440
2020-03-05,1.28707,1.29683,1.28603,1.29487,1438
2020-03-06,1.29489,1.30517,1.29488,1.30459,1320
2020-03-08,1.30726,1.31053,1.30662,1.30723,240
2020-03-09,1.30722,1.32003,1.30342,1.30511,1436
2020-03-10,1.30512,1.30842,1.28654,1.29011,1439
2020-03-11,1.2901,1.29765,1.28035,1.28193,1435
2020-03-12,1.28193,1.28487,1.24899,1.25171,1437
2020-03-13,1.25172,1.2624,1.22597,1.22673,1200
2020-03-15,1.22617,1.24214,1.22617,1.23342,238
2020-03-16,1.23342,1.23734,1.22015,1.22388,1438
2020-03-17,1.22388,1.22657,1.20009,1.21104,1440
2020-03-18,1.21103,1.21294,1.14497,1.15661,1431
2020-03-19,1.15639,1.1793,1.14095,1.15304,1432
2020-03-20,1.15303,1.19334,1.15303,1.16301,1200
2020-03-22,1.16693,1.16792,1.15314,1.15992,239
2020-03-23,1.15992,1.17133,1.14462,1.15931,1413
2020-03-24,1.15937,1.17989,1.15934,1.17646,1433
2020-03-25,1.17646,1.1973,1.16383,1.18654,1438
2020-03-26,1.18653,1.22292,1.18182,1.2178,1437
2020-03-27,1.21782,1.24851,1.21436,1.24448,1200
2020-03-29,1.24283,1.24491,1.23914,1.23992,73
2020-03-30,1.24496,1.24656,1.23166,1.23673,1435
2020-03-31,1.23673,1.24725,1.22419,1.24047,1435
2020-04-01,1.24047,1.2438,1.23297,1.23797,1439
2020-04-02,1.23797,1.24751,1.23482,1.23904,1438
2020-04-03,1.23904,1.23949,1.22051,1.2264,1260
2020-04-05,1.22296,1.22641,1.22102,1.22164,174
2020-04-06,1.22164,1.23269,1.21645,1.22303,1440
2020-04-07,1.22303,1.23839,1.22177,1.2336,1440
2020-04-08,1.23359,1.24192,1.22876,1.23902,1436
2020-04-09,1.23902,1.24829,1.23602,1.24524,1438
2020-04-10,1.24524,1.24862,1.24419,1.24449,1259
2020-04-12,1.24506,1.24718,1.24455,1.24593,169
2020-04-13,1.24583,1.25364,1.24527,1.25195,1436
2020-04-14,1.25193,1.2647,1.25088,1.26241,1437
2020-04-15,1.26242,1.26242,1.24365,1.25178,1440
2020-04-16,1.25177,1.25243,1.24075,1.24867,1440
2020-04-17,1.24864,1.25219,1.24065,1.24939,1260
2020-04-19,1.24935,1.24996,1.24843,1.24843,175
2020-04-20,1.24844,1.24918,1.24162,1.24396,1439
2020-04-21,1.24395,1.24415,1.22469,1.23006,1437
2020-04-22,1.23004,1.23856,1.22742,1.23216,1440
2020-04-23,1.23216,1.24146,1.23076,1.23513,1439
2020-04-24,1.2351,1.23769,1.22978,1.23654,1260
2020-04-26,1.23627,1.23686,1.23626,1.23667,176
2020-04-27,1.23667,1.24543,1.23593,1.24207,1440
2020-04-28,1.24204,1.2518,1.24034,1.24341,1439
2020-04-29,1.24342,1.24851,1.23886,1.24696,1440
2020-04-30,1.24696,1.26429,1.24284,1.25805,1440
2020-05-01,1.25805,1.25812,1.24828,1.24869,1260
2020-05-03,1.24851,1.24868,1.24488,1.24548,176
2020-05-04,1.24548,1.24756,1.2405,1.24445,1439
2020-05-05,1.24446,1.24835,1.242,1.24432,1440
2020-05-06,1.24435,1.24498,1.2322,1.23236,1439
2020-05-07,1.23237,1.24181,1.22657,1.23732,1435
2020-05-08,1.23732,1.24667,1.23559,1.24033,1260
2020-05-10,1.23965,1.24169,1.2387,1.24163,131
2020-05-11,1.24163,1.24372,1.22828,1.23311,1439
2020-05-12,1.23309,1.23778,1.22508,1.2251,1439
2020-05-13,1.22512,1.23396,1.22096,1.22379,1440
2020-05-14,1.22379,1.22408,1.21653,1.22331,1440
2020-05-15,1.2233,1.22385,1.20998,1.21003,1260
2020-05-17,1.20824,1.20981,1.20745,1.20844,180
2020-05-18,1.20844,1.22271,1.20838,1.21994,1440
2020-05-19,1.21994,1.22961,1.21834,1.22551,1440
2020-05-20,1.22554,1.22874,1.2221,1.22359,1435
2020-05-21,1.22363,1.22494,1.21853,1.22217,1439
2020-05-22,1.22218,1.22334,1.21613,1.21665,1260
2020-05-24,1.21734,1.21876,1.2164,1.21854,180
2020-05-25,1.21853,1.22032,1.21635,1.22015,1438
2020-05-26,1.22015,1.23628,1.21968,1.23313,1440
2020-05-27,1.23314,1.23538,1.22043,1.22625,1439
2020-05-28,1.22627,1.23443,1.22335,1.23182,1440
2020-05-29,1.23178,1.23939,1.22903,1.23454,1260
2020-05-31,1.23236,1.23538,1.23235,1.23448,180
2020-06-01,1.23455,1.25065,1.2343,1.24856,1440
2020-06-02,1.24856,1.25831,1.24782,1.25801,1440
2020-06-03,1.25801,1.26149,1.25532,1.25734,1439
2020-06-04,1.25735,1.2633,1.25004,1.26054,1440
2020-06-05,1.26054,1.27309,1.25825,1.26656,1260
2020-06-07,1.26767,1.27294,1.2664,1.27184,174
2020-06-08,1.27183,1.27403,1.26276,1.2734,1439
2020-06-09,1.2734,1.27554,1.2618,1.2709,1440
2020-06-10,1.27089,1.28127,1.27059,1.2711,1440
2020-06-11,1.27113,1.27502,1.25696,1.25724,1440
2020-06-12,1.25723,1.2653,1.24734,1.25396,1260
2020-06-14,1.25112,1.25204,1.24855,1.25083,180
2020-06-15,1.25083,1.26379,1.2454,1.26373,1438
2020-06-16,1.26376,1.26871,1.25523,1.25816,1440
2020-06-17,1.25817,1.25885,1.25105,1.25495,1438
2020-06-18,1.25496,1.25625,1.24013,1.2424,1440
2020-06-19,1.24241,1.24556,1.23424,1.23476,1260
2020-06-21,1.23419,1.2359,1.23377,1.23454,178
2020-06-22,1.23452,1.25071,1.2335,1.24999,1440
2020-06-23,1.24999,1.25317,1.24317,1.25241,1440
2020-06-24,1.25244,1.25425,1.24108,1.24118,1440
2020-06-25,1.2412,1.24639,1.23886,1.24239,1439
2020-06-26,1.24242,1.24365,1.23142,1.23343,1259
2020-06-28,1.23442,1.23482,1.23253,1.23401,173
2020-06-29,1.23401,1.23892,1.22514,1.23104,1438
2020-06-30,1.23105,1.24015,1.22573,1.23874,1439
2020-07-01,1.23874,1.24902,1.23592,1.24637,1437
2020-07-02,1.24636,1.25298,1.2456,1.24656,1437
2020-07-03,1.24655,1.24879,1.24377,1.24798,1260
2020-07-05,1.2464,1.24775,1.24536,1.24736,179
2020-07-06,1.24736,1.25201,1.24732,1.24944,1439
2020-07-07,1.24943,1.25921,1.24622,1.25404,1437
2020-07-08,1.25406,1.2623,1.25084,1.26125,1440
2020-07-09,1.26124,1.26691,1.2598,1.26049,1439
2020-07-10,1.26049,1.26638,1.25666,1.26202,1260
2020-07-12,1.26126,1.26373,1.2612,1.26259,163
2020-07-13,1.26257,1.2666,1.255,1.25514,1440
2020-07-14,1.25513,1.25743,1.24797,1.25684,1439
2020-07-15,1.25686,1.26493,1.25633,1.25903,1440
2020-07-16,1.25902,1.26248,1.25196,1.2558,1440
2020-07-17,1.25583,1.25742,1.25115,1.25654,1260
2020-07-19,1.25449,1.25719,1.2533,1.25702,170
2020-07-20,1.257,1.26652,1.25178,1.26607,1439
2020-07-21,1.26607,1.27679,1.26499,1.27317,1440
2020-07-22,1.27322,1.27435,1.26436,1.27266,1439
2020-07-23,1.27268,1.27598,1.26726,1.27294,1438
2020-07-24,1.27294,1.28033,1.27168,1.27926,1260
2020-07-26,1.27903,1.28013,1.2774,1.2794,180
2020-07-27,1.27938,1.29028,1.27933,1.28878,1439
2020-07-28,1.28878,1.29525,1.28379,1.29238,1439
2020-07-29,1.29238,1.30133,1.29116,1.29786,1436
2020-07-30,1.29786,1.31199,1.29441,1.3115,1440
2020-07-31,1.3115,1.31699,1.30701,1.30836,1260
2020-08-02,1.30755,1.31043,1.30662,1.30987,176
2020-08-03,1.30987,1.31124,1.30044,1.30776,1440
2020-08-04,1.30774,1.31078,1.29809,1.30843,1440
2020-08-05,1.30845,1.31612,1.30575,1.31247,1440
2020-08-06,1.31248,1.31855,1.31183,1.31368,1440
2020-08-07,1.31369,1.31472,1.30092,1.30509,1260
2020-08-09,1.30535,1.30654,1.30371,1.30501,173
2020-08-10,1.30501,1.31031,1.30187,1.3076,1440
2020-08-11,1.3076,1.31316,1.30412,1.30507,1440
2020-08-12,1.30508,1.30674,1.3005,1.30456,1440
2020-08-13,1.30458,1.31246,1.30429,1.30695,1439
2020-08-14,1.30695,1.31423,1.30479,1.30829,1260
2020-08-16,1.3091,1.31062,1.30876,1.31046,176
2020-08-17,1.31046,1.31216,1.30738,1.31058,1438
2020-08-18,1.31058,1.32542,1.31054,1.32524,1437
2020-08-19,1.32522,1.32671,1.3091,1.31092,1440
2020-08-20,1.31091,1.32245,1.30641,1.3218,1440
2020-08-21,1.32181,1.32549,1.30588,1.30881,1260
2020-08-23,1.30798,1.31011,1.30798,1.30921,170
2020-08-24,1.30922,1.31489,1.30532,1.30702,1437
2020-08-25,1.30703,1.31703,1.30585,1.31496,1439
2020-08-26,1.31495,1.32195,1.31168,1.32187,1430
2020-08-27,1.32188,1.32844,1.31606,1.31998,1432
2020-08-28,1.31997,1.33562,1.31858,1.33488,1260
2020-08-30,1.33328,1.33578,1.33328,1.33548,177
2020-08-31,1.33547,1.33952,1.33008,1.33629,1439
2020-09-01,1.33631,1.34821,1.3356,1.33996,1436
2020-09-02,1.33994,1.34004,1.32829,1.33474,1438
2020-09-03,1.33475,1.33477,1.32421,1.32632,1435
2020-09-04,1.32634,1.33187,1.31756,1.32782,1260
2020-09-06,1.32468,1.32657,1.32389,1.32462,175
2020-09-07,1.32463,1.32573,1.31401,1.31603,1436
2020-09-08,1.31603,1.31654,1.29496,1.29641,1440
2020-09-09,1.29646,1.30231,1.28845,1.29981,1435
2020-09-10,1.2998,1.30347,1.27731,1.28066,1439
2020-09-11,1.28068,1.28654,1.27621,1.27942,1260
2020-09-13,1.27733,1.28117,1.27664,1.28065,170
2020-09-14,1.28062,1.29191,1.27905,1.2848,1437
2020-09-15,1.28481,1.2926,1.28143,1.28829,1437
2020-09-16,1.28826,1.3007,1.28748,1.296,1438
2020-09-17,1.29601,1.29986,1.28645,1.29747,1440
2020-09-18,1.29746,1.29996,1.29139,1.29143,1260
2020-09-20,1.29237,1.29382,1.29088,1.2932,170
2020-09-21,1.2932,1.29663,1.2775,1.28174,1440
2020-09-22,1.28174,1.28669,1.27105,1.27423,1434
2020-09-23,1.27423,1.27768,1.26748,1.27134,1440
2020-09-24,1.27133,1.2781,1.26903,1.27555,1434
2020-09-25,1.27554,1.28054,1.26871,1.27395,1260
2020-09-27,1.27617,1.27719,1.27536,1.2764,177
2020-09-28,1.2764,1.29298,1.27508,1.28729,1438
2020-09-29,1.28731,1.29026,1.28222,1.28644,1434
2020-09-30,1.28643,1.29424,1.28052,1.29157,1439
2020-10-01,1.29159,1.29782,1.28191,1.28852,1419
2020-10-02,1.28853,1.29537,1.28365,1.29274,1260
2020-10-04,1.29337,1.29353,1.29128,1.29286,172
2020-10-05,1.29287,1.29934,1.28994,1.29924,1438
2020-10-06,1.29924,1.3007,1.28662,1.28832,1440
2020-10-07,1.28832,1.29293,1.2845,1.29157,1425
2020-10-08,1.29157,1.297,1.28908,1.2939,1436
2020-10-09,1.29388,1.30486,1.29208,1.30433,1260
2020-10-11,1.30234,1.30372,1.3023,1.30301,180
2020-10-12,1.30298,1.30825,1.30051,1.30641,1436
2020-10-13,1.30641,1.30676,1.29215,1.29342,1435
2020-10-14,1.29342,1.30641,1.28623,1.30113,1440
2020-10-15,1.30116,1.30297,1.28901,1.29031,1439
2020-10-16,1.29031,1.29619,1.28618,1.29082,1259
2020-10-18,1.28924,1.29282,1.2892,1.29254,176
2020-10-19,1.29255,1.3024,1.29219,1.29471,1437
2020-10-20,1.29472,1.29796,1.2911,1.29556,1437
2020-10-21,1.29558,1.31766,1.29536,1.31288,1437
2020-10-22,1.31287,1.31497,1.30702,1.30774,1440
2020-10-23,1.30776,1.31223,1.30187,1.30391,1260
2020-10-25,1.30563,1.30578,1.30241,1.30465,234
2020-10-26,1.30465,1.30745,1.29925,1.30257,1440
2020-10-27,1.30258,1.30794,1.30008,1.30324,1440
2020-10-28,1.30326,1.30632,1.29162,1.29895,1439
2020-10-29,1.29897,1.30254,1.28804,1.29263,1440
2020-10-30,1.29265,1.29879,1.28987,1.29472,1200
2020-11-01,1.29243,1.29387,1.29178,1.29254,119
2020-11-02,1.29253,1.29424,1.28538,1.29215,1439
2020-11-03,1.29213,1.31307,1.29146,1.31189,1439
2020-11-04,1.31186,1.31397,1.2914,1.29653,1440
2020-11-05,1.29656,1.31567,1.29389,1.31378,1439
2020-11-06,1.31377,1.31769,1.30922,1.31477,1320
2020-11-08,1.31592,1.3182,1.31479,1.31793,120
2020-11-09,1.31794,1.32078,1.31179,1.31684,1440
2020-11-10,1.31683,1.32778,1.31568,1.32607,1440
2020-11-11,1.32605,1.33132,1.31908,1.32232,1440
2020-11-12,1.32229,1.32281,1.31061,1.31204,1439
2020-11-13,1.31205,1.31996,1.31088,1.31983,1320
2020-11-15,1.3166,1.32236,1.3166,1.32189,118
2020-11-16,1.32189,1.3242,1.31652,1.3221,1440
2020-11-17,1.32211,1.32725,1.31928,1.3256,1440
2020-11-18,1.3256,1.33121,1.32435,1.32512,1440
2020-11-19,1.32509,1.32787,1.31957,1.32468,1439
2020-11-20,1.3247,1.32975,1.3247,1.32817,1320
2020-11-22,1.32927,1.33045,1.328,1.33031,120
2020-11-23,1.33028,1.33975,1.32633,1.33257,1435
2020-11-24,1.33256,1.33801,1.32927,1.33612,1437
2020-11-25,1.33612,1.33931,1.33038,1.33827,1439
2020-11-26,1.33829,1.33975,1.33217,1.33528,1437
2020-11-27,1.3353,1.33814,1.32875,1.33068,1320
2020-11-29,1.3331,1.33348,1.33049,1.33315,120
2020-11-30,1.33317,1.3344,1.33234,1.33369,300
2020-12-01,1.33351,1.3442,1.33153,1.3421,1440
2020-12-02,1.3422,1.34409,1.32872,1.33678,1436
2020-12-03,1.33681,1.34997,1.33528,1.34515,1440
2020-12-04,1.34515,1.35391,1.34098,1.34332,1320
2020-12-06,1.34092,1.34211,1.34092,1.34144,120
2020-12-07,1.34143,1.34373,1.32243,1.33548,1436
2020-12-08,1.3355,1.33932,1.32896,1.33643,1439
2020-12-09,1.33642,1.34778,1.33235,1.3365,1440
2020-12-10,1.33652,1.33894,1.3245,1.33015,1440
2020-12-11,1.33016,1.33239,1.31339,1.32203,1318
2020-12-13,1.33603,1.33633,1.33146,1.33157,120
2020-12-14,1.33156,1.34451,1.32897,1.33249,1432
2020-12-15,1.33248,1.34688,1.32798,1.34465,1438
2020-12-16,1.34466,1.35545,1.34339,1.35019,1437
2020-12-17,1.35018,1.36244,1.34948,1.35681,1438
2020-12-18,1.35691,1.3573,1.34712,1.35142,1320
2020-12-20,1.34004,1.34409,1.33939,1.34005,120
2020-12-21,1.34016,1.34995,1.31875,1.34466,1439
2020-12-22,1.34465,1.34569,1.33036,1.3401,1437
2020-12-23,1.34009,1.35704,1.33704,1.35122,1440
2020-12-24,1.35123,1.36188,1.35021,1.35357,1401
2020-12-25,1.35357,1.3587,1.35308,1.35408,362
2020-12-27,1.35452,1.35719,1.35424,1.35694,113
2020-12-28,1.35702,1.35753,1.3429,1.3464,1439
2020-12-29,1.34639,1.35224,1.34591,1.34967,1435
2020-12-30,1.34967,1.363,1.34927,1.36286,1440
2020-12-31,1.36286,1.36859,1.36037,1.36632,1319
2021-01-03,1.36455,1.36831,1.36454,1.36803,120
2021-01-04,1.36809,1.37039,1.35412,1.35705,1439
2021-01-05,1.35708,1.36417,1.3554,1.36268,1438
2021-01-06,1.36269,1.36707,1.35384,1.36234,1439
2021-01-07,1.36234,1.3633,1.35325,1.35684,1430
2021-01-08,1.35683,1.36356,1.35378,1.35621,1320
2021-01-10,1.35588,1.35697,1.35095,1.35182,115
2021-01-11,1.35181,1.35347,1.34503,1.35225,1439
2021-01-12,1.35225,1.367,1.3504,1.36664,1439
2021-01-13,1.36665,1.37009,1.36113,1.36471,1437
2021-01-14,1.36471,1.37107,1.3616,1.36822,1432
2021-01-15,1.3682,1.36977,1.35721,1.35769,1320
2021-01-17,1.35922,1.35996,1.35691,1.35702,119
2021-01-18,1.35702,1.35894,1.35193,1.3582,1436
2021-01-19,1.35822,1.36471,1.35809,1.36437,1440
2021-01-20,1.36436,1.37186,1.3623,1.36662,1439
2021-01-21,1.36663,1.37456,1.36583,1.37283,1436
2021-01-22,1.37284,1.37359,1.36355,1.36784,1318
2021-01-24,1.36763,1.36909,1.36722,1.3685,118
2021-01-25,1.36853,1.37232,1.36484,1.36765,1438
2021-01-26,1.36768,1.37442,1.36092,1.3741,1440
2021-01-27,1.37408,1.37585,1.36588,1.36705,1440
2021-01-28,1.36702,1.37457,1.36298,1.37244,1439
2021-01-29,1.37244,1.37512,1.3657,1.37023,1320
2021-01-31,1.37052,1.37078,1.36935,1.36971,118
2021-02-01,1.3697,1.37574,1.3656,1.36751,1438
2021-02-02,1.36752,1.37101,1.36108,1.3659,1439
2021-02-03,1.3659,1.36832,1.36189,1.36493,1439
2021-02-04,1.36494,1.36978,1.35655,1.36719,1435
2021-02-05,1.3672,1.37397,1.36657,1.37291,1319
2021-02-07,1.37151,1.37398,1.37135,1.37372,120
2021-02-08,1.37371,1.37491,1.368,1.3745,1433
2021-02-09,1.3745,1.38203,1.37419,1.3815,1437
2021-02-10,1.38153,1.38658,1.38023,1.38302,1434
2021-02-11,1.38302,1.38593,1.38001,1.38109,1437
2021-02-12,1.38107,1.38623,1.37754,1.38497,1316
2021-02-14,1.38482,1.38712,1.38482,1.38687,118
2021-02-15,1.38685,1.39188,1.38653,1.39138,1433
2021-02-16,1.39135,1.39515,1.3869,1.3885,1439
2021-02-17,1.3885,1.39037,1.38294,1.38658,1433
2021-02-18,1.38657,1.39859,1.38395,1.3967,1434
2021-02-19,1.3967,1.40359,1.39511,1.40059,1313
2021-02-21,1.4011,1.40312,1.40058,1.40272,120
2021-02-22,1.40273,1.40861,1.39803,1.40673,1438
2021-02-23,1.40673,1.41203,1.40541,1.4119,1429
2021-02-24,1.4119,1.42415,1.40819,1.41461,1437
2021-02-25,1.41459,1.4182,1.4,1.40033,1439
2021-02-26,1.40035,1.40214,1.38876,1.39244,1320
2021-02-28,1.3929,1.39792,1.39286,1.39734,120
2021-03-01,1.39735,1.3999,1.39035,1.39285,1437
2021-03-02,1.39285,1.39768,1.38587,1.39536,1439
2021-03-03,1.39542,1.40061,1.39207,1.39208,1435
2021-03-04,1.39208,1.40171,1.38801,1.38933,1438
2021-03-05,1.3893,1.39062,1.37784,1.38357,1319
2021-03-07,1.38114,1.38654,1.38059,1.38505,119
2021-03-08,1.38505,1.3859,1.37999,1.38212,1438
2021-03-09,1.38213,1.39253,1.38016,1.3887,1437
2021-03-10,1.3887,1.39378,1.38453,1.393,1436
2021-03-11,1.393,1.39956,1.39186,1.39874,1438
2021-03-12,1.39872,1.40045,1.38632,1.39129,1317
2021-03-14,1.39143,1.39412,1.39122,1.39316,237
2021-03-15,1.39315,1.39495,1.3853,1.38841,1437
2021-03-16,1.3884,1.39059,1.38089,1.3893,1437
2021-03-17,1.38929,1.39776,1.38506,1.3969,1438
2021-03-18,1.39691,1.40012,1.38971,1.39068,1439
2021-03-19,1.39067,1.39591,1.38301,1.38662,1200
2021-03-21,1.3835,1.3847,1.38271,1.38289,237
2021-03-22,1.38288,1.38767,1.38174,1.385,1435
2021-03-23,1.38499,1.38535,1.37234,1.37336,1437
2021-03-24,1.37339,1.37394,1.36738,1.36971,1430
2021-03-25,1.3697,1.37578,1.367,1.375,1421
2021-03-26,1.37495,1.38123,1.37418,1.37855,1199
2021-03-28,1.37904,1.37966,1.37777,1.37931,117
2021-03-29,1.379,1.38469,1.37551,1.37739,1429
2021-03-30,1.37739,1.37831,1.37058,1.37457,1436
2021-03-31,1.37456,1.38116,1.3716,1.37854,1436
2021-04-01,1.37855,1.38373,1.37457,1.38332,1423
2021-04-02,1.38333,1.38521,1.38095,1.38272,1241
2021-04-04,1.3821,1.38318,1.38169,1.38298,171
2021-04-05,1.38295,1.39148,1.38126,1.39121,1425
2021-04-06,1.39121,1.39186,1.38017,1.38297,1436
2021-04-07,1.38299,1.38397,1.37241,1.37412,1431
2021-04-08,1.37413,1.37822,1.37185,1.3733,1429
2021-04-09,1.37333,1.37503,1.36696,1.37054,1253
2021-04-11,1.37025,1.37138,1.36962,1.37076,167
2021-04-12,1.37076,1.37766,1.36689,1.37532,1432
2021-04-13,1.37532,1.37688,1.36941,1.37586,1427
2021-04-14,1.37587,1.38085,1.37493,1.37775,1416
2021-04-15,1.37774,1.38088,1.37612,1.37831,1438
2021-04-16,1.37831,1.38437,1.37159,1.38261,1259
2021-04-18,1.3828,1.38365,1.38169,1.38173,180
2021-04-19,1.38175,1.39926,1.38094,1.39911,1428
2021-04-20,1.3991,1.40089,1.3926,1.39375,1431
2021-04-21,1.39377,1.39494,1.38853,1.39308,1424
2021-04-22,1.39305,1.39495,1.38234,1.38386,1429
2021-04-23,1.38387,1.38952,1.38352,1.38736,1258
2021-04-25,1.38668,1.38807,1.38642,1.38644,173
2021-04-26,1.38645,1.39292,1.38645,1.38943,1429
2021-04-27,1.38943,1.39239,1.38582,1.39027,1430
2021-04-28,1.39028,1.39564,1.38607,1.39539,1421
2021-04-29,1.39542,1.39764,1.39317,1.395,1434
2021-04-30,1.39501,1.39581,1.38023,1.38077,1255
2021-05-02,1.38116,1.38224,1.38063,1.38183,168
2021-05-03,1.38192,1.39315,1.38008,1.39028,1421
2021-05-04,1.39028,1.3905,1.38382,1.38869,1422
2021-05-05,1.38869,1.3926,1.38759,1.39083,1422
2021-05-06,1.39082,1.39405,1.38569,1.38953,1418
2021-05-07,1.38953,1.40056,1.38896,1.39811,1252
2021-05-09,1.40035,1.40442,1.39938,1.40402,177
2021-05-10,1.404,1.41582,1.40148,1.41306,1418
2021-05-11,1.41307,1.41665,1.41036,1.41352,1428
2021-05-12,1.41351,1.41527,1.40499,1.40619,1426
2021-05-13,1.4062,1.40778,1.40053,1.40457,1430
2021-05-14,1.40457,1.41108,1.40359,1.40945,1257
2021-05-16,1.40956,1.41041,1.40947,1.41006,160
2021-05-17,1.41004,1.41477,1.40769,1.41475,1426
2021-05-18,1.41475,1.422,1.41451,1.41869,1427
2021-05-19,1.41869,1.42004,1.40995,1.41069,1430
2021-05-20,1.41068,1.41938,1.41009,1.41846,1430
2021-05-21,1.41848,1.42336,1.41401,1.41409,1256
2021-05-23,1.41468,1.4157,1.41386,1.41398,163
2021-05-24,1.41397,1.41714,1.4111,1.41548,1427
2021-05-25,1.41549,1.42107,1.41153,1.41424,1433
2021-05-26,1.41424,1.41758,1.41119,1.41149,1428
2021-05-27,1.41146,1.42188,1.40913,1.42028,1437
2021-05-28,1.42029,1.42053,1.4136,1.41834,1259
2021-05-30,1.41793,1.41927,1.41788,1.4179,154
2021-05-31,1.41791,1.42003,1.41728,1.41961,239
2021-06-01,1.42265,1.42491,1.41452,1.41553,1427
2021-06-02,1.41552,1.4183,1.41115,1.41707,1404
2021-06-03,1.41709,1.42026,1.40861,1.41076,1409
2021-06-04,1.41077,1.42002,1.40827,1.41553,1259
2021-06-06,1.41544,1.41707,1.41474,1.41639,176
2021-06-07,1.41639,1.41906,1.4111,1.41753,1421
2021-06-08,1.41755,1.41843,1.41207,1.41487,1414
2021-06-09,1.41485,1.4189,1.41094,1.41107,1406
2021-06-10,1.41108,1.4178,1.4073,1.417,1422
2021-06-11,1.417,1.41851,1.40953,1.41056,1254
2021-06-13,1.40994,1.41188,1.40994,1.41173,162
2021-06-14,1.41172,1.41237,1.40699,1.4109,1434
2021-06-15,1.4109,1.41286,1.40341,1.40804,1433
2021-06-16,1.40803,1.41324,1.39802,1.39886,1440
2021-06-17,1.39887,1.40085,1.38955,1.39374,1432
2021-06-18,1.39375,1.3944,1.37914,1.38003,1259
2021-06-20,1.38068,1.38229,1.37948,1.38158,173
2021-06-21,1.38159,1.39369,1.37859,1.39238,1437
2021-06-22,1.39237,1.39633,1.386,1.39488,1427
2021-06-23,1.39486,1.40011,1.39237,1.39663,1430
2021-06-24,1.39664,1.39863,1.38892,1.39157,1419
2021-06-25,1.39158,1.39351,1.38711,1.38779,1259
2021-06-27,1.38794,1.38959,1.38744,1.38957,159
2021-06-28,1.38958,1.39393,1.38705,1.38782,1416
2021-06-29,1.38782,1.38802,1.38137,1.38398,1433
2021-06-30,1.38397,1.38726,1.37982,1.38279,1424
2021-07-01,1.3828,1.38342,1.37515,1.37585,1436
2021-07-02,1.37584,1.38444,1.37313,1.38244,1259
2021-07-04,1.38189,1.38369,1.38189,1.3831,160
2021-07-05,1.38309,1.38617,1.38167,1.38529,1406
2021-07-06,1.38529,1.38981,1.37727,1.38037,1421
2021-07-07,1.38038,1.38414,1.37537,1.37992,1426
2021-07-08,1.37996,1.38015,1.37414,1.37893,1434
2021-07-09,1.37899,1.39088,1.37552,1.38924,1260
2021-07-11,1.38911,1.39008,1.38844,1.38982,159
2021-07-12,1.38982,1.39097,1.38387,1.38858,1420
2021-07-13,1.38859,1.39051,1.37998,1.38052,1430
2021-07-14,1.38052,1.38917,1.38011,1.38558,1440
2021-07-15,1.38559,1.38988,1.38046,1.38277,1428
2021-07-16,1.38278,1.38617,1.37565,1.37565,1260
2021-07-18,1.37677,1.37706,1.37569,1.37629,166
2021-07-19,1.37631,1.37636,1.36545,1.36684,1429
2021-07-20,1.36685,1.36892,1.35717,1.3634,1432
2021-07-21,1.36339,1.37227,1.35908,1.37115,1427
2021-07-22,1.37114,1.37869,1.36904,1.37722,1419
2021-07-23,1.37722,1.37796,1.37196,1.37449,1257
2021-07-25,1.37503,1.37642,1.37491,1.37565,171
2021-07-26,1.37567,1.38333,1.37366,1.38257,1422
2021-07-27,1.38256,1.38941,1.37664,1.38817,1417
2021-07-28,1.38816,1.39109,1.3843,1.39055,1425
2021-07-29,1.39055,1.39816,1.38977,1.39632,1423
2021-07-30,1.39632,1.39832,1.38877,1.38959,1258
2021-08-01,1.38963,1.39037,1.38921,1.3895,153
2021-08-02,1.38952,1.39323,1.38753,1.38906,1435
2021-08-03,1.38905,1.39385,1.38823,1.39167,1433
2021-08-04,1.39166,1.39574,1.38849,1.38893,1423
2021-08-05,1.38892,1.39488,1.38719,1.3927,1415
2021-08-06,1.3927,1.39327,1.38608,1.38693,1254
2021-08-08,1.38702,1.38841,1.38578,1.38663,170
2021-08-09,1.38662,1.38942,1.38406,1.38465,1426
2021-08-10,1.38465,1.38721,1.38272,1.3835,1425
2021-08-11,1.3835,1.38875,1.38023,1.38661,1425
2021-08-12,1.38659,1.38782,1.37945,1.38106,1429
2021-08-13,1.38106,1.38749,1.37904,1.38576,1255
2021-08-15,1.38553,1.38727,1.38552,1.38634,157
2021-08-16,1.38631,1.38783,1.38277,1.38403,1419
2021-08-17,1.38404,1.38406,1.37231,1.37396,1422
2021-08-18,1.37395,1.37859,1.37309,1.37424,1422
2021-08-19,1.37431,1.37496,1.36275,1.36297,1430
2021-08-20,1.36298,1.3641,1.36019,1.36144,1258
2021-08-22,1.36156,1.36299,1.36096,1.3624,154
2021-08-23,1.36241,1.37319,1.3624,1.37228,1421
2021-08-24,1.37225,1.37474,1.36936,1.37243,1418
2021-08-25,1.37244,1.37664,1.36962,1.37639,1428
2021-08-26,1.37638,1.37675,1.36891,1.36998,1411
2021-08-27,1.36997,1.37807,1.36796,1.37544,1256
2021-08-29,1.37553,1.37655,1.37497,1.37622,163
2021-08-30,1.3762,1.37749,1.37337,1.37584,1413
2021-08-31,1.37583,1.38077,1.37426,1.37518,1434
2021-09-01,1.3752,1.3798,1.37309,1.37708,1429
2021-09-02,1.37708,1.38398,1.37668,1.38359,1420
2021-09-03,1.38359,1.38915,1.38177,1.386,1257
2021-09-05,1.38553,1.38677,1.38464,1.38572,172
2021-09-06,1.38575,1.38592,1.38181,1.38382,1419
2021-09-07,1.38381,1.38564,1.37674,1.37786,1420
2021-09-08,1.37785,1.37903,1.37261,1.37665,1427
2021-09-09,1.37664,1.38625,1.3753,1.3838,1434
2021-09-10,1.38384,1.38883,1.38258,1.38299,1259
2021-09-12,1.38303,1.38411,1.38303,1.38383,159
2021-09-13,1.38391,1.38508,1.37968,1.3837,1422
2021-09-14,1.38368,1.3913,1.38033,1.38076,1430
2021-09-15,1.38073,1.38536,1.37922,1.38478,1422
2021-09-16,1.38476,1.38493,1.37642,1.37974,1427
2021-09-17,1.37973,1.38125,1.37256,1.37283,1260
2021-09-19,1.37346,1.37487,1.37238,1.3728,168
2021-09-20,1.3728,1.37297,1.36405,1.36617,1436
2021-09-21,1.36616,1.36927,1.3641,1.36569,1436
2021-09-22,1.3657,1.36893,1.3609,1.36157,1437
2021-09-23,1.36157,1.37505,1.36119,1.37203,1433
2021-09-24,1.37204,1.37364,1.36576,1.3673,1254
2021-09-26,1.36617,1.36722,1.36603,1.36678,175
2021-09-27,1.36682,1.37287,1.36577,1.37002,1418
2021-09-28,1.37003,1.3717,1.35203,1.35411,1437
2021-09-29,1.35409,1.35544,1.34116,1.34267,1432
2021-09-30,1.34268,1.3517,1.34153,1.34683,1437
2021-10-01,1.34683,1.35753,1.34333,1.35423,1259
2021-10-03,1.35544,1.35754,1.35384,1.35696,175
2021-10-04,1.35698,1.36401,1.35314,1.36063,1431
2021-10-05,1.36067,1.36477,1.35841,1.36256,1435
2021-10-06,1.36255,1.36309,1.35436,1.35918,1426
2021-10-07,1.35917,1.36383,1.35702,1.36189,1430
2021-10-08,1.36192,1.36577,1.35832,1.36087,1259
2021-10-10,1.36171,1.36265,1.36085,1.36154,178
2021-10-11,1.36156,1.36735,1.35841,1.35907,1434
2021-10-12,1.35907,1.36371,1.35681,1.35763,1427
2021-10-13,1.35766,1.36686,1.35756,1.3668,1428
2021-10-14,1.36678,1.37341,1.36579,1.36679,1426
2021-10-15,1.36678,1.37731,1.36675,1.37439,1259
2021-10-17,1.37484,1.37649,1.37445,1.37603,177
2021-10-18,1.37604,1.37632,1.37088,1.37352,1423
2021-10-19,1.37355,1.38334,1.37353,1.3792,1429
2021-10-20,1.37922,1.38343,1.3742,1.38216,1435
2021-10-21,1.38214,1.38328,1.37759,1.37911,1430
2021-10-22,1.37912,1.38149,1.37354,1.37514,1260
2021-10-24,1.37455,1.37644,1.3737,1.37615,168
2021-10-25,1.37617,1.37918,1.37413,1.3763,1414
2021-10-26,1.37632,1.38293,1.37565,1.37651,1423
2021-10-27,1.37652,1.37808,1.37092,1.37314,1426
2021-10-28,1.37316,1.38149,1.37219,1.37983,1435
2021-10-29,1.37982,1.38035,1.36678,1.36762,1259
2021-10-31,1.36764,1.36888,1.36658,1.36747,220
2021-11-01,1.36748,1.3693,1.36416,1.36504,1431
2021-11-02,1.36504,1.36676,1.36053,1.36185,1428
2021-11-03,1.36186,1.36984,1.36072,1.36801,1424
2021-11-04,1.368,1.36827,1.34707,1.34979,1424
2021-11-05,1.34982,1.35086,1.3424,1.34928,1200
2021-11-07,1.34764,1.34924,1.34758,1.34901,117
2021-11-08,1.349,1.35795,1.34498,1.35632,1438
2021-11-09,1.35632,1.36071,1.35238,1.35594,1423
2021-11-10,1.35593,1.35645,1.34004,1.34118,1438
2021-11-11,1.34114,1.34327,1.33581,1.33646,1440
2021-11-12,1.33645,1.3426,1.33528,1.3414,1319
2021-11-14,1.34127,1.34191,1.3409,1.3416,117
2021-11-15,1.3416,1.34493,1.34027,1.34098,1433
2021-11-16,1.34097,1.34725,1.34097,1.34246,1437
2021-11-17,1.34246,1.3496,1.3396,1.34881,1435
2021-11-18,1.34882,1.35133,1.34636,1.34984,1433
2021-11-19,1.34984,1.35094,1.34072,1.34486,1319
2021-11-21,1.34495,1.34543,1.34295,1.34325,116
2021-11-22,1.34324,1.34494,1.3384,1.3397,1422
2021-11-23,1.33971,1.34091,1.33419,1.33745,1421
2021-11-24,1.33746,1.33896,1.33156,1.33292,1413
2021-11-25,1.33295,1.33533,1.33048,1.33124,1427
2021-11-26,1.33121,1.3365,1.3278,1.33283,1320
2021-11-28,1.33357,1.33433,1.33266,1.33401,118
2021-11-29,1.33402,1.33628,1.32872,1.33138,1439
2021-11-30,1.33138,1.33702,1.31943,1.32952,1427
2021-12-01,1.32954,1.33516,1.32613,1.32771,1435
2021-12-02,1.32772,1.33335,1.32711,1.32993,1428
2021-12-03,1.32994,1.33098,1.32084,1.32264,1320
2021-12-05,1.32136,1.32488,1.32136,1.32349,104
2021-12-06,1.32347,1.32861,1.3222,1.32619,1419
2021-12-07,1.3262,1.32892,1.32088,1.32449,1428
2021-12-08,1.32449,1.3261,1.31612,1.32085,1440
2021-12-09,1.32086,1.32243,1.31704,1.32237,1435
2021-12-10,1.32236,1.32751,1.31872,1.32683,1319
2021-12-12,1.32399,1.32602,1.32399,1.32568,120
2021-12-13,1.32567,1.32685,1.32069,1.32126,1427
2021-12-14,1.32127,1.32563,1.31907,1.32291,1434
2021-12-15,1.32293,1.32824,1.31715,1.32616,1428
2021-12-16,1.32615,1.33741,1.32411,1.3322,1431
2021-12-17,1.33225,1.33391,1.32303,1.3234,1319
2021-12-19,1.32366,1.32436,1.32217,1.32286,117
2021-12-20,1.32285,1.32441,1.3173,1.32088,1428
2021-12-21,1.32087,1.32706,1.31974,1.32678,1431
2021-12-22,1.32678,1.33631,1.32398,1.33501,1429
2021-12-23,1.33501,1.34377,1.33423,1.34029,1430
2021-12-24,1.34032,1.3419,1.33772,1.33821,1315
2021-12-26,1.33865,1.34063,1.33865,1.34019,113
2021-12-27,1.34022,1.34452,1.33912,1.34406,1432
2021-12-28,1.34408,1.34614,1.34148,1.34329,1428
2021-12-29,1.34329,1.34993,1.34082,1.34964,1424
2021-12-30,1.34962,1.35215,1.34538,1.34968,1431
2021-12-31,1.34969,1.355,1.34651,1.35208,1310
2022-01-02,1.35199,1.35338,1.35199,1.35216,106
2022-01-03,1.35209,1.35291,1.34304,1.3482,1431
2022-01-04,1.3482,1.3557,1.34592,1.35297,1428
2022-01-05,1.35296,1.35982,1.35221,1.35543,1422
2022-01-06,1.35543,1.35585,1.349,1.35323,1435
2022-01-07,1.35323,1.35969,1.3527,1.35827,1315
2022-01-09,1.35734,1.35934,1.35734,1.3591,109
2022-01-10,1.3591,1.36032,1.35317,1.35791,1429
2022-01-11,1.35791,1.36362,1.35612,1.36323,1434
2022-01-12,1.36321,1.37143,1.36205,1.37055,1432
2022-01-13,1.37054,1.37487,1.37004,1.37128,1430
2022-01-14,1.37128,1.37424,1.3653,1.36695,1320
2022-01-16,1.36744,1.36765,1.36654,1.36725,120
2022-01-17,1.36725,1.36895,1.36371,1.3647,1411
2022-01-18,1.36469,1.36611,1.35725,1.35993,1433
2022-01-19,1.35994,1.36486,1.35876,1.36082,1438
2022-01-20,1.36089,1.36616,1.35865,1.35964,1434
2022-01-21,1.35964,1.36019,1.35452,1.35504,1320
2022-01-23,1.3545,1.3555,1.35447,1.35546,111
2022-01-24,1.35549,1.3565,1.344,1.34882,1436
2022-01-25,1.34879,1.35184,1.34358,1.35092,1436
2022-01-26,1.35092,1.35245,1.34442,1.34667,1425
2022-01-27,1.34666,1.34668,1.33577,1.33872,1433
2022-01-28,1.33872,1.34327,1.33649,1.33901,1319
2022-01-30,1.33908,1.34045,1.33854,1.34022,118
2022-01-31,1.34022,1.346,1.33927,1.34441,1429
2022-02-01,1.3444,1.35278,1.3434,1.35243,1425
2022-02-02,1.35239,1.35874,1.35164,1.35641,1440
2022-02-03,1.35641,1.36275,1.35377,1.35974,1423
2022-02-04,1.35972,1.36144,1.35046,1.35211,1319
2022-02-06,1.35374,1.35483,1.35297,1.35324,117
2022-02-07,1.35325,1.35504,1.349,1.35366,1433
2022-02-08,1.35368,1.35636,1.35073,1.35464,1437
2022-02-09,1.35467,1.35891,1.35266,1.35322,1418
2022-02-10,1.35323,1.36432,1.3523,1.3549,1439
2022-02-11,1.35489,1.36094,1.35136,1.35557,1320
2022-02-13,1.35507,1.35711,1.35474,1.35685,120
2022-02-14,1.35684,1.35715,1.34948,1.35319,1439
2022-02-15,1.35318,1.35666,1.34862,1.35401,1433
2022-02-16,1.354,1.36009,1.35383,1.35815,1430
2022-02-17,1.35811,1.36378,1.35549,1.36141,1439
2022-02-18,1.36139,1.36425,1.35727,1.35839,1320
2022-02-20,1.35834,1.35971,1.35834,1.35907,119
2022-02-21,1.35909,1.36381,1.35814,1.35945,1434
2022-02-22,1.35945,1.36047,1.35381,1.35878,1432
2022-02-23,1.35878,1.36203,1.35355,1.35445,1431
2022-02-24,1.35444,1.35463,1.32726,1.33711,1438
2022-02-25,1.33712,1.34386,1.33665,1.34054,1320
2022-02-27,1.33093,1.33742,1.33069,1.33713,120
2022-02-28,1.33712,1.34314,1.33412,1.34216,1437
2022-03-01,1.34214,1.3437,1.33019,1.33348,1416
2022-03-02,1.33346,1.34073,1.32711,1.33963,1438
2022-03-03,1.33957,1.34176,1.33173,1.335,1435
2022-03-04,1.33497,1.33519,1.32019,1.32249,1320
2022-03-06,1.32241,1.32419,1.32006,1.32111,120
2022-03-07,1.32112,1.32281,1.31015,1.31127,1439
2022-03-08,1.31129,1.31444,1.30817,1.30981,1434
2022-03-09,1.3098,1.31896,1.30977,1.31843,1429
2022-03-10,1.31843,1.31945,1.3081,1.31018,1439
2022-03-11,1.31019,1.31246,1.30271,1.30343,1319
2022-03-13,1.30363,1.30523,1.30287,1.30453,237
2022-03-14,1.30451,1.3079,1.30005,1.30101,1437
2022-03-15,1.30101,1.30883,1.3,1.30377,1437
2022-03-16,1.30377,1.31593,1.30356,1.31591,1438
2022-03-17,1.31592,1.32106,1.30874,1.31604,1437
2022-03-18,1.31605,1.31967,1.31105,1.31758,1200
2022-03-20,1.31677,1.31772,1.31545,1.31632,227
2022-03-21,1.31631,1.321,1.31265,1.31374,1435
2022-03-22,1.31373,1.32747,1.31198,1.32703,1436
2022-03-23,1.32704,1.32984,1.31749,1.31988,1427
2022-03-24,1.3199,1.32139,1.31567,1.31884,1427
2022-03-25,1.31883,1.32246,1.3159,1.31787,1200
2022-03-27,1.31798,1.31866,1.31702,1.3172,119
2022-03-28,1.31726,1.31764,1.30665,1.30986,1434
2022-03-29,1.30985,1.31592,1.30506,1.30924,1431
2022-03-30,1.30925,1.31823,1.30881,1.31369,1431
2022-03-31,1.31369,1.31754,1.3106,1.31451,1440
2022-04-01,1.3145,1.31467,1.30862,1.31112,1260
2022-04-03,1.30894,1.31158,1.30893,1.31039,178
2022-04-04,1.31042,1.31367,1.30927,1.31123,1415
2022-04-05,1.31122,1.31666,1.30665,1.30763,1433
2022-04-06,1.30764,1.31078,1.30452,1.30688,1415
2022-04-07,1.30689,1.31063,1.30516,1.30684,1433
2022-04-08,1.30684,1.30769,1.29816,1.30305,1259
2022-04-10,1.3023,1.30394,1.3023,1.30295,174
2022-04-11,1.30294,1.30566,1.29885,1.30223,1432
2022-04-12,1.30224,1.30535,1.29937,1.30014,1427
2022-04-13,1.30015,1.31229,1.29728,1.31182,1436
2022-04-14,1.31184,1.31471,1.30332,1.30639,1437
2022-04-15,1.30638,1.3074,1.30435,1.30538,1257
2022-04-17,1.30439,1.30641,1.30439,1.30566,177
2022-04-18,1.30566,1.30576,1.30007,1.30073,1433
2022-04-19,1.30077,1.30405,1.29804,1.30135,1434
2022-04-20,1.30135,1.30734,1.29961,1.30678,1435
2022-04-21,1.30676,1.30899,1.30221,1.30241,1438
2022-04-22,1.30242,1.30327,1.28225,1.28343,1260
2022-04-24,1.28304,1.28401,1.28256,1.28278,171
2022-04-25,1.28277,1.28295,1.26971,1.27371,1438
2022-04-26,1.2737,1.27722,1.25597,1.25811,1439
2022-04-27,1.2581,1.26015,1.25024,1.25393,1435
2022-04-28,1.25392,1.25695,1.24108,1.24644,1438
2022-04-29,1.24644,1.26143,1.24644,1.25671,1260
2022-05-01,1.25794,1.25879,1.25691,1.25699,170
2022-05-02,1.257,1.2597,1.24725,1.24991,1433
2022-05-03,1.24991,1.25669,1.24702,1.24981,1438
2022-05-04,1.24979,1.26378,1.24512,1.26161,1440
2022-05-05,1.26161,1.26327,1.23247,1.2362,1432
2022-05-06,1.2362,1.238,1.22757,1.23386,1259
2022-05-08,1.23476,1.2349,1.23241,1.23252,179
2022-05-09,1.2325,1.24056,1.22608,1.23355,1438
2022-05-10,1.23355,1.23755,1.22914,1.23068,1421
2022-05-11,1.23065,1.24001,1.22316,1.22332,1440
2022-05-12,1.22331,1.22481,1.2165,1.22042,1427
2022-05-13,1.22043,1.22613,1.2155,1.22585,1260
2022-05-15,1.22369,1.22656,1.22369,1.22566,175
2022-05-16,1.22567,1.2329,1.22167,1.23254,1435
2022-05-17,1.23248,1.24988,1.23203,1.24867,1432
2022-05-18,1.24865,1.25008,1.23292,1.23437,1438
2022-05-19,1.23437,1.25244,1.23377,1.24624,1438
2022-05-20,1.24628,1.25,1.24373,1.24792,1260
2022-05-22,1.24707,1.25094,1.24707,1.25032,171
2022-05-23,1.25032,1.26007,1.24995,1.25669,1437
2022-05-24,1.25666,1.25981,1.24713,1.25409,1438
2022-05-25,1.25409,1.25942,1.24807,1.25856,1438
2022-05-26,1.25852,1.26206,1.25515,1.26166,1437
2022-05-27,1.26165,1.26663,1.25858,1.26275,1259
2022-05-29,1.26093,1.2635,1.26093,1.26239,166
2022-05-30,1.26239,1.26596,1.26159,1.26452,1437
2022-05-31,1.26452,1.26485,1.25601,1.26092,1433
2022-06-01,1.26092,1.26162,1.24584,1.24833,1428
2022-06-02,1.24833,1.25861,1.24691,1.2578,1419
2022-06-03,1.25779,1.25895,1.24845,1.24859,1260
2022-06-05,1.24913,1.25021,1.24862,1.24897,167
2022-06-06,1.249,1.25773,1.24763,1.25229,1435
2022-06-07,1.25229,1.25992,1.24299,1.25869,1426
2022-06-08,1.2587,1.25889,1.25129,1.25399,1437
2022-06-09,1.25398,1.25584,1.2486,1.24922,1429
2022-06-10,1.24921,1.25174,1.23008,1.23077,1260
2022-06-12,1.2313,1.232,1.22712,1.22763,174
2022-06-13,1.22763,1.23002,1.21067,1.21417,1432
2022-06-14,1.21419,1.22077,1.19332,1.20106,1432
2022-06-15,1.20106,1.22045,1.1989,1.21744,1431
2022-06-16,1.21741,1.2406,1.20403,1.23497,1430
2022-06-17,1.23497,1.23525,1.21723,1.22186,1260
2022-06-19,1.22189,1.22311,1.22069,1.22275,173
2022-06-20,1.22275,1.228,1.21989,1.22477,1432
2022-06-21,1.22475,1.23242,1.22446,1.22635,1432
2022-06-22,1.22634,1.23143,1.21606,1.22517,1432
2022-06-23,1.22513,1.22942,1.21695,1.22593,1432
2022-06-24,1.22594,1.23202,1.22403,1.22622,1260
2022-06-26,1.225,1.22964,1.22499,1.22821,161
2022-06-27,1.2282,1.23321,1.22378,1.22659,1437
2022-06-28,1.22658,1.22912,1.21746,1.21872,1436
2022-06-29,1.21871,1.22127,1.21056,1.21285,1432
2022-06-30,1.21284,1.2188,1.20916,1.21597,1437
2022-07-01,1.21597,1.2161,1.19757,1.20913,1259
2022-07-03,1.20989,1.21227,1.20958,1.20997,174
2022-07-04,1.20996,1.21648,1.20842,1.2113,1425
2022-07-05,1.21128,1.21251,1.18985,1.19506,1438
2022-07-06,1.19505,1.19891,1.18756,1.19214,1435
2022-07-07,1.19217,1.20333,1.19083,1.20286,1435
2022-07-08,1.20288,1.20554,1.19191,1.2029,1260
2022-07-10,1.20003,1.20369,1.20003,1.20168,174
2022-07-11,1.20175,1.20193,1.1866,1.18986,1440
2022-07-12,1.18987,1.19156,1.18072,1.18774,1439
2022-07-13,1.18774,1.19668,1.18271,1.18635,1439
2022-07-14,1.18634,1.18838,1.17599,1.18403,1437
2022-07-15,1.18401,1.18743,1.18042,1.18613,1260
2022-07-17,1.18634,1.18905,1.18624,1.18895,180
2022-07-18,1.18896,1.20334,1.18739,1.19484,1438
2022-07-19,1.19482,1.20452,1.19246,1.20018,1435
2022-07-20,1.20017,1.2037,1.19532,1.19674,1433
2022-07-21,1.19673,1.20036,1.18896,1.19949,1436
2022-07-22,1.19948,1.20639,1.19161,1.19972,1260
2022-07-24,1.19863,1.201,1.19846,1.19849,175
2022-07-25,1.19849,1.20864,1.196,1.20531,1439
2022-07-26,1.20535,1.20898,1.19635,1.2035,1439
2022-07-27,1.20352,1.21858,1.20203,1.21616,1438
2022-07-28,1.21616,1.21913,1.21029,1.21723,1439
2022-07-29,1.21724,1.22454,1.20627,1.21745,1259
2022-07-31,1.21616,1.21786,1.21561,1.21673,160
2022-08-01,1.21675,1.22931,1.21622,1.22566,1431
2022-08-02,1.22566,1.2279,1.21401,1.21428,1437
2022-08-03,1.21426,1.22075,1.20997,1.21375,1439
2022-08-04,1.21375,1.22147,1.20655,1.21578,1434
2022-08-05,1.21579,1.21687,1.2003,1.2067,1260
2022-08-07,1.2064,1.20713,1.20564,1.20605,178
2022-08-08,1.20604,1.21373,1.2047,1.20848,1438
2022-08-09,1.20847,1.21299,1.20627,1.2071,1436
2022-08-10,1.20708,1.22766,1.20645,1.22106,1435
2022-08-11,1.22106,1.22491,1.21818,1.21941,1432
2022-08-12,1.21942,1.22162,1.20993,1.21314,1260
2022-08-14,1.21294,1.21386,1.21262,1.21266,153
2022-08-15,1.21268,1.2148,1.20497,1.20558,1435
2022-08-16,1.20557,1.21175,1.20073,1.2094,1435
2022-08-17,1.20939,1.2143,1.20277,1.20447,1433
2022-08-18,1.20451,1.20793,1.19223,1.19298,1434
2022-08-19,1.19298,1.19327,1.17916,1.18224,1260
2022-08-21,1.18169,1.18311,1.18105,1.18184,162
2022-08-22,1.18183,1.18363,1.17416,1.17648,1437
2022-08-23,1.1765,1.18774,1.1717,1.18294,1431
2022-08-24,1.18294,1.18351,1.17552,1.17899,1425
2022-08-25,1.17898,1.18641,1.17832,1.18222,1423
2022-08-26,1.18224,1.19007,1.17317,1.17373,1260
2022-08-28,1.17293,1.17349,1.1683,1.1688,175
2022-08-29,1.16882,1.17438,1.16477,1.17211,1432
2022-08-30,1.17209,1.176,1.16212,1.16577,1430
2022-08-31,1.16578,1.16933,1.15935,1.15967,1432
2022-09-01,1.15967,1.16162,1.14984,1.15463,1431
2022-09-02,1.15464,1.15884,1.14955,1.15005,1260
2022-09-04,1.14807,1.1495,1.14654,1.14721,179
2022-09-05,1.14721,1.15666,1.14432,1.15639,1427
2022-09-06,1.15643,1.16089,1.14933,1.15103,1438
2022-09-07,1.15104,1.15409,1.14047,1.15215,1439
2022-09-08,1.15216,1.15605,1.14599,1.15198,1432
2022-09-09,1.15198,1.16477,1.15151,1.15876,1260
2022-09-11,1.16379,1.16389,1.16018,1.16195,177
2022-09-12,1.16194,1.17102,1.16001,1.16884,1436
2022-09-13,1.16886,1.17379,1.14814,1.15018,1436
2022-09-14,1.15018,1.15893,1.14797,1.15439,1435
2022-09-15,1.15439,1.15473,1.14505,1.14513,1433
2022-09-16,1.14513,1.14799,1.135,1.14187,1260
2022-09-18,1.14137,1.14406,1.14108,1.14336,162
2022-09-19,1.14336,1.14451,1.13549,1.14442,1432
2022-09-20,1.14443,1.14605,1.1357,1.13801,1439
2022-09-21,1.13802,1.13842,1.1235,1.12565,1438
2022-09-22,1.12566,1.13638,1.12113,1.12621,1437
2022-09-23,1.12619,1.12739,1.08387,1.08474,1260
2022-09-25,1.07935,1.08459,1.07795,1.07924,179
2022-09-26,1.07923,1.09298,1.03261,1.07658,1439
2022-09-27,1.07655,1.08374,1.06583,1.07251,1434
2022-09-28,1.0725,1.09156,1.05389,1.08303,1426
2022-09-29,1.08303,1.12038,1.07615,1.11707,1440
2022-09-30,1.11706,1.12335,1.10246,1.11538,1260
2022-10-02,1.11504,1.11943,1.11271,1.11342,169
2022-10-03,1.11345,1.13412,1.10851,1.13374,1423
2022-10-04,1.13373,1.14894,1.128,1.14497,1434
2022-10-05,1.14498,1.14951,1.12264,1.13554,1438
2022-10-06,1.13556,1.13833,1.11124,1.11605,1438
2022-10-07,1.11603,1.12249,1.1055,1.10934,1260
2022-10-09,1.10891,1.1093,1.10609,1.10719,164
2022-10-10,1.10721,1.11106,1.10191,1.10783,1435
2022-10-11,1.10788,1.11794,1.0952,1.09632,1436
2022-10-12,1.09637,1.11336,1.09227,1.11001,1437
2022-10-13,1.11,1.138,1.10565,1.13009,1436
2022-10-14,1.13007,1.13661,1.11511,1.1178,1260
2022-10-16,1.12325,1.12476,1.1209,1.12408,179
2022-10-17,1.12408,1.14343,1.12151,1.1351,1427
2022-10-18,1.13513,1.14106,1.12551,1.13417,1434
2022-10-19,1.13417,1.13504,1.11846,1.12062,1437
2022-10-20,1.1206,1.1336,1.11709,1.1221,1437
2022-10-21,1.12218,1.13144,1.10601,1.12956,1260
2022-10-23,1.13928,1.14081,1.1307,1.13351,177
2022-10-24,1.13358,1.13818,1.12574,1.13051,1437
2022-10-25,1.13053,1.14988,1.12704,1.14578,1437
2022-10-26,1.1458,1.164,1.14299,1.16385,1436
2022-10-27,1.16383,1.16449,1.15483,1.15638,1418
2022-10-28,1.15638,1.16235,1.15035,1.16127,1260
2022-10-30,1.15783,1.1613,1.15764,1.16066,224
2022-10-31,1.16065,1.16112,1.14578,1.14798,1437
2022-11-01,1.14797,1.15659,1.14365,1.15065,1435
2022-11-02,1.15065,1.15644,1.13744,1.13931,1440
2022-11-03,1.13932,1.14216,1.11487,1.11829,1437
2022-11-04,1.1183,1.13818,1.1145,1.13764,1196
2022-11-06,1.13054,1.13412,1.13027,1.13308,118
2022-11-07,1.13307,1.15413,1.12899,1.15129,1437
2022-11-08,1.15129,1.15988,1.14297,1.15507,1439
2022-11-09,1.15508,1.15664,1.13334,1.13676,1435
2022-11-10,1.13673,1.17311,1.13626,1.16938,1438
2022-11-11,1.16937,1.18543,1.16466,1.18295,1320
2022-11-13,1.18099,1.18118,1.17637,1.17958,117
2022-11-14,1.17958,1.18283,1.17098,1.17507,1435
2022-11-15,1.17511,1.20285,1.17404,1.18785,1440
2022-11-16,1.18787,1.19417,1.18309,1.19135,1438
2022-11-17,1.19136,1.19576,1.17622,1.18584,1440
2022-11-18,1.18582,1.19503,1.1858,1.18883,1320
2022-11-20,1.18948,1.18976,1.18761,1.18841,120
2022-11-21,1.18837,1.18856,1.17779,1.18258,1430
2022-11-22,1.18257,1.19022,1.1822,1.1893,1439
2022-11-23,1.1893,1.20804,1.1872,1.20757,1438
2022-11-24,1.20756,1.2153,1.20577,1.21115,1437
2022-11-25,1.21116,1.21269,1.20577,1.20867,1320
2022-11-27,1.20626,1.20748,1.20502,1.20534,120
2022-11-28,1.20527,1.21175,1.19398,1.19588,1440
2022-11-29,1.1959,1.20639,1.19414,1.19455,1438
2022-11-30,1.19457,1.20879,1.18999,1.20744,1438
2022-12-01,1.20743,1.23098,1.20693,1.22578,1437
2022-12-02,1.22578,1.22997,1.21338,1.22772,1320
2022-12-04,1.22667,1.22959,1.22649,1.2295,115
2022-12-05,1.22948,1.23441,1.2161,1.21915,1437
2022-12-06,1.21916,1.22689,1.21264,1.21321,1430
2022-12-07,1.2132,1.22343,1.21058,1.22089,1434
2022-12-08,1.22089,1.22467,1.21542,1.22334,1435
2022-12-09,1.22334,1.23221,1.22017,1.22654,1320
2022-12-11,1.22531,1.22637,1.22325,1.22349,114
2022-12-12,1.22349,1.22983,1.22054,1.22686,1418
2022-12-13,1.22686,1.24432,1.22477,1.2354,1318
2022-12-14,1.2354,1.24464,1.23414,1.24179,1432
2022-12-15,1.24179,1.24256,1.21558,1.21902,1437
2022-12-16,1.21902,1.22225,1.21193,1.21345,1320
2022-12-18,1.21458,1.2169,1.21445,1.2159,117
2022-12-19,1.2159,1.22416,1.212,1.21536,1431
2022-12-20,1.21536,1.22234,1.20847,1.21875,1433
2022-12-21,1.21878,1.21896,1.20548,1.20759,1440
2022-12-22,1.20759,1.21473,1.19919,1.20366,1427
2022-12-23,1.20372,1.20899,1.2018,1.20335,1320
2022-12-25,1.20551,1.20648,1.20483,1.20604,53
2022-12-26,1.20601,1.20916,1.20475,1.20819,1363
2022-12-27,1.20818,1.2112,1.20021,1.20256,1433
2022-12-28,1.20261,1.21254,1.20018,1.20277,1439
2022-12-29,1.2028,1.20783,1.20141,1.20547,1437
2022-12-30,1.2055,1.21071,1.20093,1.20963,1319
2023-01-01,1.20615,1.20959,1.20494,1.20926,40
2023-01-02,1.20921,1.21004,1.20325,1.20625,1424
2023-01-03,1.20624,1.20847,1.18999,1.19657,1432
2023-01-04,1.19658,1.20875,1.19651,1.20556,1433
2023-01-05,1.20556,1.20779,1.18729,1.19078,1425
2023-01-06,1.19075,1.20989,1.18408,1.20874,1320
2023-01-08,1.20793,1.212,1.20792,1.21195,112
2023-01-09,1.21196,1.22096,1.2093,1.21832,1430
2023-01-10,1.21833,1.21978,1.21096,1.21527,1428
2023-01-11,1.21528,1.2178,1.20999,1.21578,1434
2023-01-12,1.2158,1.22465,1.20879,1.22159,1431
2023-01-13,1.22158,1.22483,1.21498,1.2223,1320
2023-01-15,1.22125,1.22332,1.22104,1.22222,109
2023-01-16,1.22221,1.22887,1.21711,1.22075,1432
2023-01-17,1.2208,1.23001,1.21688,1.22826,1437
2023-01-18,1.22827,1.24355,1.22536,1.23458,1437
2023-01-19,1.23464,1.23977,1.23126,1.23916,1434
2023-01-20,1.23913,1.2404,1.2335,1.23942,1320
2023-01-22,1.24006,1.24139,1.23971,1.24058,111
2023-01-23,1.24058,1.24476,1.23231,1.23779,1437
2023-01-24,1.23781,1.24134,1.22628,1.23309,1439
2023-01-25,1.23311,1.24179,1.22828,1.24097,1439
2023-01-26,1.24097,1.24302,1.23441,1.24134,1440
2023-01-27,1.24135,1.24184,1.2345,1.2396,1320
2023-01-29,1.23882,1.24005,1.2376,1.23995,114
2023-01-30,1.23997,1.24173,1.23365,1.23493,1439
2023-01-31,1.23495,1.23708,1.22838,1.23078,1440
2023-02-01,1.23077,1.2401,1.22719,1.23866,1436
2023-02-02,1.23865,1.24,1.22188,1.22205,1440
2023-02-03,1.22205,1.22651,1.20471,1.20531,1320
2023-02-05,1.2033,1.20565,1.20301,1.20427,120
2023-02-06,1.20428,1.20771,1.20051,1.20254,1435
2023-02-07,1.20254,1.20948,1.19608,1.20534,1380
2023-02-08,1.20534,1.21092,1.20379,1.20697,1438
2023-02-09,1.20698,1.21936,1.20562,1.2115,1440
2023-02-10,1.21151,1.2139,1.20468,1.20575,1320
2023-02-12,1.20656,1.20656,1.20458,1.20506,103
2023-02-13,1.20505,1.21519,1.20305,1.21498,1438
2023-02-14,1.21498,1.22696,1.2117,1.21734,1440
2023-02-15,1.21735,1.21812,1.19894,1.20364,1434
2023-02-16,1.20364,1.20737,1.19651,1.19735,1438
2023-02-17,1.19737,1.20491,1.19145,1.20297,1320
2023-02-19,1.20254,1.20342,1.20242,1.20322,58
2023-02-20,1.20284,1.20564,1.20143,1.20378,1010
2023-02-21,1.20378,1.21423,1.19854,1.21062,1019
2023-02-22,1.21087,1.2135,1.20351,1.20434,1017
2023-02-23,1.20465,1.20744,1.20058,1.20165,1019
2023-02-24,1.20162,1.20414,1.19279,1.19426,960
2023-02-26,1.19436,1.19541,1.19433,1.19489,60
2023-02-27,1.19492,1.20672,1.1922,1.20616,1020
2023-02-28,1.20618,1.21428,1.20265,1.20326,1020
2023-03-01,1.20324,1.20884,1.19647,1.20259,1020
2023-03-02,1.20259,1.20362,1.19248,1.19492,1019
2023-03-03,1.19487,1.20482,1.19475,1.20441,960
2023-03-05,1.20325,1.20371,1.20266,1.20269,60
2023-03-06,1.20268,1.20483,1.19925,1.20244,1020
2023-03-07,1.20242,1.20649,1.18242,1.18299,1016
2023-03-08,1.18265,1.18586,1.18024,1.18486,1018
2023-03-09,1.18488,1.19385,1.18316,1.19213,1003
2023-03-10,1.19223,1.20838,1.19072,1.2025,960
2023-03-12,1.20864,1.20983,1.20653,1.20732,120
2023-03-13,1.20732,1.21983,1.20459,1.21613,1020
2023-03-14,1.21614,1.22015,1.21352,1.21545,1017
2023-03-15,1.21543,1.21815,1.20097,1.20749,1020
2023-03-16,1.20749,1.21275,1.20265,1.21116,1020
2023-03-17,1.21113,1.21992,1.21063,1.21697,840
2023-03-19,1.22037,1.22053,1.21767,1.21922,180
2023-03-20,1.21921,1.2282,1.21666,1.22737,1019
2023-03-21,1.22737,1.22764,1.21784,1.22196,1019
2023-03-22,1.22198,1.23346,1.22079,1.22913,960
2023-03-23,1.22913,1.23432,1.22612,1.22815,960
2023-03-24,1.22815,1.22884,1.21959,1.22278,840
2023-03-26,1.22224,1.22449,1.22224,1.22439,119
2023-03-27,1.22443,1.22909,1.22186,1.22852,1019
2023-03-28,1.2296,1.2346,1.22807,1.23298,1080
2023-03-29,1.23299,1.23614,1.23023,1.23097,1019
2023-03-30,1.23097,1.23923,1.2293,1.23865,1019
2023-03-31,1.23862,1.24227,1.23282,1.23354,900
2023-04-02,1.23274,1.23307,1.22836,1.22855,100
2023-04-03,1.22856,1.2425,1.2274,1.24196,1019
2023-04-04,1.24198,1.2525,1.23947,1.24983,1020
2023-04-05,1.24984,1.25141,1.24323,1.24644,1019
2023-04-06,1.24617,1.24867,1.2416,1.24375,1017
2023-04-09,1.2417,1.24276,1.24169,1.24261,60
2023-04-10,1.24303,1.24423,1.23495,1.23909,1015
2023-04-11,1.23907,1.24528,1.23863,1.2429,1020
2023-04-12,1.24288,1.24949,1.23992,1.24878,1019
2023-04-13,1.24915,1.2535,1.24774,1.25211,1020
2023-04-14,1.25238,1.25459,1.24046,1.24107,959
2023-04-16,1.24163,1.24163,1.24048,1.24069,60
2023-04-17,1.24008,1.24378,1.23528,1.23729,1015
2023-04-18,1.2373,1.24482,1.23672,1.24243,1019
2023-04-19,1.24242,1.2474,1.23985,1.24296,1019
2023-04-20,1.24278,1.24603,1.24044,1.24396,1020
2023-04-21,1.24396,1.24459,1.23666,1.24293,900
2023-04-23,1.24359,1.24518,1.24341,1.24472,113
2023-04-24,1.2447,1.24994,1.24102,1.24986,1017
2023-04-25,1.24985,1.25066,1.23863,1.24146,1019
2023-04-26,1.24139,1.2515,1.24022,1.24665,1017
2023-04-27,1.24704,1.24979,1.244,1.24965,1018
2023-04-28,1.24965,1.25837,1.24465,1.25675,960
2023-04-30,1.25538,1.25662,1.25538,1.25575,110
2023-05-01,1.25574,1.25689,1.24835,1.24843,1019
2023-05-02,1.2484,1.2512,1.24358,1.24711,1020
2023-05-03,1.24762,1.25771,1.24676,1.25649,1020
2023-05-04,1.25685,1.25984,1.25485,1.25815,1020
2023-05-05,1.25826,1.26522,1.25681,1.2624,960
2023-05-07,1.26264,1.26351,1.26247,1.26279,60
2023-05-08,1.26294,1.26685,1.26103,1.26119,1080
2023-05-09,1.26121,1.26398,1.25845,1.26228,1020
2023-05-10,1.26238,1.26773,1.26022,1.26252,1018
2023-05-11,1.26251,1.26403,1.24962,1.25118,959
2023-05-12,1.25072,1.25402,1.24444,1.24506,900
2023-05-14,1.24485,1.24498,1.24432,1.24477,58
2023-05-15,1.24506,1.25342,1.24449,1.25281,1020
2023-05-16,1.25243,1.25461,1.24651,1.24835,1018
2023-05-17,1.24837,1.25074,1.24212,1.24872,1015
2023-05-18,1.2482,1.24926,1.23944,1.24109,1020
2023-05-19,1.24109,1.24705,1.23916,1.24411,960
2023-05-21,1.24449,1.24584,1.24444,1.24514,60
2023-05-22,1.24605,1.24719,1.24135,1.24361,1020
2023-05-23,1.24336,1.24464,1.23763,1.24161,1019
2023-05-24,1.2416,1.24691,1.23578,1.23674,1017
2023-05-25,1.23697,1.23867,1.23085,1.23244,1020
2023-05-26,1.23163,1.23952,1.23105,1.23512,900
2023-05-28,1.23459,1.23487,1.2343,1.23447,60
2023-05-29,1.23448,1.23714,1.23348,1.2347,1007
2023-05-30,1.23471,1.24461,1.23267,1.24073,1020
2023-05-31,1.24119,1.24492,1.23476,1.24447,1020
2023-06-01,1.24445,1.25394,1.24006,1.25262,1017
2023-06-02,1.25261,1.25443,1.24474,1.24498,900
2023-06-04,1.24456,1.24484,1.24356,1.24356,59
2023-06-05,1.24301,1.24394,1.23731,1.24319,1018
2023-06-06,1.24318,1.24584,1.23915,1.24288,1014
2023-06-07,1.24287,1.24997,1.23946,1.24371,1018
2023-06-08,1.24441,1.256,1.24411,1.25597,1015
2023-06-09,1.25577,1.25871,1.25338,1.25767,900
2023-06-11,1.25644,1.25827,1.25558,1.25748,112
2023-06-12,1.25799,1.25992,1.2488,1.25112,1019
2023-06-13,1.25143,1.2624,1.25131,1.26094,1019
2023-06-14,1.26059,1.26987,1.26005,1.26602,1020
2023-06-15,1.26706,1.27872,1.26292,1.27865,1020
2023-06-16,1.27843,1.28481,1.27678,1.28173,960
2023-06-18,1.28255,1.28325,1.28249,1.283,59
2023-06-19,1.28309,1.28368,1.27702,1.27926,1013
2023-06-20,1.27926,1.28058,1.27132,1.27631,1020
2023-06-21,1.27651,1.28017,1.26992,1.27701,1019
2023-06-22,1.27702,1.27975,1.27323,1.2746,959
2023-06-23,1.27462,1.27486,1.26851,1.27183,900
2023-06-25,1.27057,1.27237,1.27034,1.27221,115
2023-06-26,1.27285,1.27484,1.26877,1.27135,1018
2023-06-27,1.27105,1.27579,1.2703,1.27467,1020
2023-06-28,1.27452,1.27516,1.26082,1.26367,1016
2023-06-29,1.26415,1.26666,1.25973,1.26108,1019
2023-06-30,1.26129,1.2722,1.2599,1.26949,900
2023-07-02,1.26921,1.27044,1.26921,1.26967,60
2023-07-03,1.26931,1.27229,1.26582,1.26918,1015
2023-07-04,1.26917,1.27361,1.26831,1.2717,1018
2023-07-05,1.27169,1.27327,1.26914,1.27037,1071
2023-07-06,1.27041,1.27789,1.26884,1.27413,1020
2023-07-07,1.27412,1.28489,1.27255,1.28389,900
2023-07-09,1.28309,1.28412,1.28304,1.28365,60
2023-07-10,1.28375,1.28681,1.27502,1.28635,1014
2023-07-11,1.28634,1.29334,1.28575,1.29287,952
2023-07-12,1.29334,1.30001,1.29038,1.29905,1020
2023-07-13,1.29956,1.31406,1.29828,1.31278,1019
2023-07-14,1.31278,1.31421,1.3092,1.30932,900
2023-07-16,1.30919,1.30926,1.30861,1.30891,60
2023-07-17,1.30892,1.31089,1.30533,1.30712,1020
2023-07-18,1.30712,1.31249,1.30291,1.30332,1019
2023-07-19,1.30331,1.30385,1.28815,1.2937,1020
2023-07-20,1.2937,1.29643,1.28401,1.28722,1016
2023-07-21,1.28724,1.29038,1.28156,1.28515,960
2023-07-23,1.28487,1.28579,1.28487,1.28528,59
2023-07-24,1.28519,1.28834,1.27976,1.28183,1020
2023-07-25,1.28116,1.29028,1.28091,1.28929,1019
2023-07-26,1.28927,1.29585,1.2875,1.29267,1020
2023-07-27,1.29268,1.29953,1.27814,1.27928,1020
2023-07-28,1.27928,1.28875,1.27626,1.28455,959
2023-07-30,1.28381,1.28581,1.28381,1.2853,173
2023-07-31,1.28531,1.28724,1.2828,1.28312,1437
2023-08-01,1.28312,1.28385,1.27407,1.27941,1437
2023-08-02,1.27944,1.27986,1.26802,1.27185,1438
2023-08-03,1.27183,1.27278,1.26202,1.27151,1436
2023-08-04,1.27153,1.27918,1.26857,1.27426,1260
2023-08-06,1.27512,1.27618,1.27382,1.27483,168
2023-08-07,1.27484,1.27888,1.27127,1.27809,1429
2023-08-08,1.2781,1.27853,1.26838,1.27429,1440
2023-08-09,1.27429,1.27819,1.27116,1.27192,1438
2023-08-10,1.2719,1.28185,1.26689,1.26697,1436
2023-08-11,1.26694,1.27382,1.26655,1.269,1260
2023-08-13,1.26916,1.27031,1.26861,1.26936,177
2023-08-14,1.26937,1.27146,1.26163,1.26855,1438
2023-08-15,1.26853,1.27521,1.26748,1.27001,1437
2023-08-16,1.27001,1.27661,1.26866,1.27272,1438
2023-08-17,1.27271,1.27871,1.27023,1.27468,1435
2023-08-18,1.27468,1.27655,1.26889,1.27278,1260
2023-08-20,1.27285,1.2741,1.27283,1.27407,177
2023-08-21,1.27406,1.27665,1.271,1.27593,1434
2023-08-22,1.27593,1.28001,1.27182,1.27309,1440
2023-08-23,1.27309,1.27644,1.26143,1.27196,1438
2023-08-24,1.27195,1.27283,1.25855,1.25921,1439
2023-08-25,1.2592,1.26539,1.25476,1.25723,1259
2023-08-27,1.25809,1.25892,1.25756,1.2589,176
2023-08-28,1.25888,1.26151,1.25653,1.26105,1439
2023-08-29,1.26104,1.26547,1.25624,1.26354,1437
2023-08-30,1.26353,1.2746,1.26184,1.27107,1438
2023-08-31,1.27107,1.2734,1.26522,1.26706,1434
2023-09-01,1.26705,1.27127,1.2577,1.25831,1258
2023-09-03,1.25893,1.25928,1.25859,1.25908,173
2023-09-04,1.25905,1.26423,1.25873,1.26218,1397
2023-09-05,1.26219,1.26316,1.25276,1.25691,1433
2023-09-06,1.25692,1.25876,1.24815,1.24979,1431
2023-09-07,1.24978,1.25079,1.24455,1.24748,1433
2023-09-08,1.24749,1.2514,1.24508,1.24652,1260
2023-09-10,1.24922,1.24922,1.24661,1.24879,178
2023-09-11,1.24884,1.25477,1.24817,1.25073,1436
2023-09-12,1.25075,1.25298,1.24592,1.24905,1439
2023-09-13,1.24905,1.25114,1.24339,1.24891,1431
2023-09-14,1.24891,1.25058,1.2396,1.24004,1425
2023-09-15,1.24005,1.24455,1.23765,1.23765,1255
2023-09-17,1.23825,1.23975,1.23807,1.23968,163
2023-09-18,1.23968,1.24102,1.237,1.23827,1431
2023-09-19,1.23827,1.24247,1.23697,1.23926,1434
2023-09-20,1.23926,1.24211,1.23234,1.23267,1434
2023-09-21,1.23267,1.23311,1.2233,1.22924,1437
2023-09-22,1.22925,1.22932,1.22303,1.22371,1260
2023-09-24,1.22467,1.22527,1.22361,1.22407,176
2023-09-25,1.22406,1.22499,1.21932,1.22123,1384
2023-09-26,1.22124,1.22146,1.21434,1.21456,1434
2023-09-27,1.21456,1.21642,1.21101,1.21349,1437
2023-09-28,1.21351,1.22244,1.21198,1.2204,1436
2023-09-29,1.22038,1.22715,1.21799,1.21942,1260
2023-10-01,1.21936,1.22055,1.21799,1.21924,176
2023-10-02,1.21927,1.22195,1.20838,1.20897,1438
2023-10-03,1.20897,1.21015,1.2052,1.20771,1435
2023-10-04,1.20772,1.21765,1.20369,1.21365,1437
2023-10-05,1.21365,1.21956,1.21074,1.21868,1436
2023-10-06,1.21868,1.2261,1.21053,1.22323,1260
2023-10-08,1.22017,1.2221,1.21988,1.22191,174
2023-10-09,1.22191,1.22516,1.21628,1.22491,1439
2023-10-10,1.22489,1.22943,1.22114,1.22889,1436
2023-10-11,1.22889,1.23371,1.2268,1.23148,1436
2023-10-12,1.23146,1.23315,1.21702,1.21823,1438
2023-10-13,1.21823,1.2225,1.21223,1.21358,1259
2023-10-15,1.21416,1.21568,1.21319,1.21543,177
2023-10-16,1.21545,1.22193,1.21423,1.22112,1439
2023-10-17,1.22112,1.22155,1.21326,1.21778,1435
2023-10-18,1.21776,1.22108,1.21368,1.21411,1439
2023-10-19,1.21411,1.21914,1.20897,1.21351,1438
2023-10-20,1.21351,1.217,1.20929,1.21559,1258
2023-10-22,1.215,1.21659,1.215,1.2163,171
2023-10-23,1.2163,1.22582,1.2143,1.22487,1437
2023-10-24,1.22488,1.22885,1.21529,1.21618,1439
2023-10-25,1.21618,1.21756,1.20944,1.21017,1439
2023-10-26,1.2102,1.21393,1.20691,1.21358,1435
2023-10-27,1.21354,1.21622,1.21052,1.21178,1260
2023-10-29,1.21265,1.21265,1.21056,1.211,234
2023-10-30,1.21102,1.21743,1.20899,1.21594,1435
2023-10-31,1.21594,1.22003,1.21191,1.2139,1438
2023-11-01,1.21389,1.21937,1.20955,1.21934,1440
2023-11-02,1.21935,1.22253,1.21549,1.21887,1438
2023-11-03,1.21889,1.23892,1.21842,1.23772,1200
2023-11-05,1.23627,1.23769,1.23619,1.23717,117
2023-11-06,1.23718,1.24282,1.23378,1.23432,1440
2023-11-07,1.23432,1.23467,1.22621,1.22908,1439
2023-11-08,1.22905,1.23011,1.22414,1.22848,1434
2023-11-09,1.22852,1.23083,1.22124,1.22157,1438
2023-11-10,1.22156,1.22376,1.21868,1.22237,1320
2023-11-12,1.21964,1.22315,1.21964,1.22293,115
2023-11-13,1.22292,1.22804,1.22229,1.22794,1439
2023-11-14,1.22795,1.25058,1.2265,1.24928,1434
2023-11-15,1.2493,1.24973,1.24034,1.24213,1438
2023-11-16,1.24213,1.24557,1.23761,1.24139,1429
2023-11-17,1.24141,1.24645,1.23736,1.24564,1320
2023-11-19,1.24467,1.24619,1.24467,1.24528,117
2023-11-20,1.2453,1.25172,1.24455,1.25078,1440
2023-11-21,1.25079,1.2559,1.25042,1.25426,1440
2023-11-22,1.25426,1.25493,1.24488,1.24887,1439
2023-11-23,1.24887,1.25683,1.24885,1.25324,1406
2023-11-24,1.25324,1.2615,1.2524,1.26016,1314
2023-11-26,1.25969,1.26047,1.25969,1.25992,117
2023-11-27,1.25993,1.2644,1.25906,1.26342,1440
2023-11-28,1.26342,1.27147,1.26063,1.27121,1435
2023-11-29,1.27122,1.27329,1.26644,1.26947,1436
2023-11-30,1.26946,1.27104,1.2603,1.26307,1431
2023-12-01,1.26305,1.27157,1.26137,1.27036,1319
2023-12-03,1.26843,1.2724,1.26843,1.27103,120
2023-12-04,1.27105,1.27118,1.26034,1.26328,1440
2023-12-05,1.2633,1.26516,1.25769,1.25938,1439
2023-12-06,1.25939,1.26133,1.25512,1.25573,1438
2023-12-07,1.25574,1.26123,1.2544,1.25866,1439
2023-12-08,1.25867,1.2601,1.2502,1.25445,1320
2023-12-10,1.25306,1.25539,1.25261,1.25539,116
2023-12-11,1.25538,1.25907,1.25344,1.25528,1437
2023-12-12,1.25529,1.26152,1.25137,1.25684,1439
2023-12-13,1.25685,1.26344,1.24999,1.26206,1439
2023-12-14,1.26206,1.27937,1.26118,1.27705,1440
2023-12-15,1.27704,1.27901,1.26681,1.26738,1319
2023-12-17,1.26746,1.26781,1.26659,1.26708,116
2023-12-18,1.2671,1.27036,1.26284,1.26523,1436
2023-12-19,1.26525,1.27615,1.26491,1.27297,1437
2023-12-20,1.27297,1.27299,1.26245,1.26398,1439
2023-12-21,1.26397,1.26958,1.26119,1.26826,1440
2023-12-22,1.26825,1.27438,1.26785,1.26945,1319
2023-12-25,1.27061,1.27132,1.26733,1.27034,340
2023-12-26,1.27035,1.27298,1.26841,1.27258,1439
2023-12-27,1.27255,1.28026,1.26983,1.27996,1439
2023-12-28,1.27995,1.28272,1.27121,1.27339,1437
2023-12-29,1.2734,1.27723,1.27,1.27305,1319
2024-01-01,1.27184,1.27347,1.27155,1.27274,114
2024-01-02,1.27275,1.27596,1.26105,1.2622,1439
2024-01-03,1.26221,1.26761,1.26156,1.26727,1435
2024-01-04,1.26727,1.27296,1.26565,1.26807,1431
2024-01-05,1.26807,1.27707,1.26106,1.27173,1320
2024-01-07,1.27018,1.27192,1.27018,1.27169,110
2024-01-08,1.27169,1.27668,1.26729,1.27411,1437
2024-01-09,1.27411,1.27647,1.2689,1.27102,1436
2024-01-10,1.27104,1.27448,1.26859,1.27442,1435
2024-01-11,1.27441,1.27849,1.26898,1.27782,1440
2024-01-12,1.27783,1.27854,1.27192,1.27473,1320
2024-01-14,1.27373,1.27508,1.27347,1.2735,117
2024-01-15,1.27352,1.27649,1.27127,1.27151,1417
2024-01-16,1.27152,1.27164,1.2619,1.26376,1438
2024-01-17,1.26376,1.26958,1.25963,1.2677,1440
2024-01-18,1.26769,1.27118,1.26478,1.27109,1440
2024-01-19,1.27109,1.27143,1.26608,1.2702,1259
2024-01-21,1.26789,1.27083,1.26789,1.26992,111
2024-01-22,1.26991,1.27325,1.26865,1.27057,1438
2024-01-23,1.27055,1.27467,1.26488,1.26907,1437
2024-01-24,1.26908,1.27745,1.26852,1.27173,1436
2024-01-25,1.27175,1.27424,1.26813,1.27057,1438
2024-01-26,1.27058,1.27582,1.26751,1.27025,1320
2024-01-28,1.26959,1.27037,1.26897,1.26962,118
2024-01-29,1.26962,1.27184,1.26617,1.27118,1438
2024-01-30,1.27119,1.27207,1.26399,1.26943,1439
2024-01-31,1.26943,1.27505,1.26576,1.26794,1435
2024-02-01,1.26792,1.27554,1.26249,1.27457,1433
2024-02-02,1.27456,1.27721,1.26136,1.26284,1320
2024-02-04,1.26201,1.26366,1.26106,1.26211,115
2024-02-05,1.26208,1.26292,1.25181,1.25333,1439
2024-02-06,1.25334,1.26054,1.2533,1.26033,1437
2024-02-07,1.26034,1.26416,1.25963,1.26261,1439
2024-02-08,1.26258,1.26383,1.25714,1.26201,1434
2024-02-09,1.262,1.26429,1.25987,1.26247,1317
2024-02-11,1.26206,1.2637,1.26206,1.26365,119
2024-02-12,1.26363,1.26544,1.26058,1.26262,1436
2024-02-13,1.26262,1.26875,1.25727,1.25898,1433
2024-02-14,1.25897,1.26109,1.25352,1.25671,1437
2024-02-15,1.2567,1.26049,1.2541,1.25977,1440
2024-02-16,1.25979,1.26241,1.25504,1.25978,1320
2024-02-18,1.25987,1.26109,1.25974,1.26104,117
2024-02-19,1.26106,1.26295,1.2583,1.25874,1409
2024-02-20,1.25873,1.26682,1.2579,1.26244,1432
2024-02-21,1.26244,1.26416,1.26023,1.26377,1436
2024-02-22,1.26379,1.27093,1.26112,1.26615,1438
2024-02-23,1.26616,1.2701,1.26479,1.26683,1318
2024-02-25,1.26727,1.26783,1.26685,1.267,113
2024-02-26,1.26696,1.26993,1.26563,1.26834,1435
2024-02-27,1.26838,1.26965,1.26601,1.26796,1434
2024-02-28,1.26798,1.26838,1.26211,1.26611,1438
2024-02-29,1.26611,1.26813,1.26119,1.26266,1435
2024-03-01,1.26266,1.26636,1.25995,1.2653,1320
2024-03-03,1.26465,1.26621,1.26465,1.26601,118
2024-03-04,1.26601,1.27062,1.26555,1.2689,1427
2024-03-05,1.26894,1.27347,1.26711,1.27039,1433
2024-03-06,1.27042,1.27613,1.26899,1.27357,1432
2024-03-07,1.27357,1.28132,1.27228,1.2813,1438
2024-03-08,1.2813,1.28934,1.28008,1.28548,1319
2024-03-10,1.28544,1.28607,1.28476,1.28558,237
2024-03-11,1.28558,1.28618,1.27949,1.28161,1434
2024-03-12,1.28161,1.28231,1.27459,1.2794,1437
2024-03-13,1.27939,1.28111,1.27741,1.27995,1436
2024-03-14,1.27996,1.28227,1.27303,1.2736,1434
2024-03-15,1.2736,1.27585,1.27248,1.27313,1200
2024-03-17,1.2727,1.27374,1.27264,1.27309,235
2024-03-18,1.2731,1.27465,1.27176,1.27199,1438
2024-03-19,1.27199,1.27326,1.26674,1.27169,1436
2024-03-20,1.27168,1.27981,1.26841,1.2794,1438
2024-03-21,1.27941,1.2803,1.26503,1.2673,1437
2024-03-22,1.2673,1.26751,1.25748,1.25984,1200
2024-03-24,1.25948,1.26018,1.25901,1.25943,225
2024-03-25,1.25944,1.2652,1.25944,1.2642,1433
2024-03-26,1.26421,1.26676,1.26177,1.26213,1434
2024-03-27,1.2621,1.26408,1.26052,1.26256,1435
2024-03-28,1.26257,1.26544,1.25855,1.26253,1439
2024-03-29,1.26248,1.26448,1.26092,1.26158,1151
2024-03-31,1.26077,1.26415,1.26077,1.26249,116
2024-04-01,1.26372,1.26416,1.25393,1.25458,1436
2024-04-02,1.25457,1.25806,1.25391,1.25757,1430
2024-04-03,1.25754,1.26559,1.25621,1.26509,1438
2024-04-04,1.26509,1.26833,1.26349,1.26387,1439
2024-04-05,1.26387,1.26483,1.25741,1.26361,1260
2024-04-07,1.26244,1.26339,1.26206,1.26235,177
2024-04-08,1.26233,1.26636,1.2613,1.26572,1440
2024-04-09,1.2657,1.2709,1.26485,1.26767,1429
2024-04-10,1.26767,1.27078,1.252,1.25362,1434
2024-04-11,1.25363,1.25784,1.25105,1.25544,1426
2024-04-12,1.25541,1.25585,1.24263,1.24482,1258
2024-04-14,1.2441,1.24629,1.24362,1.24593,176
2024-04-15,1.24594,1.24983,1.24355,1.24458,1439
2024-04-16,1.24459,1.24718,1.24055,1.24302,1439
2024-04-17,1.24301,1.24815,1.24168,1.24525,1439
2024-04-18,1.24529,1.24843,1.24318,1.24345,1428
2024-04-19,1.24344,1.24682,1.23666,1.23695,1260
2024-04-21,1.23694,1.23783,1.23655,1.2375,174
2024-04-22,1.23756,1.23919,1.22991,1.23494,1424
2024-04-23,1.23494,1.24582,1.23315,1.24541,1430
2024-04-24,1.24541,1.24697,1.24223,1.24589,1435
2024-04-25,1.24588,1.2527,1.2454,1.2507,1432
2024-04-26,1.25068,1.25409,1.24489,1.24908,1260
2024-04-28,1.24632,1.25096,1.24623,1.25093,171
2024-04-29,1.25093,1.25693,1.25072,1.25593,1432
2024-04-30,1.25592,1.25609,1.24876,1.24884,1438
2024-05-01,1.24888,1.25499,1.24659,1.25359,1430
2024-05-02,1.25359,1.25444,1.24717,1.25392,1435
2024-05-03,1.25395,1.2634,1.25292,1.25446,1259
2024-05-05,1.25324,1.25528,1.25324,1.25404,175
2024-05-06,1.25404,1.25941,1.25381,1.2559,1430
2024-05-07,1.2559,1.25704,1.24983,1.25015,1425
2024-05-08,1.25011,1.25045,1.24675,1.24928,1424
2024-05-09,1.24929,1.25296,1.24457,1.25246,1429
2024-05-10,1.25245,1.2541,1.25023,1.25239,1255
2024-05-12,1.25155,1.25273,1.25124,1.25216,172
2024-05-13,1.25218,1.25683,1.25172,1.25598,1406
2024-05-14,1.25597,1.25927,1.25092,1.25836,1425
2024-05-15,1.25835,1.2694,1.25831,1.26884,1435
2024-05-16,1.26883,1.27005,1.26432,1.26711,1422
2024-05-17,1.26711,1.27114,1.26447,1.26999,1256
2024-05-19,1.26953,1.27077,1.26878,1.27055,150
2024-05-20,1.27055,1.27252,1.26889,1.27095,1408
2024-05-21,1.27096,1.27266,1.26863,1.27097,1412
2024-05-22,1.27098,1.2761,1.26998,1.27202,1433
2024-05-23,1.27201,1.27463,1.26852,1.26929,1418
2024-05-24,1.26927,1.27507,1.26753,1.27358,1253
2024-05-26,1.27299,1.27429,1.27299,1.27338,163
2024-05-27,1.27336,1.27774,1.27336,1.27718,1393
2024-05-28,1.27718,1.28005,1.27537,1.27576,1430
2024-05-29,1.27575,1.27715,1.26957,1.26972,1434
2024-05-30,1.26973,1.27469,1.26806,1.27285,1432
2024-05-31,1.27286,1.2766,1.26999,1.27404,1259
2024-06-02,1.27336,1.27453,1.27336,1.27439,164
2024-06-03,1.27439,1.28119,1.26941,1.28095,1436
2024-06-04,1.28096,1.28171,1.27425,1.27719,1422
2024-06-05,1.27722,1.27951,1.2755,1.27932,1433
2024-06-06,1.27932,1.28088,1.27622,1.27923,1426
2024-06-07,1.27922,1.28159,1.27142,1.27198,1257
2024-06-09,1.27288,1.2731,1.27128,1.27279,177
2024-06-10,1.27278,1.2737,1.26876,1.27256,1419
2024-06-11,1.27256,1.27513,1.27057,1.27393,1426
2024-06-12,1.27391,1.28604,1.27325,1.27958,1420
2024-06-13,1.27959,1.28073,1.2738,1.27534,1437
2024-06-14,1.27533,1.27636,1.26568,1.26828,1260
2024-06-16,1.26835,1.26871,1.2678,1.26832,176
2024-06-17,1.26831,1.27139,1.26588,1.27134,1432
2024-06-18,1.27133,1.27207,1.26687,1.27066,1415
2024-06-19,1.27065,1.27397,1.26998,1.27198,1406
2024-06-20,1.27198,1.27202,1.26531,1.26596,1428
2024-06-21,1.26594,1.26742,1.26218,1.26424,1252
2024-06-23,1.26343,1.26448,1.26343,1.26375,177
2024-06-24,1.26377,1.26977,1.26323,1.26817,1434
2024-06-25,1.26817,1.27022,1.267,1.26835,1423
2024-06-26,1.26837,1.26932,1.26153,1.26206,1437
2024-06-27,1.26207,1.26705,1.26125,1.26437,1425
2024-06-28,1.2644,1.26632,1.26194,1.26427,1257
2024-06-30,1.26492,1.26571,1.26386,1.26482,176
2024-07-01,1.26482,1.27101,1.26328,1.26449,1437
2024-07-02,1.2645,1.26913,1.26152,1.26873,1412
2024-07-03,1.26877,1.27769,1.26781,1.27471,1407
2024-07-04,1.27471,1.27673,1.27408,1.2755,1397
2024-07-05,1.2755,1.28169,1.27549,1.28114,1254
2024-07-07,1.27961,1.28154,1.27855,1.28057,178
2024-07-08,1.28057,1.28454,1.27996,1.2815,1422
2024-07-09,1.2815,1.28248,1.27773,1.27879,1403
2024-07-10,1.2788,1.28542,1.27839,1.28537,1424
2024-07-11,1.28537,1.29491,1.2849,1.29234,1430
2024-07-12,1.29231,1.29905,1.29019,1.29845,1258
2024-07-14,1.29629,1.29831,1.29625,1.2967,180
2024-07-15,1.2967,1.29947,1.29616,1.29692,1436
2024-07-16,1.29688,1.29795,1.2938,1.29773,1433
2024-07-17,1.29774,1.30443,1.29658,1.30082,1434
2024-07-18,1.30083,1.30127,1.29401,1.29488,1433
2024-07-19,1.29488,1.29488,1.29006,1.291,1257
2024-07-21,1.29073,1.29393,1.29073,1.29324,176
2024-07-22,1.29323,1.29419,1.29052,1.29306,1424
2024-07-23,1.29307,1.29345,1.28875,1.29008,1436
2024-07-24,1.29007,1.29372,1.28771,1.28975,1434
2024-07-25,1.28976,1.29132,1.28478,1.28548,1438
2024-07-26,1.28551,1.28777,1.28495,1.28642,1260
2024-07-28,1.28558,1.28717,1.28558,1.28664,179
2024-07-29,1.28663,1.28878,1.28064,1.28594,1433
2024-07-30,1.28593,1.28642,1.28196,1.28375,1436
2024-07-31,1.28375,1.28641,1.28207,1.28524,1440
2024-08-01,1.28525,1.28604,1.27266,1.27276,1433
2024-08-02,1.27273,1.284,1.27071,1.28033,1260
2024-08-04,1.28031,1.28118,1.27812,1.27873,177
2024-08-05,1.27873,1.28165,1.27098,1.27873,1440
2024-08-06,1.27874,1.28027,1.26724,1.26841,1438
2024-08-07,1.26836,1.27355,1.26779,1.26824,1439
2024-08-08,1.26827,1.27522,1.26648,1.27452,1438
2024-08-09,1.27452,1.27737,1.27258,1.27578,1259
2024-08-11,1.27544,1.27619,1.27483,1.27487,177
2024-08-12,1.27487,1.27936,1.27469,1.27703,1435
2024-08-13,1.27704,1.28728,1.27632,1.28652,1434
2024-08-14,1.28653,1.28681,1.28168,1.28239,1430
2024-08-15,1.28242,1.28714,1.27984,1.28585,1428
2024-08-16,1.28586,1.29456,1.28571,1.29417,1254
2024-08-18,1.29325,1.29507,1.29313,1.2946,174
2024-08-19,1.29462,1.2997,1.29396,1.2989,1428
2024-08-20,1.2989,1.3052,1.29738,1.30336,1436
2024-08-21,1.30331,1.31193,1.30104,1.30921,1435
2024-08-22,1.30921,1.31299,1.30763,1.30962,1418
2024-08-23,1.30961,1.32299,1.30916,1.32086,1253
2024-08-25,1.32179,1.32201,1.32026,1.32137,174
2024-08-26,1.3214,1.32219,1.31794,1.31912,1435
2024-08-27,1.31913,1.32657,1.31796,1.32549,1433
2024-08-28,1.3255,1.32605,1.31673,1.31927,1434
2024-08-29,1.31927,1.32267,1.3145,1.31647,1429
2024-08-30,1.31652,1.31996,1.31091,1.31231,1260
2024-09-01,1.3127,1.31329,1.31251,1.31294,163
2024-09-02,1.31294,1.31549,1.31198,1.314,1379
2024-09-03,1.31403,1.3147,1.30873,1.31126,1435
2024-09-04,1.31127,1.3175,1.31007,1.31435,1436
2024-09-05,1.31435,1.31852,1.31369,1.31756,1438
2024-09-06,1.31757,1.32383,1.31097,1.3126,1258
2024-09-08,1.3118,1.31381,1.31115,1.31312,175
2024-09-09,1.31312,1.31428,1.30673,1.30705,1436
2024-09-10,1.30704,1.31074,1.30492,1.30795,1427
2024-09-11,1.30794,1.31111,1.30016,1.30378,1434
2024-09-12,1.30378,1.31325,1.30317,1.31323,1424
2024-09-13,1.31321,1.31576,1.31144,1.31191,1259
2024-09-15,1.31169,1.31366,1.31166,1.31349,152
2024-09-16,1.31349,1.3218,1.31349,1.32101,1432
2024-09-17,1.32101,1.32295,1.31459,1.31669,1431
2024-09-18,1.31669,1.32978,1.31561,1.32027,1439
2024-09-19,1.32029,1.3314,1.3153,1.32809,1434
2024-09-20,1.32811,1.33402,1.32678,1.33165,1260
2024-09-22,1.33039,1.33224,1.33039,1.33117,170
2024-09-23,1.33117,1.33591,1.32481,1.33484,1432
2024-09-24,1.33486,1.34272,1.33316,1.34267,1420
2024-09-25,1.3427,1.34296,1.33121,1.33132,1433
2024-09-26,1.33133,1.34341,1.33121,1.34105,1436
2024-09-27,1.34103,1.34272,1.33595,1.33714,1260
2024-09-29,1.3367,1.33838,1.3367,1.33824,164
2024-09-30,1.33823,1.34227,1.33499,1.33771,1434
2024-10-01,1.33771,1.33894,1.32369,1.3274,1438
2024-10-02,1.32742,1.33051,1.32455,1.32626,1435
2024-10-03,1.32625,1.32648,1.30918,1.31283,1419
2024-10-04,1.31281,1.31747,1.30694,1.3111,1260
2024-10-06,1.30788,1.31246,1.30788,1.31224,176
2024-10-07,1.31225,1.3134,1.30589,1.30839,1434
2024-10-08,1.3084,1.3113,1.30639,1.30929,1436
2024-10-09,1.30928,1.31028,1.30551,1.30661,1436
2024-10-10,1.30661,1.30937,1.302,1.3061,1426
2024-10-11,1.30611,1.30828,1.30414,1.30682,1259
2024-10-13,1.30609,1.30658,1.30459,1.30479,174
2024-10-14,1.30479,1.30717,1.30299,1.30668,1432
2024-10-15,1.30669,1.31024,1.30351,1.30644,1439
2024-10-16,1.30642,1.3077,1.29766,1.29908,1436
2024-10-17,1.29907,1.30228,1.29736,1.30143,1435
2024-10-18,1.30141,1.30706,1.30106,1.30467,1260
2024-10-20,1.30421,1.30579,1.30351,1.30516,177
2024-10-21,1.30516,1.30529,1.29768,1.29822,1437
2024-10-22,1.29822,1.30149,1.29443,1.29804,1437
2024-10-23,1.29803,1.29945,1.2907,1.29153,1437
2024-10-24,1.29154,1.29876,1.29112,1.29716,1428
2024-10-25,1.29717,1.29981,1.29554,1.29585,1260
2024-10-27,1.2972,1.2972,1.29524,1.29529,238
2024-10-28,1.29529,1.30011,1.29392,1.2972,1435
2024-10-29,1.29719,1.30166,1.29577,1.30128,1440
2024-10-30,1.30131,1.30432,1.29366,1.29491,1436
2024-10-31,1.29491,1.29996,1.28434,1.28948,1434
2024-11-01,1.28947,1.29801,1.28841,1.29178,1140
2024-11-03,1.29657,1.29687,1.29496,1.29521,120
2024-11-04,1.29521,1.29985,1.29339,1.29538,1436
2024-11-05,1.2954,1.30475,1.29476,1.30419,1437
2024-11-06,1.3042,1.30432,1.28337,1.28823,1435
2024-11-07,1.28822,1.30089,1.28754,1.29864,1199
2024-11-08,1.29829,1.29839,1.28831,1.29147,1320
2024-11-10,1.29082,1.29173,1.29042,1.2915,120
2024-11-11,1.29149,1.29256,1.28557,1.28733,1438
2024-11-12,1.28733,1.28734,1.27188,1.27361,1440
2024-11-13,1.27362,1.27691,1.26862,1.27068,1440
2024-11-14,1.27068,1.272,1.26293,1.26669,1432
2024-11-15,1.26669,1.26969,1.25967,1.26133,1320
2024-11-17,1.26117,1.26207,1.26076,1.26189,113
2024-11-18,1.2619,1.26862,1.26129,1.26783,1439
2024-11-19,1.26783,1.26941,1.26128,1.2694,1437
2024-11-20,1.26939,1.27142,1.26305,1.26551,1433
2024-11-21,1.26551,1.26598,1.25758,1.25845,1439
2024-11-22,1.25846,1.25941,1.24869,1.25215,1320
2024-11-24,1.25914,1.25969,1.25635,1.25926,120
2024-11-25,1.25927,1.26131,1.25293,1.25319,1437
2024-11-26,1.25317,1.26161,1.25065,1.25732,1440
2024-11-27,1.25736,1.26942,1.25664,1.26768,1439
2024-11-28,1.26772,1.26956,1.26447,1.26952,1413
2024-11-29,1.2695,1.27495,1.26715,1.27257,1320
2024-12-01,1.27223,1.27356,1.26956,1.27009,116
2024-12-02,1.2701,1.27223,1.26167,1.26581,1432
2024-12-03,1.26581,1.26993,1.26362,1.26737,1439
2024-12-04,1.26737,1.27212,1.26295,1.27004,1432
2024-12-05,1.27004,1.27707,1.26923,1.27598,1434
2024-12-06,1.276,1.2811,1.27206,1.27369,1320
2024-12-08,1.27282,1.27508,1.27282,1.27478,119
2024-12-09,1.27476,1.27986,1.27167,1.27481,1439
2024-12-10,1.27482,1.27792,1.27237,1.27791,1440
2024-12-11,1.27791,1.27813,1.27128,1.27649,1434
2024-12-12,1.27661,1.27876,1.26662,1.26764,1402
2024-12-13,1.26762,1.2679,1.26079,1.26143,1320
2024-12-15,1.26107,1.26269,1.26082,1.2626,117
2024-12-16,1.26259,1.26986,1.26259,1.26897,1437
2024-12-17,1.26896,1.27284,1.26657,1.27098,1436
2024-12-18,1.27099,1.27258,1.25618,1.25667,1436
2024-12-19,1.25668,1.26666,1.24947,1.24967,1437
2024-12-20,1.24966,1.2614,1.24748,1.25636,1320
2024-12-22,1.25603,1.25742,1.25574,1.25701,120
2024-12-23,1.25701,1.25877,1.25094,1.25321,1438
2024-12-24,1.25322,1.25745,1.25145,1.25184,1382
2024-12-25,1.25185,1.25559,1.25184,1.25428,262
2024-12-26,1.25426,1.2548,1.25005,1.25273,1437
2024-12-27,1.25273,1.25922,1.25046,1.25714,1320
2024-12-29,1.25706,1.25876,1.25615,1.25775,118
2024-12-30,1.25775,1.26071,1.25057,1.25477,1435
2024-12-31,1.25478,1.2569,1.25052,1.25116,1315
2025-01-01,1.25134,1.25194,1.25059,1.25193,118
2025-01-02,1.2519,1.25402,1.23521,1.23793,1440
2025-01-03,1.23792,1.24338,1.23779,1.24168,1318
2025-01-05,1.2411,1.24335,1.2411,1.24241,118
2025-01-06,1.24242,1.25507,1.24172,1.25095,1438
2025-01-07,1.25098,1.25756,1.24723,1.24754,1430
2025-01-08,1.24756,1.24939,1.23205,1.23582,1438
2025-01-09,1.23582,1.23649,1.22379,1.2298,1438
2025-01-10,1.2298,1.23214,1.21912,1.22044,1320
2025-01-12,1.21974,1.221,1.21974,1.22034,113
2025-01-13,1.22034,1.22498,1.20992,1.22315,1435
2025-01-14,1.22315,1.22457,1.21381,1.22104,1437
2025-01-15,1.22103,1.23059,1.21592,1.22419,1437
2025-01-16,1.22418,1.22599,1.21743,1.22337,1438
2025-01-17,1.22337,1.2244,1.21583,1.21583,1319
2025-01-19,1.21706,1.21761,1.21603,1.21747,117
2025-01-20,1.21748,1.23442,1.21651,1.23312,1431
2025-01-21,1.23319,1.23598,1.22288,1.23377,1433
2025-01-22,1.23376,1.23756,1.23065,1.23134,1434
2025-01-23,1.23134,1.23751,1.2293,1.23538,1436
2025-01-24,1.23537,1.25016,1.2348,1.24757,1320
2025-01-26,1.24668,1.24725,1.24557,1.24574,118
2025-01-27,1.24574,1.25229,1.24255,1.24506,1437
2025-01-28,1.24506,1.2465,1.24141,1.24406,1433
2025-01-29,1.24406,1.24631,1.23929,1.24542,1433
2025-01-30,1.24541,1.24765,1.24074,1.24216,1436
2025-01-31,1.24218,1.24715,1.23856,1.23919,1320
2025-02-02,1.22855,1.23232,1.22825,1.22895,120
2025-02-03,1.22896,1.24547,1.22488,1.24333,1435
2025-02-04,1.24331,1.24929,1.23785,1.24748,1436
2025-02-05,1.2475,1.25496,1.2463,1.25008,1426
2025-02-06,1.25007,1.2509,1.23598,1.24339,1436
2025-02-07,1.24338,1.24932,1.23758,1.23965,1320
2025-02-09,1.23694,1.23942,1.23623,1.23889,117
2025-02-10,1.2389,1.24219,1.23539,1.23595,1440
2025-02-11,1.23596,1.24544,1.23321,1.2451,1432
2025-02-12,1.2451,1.24831,1.23734,1.24502,1437
2025-02-13,1.24507,1.25692,1.2442,1.25644,1435
2025-02-14,1.25648,1.26299,1.25493,1.25832,1320
2025-02-16,1.25837,1.2588,1.25778,1.25838,110
2025-02-17,1.25839,1.26346,1.25789,1.26204,1418
2025-02-18,1.26207,1.26398,1.25817,1.26243,1439
2025-02-19,1.26242,1.26359,1.25631,1.2583,1433
2025-02-20,1.25829,1.26738,1.258,1.26687,1437
2025-02-21,1.26691,1.26784,1.26246,1.26274,1320
2025-02-23,1.2626,1.26576,1.2626,1.26484,107
2025-02-24,1.26483,1.26902,1.26117,1.26165,1438
2025-02-25,1.26166,1.26776,1.26054,1.26714,1439
2025-02-26,1.26712,1.27153,1.2635,1.26803,1435
2025-02-27,1.26801,1.26885,1.25955,1.25959,1435
2025-02-28,1.25961,1.26214,1.25589,1.25744,1320
2025-03-02,1.258,1.26082,1.25779,1.26021,105
2025-03-03,1.26021,1.27235,1.25819,1.27011,1427
2025-03-04,1.27012,1.27993,1.26783,1.2795,1434
2025-03-05,1.2795,1.29004,1.27671,1.28895,1435
2025-03-06,1.28893,1.29234,1.28655,1.28828,1435
2025-03-07,1.28825,1.29443,1.28757,1.29167,1311
2025-03-09,1.29108,1.29432,1.28999,1.29378,235
2025-03-10,1.29376,1.29462,1.28612,1.28852,1439
2025-03-11,1.28853,1.29657,1.2873,1.29354,1437
2025-03-12,1.29354,1.29887,1.29132,1.29665,1437
2025-03-13,1.29666,1.29732,1.29205,1.2945,1433
2025-03-14,1.29449,1.29537,1.29106,1.29274,1200
2025-03-16,1.29137,1.29353,1.29137,1.29293,234
2025-03-17,1.29293,1.29984,1.29278,1.29831,1434
2025-03-18,1.29829,1.30096,1.29512,1.29959,1423
2025-03-19,1.29958,1.30144,1.29548,1.30089,1434
2025-03-20,1.30087,1.30128,1.29357,1.29637,1430
2025-03-21,1.2964,1.29679,1.28873,1.29117,1200
2025-03-23,1.28962,1.2934,1.28874,1.29333,238
2025-03-24,1.29333,1.2974,1.28953,1.29168,1430
2025-03-25,1.29166,1.29666,1.29017,1.2933,1430
2025-03-26,1.2933,1.29459,1.28704,1.28888,1434
2025-03-27,1.28891,1.29919,1.2889,1.29482,1434
2025-03-28,1.29481,1.2968,1.29213,1.29378,1200
2025-03-30,1.29319,1.2941,1.29218,1.29309,117
2025-03-31,1.2937,1.29725,1.2886,1.2919,1439
2025-04-01,1.29192,1.29404,1.2879,1.29212,1439
2025-04-02,1.29213,1.3052,1.29002,1.30453,1432
2025-04-03,1.30453,1.32073,1.30255,1.30889,1436
2025-04-04,1.30888,1.31132,1.28527,1.28915,1258
2025-04-06,1.28344,1.29327,1.28236,1.29083,169
2025-04-07,1.29083,1.29337,1.27079,1.27326,1433
2025-04-08,1.27327,1.28143,1.27241,1.27862,1413
2025-04-09,1.27863,1.28638,1.27427,1.28248,1430
2025-04-10,1.28247,1.29975,1.28217,1.29913,1427
2025-04-11,1.29911,1.31448,1.29847,1.3085,1260
2025-04-13,1.30827,1.30933,1.30627,1.30835,169
2025-04-14,1.30836,1.32008,1.30833,1.31719,1429
2025-04-15,1.3172,1.32518,1.31638,1.32302,1431
2025-04-16,1.32304,1.32917,1.32117,1.32323,1427
2025-04-17,1.32325,1.3273,1.32021,1.32675,1427
2025-04-18,1.32674,1.32983,1.32567,1.32892,1260
2025-04-20,1.32698,1.33198,1.32698,1.3314,173
2025-04-21,1.33141,1.34216,1.33141,1.33793,1437
2025-04-22,1.33795,1.34235,1.32331,1.32719,1430
2025-04-23,1.32716,1.33387,1.3244,1.32646,1434
2025-04-24,1.32646,1.33486,1.32585,1.33271,1436
2025-04-25,1.33269,1.33321,1.32735,1.33065,1258
2025-04-27,1.33006,1.33108,1.32881,1.32895,169
2025-04-28,1.32897,1.34438,1.32797,1.34346,1435
2025-04-29,1.34346,1.34421,1.33801,1.34118,1437
2025-04-30,1.34119,1.34141,1.33089,1.33207,1434
2025-05-01,1.33206,1.33452,1.32601,1.32855,1426
2025-05-02,1.32857,1.33305,1.32596,1.32596,1259
2025-05-04,1.32612,1.32764,1.32593,1.32693,159
2025-05-05,1.32693,1.33362,1.32612,1.32903,1431
2025-05-06,1.32903,1.34024,1.32599,1.33514,1435
2025-05-07,1.33516,1.3377,1.32797,1.32899,1438
2025-05-08,1.32903,1.33559,1.32327,1.32389,1434
2025-05-09,1.3239,1.33223,1.32117,1.32964,1258
2025-05-11,1.32578,1.32949,1.32578,1.32844,176
2025-05-12,1.32845,1.3299,1.31394,1.31774,1436
2025-05-13,1.31774,1.33159,1.31729,1.33033,1433
2025-05-14,1.33033,1.336,1.3253,1.32631,1427
2025-05-15,1.32631,1.33194,1.3259,1.33028,1439
2025-05-16,1.33027,1.33323,1.32503,1.32756,1260
2025-05-18,1.32676,1.33046,1.32676,1.33046,161
2025-05-19,1.33049,1.34035,1.32898,1.33585,1437
2025-05-20,1.33586,1.33977,1.33345,1.33967,1438
2025-05-21,1.3397,1.34687,1.33883,1.34201,1426
2025-05-22,1.34204,1.34405,1.33905,1.34192,1432
2025-05-23,1.34193,1.35419,1.34181,1.35344,1260
2025-05-25,1.35218,1.35418,1.35218,1.35373,172
2025-05-26,1.35374,1.35929,1.35357,1.35649,1426
2025-05-27,1.35648,1.35865,1.34999,1.35134,1435
2025-05-28,1.35137,1.35218,1.34148,1.34282,1425
2025-05-29,1.34281,1.35071,1.34184,1.34987,1425
2025-05-30,1.34984,1.35104,1.34478,1.34532,1260
2025-06-01,1.34625,1.34731,1.34514,1.34679,170
2025-06-02,1.34678,1.35595,1.34672,1.35567,1437
2025-06-03,1.35564,1.35571,1.34914,1.353,1428
2025-06-04,1.35299,1.35797,1.35008,1.35502,1427
2025-06-05,1.35502,1.36161,1.35404,1.35786,1438
2025-06-06,1.35786,1.35844,1.35072,1.35194,1260
2025-06-08,1.35209,1.35395,1.35209,1.35368,166
2025-06-09,1.35369,1.3581,1.35242,1.35542,1432
2025-06-10,1.35541,1.35639,1.3456,1.35071,1431
2025-06-11,1.35073,1.35724,1.34639,1.35673,1429
2025-06-12,1.35672,1.36302,1.35226,1.36282,1430
2025-06-13,1.3628,1.3632,1.35163,1.35671,1259
2025-06-15,1.35577,1.35607,1.35373,1.35484,167
2025-06-16,1.35487,1.3622,1.35342,1.35681,1436
2025-06-17,1.35682,1.35792,1.34094,1.34284,1434
2025-06-18,1.34285,1.34763,1.34004,1.34138,1440
2025-06-19,1.34137,1.34797,1.33824,1.3476,1436
2025-06-20,1.34761,1.3511,1.34405,1.3442,1260
2025-06-22,1.34067,1.34412,1.33964,1.34348,173
2025-06-23,1.34349,1.35546,1.33701,1.35451,1421
2025-06-24,1.35451,1.3648,1.3535,1.36147,1422
2025-06-25,1.36146,1.36915,1.35903,1.36891,1437
2025-06-26,1.36895,1.37703,1.36766,1.3725,1434
2025-06-27,1.37254,1.37522,1.36827,1.37136,1260
2025-06-29,1.37011,1.3728,1.36984,1.37184,176
2025-06-30,1.37182,1.37405,1.3674,1.37303,1436
2025-07-01,1.37305,1.37885,1.3703,1.37454,1433
2025-07-02,1.37453,1.37523,1.35622,1.3649,1439
2025-07-03,1.36488,1.36757,1.35853,1.36654,1438
2025-07-04,1.36654,1.36811,1.36345,1.36382,1259
2025-07-06,1.36392,1.36548,1.36392,1.36507,176
2025-07-07,1.36508,1.36574,1.35749,1.36235,1437
2025-07-08,1.36234,1.36462,1.35256,1.35843,1435
2025-07-09,1.35844,1.36193,1.35639,1.35978,1433
2025-07-10,1.35977,1.36192,1.35329,1.35799,1432
2025-07-11,1.35799,1.35815,1.34807,1.34848,1260
2025-07-13,1.34859,1.34958,1.34795,1.34952,179
2025-07-14,1.34952,1.35041,1.34208,1.34278,1432
2025-07-15,1.34273,1.34672,1.3377,1.33929,1435
2025-07-16,1.3393,1.34856,1.33646,1.34099,1432
2025-07-17,1.34098,1.34344,1.33739,1.3431,1438
2025-07-18,1.34312,1.34751,1.34056,1.34061,1259
2025-07-20,1.34149,1.3429,1.34042,1.34149,175
2025-07-21,1.34148,1.35105,1.34019,1.34889,1429
2025-07-22,1.34892,1.35345,1.34615,1.35211,1428
2025-07-23,1.35209,1.35869,1.35151,1.35786,1432
2025-07-24,1.35786,1.35883,1.35023,1.35083,1439
2025-07-25,1.35082,1.35119,1.34158,1.34337,1260
2025-07-27,1.34238,1.3447,1.34228,1.34376,177
2025-07-28,1.34376,1.34522,1.33505,1.33592,1433
2025-07-29,1.33592,1.33637,1.33073,1.3353,1426
2025-07-30,1.33536,1.33854,1.32257,1.32556,1435
2025-07-31,1.32556,1.32819,1.31853,1.32076,1440
2025-08-01,1.32076,1.33103,1.3141,1.32784,1260
2025-08-03,1.327,1.32919,1.32685,1.32909,171
2025-08-04,1.32908,1.33307,1.32533,1.32972,1437
2025-08-05,1.32972,1.33157,1.32593,1.3298,1433
2025-08-06,1.32979,1.3368,1.32814,1.33571,1435
2025-08-07,1.33571,1.34522,1.33456,1.34509,1437
2025-08-08,1.34514,1.34587,1.34177,1.34447,1256
2025-08-10,1.34396,1.34502,1.34244,1.3443,163
2025-08-11,1.3443,1.34764,1.3399,1.34334,1425
2025-08-12,1.34332,1.35236,1.342,1.3504,1424
2025-08-13,1.3504,1.35851,1.34923,1.35849,1422
2025-08-14,1.35848,1.35945,1.35205,1.35296,1414
2025-08-15,1.35295,1.35747,1.35266,1.3553,1259
2025-08-17,1.35478,1.35636,1.35478,1.35558,172
2025-08-18,1.35557,1.35646,1.34982,1.35076,1429
2025-08-19,1.35077,1.3531,1.34772,1.34847,1428
2025-08-20,1.34846,1.35093,1.34474,1.34659,1430
2025-08-21,1.34658,1.34824,1.34055,1.34176,1435
2025-08-22,1.34176,1.3544,1.33905,1.35201,1259
2025-08-24,1.35111,1.35244,1.35075,1.3508,176
2025-08-25,1.3508,1.3527,1.3446,1.34542,1431
2025-08-26,1.34541,1.3493,1.34345,1.34766,1431
2025-08-27,1.34767,1.35057,1.34165,1.35035,1432
2025-08-28,1.35036,1.35305,1.34829,1.3508,1429
2025-08-29,1.3508,1.3517,1.34461,1.34977,1260
2025-08-31,1.34942,1.35074,1.34942,1.35031,177
2025-09-01,1.35032,1.35496,1.35021,1.35461,1415
2025-09-02,1.3546,1.35479,1.334,1.33818,1430
2025-09-03,1.33814,1.34581,1.33331,1.34405,1432
2025-09-04,1.34407,1.3459,1.34162,1.34435,1430
2025-09-05,1.34437,1.35543,1.34415,1.35038,1259
2025-09-07,1.35017,1.3504,1.34819,1.34922,179
2025-09-08,1.34922,1.35577,1.34831,1.35525,1432
2025-09-09,1.35526,1.35902,1.35151,1.35202,1429
2025-09-10,1.35203,1.35638,1.35126,1.35328,1425
2025-09-11,1.35327,1.35827,1.34919,1.35737,1435
2025-09-12,1.35736,1.35754,1.35237,1.35567,1258
2025-09-14,1.35393,1.35645,1.35393,1.35524,165
2025-09-15,1.35529,1.36196,1.35485,1.36008,1421
2025-09-16,1.36007,1.36717,1.35977,1.36524,1432
2025-09-17,1.36527,1.37261,1.36155,1.3629,1435
2025-09-18,1.36293,1.36605,1.35336,1.35546,1439
2025-09-19,1.35546,1.35594,1.34626,1.34666,1260
2025-09-21,1.34597,1.34725,1.34594,1.34624,167
2025-09-22,1.34623,1.35203,1.34528,1.35138,1422
2025-09-23,1.35138,1.35362,1.34868,1.35239,1432
2025-09-24,1.3524,1.35257,1.34263,1.34491,1429
2025-09-25,1.34493,1.34669,1.33235,1.3335,1431
2025-09-26,1.33349,1.34127,1.33293,1.3399,1260
2025-09-28,1.3388,1.34106,1.33759,1.34069,162
2025-09-29,1.34068,1.34565,1.34062,1.34347,1426
2025-09-30,1.34346,1.34669,1.34131,1.34424,1437
2025-10-01,1.34423,1.35273,1.34346,1.34782,1429
2025-10-02,1.3478,1.35101,1.34007,1.34461,1422
2025-10-03,1.3446,1.3487,1.34288,1.34744,1260
2025-10-05,1.3444,1.34482,1.34223,1.34316,179
2025-10-06,1.34319,1.34898,1.34162,1.34838,1433
2025-10-07,1.34842,1.34842,1.33921,1.34199,1429
2025-10-08,1.34203,1.34383,1.33707,1.34,1436
2025-10-09,1.33999,1.34186,1.32795,1.33027,1425
2025-10-10,1.33024,1.33708,1.32612,1.33533,1260
2025-10-12,1.33438,1.33532,1.33264,1.33353,176
2025-10-13,1.33353,1.33661,1.33148,1.33318,1439
2025-10-14,1.33317,1.3352,1.32484,1.33217,1436
2025-10-15,1.33215,1.34077,1.33199,1.34028,1438
2025-10-16,1.34028,1.34544,1.33995,1.34436,1436
2025-10-17,1.34439,1.34714,1.33907,1.34189,1260
2025-10-19,1.34266,1.34306,1.34167,1.34247,169
2025-10-20,1.34247,1.34427,1.33997,1.34038,1433
2025-10-21,1.34038,1.34159,1.33607,1.33648,1427
2025-10-22,1.3365,1.33866,1.33054,1.33503,1421
2025-10-23,1.33502,1.33569,1.33075,1.33265,1421
2025-10-24,1.33266,1.33716,1.3287,1.33043,1258
2025-10-26,1.33217,1.33281,1.3317,1.33236,226
2025-10-27,1.33237,1.33535,1.33103,1.33499,1431
2025-10-28,1.33497,1.33694,1.32472,1.32717,1431
2025-10-29,1.32718,1.32738,1.31398,1.3203,1434
2025-10-30,1.3203,1.32185,1.31161,1.31591,1427
2025-10-31,1.3159,1.31646,1.30965,1.31474,1199
2025-11-02,1.31289,1.31418,1.31272,1.31332,114
2025-11-03,1.31333,1.31621,1.3108,1.31342,1430
2025-11-04,1.31342,1.3139,1.30098,1.3021,1429
2025-11-05,1.30209,1.30539,1.301,1.30518,1430
2025-11-06,1.30516,1.31423,1.30503,1.31394,1431
2025-11-07,1.31399,1.31748,1.30945,1.31571,1317
2025-11-09,1.31353,1.31597,1.31353,1.31412,114
2025-11-10,1.31409,1.31909,1.31364,1.31718,1437
2025-11-11,1.31716,1.31843,1.3116,1.31519,1423
2025-11-12,1.31519,1.31551,1.30843,1.31274,1435
2025-11-13,1.31275,1.32157,1.31003,1.31525,1437
2025-11-14,1.31525,1.32005,1.31078,1.31673,1319
2025-11-16,1.31418,1.31718,1.31418,1.31583,115
2025-11-17,1.31585,1.31929,1.31358,1.31551,1420
2025-11-18,1.31549,1.31767,1.31337,1.31468,1432
2025-11-19,1.31468,1.31549,1.30432,1.30596,1437
2025-11-20,1.30597,1.31235,1.30377,1.30828,1437
2025-11-21,1.30827,1.31093,1.30385,1.30931,1320
2025-11-23,1.30958,1.30995,1.30927,1.30956,119
2025-11-24,1.30958,1.31179,1.30802,1.31054,1436
2025-11-25,1.31054,1.3214,1.30954,1.31578,1435
2025-11-26,1.31578,1.32487,1.31239,1.32443,1432
2025-11-27,1.32443,1.32684,1.32099,1.32401,1405
2025-11-28,1.32399,1.32545,1.32007,1.32279,1320
2025-11-30,1.32248,1.32485,1.32163,1.32388,115
2025-12-01,1.32393,1.32757,1.32054,1.32087,1426
2025-12-02,1.32088,1.32215,1.31794,1.32196,1424
2025-12-03,1.32197,1.33538,1.32172,1.33474,1432
2025-12-04,1.33473,1.33852,1.33202,1.33218,1422
2025-12-05,1.33219,1.33623,1.33158,1.33225,1316
2025-12-07,1.33156,1.33316,1.33156,1.33257,113
2025-12-08,1.33259,1.3346,1.33054,1.33267,1432
2025-12-09,1.33266,1.33559,1.3287,1.33026,1430
2025-12-10,1.33026,1.33911,1.32959,1.33881,1438
2025-12-11,1.33883,1.3438,1.33544,1.33931,1433
2025-12-12,1.33929,1.33995,1.33421,1.33648,1317
2025-12-14,1.33695,1.3374,1.33595,1.3367,110
2025-12-15,1.33673,1.34015,1.33546,1.33786,1432
2025-12-16,1.33787,1.3456,1.33554,1.34252,1430
2025-12-17,1.34251,1.34267,1.33114,1.33733,1423
2025-12-18,1.33734,1.34463,1.33408,1.3383,1427
2025-12-19,1.33832,1.33938,1.33568,1.33748,1318
2025-12-21,1.33611,1.33836,1.33611,1.33777,112
2025-12-22,1.33781,1.34772,1.33774,1.34676,1430
2025-12-23,1.3468,1.35234,1.34678,1.35127,1436
2025-12-24,1.35127,1.3534,1.34868,1.34913,1344
2025-12-25,1.34904,1.35273,1.34896,1.35076,351
2025-12-26,1.35074,1.3527,1.34771,1.34896,1320
2025-12-28,1.34806,1.3501,1.34799,1.34966,115
2025-12-29,1.34969,1.35155,1.3469,1.35085,1427
2025-12-30,1.35083,1.35306,1.34495,1.34661,1424
2025-12-31,1.34663,1.34833,1.34016,1.3474,1312
