Date,open,high,low,close,n_bars
2010-01-03,1.0368,1.037,1.0338,1.0361,104
2010-01-04,1.0361,1.042,1.0262,1.0289,1336
2010-01-05,1.029,1.0359,1.0251,1.0334,1352
2010-01-06,1.0334,1.0378,1.0248,1.0275,1358
2010-01-07,1.0274,1.037,1.0241,1.0336,1364
2010-01-08,1.0337,1.0384,1.0215,1.0239,1255
2010-01-10,1.0222,1.0239,1.0191,1.0203,95
2010-01-11,1.0203,1.0206,1.013,1.0167,1377
2010-01-12,1.0167,1.0207,1.0144,1.0188,1351
2010-01-13,1.0188,1.0217,1.0137,1.0174,1357
2010-01-14,1.0175,1.0234,1.0159,1.0187,1348
2010-01-15,1.0187,1.0286,1.0185,1.025,1259
2010-01-17,1.0275,1.0283,1.0265,1.0266,81
2010-01-18,1.0265,1.029,1.0234,1.0237,1224
2010-01-19,1.0238,1.0354,1.0226,1.0327,1353
2010-01-20,1.0328,1.0462,1.0325,1.0435,1385
2010-01-21,1.0435,1.0494,1.0402,1.0419,1400
2010-01-22,1.042,1.0445,1.0374,1.0408,1282
2010-01-24,1.04,1.0415,1.0399,1.0413,89
2010-01-25,1.0414,1.0423,1.0367,1.04,1337
2010-01-26,1.04,1.0491,1.0377,1.0458,1381
2010-01-27,1.0458,1.0525,1.0446,1.0496,1385
2010-01-28,1.0497,1.0555,1.0476,1.0519,1391
2010-01-29,1.0519,1.0642,1.0481,1.0606,1277
2010-01-31,1.0601,1.0624,1.06,1.0601,98
2010-02-01,1.0602,1.0622,1.0552,1.0568,1380
2010-02-02,1.0569,1.0606,1.054,1.0546,1345
2010-02-03,1.0545,1.0599,1.0496,1.0583,1349
2010-02-04,1.0582,1.0675,1.0579,1.0657,1388
2010-02-05,1.0657,1.0794,1.0645,1.0723,1303
2010-02-07,1.0746,1.0767,1.074,1.0754,106
2010-02-08,1.0755,1.0772,1.0682,1.0728,1394
2010-02-09,1.0728,1.0746,1.0608,1.0653,1395
2010-02-10,1.0654,1.072,1.0617,1.0666,1370
2010-02-11,1.0666,1.0782,1.0626,1.0704,1375
2010-02-12,1.0705,1.0826,1.0704,1.0753,1270
2010-02-14,1.0765,1.0771,1.0755,1.0758,89
2010-02-15,1.0759,1.0803,1.0752,1.0775,1217
2010-02-16,1.0775,1.0788,1.0652,1.066,1335
2010-02-17,1.0659,1.0799,1.0646,1.0774,1334
2010-02-18,1.0773,1.0889,1.0747,1.0871,1367
2010-02-19,1.0873,1.0897,1.0748,1.0754,1276
2010-02-21,1.0741,1.0772,1.0739,1.0748,104
2010-02-22,1.0749,1.0787,1.0738,1.0753,1352
2010-02-23,1.0753,1.0847,1.0714,1.0823,1396
2010-02-24,1.0823,1.0841,1.0738,1.0808,1368
2010-02-25,1.0808,1.0877,1.0783,1.0811,1400
2010-02-26,1.0811,1.0812,1.0693,1.0731,1292
2010-02-28,1.0738,1.0746,1.0728,1.073,105
2010-03-01,1.0729,1.087,1.0719,1.0793,1363
2010-03-02,1.0792,1.0886,1.0742,1.0743,1384
2010-03-03,1.0743,1.0762,1.0647,1.0675,1353
2010-03-04,1.0676,1.0794,1.0668,1.0769,1348
2010-03-05,1.0768,1.0809,1.0734,1.0741,1241
2010-03-07,1.073,1.0738,1.0722,1.0729,91
2010-03-08,1.073,1.0748,1.0674,1.0738,1369
2010-03-09,1.0738,1.0803,1.0725,1.0744,1371
2010-03-10,1.0743,1.0793,1.0684,1.0706,1356
2010-03-11,1.0706,1.0731,1.0677,1.0682,1353
2010-03-12,1.0683,1.0695,1.0575,1.0576,1228
2010-03-14,1.0578,1.0589,1.0573,1.0579,125
2010-03-15,1.0579,1.0641,1.0578,1.0617,1325
2010-03-16,1.0618,1.0625,1.0532,1.0551,1357
2010-03-17,1.0551,1.0564,1.0506,1.0542,1317
2010-03-18,1.0542,1.0646,1.0532,1.0574,1369
2010-03-19,1.0573,1.0634,1.0539,1.0613,1209
2010-03-21,1.0609,1.0616,1.0597,1.0611,144
2010-03-22,1.0612,1.066,1.0561,1.0575,1344
2010-03-23,1.0575,1.0638,1.0546,1.057,1360
2010-03-24,1.057,1.0738,1.0557,1.0718,1382
2010-03-25,1.0718,1.075,1.0672,1.0717,1362
2010-03-26,1.0716,1.0726,1.0635,1.0649,1210
2010-03-28,1.0587,1.0645,1.058,1.0639,171
2010-03-29,1.0639,1.069,1.0591,1.0618,1315
2010-03-30,1.0618,1.068,1.0586,1.0651,1275
2010-03-31,1.0652,1.0683,1.0488,1.0521,1339
2010-04-01,1.0521,1.061,1.0434,1.0541,1335
2010-04-02,1.0542,1.0643,1.054,1.0607,954
2010-04-04,1.0613,1.0619,1.0607,1.0615,128
2010-04-05,1.0614,1.0643,1.0583,1.0634,1151
2010-04-06,1.0633,1.0721,1.0631,1.0699,1356
2010-04-07,1.0699,1.0748,1.0685,1.0746,1353
2010-04-08,1.0746,1.0785,1.0712,1.0718,1349
2010-04-09,1.0718,1.0761,1.0654,1.0656,1198
2010-04-11,1.0533,1.0598,1.0532,1.0573,177
2010-04-12,1.0573,1.0615,1.0549,1.0597,1366
2010-04-13,1.0597,1.0602,1.0533,1.0541,1360
2010-04-14,1.054,1.056,1.0501,1.0512,1317
2010-04-15,1.0511,1.0611,1.0506,1.0567,1349
2010-04-16,1.0567,1.0633,1.0565,1.0613,1222
2010-04-18,1.0635,1.0637,1.0614,1.0636,153
2010-04-19,1.0635,1.0689,1.0621,1.063,1379
2010-04-20,1.0629,1.0694,1.0601,1.069,1350
2010-04-21,1.0689,1.0723,1.0658,1.0701,1346
2010-04-22,1.0701,1.0848,1.0672,1.0832,1388
2010-04-23,1.0832,1.0849,1.0714,1.0722,1215
2010-04-25,1.0748,1.0756,1.0722,1.0738,140
2010-04-26,1.0737,1.0786,1.0699,1.0716,1394
2010-04-27,1.0716,1.0898,1.0716,1.0871,1388
2010-04-28,1.0871,1.0923,1.0813,1.0863,1403
2010-04-29,1.0862,1.0868,1.0806,1.0823,1386
2010-04-30,1.0822,1.0845,1.0746,1.0775,1209
2010-05-02,1.0731,1.077,1.0731,1.0767,145
2010-05-03,1.0768,1.0888,1.0768,1.0854,1355
2010-05-04,1.0855,1.105,1.084,1.1036,1389
2010-05-05,1.1037,1.1197,1.1021,1.1177,1419
2010-05-06,1.1177,1.1246,1.1016,1.1132,1424
2010-05-07,1.1132,1.1175,1.1049,1.1078,1261
2010-05-09,1.1007,1.1061,1.0991,1.1039,175
2010-05-10,1.104,1.1126,1.0923,1.1111,1428
2010-05-11,1.111,1.1133,1.1035,1.1112,1428
2010-05-12,1.1111,1.114,1.1058,1.1093,1402
2010-05-13,1.1092,1.1192,1.1076,1.1176,1417
2010-05-14,1.1177,1.1337,1.115,1.1337,1257
2010-05-16,1.1346,1.1347,1.1319,1.1331,153
2010-05-17,1.133,1.1445,1.1297,1.1325,1425
2010-05-18,1.1325,1.1531,1.1266,1.153,1435
2010-05-19,1.153,1.1585,1.1418,1.1523,1433
2010-05-20,1.1524,1.1573,1.1451,1.1488,1430
2010-05-21,1.1489,1.158,1.1449,1.1495,1259
2010-05-23,1.1503,1.1516,1.1489,1.1511,139
2010-05-24,1.1512,1.1619,1.1492,1.1602,1409
2010-05-25,1.1602,1.1695,1.1518,1.1574,1415
2010-05-26,1.1573,1.1623,1.1514,1.1587,1427
2010-05-27,1.1588,1.1655,1.1484,1.1521,1414
2010-05-28,1.1522,1.1596,1.148,1.159,1233
2010-05-30,1.1589,1.1592,1.157,1.1574,141
2010-05-31,1.1572,1.1583,1.1533,1.1558,1290
2010-06-01,1.1557,1.173,1.1468,1.1547,1409
2010-06-02,1.1548,1.1602,1.1527,1.1548,1409
2010-06-03,1.1547,1.1573,1.1496,1.1546,1387
2010-06-04,1.1546,1.1642,1.1419,1.1626,1232
2010-06-06,1.1643,1.1646,1.1616,1.1639,144
2010-06-07,1.1639,1.1672,1.1583,1.1626,1410
2010-06-08,1.1625,1.164,1.1485,1.1529,1406
2010-06-09,1.1529,1.1554,1.1415,1.1478,1388
2010-06-10,1.1479,1.1503,1.1397,1.1424,1416
2010-06-11,1.1425,1.1545,1.1404,1.1493,1221
2010-06-13,1.1479,1.1488,1.1435,1.1438,136
2010-06-14,1.1438,1.1467,1.1349,1.1424,1381
2010-06-15,1.1424,1.1479,1.1292,1.1332,1388
2010-06-16,1.1331,1.1338,1.1249,1.1309,1385
2010-06-17,1.131,1.1329,1.1094,1.1113,1389
2010-06-18,1.1112,1.113,1.1081,1.1083,1220
2010-06-20,1.1047,1.106,1.0996,1.1046,174
2010-06-21,1.1047,1.1136,1.1008,1.1098,1403
2010-06-22,1.1097,1.1119,1.1035,1.1081,1391
2010-06-23,1.108,1.1137,1.1019,1.1054,1389
2010-06-24,1.1054,1.1066,1.0983,1.1018,1368
2010-06-25,1.1017,1.1046,1.092,1.0926,1247
2010-06-27,1.0931,1.0942,1.0904,1.0907,126
2010-06-28,1.0907,1.0938,1.0816,1.0873,1358
2010-06-29,1.0872,1.0902,1.0801,1.0824,1365
2010-06-30,1.0823,1.0854,1.0751,1.0783,1365
2010-07-01,1.0784,1.0788,1.0577,1.0606,1410
2010-07-02,1.0606,1.0696,1.0585,1.0631,1224
2010-07-04,1.0633,1.0645,1.0632,1.0644,135
2010-07-05,1.0645,1.0673,1.0618,1.0661,1273
2010-07-06,1.0661,1.0666,1.0561,1.0602,1377
2010-07-07,1.0603,1.0636,1.0502,1.0503,1377
2010-07-08,1.0502,1.0563,1.048,1.0499,1338
2010-07-09,1.0498,1.0591,1.0489,1.0574,1160
2010-07-11,1.0574,1.0577,1.0546,1.0549,123
2010-07-12,1.0548,1.0675,1.0546,1.0608,1300
2010-07-13,1.0608,1.0645,1.0514,1.0551,1342
2010-07-14,1.0552,1.0617,1.0509,1.0524,1371
2010-07-15,1.0525,1.0546,1.04,1.0423,1388
2010-07-16,1.0424,1.0541,1.0398,1.0503,1135
2010-07-18,1.0487,1.0495,1.0477,1.0488,156
2010-07-19,1.0487,1.0559,1.0445,1.0539,1331
2010-07-20,1.054,1.0547,1.0452,1.0504,1310
2010-07-21,1.0504,1.0541,1.0484,1.0502,1360
2010-07-22,1.0502,1.0508,1.0393,1.0419,1353
2010-07-23,1.042,1.0563,1.0406,1.0542,1130
2010-07-25,1.0546,1.0546,1.0524,1.0528,137
2010-07-26,1.0527,1.0555,1.0459,1.0495,1336
2010-07-27,1.0494,1.0639,1.048,1.0611,1351
2010-07-28,1.061,1.0622,1.0536,1.0564,1340
2010-07-29,1.0564,1.0579,1.0373,1.0399,1358
2010-07-30,1.04,1.0465,1.0361,1.0409,1172
2010-08-01,1.0401,1.0437,1.0399,1.043,105
2010-08-02,1.0429,1.0475,1.0347,1.0392,1294
2010-08-03,1.0392,1.0413,1.0346,1.0398,1272
2010-08-04,1.0398,1.0553,1.0378,1.0537,1341
2010-08-05,1.0536,1.0541,1.0412,1.0465,1275
2010-08-06,1.0465,1.0507,1.0331,1.0387,1123
2010-08-08,1.0373,1.0387,1.0372,1.0383,123
2010-08-09,1.0383,1.05,1.0374,1.0493,1213
2010-08-10,1.0493,1.0617,1.0459,1.0491,1323
2010-08-11,1.049,1.0626,1.049,1.0593,1331
2010-08-12,1.0593,1.0595,1.0464,1.049,1338
2010-08-13,1.049,1.0547,1.0481,1.0511,1191
2010-08-15,1.0505,1.0519,1.0471,1.0518,146
2010-08-16,1.0519,1.0533,1.035,1.0392,1297
2010-08-17,1.0393,1.0447,1.0361,1.0443,1350
2010-08-18,1.0443,1.0452,1.0384,1.0437,1321
2010-08-19,1.0438,1.0464,1.0256,1.0318,1315
2010-08-20,1.0319,1.0392,1.0285,1.0339,1195
2010-08-22,1.0345,1.0361,1.0343,1.0348,134
2010-08-23,1.0348,1.0423,1.0301,1.0417,1322
2010-08-24,1.0418,1.045,1.0285,1.0312,1372
2010-08-25,1.0311,1.0327,1.0246,1.0297,1352
2010-08-26,1.0298,1.0317,1.0221,1.024,1369
2010-08-27,1.024,1.0304,1.0219,1.0277,1180
2010-08-29,1.0275,1.029,1.0272,1.0282,117
2010-08-30,1.0283,1.0308,1.0236,1.0252,1292
2010-08-31,1.0252,1.0258,1.0134,1.0156,1347
2010-09-01,1.0155,1.0181,1.0063,1.0165,1317
2010-09-02,1.0164,1.0184,1.0094,1.0133,1226
2010-09-03,1.0133,1.0238,1.012,1.0163,1130
2010-09-05,1.0163,1.0176,1.0161,1.0171,105
2010-09-06,1.0172,1.0182,1.0089,1.0093,1133
2010-09-07,1.0094,1.0147,1.0077,1.0111,1305
2010-09-08,1.011,1.0139,1.0059,1.0113,1284
2010-09-09,1.0113,1.0166,1.0099,1.0152,1315
2010-09-10,1.0152,1.0277,1.0134,1.0193,1177
2010-09-12,1.0198,1.0206,1.0183,1.0188,121
2010-09-13,1.0188,1.0189,1.007,1.0079,1308
2010-09-14,1.008,1.0085,0.9931,0.9962,1323
2010-09-15,0.9962,1.0048,0.9946,1.0019,1363
2010-09-16,1.0019,1.017,0.9997,1.0158,1361
2010-09-17,1.0158,1.0182,1.0068,1.0095,1172
2010-09-19,1.0088,1.0108,1.0086,1.0105,121
2010-09-20,1.0104,1.0118,1.0029,1.0043,1261
2010-09-21,1.0044,1.0074,0.9958,0.9961,1309
2010-09-22,0.9962,0.9982,0.9837,0.9867,1277
2010-09-23,0.9868,0.9899,0.9803,0.9865,1268
2010-09-24,0.9866,0.9881,0.9778,0.9829,1164
2010-09-26,0.982,0.9851,0.9814,0.9835,119
2010-09-27,0.9836,0.987,0.9815,0.9856,1294
2010-09-28,0.9857,0.9877,0.9736,0.9761,1321
2010-09-29,0.9761,0.9814,0.9733,0.9766,1285
2010-09-30,0.9767,0.9842,0.9707,0.982,1367
2010-10-01,0.982,0.9827,0.972,0.9736,1208
2010-10-03,0.974,0.9764,0.9736,0.9754,130
2010-10-04,0.9754,0.9788,0.9703,0.9717,1317
2010-10-05,0.9716,0.9738,0.9644,0.9652,1242
2010-10-06,0.9654,0.9684,0.9598,0.9623,1170
2010-10-07,0.9622,0.97,0.9554,0.9661,1176
2010-10-08,0.966,0.9696,0.959,0.9626,1107
2010-10-10,0.9606,0.9621,0.9584,0.9621,122
2010-10-11,0.962,0.9662,0.9593,0.9656,1153
2010-10-12,0.9655,0.9727,0.9553,0.9572,1216
2010-10-13,0.9573,0.9641,0.9543,0.9569,1235
2010-10-14,0.9568,0.9569,0.9462,0.9554,1254
2010-10-15,0.9553,0.9601,0.9484,0.9593,1101
2010-10-17,0.9579,0.9591,0.9575,0.9588,117
2010-10-18,0.9587,0.9648,0.954,0.9594,1273
2010-10-19,0.9593,0.9756,0.9576,0.9715,1283
2010-10-20,0.9714,0.9715,0.9571,0.9619,1325
2010-10-21,0.9618,0.9691,0.961,0.968,1327
2010-10-22,0.9681,0.9803,0.9664,0.9769,1153
2010-10-24,0.9743,0.9783,0.9741,0.9776,155
2010-10-25,0.9774,0.9782,0.9661,0.9733,1275
2010-10-26,0.9734,0.9881,0.9702,0.9846,1270
2010-10-27,0.9847,0.9928,0.9838,0.9892,1320
2010-10-28,0.9893,0.99,0.9803,0.984,1277
2010-10-29,0.9839,0.9909,0.982,0.9822,1167
2010-10-31,0.9822,0.9828,0.9812,0.982,125
2010-11-01,0.9821,0.997,0.9811,0.9919,1257
2010-11-02,0.992,0.9931,0.9757,0.9793,1226
2010-11-03,0.9792,0.9822,0.9691,0.972,1300
2010-11-04,0.9719,0.9736,0.9562,0.9579,1282
2010-11-05,0.958,0.964,0.9547,0.961,1128
2010-11-07,0.9616,0.9625,0.9602,0.9604,79
2010-11-08,0.9605,0.968,0.9601,0.9673,1332
2010-11-09,0.9674,0.9695,0.9586,0.9685,1378
2010-11-10,0.9684,0.9766,0.9672,0.9705,1344
2010-11-11,0.9706,0.9785,0.9669,0.9762,1333
2010-11-12,0.9763,0.9812,0.9722,0.9807,1257
2010-11-14,0.9786,0.9805,0.9781,0.9791,96
2010-11-15,0.979,0.987,0.9761,0.9851,1330
2010-11-16,0.985,0.9975,0.9828,0.9963,1346
2010-11-17,0.9964,0.9974,0.9881,0.9906,1310
2010-11-18,0.9907,0.9997,0.9854,0.9954,1343
2010-11-19,0.9953,0.9996,0.9875,0.9922,1242
2010-11-21,0.9922,0.9936,0.9909,0.9923,90
2010-11-22,0.9922,0.994,0.9873,0.9877,1347
2010-11-23,0.9878,0.9974,0.9847,0.9965,1369
2010-11-24,0.9964,0.9988,0.9897,0.9944,1331
2010-11-25,0.9945,1.0019,0.9943,1.0,1236
2010-11-26,1.0001,1.0052,0.9983,1.0036,1182
2010-11-28,1.0026,1.0034,1.0021,1.0027,109
2010-11-29,1.0028,1.0045,0.9987,1.0011,1333
2010-11-30,1.001,1.0042,0.9925,1.0026,1373
2010-12-01,1.0027,1.0065,0.9984,1.0028,1361
2010-12-02,1.0029,1.0053,0.9886,0.9927,1324
2010-12-03,0.9926,0.9949,0.9725,0.9734,1237
2010-12-05,0.9753,0.9758,0.9739,0.9749,98
2010-12-06,0.9751,0.9873,0.9725,0.982,1252
2010-12-07,0.9821,0.9883,0.9755,0.9878,1312
2010-12-08,0.9879,0.9914,0.9848,0.9863,1338
2010-12-09,0.9864,0.9894,0.9808,0.9831,1319
2010-12-10,0.983,0.984,0.9793,0.9806,1180
2010-12-12,0.9839,0.984,0.9813,0.9818,79
2010-12-13,0.9817,0.985,0.9647,0.9678,1212
2010-12-14,0.9679,0.9689,0.956,0.961,1297
2010-12-15,0.9609,0.9695,0.9573,0.9672,1287
2010-12-16,0.9671,0.9733,0.9638,0.9645,1296
2010-12-17,0.9644,0.9719,0.9557,0.9687,1175
2010-12-19,0.9681,0.971,0.968,0.9698,91
2010-12-20,0.9699,0.9719,0.963,0.9647,1261
2010-12-21,0.9646,0.9649,0.9561,0.9579,1325
2010-12-22,0.9578,0.9587,0.9502,0.9513,1245
2010-12-23,0.9514,0.9663,0.9497,0.9575,1199
2010-12-24,0.9574,0.9633,0.9555,0.9627,833
2010-12-26,0.9615,0.964,0.9608,0.9636,64
2010-12-27,0.9637,0.9645,0.9574,0.9587,1173
2010-12-28,0.9586,0.9587,0.9433,0.9519,1240
2010-12-29,0.9518,0.9532,0.9437,0.9446,1181
2010-12-30,0.9445,0.9448,0.9341,0.9345,1143
2010-12-31,0.9346,0.9396,0.9299,0.934,1022
2011-01-02,0.9344,0.9346,0.932,0.932,76
2011-01-03,0.9319,0.9382,0.9319,0.9341,1147
2011-01-04,0.9342,0.9516,0.9326,0.9471,1299
2011-01-05,0.947,0.9684,0.9468,0.9659,1322
2011-01-06,0.9658,0.9707,0.9609,0.9658,1300
2011-01-07,0.9657,0.9689,0.9603,0.9671,1212
2011-01-09,0.9689,0.9697,0.9655,0.9667,94
2011-01-10,0.9666,0.9726,0.9629,0.966,1245
2011-01-11,0.9659,0.9783,0.9659,0.9735,1304
2011-01-12,0.9736,0.9755,0.966,0.9671,1322
2011-01-13,0.9672,0.9762,0.9611,0.9639,1275
2011-01-14,0.964,0.9686,0.9604,0.9634,1186
2011-01-16,0.9625,0.9643,0.9625,0.9638,74
2011-01-17,0.9637,0.9675,0.9634,0.9646,1155
2011-01-18,0.9647,0.9655,0.955,0.9637,1279
2011-01-19,0.9638,0.964,0.9519,0.9559,1307
2011-01-20,0.956,0.9683,0.9526,0.9669,1315
2011-01-21,0.9668,0.9686,0.9572,0.9581,1201
2011-01-23,0.9559,0.9588,0.9559,0.9583,103
2011-01-24,0.9582,0.9621,0.947,0.9491,1273
2011-01-25,0.9492,0.9521,0.9402,0.9422,1349
2011-01-26,0.9421,0.9464,0.9399,0.9426,1272
2011-01-27,0.9425,0.948,0.9388,0.946,1244
2011-01-28,0.9461,0.947,0.9404,0.9417,1198
2011-01-30,0.9412,0.9426,0.9406,0.9417,99
2011-01-31,0.9418,0.9448,0.9367,0.9433,1271
2011-02-01,0.9434,0.9455,0.9336,0.9354,1303
2011-02-02,0.9353,0.9441,0.9327,0.9396,1271
2011-02-03,0.9397,0.9524,0.9394,0.9463,1264
2011-02-04,0.9462,0.9593,0.9452,0.955,1143
2011-02-06,0.9575,0.9575,0.9544,0.9546,99
2011-02-07,0.9545,0.9597,0.9529,0.9548,1231
2011-02-08,0.9549,0.9642,0.9523,0.9632,1264
2011-02-09,0.9633,0.9659,0.9551,0.9582,1209
2011-02-10,0.9583,0.9702,0.9579,0.9687,1231
2011-02-11,0.9686,0.9774,0.9677,0.973,1156
2011-02-13,0.9744,0.9744,0.9725,0.9737,103
2011-02-14,0.9736,0.9743,0.969,0.9707,1202
2011-02-15,0.9708,0.9728,0.9648,0.9661,1283
2011-02-16,0.9662,0.9738,0.9552,0.9591,1269
2011-02-17,0.959,0.9601,0.9476,0.9495,1226
2011-02-18,0.9493,0.9538,0.9435,0.9444,1160
2011-02-20,0.9433,0.9462,0.9433,0.9439,91
2011-02-21,0.9441,0.9488,0.9438,0.9459,1176
2011-02-22,0.946,0.9505,0.9365,0.9376,1323
2011-02-23,0.9375,0.9391,0.9306,0.9318,1308
2011-02-24,0.9319,0.9324,0.9232,0.9248,1345
2011-02-25,0.9247,0.9317,0.9239,0.9281,1185
2011-02-27,0.9283,0.9285,0.9276,0.9282,87
2011-02-28,0.9281,0.9305,0.9258,0.9288,1249
2011-03-01,0.9287,0.9321,0.9273,0.9283,1276
2011-03-02,0.9282,0.929,0.92,0.9235,1240
2011-03-03,0.9236,0.9326,0.9231,0.932,1234
2011-03-04,0.9319,0.9328,0.9223,0.9244,1065
2011-03-06,0.9254,0.9262,0.925,0.9262,71
2011-03-07,0.926,0.9274,0.9235,0.9263,1096
2011-03-08,0.9264,0.9362,0.926,0.9351,1147
2011-03-09,0.9352,0.9368,0.9267,0.9297,1169
2011-03-10,0.9298,0.9362,0.928,0.9319,1257
2011-03-11,0.9318,0.9357,0.9267,0.9296,1151
2011-03-13,0.9275,0.9292,0.9256,0.9283,166
2011-03-14,0.9284,0.9315,0.9228,0.9247,1174
2011-03-15,0.9249,0.925,0.9139,0.9181,1302
2011-03-16,0.918,0.9196,0.8909,0.9039,1302
2011-03-17,0.9037,0.9058,0.8962,0.8993,1353
2011-03-18,0.8995,0.909,0.8987,0.9005,1178
2011-03-20,0.8994,0.9035,0.8994,0.9035,135
2011-03-21,0.9036,0.9074,0.9029,0.905,1210
2011-03-22,0.9051,0.9056,0.9012,0.9041,1143
2011-03-23,0.904,0.9087,0.8977,0.908,1231
2011-03-24,0.9079,0.9123,0.9028,0.9083,1183
2011-03-25,0.9082,0.9214,0.9077,0.9198,993
2011-03-27,0.9215,0.9227,0.9203,0.9225,137
2011-03-28,0.9224,0.9233,0.9151,0.9164,1203
2011-03-29,0.9163,0.9223,0.9139,0.9198,1160
2011-03-30,0.9199,0.9274,0.9174,0.9192,1277
2011-03-31,0.9191,0.9199,0.9125,0.9199,1256
2011-04-01,0.9198,0.9339,0.9186,0.9237,1121
2011-04-03,0.9241,0.9258,0.9239,0.9254,143
2011-04-04,0.9255,0.9261,0.919,0.9242,1134
2011-04-05,0.9243,0.9272,0.9204,0.9251,1204
2011-04-06,0.925,0.9294,0.9129,0.918,1247
2011-04-07,0.9181,0.9198,0.9151,0.9158,1226
2011-04-08,0.9159,0.9165,0.9057,0.9062,1127
2011-04-10,0.9073,0.9094,0.9073,0.909,113
2011-04-11,0.9089,0.9103,0.9045,0.9062,1192
2011-04-12,0.9061,0.9074,0.8941,0.897,1297
2011-04-13,0.8971,0.899,0.8928,0.8953,1257
2011-04-14,0.8954,0.8968,0.8895,0.8922,1223
2011-04-15,0.8923,0.8958,0.8914,0.8922,1035
2011-04-17,0.8926,0.893,0.8919,0.8928,108
2011-04-18,0.8927,0.8999,0.8904,0.8955,1258
2011-04-19,0.8956,0.9015,0.8945,0.8991,1204
2011-04-20,0.899,0.8996,0.8873,0.8885,1255
2011-04-21,0.8884,0.8888,0.878,0.886,1160
2011-04-22,0.8861,0.8877,0.8845,0.8862,718
2011-04-24,0.8853,0.8863,0.8836,0.8838,115
2011-04-25,0.8837,0.8872,0.8771,0.8813,1096
2011-04-26,0.8814,0.8851,0.8669,0.8702,1260
2011-04-27,0.8703,0.8833,0.8703,0.8752,1250
2011-04-28,0.8753,0.8758,0.8687,0.873,1268
2011-04-29,0.8729,0.8747,0.8625,0.8651,1062
2011-05-01,0.865,0.8664,0.8637,0.8642,152
2011-05-02,0.8641,0.8695,0.8624,0.866,1233
2011-05-03,0.8659,0.8672,0.8595,0.8613,1229
2011-05-04,0.8614,0.8648,0.8552,0.861,1274
2011-05-05,0.8609,0.8712,0.8555,0.87,1299
2011-05-06,0.8701,0.8797,0.8675,0.8787,1202
2011-05-08,0.8786,0.8786,0.876,0.8765,143
2011-05-09,0.8764,0.8787,0.8707,0.8714,1283
2011-05-10,0.8715,0.8822,0.8714,0.8805,1289
2011-05-11,0.8804,0.8883,0.8782,0.886,1281
2011-05-12,0.8861,0.8903,0.8825,0.8845,1247
2011-05-13,0.8846,0.8945,0.8797,0.8924,1136
2011-05-15,0.8927,0.8937,0.8925,0.8935,141
2011-05-16,0.8936,0.8938,0.8798,0.8851,1291
2011-05-17,0.885,0.8882,0.8783,0.8799,1306
2011-05-18,0.88,0.8843,0.8782,0.8811,1292
2011-05-19,0.881,0.8878,0.8764,0.8805,1284
2011-05-20,0.8804,0.8854,0.8746,0.8773,1117
2011-05-22,0.879,0.8792,0.877,0.8773,136
2011-05-23,0.8774,0.8892,0.8755,0.8883,1295
2011-05-24,0.8884,0.8885,0.8781,0.8801,1251
2011-05-25,0.88,0.8813,0.8708,0.8731,1264
2011-05-26,0.873,0.8732,0.8644,0.8654,1290
2011-05-27,0.8655,0.8661,0.8463,0.8493,1187
2011-05-29,0.8488,0.8512,0.8488,0.8509,132
2011-05-30,0.851,0.853,0.8481,0.8489,1081
2011-05-31,0.849,0.8545,0.8465,0.8516,1235
2011-06-01,0.8515,0.8541,0.8382,0.8421,1234
2011-06-02,0.8422,0.8452,0.8401,0.8426,1260
2011-06-03,0.8427,0.8445,0.833,0.8338,1133
2011-06-05,0.8348,0.8352,0.8327,0.833,123
2011-06-06,0.8331,0.8385,0.8328,0.8349,1217
2011-06-07,0.8348,0.839,0.8325,0.8367,1228
2011-06-08,0.8366,0.8379,0.8346,0.8362,1225
2011-06-09,0.8361,0.8445,0.8354,0.8411,1252
2011-06-10,0.8412,0.8439,0.8395,0.8429,1141
2011-06-12,0.8431,0.8434,0.8418,0.8419,97
2011-06-13,0.8418,0.8467,0.8352,0.8367,1241
2011-06-14,0.8366,0.8456,0.8346,0.845,1262
2011-06-15,0.8449,0.855,0.8442,0.8518,1318
2011-06-16,0.8519,0.8549,0.8468,0.8487,1298
2011-06-17,0.8488,0.8509,0.8441,0.8482,1145
2011-06-19,0.8491,0.8494,0.8475,0.8487,113
2011-06-20,0.8488,0.8515,0.8405,0.8441,1251
2011-06-21,0.844,0.8451,0.8399,0.8419,1210
2011-06-22,0.842,0.8431,0.8339,0.8403,1221
2011-06-23,0.8404,0.8437,0.8363,0.8385,1275
2011-06-24,0.8386,0.8394,0.8318,0.8329,1129
2011-06-26,0.8325,0.8355,0.8317,0.8348,132
2011-06-27,0.8349,0.8383,0.8318,0.834,1201
2011-06-28,0.8339,0.8357,0.8274,0.8324,1234
2011-06-29,0.8325,0.8367,0.8296,0.8339,1206
2011-06-30,0.8338,0.8462,0.8304,0.8421,1267
2011-07-01,0.842,0.8525,0.8406,0.8477,1117
2011-07-03,0.8483,0.8487,0.8461,0.847,139
2011-07-04,0.8469,0.8502,0.8462,0.8483,1112
2011-07-05,0.8482,0.8505,0.8382,0.8405,1269
2011-07-06,0.8406,0.8441,0.8362,0.8392,1257
2011-07-07,0.8391,0.8494,0.8378,0.8448,1207
2011-07-08,0.8449,0.8519,0.8358,0.8364,1062
2011-07-10,0.8385,0.8385,0.8359,0.8373,143
2011-07-11,0.8372,0.8387,0.8329,0.836,1254
2011-07-12,0.8359,0.8397,0.828,0.8315,1317
2011-07-13,0.8316,0.8329,0.808,0.8099,1310
2011-07-14,0.81,0.8198,0.8099,0.8137,1278
2011-07-15,0.8138,0.819,0.8123,0.8146,1126
2011-07-17,0.8092,0.8111,0.8086,0.8104,157
2011-07-18,0.8105,0.8193,0.8104,0.8164,1264
2011-07-19,0.8165,0.8276,0.815,0.8243,1254
2011-07-20,0.8242,0.8254,0.8176,0.8223,1248
2011-07-21,0.8224,0.8236,0.8136,0.8174,1256
2011-07-22,0.8173,0.8246,0.8152,0.8196,1066
2011-07-24,0.8117,0.8146,0.8113,0.8136,151
2011-07-25,0.8137,0.8155,0.8019,0.8054,1148
2011-07-26,0.8055,0.8066,0.7997,0.8015,1256
2011-07-27,0.8014,0.8045,0.7995,0.8011,1205
2011-07-28,0.8012,0.8045,0.7989,0.8016,1224
2011-07-29,0.8015,0.803,0.785,0.7855,1133
2011-07-31,0.7922,0.7945,0.7903,0.792,153
2011-08-01,0.7919,0.7952,0.773,0.7844,1332
2011-08-02,0.7845,0.7847,0.7609,0.7661,1360
2011-08-03,0.766,0.7787,0.7627,0.7707,1352
2011-08-04,0.7706,0.78,0.7614,0.765,1404
2011-08-05,0.7652,0.7736,0.7578,0.7672,1210
2011-08-07,0.7588,0.7632,0.7556,0.7612,169
2011-08-08,0.7611,0.765,0.7482,0.7541,1389
2011-08-09,0.754,0.7592,0.7082,0.723,1415
2011-08-10,0.7231,0.7326,0.7179,0.7259,1367
2011-08-11,0.7258,0.7686,0.7237,0.7624,1375
2011-08-12,0.7623,0.7784,0.7547,0.7775,1204
2011-08-14,0.783,0.7914,0.7818,0.7902,159
2011-08-15,0.7901,0.7996,0.7787,0.7839,1304
2011-08-16,0.7838,0.7977,0.7768,0.7955,1309
2011-08-17,0.7954,0.8015,0.7824,0.7906,1279
2011-08-18,0.7905,0.7988,0.7856,0.7945,1282
2011-08-19,0.7946,0.7959,0.7805,0.7849,1141
2011-08-21,0.7904,0.7905,0.7861,0.7869,144
2011-08-22,0.7868,0.791,0.7837,0.7893,1272
2011-08-23,0.7894,0.7935,0.7851,0.7927,1262
2011-08-24,0.7928,0.7964,0.7874,0.7957,1278
2011-08-25,0.7956,0.7988,0.7909,0.7935,1233
2011-08-26,0.7936,0.8156,0.7891,0.8061,1136
2011-08-28,0.8071,0.8091,0.8069,0.8091,134
2011-08-29,0.809,0.824,0.8074,0.8169,1254
2011-08-30,0.817,0.8231,0.812,0.8202,1286
2011-08-31,0.8203,0.8207,0.7992,0.8051,1318
2011-09-01,0.805,0.8087,0.7925,0.7943,1294
2011-09-02,0.7942,0.795,0.771,0.7882,1156
2011-09-04,0.787,0.7906,0.787,0.7895,138
2011-09-05,0.7896,0.7911,0.782,0.785,1269
2011-09-06,0.7849,0.8625,0.7839,0.8609,1327
2011-09-07,0.861,0.8615,0.8539,0.8586,1322
2011-09-08,0.8587,0.8768,0.8581,0.8746,1352
2011-09-09,0.8745,0.8863,0.8704,0.8836,1201
2011-09-11,0.8876,0.8894,0.8859,0.8877,162
2011-09-12,0.8876,0.8926,0.8798,0.8828,1405
2011-09-13,0.8827,0.8878,0.8757,0.88,1356
2011-09-14,0.8801,0.8853,0.8728,0.8761,1381
2011-09-15,0.876,0.8796,0.8646,0.8696,1360
2011-09-16,0.8695,0.8776,0.8695,0.875,1160
2011-09-18,0.8808,0.883,0.8795,0.8817,157
2011-09-19,0.8816,0.8874,0.8798,0.8852,1353
2011-09-20,0.8851,0.892,0.8695,0.887,1361
2011-09-21,0.8871,0.9012,0.8855,0.9,1383
2011-09-22,0.9001,0.9181,0.8991,0.9072,1341
2011-09-23,0.9073,0.9081,0.8995,0.905,1226
2011-09-25,0.904,0.9064,0.9034,0.9061,139
2011-09-26,0.906,0.9142,0.9005,0.9026,1349
2011-09-27,0.9025,0.9057,0.8924,0.8963,1351
2011-09-28,0.8964,0.902,0.8925,0.9019,1344
2011-09-29,0.9018,0.9019,0.8917,0.8971,1319
2011-09-30,0.897,0.9084,0.8965,0.908,1187
2011-10-02,0.9105,0.9108,0.9082,0.9095,155
2011-10-03,0.9096,0.9215,0.9076,0.9207,1312
2011-10-04,0.9206,0.926,0.9147,0.9183,1370
2011-10-05,0.9184,0.925,0.916,0.9232,1367
2011-10-06,0.9231,0.9314,0.9184,0.9194,1315
2011-10-07,0.9195,0.9286,0.9145,0.9272,1195
2011-10-09,0.9274,0.9274,0.9259,0.9259,99
2011-10-10,0.9258,0.9261,0.9001,0.9045,1273
2011-10-11,0.9046,0.9121,0.9023,0.9085,1346
2011-10-12,0.9086,0.911,0.8916,0.8963,1312
2011-10-13,0.8962,0.9038,0.8926,0.8998,1322
2011-10-14,0.8997,0.9008,0.8902,0.8915,1163
2011-10-16,0.8921,0.8926,0.891,0.892,138
2011-10-17,0.8921,0.8996,0.888,0.8982,1280
2011-10-18,0.8981,0.9047,0.8944,0.8995,1347
2011-10-19,0.8994,0.9037,0.8949,0.9028,1309
2011-10-20,0.9029,0.9081,0.8928,0.8933,1331
2011-10-21,0.8934,0.8951,0.8805,0.8824,1196
2011-10-23,0.8847,0.8851,0.8825,0.8837,137
2011-10-24,0.8836,0.8877,0.8788,0.8796,1312
2011-10-25,0.8797,0.8844,0.877,0.8784,1327
2011-10-26,0.8785,0.8858,0.8727,0.8809,1254
2011-10-27,0.8808,0.8811,0.8566,0.8597,1337
2011-10-28,0.8596,0.865,0.8596,0.8631,1098
2011-10-30,0.8628,0.8633,0.8613,0.8624,103
2011-10-31,0.8625,0.8786,0.8609,0.8772,1351
2011-11-01,0.8773,0.8959,0.8765,0.8894,1364
2011-11-02,0.8895,0.8895,0.8793,0.8862,1318
2011-11-03,0.8861,0.8892,0.876,0.8778,1340
2011-11-04,0.8777,0.8904,0.8775,0.8842,1159
2011-11-06,0.8872,0.8913,0.8868,0.8904,108
2011-11-07,0.8905,0.9029,0.8892,0.9013,1331
2011-11-08,0.9012,0.9066,0.8921,0.8946,1300
2011-11-09,0.8947,0.9109,0.8921,0.9107,1300
2011-11-10,0.9108,0.9151,0.9017,0.9057,1325
2011-11-11,0.9058,0.9082,0.8952,0.8998,1197
2011-11-13,0.8984,0.9008,0.8984,0.8992,103
2011-11-14,0.8993,0.9091,0.896,0.9085,1334
2011-11-15,0.9084,0.9197,0.908,0.9178,1326
2011-11-16,0.9177,0.9228,0.9138,0.9215,1372
2011-11-17,0.9214,0.9235,0.9151,0.9219,1331
2011-11-18,0.9218,0.9222,0.9084,0.9164,1244
2011-11-20,0.9174,0.918,0.9161,0.9163,94
2011-11-21,0.9164,0.9208,0.9139,0.9176,1345
2011-11-22,0.9175,0.9185,0.9106,0.9133,1301
2011-11-23,0.9134,0.9213,0.9127,0.9197,1362
2011-11-24,0.9196,0.9215,0.9152,0.9206,1173
2011-11-25,0.9205,0.9329,0.9204,0.9298,1199
2011-11-27,0.9278,0.9285,0.9268,0.9276,106
2011-11-28,0.9277,0.9306,0.9174,0.9227,1336
2011-11-29,0.9228,0.9243,0.9138,0.9211,1326
2011-11-30,0.9212,0.925,0.9065,0.9137,1334
2011-12-01,0.9136,0.919,0.9069,0.9154,1346
2011-12-02,0.9155,0.924,0.911,0.9212,1164
2011-12-04,0.92096,0.92254,0.91982,0.9202,120
2011-12-05,0.92021,0.92303,0.91638,0.92144,1438
2011-12-06,0.92149,0.9295,0.92058,0.92515,1437
2011-12-07,0.92513,0.92871,0.92263,0.92415,1440
2011-12-08,0.92418,0.92893,0.91753,0.92554,1437
2011-12-09,0.92557,0.92834,0.91806,0.92304,1320
2011-12-11,0.92521,0.92639,0.92478,0.92566,119
2011-12-12,0.92567,0.93869,0.92473,0.93861,1434
2011-12-13,0.9386,0.94768,0.93407,0.94623,1440
2011-12-14,0.94619,0.95391,0.94282,0.95382,1437
2011-12-15,0.95384,0.95464,0.93874,0.9395,1438
2011-12-16,0.93949,0.94137,0.93502,0.93592,1315
2011-12-18,0.93634,0.93673,0.93591,0.93627,118
2011-12-19,0.93629,0.93986,0.93467,0.93678,1437
2011-12-20,0.9368,0.93797,0.92663,0.93143,1436
2011-12-21,0.93144,0.93922,0.9243,0.93628,1433
2011-12-22,0.93627,0.93985,0.93056,0.93544,1433
2011-12-23,0.93542,0.9387,0.93332,0.93651,1316
2011-12-26,0.93661,0.93752,0.93408,0.93672,837
2011-12-27,0.93671,0.93844,0.93308,0.93424,1413
2011-12-28,0.93425,0.94404,0.93191,0.94342,1425
2011-12-29,0.94341,0.94691,0.93958,0.94018,1437
2011-12-30,0.94021,0.94265,0.93399,0.93876,1317
2012-01-02,0.94051,0.94111,0.93484,0.93942,981
2012-01-03,0.93939,0.93992,0.93035,0.93172,1431
2012-01-04,0.93174,0.94475,0.93165,0.94216,1436
2012-01-05,0.94218,0.95371,0.94131,0.95229,1438
2012-01-06,0.95228,0.95775,0.95044,0.95497,1319
2012-01-08,0.9574,0.95943,0.95644,0.95829,120
2012-01-09,0.95828,0.95829,0.94759,0.94803,1438
2012-01-10,0.94812,0.95128,0.94644,0.95062,1436
2012-01-11,0.95063,0.95656,0.94814,0.95325,1436
2012-01-12,0.95324,0.95447,0.94104,0.94383,1439
2012-01-13,0.94382,0.95735,0.94056,0.95187,1320
2012-01-15,0.955,0.95517,0.95393,0.954,120
2012-01-16,0.95401,0.95734,0.95241,0.95543,1439
2012-01-17,0.95544,0.95553,0.94474,0.94888,1438
2012-01-18,0.94881,0.94954,0.93816,0.93872,1438
2012-01-19,0.93874,0.94109,0.93162,0.93241,1438
2012-01-20,0.93239,0.93684,0.93053,0.93443,1317
2012-01-22,0.93744,0.93785,0.93644,0.93695,119
2012-01-23,0.93693,0.93741,0.92511,0.92668,1440
2012-01-24,0.92672,0.931,0.92335,0.92752,1436
2012-01-25,0.92742,0.9338,0.92029,0.92175,1438
2012-01-26,0.92176,0.92273,0.91553,0.92164,1440
2012-01-27,0.92168,0.92273,0.91135,0.91243,1320
2012-01-29,0.91197,0.91341,0.91193,0.91317,118
2012-01-30,0.91318,0.9208,0.91296,0.91747,1439
2012-01-31,0.91746,0.92265,0.91214,0.9203,1440
2012-02-01,0.92028,0.92486,0.91138,0.91439,1440
2012-02-02,0.91437,0.92064,0.91294,0.91743,1438
2012-02-03,0.91742,0.92329,0.91271,0.91801,1317
2012-02-05,0.92006,0.92055,0.91897,0.91917,120
2012-02-06,0.91916,0.92616,0.91773,0.91938,1438
2012-02-07,0.91937,0.92258,0.91074,0.91222,1439
2012-02-08,0.91223,0.91511,0.91056,0.91329,1439
2012-02-09,0.9133,0.91459,0.90876,0.91211,1440
2012-02-10,0.91212,0.9199,0.91015,0.91642,1319
2012-02-12,0.91508,0.91551,0.91185,0.91355,120
2012-02-13,0.91354,0.91905,0.91016,0.91856,1436
2012-02-14,0.91857,0.92285,0.91417,0.91966,1439
2012-02-15,0.91964,0.92498,0.91542,0.92435,1440
2012-02-16,0.92434,0.9299,0.91747,0.91909,1439
2012-02-17,0.9191,0.92055,0.91586,0.91988,1317
2012-02-19,0.91732,0.91787,0.91364,0.91477,120
2012-02-20,0.9147,0.91631,0.90864,0.91342,1434
2012-02-21,0.91341,0.9148,0.9082,0.91154,1439
2012-02-22,0.91153,0.91371,0.90958,0.91009,1439
2012-02-23,0.91007,0.91131,0.90074,0.90089,1439
2012-02-24,0.9009,0.90261,0.89298,0.89587,1319
2012-02-26,0.89465,0.8952,0.89367,0.89418,120
2012-02-27,0.8942,0.90096,0.8942,0.89843,1437
2012-02-28,0.8984,0.90004,0.89406,0.8941,1439
2012-02-29,0.89409,0.9051,0.89349,0.9046,1440
2012-03-01,0.90459,0.90707,0.90206,0.90494,1438
2012-03-02,0.90495,0.91482,0.90452,0.91404,1319
2012-03-04,0.91429,0.91478,0.9136,0.91467,117
2012-03-05,0.91469,0.9161,0.91048,0.91179,1438
2012-03-06,0.91178,0.91953,0.91133,0.91859,1440
2012-03-07,0.91853,0.92003,0.91555,0.91692,1440
2012-03-08,0.91694,0.91745,0.90699,0.90826,1439
2012-03-09,0.90827,0.92056,0.90824,0.91855,1319
2012-03-11,0.91996,0.92001,0.9189,0.919,168
2012-03-12,0.91903,0.92174,0.91506,0.91522,1439
2012-03-13,0.91524,0.92482,0.91392,0.92354,1439
2012-03-14,0.92351,0.93302,0.92308,0.93152,1437
2012-03-15,0.9315,0.93338,0.92002,0.92328,1437
2012-03-16,0.92329,0.92527,0.91498,0.91549,1257
2012-03-18,0.91559,0.91573,0.91499,0.91562,172
2012-03-19,0.91561,0.91768,0.90906,0.91166,1432
2012-03-20,0.91165,0.91521,0.90985,0.91103,1435
2012-03-21,0.91102,0.91475,0.90762,0.91215,1436
2012-03-22,0.91214,0.91772,0.90939,0.91293,1438
2012-03-23,0.91292,0.91384,0.90658,0.90793,1260
2012-03-25,0.9078,0.90809,0.90696,0.90717,176
2012-03-26,0.90712,0.91353,0.90209,0.90299,1432
2012-03-27,0.90298,0.90524,0.90151,0.90441,1435
2012-03-28,0.90443,0.90806,0.9015,0.90445,1436
2012-03-29,0.90446,0.90918,0.90315,0.90535,1438
2012-03-30,0.90537,0.90556,0.90077,0.9022,1259
2012-04-01,0.90096,0.90134,0.90024,0.90125,175
2012-04-02,0.90124,0.90701,0.90006,0.90284,1431
2012-04-03,0.90282,0.91132,0.90026,0.91093,1436
2012-04-04,0.91092,0.91818,0.90998,0.91546,1437
2012-04-05,0.91543,0.9221,0.91419,0.92001,1433
2012-04-06,0.92003,0.92052,0.91595,0.91675,1248
2012-04-08,0.91659,0.9195,0.91651,0.91794,165
2012-04-09,0.91793,0.92161,0.91498,0.91703,1436
2012-04-10,0.91702,0.92092,0.9145,0.91889,1439
2012-04-11,0.91891,0.91932,0.91281,0.91712,1439
2012-04-12,0.91713,0.91777,0.90902,0.91113,1436
2012-04-13,0.91111,0.9201,0.91026,0.91943,1260
2012-04-15,0.9202,0.92183,0.9197,0.9217,175
2012-04-16,0.92169,0.925,0.91392,0.91557,1438
2012-04-17,0.91559,0.91811,0.91239,0.91453,1440
2012-04-18,0.91451,0.92089,0.91429,0.91616,1439
2012-04-19,0.91619,0.91943,0.91277,0.91452,1435
2012-04-20,0.91454,0.91538,0.9082,0.9087,1260
2012-04-22,0.91124,0.91129,0.90948,0.9096,177
2012-04-23,0.90959,0.91709,0.90944,0.91375,1434
2012-04-24,0.91376,0.9141,0.90895,0.91055,1437
2012-04-25,0.91056,0.91204,0.90775,0.90805,1433
2012-04-26,0.90806,0.91166,0.9057,0.91077,1439
2012-04-27,0.91078,0.91322,0.90507,0.90621,1258
2012-04-29,0.90724,0.90737,0.9066,0.90706,174
2012-04-30,0.90708,0.90956,0.90544,0.90741,1423
2012-05-01,0.90739,0.90983,0.90415,0.90753,1417
2012-05-02,0.90754,0.91558,0.90748,0.91371,1434
2012-05-03,0.9137,0.91726,0.91136,0.91335,1421
2012-05-04,0.91336,0.9183,0.9114,0.91802,1254
2012-05-06,0.92286,0.92699,0.92133,0.9265,179
2012-05-07,0.92649,0.92651,0.91937,0.91982,1435
2012-05-08,0.91984,0.92501,0.91975,0.9243,1437
2012-05-09,0.92429,0.93003,0.92359,0.92843,1440
2012-05-10,0.92844,0.92918,0.92552,0.92862,1440
2012-05-11,0.92864,0.93054,0.927,0.92977,1260
2012-05-13,0.93084,0.93223,0.93074,0.93129,180
2012-05-14,0.93127,0.93703,0.93072,0.93609,1436
2012-05-15,0.93607,0.94395,0.93329,0.94302,1439
2012-05-16,0.94304,0.94693,0.94128,0.94324,1437
2012-05-17,0.94318,0.94805,0.94192,0.94576,1438
2012-05-18,0.94573,0.94991,0.93857,0.93972,1260
2012-05-20,0.94064,0.9421,0.93937,0.94032,180
2012-05-21,0.94031,0.9437,0.93664,0.93736,1436
2012-05-22,0.93734,0.94908,0.93718,0.94848,1438
2012-05-23,0.94846,0.95716,0.94657,0.95601,1439
2012-05-24,0.95599,0.95939,0.95329,0.95859,1438
2012-05-25,0.95856,0.961,0.95395,0.95923,1259
2012-05-27,0.95604,0.95708,0.95591,0.95623,180
2012-05-28,0.95621,0.96011,0.95274,0.95981,1419
2012-05-29,0.9598,0.96366,0.95579,0.96247,1440
2012-05-30,0.96245,0.97163,0.96179,0.97066,1439
2012-05-31,0.97067,0.97348,0.96649,0.97141,1437
2012-06-01,0.97143,0.97703,0.96388,0.96594,1260
2012-06-03,0.96724,0.96883,0.96516,0.96862,178
2012-06-04,0.96861,0.96948,0.95872,0.95879,1439
2012-06-05,0.95878,0.96754,0.95757,0.96366,1436
2012-06-06,0.96368,0.96499,0.95391,0.95487,1438
2012-06-07,0.9549,0.95768,0.95125,0.95548,1440
2012-06-08,0.95549,0.96564,0.95513,0.9595,1260
2012-06-10,0.95062,0.95102,0.94752,0.94972,180
2012-06-11,0.94975,0.96453,0.94972,0.96249,1438
2012-06-12,0.96246,0.96491,0.95836,0.96069,1439
2012-06-13,0.96068,0.96269,0.95206,0.95509,1440
2012-06-14,0.95508,0.95726,0.95031,0.95104,1439
2012-06-15,0.95106,0.95364,0.94803,0.95011,1260
2012-06-17,0.94565,0.94588,0.94206,0.94543,178
2012-06-18,0.94545,0.95626,0.94391,0.95331,1438
2012-06-19,0.9533,0.95537,0.94317,0.94704,1436
2012-06-20,0.94705,0.95003,0.94222,0.94707,1437
2012-06-21,0.94706,0.95822,0.94561,0.95693,1438
2012-06-22,0.95694,0.95906,0.9542,0.95523,1260
2012-06-24,0.95696,0.95804,0.95628,0.95781,175
2012-06-25,0.95778,0.96278,0.95726,0.96042,1432
2012-06-26,0.96043,0.9651,0.95833,0.96171,1434
2012-06-27,0.96172,0.9649,0.96005,0.96296,1434
2012-06-28,0.96295,0.96773,0.95898,0.96516,1440
2012-06-29,0.96517,0.96585,0.94619,0.94865,1260
2012-07-01,0.94728,0.94989,0.94726,0.94956,178
2012-07-02,0.94955,0.95578,0.94827,0.9547,1429
2012-07-03,0.95469,0.95623,0.95111,0.95277,1430
2012-07-04,0.95278,0.96032,0.95263,0.9596,1428
2012-07-05,0.95961,0.97142,0.95796,0.96917,1435
2012-07-06,0.96915,0.97934,0.96839,0.97725,1259
2012-07-08,0.9794,0.97988,0.97791,0.9787,178
2012-07-09,0.97871,0.97879,0.9744,0.97491,1438
2012-07-10,0.97486,0.98139,0.97361,0.97979,1435
2012-07-11,0.9798,0.98305,0.97655,0.98062,1434
2012-07-12,0.98064,0.98685,0.98057,0.98511,1436
2012-07-13,0.98508,0.98717,0.97974,0.98028,1259
2012-07-15,0.97887,0.98071,0.97858,0.98051,176
2012-07-16,0.98053,0.98621,0.97715,0.979,1431
2012-07-17,0.97901,0.98507,0.97501,0.97682,1435
2012-07-18,0.97681,0.98285,0.97592,0.97811,1432
2012-07-19,0.9781,0.98193,0.97463,0.97821,1420
2012-07-20,0.9782,0.98864,0.97765,0.98776,1259
2012-07-22,0.99069,0.99128,0.98979,0.99015,179
2012-07-23,0.99014,0.99503,0.98868,0.99044,1432
2012-07-24,0.99043,0.99707,0.98937,0.99554,1437
2012-07-25,0.99553,0.99622,0.98668,0.9892,1436
2012-07-26,0.98921,0.99092,0.97402,0.97802,1432
2012-07-27,0.97804,0.98078,0.96938,0.97475,1259
2012-07-29,0.9765,0.97672,0.97545,0.97609,179
2012-07-30,0.97608,0.98224,0.97588,0.97961,1435
2012-07-31,0.97962,0.98039,0.97399,0.97697,1440
2012-08-01,0.97698,0.98323,0.97359,0.98135,1430
2012-08-02,0.98134,0.98972,0.96905,0.98632,1439
2012-08-03,0.98631,0.98717,0.96936,0.96998,1259
2012-08-05,0.96879,0.9702,0.96555,0.96672,180
2012-08-06,0.96671,0.97404,0.96641,0.96945,1432
2012-08-07,0.96944,0.9705,0.96566,0.96993,1419
2012-08-08,0.96991,0.97433,0.9685,0.97082,1436
2012-08-09,0.97083,0.97888,0.96967,0.97685,1433
2012-08-10,0.97686,0.98085,0.97481,0.97694,1257
2012-08-12,0.97698,0.97829,0.97688,0.97828,170
2012-08-13,0.97826,0.97937,0.97048,0.97425,1429
2012-08-14,0.97424,0.97514,0.96958,0.97451,1436
2012-08-15,0.97452,0.97909,0.97302,0.9772,1432
2012-08-16,0.97717,0.97979,0.97053,0.97185,1433
2012-08-17,0.97181,0.97717,0.96986,0.9737,1257
2012-08-19,0.97221,0.97421,0.97217,0.97392,174
2012-08-20,0.9739,0.97663,0.97092,0.97233,1431
2012-08-21,0.97231,0.97265,0.96175,0.96252,1435
2012-08-22,0.96248,0.96585,0.95728,0.95808,1433
2012-08-23,0.9581,0.95878,0.95372,0.95603,1432
2012-08-24,0.95601,0.96197,0.95555,0.95953,1254
2012-08-26,0.95952,0.96032,0.9588,0.96021,178
2012-08-27,0.9602,0.9614,0.95792,0.96066,1427
2012-08-28,0.96065,0.9634,0.95468,0.95525,1435
2012-08-29,0.95531,0.95917,0.95508,0.95831,1426
2012-08-30,0.9583,0.96159,0.95575,0.9599,1432
2012-08-31,0.95989,0.96107,0.95012,0.9545,1257
2012-09-02,0.95502,0.95529,0.95402,0.95491,175
2012-09-03,0.9549,0.95595,0.95205,0.95401,1428
2012-09-04,0.954,0.95884,0.95059,0.95816,1436
2012-09-05,0.95817,0.96066,0.95287,0.95545,1439
2012-09-06,0.95546,0.9596,0.95177,0.95373,1438
2012-09-07,0.95372,0.95791,0.94328,0.94421,1259
2012-09-09,0.94352,0.9459,0.9434,0.9453,179
2012-09-10,0.94529,0.94826,0.9435,0.94628,1434
2012-09-11,0.9463,0.94657,0.93772,0.93905,1440
2012-09-12,0.93908,0.9403,0.934,0.93701,1439
2012-09-13,0.93703,0.94207,0.93461,0.93488,1438
2012-09-14,0.93491,0.93523,0.92372,0.9267,1260
2012-09-16,0.92638,0.92749,0.9259,0.92627,179
2012-09-17,0.92628,0.9295,0.92452,0.92713,1440
2012-09-18,0.9271,0.92959,0.92438,0.92811,1440
2012-09-19,0.92812,0.93058,0.9257,0.92619,1440
2012-09-20,0.92618,0.93547,0.92615,0.93225,1439
2012-09-21,0.93223,0.9343,0.92837,0.9329,1260
2012-09-23,0.93279,0.93397,0.932,0.93306,180
2012-09-24,0.93308,0.93904,0.93281,0.93454,1440
2012-09-25,0.93455,0.93834,0.93268,0.9375,1439
2012-09-26,0.93749,0.94163,0.93665,0.93906,1440
2012-09-27,0.93907,0.9416,0.93595,0.93716,1439
2012-09-28,0.93717,0.94135,0.9334,0.93976,1260
2012-09-30,0.94098,0.94349,0.94016,0.94331,177
2012-10-01,0.94336,0.94369,0.93508,0.93824,1440
2012-10-02,0.93823,0.93874,0.93313,0.93689,1438
2012-10-03,0.93688,0.93972,0.9354,0.93723,1437
2012-10-04,0.93725,0.93821,0.92939,0.93088,1440
2012-10-05,0.93085,0.93222,0.92742,0.9296,1258
2012-10-07,0.92971,0.93112,0.92958,0.93094,177
2012-10-08,0.93091,0.93563,0.93089,0.93266,1440
2012-10-09,0.93265,0.94234,0.93218,0.94182,1440
2012-10-10,0.94183,0.94309,0.93734,0.93994,1439
2012-10-11,0.93991,0.94172,0.93353,0.93486,1436
2012-10-12,0.93485,0.93557,0.93049,0.93351,1253
2012-10-14,0.93315,0.93481,0.93258,0.93473,171
2012-10-15,0.93474,0.93703,0.93153,0.93188,1436
2012-10-16,0.93187,0.93318,0.9214,0.92288,1436
2012-10-17,0.92287,0.92463,0.92131,0.92232,1438
2012-10-18,0.92231,0.92555,0.9214,0.92451,1434
2012-10-19,0.92452,0.92887,0.92405,0.92818,1256
2012-10-21,0.92823,0.92873,0.92759,0.92793,177
2012-10-22,0.92792,0.92871,0.92478,0.92617,1437
2012-10-23,0.92618,0.93417,0.92618,0.93287,1430
2012-10-24,0.93286,0.93603,0.9313,0.9328,1434
2012-10-25,0.93279,0.93555,0.92891,0.93498,1437
2012-10-26,0.93494,0.93851,0.93321,0.93449,1258
2012-10-28,0.93446,0.93591,0.93375,0.93583,179
2012-10-29,0.93582,0.93794,0.93474,0.93611,1424
2012-10-30,0.9361,0.93739,0.9299,0.93219,1433
2012-10-31,0.93215,0.93317,0.92752,0.93128,1436
2012-11-01,0.93127,0.93407,0.92945,0.93146,1427
2012-11-02,0.93145,0.94132,0.93143,0.9407,1247
2012-11-04,0.94137,0.94148,0.94006,0.94138,120
2012-11-05,0.94136,0.94476,0.93981,0.94312,1437
2012-11-06,0.94313,0.94547,0.94184,0.94324,1439
2012-11-07,0.94326,0.947,0.93795,0.94552,1440
2012-11-08,0.94551,0.94806,0.94395,0.94629,1438
2012-11-09,0.94628,0.94975,0.94276,0.94878,1314
2012-11-11,0.9484,0.94865,0.94677,0.94791,119
2012-11-12,0.9479,0.94941,0.94668,0.94835,1430
2012-11-13,0.94834,0.95113,0.94646,0.94705,1439
2012-11-14,0.94706,0.94738,0.9421,0.94541,1437
2012-11-15,0.9454,0.94619,0.94021,0.94225,1434
2012-11-16,0.94226,0.94898,0.94204,0.94533,1318
2012-11-18,0.94473,0.94554,0.94408,0.94425,120
2012-11-19,0.94423,0.94547,0.93931,0.94268,1436
2012-11-20,0.94266,0.94278,0.93905,0.94018,1435
2012-11-21,0.94017,0.94571,0.93568,0.93636,1438
2012-11-22,0.93635,0.93841,0.93363,0.93528,1437
2012-11-23,0.93527,0.93573,0.92649,0.92786,1312
2012-11-25,0.92827,0.92849,0.92765,0.92786,119
2012-11-26,0.92787,0.92989,0.9254,0.92654,1429
2012-11-27,0.92653,0.93237,0.92559,0.93052,1433
2012-11-28,0.93051,0.93397,0.92842,0.92928,1438
2012-11-29,0.92927,0.93023,0.92519,0.92787,1431
2012-11-30,0.92786,0.92908,0.92445,0.92787,1314
2012-12-02,0.92814,0.92814,0.92712,0.92725,119
2012-12-03,0.92727,0.92743,0.92399,0.92465,1428
2012-12-04,0.92466,0.92922,0.92438,0.92636,1435
2012-12-05,0.92637,0.9298,0.92489,0.92644,1434
2012-12-06,0.92646,0.93387,0.92548,0.93262,1422
2012-12-07,0.93261,0.93815,0.9319,0.9346,1282
2012-12-09,0.93685,0.93698,0.93555,0.93571,120
2012-12-10,0.93569,0.93685,0.93251,0.93358,1430
2012-12-11,0.9336,0.93679,0.93132,0.93147,1428
2012-12-12,0.93149,0.93253,0.92421,0.92658,1430
2012-12-13,0.9266,0.92741,0.92243,0.92364,1430
2012-12-14,0.92366,0.92462,0.91656,0.91755,1317
2012-12-16,0.9158,0.91826,0.9158,0.91811,119
2012-12-17,0.91809,0.91935,0.91653,0.9178,1424
2012-12-18,0.91781,0.91849,0.91203,0.91302,1418
2012-12-19,0.91303,0.91537,0.90864,0.91356,1436
2012-12-20,0.91357,0.91465,0.90823,0.912,1436
2012-12-21,0.91199,0.91775,0.91186,0.91535,1315
2012-12-23,0.9164,0.91657,0.91582,0.91613,107
2012-12-24,0.91611,0.91702,0.91245,0.91569,1257
2012-12-26,0.91402,0.91553,0.91103,0.91303,780
2012-12-27,0.91301,0.91559,0.90945,0.91246,1431
2012-12-28,0.91247,0.91805,0.91163,0.91349,1311
2012-12-30,0.91342,0.9136,0.9124,0.91263,119
2012-12-31,0.9126,0.91655,0.91198,0.91526,1313
2013-01-01,0.91486,0.9159,0.91389,0.91534,118
2013-01-02,0.91535,0.91982,0.9077,0.91784,1438
2013-01-03,0.91785,0.92811,0.91739,0.92809,1436
2013-01-04,0.9281,0.9302,0.92301,0.92465,1318
2013-01-06,0.92441,0.92555,0.92398,0.92468,120
2013-01-07,0.92467,0.92854,0.9203,0.92082,1438
2013-01-08,0.92083,0.92558,0.92,0.92378,1436
2013-01-09,0.92377,0.92721,0.92305,0.92591,1436
2013-01-10,0.92589,0.92678,0.91285,0.91401,1437
2013-01-11,0.91402,0.91771,0.91093,0.91335,1317
2013-01-13,0.91242,0.91424,0.91241,0.91379,120
2013-01-14,0.91378,0.92278,0.91185,0.92258,1438
2013-01-15,0.92259,0.93318,0.92104,0.93133,1440
2013-01-16,0.93114,0.93281,0.92848,0.9312,1436
2013-01-17,0.93119,0.93591,0.92966,0.93311,1439
2013-01-18,0.9331,0.93876,0.93022,0.93402,1316
2013-01-20,0.93501,0.93502,0.93373,0.93404,120
2013-01-21,0.93405,0.93486,0.93067,0.93448,1437
2013-01-22,0.93442,0.93453,0.92738,0.92944,1439
2013-01-23,0.92947,0.93145,0.9276,0.92989,1437
2013-01-24,0.92984,0.93234,0.92786,0.9294,1438
2013-01-25,0.92941,0.93057,0.92207,0.92608,1310
2013-01-27,0.92686,0.92855,0.92665,0.92687,120
2013-01-28,0.92689,0.92913,0.92563,0.9262,1434
2013-01-29,0.92621,0.92667,0.91919,0.92215,1430
2013-01-30,0.92216,0.92255,0.90921,0.91097,1433
2013-01-31,0.91098,0.91192,0.90743,0.90905,1437
2013-02-01,0.90906,0.91076,0.90208,0.908,1318
2013-02-03,0.9081,0.90867,0.9074,0.90823,111
2013-02-04,0.90822,0.91158,0.90712,0.90878,1429
2013-02-05,0.90877,0.91148,0.90714,0.90783,1435
2013-02-06,0.90784,0.91482,0.90554,0.91002,1437
2013-02-07,0.91003,0.91998,0.90637,0.91856,1437
2013-02-08,0.91853,0.91886,0.91526,0.9172,1313
2013-02-10,0.91763,0.91793,0.91704,0.91732,114
2013-02-11,0.91733,0.92123,0.91557,0.92062,1401
2013-02-12,0.92063,0.92132,0.91485,0.91655,1433
2013-02-13,0.9166,0.9195,0.91511,0.91733,1434
2013-02-14,0.91728,0.92445,0.91673,0.92217,1435
2013-02-15,0.92215,0.924,0.92035,0.92185,1317
2013-02-17,0.92249,0.92317,0.92196,0.92301,120
2013-02-18,0.92302,0.9257,0.92085,0.92313,1434
2013-02-19,0.92312,0.92479,0.92142,0.9221,1435
2013-02-20,0.92213,0.92848,0.91834,0.92798,1439
2013-02-21,0.92802,0.93316,0.92714,0.93066,1436
2013-02-22,0.93065,0.93274,0.92822,0.92945,1320
2013-02-24,0.92926,0.93138,0.92908,0.93044,120
2013-02-25,0.93042,0.93373,0.92302,0.93163,1439
2013-02-26,0.93161,0.93338,0.9285,0.93154,1439
2013-02-27,0.93156,0.93314,0.92791,0.9286,1440
2013-02-28,0.92863,0.93723,0.92813,0.93698,1437
2013-03-01,0.93697,0.94617,0.93502,0.94253,1315
2013-03-03,0.94228,0.9428,0.94153,0.94212,118
2013-03-04,0.9421,0.94393,0.93994,0.94024,1435
2013-03-05,0.94028,0.94323,0.93921,0.94113,1438
2013-03-06,0.94112,0.94879,0.94014,0.94849,1432
2013-03-07,0.94848,0.94875,0.94084,0.94234,1437
2013-03-08,0.94235,0.95507,0.94163,0.95116,1315
2013-03-10,0.95227,0.95285,0.95129,0.95231,178
2013-03-11,0.95232,0.95247,0.94649,0.94822,1438
2013-03-12,0.94824,0.95034,0.94349,0.9471,1438
2013-03-13,0.94712,0.95317,0.94283,0.95254,1425
2013-03-14,0.95255,0.95655,0.94501,0.94689,1440
2013-03-15,0.94688,0.94753,0.93781,0.93865,1259
2013-03-17,0.94426,0.94549,0.94209,0.9451,180
2013-03-18,0.94514,0.94864,0.94155,0.94719,1440
2013-03-19,0.94722,0.94903,0.94242,0.9476,1438
2013-03-20,0.94763,0.94801,0.94102,0.94468,1438
2013-03-21,0.94469,0.94811,0.94371,0.94629,1439
2013-03-22,0.9463,0.94735,0.93961,0.9405,1254
2013-03-24,0.94367,0.94371,0.93525,0.93864,180
2013-03-25,0.93863,0.94955,0.93797,0.94823,1436
2013-03-26,0.94822,0.95036,0.9471,0.94805,1426
2013-03-27,0.94807,0.95526,0.94765,0.95387,1434
2013-03-28,0.95386,0.95468,0.94648,0.94915,1431
2013-03-29,0.94913,0.95106,0.94805,0.94935,1248
2013-03-31,0.95012,0.9506,0.94973,0.95016,178
2013-04-01,0.95017,0.95267,0.94558,0.94646,1429
2013-04-02,0.94645,0.9497,0.9444,0.9487,1434
2013-04-03,0.9487,0.95202,0.94415,0.94487,1428
2013-04-04,0.94488,0.9525,0.93811,0.94054,1431
2013-04-05,0.94055,0.94323,0.93116,0.93445,1259
2013-04-07,0.9353,0.9354,0.93278,0.93372,180
2013-04-08,0.93373,0.93601,0.93295,0.93414,1437
2013-04-09,0.93412,0.93653,0.93065,0.93232,1435
2013-04-10,0.93231,0.93352,0.92938,0.93329,1423
2013-04-11,0.93326,0.93392,0.92775,0.93001,1400
2013-04-12,0.93002,0.93311,0.92635,0.92715,1254
2013-04-14,0.92697,0.92836,0.92681,0.92835,178
2013-04-15,0.92829,0.93261,0.92672,0.93001,1439
2013-04-16,0.93005,0.93257,0.92065,0.92223,1436
2013-04-17,0.92222,0.93377,0.92052,0.93249,1436
2013-04-18,0.93248,0.93338,0.92881,0.9323,1432
2013-04-19,0.93229,0.93422,0.92755,0.93345,1256
2013-04-21,0.93161,0.93339,0.93158,0.93332,176
2013-04-22,0.9333,0.93698,0.93139,0.93438,1428
2013-04-23,0.93437,0.94592,0.93261,0.94569,1439
2013-04-24,0.94568,0.94973,0.94424,0.94734,1431
2013-04-25,0.94733,0.94829,0.94212,0.9452,1439
2013-04-26,0.94519,0.94552,0.94012,0.94275,1258
2013-04-28,0.9411,0.94234,0.93998,0.94209,179
2013-04-29,0.94215,0.94291,0.93535,0.93723,1436
2013-04-30,0.93722,0.9383,0.92773,0.92935,1430
2013-05-01,0.92934,0.9308,0.92458,0.92695,1407
2013-05-02,0.92694,0.93616,0.92652,0.93463,1430
2013-05-03,0.93464,0.93982,0.93023,0.93525,1252
2013-05-05,0.93523,0.9356,0.93468,0.93533,168
2013-05-06,0.93534,0.93959,0.93368,0.93852,1419
2013-05-07,0.93853,0.94355,0.93657,0.9408,1429
2013-05-08,0.94081,0.94101,0.93359,0.93499,1434
2013-05-09,0.93498,0.94979,0.93323,0.94948,1428
2013-05-10,0.94949,0.96269,0.9475,0.95688,1259
2013-05-12,0.9593,0.95953,0.95823,0.95861,176
2013-05-13,0.9586,0.95943,0.95459,0.95615,1434
2013-05-14,0.95616,0.96737,0.95196,0.96524,1435
2013-05-15,0.96523,0.97465,0.96415,0.96531,1430
2013-05-16,0.96533,0.97072,0.95768,0.96462,1431
2013-05-17,0.96463,0.97598,0.96355,0.9724,1255
2013-05-19,0.97012,0.97178,0.96863,0.97048,179
2013-05-20,0.97047,0.97166,0.9647,0.96676,1432
2013-05-21,0.96675,0.97495,0.9654,0.96917,1436
2013-05-22,0.96916,0.98374,0.9678,0.98021,1438
2013-05-23,0.9802,0.98165,0.96324,0.97021,1434
2013-05-24,0.97022,0.97161,0.95893,0.96125,1258
2013-05-26,0.9618,0.9623,0.96078,0.96165,178
2013-05-27,0.96166,0.9647,0.95912,0.96293,1435
2013-05-28,0.96294,0.97797,0.9629,0.97704,1436
2013-05-29,0.97703,0.9789,0.95987,0.96123,1436
2013-05-30,0.96126,0.96496,0.9525,0.95353,1439
2013-05-31,0.95351,0.96235,0.95103,0.95495,1259
2013-06-02,0.95587,0.95821,0.95537,0.9569,180
2013-06-03,0.95688,0.96231,0.94066,0.94766,1439
2013-06-04,0.94765,0.9519,0.94521,0.94822,1437
2013-06-05,0.94823,0.9493,0.93944,0.94213,1439
2013-06-06,0.94215,0.94379,0.92246,0.92944,1439
2013-06-07,0.92945,0.93729,0.92486,0.93575,1259
2013-06-09,0.93686,0.9376,0.93576,0.93729,180
2013-06-10,0.93728,0.94172,0.9317,0.93425,1435
2013-06-11,0.93424,0.93485,0.92204,0.92514,1439
2013-06-12,0.92517,0.92855,0.9172,0.9198,1438
2013-06-13,0.91981,0.92578,0.91291,0.92338,1440
2013-06-14,0.92335,0.92688,0.9195,0.92105,1259
2013-06-16,0.9217,0.92229,0.92104,0.9215,154
2013-06-17,0.92154,0.92705,0.92139,0.92215,1435
2013-06-18,0.92216,0.9261,0.91743,0.92016,1440
2013-06-19,0.92017,0.93211,0.91791,0.92913,1440
2013-06-20,0.92915,0.93597,0.92501,0.92614,1437
2013-06-21,0.92625,0.93669,0.9241,0.93425,1260
2013-06-23,0.93645,0.93693,0.93488,0.93669,180
2013-06-24,0.9367,0.93795,0.93112,0.93231,1439
2013-06-25,0.9323,0.94065,0.93178,0.93909,1439
2013-06-26,0.93907,0.94421,0.93715,0.94214,1439
2013-06-27,0.94215,0.94865,0.94052,0.94518,1439
2013-06-28,0.94517,0.94737,0.94102,0.94485,1260
2013-06-30,0.94557,0.94576,0.94418,0.94544,149
2013-07-01,0.94547,0.95028,0.94382,0.94471,1425
2013-07-02,0.94473,0.95282,0.94455,0.95122,1437
2013-07-03,0.95124,0.9522,0.94451,0.94594,1438
2013-07-04,0.94599,0.95828,0.94599,0.95807,1436
2013-07-05,0.95809,0.96596,0.95641,0.96347,1260
2013-07-07,0.9654,0.96648,0.96486,0.96596,169
2013-07-08,0.96594,0.96656,0.9624,0.96434,1436
2013-07-09,0.96433,0.97497,0.96363,0.97358,1438
2013-07-10,0.97359,0.97437,0.9404,0.94725,1440
2013-07-11,0.94722,0.95341,0.94103,0.9475,1440
2013-07-12,0.94748,0.95127,0.94371,0.94615,1257
2013-07-14,0.94541,0.9468,0.9452,0.94667,178
2013-07-15,0.94664,0.95331,0.94549,0.94832,1437
2013-07-16,0.94833,0.94942,0.93777,0.94028,1437
2013-07-17,0.94026,0.94448,0.93565,0.94113,1429
2013-07-18,0.94114,0.94767,0.94047,0.94435,1436
2013-07-19,0.94434,0.94607,0.93958,0.94085,1259
2013-07-21,0.94114,0.94146,0.93882,0.93938,171
2013-07-22,0.93939,0.94068,0.93212,0.9358,1435
2013-07-23,0.93578,0.94055,0.93412,0.93491,1438
2013-07-24,0.93489,0.93874,0.93393,0.93796,1438
2013-07-25,0.93795,0.93935,0.92823,0.92978,1440
2013-07-26,0.92979,0.93039,0.92626,0.92825,1255
2013-07-28,0.92814,0.92892,0.92749,0.92803,179
2013-07-29,0.92805,0.93209,0.92685,0.93092,1433
2013-07-30,0.93092,0.93235,0.92719,0.92946,1434
2013-07-31,0.92947,0.93359,0.92273,0.92607,1439
2013-08-01,0.92605,0.93713,0.92523,0.93644,1437
2013-08-02,0.93643,0.9388,0.9273,0.92895,1257
2013-08-04,0.92913,0.92997,0.92822,0.92908,178
2013-08-05,0.92907,0.93315,0.92674,0.92733,1433
2013-08-06,0.92734,0.92948,0.92371,0.92501,1439
2013-08-07,0.92502,0.92874,0.92061,0.92115,1440
2013-08-08,0.92114,0.92282,0.91739,0.92002,1437
2013-08-09,0.92001,0.92283,0.91895,0.92275,1258
2013-08-11,0.924,0.92411,0.92158,0.92196,176
2013-08-12,0.92197,0.92831,0.92179,0.92637,1434
2013-08-13,0.92636,0.93472,0.9257,0.93267,1438
2013-08-14,0.93264,0.93761,0.93227,0.93372,1435
2013-08-15,0.93371,0.93953,0.92461,0.9253,1438
2013-08-16,0.92531,0.92867,0.92158,0.92634,1258
2013-08-18,0.9262,0.92771,0.92556,0.92707,177
2013-08-19,0.92705,0.92837,0.9227,0.92433,1436
2013-08-20,0.92434,0.92499,0.9146,0.91692,1436
2013-08-21,0.91691,0.92353,0.91612,0.92331,1438
2013-08-22,0.92332,0.92884,0.92238,0.92343,1438
2013-08-23,0.92345,0.92622,0.91886,0.92155,1255
2013-08-25,0.92111,0.92165,0.92035,0.92095,178
2013-08-26,0.92096,0.92452,0.92071,0.92195,1433
2013-08-27,0.92196,0.92277,0.91698,0.91708,1435
2013-08-28,0.91714,0.92339,0.91696,0.92263,1439
2013-08-29,0.92264,0.932,0.9219,0.93115,1430
2013-08-30,0.93117,0.9331,0.92876,0.9297,1259
2013-09-01,0.93164,0.93278,0.93096,0.93241,179
2013-09-02,0.9324,0.93489,0.93122,0.93461,1439
2013-09-03,0.9346,0.93814,0.93409,0.93629,1437
2013-09-04,0.93628,0.93813,0.93465,0.93573,1439
2013-09-05,0.93574,0.94535,0.93561,0.9449,1436
2013-09-06,0.94489,0.94541,0.93446,0.93773,1256
2013-09-08,0.93906,0.93907,0.93758,0.93875,179
2013-09-09,0.93873,0.93907,0.92999,0.93254,1434
2013-09-10,0.93253,0.93653,0.93152,0.93478,1436
2013-09-11,0.9348,0.93697,0.92835,0.93002,1438
2013-09-12,0.93001,0.93341,0.92706,0.93077,1438
2013-09-13,0.93076,0.934,0.92794,0.92959,1254
2013-09-15,0.92335,0.92513,0.92308,0.9251,180
2013-09-16,0.92509,0.92767,0.92347,0.9268,1437
2013-09-17,0.92682,0.9278,0.92515,0.92593,1433
2013-09-18,0.92592,0.92671,0.91081,0.91231,1434
2013-09-19,0.91232,0.91306,0.90889,0.91046,1440
2013-09-20,0.91048,0.91257,0.90878,0.91015,1259
2013-09-22,0.90872,0.91074,0.9085,0.91074,180
2013-09-23,0.91073,0.91287,0.90833,0.91036,1436
2013-09-24,0.91037,0.91349,0.90979,0.91325,1433
2013-09-25,0.91326,0.91363,0.90772,0.90985,1435
2013-09-26,0.90986,0.9116,0.90861,0.91014,1440
2013-09-27,0.91013,0.91098,0.902,0.90565,1258
2013-09-29,0.90618,0.90674,0.90518,0.90523,180
2013-09-30,0.90524,0.90673,0.90237,0.90533,1440
2013-10-01,0.90532,0.9074,0.89913,0.90643,1436
2013-10-02,0.90644,0.90763,0.89931,0.9019,1440
2013-10-03,0.90189,0.90319,0.89662,0.8988,1439
2013-10-04,0.89879,0.90806,0.89769,0.90692,1258
2013-10-06,0.9066,0.90685,0.90508,0.90531,178
2013-10-07,0.90532,0.90612,0.90147,0.90277,1435
2013-10-08,0.90279,0.90647,0.90145,0.90187,1435
2013-10-09,0.90188,0.91267,0.90181,0.91056,1439
2013-10-10,0.91057,0.91297,0.90818,0.9109,1437
2013-10-11,0.91091,0.91307,0.90685,0.91205,1256
2013-10-13,0.9093,0.91042,0.90924,0.90996,178
2013-10-14,0.90997,0.91209,0.90625,0.91118,1437
2013-10-15,0.91117,0.91769,0.90917,0.91356,1437
2013-10-16,0.91354,0.91741,0.90966,0.91419,1436
2013-10-17,0.9142,0.91453,0.90066,0.90308,1439
2013-10-18,0.90309,0.90357,0.90033,0.9017,1257
2013-10-20,0.90184,0.90223,0.90149,0.90208,177
2013-10-21,0.9021,0.90436,0.90045,0.90249,1436
2013-10-22,0.90247,0.90381,0.89389,0.8949,1434
2013-10-23,0.89489,0.89648,0.89098,0.89231,1431
2013-10-24,0.8923,0.8927,0.88891,0.89224,1434
2013-10-25,0.89222,0.8964,0.88915,0.89225,1256
2013-10-27,0.89262,0.89288,0.892,0.89255,179
2013-10-28,0.89256,0.89616,0.89216,0.89548,1427
2013-10-29,0.89549,0.90015,0.89424,0.89943,1440
2013-10-30,0.89942,0.9023,0.89492,0.90022,1439
2013-10-31,0.90024,0.90748,0.89885,0.90725,1440
2013-11-01,0.90728,0.91368,0.90693,0.91213,1258
2013-11-03,0.91202,0.91264,0.9117,0.91239,118
2013-11-04,0.9124,0.9151,0.90898,0.90976,1439
2013-11-05,0.90975,0.91462,0.90933,0.91356,1439
2013-11-06,0.91355,0.9138,0.90968,0.9118,1437
2013-11-07,0.91181,0.92486,0.91078,0.9166,1417
2013-11-08,0.91659,0.92455,0.91516,0.92095,1319
2013-11-10,0.92269,0.92308,0.92181,0.92288,118
2013-11-11,0.92286,0.92286,0.91881,0.91937,1433
2013-11-12,0.91938,0.92252,0.91538,0.91721,1436
2013-11-13,0.91722,0.91995,0.91234,0.91374,1438
2013-11-14,0.91377,0.91872,0.91303,0.91793,1438
2013-11-15,0.91795,0.91902,0.91289,0.91468,1312
2013-11-17,0.91445,0.91561,0.91429,0.91541,119
2013-11-18,0.9154,0.91607,0.90942,0.9128,1436
2013-11-19,0.91281,0.91432,0.90781,0.9087,1439
2013-11-20,0.9087,0.91899,0.9087,0.91716,1439
2013-11-21,0.91715,0.91873,0.91242,0.914,1440
2013-11-22,0.91399,0.91487,0.90647,0.9065,1316
2013-11-24,0.90742,0.90748,0.90604,0.90694,116
2013-11-25,0.90691,0.913,0.90675,0.91062,1434
2013-11-26,0.91061,0.9112,0.90602,0.90686,1439
2013-11-27,0.90685,0.90911,0.90393,0.90818,1440
2013-11-28,0.90817,0.90852,0.904,0.9059,1420
2013-11-29,0.90589,0.907,0.90238,0.90605,1319
2013-12-01,0.906,0.90644,0.90555,0.90633,120
2013-12-02,0.90632,0.91088,0.90419,0.90864,1436
2013-12-03,0.90866,0.90995,0.90194,0.90393,1439
2013-12-04,0.90398,0.90751,0.90118,0.90232,1440
2013-12-05,0.90231,0.90484,0.89557,0.89656,1438
2013-12-06,0.89655,0.89826,0.89112,0.89185,1317
2013-12-08,0.89164,0.89237,0.89088,0.89219,119
2013-12-09,0.8922,0.8933,0.88941,0.89012,1436
2013-12-10,0.89011,0.89059,0.88491,0.88709,1438
2013-12-11,0.8871,0.88852,0.88386,0.88674,1438
2013-12-12,0.88677,0.89081,0.88467,0.88975,1439
2013-12-13,0.88972,0.89162,0.88802,0.88925,1318
2013-12-15,0.89045,0.89052,0.88896,0.89016,119
2013-12-16,0.89015,0.89018,0.88451,0.88706,1435
2013-12-17,0.88705,0.88937,0.88311,0.88485,1436
2013-12-18,0.88481,0.8958,0.88387,0.89427,1438
2013-12-19,0.89428,0.89868,0.89334,0.89808,1437
2013-12-20,0.89807,0.89998,0.89305,0.8959,1320
2013-12-22,0.8957,0.89647,0.89531,0.89547,119
2013-12-23,0.89546,0.89658,0.89207,0.89354,1430
2013-12-24,0.89352,0.89709,0.8935,0.89532,1195
2013-12-26,0.89581,0.89667,0.89483,0.89617,779
2013-12-27,0.89616,0.89632,0.87984,0.89132,1320
2013-12-29,0.89072,0.89166,0.88969,0.89132,118
2013-12-30,0.89131,0.89304,0.88589,0.88723,1435
2013-12-31,0.88722,0.89295,0.88652,0.892,1250
2014-01-01,0.89153,0.89273,0.891,0.89145,107
2014-01-02,0.89148,0.90274,0.89073,0.89914,1420
2014-01-03,0.89915,0.90563,0.89879,0.905,1320
2014-01-05,0.90477,0.90539,0.9041,0.9052,119
2014-01-06,0.90521,0.90691,0.90188,0.90377,1437
2014-01-07,0.90379,0.90978,0.90363,0.90926,1439
2014-01-08,0.90927,0.91256,0.90754,0.91148,1437
2014-01-09,0.91149,0.91231,0.90621,0.90682,1440
2014-01-10,0.90683,0.90905,0.90035,0.90234,1315
2014-01-12,0.90129,0.90233,0.90129,0.90202,118
2014-01-13,0.902,0.90467,0.89854,0.8992,1439
2014-01-14,0.89922,0.9031,0.89853,0.90306,1436
2014-01-15,0.90304,0.91065,0.90259,0.90902,1438
2014-01-16,0.90901,0.91022,0.90306,0.90495,1439
2014-01-17,0.90496,0.91185,0.90427,0.91015,1315
2014-01-19,0.91001,0.91149,0.91001,0.91138,120
2014-01-20,0.91134,0.91313,0.90881,0.91082,1427
2014-01-21,0.91083,0.91551,0.90831,0.91059,1433
2014-01-22,0.9106,0.91234,0.90872,0.91214,1437
2014-01-23,0.91217,0.91328,0.89625,0.898,1437
2014-01-24,0.89799,0.899,0.8902,0.89425,1315
2014-01-26,0.89498,0.89499,0.89323,0.89379,119
2014-01-27,0.89378,0.89832,0.89307,0.89628,1436
2014-01-28,0.89629,0.90088,0.89532,0.89956,1433
2014-01-29,0.89955,0.90083,0.8934,0.89497,1438
2014-01-30,0.89496,0.90465,0.89438,0.90247,1438
2014-01-31,0.90245,0.90787,0.90068,0.9063,1315
2014-02-02,0.90647,0.90662,0.90616,0.90642,119
2014-02-03,0.90644,0.90801,0.90025,0.90118,1437
2014-02-04,0.9012,0.90605,0.90079,0.90394,1440
2014-02-05,0.90396,0.90556,0.90025,0.90393,1437
2014-02-06,0.90392,0.90623,0.89668,0.90068,1431
2014-02-07,0.90071,0.90209,0.89589,0.8981,1316
2014-02-09,0.89858,0.89908,0.89795,0.89876,120
2014-02-10,0.8988,0.89927,0.8958,0.89659,1437
2014-02-11,0.89658,0.89867,0.89387,0.89831,1424
2014-02-12,0.8983,0.90369,0.89667,0.90066,1439
2014-02-13,0.90065,0.90087,0.89171,0.89344,1440
2014-02-14,0.89343,0.89395,0.8902,0.89245,1316
2014-02-16,0.89132,0.89187,0.89126,0.8913,117
2014-02-17,0.89131,0.89249,0.88991,0.89163,1434
2014-02-18,0.89165,0.89276,0.88679,0.88775,1437
2014-02-19,0.88774,0.88944,0.88549,0.88883,1433
2014-02-20,0.88882,0.89136,0.88581,0.88924,1438
2014-02-21,0.88921,0.89098,0.88665,0.88735,1318
2014-02-23,0.88746,0.88775,0.88681,0.88731,120
2014-02-24,0.88732,0.89093,0.88516,0.88859,1431
2014-02-25,0.88858,0.88904,0.88528,0.88689,1427
2014-02-26,0.88688,0.8929,0.88654,0.89062,1435
2014-02-27,0.89063,0.89181,0.88701,0.88828,1433
2014-02-28,0.88829,0.88884,0.87762,0.88035,1318
2014-03-02,0.88051,0.88059,0.87812,0.87971,119
2014-03-03,0.87969,0.88349,0.87908,0.8828,1428
2014-03-04,0.88281,0.88773,0.88235,0.88722,1421
2014-03-05,0.8872,0.88942,0.88591,0.88733,1415
2014-03-06,0.88735,0.889,0.87935,0.88012,1424
2014-03-07,0.88014,0.88147,0.87549,0.87784,1303
2014-03-09,0.8771,0.878,0.87698,0.87777,171
2014-03-10,0.87778,0.87922,0.87598,0.87771,1400
2014-03-11,0.87774,0.88038,0.8765,0.87748,1410
2014-03-12,0.87746,0.8787,0.87331,0.87416,1410
2014-03-13,0.87415,0.87633,0.86979,0.87489,1430
2014-03-14,0.87487,0.87605,0.87024,0.8721,1250
2014-03-16,0.87219,0.87273,0.87183,0.87229,173
2014-03-17,0.8723,0.87548,0.87127,0.87341,1412
2014-03-18,0.87342,0.8768,0.87227,0.87312,1408
2014-03-19,0.87313,0.88279,0.87298,0.88169,1418
2014-03-20,0.8817,0.8868,0.87987,0.88341,1425
2014-03-21,0.88342,0.88411,0.88138,0.88275,1247
2014-03-23,0.88182,0.88272,0.88142,0.88216,171
2014-03-24,0.88217,0.88649,0.87854,0.88071,1408
2014-03-25,0.88073,0.88775,0.87998,0.88301,1422
2014-03-26,0.88299,0.88686,0.88278,0.88484,1427
2014-03-27,0.88485,0.88722,0.88394,0.88643,1425
2014-03-28,0.88642,0.88976,0.88473,0.88669,1248
2014-03-30,0.88563,0.88719,0.88543,0.88681,170
2014-03-31,0.88684,0.88888,0.88232,0.88425,1418
2014-04-01,0.88427,0.88482,0.8813,0.88324,1415
2014-04-02,0.88326,0.88736,0.88176,0.88649,1426
2014-04-03,0.88648,0.89263,0.8842,0.89076,1417
2014-04-04,0.89075,0.89515,0.89031,0.89221,1240
2014-04-06,0.89248,0.89269,0.89152,0.89152,162
2014-04-07,0.89153,0.89226,0.88714,0.88764,1394
2014-04-08,0.88763,0.8878,0.88245,0.88374,1414
2014-04-09,0.88376,0.88447,0.8788,0.87991,1419
2014-04-10,0.87992,0.88041,0.87498,0.876,1425
2014-04-11,0.87599,0.87701,0.87421,0.87584,1243
2014-04-13,0.87793,0.87794,0.87662,0.87691,176
2014-04-14,0.87692,0.88041,0.87632,0.8803,1403
2014-04-15,0.88029,0.88177,0.8782,0.88035,1405
2014-04-16,0.88036,0.88285,0.87797,0.88135,1405
2014-04-17,0.88136,0.88349,0.87765,0.88288,1412
2014-04-18,0.88289,0.88348,0.88222,0.88335,1068
2014-04-20,0.88323,0.88334,0.8829,0.88321,154
2014-04-21,0.88322,0.88519,0.8818,0.88517,1369
2014-04-22,0.88523,0.88605,0.88314,0.88467,1382
2014-04-23,0.88466,0.88518,0.88061,0.88333,1394
2014-04-24,0.88332,0.88548,0.8812,0.88167,1389
2014-04-25,0.88166,0.88195,0.88009,0.88143,1225
2014-04-27,0.88038,0.88101,0.88038,0.88075,164
2014-04-28,0.88074,0.88256,0.87692,0.88022,1401
2014-04-29,0.88023,0.88446,0.87852,0.88322,1404
2014-04-30,0.88321,0.88498,0.879,0.88001,1402
2014-05-01,0.88002,0.88013,0.8782,0.8791,1380
2014-05-02,0.87909,0.88398,0.87716,0.87796,1228
2014-05-04,0.87671,0.87765,0.8767,0.87761,156
2014-05-05,0.87762,0.87798,0.87645,0.87776,1378
2014-05-06,0.87775,0.87785,0.87197,0.87409,1371
2014-05-07,0.8741,0.87641,0.87327,0.87611,1394
2014-05-08,0.87612,0.88037,0.8702,0.8799,1400
2014-05-09,0.87991,0.88719,0.87991,0.88634,1237
2014-05-11,0.88628,0.88689,0.8861,0.88659,170
2014-05-12,0.88658,0.88801,0.88574,0.88764,1410
2014-05-13,0.88765,0.8907,0.88644,0.88958,1406
2014-05-14,0.8896,0.89034,0.88818,0.88938,1407
2014-05-15,0.88939,0.89587,0.88811,0.89047,1419
2014-05-16,0.89048,0.89262,0.8897,0.89261,1231
2014-05-18,0.89223,0.89232,0.89187,0.8919,164
2014-05-19,0.89188,0.89232,0.89031,0.89183,1402
2014-05-20,0.89184,0.89385,0.89126,0.8916,1400
2014-05-21,0.89159,0.89641,0.8896,0.89329,1416
2014-05-22,0.89328,0.89508,0.89224,0.89443,1412
2014-05-23,0.89444,0.89707,0.89423,0.89561,1223
2014-05-25,0.89595,0.89648,0.89536,0.89564,166
2014-05-26,0.89563,0.89654,0.89385,0.8945,1347
2014-05-27,0.89453,0.89804,0.89362,0.89653,1402
2014-05-28,0.89652,0.89887,0.89632,0.89816,1411
2014-05-29,0.89813,0.8982,0.8954,0.89787,1403
2014-05-30,0.89789,0.8982,0.89318,0.89518,1236
2014-06-02,0.89855,0.89863,0.89823,0.89854,285
2014-06-03,0.89853,0.89925,0.89496,0.89666,1404
2014-06-04,0.89667,0.89805,0.89479,0.8968,1405
2014-06-05,0.89681,0.90354,0.89066,0.89175,1409
2014-06-06,0.89174,0.89502,0.89084,0.89388,1245
2014-06-08,0.89323,0.89345,0.89294,0.89321,158
2014-06-09,0.89322,0.89784,0.89183,0.89697,1395
2014-06-10,0.89698,0.90067,0.89632,0.89949,1393
2014-06-11,0.89948,0.90103,0.89789,0.89945,1414
2014-06-12,0.89944,0.90106,0.89688,0.89817,1405
2014-06-13,0.89818,0.90099,0.89588,0.90005,1248
2014-06-15,0.89964,0.90045,0.89952,0.9001,173
2014-06-16,0.90009,0.90119,0.89643,0.89699,1404
2014-06-17,0.897,0.90036,0.89635,0.89907,1406
2014-06-18,0.89908,0.89977,0.89546,0.89621,1418
2014-06-19,0.8962,0.89653,0.89093,0.89384,1404
2014-06-20,0.89385,0.89733,0.89233,0.89494,1217
2014-06-22,0.89525,0.89575,0.89484,0.89559,173
2014-06-23,0.8956,0.89667,0.89388,0.89443,1403
2014-06-24,0.89444,0.89569,0.89235,0.89376,1414
2014-06-25,0.89375,0.89443,0.89067,0.89274,1406
2014-06-26,0.89269,0.89553,0.89206,0.89343,1404
2014-06-27,0.89344,0.89369,0.89046,0.89071,1241
2014-06-29,0.89118,0.89118,0.89063,0.89102,172
2014-06-30,0.89101,0.89134,0.88609,0.88673,1399
2014-07-01,0.88675,0.88774,0.8855,0.88738,1417
2014-07-02,0.88739,0.88972,0.8872,0.88913,1405
2014-07-03,0.88916,0.89415,0.88856,0.89327,1400
2014-07-04,0.89328,0.89499,0.89294,0.89404,1216
2014-07-06,0.89434,0.89499,0.89392,0.8948,172
2014-07-07,0.89479,0.89579,0.89285,0.89318,1413
2014-07-08,0.89317,0.89448,0.892,0.89249,1411
2014-07-09,0.89251,0.89361,0.8904,0.89069,1408
2014-07-10,0.89067,0.89327,0.8901,0.8926,1418
2014-07-11,0.89259,0.89321,0.89108,0.89193,1242
2014-07-13,0.89259,0.89264,0.89172,0.89243,169
2014-07-14,0.89242,0.89307,0.8897,0.8916,1377
2014-07-15,0.89159,0.89611,0.89099,0.89542,1406
2014-07-16,0.89541,0.89879,0.8954,0.89789,1406
2014-07-17,0.8979,0.89858,0.89677,0.8978,1431
2014-07-18,0.89779,0.90023,0.89686,0.89827,1252
2014-07-20,0.89791,0.89822,0.89749,0.89786,176
2014-07-21,0.89785,0.89882,0.897,0.89816,1397
2014-07-22,0.89815,0.90257,0.89783,0.90205,1411
2014-07-23,0.90206,0.90303,0.90146,0.90213,1396
2014-07-24,0.90215,0.90365,0.90067,0.90242,1401
2014-07-25,0.90241,0.90505,0.90165,0.90462,1235
2014-07-27,0.90422,0.90478,0.90422,0.90472,168
2014-07-28,0.90471,0.90499,0.90338,0.90394,1397
2014-07-29,0.90393,0.90729,0.90353,0.90677,1411
2014-07-30,0.90675,0.91059,0.90638,0.90874,1417
2014-07-31,0.90873,0.91021,0.90748,0.90852,1413
2014-08-01,0.90853,0.90954,0.90392,0.90565,1246
2014-08-03,0.90548,0.90603,0.90522,0.90598,172
2014-08-04,0.90597,0.9071,0.90556,0.90659,1417
2014-08-05,0.9066,0.91101,0.90635,0.9092,1423
2014-08-06,0.90921,0.91136,0.90691,0.90771,1420
2014-08-07,0.9077,0.91039,0.90649,0.90894,1416
2014-08-08,0.90893,0.90969,0.90313,0.90535,1252
2014-08-10,0.90591,0.90591,0.90535,0.90575,169
2014-08-11,0.90576,0.90687,0.90546,0.90671,1412
2014-08-12,0.90673,0.91025,0.90671,0.90753,1404
2014-08-13,0.90752,0.90973,0.90403,0.90734,1416
2014-08-14,0.90735,0.90844,0.90337,0.90675,1414
2014-08-15,0.90675,0.90697,0.90223,0.90269,1229
2014-08-17,0.90255,0.90365,0.90246,0.90344,173
2014-08-18,0.90343,0.90683,0.90246,0.90669,1420
2014-08-19,0.90668,0.90932,0.90585,0.90917,1413
2014-08-20,0.90916,0.91371,0.90887,0.9134,1424
2014-08-21,0.91339,0.91447,0.91096,0.91156,1421
2014-08-22,0.91157,0.91529,0.91022,0.91365,1242
2014-08-24,0.91695,0.91779,0.91644,0.91661,177
2014-08-25,0.91659,0.91704,0.91408,0.91605,1425
2014-08-26,0.91603,0.91795,0.91365,0.91743,1434
2014-08-27,0.91742,0.9184,0.91368,0.91486,1426
2014-08-28,0.91487,0.91601,0.91248,0.91498,1423
2014-08-29,0.91497,0.91832,0.91378,0.91809,1246
2014-08-31,0.91898,0.91919,0.91819,0.91888,174
2014-09-01,0.91887,0.91969,0.91757,0.91931,1404
2014-09-02,0.91932,0.92107,0.91868,0.91924,1427
2014-09-03,0.91925,0.91992,0.91739,0.91778,1425
2014-09-04,0.91777,0.93341,0.91746,0.93271,1430
2014-09-05,0.9327,0.93303,0.92853,0.93094,1258
2014-09-07,0.93077,0.93124,0.93059,0.93113,177
2014-09-08,0.93112,0.93611,0.93088,0.93602,1430
2014-09-09,0.936,0.93784,0.93136,0.93232,1440
2014-09-10,0.93233,0.93946,0.93175,0.93677,1435
2014-09-11,0.93676,0.93747,0.93354,0.93596,1436
2014-09-12,0.93597,0.93668,0.93188,0.93308,1256
2014-09-14,0.93202,0.93373,0.93202,0.93363,176
2014-09-15,0.93364,0.93713,0.93301,0.93544,1426
2014-09-16,0.93543,0.93617,0.92992,0.93263,1434
2014-09-17,0.93262,0.94317,0.93217,0.94223,1433
2014-09-18,0.94221,0.94223,0.93307,0.93417,1428
2014-09-19,0.93418,0.94094,0.93329,0.9407,1258
2014-09-21,0.9406,0.94107,0.93981,0.94019,171
2014-09-22,0.94018,0.94198,0.93782,0.93979,1428
2014-09-23,0.93981,0.94016,0.93518,0.93947,1424
2014-09-24,0.93948,0.94613,0.93875,0.94584,1437
2014-09-25,0.94585,0.95138,0.9451,0.94641,1436
2014-09-26,0.94642,0.95197,0.94583,0.95125,1258
2014-09-28,0.95147,0.95247,0.95137,0.95177,172
2014-09-29,0.95178,0.95307,0.94873,0.95092,1433
2014-09-30,0.95095,0.95951,0.94979,0.95491,1433
2014-10-01,0.9549,0.95946,0.95439,0.95609,1428
2014-10-02,0.95608,0.95795,0.9516,0.95399,1436
2014-10-03,0.954,0.96823,0.95392,0.96742,1252
2014-10-05,0.96867,0.96869,0.96737,0.96767,174
2014-10-06,0.96766,0.96768,0.9566,0.95907,1429
2014-10-07,0.95906,0.96232,0.95541,0.95701,1436
2014-10-08,0.957,0.95994,0.95023,0.95151,1436
2014-10-09,0.95153,0.9558,0.94678,0.95413,1425
2014-10-10,0.95411,0.95913,0.95256,0.95725,1259
2014-10-12,0.95665,0.95751,0.9552,0.95614,175
2014-10-13,0.95616,0.95657,0.94675,0.94988,1438
2014-10-14,0.94989,0.95557,0.94926,0.95476,1438
2014-10-15,0.95477,0.95609,0.93587,0.94152,1439
2014-10-16,0.94154,0.94894,0.93996,0.94274,1439
2014-10-17,0.94276,0.94736,0.94041,0.9461,1259
2014-10-19,0.94694,0.94802,0.94639,0.9471,180
2014-10-20,0.94709,0.94799,0.94147,0.94318,1440
2014-10-21,0.94319,0.94958,0.93977,0.94949,1440
2014-10-22,0.94954,0.95422,0.94722,0.95416,1439
2014-10-23,0.95414,0.95588,0.95175,0.95389,1439
2014-10-24,0.9539,0.95458,0.94974,0.95185,1259
2014-10-26,0.95107,0.95196,0.95088,0.95177,180
2014-10-27,0.95178,0.95213,0.94767,0.94919,1436
2014-10-28,0.9492,0.95112,0.94454,0.94675,1436
2014-10-29,0.94674,0.95506,0.94416,0.95489,1434
2014-10-30,0.95486,0.96105,0.95442,0.95618,1440
2014-10-31,0.95618,0.96629,0.95605,0.96233,1260
2014-11-02,0.9643,0.96459,0.96351,0.96451,120
2014-11-03,0.96449,0.96911,0.96348,0.965,1439
2014-11-04,0.96501,0.96518,0.95799,0.95956,1440
2014-11-05,0.95956,0.96618,0.95832,0.96456,1439
2014-11-06,0.96457,0.97381,0.9603,0.97294,1440
2014-11-07,0.97294,0.97414,0.9651,0.96577,1319
2014-11-09,0.96436,0.96554,0.96386,0.96534,119
2014-11-10,0.96535,0.96846,0.96165,0.96797,1438
2014-11-11,0.96796,0.97005,0.96247,0.9645,1439
2014-11-12,0.96451,0.96799,0.96224,0.96712,1440
2014-11-13,0.96711,0.96728,0.96221,0.96373,1438
2014-11-14,0.96372,0.96889,0.95734,0.95856,1320
2014-11-16,0.95877,0.95997,0.95835,0.95933,120
2014-11-17,0.95932,0.96544,0.95526,0.96489,1440
2014-11-18,0.96488,0.96495,0.95744,0.95856,1439
2014-11-19,0.95856,0.96007,0.9532,0.95796,1439
2014-11-20,0.95796,0.96061,0.95529,0.95849,1439
2014-11-21,0.95859,0.97093,0.95633,0.96972,1320
2014-11-23,0.97269,0.97273,0.97147,0.97171,119
2014-11-24,0.97171,0.97207,0.9663,0.96715,1438
2014-11-25,0.96715,0.96979,0.96341,0.96355,1438
2014-11-26,0.96355,0.96658,0.95951,0.96131,1437
2014-11-27,0.96131,0.96497,0.95987,0.96469,1435
2014-11-28,0.96468,0.96707,0.96211,0.96446,1319
2014-11-30,0.9658,0.96831,0.96574,0.96781,119
2014-12-01,0.96782,0.96876,0.96152,0.96464,1438
2014-12-02,0.96466,0.97297,0.96415,0.97194,1436
2014-12-03,0.97197,0.97828,0.97149,0.97727,1435
2014-12-04,0.97728,0.9796,0.96495,0.97077,1438
2014-12-05,0.97078,0.97997,0.97024,0.97865,1318
2014-12-07,0.9783,0.97907,0.97756,0.97844,118
2014-12-08,0.97845,0.98177,0.97377,0.97632,1440
2014-12-09,0.97632,0.97775,0.96533,0.97051,1439
2014-12-10,0.97052,0.97224,0.96381,0.96404,1440
2014-12-11,0.96405,0.97105,0.96274,0.96925,1440
2014-12-12,0.96927,0.9699,0.96186,0.96356,1320
2014-12-14,0.96261,0.96422,0.96255,0.96381,120
2014-12-15,0.96381,0.96739,0.9624,0.96548,1439
2014-12-16,0.96548,0.96572,0.95532,0.95986,1440
2014-12-17,0.95989,0.97463,0.95949,0.97343,1440
2014-12-18,0.97343,0.9848,0.97215,0.9799,1436
2014-12-19,0.97991,0.98459,0.97844,0.98374,1318
2014-12-21,0.98405,0.98459,0.98255,0.98446,119
2014-12-22,0.98445,0.98496,0.98049,0.9844,1436
2014-12-23,0.98439,0.98861,0.98255,0.98757,1433
2014-12-24,0.98755,0.98814,0.98398,0.98546,1138
2014-12-25,0.98345,0.98521,0.98339,0.98495,60
2014-12-26,0.98497,0.98841,0.98358,0.98714,1308
2014-12-28,0.98697,0.98841,0.98685,0.98833,120
2014-12-29,0.98831,0.99078,0.98432,0.98979,1434
2014-12-30,0.98979,0.99194,0.98678,0.98862,1432
2014-12-31,0.98868,0.99441,0.98798,0.9942,1306
2015-01-01,0.9933,0.99524,0.99275,0.99459,142
2015-01-02,0.99459,1.00176,0.99452,1.00138,1317
2015-01-04,1.00593,1.01159,1.00548,1.00585,120
2015-01-05,1.00583,1.01083,1.00329,1.00642,1438
2015-01-06,1.00642,1.01342,1.00413,1.01159,1437
2015-01-07,1.01155,1.01755,1.00945,1.01486,1438
2015-01-08,1.01487,1.02165,1.01365,1.01847,1438
2015-01-09,1.01848,1.02091,1.01379,1.01408,1319
2015-01-11,1.01312,1.01387,1.01183,1.01185,120
2015-01-12,1.01186,1.01894,1.01178,1.01498,1437
2015-01-13,1.01495,1.02175,1.01262,1.01971,1438
2015-01-14,1.01971,1.02402,1.01377,1.01906,1437
2015-01-15,1.01906,1.02205,0.83369,0.854,1375
2015-01-16,0.85371,0.88093,0.84512,0.85768,1320
2015-01-18,0.86084,0.86281,0.85793,0.85827,111
2015-01-19,0.85818,0.88007,0.85399,0.87997,1430
2015-01-20,0.87997,0.88367,0.86847,0.87437,1437
2015-01-21,0.87425,0.87722,0.84999,0.86039,1437
2015-01-22,0.86036,0.87499,0.85255,0.87165,1437
2015-01-23,0.87174,0.88191,0.86786,0.87909,1317
2015-01-25,0.87854,0.88218,0.8784,0.88092,120
2015-01-26,0.88087,0.90427,0.87633,0.90117,1435
2015-01-27,0.90121,0.91669,0.89348,0.89926,1435
2015-01-28,0.89934,0.90904,0.89854,0.90707,1433
2015-01-29,0.90707,0.92526,0.90558,0.92235,1432
2015-01-30,0.92248,0.9289,0.91698,0.92048,1318
2015-02-01,0.9265,0.9265,0.92013,0.92144,120
2015-02-02,0.92128,0.93451,0.92016,0.92704,1434
2015-02-03,0.92703,0.9296,0.91855,0.92484,1437
2015-02-04,0.92485,0.92795,0.92063,0.92609,1437
2015-02-05,0.92609,0.9312,0.92046,0.92204,1436
2015-02-06,0.92204,0.92889,0.91754,0.92553,1314
2015-02-08,0.92614,0.9267,0.92462,0.9262,120
2015-02-09,0.92632,0.92866,0.91956,0.92484,1436
2015-02-10,0.9248,0.92775,0.9214,0.92652,1433
2015-02-11,0.92664,0.93004,0.9229,0.92862,1438
2015-02-12,0.92862,0.93371,0.92568,0.93034,1434
2015-02-13,0.93034,0.93353,0.9269,0.93082,1318
2015-02-15,0.93028,0.93254,0.93028,0.93161,118
2015-02-16,0.93162,0.93348,0.92831,0.9334,1437
2015-02-17,0.93327,0.93746,0.92911,0.93617,1433
2015-02-18,0.93619,0.94519,0.93149,0.94195,1438
2015-02-19,0.94195,0.94989,0.93848,0.94941,1433
2015-02-20,0.94941,0.95353,0.93714,0.93748,1312
2015-02-22,0.94059,0.94095,0.93873,0.94062,120
2015-02-23,0.94062,0.95261,0.93993,0.95129,1437
2015-02-24,0.95118,0.95227,0.94686,0.95012,1436
2015-02-25,0.95017,0.95081,0.9465,0.94882,1437
2015-02-26,0.94876,0.95466,0.94499,0.95275,1435
2015-02-27,0.9528,0.9547,0.94503,0.95379,1320
2015-03-01,0.95365,0.95462,0.95296,0.95432,120
2015-03-02,0.95432,0.95979,0.95395,0.9586,1436
2015-03-03,0.95858,0.9618,0.95567,0.96085,1438
2015-03-04,0.96085,0.96814,0.95925,0.9635,1438
2015-03-05,0.96351,0.97492,0.96312,0.97381,1434
2015-03-06,0.97381,0.98651,0.97217,0.98527,1316
2015-03-08,0.98712,0.98712,0.9838,0.98454,180
2015-03-09,0.98453,0.9874,0.98249,0.9871,1438
2015-03-10,0.9871,1.00002,0.98668,0.99828,1437
2015-03-11,0.99832,1.0108,0.99694,1.00911,1438
2015-03-12,1.00912,1.01284,0.99816,1.0028,1438
2015-03-13,1.00279,1.01118,1.00262,1.0048,1256
2015-03-15,1.00646,1.00737,1.00445,1.00632,178
2015-03-16,1.00631,1.00863,1.00232,1.00768,1425
2015-03-17,1.00767,1.00913,1.00095,1.00568,1415
2015-03-18,1.00571,1.00689,0.96293,0.98113,1424
2015-03-19,0.9811,0.9983,0.97703,0.98977,1438
2015-03-20,0.98974,0.99047,0.97299,0.97382,1258
2015-03-22,0.97492,0.97874,0.97321,0.9775,180
2015-03-23,0.97747,0.98117,0.96408,0.96671,1434
2015-03-24,0.96669,0.96945,0.95361,0.95949,1438
2015-03-25,0.95947,0.96195,0.95544,0.96039,1433
2015-03-26,0.96039,0.96563,0.94904,0.96327,1438
2015-03-27,0.96328,0.96922,0.95577,0.96189,1259
2015-03-29,0.96138,0.96177,0.96057,0.96139,177
2015-03-30,0.9614,0.96892,0.96041,0.96747,1436
2015-03-31,0.96755,0.97561,0.96556,0.9721,1438
2015-04-01,0.9721,0.97423,0.96443,0.96613,1436
2015-04-02,0.9661,0.96752,0.95618,0.96002,1433
2015-04-03,0.96002,0.96094,0.94802,0.95122,1248
2015-04-05,0.95091,0.95257,0.94925,0.95252,180
2015-04-06,0.95251,0.96061,0.94997,0.95793,1427
2015-04-07,0.958,0.96718,0.95564,0.9658,1435
2015-04-08,0.9658,0.96744,0.95971,0.96625,1436
2015-04-09,0.96629,0.97895,0.96623,0.97705,1429
2015-04-10,0.97705,0.98364,0.97508,0.97898,1259
2015-04-12,0.9802,0.98052,0.97878,0.97931,170
2015-04-13,0.97929,0.98628,0.97591,0.97741,1435
2015-04-14,0.97741,0.97944,0.96729,0.97292,1439
2015-04-15,0.97292,0.97708,0.96353,0.96494,1437
2015-04-16,0.96493,0.97109,0.95395,0.95656,1435
2015-04-17,0.95654,0.95842,0.94939,0.95098,1259
2015-04-19,0.94981,0.95328,0.94981,0.95148,178
2015-04-20,0.9515,0.95991,0.94998,0.95539,1439
2015-04-21,0.95537,0.96244,0.95056,0.95497,1437
2015-04-22,0.95498,0.97149,0.95016,0.96965,1439
2015-04-23,0.96967,0.97186,0.95305,0.95592,1428
2015-04-24,0.95583,0.9574,0.951,0.95288,1259
2015-04-26,0.95415,0.95442,0.953,0.95364,168
2015-04-27,0.95363,0.95838,0.94925,0.95515,1438
2015-04-28,0.95517,0.95984,0.95038,0.95611,1430
2015-04-29,0.95611,0.95725,0.93399,0.94032,1439
2015-04-30,0.94033,0.94471,0.93079,0.93353,1434
2015-05-01,0.93351,0.93523,0.92777,0.93195,1258
2015-05-03,0.93341,0.93397,0.93238,0.93335,180
2015-05-04,0.93335,0.93846,0.9313,0.93367,1431
2015-05-05,0.9337,0.94129,0.92384,0.92754,1437
2015-05-06,0.92754,0.92801,0.91136,0.91652,1436
2015-05-07,0.91652,0.92292,0.90719,0.92173,1438
2015-05-08,0.92174,0.93238,0.91984,0.92913,1259
2015-05-10,0.9315,0.93196,0.93104,0.93159,176
2015-05-11,0.93161,0.93544,0.92966,0.93457,1434
2015-05-12,0.93457,0.93583,0.92112,0.92848,1434
2015-05-13,0.92849,0.92937,0.91538,0.91711,1438
2015-05-14,0.91712,0.9177,0.90785,0.91255,1436
2015-05-15,0.91256,0.92551,0.91144,0.91528,1257
2015-05-17,0.915,0.91671,0.91455,0.91537,171
2015-05-18,0.91537,0.92645,0.91537,0.92614,1438
2015-05-19,0.92607,0.93837,0.92458,0.93724,1434
2015-05-20,0.93725,0.94054,0.93366,0.93619,1439
2015-05-21,0.93619,0.9382,0.93065,0.93783,1435
2015-05-22,0.93781,0.94568,0.9286,0.94244,1256
2015-05-24,0.94302,0.9452,0.9426,0.9433,176
2015-05-25,0.9433,0.94586,0.94052,0.94578,1430
2015-05-26,0.94577,0.95385,0.94553,0.9519,1438
2015-05-27,0.95191,0.95433,0.94668,0.94989,1431
2015-05-28,0.9499,0.95124,0.94164,0.94293,1437
2015-05-29,0.94292,0.94791,0.93481,0.94021,1259
2015-05-31,0.93947,0.94163,0.93861,0.94157,171
2015-06-01,0.94157,0.94837,0.9404,0.94602,1438
2015-06-02,0.94601,0.94602,0.93095,0.93346,1432
2015-06-03,0.93347,0.94229,0.93027,0.93451,1434
2015-06-04,0.93452,0.93712,0.92777,0.93493,1437
2015-06-05,0.93494,0.95016,0.92986,0.93889,1258
2015-06-07,0.94066,0.94106,0.93993,0.94067,173
2015-06-08,0.9407,0.94293,0.92559,0.92748,1438
2015-06-09,0.92748,0.93325,0.92463,0.93043,1425
2015-06-10,0.93042,0.93258,0.92332,0.93215,1436
2015-06-11,0.93217,0.9407,0.92977,0.93385,1433
2015-06-12,0.9339,0.93906,0.92411,0.92744,1260
2015-06-14,0.92974,0.93013,0.92883,0.92956,167
2015-06-15,0.92956,0.93843,0.92746,0.92991,1426
2015-06-16,0.92991,0.93347,0.92717,0.93179,1426
2015-06-17,0.93176,0.93228,0.9197,0.92117,1425
2015-06-18,0.92115,0.9246,0.91509,0.9214,1432
2015-06-19,0.9214,0.92492,0.9163,0.91665,1258
2015-06-21,0.91654,0.91855,0.91627,0.91851,174
2015-06-22,0.91854,0.92254,0.91567,0.92175,1433
2015-06-23,0.92175,0.93874,0.92133,0.93346,1435
2015-06-24,0.93347,0.93691,0.92807,0.93357,1432
2015-06-25,0.93357,0.94163,0.93248,0.93653,1426
2015-06-26,0.93653,0.9374,0.93,0.93251,1255
2015-06-28,0.93821,0.94174,0.93657,0.94031,180
2015-06-29,0.9403,0.9428,0.92423,0.92596,1434
2015-06-30,0.92599,0.93811,0.92567,0.93508,1434
2015-07-01,0.93517,0.94897,0.9342,0.94874,1424
2015-07-02,0.94876,0.95035,0.94182,0.94361,1434
2015-07-03,0.9436,0.94412,0.93921,0.93921,1258
2015-07-05,0.94253,0.94481,0.94116,0.94436,179
2015-07-06,0.94434,0.94716,0.94079,0.94303,1432
2015-07-07,0.94304,0.95153,0.94271,0.94662,1438
2015-07-08,0.94662,0.95102,0.94085,0.94571,1433
2015-07-09,0.94571,0.95149,0.94248,0.94772,1435
2015-07-10,0.94773,0.94793,0.93297,0.9374,1258
2015-07-12,0.94126,0.94158,0.93814,0.94015,179
2015-07-13,0.9401,0.95092,0.93673,0.95078,1432
2015-07-14,0.95078,0.95321,0.94019,0.94496,1427
2015-07-15,0.94496,0.95474,0.94473,0.9528,1432
2015-07-16,0.95279,0.95839,0.95226,0.9573,1427
2015-07-17,0.95733,0.96187,0.95571,0.96155,1259
2015-07-19,0.96095,0.96275,0.96028,0.96244,178
2015-07-20,0.96244,0.9649,0.96003,0.96349,1434
2015-07-21,0.96349,0.96484,0.95599,0.95807,1432
2015-07-22,0.95806,0.9632,0.9561,0.95984,1437
2015-07-23,0.95982,0.96031,0.95255,0.95949,1431
2015-07-24,0.95949,0.96354,0.95738,0.96181,1260
2015-07-26,0.96145,0.96313,0.96145,0.96262,175
2015-07-27,0.96262,0.96327,0.95304,0.96215,1435
2015-07-28,0.96214,0.96741,0.96045,0.96159,1437
2015-07-29,0.9616,0.96892,0.95984,0.96748,1437
2015-07-30,0.96748,0.97189,0.96747,0.96827,1434
2015-07-31,0.96827,0.96848,0.95484,0.96578,1259
2015-08-02,0.96572,0.96742,0.96516,0.96721,175
2015-08-03,0.96722,0.97021,0.96436,0.96921,1429
2015-08-04,0.9692,0.97897,0.96683,0.9781,1436
2015-08-05,0.97811,0.98215,0.97598,0.97915,1427
2015-08-06,0.97907,0.98475,0.97674,0.98109,1432
2015-08-07,0.98108,0.98836,0.97909,0.98276,1258
2015-08-09,0.98131,0.98384,0.98131,0.98377,177
2015-08-10,0.98376,0.98913,0.98032,0.98365,1433
2015-08-11,0.98367,0.99031,0.9802,0.98811,1420
2015-08-12,0.98811,0.98894,0.96768,0.97545,1429
2015-08-13,0.97546,0.97939,0.973,0.97548,1421
2015-08-14,0.97549,0.97866,0.97277,0.97569,1251
2015-08-16,0.97565,0.97727,0.97523,0.97712,172
2015-08-17,0.97713,0.9798,0.97419,0.97835,1423
2015-08-18,0.97833,0.97957,0.97515,0.97748,1430
2015-08-19,0.97748,0.97758,0.96417,0.96578,1433
2015-08-20,0.96578,0.96715,0.95804,0.9592,1435
2015-08-21,0.9592,0.95947,0.94563,0.94565,1218
2015-08-23,0.94621,0.94804,0.94524,0.9473,176
2015-08-24,0.94734,0.94785,0.92579,0.93308,1437
2015-08-25,0.93309,0.9505,0.93145,0.93888,1438
2015-08-26,0.9389,0.95512,0.93851,0.95207,1438
2015-08-27,0.95207,0.96723,0.95124,0.96553,1437
2015-08-28,0.96553,0.96667,0.95785,0.96179,1258
2015-08-30,0.96203,0.96325,0.961,0.96123,174
2015-08-31,0.96123,0.96895,0.9587,0.96522,1427
2015-09-01,0.96524,0.96524,0.95693,0.96018,1433
2015-09-02,0.96018,0.97029,0.95987,0.97016,1435
2015-09-03,0.97015,0.97703,0.96821,0.974,1428
2015-09-04,0.974,0.97698,0.96828,0.97211,1258
2015-09-06,0.97153,0.97231,0.97122,0.97188,171
2015-09-07,0.9719,0.9764,0.97072,0.9759,1424
2015-09-08,0.97591,0.98211,0.96996,0.97799,1428
2015-09-09,0.97798,0.98238,0.97157,0.97531,1438
2015-09-10,0.97529,0.97928,0.97009,0.97338,1437
2015-09-11,0.97337,0.9796,0.96811,0.96829,1257
2015-09-13,0.96915,0.96927,0.968,0.96902,174
2015-09-14,0.96902,0.97193,0.96674,0.96836,1433
2015-09-15,0.96834,0.97633,0.96702,0.97427,1430
2015-09-16,0.97426,0.97625,0.96694,0.97034,1425
2015-09-17,0.97032,0.97248,0.95913,0.96199,1438
2015-09-18,0.96199,0.9705,0.95275,0.96831,1259
2015-09-20,0.96958,0.97021,0.96849,0.96937,162
2015-09-21,0.96938,0.97405,0.96426,0.97201,1424
2015-09-22,0.97201,0.9757,0.97074,0.9754,1432
2015-09-23,0.97544,0.9801,0.97355,0.97917,1430
2015-09-24,0.97918,0.9804,0.96686,0.97817,1437
2015-09-25,0.97824,0.98432,0.97431,0.97872,1260
2015-09-27,0.97866,0.97982,0.97767,0.97945,170
2015-09-28,0.97941,0.98161,0.97221,0.97483,1427
2015-09-29,0.97482,0.97482,0.9687,0.97116,1429
2015-09-30,0.97116,0.97756,0.9709,0.97417,1428
2015-10-01,0.97421,0.97887,0.97219,0.97638,1428
2015-10-02,0.97639,0.97946,0.9645,0.9708,1256
2015-10-04,0.97122,0.97226,0.97064,0.97128,177
2015-10-05,0.97145,0.97675,0.96859,0.9755,1424
2015-10-06,0.97549,0.9767,0.96624,0.96746,1429
2015-10-07,0.96743,0.97394,0.96481,0.97334,1430
2015-10-08,0.97334,0.97336,0.96227,0.9664,1433
2015-10-09,0.96637,0.96753,0.95864,0.96134,1250
2015-10-11,0.9609,0.96165,0.9602,0.96131,174
2015-10-12,0.96132,0.96306,0.95951,0.96291,1424
2015-10-13,0.96289,0.9646,0.95544,0.9584,1423
2015-10-14,0.95839,0.95841,0.94838,0.94963,1425
2015-10-15,0.94962,0.95525,0.94759,0.95155,1432
2015-10-16,0.95155,0.95531,0.94966,0.95339,1255
2015-10-18,0.95309,0.95434,0.95203,0.95308,167
2015-10-19,0.95308,0.9578,0.95219,0.95632,1425
2015-10-20,0.95632,0.95708,0.94936,0.95602,1426
2015-10-21,0.95604,0.96105,0.95277,0.95926,1430
2015-10-22,0.95921,0.97386,0.95798,0.97371,1436
2015-10-23,0.9737,0.98006,0.97115,0.97833,1260
2015-10-25,0.97868,0.97932,0.97814,0.97879,174
2015-10-26,0.9788,0.98388,0.9757,0.9826,1429
2015-10-27,0.98261,0.98736,0.98056,0.98715,1429
2015-10-28,0.98714,0.99571,0.98205,0.99388,1433
2015-10-29,0.99391,0.9956,0.98815,0.98918,1435
2015-10-30,0.98921,0.99107,0.98454,0.9874,1259
2015-11-01,0.98516,0.98708,0.98463,0.98633,120
2015-11-02,0.98633,0.98913,0.98358,0.98716,1430
2015-11-03,0.98715,0.99248,0.98442,0.99109,1429
2015-11-04,0.9911,0.99513,0.98849,0.99319,1431
2015-11-05,0.9932,0.9979,0.99212,0.99516,1432
2015-11-06,0.99518,1.00763,0.9944,1.00527,1314
2015-11-08,1.00477,1.00613,1.0045,1.00576,119
2015-11-09,1.00575,1.00617,0.99974,1.00314,1436
2015-11-10,1.00315,1.00863,1.00196,1.00519,1436
2015-11-11,1.00519,1.00717,1.00287,1.00348,1435
2015-11-12,1.00349,1.00852,0.99892,1.00086,1432
2015-11-13,1.00085,1.00946,0.99989,1.00535,1316
2015-11-15,1.00627,1.00905,1.00534,1.00787,119
2015-11-16,1.00787,1.0103,1.00436,1.00953,1432
2015-11-17,1.00955,1.01706,1.00923,1.0143,1431
2015-11-18,1.01431,1.02196,1.01278,1.0189,1422
2015-11-19,1.01889,1.02015,1.01218,1.01356,1435
2015-11-20,1.01358,1.01977,1.01223,1.01802,1312
2015-11-22,1.0195,1.01978,1.01874,1.01974,118
2015-11-23,1.01974,1.02258,1.01752,1.01845,1436
2015-11-24,1.01846,1.01939,1.01441,1.01708,1438
2015-11-25,1.01709,1.02604,1.01436,1.02183,1437
2015-11-26,1.02184,1.02529,1.02135,1.02359,1432
2015-11-27,1.02357,1.0328,1.02258,1.02944,1312
2015-11-29,1.02954,1.03041,1.02947,1.03027,117
2015-11-30,1.03027,1.03199,1.02583,1.02908,1436
2015-12-01,1.02914,1.03017,1.0253,1.0263,1437
2015-12-02,1.02631,1.03074,1.01794,1.01863,1435
2015-12-03,1.01865,1.02639,0.98749,0.99378,1436
2015-12-04,0.99378,1.0034,0.99119,0.99574,1319
2015-12-06,0.997,0.99762,0.99611,0.99681,116
2015-12-07,0.9968,1.00315,0.99645,1.00055,1431
2015-12-08,1.00059,1.00102,0.99172,0.99284,1434
2015-12-09,0.99289,0.99446,0.982,0.98341,1438
2015-12-10,0.98341,0.99079,0.98307,0.98828,1434
2015-12-11,0.98832,0.98984,0.98032,0.98288,1315
2015-12-13,0.98353,0.98436,0.98302,0.98415,120
2015-12-14,0.98409,0.9872,0.97859,0.98569,1435
2015-12-15,0.98572,0.99245,0.97983,0.9908,1437
2015-12-16,0.9908,0.9938,0.98099,0.99256,1436
2015-12-17,0.99256,0.99907,0.99136,0.99462,1440
2015-12-18,0.99462,0.99757,0.99146,0.99156,1319
2015-12-20,0.99248,0.99315,0.99125,0.99187,112
2015-12-21,0.99189,0.99686,0.9897,0.99277,1430
2015-12-22,0.99277,0.99373,0.98569,0.98786,1431
2015-12-23,0.9879,0.99451,0.98746,0.99066,1428
2015-12-24,0.99066,0.99068,0.98526,0.98645,1132
2015-12-27,0.98607,0.98717,0.9858,0.98702,107
2015-12-28,0.98702,0.99021,0.9857,0.98811,1425
2015-12-29,0.98814,0.99431,0.98616,0.99232,1426
2015-12-30,0.99232,0.9927,0.98572,0.98811,1430
2015-12-31,0.98819,1.00288,0.98718,1.00254,1295
2016-01-03,1.00058,1.00079,0.99906,0.99959,116
2016-01-04,0.99951,1.00626,0.9924,1.0026,1434
2016-01-05,1.00261,1.01242,1.00073,1.00863,1437
2016-01-06,1.00862,1.01198,1.00569,1.00741,1439
2016-01-07,1.00742,1.00766,0.99219,0.99388,1440
2016-01-08,0.99387,1.00516,0.9936,0.99456,1320
2016-01-10,0.99534,0.99534,0.98797,0.99241,120
2016-01-11,0.99241,1.00226,0.99234,1.0016,1436
2016-01-12,1.00167,1.00464,0.99664,1.00312,1437
2016-01-13,1.00311,1.01064,1.00247,1.00604,1439
2016-01-14,1.00604,1.00918,1.00095,1.00539,1437
2016-01-15,1.00536,1.00603,0.99581,1.0014,1319
2016-01-17,1.0013,1.00205,1.00033,1.00181,119
2016-01-18,1.00181,1.00729,1.00128,1.00504,1427
2016-01-19,1.00503,1.00816,1.00014,1.00334,1431
2016-01-20,1.00335,1.00606,0.99903,1.00591,1438
2016-01-21,1.00593,1.01458,1.00122,1.00796,1440
2016-01-22,1.00797,1.01657,1.00689,1.01578,1320
2016-01-24,1.01534,1.01673,1.01533,1.0163,113
2016-01-25,1.01629,1.0163,1.01207,1.01246,1434
2016-01-26,1.01244,1.01988,1.01174,1.01712,1432
2016-01-27,1.01711,1.01886,1.01302,1.0145,1435
2016-01-28,1.01452,1.01774,1.01102,1.01393,1436
2016-01-29,1.01393,1.02562,1.01328,1.02289,1319
2016-01-31,1.0214,1.02496,1.02133,1.02445,117
2016-02-01,1.02445,1.02456,1.0155,1.01961,1438
2016-02-02,1.0196,1.02242,1.01701,1.01876,1439
2016-02-03,1.01877,1.01937,0.99875,1.00536,1437
2016-02-04,1.00534,1.0074,0.99215,0.99337,1439
2016-02-05,0.99337,0.99849,0.98814,0.99039,1319
2016-02-07,0.99164,0.99304,0.99159,0.99281,115
2016-02-08,0.99282,0.9973,0.98407,0.9872,1437
2016-02-09,0.98722,0.98736,0.96948,0.97309,1438
2016-02-10,0.97307,0.98194,0.97093,0.97316,1440
2016-02-11,0.97318,0.9761,0.96608,0.97234,1438
2016-02-12,0.97232,0.97904,0.9714,0.97654,1320
2016-02-14,0.97713,0.97887,0.97655,0.97821,116
2016-02-15,0.97822,0.9889,0.97722,0.98608,1437
2016-02-16,0.98607,0.98959,0.98468,0.98841,1435
2016-02-17,0.98848,0.99416,0.98529,0.99264,1440
2016-02-18,0.99265,0.99684,0.99043,0.99313,1439
2016-02-19,0.99315,0.99673,0.98882,0.98952,1320
2016-02-21,0.98926,0.99092,0.98895,0.99066,120
2016-02-22,0.99065,1.0003,0.99036,1.00006,1439
2016-02-23,1.00007,1.00007,0.98951,0.99143,1439
2016-02-24,0.99143,0.99525,0.98524,0.98923,1439
2016-02-25,0.98926,0.99517,0.98772,0.99014,1439
2016-02-26,0.99014,0.99885,0.98711,0.9963,1318
2016-02-28,0.99712,0.99824,0.99645,0.9967,117
2016-02-29,0.99677,1.00377,0.99484,0.99789,1438
2016-03-01,0.99789,1.0009,0.996,0.99671,1439
2016-03-02,0.99665,1.0009,0.99549,0.99659,1439
2016-03-03,0.99661,0.99822,0.98917,0.99248,1438
2016-03-04,0.99249,0.99879,0.98783,0.99266,1320
2016-03-06,0.9927,0.9948,0.9927,0.99428,116
2016-03-07,0.9943,1.00118,0.99276,0.99578,1436
2016-03-08,0.99578,0.99713,0.99012,0.99639,1438
2016-03-09,0.99639,1.00389,0.99394,0.99819,1438
2016-03-10,0.99816,1.00926,0.98099,0.98456,1435
2016-03-11,0.98458,0.989,0.98025,0.98242,1320
2016-03-13,0.98329,0.98408,0.9815,0.98286,173
2016-03-14,0.98287,0.98817,0.98252,0.98708,1427
2016-03-15,0.98709,0.98956,0.98492,0.98719,1432
2016-03-16,0.98719,0.99133,0.97499,0.97795,1438
2016-03-17,0.97806,0.97863,0.96509,0.96714,1439
2016-03-18,0.96714,0.97169,0.96544,0.96861,1260
2016-03-20,0.9687,0.9702,0.96815,0.96982,170
2016-03-21,0.96982,0.97301,0.9675,0.97072,1437
2016-03-22,0.97072,0.97365,0.96882,0.9729,1435
2016-03-23,0.97292,0.97658,0.9726,0.97554,1435
2016-03-24,0.97554,0.97732,0.97368,0.97595,1428
2016-03-25,0.97595,0.97868,0.9757,0.97761,1175
2016-03-27,0.97698,0.9786,0.97627,0.97849,169
2016-03-28,0.97849,0.9786,0.97225,0.97361,1429
2016-03-29,0.9736,0.97624,0.96576,0.96655,1439
2016-03-30,0.96654,0.96698,0.95921,0.96517,1436
2016-03-31,0.96521,0.96627,0.95715,0.96122,1437
2016-04-01,0.96123,0.96255,0.95556,0.95709,1258
2016-04-03,0.95728,0.95921,0.95696,0.95863,175
2016-04-04,0.95862,0.96147,0.95726,0.95911,1433
2016-04-05,0.95916,0.96042,0.95465,0.95666,1435
2016-04-06,0.95666,0.96216,0.95301,0.95581,1432
2016-04-07,0.95581,0.9581,0.95216,0.95641,1439
2016-04-08,0.95642,0.9582,0.95225,0.95225,1259
2016-04-10,0.95164,0.95359,0.95164,0.95333,175
2016-04-11,0.95332,0.95704,0.95023,0.95412,1435
2016-04-12,0.95413,0.95932,0.9499,0.95544,1429
2016-04-13,0.95543,0.96714,0.95491,0.96661,1431
2016-04-14,0.96661,0.9688,0.96373,0.96651,1436
2016-04-15,0.96655,0.96878,0.96478,0.96753,1259
2016-04-17,0.96512,0.96726,0.96512,0.96637,174
2016-04-18,0.96635,0.9679,0.96278,0.96461,1436
2016-04-19,0.96461,0.965,0.95845,0.9619,1440
2016-04-20,0.9619,0.97329,0.96026,0.97125,1437
2016-04-21,0.97125,0.97533,0.96474,0.97495,1437
2016-04-22,0.97497,0.97965,0.97318,0.97765,1260
2016-04-24,0.97865,0.97884,0.97779,0.9784,174
2016-04-25,0.9784,0.9785,0.97359,0.97503,1434
2016-04-26,0.97505,0.97666,0.97013,0.97376,1436
2016-04-27,0.97377,0.97533,0.96795,0.97097,1437
2016-04-28,0.97098,0.97329,0.96566,0.96631,1435
2016-04-29,0.96631,0.96653,0.95675,0.95961,1260
2016-05-01,0.95778,0.9595,0.95759,0.95879,172
2016-05-02,0.95886,0.96048,0.95347,0.95531,1436
2016-05-03,0.95533,0.95537,0.9444,0.9538,1440
2016-05-04,0.95376,0.95897,0.95326,0.95706,1438
2016-05-05,0.95706,0.96961,0.95691,0.96815,1438
2016-05-06,0.96815,0.97289,0.96507,0.97241,1257
2016-05-08,0.97229,0.97317,0.97205,0.97271,176
2016-05-09,0.97272,0.97355,0.96839,0.97121,1436
2016-05-10,0.97122,0.97625,0.96985,0.97538,1436
2016-05-11,0.97539,0.97566,0.96983,0.97101,1438
2016-05-12,0.97102,0.97256,0.96634,0.97102,1438
2016-05-13,0.97101,0.97742,0.97016,0.97548,1260
2016-05-15,0.97532,0.97617,0.97429,0.97557,174
2016-05-16,0.97557,0.97839,0.97473,0.97817,1430
2016-05-17,0.97815,0.98079,0.9751,0.98018,1432
2016-05-18,0.98022,0.98809,0.97983,0.98798,1430
2016-05-19,0.98798,0.99226,0.98625,0.99089,1431
2016-05-20,0.99089,0.99266,0.9896,0.99017,1260
2016-05-22,0.9905,0.99121,0.98965,0.99121,176
2016-05-23,0.99121,0.99234,0.98831,0.98971,1432
2016-05-24,0.98968,0.99373,0.98936,0.99319,1436
2016-05-25,0.99325,0.99335,0.98964,0.99121,1437
2016-05-26,0.99121,0.99275,0.98719,0.98927,1433
2016-05-27,0.98926,0.99485,0.98855,0.99415,1259
2016-05-29,0.99427,0.9949,0.99383,0.99479,174
2016-05-30,0.99478,0.99562,0.99146,0.9915,1419
2016-05-31,0.9915,0.99505,0.98863,0.9931,1438
2016-06-01,0.99305,0.99508,0.98618,0.98844,1439
2016-06-02,0.98846,0.99102,0.98584,0.99038,1436
2016-06-03,0.9904,0.99199,0.97518,0.97533,1258
2016-06-05,0.97672,0.97742,0.97528,0.97588,177
2016-06-06,0.9759,0.97757,0.96817,0.97022,1435
2016-06-07,0.9702,0.97138,0.96447,0.96536,1438
2016-06-08,0.96536,0.9659,0.95809,0.95843,1437
2016-06-09,0.95844,0.96559,0.9578,0.96458,1437
2016-06-10,0.96455,0.96577,0.96164,0.96405,1258
2016-06-12,0.96379,0.96534,0.96356,0.9646,176
2016-06-13,0.9646,0.96782,0.96231,0.96266,1433
2016-06-14,0.96265,0.96684,0.96211,0.96372,1435
2016-06-15,0.96363,0.96634,0.95911,0.96103,1439
2016-06-16,0.96101,0.96867,0.95717,0.96472,1437
2016-06-17,0.96472,0.96562,0.95883,0.95919,1260
2016-06-19,0.95968,0.96416,0.95927,0.95986,177
2016-06-20,0.95985,0.96325,0.95753,0.96205,1435
2016-06-21,0.96205,0.96276,0.95722,0.96212,1439
2016-06-22,0.96212,0.96274,0.95503,0.95961,1437
2016-06-23,0.95956,0.9655,0.95211,0.96171,1436
2016-06-24,0.96167,0.98023,0.95891,0.9723,1259
2016-06-26,0.97481,0.97481,0.9705,0.97288,176
2016-06-27,0.97287,0.9819,0.97192,0.97861,1436
2016-06-28,0.97862,0.98367,0.9763,0.98047,1439
2016-06-29,0.98046,0.98231,0.97794,0.97948,1436
2016-06-30,0.97949,0.98201,0.97276,0.97626,1439
2016-07-01,0.97631,0.97808,0.97101,0.973,1256
2016-07-03,0.97339,0.97505,0.97229,0.97444,167
2016-07-04,0.97445,0.9758,0.96968,0.97095,1411
2016-07-05,0.97097,0.97742,0.96845,0.97695,1421
2016-07-06,0.97696,0.98059,0.97398,0.97505,1431
2016-07-07,0.97505,0.97931,0.97405,0.97871,1429
2016-07-08,0.9787,0.98655,0.976,0.98276,1254
2016-07-10,0.98158,0.98352,0.98141,0.9832,166
2016-07-11,0.98324,0.98575,0.98151,0.98265,1429
2016-07-12,0.98267,0.98939,0.97954,0.98906,1428
2016-07-13,0.98908,0.98939,0.98214,0.98439,1434
2016-07-14,0.98437,0.98476,0.9764,0.98151,1430
2016-07-15,0.98151,0.98468,0.97819,0.98225,1259
2016-07-17,0.98179,0.98402,0.98142,0.98361,174
2016-07-18,0.98359,0.98465,0.98111,0.98287,1434
2016-07-19,0.98285,0.98771,0.9815,0.98606,1433
2016-07-20,0.98604,0.99044,0.98505,0.98646,1436
2016-07-21,0.9865,0.99064,0.98403,0.98494,1434
2016-07-22,0.98494,0.98951,0.98432,0.98678,1260
2016-07-24,0.98719,0.98839,0.98642,0.98823,159
2016-07-25,0.98823,0.98946,0.98494,0.98594,1415
2016-07-26,0.98598,0.99274,0.98346,0.99205,1430
2016-07-27,0.9921,0.99501,0.98464,0.98478,1438
2016-07-28,0.98477,0.98646,0.97934,0.9797,1429
2016-07-29,0.9797,0.9801,0.96355,0.9687,1259
2016-07-31,0.96878,0.96972,0.96829,0.96943,173
2016-08-01,0.96943,0.97026,0.96636,0.96826,1436
2016-08-02,0.96827,0.96841,0.96333,0.9649,1438
2016-08-03,0.96491,0.97383,0.9649,0.97275,1423
2016-08-04,0.97278,0.97496,0.97209,0.97382,1428
2016-08-05,0.97383,0.98302,0.97265,0.98015,1251
2016-08-07,0.9806,0.98188,0.97852,0.98043,170
2016-08-08,0.98044,0.98416,0.97892,0.98286,1424
2016-08-09,0.98288,0.98433,0.98083,0.98153,1428
2016-08-10,0.98153,0.98154,0.97339,0.97385,1435
2016-08-11,0.97386,0.97656,0.9711,0.97501,1437
2016-08-12,0.97502,0.97653,0.97081,0.9743,1252
2016-08-14,0.97378,0.97547,0.97296,0.97462,159
2016-08-15,0.97461,0.97587,0.97129,0.97306,1421
2016-08-16,0.97308,0.97334,0.95887,0.96175,1433
2016-08-17,0.96175,0.96571,0.95966,0.96151,1428
2016-08-18,0.96153,0.96183,0.95372,0.95454,1436
2016-08-19,0.95455,0.96108,0.95453,0.9601,1255
2016-08-21,0.96102,0.96191,0.95982,0.96181,167
2016-08-22,0.9618,0.96485,0.96107,0.96313,1431
2016-08-23,0.96314,0.96352,0.95937,0.96339,1435
2016-08-24,0.96338,0.96835,0.96259,0.96725,1433
2016-08-25,0.96726,0.96873,0.96409,0.96722,1429
2016-08-26,0.96727,0.97925,0.96312,0.97754,1254
2016-08-28,0.97797,0.97863,0.97758,0.97789,165
2016-08-29,0.97789,0.98065,0.97646,0.97792,1432
2016-08-30,0.97792,0.98445,0.97791,0.98309,1431
2016-08-31,0.98308,0.98626,0.98175,0.9837,1436
2016-09-01,0.9837,0.98847,0.9785,0.97984,1426
2016-09-02,0.97986,0.98191,0.97388,0.97997,1256
2016-09-04,0.98003,0.98045,0.97866,0.9801,160
2016-09-05,0.9801,0.98136,0.97719,0.98007,1398
2016-09-06,0.98008,0.98102,0.96907,0.97021,1430
2016-09-07,0.97017,0.97092,0.967,0.96975,1429
2016-09-08,0.96976,0.97373,0.9649,0.97186,1431
2016-09-09,0.97186,0.97843,0.971,0.97496,1255
2016-09-11,0.97427,0.97538,0.97417,0.97487,174
2016-09-12,0.97485,0.97629,0.96897,0.97148,1424
2016-09-13,0.97147,0.97843,0.97067,0.97686,1436
2016-09-14,0.97687,0.97897,0.9706,0.9733,1430
2016-09-15,0.97331,0.97675,0.96938,0.97123,1434
2016-09-16,0.97126,0.98179,0.97112,0.97988,1254
2016-09-18,0.97995,0.98048,0.97911,0.97976,174
2016-09-19,0.97975,0.98186,0.97832,0.98017,1436
2016-09-20,0.98018,0.98103,0.9762,0.97906,1437
2016-09-21,0.97908,0.9814,0.97197,0.97365,1435
2016-09-22,0.97364,0.97408,0.96597,0.96918,1431
2016-09-23,0.96917,0.97423,0.96882,0.96985,1258
2016-09-25,0.96953,0.97042,0.969,0.96928,176
2016-09-26,0.96929,0.97089,0.96609,0.96911,1431
2016-09-27,0.96912,0.97286,0.96611,0.97056,1434
2016-09-28,0.97062,0.97365,0.96913,0.97054,1430
2016-09-29,0.97053,0.97232,0.96397,0.96611,1434
2016-09-30,0.9661,0.97584,0.96475,0.97089,1258
2016-10-02,0.97113,0.97222,0.96907,0.97199,176
2016-10-03,0.97201,0.97443,0.9704,0.97388,1435
2016-10-04,0.97388,0.98287,0.9738,0.9784,1437
2016-10-05,0.97841,0.97898,0.9733,0.97407,1435
2016-10-06,0.97406,0.98187,0.97371,0.9805,1437
2016-10-07,0.98052,0.9839,0.97669,0.97677,1257
2016-10-09,0.97852,0.97883,0.97691,0.9776,170
2016-10-10,0.97761,0.9839,0.97721,0.98215,1429
2016-10-11,0.98218,0.98933,0.98218,0.98811,1435
2016-10-12,0.9881,0.99095,0.98759,0.99018,1436
2016-10-13,0.99017,0.99093,0.98567,0.9866,1425
2016-10-14,0.98661,0.99047,0.98559,0.98986,1258
2016-10-16,0.98979,0.99053,0.98966,0.99045,155
2016-10-17,0.99044,0.99063,0.98713,0.98806,1433
2016-10-18,0.98807,0.99143,0.98665,0.99018,1422
2016-10-19,0.99017,0.9905,0.98747,0.9891,1434
2016-10-20,0.98911,0.9933,0.98423,0.99263,1432
2016-10-21,0.99262,0.99617,0.99262,0.9931,1256
2016-10-23,0.99435,0.99442,0.99329,0.99426,170
2016-10-24,0.99425,0.99564,0.99154,0.99392,1432
2016-10-25,0.99392,0.99987,0.99324,0.99462,1428
2016-10-26,0.99462,0.99584,0.99031,0.99342,1421
2016-10-27,0.99343,0.99508,0.99115,0.99373,1431
2016-10-28,0.99375,0.99501,0.98577,0.98722,1258
2016-10-30,0.98671,0.98805,0.9867,0.98755,174
2016-10-31,0.98757,0.99072,0.98737,0.9892,1436
2016-11-01,0.98921,0.98985,0.97282,0.97521,1436
2016-11-02,0.97521,0.97539,0.96949,0.97308,1433
2016-11-03,0.97314,0.97601,0.96951,0.97447,1432
2016-11-04,0.9745,0.97577,0.96787,0.96795,1259
2016-11-06,0.97706,0.97731,0.9733,0.97449,120
2016-11-07,0.97445,0.97892,0.97298,0.97414,1438
2016-11-08,0.97409,0.9823,0.9735,0.97952,1438
2016-11-09,0.97955,0.98488,0.95494,0.98451,1440
2016-11-10,0.98457,0.98963,0.98203,0.9872,1440
2016-11-11,0.98722,0.98928,0.98318,0.98758,1320
2016-11-13,0.98895,0.98988,0.98815,0.98961,116
2016-11-14,0.98963,1.00018,0.9894,0.99719,1440
2016-11-15,0.99717,1.00243,0.99287,1.00149,1436
2016-11-16,1.00148,1.00576,0.99835,1.0009,1439
2016-11-17,1.00092,1.0075,0.99942,1.0075,1437
2016-11-18,1.0075,1.01229,1.00598,1.00999,1320
2016-11-20,1.01025,1.01138,1.00984,1.01109,109
2016-11-21,1.01109,1.01166,1.00744,1.0078,1435
2016-11-22,1.00778,1.01345,1.00675,1.01079,1432
2016-11-23,1.01078,1.01818,1.0092,1.01744,1430
2016-11-24,1.01743,1.01918,1.01449,1.01682,1419
2016-11-25,1.01681,1.01855,1.01049,1.01389,1313
2016-11-27,1.01079,1.01409,1.01079,1.0126,117
2016-11-28,1.01266,1.01679,1.00795,1.01227,1436
2016-11-29,1.01234,1.01761,1.01104,1.01165,1434
2016-11-30,1.01166,1.02049,1.01066,1.01699,1439
2016-12-01,1.01698,1.0174,1.0095,1.01058,1433
2016-12-02,1.01054,1.01223,1.00739,1.01002,1320
2016-12-04,1.01124,1.01813,1.01106,1.01454,120
2016-12-05,1.01454,1.0177,1.005,1.00696,1438
2016-12-06,1.00696,1.01152,1.00493,1.00997,1440
2016-12-07,1.00998,1.01095,1.00652,1.00684,1438
2016-12-08,1.00683,1.01778,1.002,1.01591,1438
2016-12-09,1.0159,1.02135,1.0153,1.01622,1317
2016-12-11,1.01846,1.01849,1.01671,1.018,119
2016-12-12,1.01799,1.01986,1.01227,1.0131,1439
2016-12-13,1.0131,1.01459,1.01002,1.01181,1439
2016-12-14,1.0118,1.02232,1.00831,1.02232,1440
2016-12-15,1.02233,1.03432,1.02148,1.02973,1437
2016-12-16,1.02971,1.03113,1.02414,1.02605,1320
2016-12-18,1.02614,1.02717,1.02571,1.02674,120
2016-12-19,1.02675,1.02827,1.02209,1.02719,1440
2016-12-20,1.02715,1.03202,1.02599,1.02895,1437
2016-12-21,1.02892,1.02956,1.02269,1.02662,1439
2016-12-22,1.02662,1.02689,1.02181,1.02566,1433
2016-12-23,1.02568,1.02805,1.02428,1.02613,1314
2016-12-25,1.02542,1.02636,1.02505,1.02612,37
2016-12-26,1.02615,1.02729,1.02441,1.02676,432
2016-12-27,1.02678,1.02976,1.02663,1.02768,1425
2016-12-28,1.02769,1.03209,1.02643,1.02834,1435
2016-12-29,1.02832,1.02841,1.0054,1.01705,1437
2016-12-30,1.01712,1.02312,1.01435,1.01792,1319
2017-01-02,1.01898,1.02489,1.01817,1.02414,1000
2017-01-03,1.02424,1.03349,1.02105,1.02615,1437
2017-01-04,1.02616,1.02908,1.01999,1.02023,1436
2017-01-05,1.02021,1.02208,1.00867,1.00982,1438
2017-01-06,1.00989,1.01836,1.0096,1.01756,1320
2017-01-08,1.01679,1.01785,1.01665,1.01745,111
2017-01-09,1.01745,1.01973,1.01317,1.01427,1438
2017-01-10,1.01428,1.01778,1.01105,1.01686,1439
2017-01-11,1.01685,1.02479,1.01012,1.01327,1437
2017-01-12,1.01328,1.01494,1.00559,1.01039,1440
2017-01-13,1.01043,1.01213,1.00416,1.0084,1320
2017-01-15,1.00976,1.01079,1.00909,1.00991,120
2017-01-16,1.00993,1.01364,1.00903,1.01111,1433
2017-01-17,1.01112,1.01158,0.9996,1.00293,1439
2017-01-18,1.00296,1.00822,1.00089,1.00781,1440
2017-01-19,1.00782,1.0122,1.00414,1.00638,1439
2017-01-20,1.00638,1.00937,1.00131,1.00144,1319
2017-01-22,1.00137,1.00236,1.0008,1.00118,116
2017-01-23,1.00118,1.00188,0.99587,0.99727,1440
2017-01-24,0.99728,1.0019,0.99609,1.00107,1438
2017-01-25,1.00106,1.00258,0.99659,0.99906,1435
2017-01-26,0.99902,1.00261,0.99681,0.9999,1440
2017-01-27,0.9999,1.00275,0.99694,0.9988,1319
2017-01-29,0.99674,0.99819,0.9965,0.99731,116
2017-01-30,0.99732,1.00446,0.99338,0.99444,1439
2017-01-31,0.99441,0.9966,0.9861,0.98908,1436
2017-02-01,0.98911,0.99575,0.98835,0.99312,1440
2017-02-02,0.99311,0.9933,0.98694,0.99241,1438
2017-02-03,0.9924,0.99865,0.99067,0.99224,1320
2017-02-05,0.9908,0.99269,0.99073,0.99231,110
2017-02-06,0.99231,0.99613,0.99019,0.99132,1434
2017-02-07,0.99134,1.00067,0.9912,0.99772,1437
2017-02-08,0.99776,0.99998,0.993,0.99531,1437
2017-02-09,0.99532,1.00192,0.99363,1.00151,1435
2017-02-10,1.00152,1.0062,1.00094,1.00218,1320
2017-02-12,1.00259,1.00458,1.00232,1.00447,120
2017-02-13,1.00453,1.0069,1.00188,1.00548,1437
2017-02-14,1.00547,1.00842,1.00309,1.00625,1438
2017-02-15,1.00626,1.01185,1.0046,1.00491,1440
2017-02-16,1.00489,1.00515,0.99657,0.99717,1437
2017-02-17,0.99722,1.00332,0.9969,1.00225,1320
2017-02-19,1.00261,1.00274,1.00118,1.00207,118
2017-02-20,1.00207,1.00443,1.00169,1.00324,1428
2017-02-21,1.00324,1.01052,1.00291,1.00919,1440
2017-02-22,1.0092,1.01406,1.00774,1.01095,1440
2017-02-23,1.01095,1.01162,1.00516,1.00608,1437
2017-02-24,1.00607,1.00805,1.00252,1.00669,1320
2017-02-26,1.00674,1.00892,1.00655,1.00891,116
2017-02-27,1.00889,1.0098,1.00457,1.00948,1436
2017-02-28,1.00947,1.01015,1.0009,1.00662,1437
2017-03-01,1.00663,1.01289,1.00525,1.01025,1437
2017-03-02,1.01026,1.0146,1.00915,1.01319,1438
2017-03-03,1.0132,1.01373,1.00726,1.00726,1320
2017-03-05,1.00832,1.00929,1.00765,1.00777,120
2017-03-06,1.00777,1.01291,1.00727,1.01202,1438
2017-03-07,1.01202,1.01703,1.0107,1.01308,1434
2017-03-08,1.01308,1.01546,1.01228,1.01438,1437
2017-03-09,1.01438,1.01608,1.00919,1.01221,1439
2017-03-10,1.01221,1.01397,1.00786,1.01023,1319
2017-03-12,1.01003,1.01032,1.00928,1.00973,171
2017-03-13,1.00977,1.01164,1.00602,1.00753,1430
2017-03-14,1.00756,1.01078,1.00689,1.0094,1432
2017-03-15,1.00939,1.00986,0.99855,1.00007,1439
2017-03-16,1.00007,1.00064,0.99511,0.99615,1440
2017-03-17,0.99613,0.99864,0.99421,0.99803,1253
2017-03-19,0.9977,0.9982,0.99691,0.99743,177
2017-03-20,0.99746,1.00023,0.99568,0.99886,1430
2017-03-21,0.9989,0.99896,0.99217,0.99336,1431
2017-03-22,0.99338,0.99459,0.98816,0.99233,1429
2017-03-23,0.99235,0.99417,0.99117,0.99323,1435
2017-03-24,0.99325,0.9959,0.98889,0.9913,1258
2017-03-26,0.98825,0.98951,0.98781,0.98811,175
2017-03-27,0.98809,0.98868,0.98133,0.98575,1429
2017-03-28,0.98574,0.99349,0.98312,0.99216,1433
2017-03-29,0.99216,0.99759,0.99128,0.99661,1433
2017-03-30,0.99663,1.00139,0.99485,1.00032,1439
2017-03-31,1.00034,1.00299,0.99946,1.00271,1259
2017-04-02,1.00195,1.00259,1.00167,1.00221,171
2017-04-03,1.0022,1.00373,1.00076,1.00157,1415
2017-04-04,1.00157,1.00371,1.00115,1.0017,1433
2017-04-05,1.0017,1.0079,1.00122,1.0038,1433
2017-04-06,1.00381,1.00673,1.00264,1.00532,1427
2017-04-07,1.00533,1.0096,1.00147,1.0087,1260
2017-04-09,1.00872,1.00988,1.0081,1.00944,176
2017-04-10,1.00943,1.01072,1.00746,1.0081,1431
2017-04-11,1.0081,1.00937,1.00557,1.00704,1433
2017-04-12,1.00704,1.00895,1.00193,1.00207,1438
2017-04-13,1.00206,1.00667,1.00082,1.00548,1433
2017-04-14,1.00545,1.00596,1.00276,1.00483,1240
2017-04-16,1.003,1.00568,1.0028,1.00508,174
2017-04-17,1.00509,1.00529,1.00097,1.00429,1432
2017-04-18,1.0043,1.00475,0.99548,0.99636,1431
2017-04-19,0.99637,0.99919,0.99562,0.99785,1436
2017-04-20,0.99786,0.99916,0.9941,0.99893,1433
2017-04-21,0.99894,0.99991,0.99551,0.99576,1255
2017-04-23,0.98974,0.99362,0.98972,0.99296,180
2017-04-24,0.99295,0.99804,0.99288,0.99583,1435
2017-04-25,0.99583,0.99696,0.99183,0.99359,1436
2017-04-26,0.99359,0.99689,0.99193,0.99323,1427
2017-04-27,0.99322,0.99635,0.99199,0.99441,1434
2017-04-28,0.99442,0.99583,0.98934,0.99453,1257
2017-04-30,0.99354,0.99476,0.99334,0.99426,174
2017-05-01,0.99427,0.99651,0.9928,0.9957,1402
2017-05-02,0.99571,0.99621,0.99099,0.99102,1431
2017-05-03,0.99102,0.99482,0.98906,0.99418,1431
2017-05-04,0.99419,0.99566,0.98587,0.98612,1430
2017-05-05,0.98615,0.9903,0.98584,0.98716,1257
2017-05-07,0.98747,0.99001,0.98718,0.9899,180
2017-05-08,0.98989,0.99914,0.98839,0.99812,1434
2017-05-09,0.99812,1.00907,0.99791,1.00672,1439
2017-05-10,1.00674,1.00947,1.00482,1.00906,1436
2017-05-11,1.0091,1.00997,1.00563,1.00787,1426
2017-05-12,1.00789,1.00856,0.99875,1.00046,1249
2017-05-14,0.99974,1.00143,0.99925,1.00095,171
2017-05-15,1.00096,1.00191,0.99562,0.99575,1433
2017-05-16,0.99576,0.99605,0.98403,0.98437,1438
2017-05-17,0.98437,0.98501,0.97741,0.97919,1436
2017-05-18,0.97922,0.9825,0.97589,0.97956,1433
2017-05-19,0.97954,0.98049,0.97241,0.97251,1256
2017-05-21,0.97322,0.97355,0.97196,0.97315,176
2017-05-22,0.97317,0.97653,0.96915,0.97316,1427
2017-05-23,0.97318,0.97633,0.97014,0.9762,1431
2017-05-24,0.9762,0.97762,0.97228,0.97246,1430
2017-05-25,0.97247,0.97358,0.97001,0.97319,1431
2017-05-26,0.97319,0.97607,0.96962,0.97318,1255
2017-05-28,0.97512,0.97512,0.9742,0.97493,154
2017-05-29,0.97494,0.97941,0.97312,0.97922,1414
2017-05-30,0.97923,0.98076,0.97368,0.97575,1426
2017-05-31,0.97573,0.97607,0.96677,0.96817,1436
2017-06-01,0.96818,0.97195,0.96703,0.97127,1433
2017-06-02,0.97127,0.97189,0.96202,0.96213,1255
2017-06-04,0.96373,0.96384,0.96255,0.96311,174
2017-06-05,0.9631,0.9664,0.96301,0.96498,1423
2017-06-06,0.96496,0.96529,0.96135,0.9625,1428
2017-06-07,0.9625,0.96772,0.96199,0.96472,1433
2017-06-08,0.96475,0.96961,0.96396,0.96905,1438
2017-06-09,0.96901,0.97277,0.96749,0.96886,1260
2017-06-11,0.96837,0.96923,0.96817,0.96903,170
2017-06-12,0.96905,0.96946,0.96697,0.969,1427
2017-06-13,0.96902,0.97003,0.96619,0.96878,1429
2017-06-14,0.96879,0.97354,0.96404,0.97132,1423
2017-06-15,0.97133,0.97704,0.97034,0.97513,1427
2017-06-16,0.97513,0.97569,0.97267,0.97322,1256
2017-06-18,0.97199,0.97369,0.97199,0.9732,171
2017-06-19,0.97319,0.97625,0.96953,0.97605,1421
2017-06-20,0.97607,0.9766,0.97255,0.97465,1428
2017-06-21,0.97465,0.97535,0.97181,0.97247,1418
2017-06-22,0.97252,0.97427,0.971,0.97178,1430
2017-06-23,0.97181,0.97204,0.96755,0.96879,1247
2017-06-25,0.96886,0.9698,0.96828,0.9691,169
2017-06-26,0.9691,0.97381,0.96868,0.97243,1425
2017-06-27,0.97247,0.97327,0.9592,0.96053,1428
2017-06-28,0.96055,0.96474,0.9579,0.95959,1422
2017-06-29,0.95962,0.95975,0.9552,0.95552,1435
2017-06-30,0.95553,0.95981,0.95537,0.95751,1258
2017-07-02,0.95816,0.95909,0.95754,0.9588,171
2017-07-03,0.95879,0.96425,0.95868,0.96314,1423
2017-07-04,0.96315,0.96594,0.96215,0.96419,1423
2017-07-05,0.96418,0.96881,0.96345,0.96439,1428
2017-07-06,0.9644,0.96599,0.95946,0.96033,1433
2017-07-07,0.96039,0.96541,0.96024,0.96342,1258
2017-07-09,0.9633,0.96438,0.96327,0.96351,164
2017-07-10,0.96352,0.96749,0.96297,0.96601,1427
2017-07-11,0.96601,0.96962,0.96243,0.96318,1431
2017-07-12,0.96317,0.96618,0.96023,0.96503,1430
2017-07-13,0.96505,0.9687,0.96153,0.96687,1430
2017-07-14,0.96688,0.97004,0.96286,0.96308,1258
2017-07-16,0.96282,0.96429,0.9628,0.9634,175
2017-07-17,0.96339,0.96587,0.95946,0.96325,1433
2017-07-18,0.96323,0.96342,0.95234,0.9551,1438
2017-07-19,0.95511,0.95605,0.9529,0.95474,1436
2017-07-20,0.95474,0.96205,0.94937,0.9514,1432
2017-07-21,0.95141,0.95227,0.94383,0.94501,1259
2017-07-23,0.94475,0.94564,0.94462,0.94468,166
2017-07-24,0.9447,0.94762,0.94454,0.94747,1437
2017-07-25,0.94747,0.95284,0.94553,0.95271,1433
2017-07-26,0.95271,0.9595,0.94961,0.95121,1438
2017-07-27,0.95122,0.96619,0.94901,0.96376,1437
2017-07-28,0.96375,0.97267,0.96344,0.96817,1260
2017-07-30,0.96844,0.96973,0.96763,0.96922,176
2017-07-31,0.96921,0.97126,0.96367,0.96739,1437
2017-08-01,0.96739,0.9683,0.96309,0.96539,1435
2017-08-02,0.96538,0.97134,0.96483,0.97051,1439
2017-08-03,0.97051,0.97168,0.96718,0.96785,1432
2017-08-04,0.96788,0.97644,0.9671,0.97244,1256
2017-08-06,0.97235,0.97335,0.97189,0.97277,174
2017-08-07,0.97274,0.97464,0.9711,0.97348,1434
2017-08-08,0.9735,0.97728,0.97096,0.9731,1437
2017-08-09,0.9731,0.97339,0.96118,0.96346,1434
2017-08-10,0.96347,0.9675,0.96171,0.96172,1434
2017-08-11,0.96172,0.96383,0.95832,0.96134,1259
2017-08-13,0.962,0.96314,0.96153,0.96288,175
2017-08-14,0.96289,0.97327,0.96232,0.97252,1431
2017-08-15,0.97245,0.97585,0.97019,0.97241,1435
2017-08-16,0.97243,0.97655,0.9647,0.96501,1431
2017-08-17,0.96503,0.96981,0.96052,0.96227,1439
2017-08-18,0.96227,0.96697,0.9586,0.96437,1259
2017-08-20,0.96527,0.96576,0.96422,0.96568,168
2017-08-21,0.96568,0.96851,0.96002,0.96234,1432
2017-08-22,0.96236,0.96885,0.96195,0.9686,1435
2017-08-23,0.96861,0.96978,0.96415,0.96486,1438
2017-08-24,0.96488,0.96682,0.96199,0.96526,1434
2017-08-25,0.96528,0.96622,0.95453,0.95579,1255
2017-08-27,0.95445,0.95562,0.95423,0.95537,166
2017-08-28,0.95538,0.95782,0.94987,0.95239,1436
2017-08-29,0.95239,0.95702,0.9429,0.95572,1429
2017-08-30,0.95572,0.96454,0.95383,0.9637,1431
2017-08-31,0.96368,0.96797,0.95763,0.95958,1436
2017-09-01,0.95959,0.96526,0.95467,0.96422,1252
2017-09-03,0.95966,0.96147,0.95867,0.96085,178
2017-09-04,0.96089,0.96175,0.95519,0.9588,1397
2017-09-05,0.9588,0.96144,0.95342,0.9537,1436
2017-09-06,0.95373,0.95944,0.95276,0.95572,1435
2017-09-07,0.95571,0.95696,0.94941,0.94958,1428
2017-09-08,0.94955,0.95003,0.94206,0.94375,1259
2017-09-10,0.94683,0.94774,0.94616,0.94755,175
2017-09-11,0.94758,0.95691,0.94758,0.95633,1424
2017-09-12,0.95632,0.96179,0.95464,0.96006,1417
2017-09-13,0.96004,0.96605,0.95836,0.96359,1416
2017-09-14,0.9636,0.97051,0.96138,0.96141,1421
2017-09-15,0.9614,0.96475,0.95647,0.95918,1257
2017-09-17,0.96051,0.96095,0.9596,0.96075,155
2017-09-18,0.96077,0.96406,0.95805,0.96145,1423
2017-09-19,0.96144,0.96486,0.9595,0.9625,1419
2017-09-20,0.96251,0.97181,0.9588,0.97126,1433
2017-09-21,0.97128,0.97475,0.9685,0.97034,1415
2017-09-22,0.97036,0.97074,0.96681,0.96888,1257
2017-09-24,0.97078,0.97127,0.96997,0.97078,168
2017-09-25,0.9708,0.97454,0.96419,0.96618,1408
2017-09-26,0.96618,0.97265,0.96526,0.96939,1425
2017-09-27,0.96943,0.97694,0.96933,0.97186,1429
2017-09-28,0.97185,0.97587,0.96951,0.97065,1423
2017-09-29,0.97064,0.97206,0.96702,0.96853,1254
2017-10-01,0.96821,0.96918,0.96773,0.96824,170
2017-10-02,0.96825,0.97546,0.96822,0.97453,1426
2017-10-03,0.97454,0.97861,0.97285,0.97312,1422
2017-10-04,0.97316,0.97618,0.97094,0.97534,1420
2017-10-05,0.97535,0.97954,0.97426,0.97825,1418
2017-10-06,0.97824,0.98362,0.97705,0.97824,1256
2017-10-08,0.97765,0.97846,0.97734,0.97786,167
2017-10-09,0.97784,0.98073,0.97746,0.97969,1413
2017-10-10,0.97971,0.97989,0.97351,0.97458,1422
2017-10-11,0.97461,0.97667,0.97169,0.97315,1437
2017-10-12,0.97317,0.97635,0.97118,0.97498,1432
2017-10-13,0.975,0.97713,0.97049,0.97416,1256
2017-10-15,0.97431,0.97535,0.97394,0.97457,170
2017-10-16,0.97458,0.9769,0.97296,0.97537,1432
2017-10-17,0.97537,0.98087,0.97532,0.97794,1426
2017-10-18,0.97794,0.98363,0.97735,0.98113,1429
2017-10-19,0.98112,0.98115,0.97366,0.97624,1432
2017-10-20,0.97627,0.98521,0.97566,0.98381,1254
2017-10-22,0.98467,0.98634,0.98452,0.986,166
2017-10-23,0.98582,0.98811,0.98311,0.98461,1413
2017-10-24,0.98461,0.99124,0.98378,0.99086,1430
2017-10-25,0.99087,0.99394,0.98686,0.98892,1430
2017-10-26,0.98893,0.9983,0.98756,0.99797,1429
2017-10-27,0.99798,1.00377,0.99697,0.9974,1258
2017-10-29,0.99714,0.99882,0.99655,0.99801,151
2017-10-30,0.99801,0.99963,0.99386,0.99484,1429
2017-10-31,0.99484,0.99945,0.99466,0.99767,1429
2017-11-01,0.99766,1.00373,0.99755,1.00255,1435
2017-11-02,1.00255,1.00256,0.9949,0.99925,1426
2017-11-03,0.99928,1.00243,0.99466,1.00023,1252
2017-11-05,0.99874,1.00072,0.99874,1.00031,114
2017-11-06,1.0003,1.0029,0.99695,0.99778,1419
2017-11-07,0.99767,1.00192,0.99727,0.99827,1429
2017-11-08,0.99831,1.00064,0.99807,0.99984,1431
2017-11-09,0.99979,1.00176,0.99215,0.99397,1436
2017-11-10,0.99394,0.99683,0.9925,0.99556,1318
2017-11-12,0.99561,0.99666,0.99528,0.99659,116
2017-11-13,0.9966,0.99866,0.99365,0.99643,1422
2017-11-14,0.99644,0.99705,0.98815,0.9897,1433
2017-11-15,0.98971,0.99108,0.98462,0.98848,1438
2017-11-16,0.98847,0.99451,0.98826,0.99348,1431
2017-11-17,0.99348,0.99356,0.98712,0.98861,1319
2017-11-19,0.98822,0.99004,0.98809,0.98949,112
2017-11-20,0.9895,0.99373,0.98786,0.99324,1437
2017-11-21,0.99325,0.99464,0.9899,0.99051,1427
2017-11-22,0.99052,0.99107,0.9808,0.98213,1435
2017-11-23,0.98211,0.98278,0.9795,0.98165,1417
2017-11-24,0.98168,0.98268,0.97853,0.97932,1315
2017-11-26,0.97872,0.98054,0.97806,0.98038,119
2017-11-27,0.98039,0.98197,0.97782,0.98129,1421
2017-11-28,0.98131,0.98524,0.98026,0.9841,1438
2017-11-29,0.98411,0.98697,0.98187,0.98453,1436
2017-11-30,0.98452,0.98821,0.98158,0.98399,1438
2017-12-01,0.98395,0.98704,0.97348,0.97558,1316
2017-12-03,0.9806,0.98242,0.97924,0.9824,115
2017-12-04,0.98238,0.98667,0.98111,0.98466,1434
2017-12-05,0.98465,0.98874,0.98369,0.9875,1431
2017-12-06,0.98752,0.99095,0.98547,0.98935,1434
2017-12-07,0.98936,0.99477,0.98912,0.99475,1434
2017-12-08,0.99476,0.99776,0.992,0.9922,1316
2017-12-10,0.99363,0.99384,0.99245,0.99295,116
2017-12-11,0.99297,0.99303,0.98971,0.9914,1430
2017-12-12,0.99142,0.99355,0.98901,0.99152,1422
2017-12-13,0.99152,0.99283,0.98425,0.98552,1434
2017-12-14,0.98548,0.99043,0.98398,0.98898,1435
2017-12-15,0.98899,0.99343,0.98734,0.98998,1318
2017-12-17,0.98945,0.99126,0.98945,0.9912,115
2017-12-18,0.99119,0.99169,0.98395,0.98562,1424
2017-12-19,0.98565,0.98784,0.98343,0.98556,1427
2017-12-20,0.98564,0.98853,0.98281,0.98625,1418
2017-12-21,0.98628,0.99097,0.9855,0.98878,1426
2017-12-22,0.98878,0.99114,0.98845,0.98881,1314
2017-12-25,0.98956,0.99049,0.98804,0.98903,105
2017-12-26,0.989,0.99157,0.9886,0.98978,1366
2017-12-27,0.98981,0.99036,0.98455,0.98582,1409
2017-12-28,0.98583,0.98604,0.97712,0.97878,1429
2017-12-29,0.97878,0.9789,0.97339,0.97435,1313
2018-01-01,0.97472,0.97481,0.97303,0.97481,113
2018-01-02,0.97481,0.97483,0.96996,0.97147,1426
2018-01-03,0.97146,0.97973,0.97142,0.97711,1433
2018-01-04,0.97712,0.978,0.97338,0.97448,1430
2018-01-05,0.97451,0.97845,0.97391,0.97422,1303
2018-01-07,0.97444,0.97516,0.97377,0.97506,113
2018-01-08,0.97504,0.97841,0.97457,0.97739,1422
2018-01-09,0.97742,0.98416,0.97652,0.98395,1431
2018-01-10,0.98394,0.98453,0.9754,0.97768,1428
2018-01-11,0.97769,0.9816,0.97319,0.97565,1438
2018-01-12,0.97565,0.97702,0.96653,0.96706,1315
2018-01-14,0.96797,0.96835,0.96688,0.96814,116
2018-01-15,0.96815,0.96847,0.96028,0.96324,1425
2018-01-16,0.96323,0.96653,0.95808,0.95918,1434
2018-01-17,0.95916,0.96662,0.95726,0.9652,1439
2018-01-18,0.96518,0.96566,0.95749,0.95898,1439
2018-01-19,0.95899,0.96379,0.95354,0.96287,1320
2018-01-21,0.96041,0.96279,0.96005,0.96153,120
2018-01-22,0.96156,0.96398,0.95926,0.9621,1430
2018-01-23,0.96208,0.96333,0.95651,0.95673,1430
2018-01-24,0.95674,0.95761,0.94266,0.9464,1436
2018-01-25,0.9464,0.94661,0.92889,0.94177,1436
2018-01-26,0.94178,0.94249,0.93223,0.93223,1320
2018-01-28,0.93257,0.93467,0.93257,0.93345,116
2018-01-29,0.93347,0.93866,0.93347,0.93741,1433
2018-01-30,0.93741,0.93931,0.93099,0.93464,1439
2018-01-31,0.93464,0.93588,0.92892,0.93129,1436
2018-02-01,0.93129,0.93417,0.92521,0.926,1439
2018-02-02,0.92601,0.93364,0.92578,0.93082,1320
2018-02-04,0.93321,0.93321,0.93087,0.93125,112
2018-02-05,0.93127,0.93762,0.92871,0.93136,1439
2018-02-06,0.93134,0.93977,0.93062,0.93619,1439
2018-02-07,0.9362,0.94545,0.934,0.94249,1440
2018-02-08,0.94251,0.94699,0.93483,0.93514,1437
2018-02-09,0.93513,0.94085,0.93513,0.93877,1319
2018-02-11,0.93926,0.94025,0.93874,0.93963,108
2018-02-12,0.93967,0.94014,0.93637,0.93874,1431
2018-02-13,0.93875,0.93982,0.93225,0.93533,1437
2018-02-14,0.93533,0.93745,0.9273,0.92754,1433
2018-02-15,0.92754,0.92908,0.92105,0.92222,1431
2018-02-16,0.92221,0.92878,0.91877,0.92651,1319
2018-02-18,0.92743,0.92788,0.92639,0.92726,114
2018-02-19,0.92728,0.93197,0.92624,0.92933,1418
2018-02-20,0.92935,0.93694,0.92894,0.93641,1433
2018-02-21,0.93642,0.93963,0.93425,0.93874,1435
2018-02-22,0.93872,0.94092,0.93222,0.93316,1433
2018-02-23,0.93317,0.9374,0.93277,0.93561,1319
2018-02-25,0.93596,0.93744,0.93596,0.93719,113
2018-02-26,0.93719,0.93911,0.93254,0.93868,1429
2018-02-27,0.93867,0.94168,0.93582,0.93947,1435
2018-02-28,0.9395,0.94573,0.93875,0.94446,1435
2018-03-01,0.94446,0.94904,0.94098,0.94151,1437
2018-03-02,0.94149,0.9424,0.93383,0.93682,1319
2018-03-04,0.93483,0.93805,0.93455,0.93714,119
2018-03-05,0.93711,0.94079,0.93531,0.9398,1435
2018-03-06,0.93981,0.94189,0.93598,0.93825,1437
2018-03-07,0.93826,0.94424,0.93571,0.94343,1435
2018-03-08,0.94343,0.952,0.94218,0.95147,1438
2018-03-09,0.95145,0.95345,0.94875,0.95086,1318
2018-03-11,0.94966,0.95139,0.94966,0.95086,145
2018-03-12,0.95086,0.95108,0.9459,0.94724,1420
2018-03-13,0.94729,0.94941,0.94292,0.94363,1428
2018-03-14,0.94363,0.94801,0.94239,0.94443,1431
2018-03-15,0.94444,0.95196,0.94333,0.95133,1430
2018-03-16,0.95137,0.95475,0.94853,0.95153,1255
2018-03-18,0.952,0.95288,0.9519,0.95284,137
2018-03-19,0.95286,0.95516,0.9495,0.9512,1436
2018-03-20,0.95119,0.9569,0.95019,0.95595,1433
2018-03-21,0.95595,0.95613,0.94837,0.94863,1427
2018-03-22,0.94862,0.95147,0.94582,0.94654,1434
2018-03-23,0.94653,0.94952,0.94445,0.94693,1258
2018-03-25,0.94684,0.94731,0.94587,0.94717,151
2018-03-26,0.94718,0.94884,0.94328,0.94497,1427
2018-03-27,0.94502,0.95086,0.94341,0.9464,1433
2018-03-28,0.9464,0.95781,0.94619,0.95651,1432
2018-03-29,0.95652,0.95831,0.95472,0.95615,1405
2018-03-30,0.95617,0.9563,0.9522,0.95367,1222
2018-04-01,0.95285,0.95488,0.95264,0.95459,143
2018-04-02,0.95459,0.95641,0.95264,0.95511,1417
2018-04-03,0.95513,0.9597,0.95326,0.9584,1427
2018-04-04,0.95841,0.96112,0.95507,0.9601,1421
2018-04-05,0.9601,0.964,0.95975,0.96228,1433
2018-04-06,0.96229,0.96492,0.95778,0.95857,1257
2018-04-08,0.95817,0.95951,0.95798,0.95932,161
2018-04-09,0.95932,0.96095,0.95575,0.95618,1432
2018-04-10,0.95617,0.95811,0.9534,0.95639,1437
2018-04-11,0.9564,0.95962,0.95555,0.95735,1428
2018-04-12,0.95734,0.96461,0.95698,0.9623,1424
2018-04-13,0.96233,0.9639,0.95996,0.96178,1257
2018-04-15,0.96172,0.9637,0.9612,0.96312,169
2018-04-16,0.96312,0.96354,0.95779,0.95948,1423
2018-04-17,0.95949,0.96781,0.95806,0.96662,1429
2018-04-18,0.96662,0.96984,0.965,0.96855,1429
2018-04-19,0.96853,0.97238,0.96662,0.9716,1430
2018-04-20,0.97163,0.97593,0.97073,0.97416,1255
2018-04-22,0.97467,0.97618,0.97403,0.97591,174
2018-04-23,0.97592,0.97882,0.97468,0.97809,1417
2018-04-24,0.97809,0.98099,0.97674,0.97875,1424
2018-04-25,0.97876,0.98479,0.97873,0.98267,1420
2018-04-26,0.98267,0.98959,0.98161,0.98899,1425
2018-04-27,0.98905,0.99198,0.98715,0.98718,1245
2018-04-29,0.98758,0.98837,0.98716,0.98812,142
2018-04-30,0.98813,0.99207,0.98721,0.99068,1424
2018-05-01,0.99069,0.997,0.99062,0.99661,1428
2018-05-02,0.9966,0.99998,0.99359,0.99929,1427
2018-05-03,0.99925,0.9999,0.99555,0.99733,1430
2018-05-04,0.99734,1.00223,0.99653,0.99949,1256
2018-05-06,0.9999,1.00064,0.99958,1.00058,146
2018-05-07,1.00059,1.0056,0.99837,1.00188,1423
2018-05-08,1.00188,1.00452,1.00025,1.00117,1430
2018-05-09,1.00115,1.00561,1.00035,1.00551,1431
2018-05-10,1.0055,1.0056,0.99939,1.00298,1432
2018-05-11,1.00298,1.00396,0.99762,1.00014,1255
2018-05-13,0.9998,1.00072,0.99915,0.99994,162
2018-05-14,0.99997,1.00104,0.99574,1.00026,1427
2018-05-15,1.00024,1.00414,0.99832,1.00136,1424
2018-05-16,1.00136,1.00187,0.99841,1.00054,1431
2018-05-17,1.00057,1.0033,0.99867,1.00171,1419
2018-05-18,1.0017,1.00181,0.99502,0.9976,1252
2018-05-20,0.99663,0.99843,0.99663,0.99801,156
2018-05-21,0.99801,1.00014,0.99644,0.99681,1435
2018-05-22,0.9968,0.99902,0.99176,0.99198,1430
2018-05-23,0.992,0.99777,0.98938,0.99423,1438
2018-05-24,0.99425,0.9947,0.98855,0.99126,1435
2018-05-25,0.99124,0.99369,0.98884,0.9906,1257
2018-05-27,0.99095,0.99299,0.99069,0.99215,177
2018-05-28,0.99213,0.99576,0.99102,0.99343,1420
2018-05-29,0.99343,0.99829,0.98505,0.99073,1431
2018-05-30,0.99071,0.9935,0.98785,0.98858,1439
2018-05-31,0.9886,0.98909,0.98259,0.98497,1430
2018-06-01,0.985,0.99127,0.98421,0.98774,1258
2018-06-03,0.98849,0.98876,0.98772,0.9887,164
2018-06-04,0.98874,0.98939,0.98301,0.98819,1432
2018-06-05,0.98818,0.98926,0.98299,0.98423,1433
2018-06-06,0.98425,0.98857,0.98351,0.98603,1429
2018-06-07,0.98604,0.98643,0.97878,0.98085,1426
2018-06-08,0.98088,0.98876,0.9802,0.98521,1256
2018-06-10,0.98429,0.98501,0.98401,0.98484,161
2018-06-11,0.98488,0.98735,0.98386,0.98641,1423
2018-06-12,0.98643,0.98833,0.98299,0.98696,1433
2018-06-13,0.98702,0.9895,0.98398,0.98464,1434
2018-06-14,0.98463,0.99726,0.98246,0.99699,1431
2018-06-15,0.99701,0.99878,0.99447,0.99712,1258
2018-06-17,0.99617,0.9979,0.99591,0.99769,162
2018-06-18,0.99768,0.99899,0.99356,0.99425,1430
2018-06-19,0.99427,0.99772,0.99176,0.99422,1427
2018-06-20,0.99422,0.99827,0.99362,0.99609,1433
2018-06-21,0.99608,0.99852,0.98965,0.99163,1434
2018-06-22,0.99164,0.99192,0.98732,0.98761,1259
2018-06-24,0.98767,0.98845,0.98729,0.98792,159
2018-06-25,0.98793,0.98899,0.98558,0.98702,1432
2018-06-26,0.98702,0.99227,0.98579,0.99092,1434
2018-06-27,0.99093,0.9976,0.9891,0.99678,1431
2018-06-28,0.9968,0.99922,0.99595,0.99754,1428
2018-06-29,0.99753,0.99775,0.98935,0.98999,1259
2018-07-01,0.99015,0.99182,0.98921,0.99028,169
2018-07-02,0.99029,0.99653,0.99026,0.99335,1433
2018-07-03,0.99338,0.9949,0.99128,0.99199,1425
2018-07-04,0.992,0.99394,0.99051,0.99239,1406
2018-07-05,0.99238,0.9945,0.99099,0.99316,1432
2018-07-06,0.99316,0.99438,0.98838,0.98902,1257
2018-07-08,0.98964,0.99003,0.98817,0.98929,174
2018-07-09,0.98935,0.99299,0.98577,0.99139,1433
2018-07-10,0.99139,0.9962,0.99096,0.99265,1439
2018-07-11,0.99259,0.99655,0.9905,0.9955,1435
2018-07-12,0.99551,1.00313,0.99473,1.00273,1433
2018-07-13,1.00271,1.0068,1.00116,1.00118,1260
2018-07-15,1.00118,1.0024,1.00086,1.00222,159
2018-07-16,1.00223,1.00236,0.99622,0.99683,1433
2018-07-17,0.99682,1.00049,0.99267,1.00038,1433
2018-07-18,1.00037,1.00344,0.9981,0.99877,1427
2018-07-19,0.99877,1.00431,0.99579,0.99877,1437
2018-07-20,0.99875,1.00099,0.99153,0.9919,1260
2018-07-22,0.9918,0.99255,0.99072,0.99093,152
2018-07-23,0.99095,0.99415,0.9901,0.9932,1432
2018-07-24,0.99321,0.9954,0.9922,0.99355,1424
2018-07-25,0.99355,0.9949,0.99074,0.99097,1437
2018-07-26,0.99098,0.99493,0.99029,0.99397,1438
2018-07-27,0.99398,0.99778,0.99313,0.99393,1257
2018-07-29,0.99423,0.99475,0.99367,0.99406,157
2018-07-30,0.99408,0.99562,0.98777,0.98818,1420
2018-07-31,0.98819,0.99056,0.98671,0.99038,1433
2018-08-01,0.99038,0.99337,0.99027,0.99175,1423
2018-08-02,0.99177,0.99559,0.99163,0.99545,1425
2018-08-03,0.99545,0.9965,0.99206,0.99347,1256
2018-08-05,0.99303,0.99462,0.99291,0.99454,138
2018-08-06,0.99456,0.99846,0.99416,0.99634,1432
2018-08-07,0.99636,0.99675,0.99304,0.99524,1418
2018-08-08,0.99524,0.99706,0.99168,0.99319,1419
2018-08-09,0.9932,0.9951,0.98942,0.99394,1429
2018-08-10,0.99407,0.99748,0.99284,0.99468,1259
2018-08-12,0.99378,0.99485,0.99244,0.99446,170
2018-08-13,0.99443,0.99537,0.99141,0.99334,1426
2018-08-14,0.99334,0.99501,0.99009,0.99416,1414
2018-08-15,0.99416,0.99821,0.99259,0.99343,1428
2018-08-16,0.99343,0.99741,0.99154,0.99734,1424
2018-08-17,0.99735,0.99777,0.99326,0.99534,1255
2018-08-19,0.99499,0.99562,0.99499,0.99524,145
2018-08-20,0.99529,0.99681,0.99035,0.99037,1432
2018-08-21,0.99038,0.99058,0.98419,0.98432,1424
2018-08-22,0.98433,0.98535,0.98077,0.98331,1430
2018-08-23,0.98333,0.98658,0.98218,0.98622,1433
2018-08-24,0.98622,0.98645,0.98109,0.98304,1255
2018-08-26,0.98384,0.98393,0.98176,0.9823,151
2018-08-27,0.98231,0.98456,0.97874,0.97938,1421
2018-08-28,0.97939,0.98089,0.97448,0.97637,1409
2018-08-29,0.97641,0.97757,0.97013,0.97048,1428
2018-08-30,0.97049,0.97155,0.96813,0.96869,1422
2018-08-31,0.96869,0.97031,0.96517,0.96854,1257
2018-09-02,0.9696,0.96965,0.96894,0.96956,160
2018-09-03,0.96957,0.97073,0.96829,0.96933,1379
2018-09-04,0.96933,0.9767,0.96908,0.97389,1428
2018-09-05,0.97391,0.97534,0.97077,0.97119,1428
2018-09-06,0.97121,0.97121,0.9648,0.96537,1428
2018-09-07,0.96536,0.96995,0.96412,0.96866,1259
2018-09-09,0.96854,0.96934,0.96827,0.96869,162
2018-09-10,0.96871,0.97544,0.96871,0.97469,1419
2018-09-11,0.97471,0.97585,0.97188,0.973,1425
2018-09-12,0.97301,0.97495,0.96955,0.97018,1427
2018-09-13,0.9702,0.97043,0.9649,0.96628,1420
2018-09-14,0.96627,0.96809,0.96342,0.96809,1254
2018-09-16,0.96719,0.96766,0.96638,0.96724,162
2018-09-17,0.96723,0.96761,0.96115,0.96263,1430
2018-09-18,0.96266,0.96557,0.95999,0.96374,1434
2018-09-19,0.96375,0.97001,0.9634,0.96741,1436
2018-09-20,0.96744,0.96764,0.95834,0.95887,1420
2018-09-21,0.95887,0.9598,0.95419,0.95837,1256
2018-09-23,0.95865,0.95926,0.95745,0.95859,165
2018-09-24,0.95859,0.96499,0.95796,0.96457,1425
2018-09-25,0.96457,0.96707,0.96358,0.96529,1423
2018-09-26,0.96527,0.97013,0.96227,0.96516,1435
2018-09-27,0.96516,0.97825,0.96489,0.97697,1433
2018-09-28,0.97698,0.98191,0.97373,0.98123,1256
2018-09-30,0.98044,0.98152,0.97977,0.98135,167
2018-10-01,0.98134,0.98558,0.98068,0.98361,1435
2018-10-02,0.9836,0.98626,0.9829,0.98392,1427
2018-10-03,0.98393,0.99249,0.98331,0.99196,1440
2018-10-04,0.99194,0.99336,0.98912,0.99139,1424
2018-10-05,0.99139,0.99548,0.99103,0.99144,1258
2018-10-07,0.9923,0.99275,0.99101,0.9914,171
2018-10-08,0.99141,0.99445,0.99072,0.99229,1432
2018-10-09,0.9923,0.99556,0.9911,0.99171,1432
2018-10-10,0.99173,0.99336,0.9877,0.98822,1434
2018-10-11,0.98822,0.99221,0.98565,0.98998,1438
2018-10-12,0.98996,0.99299,0.98818,0.99252,1260
2018-10-14,0.98993,0.992,0.9899,0.99081,177
2018-10-15,0.9908,0.99117,0.9848,0.98701,1434
2018-10-16,0.98703,0.99088,0.98589,0.99041,1428
2018-10-17,0.9904,0.99565,0.99022,0.99476,1438
2018-10-18,0.99475,0.99749,0.99199,0.99583,1435
2018-10-19,0.99581,0.99773,0.99495,0.99553,1259
2018-10-21,0.99517,0.99661,0.99436,0.99633,170
2018-10-22,0.99633,0.99801,0.99396,0.99605,1426
2018-10-23,0.99605,0.99698,0.99375,0.99485,1425
2018-10-24,0.99486,0.99894,0.99415,0.99683,1427
2018-10-25,0.99684,1.00177,0.99547,0.99975,1436
2018-10-26,0.99977,1.00262,0.99634,0.9967,1259
2018-10-28,0.99671,0.99843,0.99625,0.99762,175
2018-10-29,0.99763,1.00242,0.99745,1.00174,1437
2018-10-30,1.00174,1.00553,1.0008,1.0052,1424
2018-10-31,1.0052,1.00946,1.00334,1.00804,1438
2018-11-01,1.00805,1.00826,1.00003,1.00211,1439
2018-11-02,1.00211,1.00486,0.99679,1.00285,1257
2018-11-04,1.00253,1.00315,1.00211,1.0024,120
2018-11-05,1.00239,1.00689,1.00238,1.0044,1435
2018-11-06,1.00439,1.00554,1.00126,1.00127,1437
2018-11-07,1.00127,1.00503,0.99523,1.00188,1439
2018-11-08,1.00188,1.00703,1.00072,1.00585,1432
2018-11-09,1.00587,1.00856,1.00446,1.00512,1318
2018-11-11,1.00482,1.00635,1.0047,1.00594,117
2018-11-12,1.00593,1.01114,1.00552,1.01026,1425
2018-11-13,1.01026,1.0128,1.0058,1.00595,1423
2018-11-14,1.00595,1.0104,1.00415,1.00601,1437
2018-11-15,1.00601,1.0079,1.00354,1.00694,1432
2018-11-16,1.00695,1.00869,0.99909,0.99935,1318
2018-11-18,1.00022,1.00022,0.99879,0.99939,117
2018-11-19,0.9994,1.00068,0.99234,0.99319,1435
2018-11-20,0.9932,0.99576,0.99086,0.99471,1428
2018-11-21,0.99473,0.99584,0.99277,0.99433,1435
2018-11-22,0.99432,0.99555,0.99213,0.9946,1425
2018-11-23,0.99458,0.998,0.99346,0.9969,1307
2018-11-25,0.99677,0.99757,0.99644,0.99725,101
2018-11-26,0.99724,0.99934,0.99542,0.99819,1435
2018-11-27,0.99821,1.00032,0.99751,0.99849,1426
2018-11-28,0.99848,1.00056,0.99253,0.99331,1428
2018-11-29,0.99333,0.99764,0.99173,0.99605,1428
2018-11-30,0.99607,1.0004,0.99509,0.9974,1317
2018-12-02,0.99896,0.9995,0.99827,0.99861,115
2018-12-03,0.99859,0.99959,0.99642,0.99791,1428
2018-12-04,0.99792,0.99904,0.99303,0.99737,1436
2018-12-05,0.99738,1.00082,0.99676,0.99697,1430
2018-12-06,0.99697,0.99896,0.9894,0.99321,1438
2018-12-07,0.99322,0.99429,0.98894,0.99092,1319
2018-12-09,0.99068,0.9909,0.98928,0.98985,113
2018-12-10,0.98983,0.99061,0.98678,0.98959,1432
2018-12-11,0.9896,0.9938,0.9863,0.99315,1435
2018-12-12,0.99313,0.99651,0.99128,0.9927,1436
2018-12-13,0.99272,0.99541,0.99116,0.99368,1432
2018-12-14,0.99367,0.99894,0.99343,0.99753,1319
2018-12-16,0.99589,0.9985,0.9958,0.99756,112
2018-12-17,0.99759,0.99824,0.9917,0.99271,1431
2018-12-18,0.99269,0.99369,0.98996,0.99244,1438
2018-12-19,0.99244,0.99556,0.99062,0.99388,1439
2018-12-20,0.99391,0.99522,0.98405,0.98701,1430
2018-12-21,0.98699,0.99566,0.98612,0.9951,1315
2018-12-23,0.99344,0.9949,0.9928,0.99378,112
2018-12-24,0.99379,0.99513,0.98561,0.986,1365
2018-12-25,0.98595,0.98765,0.98358,0.98636,476
2018-12-26,0.98635,0.99631,0.98565,0.99435,1420
2018-12-27,0.99439,0.99456,0.98398,0.98709,1436
2018-12-28,0.98711,0.9872,0.979,0.98389,1318
2018-12-30,0.98331,0.98462,0.98214,0.98365,113
2018-12-31,0.98365,0.98744,0.98082,0.98106,1306
2019-01-01,0.9812,0.98226,0.98045,0.98203,113
2019-01-02,0.98203,0.992,0.9796,0.98917,1433
2019-01-03,0.98915,0.99,0.98459,0.98724,1433
2019-01-04,0.98725,0.99078,0.98528,0.98616,1320
2019-01-06,0.98649,0.98714,0.98492,0.98577,115
2019-01-07,0.98576,0.98582,0.97874,0.97923,1432
2019-01-08,0.97924,0.98341,0.97891,0.98066,1437
2019-01-09,0.98066,0.98174,0.9732,0.97355,1433
2019-01-10,0.97356,0.98483,0.97158,0.98391,1435
2019-01-11,0.98389,0.98558,0.98134,0.98381,1314
2019-01-13,0.98425,0.98474,0.9833,0.98394,115
2019-01-14,0.98394,0.98447,0.98001,0.98107,1428
2019-01-15,0.98112,0.98937,0.98018,0.98724,1436
2019-01-16,0.98727,0.99098,0.98727,0.99013,1437
2019-01-17,0.99014,0.9954,0.98981,0.99391,1433
2019-01-18,0.99392,0.99588,0.99319,0.99513,1317
2019-01-20,0.99375,0.99553,0.99334,0.99545,113
2019-01-21,0.99546,0.99875,0.99466,0.99741,1425
2019-01-22,0.99741,0.99857,0.99608,0.99707,1433
2019-01-23,0.99712,0.99897,0.994,0.99453,1430
2019-01-24,0.99453,0.99764,0.99342,0.99556,1433
2019-01-25,0.99557,0.99741,0.99219,0.99306,1311
2019-01-27,0.99296,0.99327,0.9924,0.99261,117
2019-01-28,0.99262,0.9933,0.99051,0.99162,1427
2019-01-29,0.99161,0.99568,0.99073,0.99466,1435
2019-01-30,0.99466,0.99946,0.99317,0.99372,1437
2019-01-31,0.99372,0.99525,0.99075,0.99391,1433
2019-02-01,0.99392,0.99628,0.99216,0.99517,1319
2019-02-03,0.99483,0.99575,0.99446,0.9955,117
2019-02-04,0.99549,0.99939,0.99507,0.99792,1422
2019-02-05,0.99793,1.00202,0.99779,0.99968,1433
2019-02-06,0.99968,1.00262,0.9985,1.00224,1436
2019-02-07,1.0023,1.00283,1.0,1.0024,1414
2019-02-08,1.00238,1.00272,0.99955,0.99992,1313
2019-02-10,0.99988,1.00988,0.99886,0.99933,116
2019-02-11,0.99933,1.00531,0.9993,1.00406,1434
2019-02-12,1.00407,1.00923,1.00391,1.00608,1431
2019-02-13,1.00609,1.00959,1.00432,1.0089,1422
2019-02-14,1.0089,1.00979,1.00445,1.00494,1419
2019-02-15,1.00494,1.00893,1.00446,1.00481,1309
2019-02-17,1.00446,1.00515,1.00402,1.00457,114
2019-02-18,1.00457,1.00503,1.00238,1.00455,1425
2019-02-19,1.00456,1.00602,1.00016,1.00132,1429
2019-02-20,1.00132,1.00204,0.99811,1.00024,1432
2019-02-21,1.00025,1.00228,0.99945,1.00087,1432
2019-02-22,1.00087,1.00242,0.99875,1.00023,1319
2019-02-24,0.99949,1.00055,0.99938,0.99987,116
2019-02-25,0.99988,1.00113,0.99829,1.00008,1431
2019-02-26,1.00008,1.00193,0.99874,0.99977,1434
2019-02-27,0.99977,1.00153,0.99619,1.00053,1436
2019-02-28,1.00056,1.00097,0.99262,0.99721,1422
2019-03-01,0.9972,1.00086,0.99629,0.99882,1318
2019-03-03,0.99728,0.99872,0.99719,0.99855,119
2019-03-04,0.99856,1.00197,0.99815,0.9991,1434
2019-03-05,0.99909,1.00542,0.99886,1.00445,1432
2019-03-06,1.00445,1.00559,1.00313,1.00425,1433
2019-03-07,1.00427,1.01239,1.00355,1.01089,1432
2019-03-08,1.01089,1.01177,1.00695,1.00784,1316
2019-03-10,1.00798,1.00832,1.00737,1.00788,167
2019-03-11,1.00788,1.01192,1.00695,1.00992,1431
2019-03-12,1.00991,1.01121,1.00629,1.0074,1426
2019-03-13,1.00741,1.00846,1.00263,1.0032,1424
2019-03-14,1.00319,1.0051,1.00299,1.00383,1427
2019-03-15,1.00385,1.00522,1.00104,1.00198,1193
2019-03-17,1.00182,1.00246,1.0017,1.00226,234
2019-03-18,1.00226,1.00234,0.99968,1.00092,1438
2019-03-19,1.00091,1.00103,0.99846,0.99963,1436
2019-03-20,0.99963,1.00099,0.98943,0.99065,1439
2019-03-21,0.99065,0.99456,0.99034,0.99289,1439
2019-03-22,0.99289,0.99699,0.99144,0.99317,1200
2019-03-24,0.99357,0.99442,0.99322,0.9941,236
2019-03-25,0.9941,0.99489,0.99098,0.992,1438
2019-03-26,0.99199,0.99522,0.99178,0.99446,1439
2019-03-27,0.99445,0.99663,0.9905,0.99487,1440
2019-03-28,0.99488,0.9973,0.99444,0.99509,1437
2019-03-29,0.99511,0.99743,0.99443,0.99503,1200
2019-03-31,0.99447,0.99533,0.99445,0.99522,114
2019-04-01,0.99521,0.99948,0.99303,0.99931,1434
2019-04-02,0.9993,0.99996,0.99715,0.99813,1438
2019-04-03,0.99812,0.99873,0.99533,0.99728,1439
2019-04-04,0.99729,1.00027,0.99716,0.99992,1436
2019-04-05,0.99992,1.00121,0.9988,1.00011,1259
2019-04-07,0.99928,1.00013,0.99928,1.00006,176
2019-04-08,1.00006,1.00028,0.99776,0.9991,1436
2019-04-09,0.99912,1.00085,0.99799,0.99966,1432
2019-04-10,0.99967,1.00332,0.99898,1.00223,1438
2019-04-11,1.00224,1.0046,1.00095,1.00274,1439
2019-04-12,1.00278,1.00337,0.99968,1.00245,1258
2019-04-14,1.0015,1.0026,1.0014,1.00242,176
2019-04-15,1.00243,1.00459,1.00089,1.00371,1434
2019-04-16,1.00372,1.0082,1.00321,1.00759,1439
2019-04-17,1.00757,1.01094,1.00671,1.01063,1440
2019-04-18,1.01061,1.0159,1.00925,1.01492,1435
2019-04-19,1.01492,1.01528,1.01297,1.01424,1246
2019-04-21,1.01313,1.01482,1.01312,1.01436,179
2019-04-22,1.01438,1.01606,1.01436,1.0154,1426
2019-04-23,1.01539,1.02301,1.01538,1.02016,1438
2019-04-24,1.02016,1.02194,1.01686,1.02034,1439
2019-04-25,1.02034,1.02276,1.0193,1.02,1439
2019-04-26,1.02002,1.02363,1.01839,1.01952,1258
2019-04-28,1.01908,1.01949,1.01875,1.01934,161
2019-04-29,1.01934,1.02156,1.01848,1.01952,1427
2019-04-30,1.01951,1.02039,1.01737,1.01911,1438
2019-05-01,1.0191,1.01975,1.01265,1.01739,1436
2019-05-02,1.01741,1.02038,1.01724,1.01936,1436
2019-05-03,1.01936,1.02144,1.01603,1.01637,1258
2019-05-05,1.01527,1.01693,1.01527,1.01643,180
2019-05-06,1.01644,1.01961,1.01511,1.01734,1433
2019-05-07,1.01737,1.02259,1.01604,1.01962,1437
2019-05-08,1.01963,1.02095,1.01687,1.02033,1439
2019-05-09,1.02033,1.02092,1.01236,1.01541,1434
2019-05-10,1.01543,1.01581,1.01008,1.01155,1260
2019-05-12,1.01114,1.01277,1.00865,1.01048,174
2019-05-13,1.01049,1.01133,1.00497,1.00541,1437
2019-05-14,1.0054,1.00956,1.0054,1.00877,1438
2019-05-15,1.00877,1.00967,1.00553,1.00817,1437
2019-05-16,1.00817,1.0107,1.00734,1.01006,1433
2019-05-17,1.01005,1.01211,1.00847,1.01085,1259
2019-05-19,1.00986,1.01097,1.00986,1.01066,178
2019-05-20,1.01067,1.01205,1.00803,1.00856,1431
2019-05-21,1.00857,1.01196,1.00856,1.01098,1426
2019-05-22,1.01098,1.0119,1.00662,1.00903,1431
2019-05-23,1.00903,1.00984,1.00233,1.003,1437
2019-05-24,1.003,1.00419,1.0008,1.00158,1258
2019-05-27,1.00487,1.00626,1.00344,1.00398,893
2019-05-28,1.00398,1.00978,1.0034,1.00702,1436
2019-05-29,1.00702,1.00859,1.00495,1.00831,1437
2019-05-30,1.00834,1.00977,1.00684,1.00694,1435
2019-05-31,1.00697,1.00701,1.00006,1.00053,1260
2019-06-02,1.00067,1.00153,0.99941,0.99961,172
2019-06-03,0.99961,0.99996,0.991,0.99261,1438
2019-06-04,0.99261,0.99558,0.99025,0.99249,1438
2019-06-05,0.99248,0.99503,0.98537,0.99411,1438
2019-06-06,0.99409,0.99605,0.98792,0.99133,1438
2019-06-07,0.99136,0.99498,0.98588,0.98742,1259
2019-06-09,0.98942,0.99034,0.98859,0.99001,178
2019-06-10,0.99001,0.99199,0.98844,0.98926,1440
2019-06-11,0.98927,0.99361,0.98921,0.99235,1438
2019-06-12,0.99237,0.99591,0.99023,0.99487,1435
2019-06-13,0.99487,0.99601,0.99177,0.99364,1436
2019-06-14,0.99365,0.99948,0.99253,0.99843,1258
2019-06-16,0.99815,0.99905,0.99811,0.99884,175
2019-06-17,0.99882,0.99993,0.99655,0.99865,1437
2019-06-18,0.99865,1.00125,0.99652,1.00073,1434
2019-06-19,1.00074,1.00142,0.99159,0.99282,1438
2019-06-20,0.99282,0.99287,0.97917,0.98106,1433
2019-06-21,0.98107,0.98383,0.9756,0.97623,1260
2019-06-23,0.97598,0.97669,0.97512,0.97554,175
2019-06-24,0.97554,0.97829,0.97099,0.9721,1438
2019-06-25,0.97211,0.97768,0.96934,0.97482,1435
2019-06-26,0.97483,0.97847,0.97431,0.97751,1437
2019-06-27,0.97751,0.98137,0.9759,0.97667,1432
2019-06-28,0.97666,0.97739,0.9738,0.97596,1260
2019-06-30,0.97853,0.97966,0.97802,0.97961,179
2019-07-01,0.97962,0.98838,0.97883,0.98731,1437
2019-07-02,0.98732,0.98887,0.98353,0.98538,1435
2019-07-03,0.98538,0.98727,0.98341,0.98565,1435
2019-07-04,0.98568,0.98697,0.984,0.98478,1425
2019-07-05,0.98478,0.99318,0.98475,0.99147,1258
2019-07-07,0.99149,0.99173,0.99088,0.9913,163
2019-07-08,0.99131,0.99467,0.98984,0.99418,1437
2019-07-09,0.99417,0.99513,0.99228,0.99357,1438
2019-07-10,0.99357,0.99411,0.9878,0.98812,1438
2019-07-11,0.98811,0.99062,0.98453,0.9906,1439
2019-07-12,0.99059,0.99078,0.98359,0.984,1258
2019-07-14,0.98377,0.98502,0.98359,0.98431,177
2019-07-15,0.98431,0.98542,0.98171,0.98442,1434
2019-07-16,0.98442,0.98939,0.98355,0.988,1434
2019-07-17,0.988,0.99074,0.98641,0.98686,1439
2019-07-18,0.98686,0.98915,0.98056,0.98266,1432
2019-07-19,0.98266,0.9847,0.98079,0.98154,1257
2019-07-21,0.98234,0.98295,0.9812,0.98292,175
2019-07-22,0.98292,0.98404,0.98036,0.98272,1432
2019-07-23,0.98271,0.9859,0.98221,0.98536,1440
2019-07-24,0.98536,0.98741,0.98361,0.98466,1436
2019-07-25,0.98467,0.99174,0.98444,0.99099,1434
2019-07-26,0.991,0.99459,0.98999,0.99322,1258
2019-07-28,0.99309,0.99365,0.99237,0.99331,164
2019-07-29,0.99331,0.99336,0.99086,0.9917,1427
2019-07-30,0.9917,0.99219,0.98904,0.98995,1428
2019-07-31,0.98994,0.9949,0.98838,0.9941,1438
2019-08-01,0.9941,0.99752,0.98873,0.98998,1436
2019-08-02,0.98999,0.99026,0.98142,0.98215,1258
2019-08-04,0.98399,0.98399,0.98211,0.98256,177
2019-08-05,0.98256,0.98277,0.9703,0.97053,1432
2019-08-06,0.97056,0.97921,0.97044,0.97583,1439
2019-08-07,0.97582,0.97969,0.96918,0.97489,1435
2019-08-08,0.97489,0.97865,0.97334,0.974,1440
2019-08-09,0.974,0.97537,0.97088,0.97247,1256
2019-08-11,0.97257,0.97298,0.97142,0.97142,178
2019-08-12,0.97144,0.97535,0.96817,0.96919,1439
2019-08-13,0.96918,0.9768,0.96593,0.97612,1437
2019-08-14,0.97613,0.977,0.97052,0.97344,1436
2019-08-15,0.97345,0.9776,0.97215,0.97644,1440
2019-08-16,0.97643,0.98089,0.97627,0.97805,1260
2019-08-18,0.97631,0.9798,0.97603,0.97927,155
2019-08-19,0.97927,0.9821,0.97731,0.9813,1435
2019-08-20,0.9813,0.98157,0.97728,0.97799,1439
2019-08-21,0.978,0.98308,0.97799,0.98208,1428
2019-08-22,0.98209,0.98445,0.98134,0.98363,1434
2019-08-23,0.98363,0.98768,0.97352,0.97404,1259
2019-08-25,0.97245,0.9734,0.97132,0.97282,179
2019-08-26,0.97285,0.98161,0.97285,0.97901,1438
2019-08-27,0.97904,0.9837,0.97751,0.98107,1438
2019-08-28,0.98108,0.98283,0.9801,0.98143,1440
2019-08-29,0.98143,0.9875,0.98001,0.98596,1437
2019-08-30,0.98597,0.99174,0.98587,0.98928,1260
2019-09-01,0.98982,0.99051,0.98886,0.9894,174
2019-09-02,0.98939,0.99191,0.98902,0.99057,1433
2019-09-03,0.99057,0.99287,0.98576,0.98684,1438
2019-09-04,0.98685,0.98843,0.97978,0.98084,1437
2019-09-05,0.98084,0.98731,0.98048,0.98618,1439
2019-09-06,0.98618,0.99173,0.98563,0.98717,1260
2019-09-08,0.98781,0.98843,0.98713,0.9883,174
2019-09-09,0.9883,0.99246,0.98811,0.9924,1440
2019-09-10,0.99242,0.99313,0.98886,0.99155,1437
2019-09-11,0.99155,0.99431,0.99121,0.99367,1435
2019-09-12,0.99367,0.99465,0.98801,0.99056,1437
2019-09-13,0.99056,0.99107,0.98539,0.98994,1258
2019-09-15,0.98742,0.98791,0.98667,0.98683,178
2019-09-16,0.9868,0.99397,0.98645,0.99294,1438
2019-09-17,0.99294,0.99683,0.99127,0.9927,1439
2019-09-18,0.9927,0.99833,0.99263,0.99702,1440
2019-09-19,0.99703,0.99832,0.98998,0.99283,1436
2019-09-20,0.99284,0.99359,0.98892,0.99078,1259
2019-09-22,0.99103,0.99217,0.99039,0.99138,171
2019-09-23,0.99139,0.99226,0.989,0.98964,1436
2019-09-24,0.98966,0.9914,0.98435,0.98615,1438
2019-09-25,0.98616,0.99246,0.98538,0.99113,1438
2019-09-26,0.99114,0.99479,0.99056,0.9933,1436
2019-09-27,0.99331,0.99489,0.98978,0.99058,1259
2019-09-29,0.99019,0.99159,0.99019,0.99106,167
2019-09-30,0.99107,0.99876,0.99081,0.99757,1434
2019-10-01,0.99762,1.00164,0.99228,0.99275,1437
2019-10-02,0.99275,1.0026,0.99207,0.99672,1429
2019-10-03,0.99672,1.00273,0.99518,0.99818,1438
2019-10-04,0.99819,1.00075,0.99267,0.99513,1260
2019-10-06,0.99479,0.99551,0.99323,0.99389,169
2019-10-07,0.9939,0.99655,0.99263,0.99482,1437
2019-10-08,0.99482,0.99581,0.99046,0.99248,1438
2019-10-09,0.99248,0.99633,0.99155,0.99309,1438
2019-10-10,0.99316,0.99725,0.99138,0.99606,1436
2019-10-11,0.99606,0.99903,0.99573,0.99653,1260
2019-10-13,0.99679,0.9983,0.99528,0.99807,171
2019-10-14,0.99808,0.99813,0.99441,0.99768,1439
2019-10-15,0.99769,0.99956,0.9963,0.99856,1436
2019-10-16,0.99856,0.99903,0.99386,0.99438,1437
2019-10-17,0.99439,0.99461,0.98653,0.9875,1436
2019-10-18,0.9875,0.98912,0.98381,0.98381,1260
2019-10-20,0.98406,0.98511,0.984,0.98488,178
2019-10-21,0.98489,0.98759,0.98413,0.98602,1439
2019-10-22,0.98602,0.98966,0.98601,0.98933,1436
2019-10-23,0.98935,0.99143,0.98856,0.99045,1439
2019-10-24,0.99044,0.99288,0.98909,0.99235,1435
2019-10-25,0.99235,0.99546,0.99069,0.99393,1260
2019-10-27,0.99455,0.99509,0.9936,0.99465,238
2019-10-28,0.99465,0.99698,0.99435,0.99469,1434
2019-10-29,0.9947,0.99647,0.99318,0.99409,1437
2019-10-30,0.99408,0.99447,0.98782,0.98783,1439
2019-10-31,0.98781,0.9881,0.98592,0.98635,1438
2019-11-01,0.98635,0.98945,0.98507,0.98546,1199
2019-11-03,0.98484,0.98602,0.98484,0.98579,118
2019-11-04,0.98579,0.98887,0.98529,0.98838,1436
2019-11-05,0.98838,0.99354,0.98802,0.99258,1440
2019-11-06,0.99258,0.99398,0.99142,0.9924,1435
2019-11-07,0.9924,0.99749,0.99109,0.99471,1439
2019-11-08,0.99473,0.99786,0.99429,0.99671,1319
2019-11-10,0.99683,0.99754,0.99653,0.99714,116
2019-11-11,0.99714,0.99767,0.99285,0.99313,1433
2019-11-12,0.99314,0.99642,0.99218,0.99275,1440
2019-11-13,0.99275,0.99289,0.98834,0.9897,1437
2019-11-14,0.98972,0.99075,0.98698,0.98876,1435
2019-11-15,0.98878,0.99107,0.98835,0.98945,1314
2019-11-17,0.98872,0.98981,0.98871,0.98907,115
2019-11-18,0.98906,0.9914,0.9868,0.98929,1438
2019-11-19,0.98931,0.99185,0.98901,0.99039,1437
2019-11-20,0.99039,0.99369,0.98983,0.99041,1437
2019-11-21,0.99039,0.99347,0.98902,0.99274,1433
2019-11-22,0.99274,0.99799,0.99273,0.99677,1318
2019-11-24,0.99769,0.99818,0.99748,0.99769,116
2019-11-25,0.99764,0.99853,0.99596,0.99677,1436
2019-11-26,0.99679,0.99862,0.99621,0.99759,1431
2019-11-27,0.99759,1.00001,0.99739,0.99859,1437
2019-11-28,0.99858,0.99956,0.99801,0.99849,1437
2019-11-29,0.99848,1.00231,0.99818,0.99955,1319
2019-12-01,0.99978,1.00036,0.99977,1.00014,117
2019-12-02,1.00016,1.00082,0.99102,0.99145,1433
2019-12-03,0.99147,0.99261,0.98571,0.98733,1439
2019-12-04,0.98732,0.98994,0.98552,0.98825,1437
2019-12-05,0.98825,0.9895,0.98667,0.98721,1436
2019-12-06,0.98721,0.99175,0.98643,0.99007,1319
2019-12-08,0.98973,0.99076,0.98967,0.9906,114
2019-12-09,0.9906,0.991,0.98752,0.98785,1439
2019-12-10,0.98785,0.98821,0.98335,0.98452,1433
2019-12-11,0.98452,0.98633,0.9814,0.98247,1438
2019-12-12,0.98247,0.98759,0.98082,0.98505,1440
2019-12-13,0.98504,0.98626,0.98053,0.98353,1320
2019-12-15,0.98326,0.98405,0.9829,0.98391,117
2019-12-16,0.98392,0.98468,0.98183,0.98324,1432
2019-12-17,0.98323,0.98438,0.97954,0.97987,1432
2019-12-18,0.97989,0.98207,0.9795,0.98009,1437
2019-12-19,0.98008,0.98121,0.97701,0.97829,1436
2019-12-20,0.97829,0.98324,0.97813,0.98251,1318
2019-12-22,0.98053,0.98264,0.98002,0.9822,112
2019-12-23,0.98225,0.98275,0.98008,0.98147,1424
2019-12-24,0.98146,0.98313,0.97927,0.98001,1360
2019-12-25,0.98001,0.98138,0.97933,0.97968,528
2019-12-26,0.97968,0.98183,0.97968,0.98142,1408
2019-12-27,0.98142,0.98151,0.97297,0.9741,1319
2019-12-29,0.97408,0.9759,0.97324,0.9738,114
2019-12-30,0.97381,0.97406,0.96736,0.96862,1437
2019-12-31,0.96862,0.96973,0.96459,0.96707,1313
2020-01-01,0.96645,0.96831,0.96512,0.96772,91
2020-01-02,0.96772,0.97329,0.96766,0.97141,1437
2020-01-03,0.97139,0.97436,0.96877,0.97222,1317
2020-01-05,0.97003,0.97153,0.97002,0.97152,115
2020-01-06,0.97152,0.97161,0.96757,0.96851,1439
2020-01-07,0.96851,0.97294,0.96829,0.96872,1435
2020-01-08,0.96873,0.97394,0.96647,0.97325,1437
2020-01-09,0.97325,0.97479,0.97111,0.97314,1433
2020-01-10,0.97314,0.97621,0.97197,0.97234,1318
2020-01-12,0.97263,0.97363,0.97175,0.97316,116
2020-01-13,0.97317,0.9736,0.96929,0.97088,1438
2020-01-14,0.97088,0.9713,0.96652,0.9671,1438
2020-01-15,0.96711,0.96801,0.96301,0.96369,1437
2020-01-16,0.96371,0.96533,0.96127,0.96496,1436
2020-01-17,0.96496,0.96952,0.96449,0.96745,1318
2020-01-19,0.96722,0.96821,0.9672,0.96813,118
2020-01-20,0.96813,0.96991,0.96757,0.96836,1438
2020-01-21,0.96836,0.969,0.96609,0.96881,1430
2020-01-22,0.96881,0.97291,0.96731,0.96736,1438
2020-01-23,0.96738,0.97034,0.96684,0.96955,1436
2020-01-24,0.96955,0.97178,0.96917,0.97102,1314
2020-01-26,0.97033,0.97078,0.96906,0.97005,120
2020-01-27,0.97006,0.97189,0.96815,0.96986,1432
2020-01-28,0.96986,0.97411,0.96782,0.97287,1435
2020-01-29,0.97288,0.97663,0.97262,0.97318,1438
2020-01-30,0.97318,0.97329,0.96795,0.96945,1438
2020-01-31,0.96943,0.97129,0.96271,0.96271,1320
2020-02-02,0.96335,0.96388,0.96291,0.96337,118
2020-02-03,0.96338,0.96721,0.96294,0.96579,1435
2020-02-04,0.96579,0.9704,0.96562,0.96925,1422
2020-02-05,0.96925,0.97473,0.96777,0.9734,1431
2020-02-06,0.9734,0.97563,0.97309,0.97464,1435
2020-02-07,0.97461,0.97809,0.97391,0.97742,1319
2020-02-09,0.97614,0.97779,0.97614,0.97659,114
2020-02-10,0.97659,0.97834,0.97634,0.97736,1435
2020-02-11,0.97735,0.97887,0.97483,0.9757,1379
2020-02-12,0.97574,0.97866,0.97407,0.97763,1434
2020-02-13,0.97763,0.97953,0.97603,0.979,1439
2020-02-14,0.97903,0.98219,0.97902,0.98205,1318
2020-02-16,0.98133,0.9821,0.98111,0.98168,120
2020-02-17,0.98168,0.98266,0.98045,0.98071,1435
2020-02-18,0.98071,0.98389,0.97962,0.98316,1440
2020-02-19,0.98319,0.98443,0.98257,0.98363,1432
2020-02-20,0.98363,0.98484,0.9815,0.98377,1430
2020-02-21,0.98377,0.984,0.97706,0.97814,1318
2020-02-23,0.98057,0.98057,0.97829,0.97886,118
2020-02-24,0.97882,0.98157,0.97648,0.97988,1440
2020-02-25,0.97988,0.98044,0.97507,0.97608,1435
2020-02-26,0.97611,0.97785,0.97282,0.97642,1438
2020-02-27,0.97642,0.97647,0.96737,0.96877,1440
2020-02-28,0.96877,0.96955,0.961,0.96437,1320
2020-03-01,0.96307,0.96419,0.96194,0.9639,111
2020-03-02,0.96389,0.96546,0.95434,0.95831,1434
2020-03-03,0.95832,0.95966,0.9515,0.95572,1432
2020-03-04,0.95571,0.95968,0.95322,0.95664,1433
2020-03-05,0.95658,0.95714,0.94462,0.94586,1437
2020-03-06,0.94586,0.94663,0.9318,0.93698,1320
2020-03-08,0.93149,0.93357,0.92658,0.93058,238
2020-03-09,0.9306,0.93189,0.91821,0.93069,1438
2020-03-10,0.93072,0.94107,0.92829,0.93673,1440
2020-03-11,0.93674,0.94016,0.93242,0.93835,1437
2020-03-12,0.93837,0.95513,0.93207,0.9458,1437
2020-03-13,0.94579,0.95691,0.9422,0.95009,1199
2020-03-15,0.95164,0.95183,0.94405,0.94988,238
2020-03-16,0.94988,0.95249,0.93915,0.9481,1437
2020-03-17,0.94811,0.96484,0.94729,0.96132,1438
2020-03-18,0.96129,0.97502,0.9566,0.97189,1440
2020-03-19,0.97194,0.98887,0.9649,0.98722,1439
2020-03-20,0.98721,0.99006,0.9743,0.98523,1200
2020-03-22,0.98471,0.9901,0.9834,0.98645,227
2020-03-23,0.98645,0.98877,0.97864,0.98024,1432
2020-03-24,0.98026,0.98453,0.9718,0.98198,1438
2020-03-25,0.98197,0.98276,0.97425,0.97475,1419
2020-03-26,0.97475,0.97676,0.96028,0.96191,1426
2020-03-27,0.96192,0.96548,0.94975,0.95005,1199
2020-03-29,0.95091,0.95375,0.95082,0.95193,113
2020-03-30,0.95048,0.96104,0.95044,0.9599,1436
2020-03-31,0.95989,0.96851,0.9592,0.9615,1436
2020-04-01,0.9615,0.96908,0.96023,0.96633,1440
2020-04-02,0.96632,0.975,0.96575,0.97434,1434
2020-04-03,0.97434,0.97952,0.97307,0.9755,1260
2020-04-05,0.97623,0.97745,0.97452,0.97722,161
2020-04-06,0.97725,0.97971,0.97605,0.97824,1440
2020-04-07,0.97824,0.9787,0.96851,0.96924,1439
2020-04-08,0.96926,0.97432,0.96893,0.97186,1439
2020-04-09,0.97188,0.97339,0.96477,0.96692,1436
2020-04-10,0.96692,0.96751,0.96391,0.96489,1253
2020-04-12,0.96422,0.96593,0.96417,0.96589,159
2020-04-13,0.96589,0.96867,0.96293,0.96671,1438
2020-04-14,0.96671,0.96697,0.9593,0.96003,1434
2020-04-15,0.96003,0.97002,0.95981,0.96511,1437
2020-04-16,0.96511,0.97152,0.96459,0.96908,1440
2020-04-17,0.96911,0.97235,0.96558,0.96633,1260
2020-04-19,0.96729,0.96808,0.96651,0.96804,171
2020-04-20,0.96805,0.97001,0.96552,0.96799,1436
2020-04-21,0.96797,0.97275,0.96699,0.96975,1427
2020-04-22,0.96975,0.97314,0.96681,0.97285,1438
2020-04-23,0.97284,0.97722,0.97051,0.97627,1438
2020-04-24,0.97628,0.98023,0.97247,0.97253,1260
2020-04-26,0.97247,0.97392,0.97246,0.97354,171
2020-04-27,0.97354,0.97665,0.9712,0.97586,1433
2020-04-28,0.97586,0.97999,0.97202,0.97375,1439
2020-04-29,0.97374,0.97674,0.97121,0.97389,1435
2020-04-30,0.9739,0.9759,0.96384,0.96642,1437
2020-05-01,0.96646,0.96689,0.95882,0.96105,1259
2020-05-03,0.9619,0.96334,0.96169,0.96248,176
2020-05-04,0.96248,0.96626,0.96248,0.96564,1437
2020-05-05,0.96564,0.97345,0.96456,0.97255,1436
2020-05-06,0.97256,0.97585,0.97207,0.97529,1436
2020-05-07,0.97529,0.97839,0.97251,0.97295,1436
2020-05-08,0.97297,0.97321,0.96808,0.97034,1256
2020-05-10,0.97084,0.97244,0.97084,0.97118,172
2020-05-11,0.97116,0.97364,0.97,0.97285,1430
2020-05-12,0.97285,0.97496,0.96645,0.96988,1439
2020-05-13,0.96989,0.97257,0.96651,0.97193,1436
2020-05-14,0.97194,0.97549,0.9713,0.97319,1440
2020-05-15,0.97319,0.97442,0.96978,0.97129,1260
2020-05-17,0.97227,0.97227,0.97118,0.97195,175
2020-05-18,0.97197,0.97606,0.96764,0.97174,1435
2020-05-19,0.97174,0.97284,0.96983,0.97114,1425
2020-05-20,0.97114,0.97114,0.96379,0.96487,1418
2020-05-21,0.96488,0.97125,0.96488,0.97068,1434
2020-05-22,0.9707,0.9733,0.96967,0.97095,1258
2020-05-24,0.97128,0.97192,0.97116,0.97121,176
2020-05-25,0.97121,0.9736,0.97041,0.97137,1436
2020-05-26,0.97136,0.97177,0.96463,0.96545,1437
2020-05-27,0.96546,0.97282,0.96544,0.968,1436
2020-05-28,0.968,0.97189,0.963,0.96425,1436
2020-05-29,0.96425,0.965,0.96014,0.96048,1260
2020-05-31,0.96054,0.96167,0.96041,0.96066,175
2020-06-01,0.96065,0.96247,0.95783,0.96113,1432
2020-06-02,0.96115,0.96373,0.95729,0.96172,1438
2020-06-03,0.96172,0.96476,0.96062,0.96145,1434
2020-06-04,0.96145,0.96236,0.95434,0.9556,1432
2020-06-05,0.9556,0.96503,0.95414,0.96214,1260
2020-06-07,0.96068,0.96263,0.95986,0.96142,174
2020-06-08,0.96142,0.96392,0.95552,0.95765,1425
2020-06-09,0.95765,0.95851,0.94821,0.9511,1429
2020-06-10,0.9511,0.95142,0.94246,0.94367,1430
2020-06-11,0.94365,0.94602,0.93757,0.94412,1439
2020-06-12,0.94417,0.9553,0.94373,0.95226,1258
2020-06-14,0.95359,0.95359,0.95077,0.95139,175
2020-06-15,0.95138,0.95465,0.94797,0.94911,1429
2020-06-16,0.94911,0.95227,0.94633,0.95126,1427
2020-06-17,0.95127,0.95287,0.94809,0.9487,1427
2020-06-18,0.94871,0.95249,0.9482,0.95177,1425
2020-06-19,0.95179,0.95303,0.94875,0.95216,1248
2020-06-21,0.9513,0.95267,0.95018,0.95239,159
2020-06-22,0.95239,0.95245,0.94648,0.94686,1423
2020-06-23,0.94685,0.94929,0.942,0.94449,1426
2020-06-24,0.94449,0.94857,0.94328,0.94817,1437
2020-06-25,0.94816,0.95077,0.94756,0.94839,1425
2020-06-26,0.94838,0.94994,0.94671,0.94785,1252
2020-06-28,0.94781,0.94811,0.9469,0.94797,171
2020-06-29,0.94797,0.95247,0.94413,0.95104,1431
2020-06-30,0.95103,0.95323,0.9461,0.94713,1423
2020-07-01,0.94718,0.94936,0.94445,0.94574,1425
2020-07-02,0.94575,0.94649,0.94262,0.94556,1414
2020-07-03,0.94556,0.94702,0.94337,0.94387,1256
2020-07-05,0.94487,0.94526,0.94457,0.94496,163
2020-07-06,0.94497,0.94497,0.93841,0.94185,1422
2020-07-07,0.94183,0.94527,0.94081,0.94247,1428
2020-07-08,0.94248,0.94322,0.93697,0.93827,1418
2020-07-09,0.93826,0.941,0.9362,0.94032,1413
2020-07-10,0.94029,0.9431,0.93844,0.94105,1253
2020-07-12,0.93991,0.94104,0.9399,0.94052,170
2020-07-13,0.94052,0.94375,0.9392,0.94179,1432
2020-07-14,0.94178,0.94242,0.93797,0.93943,1422
2020-07-15,0.93942,0.9457,0.93699,0.94394,1430
2020-07-16,0.94394,0.94675,0.9429,0.94535,1428
2020-07-17,0.94534,0.94584,0.93798,0.93845,1256
2020-07-19,0.9393,0.94022,0.93809,0.93835,174
2020-07-20,0.93839,0.94098,0.93737,0.93883,1427
2020-07-21,0.93882,0.9398,0.93209,0.93245,1434
2020-07-22,0.93245,0.93514,0.92863,0.92986,1423
2020-07-23,0.92986,0.92986,0.92451,0.92534,1431
2020-07-24,0.92532,0.92604,0.92031,0.92039,1258
2020-07-26,0.92066,0.92186,0.91879,0.92104,163
2020-07-27,0.92103,0.92299,0.91658,0.91955,1421
2020-07-28,0.91957,0.92277,0.91549,0.91793,1423
2020-07-29,0.91793,0.91874,0.91168,0.91254,1428
2020-07-30,0.91251,0.9151,0.90779,0.90859,1435
2020-07-31,0.90859,0.91486,0.90559,0.91307,1260
2020-08-02,0.91376,0.91399,0.91245,0.91349,178
2020-08-03,0.91349,0.92416,0.9132,0.91763,1425
2020-08-04,0.91764,0.91879,0.91248,0.91262,1422
2020-08-05,0.91262,0.91348,0.905,0.90806,1418
2020-08-06,0.90805,0.91287,0.90651,0.90994,1430
2020-08-07,0.90994,0.91578,0.90965,0.9122,1254
2020-08-09,0.91193,0.91325,0.91189,0.91277,176
2020-08-10,0.91274,0.91841,0.91217,0.91559,1404
2020-08-11,0.91558,0.91775,0.91049,0.91747,1430
2020-08-12,0.91747,0.91976,0.90965,0.91178,1426
2020-08-13,0.91178,0.91196,0.90818,0.90967,1430
2020-08-14,0.90968,0.91227,0.90866,0.90892,1254
2020-08-16,0.90896,0.90937,0.90825,0.90874,174
2020-08-17,0.90874,0.90965,0.9051,0.90653,1422
2020-08-18,0.90656,0.90666,0.90094,0.90274,1425
2020-08-19,0.90275,0.91541,0.90187,0.91474,1438
2020-08-20,0.91474,0.91614,0.90691,0.90702,1426
2020-08-21,0.90699,0.91395,0.90607,0.91146,1256
2020-08-23,0.911,0.91203,0.90999,0.91198,153
2020-08-24,0.91195,0.91276,0.90742,0.91193,1417
2020-08-25,0.91193,0.91259,0.907,0.90806,1408
2020-08-26,0.90807,0.91204,0.9071,0.90747,1424
2020-08-27,0.90746,0.91234,0.90355,0.90917,1413
2020-08-28,0.9092,0.90993,0.90238,0.90404,1255
2020-08-30,0.90353,0.90476,0.90283,0.90361,173
2020-08-31,0.90362,0.9053,0.89984,0.90404,1421
2020-09-01,0.90403,0.91005,0.89987,0.90939,1393
2020-09-02,0.90936,0.91366,0.90925,0.91132,1421
2020-09-03,0.91133,0.91421,0.90821,0.91003,1410
2020-09-04,0.91003,0.91631,0.90901,0.91321,1244
2020-09-06,0.91253,0.91361,0.91239,0.91349,173
2020-09-07,0.91349,0.91693,0.91203,0.91642,1408
2020-09-08,0.91641,0.92005,0.91559,0.91807,1415
2020-09-09,0.91807,0.91904,0.9118,0.91219,1413
2020-09-10,0.91221,0.91222,0.90487,0.91026,1415
2020-09-11,0.91025,0.91058,0.90791,0.90866,1245
2020-09-13,0.90875,0.90915,0.9086,0.90891,174
2020-09-14,0.90891,0.90983,0.90578,0.90839,1421
2020-09-15,0.90839,0.90886,0.90509,0.90861,1411
2020-09-16,0.90861,0.91103,0.90545,0.91051,1423
2020-09-17,0.91051,0.91391,0.90796,0.90827,1415
2020-09-18,0.90827,0.9115,0.90745,0.91137,1255
2020-09-20,0.91138,0.91139,0.90937,0.91108,177
2020-09-21,0.91109,0.9171,0.90863,0.91532,1412
2020-09-22,0.91533,0.92073,0.91361,0.92008,1414
2020-09-23,0.92007,0.9245,0.91894,0.92412,1433
2020-09-24,0.92412,0.92798,0.92156,0.92675,1431
2020-09-25,0.92674,0.92961,0.92502,0.92772,1253
2020-09-27,0.92843,0.92892,0.92788,0.9283,177
2020-09-28,0.92831,0.92953,0.92364,0.92381,1432
2020-09-29,0.92382,0.9247,0.91892,0.91943,1411
2020-09-30,0.91942,0.92443,0.91621,0.92086,1434
2020-10-01,0.92086,0.9214,0.91641,0.91891,1406
2020-10-02,0.91891,0.92185,0.91806,0.91992,1252
2020-10-04,0.9192,0.91997,0.91621,0.91799,175
2020-10-05,0.91802,0.91867,0.91447,0.9151,1414
2020-10-06,0.91511,0.9182,0.91329,0.91749,1427
2020-10-07,0.91752,0.91842,0.91591,0.917,1417
2020-10-08,0.91701,0.91975,0.91567,0.9169,1410
2020-10-09,0.9169,0.91721,0.90917,0.90936,1245
2020-10-11,0.91074,0.91085,0.90994,0.91047,170
2020-10-12,0.91048,0.91235,0.90865,0.90906,1416
2020-10-13,0.90906,0.91545,0.90891,0.9151,1420
2020-10-14,0.91513,0.91623,0.9113,0.91337,1419
2020-10-15,0.91337,0.91553,0.91261,0.91462,1424
2020-10-16,0.91461,0.9162,0.91228,0.91428,1253
2020-10-18,0.9142,0.91523,0.91407,0.9151,153
2020-10-19,0.9151,0.91652,0.90899,0.91056,1426
2020-10-20,0.91057,0.91096,0.90549,0.90676,1406
2020-10-21,0.9068,0.90684,0.90303,0.90592,1420
2020-10-22,0.90595,0.90802,0.90536,0.90763,1416
2020-10-23,0.90764,0.9092,0.90339,0.90418,1254
2020-10-25,0.90482,0.90518,0.90385,0.90461,231
2020-10-26,0.90462,0.90818,0.90434,0.9071,1424
2020-10-27,0.9071,0.9099,0.90612,0.90914,1429
2020-10-28,0.90915,0.91274,0.90846,0.91042,1425
2020-10-29,0.91042,0.91724,0.90887,0.91522,1419
2020-10-30,0.91521,0.91723,0.9138,0.91683,1196
2020-11-01,0.91605,0.91728,0.91475,0.91718,117
2020-11-02,0.91722,0.92073,0.91657,0.91882,1418
2020-11-03,0.91882,0.91912,0.91057,0.91062,1424
2020-11-04,0.91062,0.91961,0.90896,0.9116,1426
2020-11-05,0.91159,0.91256,0.90289,0.90433,1436
2020-11-06,0.90431,0.90561,0.89821,0.8993,1313
2020-11-08,0.89883,0.90003,0.89838,0.89927,109
2020-11-09,0.89926,0.91426,0.89835,0.91274,1438
2020-11-10,0.91273,0.91751,0.91149,0.91501,1431
2020-11-11,0.915,0.91917,0.9138,0.91665,1418
2020-11-12,0.91665,0.91703,0.91311,0.91481,1427
2020-11-13,0.91483,0.91588,0.91232,0.91232,1310
2020-11-15,0.91271,0.91305,0.91195,0.91211,107
2020-11-16,0.9121,0.91512,0.90974,0.91234,1428
2020-11-17,0.91234,0.9128,0.90879,0.9113,1423
2020-11-18,0.91128,0.91226,0.90914,0.91183,1424
2020-11-19,0.91184,0.91393,0.90995,0.91107,1421
2020-11-20,0.91107,0.9123,0.90913,0.91054,1317
2020-11-22,0.91051,0.91131,0.91051,0.91061,119
2020-11-23,0.91062,0.91476,0.90758,0.91243,1414
2020-11-24,0.91239,0.91363,0.90975,0.91091,1427
2020-11-25,0.9109,0.91388,0.90777,0.90818,1431
2020-11-26,0.90816,0.90932,0.90585,0.90649,1424
2020-11-27,0.90655,0.90825,0.90389,0.90389,1303
2020-11-29,0.90391,0.90461,0.90374,0.90414,116
2020-11-30,0.90414,0.90451,0.90324,0.9036,295
2020-12-01,0.9082,0.90835,0.89924,0.89952,1408
2020-12-02,0.89951,0.9013,0.89421,0.89462,1417
2020-12-03,0.89462,0.89535,0.88912,0.89086,1411
2020-12-04,0.89086,0.89228,0.88852,0.89168,1309
2020-12-06,0.89064,0.89186,0.89023,0.89185,113
2020-12-07,0.89188,0.89463,0.88752,0.89082,1408
2020-12-08,0.89085,0.89139,0.88812,0.8887,1405
2020-12-09,0.8887,0.89141,0.88705,0.88946,1402
2020-12-10,0.88942,0.89012,0.88518,0.88593,1419
2020-12-11,0.88592,0.89089,0.88511,0.88947,1299
2020-12-13,0.8886,0.88884,0.88795,0.8885,116
2020-12-14,0.88851,0.88952,0.88499,0.88668,1402
2020-12-15,0.88667,0.88802,0.885,0.88551,1395
2020-12-16,0.88553,0.88919,0.88257,0.88535,1409
2020-12-17,0.88537,0.88577,0.8822,0.88476,1415
2020-12-18,0.88476,0.88678,0.88235,0.88235,1304
2020-12-20,0.88478,0.88581,0.88397,0.88575,117
2020-12-21,0.88575,0.89189,0.88415,0.88556,1432
2020-12-22,0.88557,0.89045,0.88448,0.88777,1422
2020-12-23,0.88776,0.89108,0.88671,0.88775,1427
2020-12-24,0.88776,0.8918,0.88682,0.8903,1383
2020-12-25,0.89058,0.89111,0.88853,0.88877,414
2020-12-27,0.88908,0.89081,0.88824,0.88955,111
2020-12-28,0.8895,0.89185,0.88758,0.88831,1430
2020-12-29,0.88832,0.8884,0.88302,0.88411,1423
2020-12-30,0.88411,0.88544,0.88109,0.88163,1434
2020-12-31,0.88162,0.8858,0.87938,0.8848,1311
2021-01-03,0.88301,0.88422,0.8825,0.88314,117
2021-01-04,0.88312,0.88453,0.87842,0.88123,1426
2021-01-05,0.88123,0.88163,0.87755,0.87818,1433
2021-01-06,0.87816,0.88211,0.87572,0.87809,1433
2021-01-07,0.87809,0.88604,0.87742,0.88516,1424
2021-01-08,0.88516,0.88842,0.8822,0.88495,1319
2021-01-10,0.88563,0.88783,0.88408,0.88755,118
2021-01-11,0.88756,0.892,0.88683,0.88963,1434
2021-01-12,0.88963,0.89158,0.88604,0.88609,1434
2021-01-13,0.88608,0.8889,0.8849,0.88709,1416
2021-01-14,0.88708,0.8917,0.88555,0.88834,1430
2021-01-15,0.88837,0.89145,0.8869,0.89037,1312
2021-01-17,0.89013,0.89258,0.89013,0.89248,118
2021-01-18,0.89248,0.89249,0.88978,0.89088,1423
2021-01-19,0.89089,0.89165,0.88638,0.88804,1421
2021-01-20,0.88802,0.89202,0.88667,0.88934,1424
2021-01-21,0.88933,0.88991,0.88461,0.88536,1420
2021-01-22,0.88534,0.88661,0.88381,0.88506,1306
2021-01-24,0.88473,0.88568,0.88473,0.88558,120
2021-01-25,0.88555,0.88926,0.88475,0.88803,1426
2021-01-26,0.88804,0.88956,0.88605,0.8866,1416
2021-01-27,0.88659,0.89172,0.88611,0.88921,1433
2021-01-28,0.8892,0.89183,0.88694,0.88855,1428
2021-01-29,0.88856,0.89114,0.88742,0.89003,1316
2021-01-31,0.89005,0.89191,0.88938,0.89146,113
2021-02-01,0.89146,0.89724,0.89056,0.89652,1424
2021-02-02,0.89652,0.8995,0.89466,0.89792,1437
2021-02-03,0.89794,0.90024,0.897,0.89841,1416
2021-02-04,0.89841,0.90446,0.89836,0.90401,1430
2021-02-05,0.90402,0.90455,0.89841,0.89841,1316
2021-02-07,0.89912,0.89956,0.89858,0.89901,113
2021-02-08,0.899,0.90193,0.89783,0.89863,1419
2021-02-09,0.89863,0.89878,0.89193,0.89255,1421
2021-02-10,0.89254,0.8931,0.889,0.89024,1407
2021-02-11,0.89024,0.891,0.88918,0.89007,1408
2021-02-12,0.89007,0.89396,0.88991,0.89102,1294
2021-02-14,0.89089,0.8919,0.89088,0.8919,114
2021-02-15,0.8919,0.89246,0.88948,0.8899,1413
2021-02-16,0.88991,0.89397,0.8871,0.89356,1412
2021-02-17,0.89356,0.89918,0.89269,0.89854,1427
2021-02-18,0.89854,0.89953,0.89566,0.89602,1415
2021-02-19,0.89602,0.89722,0.89331,0.89612,1299
2021-02-21,0.89625,0.89741,0.89519,0.89683,113
2021-02-22,0.89683,0.90234,0.89479,0.89579,1422
2021-02-23,0.89577,0.90569,0.89484,0.90532,1422
2021-02-24,0.90532,0.90943,0.90479,0.9067,1435
2021-02-25,0.90671,0.90812,0.90278,0.9057,1413
2021-02-26,0.9057,0.91015,0.90264,0.90824,1319
2021-02-28,0.90868,0.90871,0.9073,0.90731,118
2021-03-01,0.9073,0.91592,0.90704,0.91497,1422
2021-03-02,0.91497,0.91934,0.91359,0.9151,1424
2021-03-03,0.91509,0.92006,0.914,0.92003,1423
2021-03-04,0.92003,0.92977,0.9189,0.92925,1440
2021-03-05,0.92926,0.93186,0.92573,0.93029,1318
2021-03-07,0.92943,0.93091,0.92857,0.9301,118
2021-03-08,0.9301,0.93693,0.92975,0.93612,1436
2021-03-09,0.93612,0.9375,0.92742,0.92816,1429
2021-03-10,0.92816,0.9323,0.92801,0.92986,1418
2021-03-11,0.92988,0.93087,0.92303,0.9248,1436
2021-03-12,0.9248,0.93246,0.92459,0.92919,1317
2021-03-14,0.92719,0.92966,0.92703,0.92881,187
2021-03-15,0.92883,0.93122,0.92631,0.92777,1414
2021-03-16,0.92777,0.9287,0.92421,0.9255,1432
2021-03-17,0.92551,0.92956,0.92132,0.92237,1428
2021-03-18,0.92238,0.93051,0.92187,0.92807,1434
2021-03-19,0.92806,0.93197,0.92509,0.92843,1198
2021-03-21,0.93046,0.93101,0.92915,0.92998,237
2021-03-22,0.92998,0.9309,0.92222,0.92425,1430
2021-03-23,0.92427,0.93467,0.92385,0.9343,1429
2021-03-24,0.93428,0.93693,0.9337,0.93556,1436
2021-03-25,0.93557,0.94015,0.9349,0.93944,1435
2021-03-26,0.93945,0.94176,0.93821,0.93885,1195
2021-03-28,0.93848,0.93911,0.93847,0.93905,88
2021-03-29,0.93955,0.94043,0.93698,0.93896,1424
2021-03-30,0.93896,0.94385,0.93883,0.9418,1428
2021-03-31,0.9418,0.94583,0.94034,0.94387,1434
2021-04-01,0.94389,0.94723,0.94044,0.9421,1429
2021-04-02,0.94213,0.94339,0.94046,0.94176,1202
2021-04-04,0.9424,0.94309,0.94202,0.94202,151
2021-04-05,0.94204,0.94383,0.93526,0.93603,1421
2021-04-06,0.93604,0.93959,0.93023,0.9308,1429
2021-04-07,0.9308,0.93146,0.92677,0.92939,1418
2021-04-08,0.92938,0.9302,0.92318,0.92415,1424
2021-04-09,0.92417,0.92815,0.92322,0.92322,1253
2021-04-11,0.92479,0.92564,0.92377,0.92563,152
2021-04-12,0.92564,0.92682,0.92125,0.92236,1424
2021-04-13,0.9224,0.92594,0.91973,0.92027,1431
2021-04-14,0.92026,0.92338,0.91864,0.92273,1426
2021-04-15,0.92272,0.92453,0.92061,0.92195,1427
2021-04-16,0.92196,0.92348,0.91789,0.91972,1256
2021-04-18,0.91917,0.92083,0.91881,0.92055,169
2021-04-19,0.92056,0.92148,0.91283,0.91489,1431
2021-04-20,0.9149,0.91693,0.91347,0.91604,1424
2021-04-21,0.91603,0.91955,0.9153,0.91671,1421
2021-04-22,0.91671,0.91909,0.91433,0.91713,1415
2021-04-23,0.91713,0.9173,0.91275,0.91348,1248
2021-04-25,0.91303,0.91397,0.91303,0.91395,170
2021-04-26,0.91395,0.91657,0.91213,0.91463,1424
2021-04-27,0.91464,0.91715,0.91231,0.91403,1407
2021-04-28,0.91404,0.91814,0.90879,0.90891,1421
2021-04-29,0.90895,0.91191,0.90798,0.90892,1400
2021-04-30,0.90892,0.91399,0.908,0.9129,1250
2021-05-02,0.91243,0.913,0.91168,0.91287,154
2021-05-03,0.91288,0.91475,0.90927,0.91152,1389
2021-05-04,0.91152,0.91604,0.91141,0.91361,1421
2021-05-05,0.91362,0.91641,0.9121,0.9131,1415
2021-05-06,0.9131,0.91446,0.907,0.9076,1412
2021-05-07,0.9076,0.90933,0.89974,0.89979,1250
2021-05-09,0.90113,0.90142,0.89999,0.90046,164
2021-05-10,0.90047,0.90188,0.89853,0.90052,1434
2021-05-11,0.90052,0.90406,0.9001,0.90384,1426
2021-05-12,0.90384,0.90936,0.90296,0.90883,1429
2021-05-13,0.90885,0.90929,0.90485,0.90595,1431
2021-05-14,0.90598,0.90633,0.90106,0.90122,1245
2021-05-16,0.90103,0.90172,0.90103,0.90142,154
2021-05-17,0.90143,0.90338,0.90017,0.90333,1405
2021-05-18,0.90334,0.90347,0.896,0.89752,1424
2021-05-19,0.89753,0.90471,0.89678,0.90403,1433
2021-05-20,0.90403,0.90468,0.89677,0.89753,1417
2021-05-21,0.89753,0.90003,0.89534,0.89748,1255
2021-05-23,0.89795,0.89827,0.89722,0.89746,163
2021-05-24,0.89747,0.90024,0.89565,0.89701,1410
2021-05-25,0.89702,0.89742,0.893,0.89562,1422
2021-05-26,0.89563,0.89873,0.89415,0.89773,1426
2021-05-27,0.89775,0.90083,0.89605,0.89706,1416
2021-05-28,0.89704,0.90293,0.89704,0.89975,1256
2021-05-30,0.89875,0.90015,0.89874,0.90012,167
2021-05-31,0.90011,0.90041,0.89845,0.89906,240
2021-06-01,0.89838,0.89983,0.89465,0.89707,1410
2021-06-02,0.89709,0.90241,0.89666,0.8982,1402
2021-06-03,0.89819,0.90515,0.89787,0.90347,1393
2021-06-04,0.90348,0.90534,0.89819,0.89829,1247
2021-06-06,0.89911,0.89936,0.89837,0.89927,165
2021-06-07,0.89928,0.90099,0.89656,0.8977,1397
2021-06-08,0.89771,0.89891,0.89515,0.8969,1392
2021-06-09,0.8969,0.89713,0.8926,0.89585,1370
2021-06-10,0.89583,0.89925,0.89402,0.89455,1392
2021-06-11,0.89456,0.89999,0.89324,0.89714,1225
2021-06-13,0.89806,0.89875,0.89775,0.89783,157
2021-06-14,0.89783,0.90013,0.89783,0.89935,1396
2021-06-15,0.89933,0.90074,0.89651,0.89854,1400
2021-06-16,0.89856,0.90907,0.8977,0.90868,1423
2021-06-17,0.90869,0.91878,0.90754,0.91765,1430
2021-06-18,0.91765,0.92385,0.9168,0.92253,1255
2021-06-20,0.92184,0.92294,0.92131,0.92249,167
2021-06-21,0.92249,0.92366,0.91735,0.91864,1429
2021-06-22,0.91865,0.92125,0.91722,0.91862,1423
2021-06-23,0.9186,0.91995,0.91538,0.91822,1413
2021-06-24,0.91822,0.91996,0.91736,0.91813,1419
2021-06-25,0.91813,0.91824,0.91422,0.91669,1250
2021-06-27,0.91729,0.91759,0.9162,0.91665,156
2021-06-28,0.91665,0.92143,0.91665,0.9196,1417
2021-06-29,0.91959,0.92327,0.91894,0.92091,1406
2021-06-30,0.92091,0.92618,0.92058,0.92507,1404
2021-07-01,0.92506,0.92713,0.92356,0.9259,1400
2021-07-02,0.92589,0.92742,0.91998,0.92012,1253
2021-07-04,0.92104,0.9218,0.9202,0.92175,155
2021-07-05,0.92174,0.92322,0.92036,0.92224,1383
2021-07-06,0.92227,0.9251,0.91932,0.9247,1410
2021-07-07,0.9247,0.92673,0.92225,0.92568,1403
2021-07-08,0.92566,0.92608,0.9133,0.91475,1415
2021-07-09,0.91475,0.91747,0.91357,0.91363,1244
2021-07-11,0.91403,0.91527,0.91349,0.91406,159
2021-07-12,0.91407,0.91707,0.91317,0.91502,1397
2021-07-13,0.91501,0.92003,0.91429,0.9189,1408
2021-07-14,0.9189,0.91984,0.91381,0.91473,1396
2021-07-15,0.91471,0.91928,0.91174,0.91784,1425
2021-07-16,0.91785,0.92034,0.91738,0.91868,1242
2021-07-18,0.91798,0.92002,0.91798,0.91856,157
2021-07-19,0.91855,0.92215,0.91626,0.91871,1401
2021-07-20,0.91872,0.92325,0.91725,0.92121,1386
2021-07-21,0.92121,0.92309,0.91694,0.91768,1376
2021-07-22,0.91767,0.92016,0.91546,0.91911,1396
2021-07-23,0.91909,0.92218,0.9186,0.91908,1219
2021-07-25,0.9186,0.91988,0.9186,0.91954,150
2021-07-26,0.9195,0.9202,0.91482,0.91554,1394
2021-07-27,0.91555,0.91862,0.91281,0.91441,1400
2021-07-28,0.91438,0.91672,0.90967,0.90973,1407
2021-07-29,0.90971,0.91004,0.90527,0.90574,1402
2021-07-30,0.90573,0.90751,0.90392,0.90489,1238
2021-08-01,0.90379,0.9062,0.90375,0.90593,140
2021-08-02,0.90595,0.90671,0.90373,0.90527,1377
2021-08-03,0.90527,0.90572,0.90227,0.90381,1397
2021-08-04,0.90382,0.90758,0.90181,0.90659,1375
2021-08-05,0.90659,0.90777,0.90511,0.90664,1385
2021-08-06,0.90662,0.91562,0.90659,0.91383,1232
2021-08-08,0.91322,0.91629,0.91322,0.91569,144
2021-08-09,0.91568,0.92095,0.91453,0.92088,1382
2021-08-10,0.92088,0.92338,0.91945,0.92297,1385
2021-08-11,0.92295,0.92419,0.92021,0.92159,1356
2021-08-12,0.9216,0.92395,0.92113,0.92309,1346
2021-08-13,0.92308,0.92387,0.91497,0.91497,1205
2021-08-15,0.91576,0.91585,0.91474,0.91539,139
2021-08-16,0.91539,0.91634,0.91089,0.91257,1382
2021-08-17,0.91255,0.91526,0.90994,0.91492,1354
2021-08-18,0.91493,0.91963,0.91266,0.91756,1400
2021-08-19,0.91754,0.92067,0.9145,0.91892,1395
2021-08-20,0.91892,0.91892,0.91585,0.91671,1228
2021-08-22,0.91625,0.91771,0.91597,0.91722,164
2021-08-23,0.9172,0.91778,0.91208,0.91232,1387
2021-08-24,0.91234,0.91389,0.91101,0.91317,1361
2021-08-25,0.91316,0.91575,0.91186,0.91366,1397
2021-08-26,0.9137,0.91919,0.91348,0.91796,1400
2021-08-27,0.91796,0.91994,0.91059,0.9108,1243
2021-08-29,0.91089,0.91149,0.91052,0.91139,147
2021-08-30,0.9114,0.91848,0.9101,0.91718,1396
2021-08-31,0.91718,0.91728,0.9114,0.91533,1384
2021-09-01,0.91538,0.91891,0.91388,0.91558,1397
2021-09-02,0.91557,0.91676,0.91343,0.9145,1373
2021-09-03,0.91449,0.9159,0.91151,0.91342,1240
2021-09-05,0.91209,0.91413,0.91209,0.91383,146
2021-09-06,0.91382,0.9168,0.91379,0.91487,1393
2021-09-07,0.91486,0.91987,0.91325,0.91944,1398
2021-09-08,0.91944,0.92345,0.91832,0.92183,1396
2021-09-09,0.92184,0.92227,0.91588,0.91654,1416
2021-09-10,0.91655,0.91846,0.91497,0.91704,1241
2021-09-12,0.91769,0.91852,0.91754,0.91819,144
2021-09-13,0.91818,0.92408,0.91814,0.92226,1382
2021-09-14,0.92224,0.92276,0.91803,0.92008,1395
2021-09-15,0.92006,0.92051,0.91635,0.91969,1406
2021-09-16,0.9197,0.92777,0.91935,0.92736,1394
2021-09-17,0.92734,0.93245,0.92593,0.93211,1256
2021-09-19,0.93152,0.93255,0.93056,0.93203,165
2021-09-20,0.93203,0.93325,0.92681,0.92768,1407
2021-09-21,0.92769,0.92831,0.92248,0.9235,1403
2021-09-22,0.92349,0.92728,0.92148,0.9264,1415
2021-09-23,0.92639,0.92733,0.92168,0.92469,1412
2021-09-24,0.92468,0.92605,0.92217,0.92393,1250
2021-09-26,0.92388,0.92511,0.9233,0.92456,167
2021-09-27,0.92454,0.92906,0.92442,0.92568,1398
2021-09-28,0.92567,0.93013,0.92565,0.92915,1414
2021-09-29,0.92917,0.93548,0.92797,0.93427,1419
2021-09-30,0.93427,0.93679,0.93059,0.93257,1429
2021-10-01,0.93256,0.93375,0.9281,0.93053,1255
2021-10-03,0.92941,0.93011,0.9289,0.92957,157
2021-10-04,0.92957,0.93108,0.92299,0.92498,1403
2021-10-05,0.92498,0.92877,0.92457,0.92839,1418
2021-10-06,0.92839,0.93073,0.92668,0.92777,1427
2021-10-07,0.92779,0.92919,0.92526,0.92853,1413
2021-10-08,0.92853,0.93054,0.92585,0.92691,1249
2021-10-10,0.92686,0.92792,0.92618,0.92785,158
2021-10-11,0.92785,0.92875,0.92498,0.92758,1417
2021-10-12,0.92758,0.93129,0.92566,0.93059,1407
2021-10-13,0.9306,0.93073,0.9234,0.92409,1402
2021-10-14,0.92409,0.92439,0.91938,0.92436,1414
2021-10-15,0.92435,0.92636,0.92214,0.92218,1247
2021-10-17,0.92284,0.92396,0.9222,0.92355,156
2021-10-18,0.92353,0.92729,0.92229,0.92352,1406
2021-10-19,0.92352,0.92354,0.91847,0.92308,1412
2021-10-20,0.92307,0.92521,0.91813,0.91893,1416
2021-10-21,0.91894,0.9206,0.91699,0.91812,1413
2021-10-22,0.91813,0.91852,0.91497,0.91497,1252
2021-10-24,0.91517,0.91691,0.91516,0.91663,155
2021-10-25,0.91664,0.92021,0.91496,0.91987,1407
2021-10-26,0.91988,0.92259,0.91865,0.91971,1400
2021-10-27,0.91971,0.92034,0.91641,0.91812,1406
2021-10-28,0.91811,0.91944,0.91126,0.91169,1421
2021-10-29,0.91169,0.91758,0.9102,0.91524,1257
2021-10-31,0.91465,0.91652,0.91419,0.91615,213
2021-11-01,0.91616,0.91711,0.90852,0.91017,1427
2021-11-02,0.91017,0.91506,0.90898,0.91452,1410
2021-11-03,0.91449,0.91475,0.91043,0.91172,1423
2021-11-04,0.91172,0.91448,0.91157,0.9126,1421
2021-11-05,0.91261,0.91748,0.91122,0.91176,1194
2021-11-07,0.91196,0.91247,0.91173,0.91197,111
2021-11-08,0.91196,0.91575,0.91193,0.91339,1415
2021-11-09,0.9134,0.91537,0.91015,0.91101,1409
2021-11-10,0.911,0.91859,0.91083,0.91795,1420
2021-11-11,0.91796,0.92242,0.91785,0.92123,1431
2021-11-12,0.92123,0.92374,0.92018,0.92089,1309
2021-11-14,0.92019,0.92129,0.92019,0.92113,115
2021-11-15,0.92112,0.92579,0.91866,0.92529,1430
2021-11-16,0.92529,0.93113,0.92369,0.93034,1428
2021-11-17,0.93034,0.93294,0.92749,0.92854,1432
2021-11-18,0.92854,0.92916,0.92505,0.92578,1427
2021-11-19,0.92578,0.92899,0.92497,0.92823,1315
2021-11-21,0.92769,0.9295,0.92768,0.92929,104
2021-11-22,0.92929,0.93345,0.92666,0.9326,1411
2021-11-23,0.93261,0.9344,0.9301,0.93342,1424
2021-11-24,0.93342,0.93734,0.93279,0.93403,1407
2021-11-25,0.93404,0.93609,0.93239,0.93528,1404
2021-11-26,0.93528,0.93544,0.92102,0.92222,1287
2021-11-28,0.92192,0.92531,0.92139,0.9244,87
2021-11-29,0.9244,0.92727,0.92234,0.92289,1430
2021-11-30,0.92288,0.92662,0.9157,0.91951,1422
2021-12-01,0.91952,0.92175,0.91689,0.92059,1432
2021-12-02,0.92056,0.92212,0.91778,0.91979,1422
2021-12-03,0.91981,0.92174,0.91614,0.91618,1317
2021-12-05,0.91723,0.91871,0.91635,0.91851,89
2021-12-06,0.91852,0.92687,0.91846,0.92553,1415
2021-12-07,0.92552,0.9275,0.92306,0.92449,1413
2021-12-08,0.92449,0.92521,0.91916,0.92016,1420
2021-12-09,0.92015,0.92646,0.91998,0.92372,1424
2021-12-10,0.92373,0.92527,0.91986,0.92043,1300
2021-12-12,0.92,0.92143,0.91993,0.92126,102
2021-12-13,0.92126,0.92562,0.92056,0.92239,1420
2021-12-14,0.92238,0.92446,0.9188,0.92413,1412
2021-12-15,0.92413,0.92939,0.92238,0.92445,1421
2021-12-16,0.92444,0.9256,0.91876,0.91895,1428
2021-12-17,0.91897,0.92456,0.91742,0.92313,1318
2021-12-19,0.92345,0.92443,0.92321,0.92329,118
2021-12-20,0.9233,0.92504,0.9192,0.92174,1411
2021-12-21,0.92173,0.9254,0.91947,0.92303,1407
2021-12-22,0.92303,0.92521,0.91896,0.91942,1390
2021-12-23,0.91942,0.92188,0.91729,0.91812,1339
2021-12-24,0.91828,0.91977,0.91647,0.91697,1235
2021-12-26,0.9179,0.91906,0.91751,0.91884,81
2021-12-27,0.91883,0.91997,0.91644,0.91715,1369
2021-12-28,0.91717,0.919,0.91591,0.91712,1395
2021-12-29,0.91713,0.92012,0.91263,0.91388,1388
2021-12-30,0.91387,0.91812,0.91313,0.91387,1404
2021-12-31,0.91389,0.91475,0.91014,0.91199,1277
2022-01-02,0.91113,0.91241,0.91008,0.91202,93
2022-01-03,0.91203,0.91999,0.91153,0.91835,1408
2022-01-04,0.91835,0.91928,0.91363,0.91619,1418
2022-01-05,0.9162,0.91834,0.91408,0.9174,1422
2022-01-06,0.91739,0.92236,0.91678,0.92141,1430
2022-01-07,0.92141,0.92323,0.91816,0.9184,1307
2022-01-09,0.91838,0.91925,0.91817,0.91887,116
2022-01-10,0.91888,0.92751,0.91857,0.92721,1428
2022-01-11,0.9272,0.92778,0.92296,0.9235,1419
2022-01-12,0.92352,0.92439,0.91296,0.91414,1390
2022-01-13,0.91412,0.91479,0.90911,0.91108,1425
2022-01-14,0.91115,0.91413,0.90942,0.9135,1315
2022-01-16,0.91247,0.91477,0.91223,0.91446,106
2022-01-17,0.91446,0.91584,0.91216,0.91395,1392
2022-01-18,0.91393,0.9179,0.91314,0.91709,1435
2022-01-19,0.91709,0.91769,0.91444,0.91561,1432
2022-01-20,0.91557,0.91809,0.91389,0.9169,1434
2022-01-21,0.9169,0.91719,0.91056,0.91079,1318
2022-01-23,0.91126,0.9126,0.91087,0.9126,114
2022-01-24,0.91259,0.91585,0.91088,0.91411,1427
2022-01-25,0.9141,0.92032,0.91404,0.91789,1429
2022-01-26,0.91789,0.92461,0.91711,0.92397,1423
2022-01-27,0.92397,0.93375,0.92371,0.93104,1435
2022-01-28,0.93104,0.93292,0.92897,0.93005,1318
2022-01-30,0.93041,0.93178,0.93039,0.93116,109
2022-01-31,0.93116,0.93427,0.92512,0.92706,1423
2022-02-01,0.92705,0.92769,0.92039,0.92104,1425
2022-02-02,0.92103,0.92219,0.91773,0.91904,1414
2022-02-03,0.91903,0.92356,0.91767,0.92035,1428
2022-02-04,0.92035,0.92585,0.91924,0.92526,1313
2022-02-06,0.92443,0.9257,0.92443,0.92513,116
2022-02-07,0.92512,0.92616,0.92211,0.92301,1433
2022-02-08,0.92302,0.92626,0.92255,0.92508,1427
2022-02-09,0.92507,0.92543,0.92218,0.92425,1427
2022-02-10,0.92426,0.92968,0.92265,0.92583,1424
2022-02-11,0.92583,0.92868,0.92359,0.92522,1317
2022-02-13,0.92426,0.92534,0.92367,0.92475,110
2022-02-14,0.92474,0.92719,0.92374,0.9245,1425
2022-02-15,0.9245,0.92738,0.92262,0.92547,1431
2022-02-16,0.92547,0.92604,0.9206,0.92188,1417
2022-02-17,0.92185,0.92292,0.91882,0.91977,1434
2022-02-18,0.91977,0.92178,0.91913,0.92079,1319
2022-02-20,0.92049,0.92198,0.92011,0.92088,114
2022-02-21,0.92087,0.9216,0.91497,0.91584,1434
2022-02-22,0.91582,0.92275,0.9151,0.92154,1428
2022-02-23,0.9215,0.92185,0.91678,0.91751,1420
2022-02-24,0.91749,0.92887,0.9172,0.92576,1427
2022-02-25,0.92575,0.92837,0.92284,0.92517,1320
2022-02-27,0.92657,0.92757,0.92435,0.92678,95
2022-02-28,0.92678,0.92773,0.91649,0.91753,1410
2022-03-01,0.91755,0.92051,0.91503,0.91856,1431
2022-03-02,0.91861,0.92393,0.9166,0.92051,1432
2022-03-03,0.92052,0.92161,0.91692,0.91783,1426
2022-03-04,0.91784,0.921,0.91585,0.9159,1320
2022-03-06,0.9166,0.92037,0.9163,0.9202,107
2022-03-07,0.9202,0.92718,0.91936,0.92534,1435
2022-03-08,0.92534,0.93064,0.92482,0.92958,1418
2022-03-09,0.92955,0.92988,0.92501,0.92651,1436
2022-03-10,0.92651,0.9309,0.92546,0.92939,1433
2022-03-11,0.92938,0.93494,0.92901,0.93356,1319
2022-03-13,0.93348,0.9363,0.93297,0.93571,223
2022-03-14,0.93569,0.93874,0.93195,0.93869,1434
2022-03-15,0.93869,0.94314,0.93717,0.94079,1424
2022-03-16,0.94079,0.94598,0.93897,0.94005,1429
2022-03-17,0.94005,0.94173,0.93357,0.93663,1427
2022-03-18,0.93663,0.93822,0.93136,0.93155,1197
2022-03-20,0.93082,0.93317,0.93082,0.93204,221
2022-03-21,0.93204,0.93624,0.92937,0.93575,1415
2022-03-22,0.93575,0.93752,0.93134,0.93398,1426
2022-03-23,0.93398,0.93574,0.92948,0.93127,1419
2022-03-24,0.93125,0.93445,0.92757,0.9277,1422
2022-03-25,0.92771,0.93133,0.92598,0.93041,1200
2022-03-27,0.92952,0.93107,0.92938,0.9309,107
2022-03-28,0.93123,0.93811,0.93071,0.93351,1405
2022-03-29,0.93352,0.93738,0.92974,0.93112,1415
2022-03-30,0.93112,0.93129,0.92199,0.92314,1396
2022-03-31,0.92313,0.92585,0.91947,0.92316,1429
2022-04-01,0.92316,0.92796,0.92203,0.92538,1256
2022-04-03,0.92527,0.92643,0.92434,0.92589,156
2022-04-04,0.9259,0.92806,0.92447,0.92631,1412
2022-04-05,0.92633,0.92978,0.92371,0.92962,1420
2022-04-06,0.92963,0.93495,0.92949,0.93303,1419
2022-04-07,0.93304,0.93474,0.93171,0.9345,1414
2022-04-08,0.93449,0.93735,0.93267,0.93409,1258
2022-04-10,0.93194,0.9343,0.93121,0.93425,176
2022-04-11,0.93425,0.93715,0.93034,0.93148,1414
2022-04-12,0.93147,0.93444,0.92862,0.93265,1422
2022-04-13,0.93264,0.9356,0.93137,0.93391,1422
2022-04-14,0.93391,0.94331,0.93238,0.94298,1411
2022-04-15,0.94299,0.94434,0.94118,0.94259,1250
2022-04-17,0.94103,0.94387,0.94103,0.94244,150
2022-04-18,0.94244,0.94531,0.94207,0.94482,1421
2022-04-19,0.94484,0.95244,0.94333,0.95214,1427
2022-04-20,0.95213,0.95357,0.94541,0.94908,1410
2022-04-21,0.94909,0.9553,0.94568,0.95372,1436
2022-04-22,0.95372,0.95924,0.95283,0.95658,1260
2022-04-24,0.95666,0.9575,0.95546,0.95574,154
2022-04-25,0.95574,0.9597,0.95464,0.95848,1411
2022-04-26,0.95847,0.96264,0.95642,0.96234,1426
2022-04-27,0.9624,0.97009,0.96163,0.96881,1417
2022-04-28,0.96879,0.97588,0.96801,0.9717,1416
2022-04-29,0.97169,0.97361,0.96707,0.97318,1260
2022-05-01,0.97208,0.97423,0.97175,0.97418,130
2022-05-02,0.97418,0.97892,0.97141,0.9776,1407
2022-05-03,0.97754,0.97994,0.972,0.97879,1422
2022-05-04,0.97878,0.98521,0.97154,0.97327,1425
2022-05-05,0.97326,0.98896,0.97092,0.98523,1401
2022-05-06,0.98521,0.98918,0.98268,0.98827,1259
2022-05-08,0.98585,0.98942,0.98585,0.9891,150
2022-05-09,0.9891,0.99653,0.98894,0.99301,1425
2022-05-10,0.993,0.99745,0.99052,0.99589,1410
2022-05-11,0.99589,0.99636,0.98716,0.99451,1415
2022-05-12,0.99451,1.0049,0.99317,1.00326,1418
2022-05-13,1.00329,1.00468,0.99917,1.00116,1260
2022-05-15,1.00023,1.00305,1.00023,1.00228,141
2022-05-16,1.00225,1.00639,1.00073,1.002,1419
2022-05-17,1.002,1.00231,0.9918,0.99362,1412
2022-05-18,0.99363,0.99843,0.98598,0.9872,1418
2022-05-19,0.98719,0.9875,0.96968,0.97225,1376
2022-05-20,0.97224,0.97637,0.96934,0.9737,1260
2022-05-22,0.97308,0.97508,0.97308,0.97505,152
2022-05-23,0.97504,0.97505,0.96269,0.96572,1420
2022-05-24,0.96571,0.96696,0.95733,0.96034,1409
2022-05-25,0.96031,0.96417,0.95972,0.96156,1420
2022-05-26,0.96153,0.96322,0.95823,0.95858,1412
2022-05-27,0.95855,0.96021,0.95443,0.95647,1256
2022-05-29,0.95453,0.95828,0.95453,0.95791,156
2022-05-30,0.95797,0.96059,0.95534,0.95824,1402
2022-05-31,0.95822,0.96197,0.95672,0.95957,1425
2022-06-01,0.95964,0.96586,0.95887,0.96303,1414
2022-06-02,0.96303,0.96359,0.95685,0.95756,1415
2022-06-03,0.95756,0.96424,0.95563,0.96114,1259
2022-06-05,0.96155,0.96309,0.96103,0.96229,151
2022-06-06,0.96229,0.97184,0.9605,0.97134,1413
2022-06-07,0.97134,0.97787,0.97048,0.97354,1421
2022-06-08,0.97354,0.97897,0.97301,0.97884,1421
2022-06-09,0.97882,0.98172,0.97235,0.98034,1419
2022-06-10,0.98034,0.98977,0.97655,0.98759,1260
2022-06-12,0.98717,0.98964,0.98691,0.98924,168
2022-06-13,0.98925,0.9994,0.98812,0.9967,1428
2022-06-14,0.9967,1.00365,0.98732,0.99944,1424
2022-06-15,0.99946,1.00492,0.99306,0.99442,1425
2022-06-16,0.9944,0.99887,0.96294,0.96685,1429
2022-06-17,0.96685,0.97325,0.96191,0.96977,1260
2022-06-19,0.96995,0.9712,0.96842,0.96977,162
2022-06-20,0.96978,0.97037,0.96215,0.96742,1434
2022-06-21,0.96746,0.96836,0.96317,0.96614,1426
2022-06-22,0.96611,0.9689,0.95799,0.96164,1428
2022-06-23,0.96165,0.96779,0.95665,0.96127,1423
2022-06-24,0.96131,0.96323,0.95214,0.95802,1259
2022-06-26,0.95577,0.95823,0.95577,0.95728,150
2022-06-27,0.95729,0.962,0.95426,0.95633,1422
2022-06-28,0.95635,0.95866,0.95331,0.95675,1426
2022-06-29,0.95675,0.95775,0.94948,0.9541,1438
2022-06-30,0.9541,0.96051,0.95291,0.95506,1437
2022-07-01,0.95506,0.96412,0.95467,0.95918,1260
2022-07-03,0.95907,0.95983,0.9584,0.95858,166
2022-07-04,0.95859,0.96169,0.95593,0.96094,1411
2022-07-05,0.96095,0.97044,0.95926,0.96843,1433
2022-07-06,0.96845,0.97435,0.9671,0.97021,1431
2022-07-07,0.97022,0.97483,0.96812,0.97378,1428
2022-07-08,0.97375,0.97974,0.97226,0.97575,1260
2022-07-10,0.97519,0.97784,0.97519,0.9777,152
2022-07-11,0.97769,0.98429,0.97756,0.98287,1430
2022-07-12,0.98299,0.98582,0.98035,0.98189,1430
2022-07-13,0.98191,0.98293,0.97561,0.98079,1421
2022-07-14,0.98078,0.98855,0.98063,0.98289,1420
2022-07-15,0.98289,0.9841,0.97582,0.97586,1260
2022-07-17,0.97626,0.97685,0.9754,0.97542,170
2022-07-18,0.97542,0.97895,0.97306,0.97753,1435
2022-07-19,0.97751,0.97862,0.96536,0.96884,1436
2022-07-20,0.96885,0.97357,0.96756,0.97153,1423
2022-07-21,0.97154,0.97389,0.96581,0.96634,1439
2022-07-22,0.96632,0.97034,0.95995,0.96069,1260
2022-07-24,0.96115,0.96337,0.96041,0.96319,166
2022-07-25,0.96321,0.96597,0.96177,0.96428,1254
2022-07-26,0.96427,0.96677,0.96153,0.96227,1430
2022-07-27,0.96227,0.96587,0.9582,0.95832,1431
2022-07-28,0.95831,0.96314,0.95422,0.95436,1432
2022-07-29,0.95437,0.95937,0.95019,0.9512,1260
2022-07-31,0.95143,0.95339,0.95052,0.95283,156
2022-08-01,0.95283,0.95291,0.94816,0.9501,1430
2022-08-02,0.95006,0.95863,0.94699,0.95834,1427
2022-08-03,0.95836,0.9651,0.95417,0.96118,1427
2022-08-04,0.96117,0.96223,0.95377,0.95399,1431
2022-08-05,0.95398,0.96494,0.95372,0.96161,1260
2022-08-07,0.96156,0.96254,0.96081,0.96213,161
2022-08-08,0.96213,0.96346,0.95214,0.95496,1434
2022-08-09,0.95496,0.95554,0.95106,0.95416,1432
2022-08-10,0.95417,0.95444,0.93932,0.94239,1435
2022-08-11,0.94236,0.94454,0.93702,0.94147,1425
2022-08-12,0.94149,0.94501,0.94073,0.94083,1260
2022-08-14,0.94068,0.94194,0.94009,0.94182,161
2022-08-15,0.94182,0.94709,0.94087,0.94594,1430
2022-08-16,0.94595,0.95135,0.94537,0.94964,1433
2022-08-17,0.94963,0.9543,0.94824,0.95128,1438
2022-08-18,0.95128,0.95709,0.94972,0.95666,1435
2022-08-19,0.95666,0.95976,0.95526,0.95864,1259
2022-08-21,0.95717,0.95899,0.95708,0.95873,144
2022-08-22,0.95873,0.96585,0.95734,0.9644,1429
2022-08-23,0.96439,0.96919,0.96027,0.96443,1428
2022-08-24,0.96441,0.96872,0.96071,0.96649,1436
2022-08-25,0.96648,0.96704,0.96124,0.96364,1430
2022-08-26,0.96364,0.96723,0.95772,0.96555,1260
2022-08-28,0.96432,0.96876,0.96429,0.96867,152
2022-08-29,0.96869,0.97074,0.9659,0.96725,1423
2022-08-30,0.96726,0.9762,0.96652,0.97401,1426
2022-08-31,0.97401,0.98068,0.97261,0.9792,1417
2022-09-01,0.97919,0.98607,0.97435,0.98121,1420
2022-09-02,0.98119,0.98589,0.9783,0.9811,1260
2022-09-04,0.9814,0.98338,0.98068,0.98327,174
2022-09-05,0.98328,0.98369,0.97831,0.97856,1424
2022-09-06,0.97855,0.98613,0.97649,0.98461,1419
2022-09-07,0.9846,0.98693,0.97606,0.97667,1435
2022-09-08,0.97665,0.97815,0.96861,0.96864,1434
2022-09-09,0.96863,0.96873,0.95467,0.96625,1260
2022-09-11,0.95837,0.96089,0.95823,0.95967,180
2022-09-12,0.95967,0.96077,0.95087,0.95295,1433
2022-09-13,0.95293,0.96323,0.94792,0.96061,1436
2022-09-14,0.96061,0.96359,0.95887,0.96208,1421
2022-09-15,0.96207,0.96413,0.95556,0.96188,1430
2022-09-16,0.96188,0.96606,0.95997,0.96408,1260
2022-09-18,0.96214,0.96473,0.96214,0.96312,162
2022-09-19,0.96309,0.96949,0.96257,0.96393,1427
2022-09-20,0.96393,0.9682,0.96227,0.96379,1426
2022-09-21,0.96378,0.96996,0.96196,0.96775,1434
2022-09-22,0.96775,0.98499,0.96202,0.9758,1428
2022-09-23,0.9758,0.98395,0.97555,0.98139,1260
2022-09-25,0.98123,0.98307,0.97875,0.9824,151
2022-09-26,0.9824,0.99649,0.98032,0.99222,1418
2022-09-27,0.99222,0.99283,0.98486,0.99172,1423
2022-09-28,0.99171,0.99654,0.97453,0.97776,1429
2022-09-29,0.97777,0.98557,0.97375,0.97488,1416
2022-09-30,0.97488,0.98768,0.97392,0.98674,1260
2022-10-02,0.98395,0.98677,0.98395,0.9855,159
2022-10-03,0.98551,0.99493,0.98315,0.99276,1429
2022-10-04,0.99276,0.99408,0.97844,0.9787,1413
2022-10-05,0.97871,0.98886,0.97845,0.98123,1421
2022-10-06,0.98123,0.99132,0.97801,0.98998,1424
2022-10-07,0.98999,0.99531,0.98779,0.99289,1260
2022-10-09,0.99297,0.99499,0.99268,0.99447,126
2022-10-10,0.99453,1.00102,0.99314,0.99944,1435
2022-10-11,0.99945,1.00208,0.99152,0.99765,1434
2022-10-12,0.99763,1.00037,0.99304,0.99756,1398
2022-10-13,0.99761,1.00732,0.99584,1.00167,1401
2022-10-14,1.00168,1.00657,0.99643,1.0046,1260
2022-10-16,1.00391,1.00545,1.0033,1.00358,149
2022-10-17,1.00357,1.00449,0.99432,0.99567,1401
2022-10-18,0.99569,0.99783,0.99185,0.99372,1408
2022-10-19,0.99372,1.00625,0.99332,1.00494,1419
2022-10-20,1.00494,1.00681,0.99939,1.00393,1405
2022-10-21,1.00393,1.01472,0.99613,0.99721,1260
2022-10-23,0.99543,1.00151,0.99435,0.99753,166
2022-10-24,0.99753,1.00311,0.99647,0.99958,1415
2022-10-25,0.99953,1.00309,0.9939,0.99476,1420
2022-10-26,0.99476,0.99617,0.98466,0.98469,1428
2022-10-27,0.98465,0.99277,0.98409,0.99031,1431
2022-10-28,0.99029,0.99794,0.9882,0.99537,1260
2022-10-30,0.99556,0.99821,0.99484,0.99677,178
2022-10-31,0.99678,1.00318,0.99612,1.00158,1416
2022-11-01,1.00158,1.00164,0.99143,0.99843,1401
2022-11-02,0.99843,1.00398,0.99099,1.00227,1433
2022-11-03,1.00227,1.01466,1.00062,1.01277,1414
2022-11-04,1.01272,1.01291,0.99308,0.99407,1196
2022-11-06,0.99797,0.99844,0.99479,0.9967,101
2022-11-07,0.99672,0.9977,0.98746,0.98882,1425
2022-11-08,0.98882,0.99263,0.98362,0.98454,1422
2022-11-09,0.98454,0.98737,0.97996,0.98352,1424
2022-11-10,0.98352,0.98985,0.96297,0.96501,1417
2022-11-11,0.965,0.96812,0.93966,0.94088,1320
2022-11-13,0.94144,0.94447,0.94048,0.94402,111
2022-11-14,0.94399,0.94882,0.94046,0.9433,1418
2022-11-15,0.9433,0.94749,0.93557,0.94291,1421
2022-11-16,0.94289,0.94688,0.93854,0.94435,1436
2022-11-17,0.94432,0.95568,0.94326,0.95285,1420
2022-11-18,0.95286,0.95484,0.94976,0.95437,1320
2022-11-20,0.95336,0.95385,0.95293,0.95335,84
2022-11-21,0.95333,0.95979,0.95327,0.95842,1422
2022-11-22,0.95842,0.95869,0.95087,0.9511,1432
2022-11-23,0.95113,0.95327,0.94077,0.94095,1439
2022-11-24,0.94093,0.94451,0.93867,0.94347,1427
2022-11-25,0.94345,0.94993,0.94218,0.94593,1317
2022-11-27,0.94549,0.94788,0.94515,0.94733,99
2022-11-28,0.94732,0.94972,0.94044,0.94892,1434
2022-11-29,0.94892,0.95452,0.94595,0.95446,1423
2022-11-30,0.95444,0.95471,0.94311,0.94377,1436
2022-12-01,0.94378,0.94599,0.93593,0.93637,1432
2022-12-02,0.93636,0.94387,0.93256,0.93649,1320
2022-12-04,0.93847,0.93864,0.93607,0.93639,114
2022-12-05,0.93639,0.94348,0.93299,0.94232,1418
2022-12-06,0.94233,0.94553,0.93802,0.94197,1439
2022-12-07,0.942,0.94374,0.93626,0.94031,1434
2022-12-08,0.94034,0.94263,0.9343,0.93602,1428
2022-12-09,0.936,0.9381,0.93114,0.93307,1320
2022-12-11,0.93304,0.93515,0.93226,0.93506,89
2022-12-12,0.93505,0.93796,0.93126,0.93574,1433
2022-12-13,0.93572,0.93747,0.92309,0.92906,1428
2022-12-14,0.92906,0.9297,0.92153,0.92436,1428
2022-12-15,0.92435,0.93165,0.92314,0.92765,1423
2022-12-16,0.92763,0.93428,0.92535,0.93343,1320
2022-12-18,0.93248,0.93469,0.9324,0.93456,110
2022-12-19,0.93459,0.9346,0.92741,0.92864,1419
2022-12-20,0.92864,0.93071,0.92415,0.92632,1435
2022-12-21,0.92632,0.92888,0.92384,0.92657,1434
2022-12-22,0.92657,0.93211,0.92264,0.93108,1435
2022-12-23,0.93104,0.93443,0.92847,0.93282,1318
2022-12-25,0.9329,0.93364,0.93239,0.93276,56
2022-12-26,0.93275,0.93437,0.93056,0.93194,1258
2022-12-27,0.93193,0.93231,0.92694,0.92937,1403
2022-12-28,0.92934,0.9307,0.92449,0.92785,1416
2022-12-29,0.92786,0.92876,0.92103,0.92299,1424
2022-12-30,0.923,0.92678,0.91997,0.92442,1319
2023-01-01,0.92631,0.92671,0.92207,0.92327,36
2023-01-02,0.92317,0.92687,0.92116,0.92392,1288
2023-01-03,0.9238,0.93984,0.92276,0.93617,1436
2023-01-04,0.93619,0.9362,0.92529,0.92968,1432
2023-01-05,0.9297,0.93777,0.92604,0.93619,1430
2023-01-06,0.93618,0.94086,0.92674,0.92752,1320
2023-01-08,0.92735,0.92812,0.92641,0.92643,105
2023-01-09,0.92646,0.92795,0.91665,0.92105,1429
2023-01-10,0.92106,0.92519,0.91945,0.92236,1421
2023-01-11,0.92236,0.93315,0.92043,0.93094,1438
2023-01-12,0.93094,0.93612,0.92622,0.92727,1428
2023-01-13,0.92725,0.93165,0.92555,0.92666,1320
2023-01-15,0.9262,0.92723,0.92537,0.92688,113
2023-01-16,0.92687,0.92882,0.92184,0.92556,1415
2023-01-17,0.92556,0.92757,0.91874,0.92195,1400
2023-01-18,0.92194,0.92455,0.9085,0.91596,1438
2023-01-19,0.91595,0.91893,0.9147,0.91577,1426
2023-01-20,0.91578,0.92344,0.91408,0.91998,1320
2023-01-22,0.91859,0.91997,0.91842,0.91996,109
2023-01-23,0.91996,0.9241,0.91592,0.92167,1434
2023-01-24,0.92167,0.92789,0.91918,0.92222,1433
2023-01-25,0.9222,0.92449,0.91696,0.91714,1439
2023-01-26,0.91712,0.92252,0.91583,0.92015,1423
2023-01-27,0.92016,0.92396,0.91919,0.92061,1320
2023-01-29,0.92056,0.92118,0.92004,0.92064,104
2023-01-30,0.92063,0.9256,0.91815,0.92533,1438
2023-01-31,0.92532,0.92879,0.91502,0.91638,1435
2023-02-01,0.91638,0.91825,0.90591,0.90723,1434
2023-02-02,0.90723,0.91389,0.90601,0.91325,1427
2023-02-03,0.91324,0.9269,0.91254,0.92567,1320
2023-02-05,0.92755,0.92773,0.92514,0.92652,114
2023-02-06,0.92654,0.92906,0.9227,0.92801,1434
2023-02-07,0.92799,0.92898,0.91912,0.92162,1432
2023-02-08,0.92162,0.92233,0.91778,0.92089,1439
2023-02-09,0.92089,0.92283,0.91603,0.92209,1435
2023-02-10,0.92207,0.92526,0.91975,0.92293,1320
2023-02-12,0.92305,0.9242,0.92287,0.92377,114
2023-02-13,0.92376,0.92595,0.91864,0.91872,1427
2023-02-14,0.91874,0.92338,0.91357,0.9215,1435
2023-02-15,0.9215,0.92623,0.92124,0.92338,1426
2023-02-16,0.92336,0.92718,0.92138,0.92662,1435
2023-02-17,0.92662,0.93317,0.92393,0.92402,1316
2023-02-19,0.92447,0.92544,0.92384,0.92536,112
2023-02-20,0.92533,0.92598,0.92201,0.92325,1014
2023-02-21,0.92322,0.92824,0.92294,0.92672,1003
2023-02-22,0.92753,0.93172,0.92523,0.93083,1018
2023-02-23,0.9312,0.93458,0.92896,0.93327,1014
2023-02-24,0.93365,0.94085,0.93255,0.9408,960
2023-02-26,0.93971,0.94069,0.93906,0.9403,109
2023-02-27,0.94031,0.94285,0.93438,0.93572,1014
2023-02-28,0.93571,0.94229,0.93408,0.94202,1019
2023-03-01,0.94203,0.94281,0.93518,0.9392,1008
2023-03-02,0.93947,0.94393,0.9392,0.94183,956
2023-03-03,0.94197,0.94205,0.93587,0.93613,959
2023-03-05,0.93611,0.93657,0.93581,0.93586,41
2023-03-06,0.93695,0.93726,0.9305,0.93069,1020
2023-03-07,0.9307,0.94212,0.92853,0.94109,1014
2023-03-08,0.94226,0.94383,0.93882,0.94083,1014
2023-03-09,0.94083,0.94159,0.93229,0.93284,1015
2023-03-10,0.93285,0.93287,0.91795,0.92139,960
2023-03-12,0.91748,0.91953,0.91509,0.91904,120
2023-03-13,0.91906,0.92024,0.90708,0.91229,1073
2023-03-14,0.91229,0.91624,0.90948,0.91421,1020
2023-03-15,0.9142,0.93409,0.91224,0.93168,1020
2023-03-16,0.93166,0.93218,0.9229,0.92915,1013
2023-03-17,0.92914,0.92928,0.92392,0.92559,840
2023-03-19,0.92501,0.92721,0.92453,0.92652,154
2023-03-20,0.92653,0.93118,0.92445,0.92861,1012
2023-03-21,0.9286,0.93165,0.92116,0.92228,1009
2023-03-22,0.92227,0.9245,0.91468,0.91579,1018
2023-03-23,0.91581,0.91803,0.91186,0.91628,1020
2023-03-24,0.91628,0.92113,0.91547,0.91919,900
2023-03-26,0.91908,0.91945,0.91841,0.91901,60
2023-03-27,0.91895,0.91992,0.91499,0.91511,1016
2023-03-28,0.91513,0.92224,0.91361,0.92024,1011
2023-03-29,0.92039,0.92228,0.91646,0.91824,1019
2023-03-30,0.91824,0.91999,0.9128,0.91346,1018
2023-03-31,0.91342,0.91773,0.91152,0.9148,960
2023-04-02,0.91438,0.91696,0.91438,0.91621,60
2023-04-03,0.91773,0.91961,0.91149,0.91281,1019
2023-04-04,0.91279,0.91426,0.90542,0.90571,1018
2023-04-05,0.9057,0.90758,0.90057,0.90638,1016
2023-04-06,0.90639,0.90748,0.90355,0.90454,1019
2023-04-09,0.90426,0.90478,0.90353,0.9044,59
2023-04-10,0.90444,0.91132,0.90432,0.90878,1017
2023-04-11,0.90878,0.90901,0.90276,0.90284,1018
2023-04-12,0.90299,0.90345,0.89432,0.89577,1019
2023-04-13,0.89585,0.89744,0.88595,0.88907,1017
2023-04-14,0.88906,0.89556,0.88664,0.89328,960
2023-04-16,0.89384,0.89486,0.89383,0.89473,111
2023-04-17,0.89491,0.8995,0.89216,0.89862,955
2023-04-18,0.89853,0.89856,0.8944,0.89604,1012
2023-04-19,0.89599,0.90027,0.89579,0.89768,1016
2023-04-20,0.89768,0.89829,0.89191,0.89228,950
2023-04-21,0.8924,0.89537,0.89075,0.89322,900
2023-04-23,0.8924,0.8924,0.89191,0.89194,57
2023-04-24,0.89195,0.89278,0.88703,0.88706,1019
2023-04-25,0.88705,0.89272,0.88602,0.89173,1017
2023-04-26,0.89185,0.89255,0.88513,0.89104,1013
2023-04-27,0.89085,0.89743,0.89026,0.89389,1006
2023-04-28,0.8939,0.89749,0.88958,0.89372,900
2023-04-30,0.89457,0.89488,0.89443,0.89472,59
2023-05-01,0.89472,0.89658,0.89148,0.89558,1016
2023-05-02,0.89591,0.89948,0.8926,0.89285,1020
2023-05-03,0.89234,0.89272,0.88254,0.88324,1018
2023-05-04,0.88342,0.8891,0.88197,0.88543,1017
2023-05-05,0.88541,0.89734,0.8834,0.89023,959
2023-05-07,0.88939,0.8912,0.88937,0.8912,109
2023-05-08,0.89118,0.89121,0.88674,0.88963,1017
2023-05-09,0.88995,0.89373,0.88879,0.89015,1012
2023-05-10,0.89013,0.89268,0.88678,0.88936,1002
2023-05-11,0.88935,0.8953,0.88864,0.89421,1009
2023-05-12,0.89421,0.89844,0.88969,0.89837,900
2023-05-14,0.89828,0.89864,0.89816,0.89838,60
2023-05-15,0.89837,0.89874,0.89423,0.89548,1002
2023-05-16,0.89548,0.89656,0.89194,0.89633,1065
2023-05-17,0.89633,0.90252,0.89489,0.89847,1005
2023-05-18,0.8986,0.9058,0.89799,0.90487,1018
2023-05-19,0.90486,0.90584,0.89851,0.89962,898
2023-05-21,0.89854,0.89904,0.89819,0.89847,58
2023-05-22,0.89821,0.89968,0.89406,0.89773,1017
2023-05-23,0.89823,0.90292,0.89751,0.90144,1075
2023-05-24,0.90142,0.90667,0.90047,0.90441,1017
2023-05-25,0.9043,0.90731,0.90373,0.90533,1019
2023-05-26,0.90509,0.90716,0.90184,0.9046,954
2023-05-28,0.904,0.90586,0.90399,0.90586,113
2023-05-29,0.90586,0.90618,0.90312,0.90425,988
2023-05-30,0.90454,0.90839,0.90171,0.90605,1016
2023-05-31,0.90608,0.91449,0.90551,0.91033,1016
2023-06-01,0.90997,0.91137,0.90482,0.90559,1012
2023-06-02,0.90558,0.90913,0.90344,0.90866,960
2023-06-04,0.90791,0.9092,0.90791,0.90918,60
2023-06-05,0.90976,0.91192,0.90521,0.90603,1017
2023-06-06,0.90604,0.90952,0.90331,0.90708,954
2023-06-07,0.90706,0.91065,0.90428,0.90955,1013
2023-06-08,0.90954,0.91073,0.89852,0.89879,1011
2023-06-09,0.89893,0.90375,0.89843,0.90272,954
2023-06-11,0.90292,0.90371,0.90292,0.90355,60
2023-06-12,0.90328,0.91062,0.90153,0.90857,1000
2023-06-13,0.90857,0.90892,0.90319,0.90483,1009
2023-06-14,0.90523,0.906,0.89651,0.90065,1020
2023-06-15,0.9002,0.90559,0.89067,0.89136,1019
2023-06-16,0.89181,0.8949,0.89012,0.89327,900
2023-06-18,0.89412,0.89468,0.89404,0.89444,58
2023-06-19,0.89443,0.897,0.89332,0.89561,1012
2023-06-20,0.89583,0.90008,0.89537,0.89754,1013
2023-06-21,0.89768,0.89943,0.89195,0.89225,1014
2023-06-22,0.89249,0.89724,0.89059,0.89496,1017
2023-06-23,0.89494,0.90128,0.89451,0.89689,899
2023-06-25,0.89613,0.89624,0.89559,0.89564,60
2023-06-26,0.89579,0.8968,0.89113,0.89528,1008
2023-06-27,0.89575,0.89655,0.89291,0.89357,1011
2023-06-28,0.89376,0.89868,0.89318,0.89666,1011
2023-06-29,0.89673,0.90014,0.89431,0.89916,1012
2023-06-30,0.89913,0.90164,0.89424,0.89489,959
2023-07-02,0.8932,0.89525,0.89269,0.89519,104
2023-07-03,0.89521,0.90041,0.89405,0.89591,1002
2023-07-04,0.89592,0.89745,0.89453,0.89703,1009
2023-07-05,0.89677,0.8991,0.89617,0.89853,1015
2023-07-06,0.89853,0.89923,0.89504,0.89522,1017
2023-07-07,0.89534,0.89699,0.88784,0.88887,899
2023-07-09,0.88883,0.88961,0.8888,0.889,60
2023-07-10,0.88898,0.89177,0.88505,0.88536,1019
2023-07-11,0.88516,0.88528,0.87858,0.87876,1015
2023-07-12,0.87877,0.87921,0.86571,0.86693,1012
2023-07-13,0.86667,0.86709,0.85825,0.85901,1018
2023-07-14,0.8591,0.8623,0.85657,0.86222,960
2023-07-16,0.86163,0.86248,0.86126,0.86185,60
2023-07-17,0.86202,0.86231,0.8578,0.86031,1004
2023-07-18,0.86032,0.8607,0.85658,0.85773,1014
2023-07-19,0.85772,0.86044,0.85667,0.85814,1008
2023-07-20,0.85797,0.86797,0.85604,0.86627,1014
2023-07-21,0.86626,0.86723,0.86451,0.86597,899
2023-07-23,0.86525,0.86598,0.86493,0.86593,57
2023-07-24,0.86625,0.87004,0.86372,0.86993,1020
2023-07-25,0.86993,0.86995,0.86322,0.86431,1014
2023-07-26,0.86455,0.8656,0.85975,0.86156,1009
2023-07-27,0.86155,0.86983,0.8552,0.86886,1016
2023-07-28,0.86888,0.87364,0.86607,0.87005,960
2023-07-30,0.86817,0.86998,0.86817,0.86984,166
2023-07-31,0.86984,0.87294,0.86648,0.87172,1435
2023-08-01,0.87174,0.87775,0.8712,0.87259,1432
2023-08-02,0.87259,0.88055,0.87259,0.87739,1425
2023-08-03,0.87742,0.87982,0.87326,0.87429,1434
2023-08-04,0.87434,0.87823,0.8699,0.87222,1258
2023-08-06,0.86999,0.87438,0.86999,0.87417,171
2023-08-07,0.87416,0.87734,0.87216,0.87293,1409
2023-08-08,0.87292,0.87827,0.87199,0.8756,1419
2023-08-09,0.87559,0.87825,0.87315,0.87698,1415
2023-08-10,0.87698,0.87761,0.86897,0.87684,1408
2023-08-11,0.87685,0.87803,0.87345,0.87604,1255
2023-08-13,0.87577,0.87711,0.87553,0.87673,174
2023-08-14,0.87673,0.88275,0.8755,0.87801,1414
2023-08-15,0.87801,0.87961,0.8744,0.87865,1423
2023-08-16,0.87865,0.8814,0.87739,0.88013,1431
2023-08-17,0.88014,0.88093,0.87596,0.8783,1429
2023-08-18,0.87828,0.88272,0.87735,0.88188,1260
2023-08-20,0.88108,0.88255,0.88107,0.88235,175
2023-08-21,0.88236,0.88274,0.87784,0.87852,1418
2023-08-22,0.87854,0.88091,0.87648,0.88014,1413
2023-08-23,0.88017,0.8817,0.87671,0.87743,1429
2023-08-24,0.87742,0.88546,0.87597,0.88523,1423
2023-08-25,0.88525,0.8876,0.88213,0.88378,1254
2023-08-27,0.88436,0.88511,0.88334,0.88481,173
2023-08-28,0.88482,0.88534,0.88178,0.88344,1419
2023-08-29,0.88343,0.88586,0.87747,0.87897,1425
2023-08-30,0.87896,0.88031,0.87445,0.87808,1430
2023-08-31,0.87808,0.88455,0.8771,0.88329,1426
2023-09-01,0.88327,0.88634,0.87946,0.88533,1253
2023-09-03,0.88494,0.88577,0.88489,0.88519,176
2023-09-04,0.88519,0.88554,0.88222,0.8848,1403
2023-09-05,0.88479,0.89029,0.88439,0.88939,1423
2023-09-06,0.88937,0.89445,0.88807,0.89135,1427
2023-09-07,0.89134,0.89402,0.8908,0.89267,1413
2023-09-08,0.89265,0.89362,0.88947,0.89254,1253
2023-09-10,0.89135,0.89261,0.89048,0.89206,173
2023-09-11,0.89205,0.89223,0.88965,0.89123,1428
2023-09-12,0.89122,0.89337,0.88979,0.89147,1431
2023-09-13,0.89148,0.89525,0.89073,0.89342,1415
2023-09-14,0.89344,0.89702,0.89144,0.89618,1415
2023-09-15,0.89618,0.89772,0.89455,0.89756,1254
2023-09-17,0.89506,0.89752,0.89484,0.89692,165
2023-09-18,0.89692,0.89822,0.89536,0.89729,1409
2023-09-19,0.89728,0.89838,0.89477,0.89731,1426
2023-09-20,0.89733,0.89954,0.89316,0.89941,1425
2023-09-21,0.89938,0.90782,0.89852,0.90472,1435
2023-09-22,0.90472,0.90749,0.90424,0.90633,1259
2023-09-24,0.9054,0.9072,0.9054,0.90715,178
2023-09-25,0.90717,0.91353,0.90697,0.91212,1374
2023-09-26,0.91212,0.91596,0.91183,0.91578,1431
2023-09-27,0.91579,0.92249,0.91537,0.9208,1436
2023-09-28,0.92081,0.92164,0.91405,0.91481,1430
2023-09-29,0.91477,0.91633,0.90907,0.91458,1255
2023-10-01,0.91437,0.91602,0.91414,0.91547,177
2023-10-02,0.91546,0.91943,0.91101,0.91795,1432
2023-10-03,0.91796,0.9244,0.91795,0.92106,1431
2023-10-04,0.92106,0.92321,0.91437,0.91673,1437
2023-10-05,0.91675,0.91817,0.91192,0.91271,1430
2023-10-06,0.91269,0.91756,0.90728,0.90937,1257
2023-10-08,0.90858,0.91011,0.90832,0.90895,177
2023-10-09,0.90893,0.91233,0.90465,0.90501,1432
2023-10-10,0.90501,0.90826,0.90339,0.90457,1431
2023-10-11,0.90457,0.90544,0.90014,0.90103,1427
2023-10-12,0.90106,0.90877,0.89863,0.90788,1438
2023-10-13,0.90786,0.90847,0.9002,0.90121,1257
2023-10-15,0.89989,0.90288,0.89989,0.90239,172
2023-10-16,0.9024,0.9042,0.89943,0.90045,1425
2023-10-17,0.90043,0.90319,0.89895,0.90012,1425
2023-10-18,0.90012,0.90084,0.89542,0.89881,1435
2023-10-19,0.89878,0.90016,0.89031,0.89175,1436
2023-10-20,0.89175,0.89349,0.89019,0.8914,1259
2023-10-22,0.89097,0.89337,0.89054,0.89325,177
2023-10-23,0.89327,0.89568,0.89042,0.89083,1424
2023-10-24,0.89079,0.89518,0.88878,0.89307,1428
2023-10-25,0.89304,0.89737,0.89202,0.8967,1426
2023-10-26,0.89668,0.90042,0.89629,0.89885,1434
2023-10-27,0.89887,0.90343,0.89801,0.90216,1259
2023-10-29,0.90079,0.90327,0.90079,0.90301,236
2023-10-30,0.90302,0.90484,0.90074,0.90189,1410
2023-10-31,0.90186,0.91069,0.90094,0.91014,1434
2023-11-01,0.91015,0.91121,0.90466,0.90471,1435
2023-11-02,0.90474,0.90685,0.90174,0.90572,1429
2023-11-03,0.90571,0.90737,0.89648,0.89795,1189
2023-11-05,0.89851,0.89956,0.89812,0.8992,115
2023-11-06,0.89917,0.89958,0.89532,0.89925,1426
2023-11-07,0.89926,0.90182,0.89868,0.89999,1431
2023-11-08,0.89998,0.90237,0.89765,0.89905,1427
2023-11-09,0.89905,0.90409,0.89871,0.90322,1418
2023-11-10,0.90321,0.90457,0.90017,0.90163,1303
2023-11-12,0.90154,0.90241,0.90154,0.90193,116
2023-11-13,0.90195,0.9052,0.90067,0.90132,1418
2023-11-14,0.9013,0.90269,0.88795,0.88904,1396
2023-11-15,0.88904,0.89027,0.8854,0.88711,1431
2023-11-16,0.88711,0.88998,0.88541,0.8885,1427
2023-11-17,0.88849,0.88935,0.88505,0.88508,1317
2023-11-19,0.88497,0.88598,0.88492,0.88594,110
2023-11-20,0.88595,0.88654,0.88258,0.88439,1431
2023-11-21,0.8844,0.88482,0.88191,0.88332,1432
2023-11-22,0.88333,0.88743,0.88198,0.88404,1420
2023-11-23,0.88405,0.8849,0.88167,0.88454,1387
2023-11-24,0.88453,0.88484,0.8809,0.8809,1304
2023-11-26,0.88157,0.88247,0.88149,0.88218,119
2023-11-27,0.88216,0.88277,0.87933,0.87997,1423
2023-11-28,0.87996,0.88187,0.87611,0.87706,1425
2023-11-29,0.87706,0.87837,0.87197,0.87332,1425
2023-11-30,0.87333,0.87706,0.8684,0.87473,1426
2023-12-01,0.87471,0.87683,0.86789,0.86869,1317
2023-12-03,0.86915,0.86924,0.86663,0.86754,119
2023-12-04,0.86753,0.8755,0.86751,0.87256,1432
2023-12-05,0.87255,0.87659,0.8714,0.87503,1417
2023-12-06,0.87504,0.87598,0.87288,0.87463,1427
2023-12-07,0.87461,0.87818,0.87275,0.87546,1439
2023-12-08,0.87543,0.88205,0.87408,0.87965,1316
2023-12-10,0.87991,0.88039,0.87951,0.87959,118
2023-12-11,0.87959,0.88161,0.87786,0.8783,1423
2023-12-12,0.87828,0.8784,0.87218,0.87512,1431
2023-12-13,0.87515,0.87799,0.869,0.87096,1431
2023-12-14,0.87096,0.87315,0.863,0.86708,1439
2023-12-15,0.86721,0.87111,0.86517,0.87017,1319
2023-12-17,0.86929,0.87083,0.86907,0.87067,115
2023-12-18,0.87061,0.87113,0.86637,0.8671,1433
2023-12-19,0.86709,0.8677,0.85926,0.86066,1435
2023-12-20,0.86067,0.86505,0.86014,0.86266,1422
2023-12-21,0.86263,0.86322,0.85591,0.8563,1438
2023-12-22,0.85629,0.85731,0.85135,0.85574,1319
2023-12-24,0.85532,0.85532,0.85492,0.85531,36
2023-12-25,0.85531,0.8562,0.85403,0.85602,127
2023-12-26,0.85602,0.85792,0.85302,0.85374,1415
2023-12-27,0.85374,0.85487,0.84083,0.84249,1427
2023-12-28,0.84247,0.84505,0.83323,0.84347,1427
2023-12-29,0.84347,0.84356,0.8356,0.8414,1319
2024-01-01,0.83934,0.84233,0.83862,0.84194,100
2024-01-02,0.84192,0.85065,0.84168,0.85007,1430
2024-01-03,0.85009,0.85539,0.84871,0.84917,1430
2024-01-04,0.84917,0.85284,0.84768,0.85022,1433
2024-01-05,0.85026,0.85764,0.84548,0.84945,1316
2024-01-07,0.84857,0.85131,0.84847,0.85075,114
2024-01-08,0.85077,0.85209,0.84599,0.84803,1436
2024-01-09,0.84802,0.85316,0.8464,0.8524,1435
2024-01-10,0.85241,0.85349,0.85048,0.85052,1434
2024-01-11,0.85051,0.8566,0.84866,0.85104,1430
2024-01-12,0.85104,0.85505,0.8488,0.85171,1318
2024-01-14,0.85137,0.85348,0.85137,0.85342,118
2024-01-15,0.85341,0.85617,0.85216,0.85601,1400
2024-01-16,0.85602,0.86192,0.85589,0.86149,1432
2024-01-17,0.86149,0.86848,0.86073,0.86429,1433
2024-01-18,0.8643,0.86936,0.86328,0.868,1437
2024-01-19,0.86799,0.8704,0.86761,0.86764,1317
2024-01-21,0.8685,0.86909,0.86733,0.8685,118
2024-01-22,0.86851,0.87003,0.86657,0.86916,1436
2024-01-23,0.86916,0.8728,0.86496,0.86966,1431
2024-01-24,0.86967,0.86992,0.86062,0.86306,1432
2024-01-25,0.86306,0.86844,0.86259,0.86711,1439
2024-01-26,0.86711,0.86846,0.86157,0.86364,1320
2024-01-28,0.86471,0.86472,0.86344,0.86431,118
2024-01-29,0.86432,0.8649,0.86064,0.86136,1436
2024-01-30,0.86137,0.86427,0.86064,0.86183,1435
2024-01-31,0.8618,0.86435,0.85504,0.86236,1437
2024-02-01,0.86236,0.86494,0.85707,0.85758,1432
2024-02-02,0.85761,0.86804,0.85528,0.8665,1320
2024-02-04,0.8654,0.86784,0.86532,0.86703,114
2024-02-05,0.86702,0.87183,0.86677,0.87072,1435
2024-02-06,0.87072,0.87409,0.86897,0.86953,1435
2024-02-07,0.86954,0.87529,0.8688,0.87413,1438
2024-02-08,0.87414,0.87607,0.87239,0.87341,1436
2024-02-09,0.87341,0.87617,0.87309,0.8746,1313
2024-02-11,0.8744,0.87455,0.874,0.87421,116
2024-02-12,0.87422,0.87724,0.87262,0.87584,1429
2024-02-13,0.87581,0.88806,0.87552,0.88744,1428
2024-02-14,0.88743,0.88854,0.88473,0.88523,1429
2024-02-15,0.88523,0.88577,0.87825,0.87987,1427
2024-02-16,0.87988,0.88388,0.87975,0.8799,1318
2024-02-18,0.87806,0.88099,0.87806,0.88072,113
2024-02-19,0.88072,0.88292,0.87963,0.88277,1394
2024-02-20,0.88277,0.88375,0.87854,0.8819,1428
2024-02-21,0.88188,0.88198,0.87881,0.87914,1438
2024-02-22,0.87917,0.8821,0.87421,0.88008,1435
2024-02-23,0.88006,0.8819,0.87809,0.88054,1309
2024-02-25,0.87931,0.88139,0.87931,0.88128,117
2024-02-26,0.88127,0.88219,0.87879,0.88005,1423
2024-02-27,0.88005,0.88103,0.87841,0.87901,1435
2024-02-28,0.879,0.88154,0.87838,0.87872,1432
2024-02-29,0.87871,0.88485,0.87791,0.88442,1433
2024-03-01,0.88442,0.88923,0.8825,0.88292,1313
2024-03-03,0.88307,0.88365,0.88283,0.88341,115
2024-03-04,0.88339,0.8864,0.88052,0.8852,1435
2024-03-05,0.88522,0.88661,0.88253,0.88358,1426
2024-03-06,0.88359,0.88554,0.88041,0.88203,1428
2024-03-07,0.88202,0.88231,0.87715,0.87728,1427
2024-03-08,0.87726,0.87823,0.87294,0.8764,1315
2024-03-10,0.87497,0.8781,0.87497,0.87726,230
2024-03-11,0.87726,0.87946,0.87547,0.87737,1432
2024-03-12,0.87734,0.87945,0.87468,0.87736,1432
2024-03-13,0.87736,0.87895,0.87658,0.87842,1428
2024-03-14,0.87841,0.88489,0.87817,0.88478,1427
2024-03-15,0.88477,0.88524,0.8819,0.88336,1198
2024-03-17,0.88289,0.8838,0.8821,0.88355,227
2024-03-18,0.88355,0.88842,0.88213,0.88838,1434
2024-03-19,0.88838,0.88982,0.88668,0.88858,1426
2024-03-20,0.88858,0.89185,0.88493,0.88505,1440
2024-03-21,0.88506,0.89937,0.88389,0.89743,1433
2024-03-22,0.89741,0.90201,0.89652,0.89699,1200
2024-03-24,0.89689,0.8984,0.89669,0.8983,233
2024-03-25,0.8983,0.89983,0.89688,0.89937,1429
2024-03-26,0.89937,0.90431,0.89901,0.90354,1426
2024-03-27,0.90355,0.90712,0.90326,0.90566,1432
2024-03-28,0.90566,0.90645,0.8996,0.9016,1432
2024-03-29,0.90165,0.90275,0.9004,0.90051,1191
2024-03-31,0.90097,0.90229,0.90044,0.90216,111
2024-04-01,0.90197,0.90565,0.90049,0.90505,1431
2024-04-02,0.90505,0.90905,0.90497,0.90778,1432
2024-04-03,0.90779,0.90952,0.90264,0.90293,1427
2024-04-04,0.90293,0.90747,0.90036,0.90152,1439
2024-04-05,0.90152,0.90706,0.89974,0.90124,1259
2024-04-07,0.89975,0.90394,0.8997,0.9032,176
2024-04-08,0.90319,0.90653,0.90233,0.90502,1432
2024-04-09,0.90501,0.90559,0.90124,0.90304,1427
2024-04-10,0.90303,0.91472,0.90244,0.91317,1435
2024-04-11,0.91318,0.91463,0.9074,0.90979,1432
2024-04-12,0.9098,0.91452,0.90932,0.91359,1256
2024-04-14,0.91107,0.91405,0.91107,0.91374,180
2024-04-15,0.91373,0.91517,0.91128,0.91189,1439
2024-04-16,0.9119,0.91417,0.9111,0.91263,1436
2024-04-17,0.91263,0.91322,0.90932,0.91063,1429
2024-04-18,0.91062,0.91308,0.90808,0.91245,1433
2024-04-19,0.91246,0.91267,0.90102,0.90951,1259
2024-04-21,0.90858,0.91127,0.90858,0.9112,173
2024-04-22,0.91117,0.91236,0.90981,0.91187,1433
2024-04-23,0.91185,0.91299,0.90866,0.91175,1422
2024-04-24,0.91173,0.9153,0.91132,0.91443,1434
2024-04-25,0.91442,0.91565,0.91165,0.91266,1411
2024-04-26,0.9127,0.91498,0.90957,0.91387,1255
2024-04-28,0.91236,0.91422,0.91235,0.9137,163
2024-04-29,0.91369,0.91527,0.9088,0.91079,1432
2024-04-30,0.91077,0.91968,0.91047,0.9196,1437
2024-05-01,0.91962,0.9224,0.91454,0.91635,1437
2024-05-02,0.91636,0.91732,0.9097,0.90974,1433
2024-05-03,0.90971,0.91047,0.90054,0.90475,1259
2024-05-05,0.9039,0.90598,0.9037,0.90586,170
2024-05-06,0.90588,0.90676,0.90355,0.90673,1424
2024-05-07,0.90672,0.90934,0.90574,0.90844,1420
2024-05-08,0.90845,0.90955,0.9073,0.90787,1426
2024-05-09,0.90789,0.90984,0.90527,0.90588,1416
2024-05-10,0.90586,0.90851,0.90558,0.9064,1243
2024-05-12,0.90519,0.90647,0.90482,0.90646,166
2024-05-13,0.90648,0.90871,0.90453,0.90796,1413
2024-05-14,0.90793,0.91021,0.90545,0.90689,1412
2024-05-15,0.90689,0.90704,0.90051,0.90064,1428
2024-05-16,0.90065,0.9063,0.89876,0.90604,1430
2024-05-17,0.90602,0.9098,0.90593,0.90888,1252
2024-05-19,0.90901,0.90924,0.9081,0.90895,169
2024-05-20,0.90894,0.91085,0.90786,0.91012,1426
2024-05-21,0.91014,0.91161,0.90869,0.91127,1417
2024-05-22,0.91128,0.91579,0.91064,0.9152,1429
2024-05-23,0.91522,0.91541,0.91261,0.91442,1422
2024-05-24,0.91443,0.91578,0.91336,0.91462,1249
2024-05-26,0.91382,0.91449,0.91279,0.91446,161
2024-05-27,0.91446,0.91535,0.91311,0.91325,1378
2024-05-28,0.91326,0.91332,0.90852,0.91232,1426
2024-05-29,0.91232,0.91432,0.91126,0.9132,1428
2024-05-30,0.91322,0.91406,0.903,0.90335,1428
2024-05-31,0.90334,0.90689,0.90022,0.90193,1257
2024-06-02,0.9031,0.90311,0.90128,0.90135,177
2024-06-03,0.90135,0.90354,0.89496,0.89506,1432
2024-06-04,0.89504,0.8972,0.88841,0.89,1417
2024-06-05,0.89,0.89486,0.89,0.89263,1424
2024-06-06,0.89262,0.89304,0.88896,0.88968,1433
2024-06-07,0.88972,0.89726,0.88808,0.89593,1258
2024-06-09,0.89647,0.89764,0.89604,0.89604,176
2024-06-10,0.89605,0.89827,0.89452,0.89654,1424
2024-06-11,0.89655,0.8993,0.8959,0.89778,1399
2024-06-12,0.89778,0.8983,0.88927,0.89416,1428
2024-06-13,0.89415,0.8967,0.89313,0.89398,1432
2024-06-14,0.89399,0.89475,0.88944,0.88962,1254
2024-06-16,0.89051,0.89092,0.88941,0.89076,172
2024-06-17,0.89078,0.8932,0.88828,0.88839,1428
2024-06-18,0.88839,0.88997,0.88265,0.88417,1424
2024-06-19,0.88417,0.88542,0.88335,0.8843,1349
2024-06-20,0.88431,0.89258,0.88318,0.89149,1426
2024-06-21,0.89148,0.89442,0.89048,0.89391,1246
2024-06-23,0.8924,0.8944,0.8924,0.89437,169
2024-06-24,0.89436,0.8945,0.89214,0.89322,1423
2024-06-25,0.8932,0.89531,0.89127,0.89529,1410
2024-06-26,0.89531,0.89828,0.89462,0.89705,1433
2024-06-27,0.89704,0.89884,0.8957,0.89853,1421
2024-06-28,0.89855,0.90095,0.89791,0.89854,1260
2024-06-30,0.89763,0.90038,0.89704,0.90033,178
2024-07-01,0.90033,0.90442,0.89839,0.90324,1428
2024-07-02,0.90323,0.90494,0.90303,0.90372,1420
2024-07-03,0.90372,0.90501,0.89853,0.9008,1394
2024-07-04,0.90082,0.90392,0.89912,0.90024,1333
2024-07-05,0.90024,0.90056,0.89535,0.89557,1257
2024-07-07,0.89525,0.89575,0.89426,0.89524,175
2024-07-08,0.89525,0.89781,0.89445,0.89778,1416
2024-07-09,0.89778,0.89903,0.89684,0.89758,1418
2024-07-10,0.89757,0.90005,0.89638,0.89917,1422
2024-07-11,0.89916,0.89978,0.89147,0.89607,1425
2024-07-12,0.89609,0.89695,0.89321,0.89422,1257
2024-07-14,0.89421,0.89709,0.89364,0.89694,178
2024-07-15,0.89694,0.89719,0.89338,0.89548,1411
2024-07-16,0.89548,0.89787,0.89328,0.89346,1416
2024-07-17,0.89346,0.89447,0.88196,0.88227,1426
2024-07-18,0.88227,0.88785,0.88225,0.88745,1432
2024-07-19,0.88746,0.88995,0.88741,0.88885,1259
2024-07-21,0.88759,0.88914,0.88742,0.88802,176
2024-07-22,0.88802,0.89019,0.88707,0.88963,1425
2024-07-23,0.88963,0.89238,0.88881,0.89148,1430
2024-07-24,0.89149,0.8921,0.88283,0.88513,1431
2024-07-25,0.88513,0.88538,0.87765,0.88069,1436
2024-07-26,0.88068,0.88443,0.88021,0.88339,1257
2024-07-28,0.8828,0.88448,0.88223,0.88446,169
2024-07-29,0.88447,0.88711,0.88198,0.88613,1431
2024-07-30,0.88613,0.88752,0.88175,0.88188,1433
2024-07-31,0.88187,0.88301,0.87701,0.8782,1434
2024-08-01,0.8782,0.87824,0.87239,0.87292,1438
2024-08-02,0.8729,0.87334,0.85735,0.85779,1260
2024-08-04,0.85903,0.85943,0.85565,0.85637,156
2024-08-05,0.85635,0.85724,0.84319,0.8548,1434
2024-08-06,0.85481,0.85714,0.84993,0.85269,1437
2024-08-07,0.8527,0.86618,0.85242,0.86,1431
2024-08-08,0.86001,0.86738,0.85595,0.86696,1439
2024-08-09,0.86696,0.86716,0.8632,0.86492,1259
2024-08-11,0.86344,0.86609,0.8625,0.86499,175
2024-08-12,0.86499,0.87116,0.86444,0.8648,1439
2024-08-13,0.86481,0.86797,0.86366,0.86508,1438
2024-08-14,0.86505,0.86607,0.86162,0.86501,1436
2024-08-15,0.86503,0.87482,0.86467,0.87257,1436
2024-08-16,0.87255,0.87263,0.8654,0.8658,1256
2024-08-18,0.86518,0.86763,0.86496,0.86757,170
2024-08-19,0.86758,0.86772,0.86154,0.86254,1434
2024-08-20,0.86255,0.86259,0.85206,0.85361,1433
2024-08-21,0.85362,0.85612,0.84947,0.8511,1437
2024-08-22,0.85112,0.85336,0.8489,0.85177,1430
2024-08-23,0.85176,0.85413,0.84703,0.84763,1259
2024-08-25,0.84726,0.84814,0.84679,0.84715,165
2024-08-26,0.84716,0.84854,0.84556,0.84709,1424
2024-08-27,0.84707,0.8484,0.84088,0.84166,1436
2024-08-28,0.84166,0.84517,0.84083,0.84182,1436
2024-08-29,0.84183,0.84933,0.83999,0.84693,1436
2024-08-30,0.84692,0.85103,0.84666,0.84952,1260
2024-09-01,0.84828,0.85096,0.84775,0.85069,173
2024-09-02,0.85067,0.85371,0.84847,0.85139,1363
2024-09-03,0.8514,0.85373,0.84776,0.84987,1436
2024-09-04,0.84988,0.85184,0.84552,0.84605,1435
2024-09-05,0.84605,0.84906,0.84334,0.84379,1439
2024-09-06,0.84381,0.84754,0.83736,0.84248,1260
2024-09-08,0.84326,0.84415,0.842,0.84404,161
2024-09-09,0.84402,0.84953,0.84356,0.84947,1430
2024-09-10,0.84945,0.84985,0.84559,0.84663,1430
2024-09-11,0.84664,0.85292,0.84216,0.85268,1439
2024-09-12,0.85269,0.85493,0.84972,0.84983,1434
2024-09-13,0.84983,0.85005,0.84434,0.84796,1260
2024-09-15,0.84625,0.84857,0.84618,0.84808,174
2024-09-16,0.84807,0.84809,0.84342,0.84462,1436
2024-09-17,0.8446,0.84768,0.84294,0.84636,1432
2024-09-18,0.84633,0.84796,0.83903,0.8473,1436
2024-09-19,0.84731,0.85144,0.84488,0.84781,1428
2024-09-20,0.8478,0.85166,0.84512,0.84972,1260
2024-09-22,0.84877,0.85103,0.84877,0.85103,172
2024-09-23,0.85106,0.85177,0.84561,0.8473,1429
2024-09-24,0.84728,0.84898,0.84151,0.84152,1435
2024-09-25,0.84154,0.85073,0.84147,0.8507,1432
2024-09-26,0.8507,0.85157,0.84525,0.84629,1430
2024-09-27,0.84628,0.84929,0.84013,0.84016,1260
2024-09-29,0.84037,0.84146,0.83998,0.84138,171
2024-09-30,0.84139,0.84736,0.84058,0.84534,1429
2024-10-01,0.84534,0.8482,0.8431,0.84619,1434
2024-10-02,0.84618,0.85075,0.84485,0.84991,1435
2024-10-03,0.84989,0.85425,0.84883,0.85181,1430
2024-10-04,0.85182,0.86075,0.84998,0.85788,1259
2024-10-06,0.85708,0.85975,0.85694,0.85874,165
2024-10-07,0.85872,0.85903,0.85305,0.85452,1430
2024-10-08,0.85454,0.85839,0.853,0.85733,1427
2024-10-09,0.85735,0.861,0.85651,0.8604,1435
2024-10-10,0.86052,0.86137,0.85573,0.8566,1421
2024-10-11,0.85662,0.85843,0.85586,0.857,1259
2024-10-13,0.85626,0.85832,0.85626,0.85823,169
2024-10-14,0.85822,0.86414,0.85795,0.86234,1429
2024-10-15,0.86237,0.86366,0.86063,0.86258,1434
2024-10-16,0.86262,0.86562,0.8614,0.86544,1140
2024-10-17,0.86538,0.86695,0.86276,0.86607,1428
2024-10-18,0.86607,0.86692,0.86455,0.86467,1079
2024-10-20,0.86384,0.86515,0.86384,0.86494,172
2024-10-21,0.86495,0.86635,0.86329,0.86551,1430
2024-10-22,0.86553,0.86626,0.86415,0.86554,1416
2024-10-23,0.86553,0.86858,0.86553,0.86677,1431
2024-10-24,0.86677,0.86714,0.86503,0.86591,1422
2024-10-25,0.86589,0.86743,0.86501,0.86637,1256
2024-10-27,0.86767,0.86937,0.86731,0.86915,239
2024-10-28,0.86916,0.86997,0.8643,0.86501,1426
2024-10-29,0.86504,0.86982,0.86459,0.86729,1437
2024-10-30,0.8673,0.86933,0.86536,0.86635,1433
2024-10-31,0.86635,0.86644,0.86321,0.86346,1431
2024-11-01,0.86347,0.8711,0.86319,0.86957,1199
2024-11-03,0.86693,0.86806,0.86693,0.86765,115
2024-11-04,0.86764,0.86765,0.86146,0.86416,1434
2024-11-05,0.86414,0.86464,0.86156,0.86241,1428
2024-11-06,0.86241,0.87733,0.86192,0.87569,1436
2024-11-07,0.8757,0.87739,0.8709,0.87272,1430
2024-11-08,0.87272,0.87686,0.87006,0.87518,1320
2024-11-10,0.87457,0.87648,0.87457,0.8761,119
2024-11-11,0.87611,0.88095,0.87577,0.8803,1435
2024-11-12,0.8803,0.8836,0.88025,0.8821,1433
2024-11-13,0.88208,0.88632,0.87969,0.88566,1431
2024-11-14,0.88567,0.89173,0.88545,0.89044,1430
2024-11-15,0.89044,0.89072,0.88587,0.88695,1319
2024-11-17,0.88718,0.8887,0.8864,0.88846,97
2024-11-18,0.88846,0.88855,0.88261,0.88321,1433
2024-11-19,0.8832,0.88445,0.88008,0.88203,1426
2024-11-20,0.88206,0.88619,0.8817,0.8836,1434
2024-11-21,0.88361,0.88697,0.88205,0.88681,1438
2024-11-22,0.8868,0.89572,0.88514,0.89363,1320
2024-11-24,0.89074,0.89189,0.88967,0.89048,119
2024-11-25,0.89049,0.89168,0.88481,0.88881,1429
2024-11-26,0.88882,0.88944,0.88421,0.88609,1435
2024-11-27,0.8861,0.88616,0.87973,0.88227,1420
2024-11-28,0.88225,0.88479,0.8822,0.88238,1396
2024-11-29,0.88237,0.88274,0.87951,0.88024,1319
2024-12-01,0.8805,0.88267,0.8797,0.88211,118
2024-12-02,0.88212,0.88892,0.88197,0.88628,1438
2024-12-03,0.8863,0.88881,0.88292,0.88634,1420
2024-12-04,0.88634,0.88793,0.88262,0.88371,1433
2024-12-05,0.88373,0.88529,0.87763,0.87829,1435
2024-12-06,0.87829,0.8797,0.8734,0.87812,1320
2024-12-08,0.87826,0.87903,0.87785,0.87856,115
2024-12-09,0.87856,0.88036,0.87583,0.87856,1429
2024-12-10,0.87854,0.88322,0.87705,0.88275,1433
2024-12-11,0.88274,0.88539,0.88106,0.88321,1426
2024-12-12,0.88317,0.89276,0.88161,0.89197,1429
2024-12-13,0.89202,0.89453,0.89145,0.89201,1319
2024-12-15,0.89194,0.89313,0.8913,0.89172,116
2024-12-16,0.89172,0.89483,0.88984,0.89399,1433
2024-12-17,0.89398,0.89746,0.89144,0.89245,1436
2024-12-18,0.89248,0.90214,0.89171,0.90165,1430
2024-12-19,0.90164,0.90165,0.89516,0.89896,1436
2024-12-20,0.89895,0.89897,0.89131,0.893,1320
2024-12-22,0.8911,0.89321,0.89103,0.89303,116
2024-12-23,0.89303,0.90014,0.89272,0.89851,1429
2024-12-24,0.89852,0.90118,0.89827,0.89957,1338
2024-12-25,0.89957,0.90002,0.89787,0.89938,257
2024-12-26,0.89939,0.90097,0.89842,0.89896,1428
2024-12-27,0.89896,0.90271,0.89884,0.90186,1319
2024-12-29,0.9012,0.90189,0.90009,0.90184,119
2024-12-30,0.90184,0.90737,0.90097,0.90325,1428
2024-12-31,0.90326,0.90799,0.90228,0.90749,1309
2025-01-01,0.90517,0.90779,0.90483,0.90767,115
2025-01-02,0.90768,0.91368,0.90387,0.91202,1434
2025-01-03,0.91203,0.91244,0.90797,0.90822,1318
2025-01-05,0.9086,0.90938,0.90822,0.90932,110
2025-01-06,0.90934,0.91046,0.90079,0.90491,1434
2025-01-07,0.9049,0.90971,0.90224,0.90952,1436
2025-01-08,0.9095,0.9128,0.90869,0.91097,1438
2025-01-09,0.91096,0.91307,0.90978,0.91204,1434
2025-01-10,0.91204,0.91883,0.91142,0.91603,1319
2025-01-12,0.91525,0.91693,0.91519,0.9169,114
2025-01-13,0.9169,0.92011,0.91506,0.91587,1433
2025-01-14,0.91587,0.91734,0.91192,0.91246,1430
2025-01-15,0.91247,0.91459,0.90773,0.9121,1434
2025-01-16,0.9121,0.91361,0.90989,0.91114,1430
2025-01-17,0.91113,0.91532,0.90958,0.91443,1320
2025-01-19,0.91217,0.91517,0.91217,0.91447,116
2025-01-20,0.91449,0.91467,0.90551,0.90605,1428
2025-01-21,0.90604,0.91143,0.9048,0.90666,1436
2025-01-22,0.90666,0.90748,0.90322,0.90633,1435
2025-01-23,0.90637,0.9108,0.90562,0.90745,1436
2025-01-24,0.90745,0.9076,0.9027,0.90483,1320
2025-01-26,0.90503,0.90695,0.90503,0.90683,117
2025-01-27,0.90681,0.90727,0.89649,0.90444,1435
2025-01-28,0.90443,0.90705,0.90361,0.9042,1437
2025-01-29,0.90419,0.90949,0.90312,0.90631,1437
2025-01-30,0.9063,0.91033,0.90586,0.90958,1439
2025-01-31,0.90958,0.91153,0.9071,0.91008,1320
2025-02-02,0.91523,0.91595,0.91357,0.91509,119
2025-02-03,0.91508,0.91964,0.90917,0.91153,1433
2025-02-04,0.91154,0.9131,0.90451,0.90542,1433
2025-02-05,0.90541,0.90591,0.90013,0.9014,1433
2025-02-06,0.9014,0.90618,0.90076,0.90512,1430
2025-02-07,0.90512,0.91058,0.90449,0.90923,1320
2025-02-09,0.91017,0.91104,0.91003,0.91092,110
2025-02-10,0.91093,0.9122,0.90936,0.91138,1437
2025-02-11,0.91137,0.91403,0.911,0.91307,1432
2025-02-12,0.91308,0.91555,0.91023,0.91342,1434
2025-02-13,0.91342,0.914,0.90242,0.90321,1435
2025-02-14,0.90323,0.90487,0.89718,0.89949,1320
2025-02-16,0.89757,0.90011,0.89744,0.89988,120
2025-02-17,0.89986,0.90177,0.89913,0.90073,1428
2025-02-18,0.90071,0.90408,0.89951,0.90362,1433
2025-02-19,0.90362,0.90544,0.90232,0.90459,1434
2025-02-20,0.90458,0.90459,0.89754,0.89816,1434
2025-02-21,0.89815,0.90046,0.89675,0.89755,1320
2025-02-23,0.8969,0.89849,0.89654,0.89846,120
2025-02-24,0.89846,0.89978,0.89533,0.89733,1437
2025-02-25,0.8973,0.89775,0.89118,0.89238,1434
2025-02-26,0.89236,0.89645,0.89159,0.89446,1433
2025-02-27,0.89447,0.90051,0.89443,0.90006,1429
2025-02-28,0.90006,0.90357,0.89822,0.90243,1319
2025-03-02,0.9021,0.90297,0.9021,0.90262,113
2025-03-03,0.90263,0.90308,0.896,0.8968,1433
2025-03-04,0.89681,0.89713,0.88713,0.8899,1432
2025-03-05,0.8899,0.89142,0.88556,0.8907,1434
2025-03-06,0.89071,0.89254,0.88251,0.88333,1433
2025-03-07,0.88335,0.88339,0.87666,0.87923,1314
2025-03-09,0.87821,0.88034,0.87649,0.87685,234
2025-03-10,0.87684,0.88213,0.87578,0.87813,1432
2025-03-11,0.87812,0.8836,0.87725,0.88354,1435
2025-03-12,0.88353,0.88519,0.87992,0.88115,1420
2025-03-13,0.88117,0.88544,0.88031,0.88321,1427
2025-03-14,0.88322,0.88637,0.88293,0.88466,1200
2025-03-16,0.88447,0.88524,0.88333,0.88447,232
2025-03-17,0.88448,0.88474,0.87957,0.88128,1427
2025-03-18,0.88129,0.88182,0.87587,0.87745,1429
2025-03-19,0.87743,0.8809,0.876,0.87632,1437
2025-03-20,0.87633,0.88425,0.87554,0.882,1429
2025-03-21,0.882,0.88398,0.87962,0.8825,1197
2025-03-23,0.88271,0.88345,0.88241,0.88304,237
2025-03-24,0.88305,0.88456,0.87992,0.88298,1423
2025-03-25,0.88299,0.88483,0.87999,0.88315,1413
2025-03-26,0.88314,0.88502,0.88218,0.88345,1434
2025-03-27,0.88344,0.88472,0.88028,0.88208,1428
2025-03-28,0.88209,0.88347,0.87993,0.87993,1199
2025-03-30,0.87789,0.88126,0.87789,0.88057,115
2025-03-31,0.88087,0.88549,0.87807,0.88387,1433
2025-04-01,0.88389,0.88434,0.88118,0.8837,1422
2025-04-02,0.88368,0.88482,0.87633,0.87685,1426
2025-04-03,0.87686,0.87903,0.85466,0.85913,1434
2025-04-04,0.85915,0.86255,0.84764,0.85984,1258
2025-04-06,0.85521,0.85586,0.84957,0.85163,174
2025-04-07,0.85162,0.86735,0.84501,0.85975,1424
2025-04-08,0.85974,0.86012,0.84487,0.84599,1434
2025-04-09,0.846,0.85829,0.83589,0.85554,1433
2025-04-10,0.85552,0.85745,0.8204,0.82085,1432
2025-04-11,0.82087,0.82573,0.80989,0.81431,1260
2025-04-13,0.81778,0.81934,0.81687,0.81812,169
2025-04-14,0.8181,0.82678,0.81191,0.8163,1430
2025-04-15,0.81631,0.8239,0.81318,0.82055,1428
2025-04-16,0.82053,0.82073,0.81206,0.81385,1432
2025-04-17,0.81384,0.8231,0.81365,0.81863,1421
2025-04-18,0.81861,0.82046,0.81548,0.81564,1259
2025-04-20,0.81597,0.81787,0.81196,0.81244,171
2025-04-21,0.81245,0.81251,0.80391,0.80908,1436
2025-04-22,0.80908,0.82869,0.80666,0.82611,1432
2025-04-23,0.8261,0.83111,0.8197,0.82964,1433
2025-04-24,0.82963,0.83017,0.8239,0.82852,1435
2025-04-25,0.82853,0.83342,0.82664,0.82713,1260
2025-04-27,0.82794,0.82925,0.82594,0.8285,166
2025-04-28,0.82853,0.83186,0.81953,0.82128,1437
2025-04-29,0.82127,0.82639,0.8208,0.82323,1433
2025-04-30,0.82321,0.82726,0.82135,0.82606,1418
2025-05-01,0.82605,0.83329,0.82535,0.829,1433
2025-05-02,0.829,0.8318,0.82053,0.82645,1260
2025-05-04,0.82414,0.82644,0.82377,0.8242,153
2025-05-05,0.82419,0.82748,0.82084,0.82214,1430
2025-05-06,0.82212,0.82657,0.82084,0.82591,1434
2025-05-07,0.82592,0.82717,0.81852,0.8241,1432
2025-05-08,0.82409,0.8332,0.82233,0.83164,1431
2025-05-09,0.83164,0.83407,0.8269,0.83093,1260
2025-05-11,0.83442,0.83479,0.83333,0.83394,169
2025-05-12,0.83394,0.8476,0.83304,0.84481,1433
2025-05-13,0.84482,0.84494,0.83858,0.83946,1439
2025-05-14,0.83944,0.84355,0.83241,0.8413,1434
2025-05-15,0.84128,0.84178,0.83459,0.83484,1434
2025-05-16,0.83485,0.84006,0.83264,0.8375,1260
2025-05-18,0.83499,0.83622,0.83418,0.83527,162
2025-05-19,0.83528,0.83654,0.83183,0.83502,1433
2025-05-20,0.83502,0.83624,0.82587,0.8267,1432
2025-05-21,0.8267,0.82684,0.82092,0.82484,1436
2025-05-22,0.82484,0.83062,0.82333,0.82833,1432
2025-05-23,0.8283,0.82886,0.82041,0.82052,1260
2025-05-25,0.82012,0.82271,0.82005,0.82232,177
2025-05-26,0.82232,0.82327,0.8192,0.82036,1429
2025-05-27,0.82034,0.82795,0.81874,0.82715,1434
2025-05-28,0.82715,0.83473,0.82447,0.83262,1437
2025-05-29,0.83264,0.83471,0.82087,0.82201,1436
2025-05-30,0.82199,0.82489,0.81987,0.82176,1260
2025-06-01,0.82241,0.82365,0.82131,0.82222,171
2025-06-02,0.82222,0.823,0.81565,0.81592,1436
2025-06-03,0.81593,0.8247,0.8158,0.82294,1434
2025-06-04,0.82294,0.82497,0.81664,0.81813,1435
2025-06-05,0.81814,0.82146,0.81715,0.81928,1433
2025-06-06,0.81929,0.82478,0.8192,0.82199,1260
2025-06-08,0.82126,0.8222,0.82082,0.82133,176
2025-06-09,0.82133,0.82256,0.81921,0.82129,1438
2025-06-10,0.82131,0.82415,0.82035,0.82203,1437
2025-06-11,0.82202,0.82344,0.81826,0.81844,1436
2025-06-12,0.81845,0.81881,0.80763,0.80764,1435
2025-06-13,0.80765,0.81482,0.80555,0.81118,1260
2025-06-15,0.81103,0.81233,0.81066,0.81185,167
2025-06-16,0.81184,0.81467,0.80885,0.81353,1436
2025-06-17,0.81353,0.81724,0.812,0.81686,1431
2025-06-18,0.81689,0.81989,0.81533,0.81913,1434
2025-06-19,0.81913,0.8215,0.81552,0.81639,1431
2025-06-20,0.81637,0.81836,0.81518,0.81767,1260
2025-06-22,0.8166,0.8186,0.81643,0.81776,174
2025-06-23,0.81774,0.81946,0.81101,0.81267,1426
2025-06-24,0.81268,0.81309,0.80343,0.80516,1425
2025-06-25,0.80517,0.80799,0.80365,0.80377,1435
2025-06-26,0.80376,0.80434,0.79778,0.80079,1436
2025-06-27,0.80077,0.80178,0.79573,0.79873,1260
2025-06-29,0.79851,0.79915,0.79811,0.79827,168
2025-06-30,0.79826,0.79943,0.79271,0.79279,1438
2025-07-01,0.79279,0.79433,0.78718,0.79066,1433
2025-07-02,0.79066,0.79411,0.79031,0.79168,1434
2025-07-03,0.7917,0.79864,0.79004,0.79426,1433
2025-07-04,0.79426,0.79522,0.79215,0.7931,1260
2025-07-06,0.79362,0.79477,0.79307,0.79413,177
2025-07-07,0.79412,0.79905,0.7935,0.79716,1435
2025-07-08,0.79716,0.79943,0.79529,0.79594,1431
2025-07-09,0.79591,0.79787,0.79249,0.79262,1431
2025-07-10,0.79261,0.79872,0.79191,0.79669,1434
2025-07-11,0.7967,0.79814,0.79534,0.79597,1260
2025-07-13,0.79714,0.7977,0.79609,0.79674,177
2025-07-14,0.79677,0.79845,0.79548,0.79806,1430
2025-07-15,0.79807,0.80242,0.79532,0.80143,1436
2025-07-16,0.80143,0.80613,0.79464,0.80093,1434
2025-07-17,0.80095,0.80641,0.80084,0.80291,1433
2025-07-18,0.80289,0.80363,0.79846,0.80087,1259
2025-07-20,0.79972,0.8017,0.79921,0.80122,178
2025-07-21,0.80122,0.80221,0.7965,0.7981,1430
2025-07-22,0.79809,0.79915,0.79162,0.79373,1436
2025-07-23,0.79373,0.79492,0.79106,0.79218,1433
2025-07-24,0.79219,0.79603,0.7915,0.79487,1436
2025-07-25,0.79487,0.79793,0.79449,0.79449,1260
2025-07-27,0.79626,0.79626,0.79474,0.79542,177
2025-07-28,0.7954,0.80378,0.79441,0.80324,1434
2025-07-29,0.80322,0.8079,0.80247,0.80544,1432
2025-07-30,0.80545,0.81506,0.80378,0.81329,1437
2025-07-31,0.81327,0.81445,0.81115,0.81397,1436
2025-08-01,0.81396,0.8171,0.80261,0.80382,1260
2025-08-03,0.80304,0.80458,0.80255,0.80396,177
2025-08-04,0.80396,0.80965,0.80382,0.80709,1436
2025-08-05,0.80708,0.81177,0.80625,0.80696,1439
2025-08-06,0.80694,0.80936,0.80485,0.80602,1436
2025-08-07,0.80601,0.80893,0.80428,0.80562,1435
2025-08-08,0.80562,0.80885,0.80549,0.80772,1257
2025-08-10,0.80681,0.8081,0.8066,0.80749,173
2025-08-11,0.80749,0.81317,0.80607,0.81205,1430
2025-08-12,0.81209,0.81226,0.80597,0.80616,1427
2025-08-13,0.80616,0.80712,0.80217,0.80475,1435
2025-08-14,0.80475,0.80923,0.80441,0.80755,1425
2025-08-15,0.80756,0.80792,0.80453,0.80635,1256
2025-08-17,0.80516,0.80686,0.80379,0.8065,174
2025-08-18,0.8065,0.80806,0.80544,0.80739,1430
2025-08-19,0.80737,0.80851,0.8047,0.80783,1435
2025-08-20,0.80782,0.80925,0.80308,0.80409,1435
2025-08-21,0.8041,0.80903,0.804,0.80869,1433
2025-08-22,0.80869,0.81038,0.8,0.80092,1260
2025-08-24,0.8006,0.80261,0.79988,0.80238,176
2025-08-25,0.80241,0.80709,0.80161,0.8062,1433
2025-08-26,0.8062,0.8072,0.80254,0.80378,1432
2025-08-27,0.8038,0.80762,0.80146,0.80152,1438
2025-08-28,0.80151,0.80303,0.79938,0.80174,1426
2025-08-29,0.80175,0.80351,0.79853,0.79957,1258
2025-08-31,0.79839,0.80111,0.79789,0.80064,174
2025-09-01,0.80063,0.80169,0.79858,0.8002,1424
2025-09-02,0.8002,0.80605,0.80012,0.8053,1431
2025-09-03,0.8053,0.80677,0.80216,0.80379,1435
2025-09-04,0.80378,0.80717,0.80342,0.80513,1434
2025-09-05,0.80512,0.80546,0.79557,0.79748,1255
2025-09-07,0.79807,0.79952,0.79684,0.79921,172
2025-09-08,0.7992,0.79936,0.79248,0.7928,1434
2025-09-09,0.7928,0.7979,0.79151,0.79744,1433
2025-09-10,0.79744,0.79944,0.7961,0.79869,1431
2025-09-11,0.79871,0.80072,0.79404,0.79596,1427
2025-09-12,0.79602,0.79863,0.79549,0.79587,1259
2025-09-14,0.79586,0.79676,0.79545,0.79671,175
2025-09-15,0.79671,0.79727,0.79361,0.79469,1414
2025-09-16,0.79469,0.79478,0.7854,0.78594,1436
2025-09-17,0.78593,0.78934,0.78288,0.78836,1437
2025-09-18,0.78834,0.79375,0.78713,0.79252,1432
2025-09-19,0.79251,0.79659,0.792,0.79517,1259
2025-09-21,0.79267,0.79626,0.79267,0.79622,172
2025-09-22,0.79622,0.79727,0.79192,0.79239,1432
2025-09-23,0.79239,0.79332,0.79059,0.79139,1428
2025-09-24,0.79138,0.79571,0.79125,0.79481,1430
2025-09-25,0.79483,0.80137,0.79425,0.80007,1432
2025-09-26,0.80008,0.80067,0.79727,0.7975,1260
2025-09-28,0.79641,0.79796,0.79626,0.79747,172
2025-09-29,0.79747,0.79872,0.79516,0.7974,1433
2025-09-30,0.79739,0.79856,0.79387,0.7964,1431
2025-10-01,0.79642,0.79898,0.79281,0.79692,1432
2025-10-02,0.79692,0.8,0.79509,0.79703,1434
2025-10-03,0.79702,0.79798,0.79467,0.79527,1259
2025-10-05,0.79597,0.79773,0.79579,0.79721,175
2025-10-06,0.79721,0.79935,0.7944,0.79495,1429
2025-10-07,0.79495,0.79913,0.79488,0.79863,1434
2025-10-08,0.79862,0.80287,0.79853,0.80153,1434
2025-10-09,0.80154,0.80758,0.80024,0.80625,1430
2025-10-10,0.80626,0.80667,0.79855,0.7997,1259
2025-10-12,0.79934,0.80384,0.79866,0.80229,176
2025-10-13,0.8023,0.80576,0.79998,0.80429,1433
2025-10-14,0.80432,0.80498,0.79946,0.80145,1431
2025-10-15,0.80149,0.80156,0.79563,0.79654,1436
2025-10-16,0.79657,0.79846,0.79169,0.79192,1432
2025-10-17,0.79192,0.79368,0.78727,0.79295,1260
2025-10-19,0.79221,0.79413,0.79092,0.79361,177
2025-10-20,0.79361,0.7943,0.79059,0.79243,1430
2025-10-21,0.79243,0.79688,0.79139,0.79678,1432
2025-10-22,0.79677,0.79735,0.79482,0.79613,1431
2025-10-23,0.79614,0.79865,0.79483,0.79509,1428
2025-10-24,0.7951,0.7968,0.79337,0.795,1258
2025-10-26,0.79593,0.79668,0.79523,0.79535,237
2025-10-27,0.79534,0.79726,0.79385,0.79417,1430
2025-10-28,0.79418,0.79668,0.79247,0.79293,1430
2025-10-29,0.79295,0.802,0.79281,0.79969,1436
2025-10-30,0.79971,0.80367,0.79753,0.80114,1436
2025-10-31,0.80114,0.80515,0.80087,0.80435,1200
2025-11-02,0.80135,0.80509,0.80135,0.80488,112
2025-11-03,0.80488,0.80914,0.80381,0.80815,1422
2025-11-04,0.80816,0.8108,0.80669,0.81032,1434
2025-11-05,0.81031,0.8124,0.80791,0.80983,1436
2025-11-06,0.80983,0.81007,0.80591,0.80612,1430
2025-11-07,0.80611,0.80841,0.80317,0.8045,1319
2025-11-09,0.80347,0.8072,0.80347,0.80708,116
2025-11-10,0.80708,0.80709,0.80414,0.80516,1428
2025-11-11,0.80517,0.80612,0.79858,0.80034,1429
2025-11-12,0.80033,0.80111,0.79671,0.79781,1427
2025-11-13,0.79781,0.79938,0.79081,0.79324,1433
2025-11-14,0.79324,0.79478,0.78778,0.79387,1313
2025-11-16,0.79443,0.79483,0.79276,0.79428,117
2025-11-17,0.79427,0.79655,0.79316,0.79625,1430
2025-11-18,0.79624,0.80032,0.79374,0.80019,1436
2025-11-19,0.80017,0.80667,0.79853,0.80539,1435
2025-11-20,0.80539,0.80773,0.80485,0.80553,1433
2025-11-21,0.80552,0.80984,0.80353,0.80831,1320
2025-11-23,0.80682,0.80894,0.80682,0.80866,120
2025-11-24,0.80866,0.81015,0.80603,0.80851,1431
2025-11-25,0.80851,0.81016,0.80574,0.80791,1432
2025-11-26,0.8079,0.80832,0.8034,0.80342,1436
2025-11-27,0.80342,0.80621,0.80261,0.80456,1407
2025-11-28,0.80453,0.8071,0.80261,0.8034,1316
2025-11-30,0.80403,0.80413,0.80315,0.80335,117
2025-12-01,0.80334,0.80485,0.79961,0.80476,1425
2025-12-02,0.80476,0.80528,0.80238,0.80277,1431
2025-12-03,0.80278,0.80284,0.79905,0.79976,1425
2025-12-04,0.79974,0.80393,0.79952,0.80373,1431
2025-12-05,0.80373,0.80548,0.80187,0.80456,1317
2025-12-07,0.80337,0.80501,0.80282,0.80477,119
2025-12-08,0.80479,0.80853,0.80279,0.80664,1431
2025-12-09,0.80664,0.80822,0.80496,0.80601,1430
2025-12-10,0.806,0.80644,0.79913,0.79929,1433
2025-12-11,0.79929,0.8001,0.79239,0.79462,1435
2025-12-12,0.79461,0.79645,0.79416,0.79534,1313
2025-12-14,0.79473,0.79616,0.79473,0.79615,116
2025-12-15,0.79614,0.79735,0.79381,0.7962,1424
2025-12-16,0.7962,0.79708,0.79258,0.79524,1427
2025-12-17,0.79526,0.79873,0.7935,0.7952,1430
2025-12-18,0.79519,0.79657,0.79275,0.79407,1426
2025-12-19,0.79409,0.79621,0.79401,0.79486,1320
2025-12-21,0.79391,0.79584,0.79331,0.7954,118
2025-12-22,0.79539,0.79549,0.79112,0.7915,1431
2025-12-23,0.7915,0.79153,0.78663,0.7875,1439
2025-12-24,0.78754,0.78965,0.78612,0.78738,1354
2025-12-25,0.78738,0.78832,0.7861,0.78811,437
2025-12-26,0.78811,0.7903,0.78759,0.78931,1318
2025-12-28,0.78817,0.78951,0.78783,0.78921,116
2025-12-29,0.78917,0.79157,0.78731,0.78881,1434
2025-12-30,0.78881,0.79237,0.78758,0.79187,1422
2025-12-31,0.79184,0.7942,0.79157,0.79239,1310
