Date,open,high,low,close,n_bars
2010-01-03,1.0518,1.0518,1.0458,1.047,86
2010-01-04,1.0471,1.0516,1.035,1.0409,1274
2010-01-05,1.0409,1.041,1.0335,1.0394,1320
2010-01-06,1.0394,1.0408,1.0311,1.0319,1252
2010-01-07,1.0318,1.0373,1.029,1.0341,1278
2010-01-08,1.034,1.0382,1.0294,1.0295,1153
2010-01-10,1.0278,1.0309,1.0264,1.0278,86
2010-01-11,1.028,1.0343,1.0251,1.0338,1275
2010-01-12,1.0339,1.0413,1.0312,1.0392,1294
2010-01-13,1.0392,1.0411,1.0289,1.0308,1300
2010-01-14,1.0309,1.0321,1.0223,1.0236,1258
2010-01-15,1.0236,1.0312,1.0235,1.0288,1200
2010-01-17,1.03,1.0302,1.0286,1.0293,52
2010-01-18,1.0293,1.0313,1.0246,1.0249,1111
2010-01-19,1.025,1.0347,1.0246,1.0316,1229
2010-01-20,1.0316,1.0488,1.0311,1.045,1329
2010-01-21,1.0451,1.0524,1.0437,1.0504,1339
2010-01-22,1.0504,1.0602,1.0463,1.0574,1245
2010-01-24,1.0579,1.058,1.0553,1.0564,77
2010-01-25,1.0565,1.0612,1.0531,1.0569,1270
2010-01-26,1.057,1.0691,1.0545,1.062,1324
2010-01-27,1.062,1.0686,1.0608,1.0636,1351
2010-01-28,1.0637,1.0678,1.0555,1.066,1356
2010-01-29,1.0659,1.0704,1.0622,1.0701,1247
2010-01-31,1.0705,1.0706,1.0679,1.0679,77
2010-02-01,1.068,1.072,1.0605,1.0619,1292
2010-02-02,1.0619,1.0639,1.0564,1.0572,1292
2010-02-03,1.0572,1.0635,1.0544,1.0617,1276
2010-02-04,1.0618,1.0752,1.0596,1.072,1273
2010-02-05,1.072,1.0779,1.0643,1.0713,1255
2010-02-07,1.0683,1.0716,1.0678,1.0713,88
2010-02-08,1.0714,1.0773,1.0655,1.0747,1346
2010-02-09,1.0747,1.0755,1.0644,1.0673,1345
2010-02-10,1.0674,1.0707,1.0596,1.0619,1322
2010-02-11,1.0618,1.0618,1.0478,1.0501,1338
2010-02-12,1.0501,1.0578,1.0488,1.05,1232
2010-02-14,1.0507,1.0518,1.0505,1.0507,54
2010-02-15,1.0508,1.0531,1.0461,1.0493,1085
2010-02-16,1.0494,1.0497,1.0408,1.0435,1216
2010-02-17,1.0435,1.047,1.041,1.0459,1259
2010-02-18,1.0459,1.0516,1.0395,1.0498,1329
2010-02-19,1.0498,1.0528,1.0387,1.0388,1275
2010-02-21,1.0382,1.0397,1.0382,1.0387,75
2010-02-22,1.0388,1.0439,1.0369,1.0419,1256
2010-02-23,1.0419,1.0578,1.038,1.0547,1252
2010-02-24,1.0546,1.0592,1.0508,1.0526,1275
2010-02-25,1.0525,1.0679,1.0512,1.0611,1341
2010-02-26,1.0613,1.0617,1.0509,1.0514,1245
2010-02-28,1.0544,1.0544,1.0504,1.051,93
2010-03-01,1.0511,1.0572,1.0407,1.0417,1298
2010-03-02,1.0417,1.0441,1.0307,1.0348,1286
2010-03-03,1.0349,1.036,1.0272,1.0319,1286
2010-03-04,1.032,1.0338,1.0269,1.0311,1254
2010-03-05,1.031,1.033,1.026,1.0292,1134
2010-03-07,1.0273,1.0281,1.0265,1.0265,91
2010-03-08,1.0265,1.0293,1.0249,1.0277,1260
2010-03-09,1.0276,1.0318,1.0234,1.0266,1272
2010-03-10,1.0267,1.0291,1.0215,1.0254,1213
2010-03-11,1.0253,1.0321,1.0227,1.0235,1214
2010-03-12,1.0236,1.0247,1.0153,1.019,1163
2010-03-14,1.0173,1.0178,1.0163,1.0164,97
2010-03-15,1.0165,1.0231,1.0164,1.0189,1227
2010-03-16,1.0189,1.0202,1.0131,1.0132,1225
2010-03-17,1.0133,1.0141,1.007,1.0102,1196
2010-03-18,1.0102,1.015,1.0088,1.0134,1239
2010-03-19,1.0134,1.0187,1.006,1.017,1142
2010-03-21,1.0154,1.0169,1.015,1.0166,121
2010-03-22,1.0166,1.0242,1.0145,1.0166,1204
2010-03-23,1.0167,1.0227,1.015,1.0162,1236
2010-03-24,1.0162,1.0281,1.0156,1.0234,1235
2010-03-25,1.0233,1.0248,1.0168,1.0233,1261
2010-03-26,1.0232,1.0301,1.0203,1.0264,1133
2010-03-28,1.0252,1.027,1.0248,1.0259,109
2010-03-29,1.026,1.0269,1.0175,1.0211,1258
2010-03-30,1.0212,1.0221,1.0156,1.0175,1198
2010-03-31,1.0174,1.0197,1.0126,1.0137,1322
2010-04-01,1.0137,1.0145,1.0066,1.0093,1249
2010-04-02,1.0094,1.0128,1.0084,1.0107,688
2010-04-04,1.0082,1.0088,1.007,1.0085,108
2010-04-05,1.0084,1.0084,1.0008,1.0017,998
2010-04-06,1.0018,1.0045,0.9987,1.0016,1263
2010-04-07,1.0016,1.0061,0.9976,1.0053,1226
2010-04-08,1.0054,1.0104,1.0006,1.0007,1199
2010-04-09,1.0006,1.0082,0.999,1.0025,1106
2010-04-11,1.002,1.0053,1.0009,1.0033,154
2010-04-12,1.0032,1.0087,1.001,1.0028,1228
2010-04-13,1.0029,1.0064,1.0003,1.0013,1238
2010-04-14,1.0013,1.0015,0.995,0.998,1254
2010-04-15,0.9979,1.0035,0.9962,1.002,1246
2010-04-16,1.002,1.0163,1.0002,1.0126,1191
2010-04-18,1.0144,1.0157,1.0141,1.015,137
2010-04-19,1.0149,1.0215,1.0134,1.0146,1306
2010-04-20,1.0146,1.0162,0.9969,0.9981,1306
2010-04-21,0.9982,1.0013,0.9929,0.999,1325
2010-04-22,0.999,1.0038,0.996,1.0026,1324
2010-04-23,1.0027,1.0064,0.9967,0.9988,1162
2010-04-25,0.9995,0.9999,0.9985,0.9996,109
2010-04-26,0.9996,1.0022,0.9969,1.0002,1240
2010-04-27,1.0002,1.018,1.0,1.0148,1268
2010-04-28,1.0149,1.0196,1.0073,1.0106,1327
2010-04-29,1.0105,1.0111,1.0012,1.0044,1237
2010-04-30,1.0043,1.0177,1.0015,1.0176,1168
2010-05-02,1.0172,1.0172,1.0156,1.0159,109
2010-05-03,1.0158,1.0184,1.0099,1.0115,1218
2010-05-04,1.0114,1.0256,1.0106,1.0239,1253
2010-05-05,1.0239,1.0353,1.023,1.0308,1335
2010-05-06,1.0308,1.0738,1.028,1.0484,1375
2010-05-07,1.0485,1.057,1.0336,1.0438,1255
2010-05-09,1.0341,1.039,1.0307,1.0369,171
2010-05-10,1.0371,1.0374,1.0209,1.0245,1384
2010-05-11,1.0246,1.0287,1.0148,1.0204,1383
2010-05-12,1.0205,1.0245,1.0152,1.018,1315
2010-05-13,1.0181,1.0226,1.0109,1.0212,1328
2010-05-14,1.0212,1.0377,1.021,1.0354,1156
2010-05-16,1.0333,1.0365,1.033,1.0353,115
2010-05-17,1.0352,1.0436,1.0307,1.033,1362
2010-05-18,1.0329,1.0424,1.0245,1.0424,1359
2010-05-19,1.0425,1.0537,1.0384,1.0447,1385
2010-05-20,1.0446,1.0745,1.0429,1.0693,1410
2010-05-21,1.0694,1.0749,1.055,1.0592,1256
2010-05-23,1.0603,1.0639,1.0602,1.0627,146
2010-05-24,1.0628,1.0659,1.0532,1.0636,1409
2010-05-25,1.0636,1.0852,1.0629,1.0682,1412
2010-05-26,1.0683,1.0743,1.0579,1.0688,1399
2010-05-27,1.0687,1.0704,1.0479,1.0492,1420
2010-05-28,1.0493,1.0558,1.0442,1.0544,1232
2010-05-30,1.0521,1.055,1.0513,1.0543,117
2010-05-31,1.0543,1.0544,1.0412,1.0425,1252
2010-06-01,1.0424,1.0561,1.042,1.0537,1385
2010-06-02,1.0537,1.0571,1.0371,1.0389,1385
2010-06-03,1.0389,1.0462,1.0333,1.0401,1337
2010-06-04,1.04,1.0626,1.0365,1.0626,1215
2010-06-06,1.0624,1.0642,1.0595,1.0637,142
2010-06-07,1.0635,1.0677,1.0514,1.0592,1400
2010-06-08,1.0593,1.0594,1.0468,1.0485,1374
2010-06-09,1.0484,1.0514,1.0363,1.0431,1380
2010-06-10,1.0431,1.0447,1.0286,1.0299,1361
2010-06-11,1.0299,1.0388,1.0297,1.0317,1239
2010-06-13,1.0317,1.0347,1.0295,1.0295,129
2010-06-14,1.0295,1.0349,1.0223,1.0331,1359
2010-06-15,1.0331,1.036,1.024,1.0259,1349
2010-06-16,1.0258,1.0323,1.0223,1.0257,1264
2010-06-17,1.0257,1.0337,1.0223,1.0286,1332
2010-06-18,1.0286,1.0311,1.0206,1.0215,1210
2010-06-20,1.0182,1.0207,1.017,1.0173,162
2010-06-21,1.0171,1.026,1.0137,1.0231,1338
2010-06-22,1.0231,1.0295,1.018,1.0283,1331
2010-06-23,1.0283,1.0458,1.0281,1.0395,1302
2010-06-24,1.0394,1.0466,1.0371,1.0423,1257
2010-06-25,1.0422,1.0438,1.0337,1.0348,1192
2010-06-27,1.0338,1.0366,1.0338,1.0351,102
2010-06-28,1.0353,1.0368,1.0317,1.0348,1208
2010-06-29,1.0347,1.0573,1.0339,1.0541,1313
2010-06-30,1.054,1.0645,1.0463,1.0628,1322
2010-07-01,1.0629,1.067,1.0574,1.0585,1322
2010-07-02,1.0586,1.0665,1.0553,1.062,1195
2010-07-04,1.0614,1.0642,1.0614,1.0637,89
2010-07-05,1.0638,1.0673,1.0573,1.0655,1106
2010-07-06,1.0656,1.0673,1.0481,1.0525,1291
2010-07-07,1.0524,1.0602,1.046,1.0476,1304
2010-07-08,1.0475,1.0477,1.0376,1.0431,1253
2010-07-09,1.043,1.0451,1.0292,1.0334,1097
2010-07-11,1.0318,1.033,1.0314,1.0319,112
2010-07-12,1.032,1.0382,1.0297,1.0345,1215
2010-07-13,1.0344,1.0382,1.0273,1.0305,1207
2010-07-14,1.0306,1.0367,1.0282,1.0329,1222
2010-07-15,1.0328,1.0439,1.028,1.0384,1303
2010-07-16,1.0385,1.058,1.0378,1.0578,1173
2010-07-18,1.056,1.0575,1.0546,1.0574,129
2010-07-19,1.0573,1.0577,1.0495,1.054,1253
2010-07-20,1.0541,1.0583,1.0419,1.0423,1290
2010-07-21,1.0424,1.0498,1.0348,1.0468,1271
2010-07-22,1.0469,1.05,1.0352,1.0361,1285
2010-07-23,1.036,1.0434,1.0342,1.0353,1152
2010-07-25,1.0378,1.0383,1.0363,1.0366,87
2010-07-26,1.0365,1.0374,1.0299,1.0319,1238
2010-07-27,1.0318,1.0391,1.0252,1.0352,1215
2010-07-28,1.0353,1.0387,1.0295,1.0371,1293
2010-07-29,1.0372,1.0388,1.0299,1.0353,1258
2010-07-30,1.0354,1.0372,1.0261,1.0292,1152
2010-08-01,1.0283,1.0298,1.0279,1.0287,99
2010-08-02,1.0286,1.0286,1.02,1.0223,1210
2010-08-03,1.0224,1.027,1.0216,1.0233,1234
2010-08-04,1.0234,1.0268,1.0159,1.0178,1229
2010-08-05,1.0177,1.0178,1.0104,1.0169,1158
2010-08-06,1.017,1.0302,1.0143,1.0271,1024
2010-08-08,1.0266,1.0284,1.0262,1.0281,83
2010-08-09,1.028,1.0296,1.0252,1.0274,1102
2010-08-10,1.0273,1.0385,1.0273,1.0305,1208
2010-08-11,1.0306,1.0477,1.0301,1.0466,1264
2010-08-12,1.0467,1.049,1.0415,1.042,1281
2010-08-13,1.0421,1.0435,1.0346,1.0415,1139
2010-08-15,1.0409,1.0415,1.0404,1.0414,59
2010-08-16,1.0415,1.0461,1.0367,1.0426,1223
2010-08-17,1.0427,1.0433,1.0305,1.0322,1250
2010-08-18,1.0323,1.0338,1.0263,1.0291,1181
2010-08-19,1.029,1.0412,1.0244,1.0392,1237
2010-08-20,1.0393,1.0511,1.0378,1.047,1117
2010-08-22,1.049,1.0497,1.0482,1.049,92
2010-08-23,1.0491,1.0541,1.0441,1.0536,1212
2010-08-24,1.0537,1.0661,1.0532,1.0597,1309
2010-08-25,1.0596,1.0664,1.057,1.059,1250
2010-08-26,1.0589,1.0598,1.0517,1.0578,1234
2010-08-27,1.0579,1.0645,1.0502,1.0503,1105
2010-08-29,1.0491,1.0507,1.0475,1.049,113
2010-08-30,1.0491,1.0601,1.0468,1.0596,1232
2010-08-31,1.0597,1.0669,1.0571,1.0644,1239
2010-09-01,1.0643,1.0648,1.048,1.051,1267
2010-09-02,1.0511,1.0552,1.0468,1.0535,1173
2010-09-03,1.0534,1.0565,1.0378,1.0384,1083
2010-09-05,1.0394,1.0397,1.0384,1.0385,77
2010-09-06,1.0386,1.0401,1.0336,1.0375,935
2010-09-07,1.0374,1.0482,1.0349,1.0473,1264
2010-09-08,1.0472,1.0505,1.0342,1.0368,1228
2010-09-09,1.0369,1.0391,1.0297,1.0335,1234
2010-09-10,1.0334,1.037,1.0283,1.0366,1127
2010-09-12,1.0332,1.034,1.0316,1.0317,117
2010-09-13,1.0316,1.0342,1.0261,1.0282,1193
2010-09-14,1.0281,1.0302,1.0212,1.0262,1204
2010-09-15,1.0263,1.0317,1.0247,1.0257,1314
2010-09-16,1.0256,1.0286,1.0235,1.0268,1196
2010-09-17,1.0267,1.0346,1.0212,1.0329,1087
2010-09-19,1.0321,1.0343,1.0314,1.0339,108
2010-09-20,1.0338,1.0341,1.0257,1.0301,1181
2010-09-21,1.0302,1.0327,1.0213,1.0238,1232
2010-09-22,1.0239,1.0355,1.0187,1.0296,1261
2010-09-23,1.0297,1.0376,1.0281,1.0348,1186
2010-09-24,1.0347,1.0351,1.0221,1.0236,1134
2010-09-26,1.024,1.0249,1.0234,1.024,91
2010-09-27,1.0241,1.0305,1.0219,1.0301,1221
2010-09-28,1.03,1.0358,1.0282,1.03,1183
2010-09-29,1.0299,1.0338,1.0236,1.0325,1210
2010-09-30,1.0324,1.0342,1.0227,1.0302,1247
2010-10-01,1.0303,1.031,1.0183,1.0193,1090
2010-10-03,1.0186,1.0199,1.0186,1.0191,106
2010-10-04,1.0192,1.0241,1.0176,1.0234,1180
2010-10-05,1.0233,1.0272,1.0153,1.0155,1255
2010-10-06,1.0156,1.0165,1.0061,1.0112,1213
2010-10-07,1.0113,1.021,1.0077,1.0176,1209
2010-10-08,1.0177,1.0235,1.0091,1.0109,1123
2010-10-10,1.01,1.0116,1.0091,1.0093,90
2010-10-11,1.0094,1.0149,1.0092,1.0137,1156
2010-10-12,1.0136,1.0182,1.0088,1.0096,1208
2010-10-13,1.0095,1.0104,1.001,1.0025,1192
2010-10-14,1.0024,1.0073,0.9979,1.0056,1257
2010-10-15,1.0057,1.0138,1.0011,1.0101,1121
2010-10-17,1.0118,1.0138,1.0116,1.0136,112
2010-10-18,1.0135,1.0227,1.0133,1.0171,1288
2010-10-19,1.017,1.0372,1.0161,1.0345,1287
2010-10-20,1.0344,1.0345,1.0205,1.0227,1296
2010-10-21,1.0225,1.0301,1.0167,1.0265,1293
2010-10-22,1.0264,1.0301,1.0222,1.0257,1134
2010-10-24,1.0254,1.0267,1.0252,1.0253,96
2010-10-25,1.0254,1.0257,1.0153,1.02,1204
2010-10-26,1.0201,1.0265,1.018,1.0238,1183
2010-10-27,1.0239,1.0338,1.0224,1.027,1322
2010-10-28,1.0271,1.0285,1.018,1.0191,1258
2010-10-29,1.0192,1.0247,1.0168,1.0193,1180
2010-10-31,1.019,1.0192,1.0179,1.0181,84
2010-11-01,1.0182,1.0201,1.0124,1.0126,1200
2010-11-02,1.0127,1.0166,1.0079,1.0088,1208
2010-11-03,1.0089,1.0156,1.0045,1.0085,1275
2010-11-04,1.0084,1.0096,1.0009,1.0027,1232
2010-11-05,1.0026,1.0091,0.999,1.0,1102
2010-11-07,1.0003,1.001,0.9998,0.9999,62
2010-11-08,0.9997,1.0054,0.9992,1.0043,1252
2010-11-09,1.0044,1.0093,0.9979,1.0068,1303
2010-11-10,1.0069,1.0079,0.9992,1.0003,1330
2010-11-11,1.0002,1.0071,0.9977,1.004,1271
2010-11-12,1.0041,1.0145,1.0026,1.0122,1260
2010-11-14,1.0108,1.0122,1.0102,1.0105,78
2010-11-15,1.0104,1.0138,1.0055,1.0097,1296
2010-11-16,1.0096,1.0253,1.0068,1.0218,1310
2010-11-17,1.0219,1.026,1.0179,1.023,1289
2010-11-18,1.0231,1.0235,1.0154,1.0184,1270
2010-11-19,1.0183,1.0233,1.0163,1.0167,1162
2010-11-21,1.0166,1.0173,1.0155,1.016,73
2010-11-22,1.0159,1.0216,1.012,1.019,1228
2010-11-23,1.0191,1.0263,1.0161,1.0215,1290
2010-11-24,1.0216,1.0223,1.009,1.0097,1266
2010-11-25,1.0096,1.0122,1.0075,1.0086,1084
2010-11-26,1.0087,1.0246,1.0083,1.0211,1122
2010-11-28,1.0165,1.0193,1.0165,1.0188,76
2010-11-29,1.0187,1.0257,1.0166,1.0192,1308
2010-11-30,1.0194,1.0285,1.017,1.0256,1312
2010-12-01,1.0257,1.0271,1.0141,1.018,1330
2010-12-02,1.0179,1.0189,1.0024,1.0034,1295
2010-12-03,1.0033,1.0079,1.0002,1.0038,1165
2010-12-05,1.0033,1.0039,1.0025,1.0026,77
2010-12-06,1.0027,1.0082,1.002,1.0057,1241
2010-12-07,1.0056,1.0124,1.001,1.0109,1250
2010-12-08,1.0108,1.014,1.0063,1.0107,1285
2010-12-09,1.0108,1.0125,1.0065,1.0102,1256
2010-12-10,1.0103,1.0115,1.0082,1.0089,1129
2010-12-12,1.0101,1.0106,1.0091,1.0106,52
2010-12-13,1.0105,1.0105,1.0026,1.0076,1111
2010-12-14,1.0075,1.011,1.0027,1.0061,1161
2010-12-15,1.0062,1.0094,1.0,1.004,1223
2010-12-16,1.0041,1.0074,1.0031,1.0056,1190
2010-12-17,1.0057,1.0145,1.0037,1.0138,1105
2010-12-19,1.0121,1.0128,1.012,1.0122,45
2010-12-20,1.0123,1.0207,1.0101,1.0178,1205
2010-12-21,1.0177,1.0205,1.015,1.0176,1120
2010-12-22,1.0175,1.0177,1.0109,1.0126,1059
2010-12-23,1.0125,1.0164,1.007,1.0093,962
2010-12-24,1.0094,1.0109,1.0049,1.0074,685
2010-12-26,1.008,1.0106,1.0076,1.0104,57
2010-12-27,1.0103,1.0109,1.0057,1.0057,923
2010-12-28,1.0056,1.007,0.9974,1.0021,1070
2010-12-29,1.0022,1.0055,0.9973,0.9997,1093
2010-12-30,0.9998,1.0021,0.999,0.9997,1026
2010-12-31,0.9998,1.0006,0.9924,0.9958,833
2011-01-02,0.9947,0.9954,0.9928,0.9928,68
2011-01-03,0.9927,0.9948,0.9887,0.9924,1086
2011-01-04,0.9923,1.0033,0.9915,0.997,1196
2011-01-05,0.9968,1.0022,0.9932,0.9964,1233
2011-01-06,0.9963,0.9992,0.9924,0.9975,1156
2011-01-07,0.9974,1.0003,0.9898,0.9934,1124
2011-01-09,0.993,0.9944,0.991,0.9918,61
2011-01-10,0.992,0.9983,0.9911,0.9926,1156
2011-01-11,0.9927,0.9949,0.9889,0.9893,1279
2011-01-12,0.9892,0.9895,0.9847,0.9864,1244
2011-01-13,0.9865,0.9908,0.9853,0.9891,1159
2011-01-14,0.9892,0.9976,0.9885,0.9906,1091
2011-01-16,0.9881,0.9886,0.9872,0.9874,74
2011-01-17,0.9875,0.99,0.9855,0.9871,1005
2011-01-18,0.9872,0.9933,0.9836,0.9921,1225
2011-01-19,0.992,0.9965,0.9888,0.9953,1192
2011-01-20,0.9952,1.003,0.9951,0.9968,1306
2011-01-21,0.9969,0.9987,0.9907,0.9931,1164
2011-01-23,0.9933,0.994,0.993,0.9934,45
2011-01-24,0.9935,0.9981,0.9917,0.9935,1138
2011-01-25,0.9934,1.0003,0.991,0.997,1198
2011-01-26,0.9971,0.998,0.9936,0.9945,1193
2011-01-27,0.9947,0.9985,0.9925,0.9952,1242
2011-01-28,0.9953,1.0016,0.9936,1.0012,1095
2011-01-30,1.0016,1.0025,1.0002,1.0023,72
2011-01-31,1.0022,1.0057,0.9961,1.0001,1206
2011-02-01,1.0002,1.0002,0.9898,0.9903,1198
2011-02-02,0.9904,0.9915,0.9859,0.9877,1189
2011-02-03,0.9878,0.9921,0.9864,0.9908,1131
2011-02-04,0.9906,0.9914,0.983,0.9871,1048
2011-02-06,0.9878,0.988,0.9864,0.9875,59
2011-02-07,0.9876,0.9911,0.9857,0.9902,1147
2011-02-08,0.9901,0.9976,0.9868,0.9949,1101
2011-02-09,0.995,0.9955,0.9914,0.994,1112
2011-02-10,0.9941,0.9986,0.9936,0.9957,1075
2011-02-11,0.9956,0.9985,0.9861,0.9873,1070
2011-02-13,0.9894,0.9895,0.9869,0.9871,57
2011-02-14,0.987,0.99,0.985,0.9895,1137
2011-02-15,0.9894,0.9903,0.985,0.9894,1147
2011-02-16,0.9893,0.9895,0.9844,0.9844,1089
2011-02-17,0.9843,0.9858,0.9814,0.9839,1028
2011-02-18,0.9838,0.9873,0.9817,0.9866,1034
2011-02-20,0.9854,0.9854,0.9847,0.985,45
2011-02-21,0.9851,0.9871,0.982,0.9826,914
2011-02-22,0.9825,0.9918,0.9822,0.9896,1268
2011-02-23,0.9897,0.9958,0.9857,0.9884,1194
2011-02-24,0.9885,0.99,0.9815,0.982,1226
2011-02-25,0.9819,0.9827,0.9771,0.9775,1023
2011-02-27,0.9785,0.9787,0.9771,0.9777,69
2011-02-28,0.9776,0.9788,0.9708,0.9712,1124
2011-03-01,0.9711,0.9754,0.9682,0.9745,1152
2011-03-02,0.9744,0.9775,0.9707,0.9728,1115
2011-03-03,0.9727,0.9751,0.9713,0.9727,1006
2011-03-04,0.9728,0.9742,0.9698,0.9733,928
2011-03-06,0.9732,0.9732,0.9714,0.9718,54
2011-03-07,0.9717,0.9742,0.9698,0.973,1001
2011-03-08,0.9731,0.9747,0.9706,0.9708,1052
2011-03-09,0.9709,0.9714,0.9666,0.9686,967
2011-03-10,0.9687,0.9766,0.9682,0.975,1103
2011-03-11,0.9749,0.9801,0.9704,0.9728,1055
2011-03-13,0.9731,0.9742,0.9721,0.9737,129
2011-03-14,0.9738,0.9763,0.9709,0.9741,1134
2011-03-15,0.9742,0.9972,0.9735,0.9839,1308
2011-03-16,0.9838,0.9966,0.9806,0.9925,1365
2011-03-17,0.9924,0.9935,0.9833,0.9842,1298
2011-03-18,0.9841,0.9865,0.9803,0.9841,1120
2011-03-20,0.9848,0.9855,0.9836,0.9836,101
2011-03-21,0.9835,0.9843,0.9748,0.9787,1133
2011-03-22,0.9788,0.9822,0.9745,0.9819,1125
2011-03-23,0.9818,0.9842,0.9791,0.9805,1092
2011-03-24,0.9804,0.9823,0.973,0.9766,1103
2011-03-25,0.9767,0.9826,0.9741,0.9802,965
2011-03-27,0.9802,0.9823,0.9802,0.9814,81
2011-03-28,0.9815,0.982,0.974,0.978,1065
2011-03-29,0.9779,0.9783,0.9737,0.9738,1068
2011-03-30,0.9737,0.9752,0.9685,0.9719,1060
2011-03-31,0.9718,0.9728,0.9682,0.9698,1097
2011-04-01,0.9697,0.9701,0.9625,0.9631,1002
2011-04-03,0.9637,0.9644,0.963,0.9631,61
2011-04-04,0.963,0.9686,0.9615,0.9672,1027
2011-04-05,0.9671,0.9692,0.9626,0.9634,1120
2011-04-06,0.9635,0.964,0.9567,0.9602,1072
2011-04-07,0.9603,0.9623,0.9569,0.9589,1103
2011-04-08,0.9588,0.9591,0.9525,0.9552,1046
2011-04-10,0.9551,0.9564,0.955,0.955,79
2011-04-11,0.9551,0.9576,0.9541,0.9565,1154
2011-04-12,0.9566,0.9656,0.9558,0.9609,1240
2011-04-13,0.9608,0.9654,0.9584,0.9625,1184
2011-04-14,0.9626,0.9668,0.9594,0.9597,1242
2011-04-15,0.9598,0.9648,0.959,0.959,1048
2011-04-17,0.9587,0.9604,0.9585,0.9599,97
2011-04-18,0.9598,0.972,0.9596,0.9642,1178
2011-04-19,0.9643,0.9665,0.9547,0.9548,1174
2011-04-20,0.9549,0.9556,0.9496,0.9517,1194
2011-04-21,0.9518,0.9536,0.9453,0.9523,1139
2011-04-22,0.9522,0.9546,0.9519,0.9543,406
2011-04-24,0.9523,0.9535,0.9517,0.9523,93
2011-04-25,0.9524,0.956,0.9502,0.9548,974
2011-04-26,0.9549,0.9561,0.9492,0.9492,1186
2011-04-27,0.9491,0.9575,0.9486,0.9498,1191
2011-04-28,0.9499,0.9519,0.9463,0.9502,1158
2011-04-29,0.9501,0.9548,0.9444,0.9448,1000
2011-05-01,0.9455,0.9475,0.9445,0.9456,114
2011-05-02,0.9457,0.9518,0.9446,0.9512,1150
2011-05-03,0.9511,0.954,0.9457,0.9519,1254
2011-05-04,0.9518,0.9602,0.9503,0.9587,1236
2011-05-05,0.9586,0.9711,0.9567,0.9655,1270
2011-05-06,0.9654,0.9701,0.9572,0.9664,1188
2011-05-08,0.9668,0.9668,0.963,0.9631,114
2011-05-09,0.963,0.9695,0.9603,0.9644,1267
2011-05-10,0.9643,0.9652,0.9561,0.9569,1234
2011-05-11,0.9568,0.9637,0.9512,0.9607,1241
2011-05-12,0.9606,0.9693,0.9598,0.9632,1234
2011-05-13,0.9633,0.9743,0.9603,0.9685,1155
2011-05-15,0.9687,0.9703,0.9686,0.9701,127
2011-05-16,0.97,0.9769,0.9682,0.9751,1279
2011-05-17,0.975,0.9792,0.9715,0.9719,1278
2011-05-18,0.972,0.9758,0.9688,0.9693,1295
2011-05-19,0.9692,0.9713,0.9652,0.9669,1193
2011-05-20,0.967,0.977,0.964,0.974,1087
2011-05-22,0.9741,0.975,0.9732,0.9738,115
2011-05-23,0.9737,0.9809,0.9735,0.9783,1283
2011-05-24,0.9784,0.979,0.9753,0.9765,1257
2011-05-25,0.9766,0.9815,0.9742,0.979,1268
2011-05-26,0.9791,0.9814,0.9755,0.979,1314
2011-05-27,0.9789,0.9797,0.9752,0.9759,1177
2011-05-29,0.9778,0.9785,0.9766,0.9767,100
2011-05-30,0.9768,0.9786,0.9751,0.9761,893
2011-05-31,0.976,0.9763,0.9654,0.9674,1187
2011-06-01,0.9673,0.978,0.9666,0.9768,1240
2011-06-02,0.9769,0.9808,0.9743,0.9755,1261
2011-06-03,0.9754,0.9851,0.9743,0.9777,1117
2011-06-05,0.9781,0.9781,0.9767,0.9767,85
2011-06-06,0.9768,0.9816,0.9767,0.9796,1202
2011-06-07,0.9797,0.9808,0.973,0.9744,1189
2011-06-08,0.9743,0.9819,0.9742,0.9796,1225
2011-06-09,0.9797,0.9812,0.9722,0.9747,1228
2011-06-10,0.9746,0.9797,0.9711,0.9797,1140
2011-06-12,0.9791,0.9797,0.9782,0.9794,99
2011-06-13,0.9793,0.9796,0.975,0.9762,1215
2011-06-14,0.9761,0.977,0.9673,0.9689,1219
2011-06-15,0.9688,0.9828,0.9669,0.978,1190
2011-06-16,0.9781,0.9897,0.9772,0.9811,1309
2011-06-17,0.981,0.9868,0.9774,0.9792,1177
2011-06-19,0.9816,0.9817,0.9804,0.9815,105
2011-06-20,0.9816,0.9848,0.9775,0.9786,1232
2011-06-21,0.9787,0.9804,0.9708,0.9723,1262
2011-06-22,0.9724,0.9752,0.97,0.9738,1250
2011-06-23,0.9737,0.9823,0.9712,0.9779,1273
2011-06-24,0.978,0.9885,0.9769,0.9884,1146
2011-06-26,0.9868,0.9893,0.9867,0.989,118
2011-06-27,0.9891,0.9912,0.985,0.9854,1276
2011-06-28,0.9855,0.9883,0.98,0.981,1247
2011-06-29,0.9811,0.9823,0.9667,0.9682,1247
2011-06-30,0.9683,0.9686,0.9623,0.9642,1306
2011-07-01,0.9641,0.965,0.9579,0.9584,1083
2011-07-03,0.9595,0.9595,0.9579,0.9584,69
2011-07-04,0.9585,0.9617,0.9579,0.9602,965
2011-07-05,0.9601,0.9641,0.9594,0.9626,1207
2011-07-06,0.9627,0.9693,0.9613,0.9646,1169
2011-07-07,0.9647,0.9665,0.9568,0.958,1211
2011-07-08,0.9579,0.9664,0.9564,0.962,1087
2011-07-10,0.9615,0.9632,0.9614,0.9628,108
2011-07-11,0.9627,0.9694,0.9622,0.9688,1259
2011-07-12,0.9689,0.9777,0.9625,0.9643,1354
2011-07-13,0.9644,0.9644,0.9559,0.9561,1367
2011-07-14,0.9562,0.9615,0.9548,0.9593,1324
2011-07-15,0.9594,0.9623,0.9519,0.9532,1126
2011-07-17,0.9546,0.9547,0.9535,0.9543,122
2011-07-18,0.9544,0.9634,0.9544,0.9584,1268
2011-07-19,0.9583,0.9591,0.9481,0.9504,1266
2011-07-20,0.9505,0.9512,0.9455,0.946,1235
2011-07-21,0.9459,0.9492,0.9422,0.9441,1252
2011-07-22,0.944,0.9529,0.9426,0.9478,1089
2011-07-24,0.9488,0.9515,0.9476,0.9512,116
2011-07-25,0.9513,0.9524,0.9433,0.9471,1174
2011-07-26,0.947,0.9474,0.9405,0.9437,1230
2011-07-27,0.9438,0.9504,0.9409,0.9497,1231
2011-07-28,0.9496,0.9522,0.9456,0.9502,1244
2011-07-29,0.9503,0.9589,0.9496,0.9552,1161
2011-07-31,0.9537,0.9557,0.9516,0.9517,131
2011-08-01,0.9516,0.9604,0.949,0.955,1269
2011-08-02,0.9551,0.9619,0.9547,0.9618,1305
2011-08-03,0.9617,0.9645,0.9567,0.9609,1319
2011-08-04,0.961,0.9814,0.9609,0.9802,1369
2011-08-05,0.9803,0.9852,0.9741,0.9819,1215
2011-08-07,0.9816,0.9864,0.98,0.9835,147
2011-08-08,0.9836,0.9944,0.9781,0.9929,1403
2011-08-09,0.9928,1.0008,0.9765,0.981,1400
2011-08-10,0.9809,0.9954,0.9793,0.9926,1396
2011-08-11,0.9925,0.9967,0.9832,0.9863,1389
2011-08-12,0.9864,0.9917,0.985,0.9872,1220
2011-08-14,0.9872,0.9886,0.9868,0.9882,108
2011-08-15,0.9881,0.9905,0.9789,0.9812,1258
2011-08-16,0.9813,0.9871,0.98,0.983,1231
2011-08-17,0.9829,0.9845,0.9773,0.9805,1208
2011-08-18,0.9806,0.9937,0.9803,0.9922,1303
2011-08-19,0.9921,0.9922,0.9825,0.99,1185
2011-08-21,0.9905,0.9917,0.99,0.9903,129
2011-08-22,0.9902,0.9907,0.9828,0.9903,1283
2011-08-23,0.9902,0.9908,0.9848,0.9878,1253
2011-08-24,0.9879,0.9904,0.9839,0.9874,1260
2011-08-25,0.9875,0.9886,0.979,0.9871,1197
2011-08-26,0.9872,0.9923,0.9808,0.9812,1120
2011-08-28,0.98,0.9832,0.9797,0.9802,107
2011-08-29,0.9801,0.9817,0.9739,0.9766,1139
2011-08-30,0.9765,0.9815,0.9756,0.9784,1167
2011-08-31,0.9783,0.98,0.9724,0.9783,1185
2011-09-01,0.9784,0.9795,0.9735,0.976,1216
2011-09-02,0.9759,0.9856,0.9755,0.9852,1087
2011-09-04,0.9864,0.9872,0.9857,0.9869,104
2011-09-05,0.9868,0.9932,0.9852,0.9912,1038
2011-09-06,0.9911,0.9963,0.9864,0.9891,1279
2011-09-07,0.9892,0.9909,0.983,0.9844,1206
2011-09-08,0.9843,0.9897,0.9828,0.9896,1206
2011-09-09,0.9895,0.9978,0.9867,0.9965,1143
2011-09-11,0.9972,0.9983,0.9967,0.9981,128
2011-09-12,0.998,1.0025,0.9914,0.9928,1279
2011-09-13,0.9927,0.9975,0.9849,0.9866,1307
2011-09-14,0.9867,0.9939,0.9845,0.9902,1321
2011-09-15,0.9901,0.9949,0.9829,0.9841,1292
2011-09-16,0.984,0.986,0.9779,0.9779,1160
2011-09-18,0.9816,0.9827,0.9806,0.9824,126
2011-09-19,0.9823,0.994,0.9805,0.9923,1296
2011-09-20,0.9922,0.9947,0.9881,0.9927,1318
2011-09-21,0.9928,1.0087,0.9916,1.008,1335
2011-09-22,1.0081,1.036,1.0079,1.0256,1381
2011-09-23,1.0257,1.0347,1.0223,1.028,1243
2011-09-25,1.0279,1.0306,1.0266,1.0272,133
2011-09-26,1.0271,1.0384,1.0239,1.0257,1388
2011-09-27,1.0258,1.028,1.0142,1.0209,1337
2011-09-28,1.0208,1.0355,1.0204,1.0354,1341
2011-09-29,1.0353,1.0401,1.0255,1.0368,1344
2011-09-30,1.0367,1.0502,1.0354,1.0502,1208
2011-10-02,1.0489,1.0504,1.047,1.0473,130
2011-10-03,1.0474,1.0547,1.0431,1.0541,1364
2011-10-04,1.054,1.0657,1.0507,1.0544,1394
2011-10-05,1.0543,1.0571,1.0395,1.0417,1365
2011-10-06,1.0418,1.0481,1.0369,1.0376,1302
2011-10-07,1.0377,1.0417,1.0233,1.0393,1194
2011-10-09,1.039,1.0395,1.0358,1.0358,110
2011-10-10,1.0359,1.0369,1.025,1.0276,1313
2011-10-11,1.0275,1.0337,1.0255,1.0296,1304
2011-10-12,1.0295,1.0327,1.0132,1.0175,1291
2011-10-13,1.0176,1.0271,1.0162,1.022,1317
2011-10-14,1.0221,1.0233,1.0095,1.0096,1187
2011-10-16,1.011,1.0113,1.009,1.0104,94
2011-10-17,1.0103,1.0239,1.0043,1.0221,1295
2011-10-18,1.0222,1.0262,1.011,1.0151,1334
2011-10-19,1.015,1.0215,1.0084,1.0182,1317
2011-10-20,1.0181,1.0245,1.013,1.0157,1326
2011-10-21,1.0158,1.0187,1.0064,1.0064,1185
2011-10-23,1.0094,1.01,1.0074,1.008,114
2011-10-24,1.0081,1.009,1.002,1.0034,1335
2011-10-25,1.0033,1.0211,0.999,1.0161,1340
2011-10-26,1.0162,1.0176,1.0031,1.0033,1353
2011-10-27,1.0032,1.0041,0.9891,0.991,1347
2011-10-28,0.9909,0.9969,0.9894,0.9917,1186
2011-10-30,0.9916,0.9938,0.9913,0.9937,87
2011-10-31,0.9936,1.0026,0.9921,0.9988,1338
2011-11-01,0.9987,1.0222,0.9973,1.0207,1366
2011-11-02,1.0206,1.0216,1.0105,1.0179,1352
2011-11-03,1.018,1.0215,1.0053,1.008,1362
2011-11-04,1.0079,1.0227,1.0069,1.0186,1156
2011-11-06,1.0166,1.0171,1.0149,1.0167,69
2011-11-07,1.0166,1.0203,1.0122,1.0138,1316
2011-11-08,1.0139,1.0181,1.0075,1.0092,1275
2011-11-09,1.0091,1.0247,1.0078,1.0237,1319
2011-11-10,1.0238,1.0264,1.0162,1.0163,1320
2011-11-11,1.0164,1.0231,1.0097,1.0103,1249
2011-11-13,1.0081,1.0111,1.008,1.0095,92
2011-11-14,1.0094,1.0193,1.009,1.0168,1322
2011-11-15,1.0167,1.0261,1.0157,1.0227,1302
2011-11-16,1.0226,1.0287,1.0171,1.0252,1375
2011-11-17,1.0251,1.0294,1.0207,1.0293,1379
2011-11-18,1.0294,1.0301,1.0198,1.0275,1272
2011-11-20,1.027,1.0291,1.0268,1.0276,67
2011-11-21,1.0279,1.0417,1.0279,1.0393,1328
2011-11-22,1.0392,1.0412,1.0345,1.0378,1352
2011-11-23,1.0379,1.0496,1.0378,1.048,1368
2011-11-24,1.0479,1.049,1.0437,1.0481,1198
2011-11-25,1.048,1.0522,1.0437,1.0466,1192
2011-11-27,1.043,1.0447,1.0403,1.041,105
2011-11-28,1.0411,1.043,1.0303,1.0348,1364
2011-11-29,1.0349,1.0363,1.0257,1.0321,1360
2011-11-30,1.032,1.0362,1.0122,1.018,1353
2011-12-01,1.0179,1.0221,1.0135,1.0142,1291
2011-12-02,1.0143,1.0196,1.0078,1.0193,1168
2011-12-04,1.01662,1.01871,1.01587,1.01714,111
2011-12-05,1.0172,1.0192,1.012,1.01699,1432
2011-12-06,1.017,1.02059,1.00841,1.00906,1436
2011-12-07,1.00907,1.01319,1.00645,1.00943,1421
2011-12-08,1.00944,1.02376,1.00508,1.0225,1434
2011-12-09,1.02253,1.02613,1.0166,1.01677,1320
2011-12-11,1.01887,1.02034,1.01827,1.01842,110
2011-12-12,1.01841,1.02841,1.01833,1.02767,1430
2011-12-13,1.02768,1.03479,1.02304,1.03431,1432
2011-12-14,1.03443,1.04222,1.03256,1.03887,1419
2011-12-15,1.03888,1.04042,1.03187,1.03338,1436
2011-12-16,1.03339,1.04054,1.02963,1.0382,1314
2011-12-18,1.0369,1.03885,1.03666,1.03844,112
2011-12-19,1.03842,1.04136,1.03334,1.03774,1430
2011-12-20,1.03776,1.03799,1.0262,1.02858,1428
2011-12-21,1.02857,1.0305,1.02076,1.02742,1435
2011-12-22,1.02741,1.02799,1.02001,1.02103,1417
2011-12-23,1.021,1.02137,1.01797,1.02051,1302
2011-12-26,1.02231,1.02328,1.01772,1.02002,711
2011-12-27,1.02,1.02147,1.01771,1.01938,1340
2011-12-28,1.01932,1.02571,1.01251,1.02563,1408
2011-12-29,1.02557,1.02675,1.01965,1.02049,1423
2011-12-30,1.02047,1.02192,1.01562,1.02134,1304
2012-01-02,1.01926,1.02103,1.01712,1.01723,891
2012-01-03,1.01722,1.01742,1.00749,1.01132,1400
2012-01-04,1.01133,1.01608,1.01074,1.01347,1421
2012-01-05,1.01346,1.02241,1.01197,1.01973,1429
2012-01-06,1.01974,1.02848,1.01688,1.02818,1311
2012-01-08,1.02774,1.03014,1.02731,1.02894,113
2012-01-09,1.02895,1.03181,1.02239,1.02244,1419
2012-01-10,1.02243,1.02268,1.01523,1.01719,1427
2012-01-11,1.0172,1.02087,1.01385,1.01811,1419
2012-01-12,1.01812,1.02098,1.01388,1.01817,1418
2012-01-13,1.01818,1.02822,1.0162,1.023,1307
2012-01-15,1.02465,1.02519,1.02388,1.02432,109
2012-01-16,1.02431,1.02517,1.01637,1.01758,1400
2012-01-17,1.01759,1.01764,1.01123,1.01478,1423
2012-01-18,1.01477,1.01762,1.01077,1.01157,1427
2012-01-19,1.01156,1.01266,1.00697,1.01178,1431
2012-01-20,1.01179,1.01598,1.01147,1.01307,1310
2012-01-22,1.01443,1.0161,1.01311,1.01503,116
2012-01-23,1.01505,1.01562,1.00512,1.00747,1429
2012-01-24,1.00745,1.01397,1.00709,1.00914,1417
2012-01-25,1.00913,1.01462,1.0027,1.00446,1424
2012-01-26,1.00448,1.00465,0.99804,1.00263,1423
2012-01-27,1.00262,1.00398,0.99867,1.00161,1312
2012-01-29,1.00123,1.00232,1.00098,1.00122,113
2012-01-30,1.00121,1.00687,1.00103,1.00218,1432
2012-01-31,1.00215,1.00522,0.99641,1.00323,1430
2012-02-01,1.00322,1.0047,0.99627,0.99752,1431
2012-02-02,0.99751,1.0009,0.9967,0.99945,1428
2012-02-03,0.99944,1.00321,0.99268,0.99331,1315
2012-02-05,0.99435,0.99435,0.99309,0.99338,118
2012-02-06,0.99339,0.99922,0.99274,0.99625,1424
2012-02-07,0.99626,0.99939,0.99396,0.99506,1435
2012-02-08,0.99505,0.99889,0.99338,0.99636,1427
2012-02-09,0.99634,0.99791,0.99239,0.9953,1426
2012-02-10,0.99531,1.00373,0.99508,1.0012,1316
2012-02-12,1.00098,1.00147,0.99953,1.00008,118
2012-02-13,1.00007,1.00112,0.99708,1.00099,1435
2012-02-14,1.001,1.00258,0.99777,0.99869,1431
2012-02-15,0.99868,1.00046,0.99371,1.00033,1438
2012-02-16,1.00036,1.00499,0.99521,0.9968,1435
2012-02-17,0.99679,0.99829,0.99399,0.99672,1312
2012-02-19,0.99319,0.9933,0.99121,0.99159,112
2012-02-20,0.99157,0.99557,0.99055,0.99458,1399
2012-02-21,0.9946,0.99747,0.99231,0.9964,1433
2012-02-22,0.99641,1.00182,0.99531,0.9993,1431
2012-02-23,0.99929,1.00092,0.99523,0.99719,1429
2012-02-24,0.9972,1.0002,0.9965,0.9991,1314
2012-02-26,0.99849,0.99992,0.99765,0.99959,116
2012-02-27,0.99958,1.00481,0.99751,0.99807,1423
2012-02-28,0.99806,0.99846,0.99383,0.99386,1427
2012-02-29,0.99387,0.99419,0.98438,0.98839,1431
2012-03-01,0.98838,0.98989,0.98408,0.98511,1435
2012-03-02,0.98512,0.98958,0.98472,0.98912,1318
2012-03-04,0.9893,0.99068,0.98843,0.98946,110
2012-03-05,0.98945,0.99585,0.98883,0.99383,1432
2012-03-06,0.99386,1.0027,0.99357,1.0012,1426
2012-03-07,1.00118,1.00238,0.99725,0.99826,1425
2012-03-08,0.99823,0.99891,0.98919,0.99041,1429
2012-03-09,0.99042,0.99352,0.98713,0.9903,1319
2012-03-11,0.99126,0.99142,0.99008,0.99028,164
2012-03-12,0.99032,0.99459,0.98978,0.99139,1416
2012-03-13,0.99137,0.99251,0.988,0.98837,1429
2012-03-14,0.98834,0.99432,0.98816,0.99385,1419
2012-03-15,0.99387,0.99474,0.99045,0.99225,1429
2012-03-16,0.99222,0.99395,0.98994,0.9916,1254
2012-03-18,0.99105,0.99153,0.99085,0.99097,152
2012-03-19,0.99098,0.99292,0.98593,0.98758,1412
2012-03-20,0.98759,0.99677,0.98695,0.99102,1415
2012-03-21,0.991,0.99338,0.98733,0.99196,1427
2012-03-22,0.99198,1.0007,0.99108,0.99869,1432
2012-03-23,0.99868,1.0033,0.99698,0.9977,1255
2012-03-25,0.99798,0.99826,0.9964,0.9965,150
2012-03-26,0.99648,0.99978,0.99046,0.99132,1424
2012-03-27,0.99131,0.99565,0.98992,0.99552,1427
2012-03-28,0.99557,0.99989,0.99452,0.9977,1431
2012-03-29,0.99769,1.00175,0.99611,0.99674,1427
2012-03-30,0.99675,0.99976,0.99516,0.99856,1257
2012-04-01,0.99588,0.99621,0.99498,0.9962,166
2012-04-02,0.99621,0.99891,0.98872,0.99003,1426
2012-04-03,0.99007,0.99273,0.9887,0.99108,1428
2012-04-04,0.99106,0.99723,0.99073,0.99629,1429
2012-04-05,0.9963,0.99968,0.99059,0.99308,1416
2012-04-06,0.99309,0.99844,0.99159,0.997,1192
2012-04-08,0.99718,0.99832,0.99436,0.99698,158
2012-04-09,0.99699,1.00004,0.99562,0.99656,1418
2012-04-10,0.99655,1.00481,0.99492,1.00477,1434
2012-04-11,1.00479,1.00511,1.00073,1.00323,1420
2012-04-12,1.00324,1.00355,0.99392,0.99459,1424
2012-04-13,0.99458,0.9995,0.99254,0.9995,1258
2012-04-15,0.99923,0.99959,0.99829,0.99906,160
2012-04-16,0.99905,1.00314,0.99723,0.9997,1429
2012-04-17,0.99969,1.00102,0.98638,0.98892,1432
2012-04-18,0.98887,0.99227,0.98806,0.99088,1426
2012-04-19,0.99086,0.99624,0.98789,0.9944,1423
2012-04-20,0.99441,0.99575,0.98958,0.99214,1256
2012-04-22,0.99202,0.99346,0.99202,0.99298,164
2012-04-23,0.99299,0.99774,0.9904,0.99109,1426
2012-04-24,0.9911,0.99277,0.98664,0.98678,1430
2012-04-25,0.98677,0.98788,0.9822,0.98249,1427
2012-04-26,0.9825,0.98635,0.98051,0.98572,1434
2012-04-27,0.98571,0.98687,0.97987,0.98024,1259
2012-04-29,0.98095,0.98104,0.98037,0.98089,158
2012-04-30,0.98088,0.98929,0.9803,0.98765,1421
2012-05-01,0.98763,0.98964,0.98316,0.98553,1417
2012-05-02,0.98552,0.99021,0.98481,0.98663,1409
2012-05-03,0.98662,0.9891,0.9827,0.98787,1420
2012-05-04,0.98786,0.99619,0.98607,0.99585,1249
2012-05-06,0.9957,0.9982,0.99468,0.99809,170
2012-05-07,0.9981,0.99861,0.99223,0.99247,1426
2012-05-08,0.99248,1.00213,0.99247,0.99958,1423
2012-05-09,0.99957,1.00616,0.99885,1.00189,1428
2012-05-10,1.00194,1.00327,0.99756,1.00298,1431
2012-05-11,1.003,1.00532,0.99527,1.00045,1260
2012-05-13,1.00003,1.00208,0.9993,1.00039,165
2012-05-14,1.00037,1.00514,0.99909,1.00218,1418
2012-05-15,1.00216,1.00726,0.99887,1.00693,1426
2012-05-16,1.00694,1.01311,1.00527,1.01178,1420
2012-05-17,1.01177,1.01965,1.01034,1.01872,1433
2012-05-18,1.01874,1.0226,1.01373,1.02201,1257
2012-05-20,1.02209,1.02286,1.02118,1.02124,155
2012-05-21,1.02121,1.02448,1.01637,1.01756,1426
2012-05-22,1.01758,1.02333,1.0151,1.02208,1431
2012-05-23,1.02206,1.02943,1.02069,1.02603,1430
2012-05-24,1.02602,1.02944,1.02249,1.02644,1423
2012-05-25,1.02645,1.03109,1.02457,1.0292,1253
2012-05-27,1.02632,1.02711,1.02519,1.02588,172
2012-05-28,1.02586,1.02658,1.02223,1.02554,1363
2012-05-29,1.02552,1.02685,1.02059,1.0237,1417
2012-05-30,1.02367,1.03099,1.02303,1.03009,1421
2012-05-31,1.03011,1.03647,1.02607,1.03301,1421
2012-06-01,1.03306,1.04415,1.03304,1.0409,1256
2012-06-03,1.03917,1.04423,1.03859,1.04416,173
2012-06-04,1.0441,1.0445,1.03683,1.03778,1428
2012-06-05,1.03776,1.04244,1.036,1.03675,1425
2012-06-06,1.03672,1.03712,1.02696,1.02833,1426
2012-06-07,1.02834,1.02946,1.02091,1.02718,1415
2012-06-08,1.0272,1.03534,1.02562,1.02639,1258
2012-06-10,1.02217,1.02297,1.02139,1.02155,176
2012-06-11,1.02156,1.03243,1.01999,1.0308,1428
2012-06-12,1.03078,1.03155,1.02496,1.02657,1427
2012-06-13,1.02655,1.03015,1.02405,1.02845,1428
2012-06-14,1.02847,1.0293,1.02211,1.02325,1427
2012-06-15,1.02327,1.02549,1.02145,1.0218,1249
2012-06-17,1.02077,1.02091,1.01935,1.02047,175
2012-06-18,1.02048,1.02775,1.01911,1.02216,1430
2012-06-19,1.02218,1.02429,1.01654,1.01798,1422
2012-06-20,1.018,1.02307,1.0158,1.01956,1424
2012-06-21,1.01953,1.02971,1.01748,1.02859,1434
2012-06-22,1.02863,1.02987,1.02404,1.02445,1257
2012-06-24,1.02706,1.02706,1.02515,1.02649,160
2012-06-25,1.02648,1.03166,1.02557,1.02873,1423
2012-06-26,1.02874,1.02952,1.02317,1.0241,1419
2012-06-27,1.02408,1.02661,1.02364,1.02506,1426
2012-06-28,1.0251,1.03614,1.02309,1.03352,1435
2012-06-29,1.03353,1.03388,1.01639,1.01661,1259
2012-07-01,1.01634,1.01817,1.01597,1.01792,166
2012-07-02,1.01793,1.02001,1.01544,1.01702,1431
2012-07-03,1.017,1.01714,1.01196,1.01205,1416
2012-07-04,1.01204,1.01407,1.01197,1.01342,1411
2012-07-05,1.01343,1.01557,1.00992,1.01428,1428
2012-07-06,1.01425,1.02066,1.01388,1.01939,1258
2012-07-08,1.02053,1.02085,1.01867,1.01965,165
2012-07-09,1.01967,1.02195,1.01819,1.01923,1425
2012-07-10,1.01924,1.02287,1.01645,1.02223,1435
2012-07-11,1.02225,1.02296,1.01718,1.01918,1425
2012-07-12,1.01916,1.02485,1.01757,1.01996,1431
2012-07-13,1.01994,1.02021,1.01283,1.01402,1258
2012-07-15,1.01342,1.01424,1.013,1.01387,163
2012-07-16,1.01388,1.01716,1.01387,1.01497,1416
2012-07-17,1.01496,1.01682,1.01177,1.01191,1425
2012-07-18,1.01193,1.01479,1.00961,1.0099,1423
2012-07-19,1.00988,1.01053,1.00645,1.00766,1414
2012-07-20,1.00765,1.01293,1.00678,1.01265,1256
2012-07-22,1.01393,1.01445,1.01297,1.01421,171
2012-07-23,1.0142,1.02029,1.01397,1.01806,1429
2012-07-24,1.01807,1.02257,1.01565,1.02245,1431
2012-07-25,1.02244,1.02305,1.0138,1.01579,1426
2012-07-26,1.01581,1.01648,1.0062,1.00995,1427
2012-07-27,1.00996,1.01047,1.00295,1.00308,1255
2012-07-29,1.004,1.00446,1.00338,1.00421,167
2012-07-30,1.00423,1.0052,1.0012,1.00142,1430
2012-07-31,1.00143,1.00416,1.00019,1.00333,1436
2012-08-01,1.00331,1.00558,1.00025,1.00462,1437
2012-08-02,1.00463,1.00835,1.00008,1.00719,1427
2012-08-03,1.00721,1.00748,0.99787,1.00115,1256
2012-08-05,1.00157,1.00157,0.99971,1.00043,161
2012-08-06,1.00041,1.0019,0.99821,1.00061,1415
2012-08-07,1.0006,1.00107,0.99613,0.99735,1429
2012-08-08,0.99737,0.99875,0.99353,0.99491,1425
2012-08-09,0.99491,0.99493,0.99088,0.9913,1431
2012-08-10,0.99129,0.99688,0.99048,0.99102,1257
2012-08-12,0.99151,0.99153,0.99068,0.99152,167
2012-08-13,0.99153,0.99386,0.99041,0.99272,1416
2012-08-14,0.99271,0.99396,0.99053,0.99201,1433
2012-08-15,0.992,0.99337,0.98853,0.98932,1426
2012-08-16,0.98931,0.98986,0.98589,0.98642,1432
2012-08-17,0.98646,0.98996,0.98624,0.98917,1256
2012-08-19,0.98877,0.9892,0.98804,0.98854,169
2012-08-20,0.98856,0.99003,0.98741,0.98856,1418
2012-08-21,0.98857,0.98985,0.98408,0.98959,1417
2012-08-22,0.98958,0.99458,0.98958,0.99058,1428
2012-08-23,0.99059,0.99472,0.98839,0.99383,1428
2012-08-24,0.99382,0.99461,0.99035,0.99215,1248
2012-08-26,0.99215,0.99232,0.99084,0.99207,174
2012-08-27,0.99208,0.99238,0.98888,0.99038,1412
2012-08-28,0.9904,0.99164,0.98411,0.98788,1408
2012-08-29,0.98791,0.98978,0.98648,0.98959,1410
2012-08-30,0.98958,0.99305,0.98925,0.99277,1420
2012-08-31,0.99278,0.99296,0.98505,0.98615,1250
2012-09-02,0.98765,0.98765,0.9857,0.98619,175
2012-09-03,0.9862,0.98769,0.98506,0.9861,1412
2012-09-04,0.98609,0.98737,0.98412,0.98675,1422
2012-09-05,0.98674,0.9917,0.98563,0.99059,1429
2012-09-06,0.99061,0.99133,0.98075,0.98282,1427
2012-09-07,0.98282,0.98308,0.97641,0.97834,1256
2012-09-09,0.97752,0.97835,0.97693,0.97824,169
2012-09-10,0.97826,0.97873,0.97533,0.97679,1422
2012-09-11,0.9768,0.97724,0.97123,0.97337,1432
2012-09-12,0.97336,0.9767,0.97141,0.97598,1432
2012-09-13,0.97597,0.97727,0.96641,0.96833,1434
2012-09-14,0.96831,0.9721,0.96317,0.9712,1259
2012-09-16,0.97015,0.97182,0.9699,0.97163,180
2012-09-17,0.97168,0.9759,0.96921,0.97453,1431
2012-09-18,0.97452,0.97646,0.97296,0.97486,1432
2012-09-19,0.97485,0.97627,0.97243,0.97496,1434
2012-09-20,0.97498,0.98151,0.97485,0.97612,1432
2012-09-21,0.97611,0.97786,0.97304,0.97625,1256
2012-09-23,0.97614,0.978,0.97595,0.9776,175
2012-09-24,0.97759,0.98168,0.97751,0.97812,1429
2012-09-25,0.97813,0.98135,0.97552,0.98089,1436
2012-09-26,0.98091,0.98588,0.97992,0.98427,1435
2012-09-27,0.98428,0.98526,0.97903,0.9807,1435
2012-09-28,0.98069,0.98506,0.97801,0.98354,1258
2012-09-30,0.9839,0.98512,0.98351,0.98422,166
2012-10-01,0.98423,0.98526,0.97968,0.98179,1434
2012-10-02,0.9818,0.98423,0.98102,0.98411,1429
2012-10-03,0.98409,0.98831,0.98395,0.98659,1433
2012-10-04,0.9866,0.98756,0.97989,0.98092,1436
2012-10-05,0.98093,0.98109,0.97339,0.9785,1255
2012-10-07,0.97748,0.97854,0.97722,0.97724,179
2012-10-08,0.97723,0.97993,0.975,0.97607,1428
2012-10-09,0.97606,0.98068,0.97432,0.97929,1434
2012-10-10,0.9793,0.98283,0.97672,0.98194,1439
2012-10-11,0.98193,0.98335,0.97621,0.97841,1431
2012-10-12,0.9784,0.98075,0.97667,0.98002,1245
2012-10-14,0.97871,0.98057,0.97842,0.98046,163
2012-10-15,0.98045,0.98177,0.9768,0.98092,1431
2012-10-16,0.98093,0.98775,0.9801,0.98575,1431
2012-10-17,0.98577,0.98699,0.97712,0.9783,1422
2012-10-18,0.97827,0.9858,0.97629,0.98471,1430
2012-10-19,0.9847,0.99384,0.98443,0.99339,1244
2012-10-21,0.99446,0.99473,0.99398,0.99424,174
2012-10-22,0.99426,0.99628,0.99155,0.99203,1415
2012-10-23,0.99204,0.99747,0.98992,0.99259,1418
2012-10-24,0.99258,0.99567,0.98877,0.99421,1424
2012-10-25,0.99423,0.99532,0.99013,0.99478,1431
2012-10-26,0.99479,0.99928,0.99409,0.99676,1249
2012-10-28,0.99783,0.99939,0.99755,0.99928,170
2012-10-29,0.99925,1.00112,0.99787,1.00071,1404
2012-10-30,1.00073,1.00181,0.99823,0.99962,1405
2012-10-31,0.99961,1.00127,0.9959,0.99993,1416
2012-11-01,0.99992,1.00121,0.99588,0.99627,1398
2012-11-02,0.99628,0.99835,0.99204,0.99575,1233
2012-11-04,0.9956,0.99582,0.9952,0.99567,108
2012-11-05,0.99569,0.99757,0.99392,0.99583,1416
2012-11-06,0.99582,0.99663,0.99099,0.99192,1414
2012-11-07,0.99197,0.99819,0.98732,0.99647,1434
2012-11-08,0.99648,1.00052,0.99461,1.00028,1421
2012-11-09,1.00026,1.0032,0.99815,1.00152,1306
2012-11-11,0.99995,1.00039,0.99979,1.00001,115
2012-11-12,0.99995,1.00053,0.99837,0.99992,1421
2012-11-13,0.9999,1.0034,0.99899,1.00159,1419
2012-11-14,1.0016,1.00395,0.99971,1.0038,1401
2012-11-15,1.00382,1.00404,1.00021,1.00055,1418
2012-11-16,1.00054,1.00556,0.99955,1.0011,1291
2012-11-18,1.00061,1.00143,1.00002,1.00014,117
2012-11-19,1.00016,1.00166,0.99533,0.99682,1402
2012-11-20,0.99683,0.99899,0.99545,0.99654,1420
2012-11-21,0.99655,0.99905,0.99566,0.99587,1426
2012-11-22,0.99588,0.99808,0.99514,0.99759,1393
2012-11-23,0.9976,0.99803,0.99139,0.99279,1261
2012-11-25,0.99264,0.99365,0.99225,0.99315,119
2012-11-26,0.99316,0.99586,0.99164,0.9928,1404
2012-11-27,0.99278,0.9947,0.99046,0.9942,1396
2012-11-28,0.99422,0.99597,0.99159,0.99194,1417
2012-11-29,0.99193,0.99376,0.99108,0.99288,1386
2012-11-30,0.9929,0.99503,0.99204,0.99416,1290
2012-12-02,0.99321,0.9942,0.99317,0.9937,108
2012-12-03,0.99369,0.99515,0.99135,0.99427,1420
2012-12-04,0.99425,0.9953,0.9914,0.99315,1402
2012-12-05,0.99315,0.99401,0.99067,0.99182,1407
2012-12-06,0.99177,0.99253,0.98911,0.99135,1376
2012-12-07,0.99136,0.99322,0.98751,0.98836,1226
2012-12-09,0.9871,0.98738,0.98639,0.98681,116
2012-12-10,0.98679,0.9887,0.98606,0.98639,1368
2012-12-11,0.98641,0.98789,0.98562,0.98595,1407
2012-12-12,0.98594,0.98645,0.9825,0.98465,1386
2012-12-13,0.98464,0.98545,0.98238,0.9842,1389
2012-12-14,0.98419,0.98646,0.98312,0.98546,1290
2012-12-16,0.98614,0.9865,0.98498,0.98569,113
2012-12-17,0.9857,0.98801,0.9832,0.9837,1392
2012-12-18,0.98371,0.98625,0.9831,0.98609,1356
2012-12-19,0.98607,0.98905,0.98483,0.98875,1384
2012-12-20,0.98876,0.98951,0.98683,0.98755,1402
2012-12-21,0.98756,0.99518,0.98742,0.99304,1291
2012-12-23,0.99348,0.9937,0.99296,0.99361,104
2012-12-24,0.99358,0.99438,0.99061,0.99268,1218
2012-12-26,0.99323,0.99498,0.99151,0.99375,747
2012-12-27,0.99377,0.99574,0.99074,0.99486,1395
2012-12-28,0.99485,0.99696,0.99377,0.99684,1294
2012-12-30,0.99625,0.99633,0.99431,0.99432,116
2012-12-31,0.99431,0.99698,0.99101,0.99206,1303
2013-01-01,0.99315,0.99427,0.99214,0.99394,118
2013-01-02,0.99396,0.99399,0.98353,0.98563,1426
2013-01-03,0.98565,0.98867,0.98416,0.9883,1424
2013-01-04,0.98829,0.99219,0.98469,0.98708,1316
2013-01-06,0.98641,0.98675,0.98589,0.98606,111
2013-01-07,0.98605,0.98835,0.98525,0.98572,1424
2013-01-08,0.98573,0.98813,0.98419,0.98648,1422
2013-01-09,0.98645,0.98794,0.98539,0.98761,1411
2013-01-10,0.98762,0.98792,0.98268,0.98318,1427
2013-01-11,0.9832,0.98529,0.98144,0.98454,1310
2013-01-13,0.98414,0.98457,0.98387,0.98438,119
2013-01-14,0.98439,0.98647,0.98305,0.98354,1431
2013-01-15,0.98345,0.98654,0.98305,0.9838,1426
2013-01-16,0.98381,0.98761,0.98365,0.98606,1426
2013-01-17,0.98604,0.98841,0.98421,0.98584,1424
2013-01-18,0.98584,0.99452,0.98532,0.99158,1307
2013-01-20,0.99201,0.99227,0.99172,0.99201,118
2013-01-21,0.992,0.99377,0.99087,0.99277,1400
2013-01-22,0.99278,0.99442,0.99076,0.99184,1421
2013-01-23,0.99183,1.00029,0.99023,0.99976,1426
2013-01-24,0.99977,1.00346,0.99892,1.00238,1428
2013-01-25,1.00239,1.00986,1.00212,1.00566,1295
2013-01-27,1.00639,1.008,1.00637,1.008,119
2013-01-28,1.00799,1.00989,1.00562,1.00591,1418
2013-01-29,1.00592,1.00649,1.00067,1.00125,1423
2013-01-30,1.00126,1.00518,1.00072,1.00219,1418
2013-01-31,1.00218,1.00332,0.99563,0.9968,1420
2013-02-01,0.9968,1.00029,0.99633,0.99635,1292
2013-02-03,0.99645,0.99692,0.99632,0.99692,97
2013-02-04,0.99691,0.99917,0.99468,0.99765,1405
2013-02-05,0.99768,0.99934,0.99481,0.99536,1415
2013-02-06,0.99537,0.99872,0.99495,0.99557,1403
2013-02-07,0.99558,0.99932,0.99315,0.99787,1408
2013-02-08,0.99788,1.00338,0.99695,1.0021,1293
2013-02-10,1.0025,1.00362,1.00248,1.00362,115
2013-02-11,1.00361,1.00826,1.00315,1.00528,1368
2013-02-12,1.00527,1.00859,1.00131,1.00155,1392
2013-02-13,1.00156,1.00426,1.00111,1.00145,1400
2013-02-14,1.00144,1.00228,0.99982,1.0009,1383
2013-02-15,1.00089,1.0081,1.00011,1.00621,1280
2013-02-17,1.00714,1.00794,1.00646,1.00744,108
2013-02-18,1.00743,1.01201,1.00563,1.01049,1355
2013-02-19,1.0105,1.01362,1.01009,1.01177,1409
2013-02-20,1.01179,1.01842,1.01085,1.01717,1424
2013-02-21,1.01719,1.02062,1.01646,1.01758,1427
2013-02-22,1.01759,1.0255,1.01581,1.02138,1310
2013-02-24,1.0221,1.02382,1.02183,1.02224,117
2013-02-25,1.02221,1.02761,1.02203,1.02572,1422
2013-02-26,1.02574,1.0302,1.024,1.02551,1419
2013-02-27,1.0255,1.02758,1.02269,1.02328,1425
2013-02-28,1.02326,1.03119,1.02152,1.03061,1411
2013-03-01,1.0306,1.0341,1.02611,1.02665,1294
2013-03-03,1.02728,1.02762,1.0268,1.02708,115
2013-03-04,1.0271,1.03082,1.0265,1.02656,1414
2013-03-05,1.02655,1.02925,1.0255,1.02666,1399
2013-03-06,1.02665,1.03359,1.02538,1.03225,1396
2013-03-07,1.03227,1.03283,1.02839,1.02943,1407
2013-03-08,1.02944,1.03134,1.02327,1.0282,1286
2013-03-10,1.02875,1.02928,1.02775,1.0283,169
2013-03-11,1.02831,1.02931,1.02534,1.02653,1405
2013-03-12,1.02654,1.02823,1.02479,1.02591,1402
2013-03-13,1.02592,1.02938,1.02451,1.02779,1387
2013-03-14,1.02778,1.02819,1.02105,1.02201,1421
2013-03-15,1.022,1.02297,1.01795,1.01933,1239
2013-03-17,1.02218,1.02328,1.02159,1.02327,175
2013-03-18,1.02325,1.02491,1.02027,1.0223,1424
2013-03-19,1.02228,1.02829,1.02142,1.02688,1405
2013-03-20,1.02685,1.02747,1.02371,1.02558,1407
2013-03-21,1.02559,1.02569,1.01996,1.02433,1417
2013-03-22,1.02432,1.0263,1.0219,1.02301,1219
2013-03-24,1.02318,1.02349,1.02205,1.02226,160
2013-03-25,1.02225,1.02311,1.01868,1.02149,1404
2013-03-26,1.02148,1.0215,1.01582,1.01658,1403
2013-03-27,1.01657,1.01941,1.01488,1.01619,1379
2013-03-28,1.01618,1.01728,1.01444,1.01582,1366
2013-03-29,1.01585,1.01795,1.01561,1.01731,1129
2013-03-31,1.0175,1.01795,1.01652,1.01705,153
2013-04-01,1.01708,1.01815,1.01591,1.01658,1355
2013-04-02,1.01659,1.01659,1.01238,1.01416,1372
2013-04-03,1.01415,1.01535,1.01238,1.01412,1365
2013-04-04,1.01411,1.01653,1.01034,1.013,1411
2013-04-05,1.01299,1.02347,1.01251,1.01751,1235
2013-04-07,1.018,1.01806,1.01641,1.01698,169
2013-04-08,1.01694,1.02129,1.01549,1.01661,1384
2013-04-09,1.01667,1.01743,1.0133,1.01591,1376
2013-04-10,1.01592,1.01666,1.01381,1.01482,1378
2013-04-11,1.01483,1.01555,1.0082,1.0101,1330
2013-04-12,1.01007,1.01441,1.00928,1.01341,1213
2013-04-14,1.01428,1.0148,1.01357,1.01466,155
2013-04-15,1.01465,1.02579,1.01324,1.02301,1421
2013-04-16,1.02302,1.02561,1.02022,1.02179,1431
2013-04-17,1.02176,1.02927,1.02153,1.02614,1407
2013-04-18,1.02613,1.0276,1.0229,1.02559,1413
2013-04-19,1.0256,1.02682,1.02309,1.02644,1233
2013-04-21,1.02546,1.02599,1.02508,1.02565,159
2013-04-22,1.02563,1.02842,1.02468,1.02555,1396
2013-04-23,1.02554,1.02837,1.02494,1.02694,1412
2013-04-24,1.02693,1.0277,1.02453,1.02517,1394
2013-04-25,1.02518,1.02542,1.01841,1.02019,1383
2013-04-26,1.02022,1.0213,1.01562,1.01648,1237
2013-04-28,1.01667,1.01677,1.01617,1.01634,166
2013-04-29,1.01636,1.01676,1.01067,1.01181,1359
2013-04-30,1.0118,1.0122,1.00536,1.00667,1359
2013-05-01,1.00662,1.00987,1.005,1.00728,1362
2013-05-02,1.0073,1.01085,1.00581,1.01078,1382
2013-05-03,1.01076,1.01307,1.00751,1.00766,1207
2013-05-05,1.0074,1.00826,1.00715,1.0082,146
2013-05-06,1.00817,1.00948,1.00631,1.0068,1312
2013-05-07,1.00681,1.00816,1.00352,1.00515,1366
2013-05-08,1.00516,1.00572,1.00163,1.00268,1359
2013-05-09,1.00269,1.00882,1.00127,1.00703,1369
2013-05-10,1.00702,1.01512,1.00624,1.0099,1224
2013-05-12,1.01181,1.01223,1.01051,1.01208,171
2013-05-13,1.01205,1.01317,1.00809,1.01017,1376
2013-05-14,1.01018,1.01851,1.00883,1.01822,1367
2013-05-15,1.0182,1.02177,1.01505,1.01551,1397
2013-05-16,1.01554,1.02059,1.01475,1.01851,1346
2013-05-17,1.01845,1.03113,1.01833,1.02798,1216
2013-05-19,1.02827,1.02855,1.02713,1.02819,166
2013-05-20,1.02821,1.02947,1.02156,1.02437,1400
2013-05-21,1.02438,1.03199,1.02414,1.02624,1403
2013-05-22,1.02625,1.03863,1.02495,1.03755,1409
2013-05-23,1.03756,1.03921,1.02847,1.03189,1420
2013-05-24,1.03188,1.03542,1.03114,1.0317,1245
2013-05-26,1.0306,1.03194,1.0306,1.03187,164
2013-05-27,1.03188,1.03436,1.03119,1.03429,1315
2013-05-28,1.03428,1.04131,1.0323,1.04069,1423
2013-05-29,1.04068,1.04192,1.03424,1.03479,1419
2013-05-30,1.03477,1.03869,1.02934,1.0302,1426
2013-05-31,1.03022,1.038,1.02973,1.03735,1236
2013-06-02,1.0373,1.0373,1.03569,1.03586,172
2013-06-03,1.03585,1.03738,1.02603,1.02834,1423
2013-06-04,1.02833,1.036,1.02763,1.03491,1408
2013-06-05,1.03492,1.03788,1.0326,1.03449,1421
2013-06-06,1.03445,1.03661,1.0197,1.02744,1427
2013-06-07,1.02746,1.02867,1.01656,1.0195,1257
2013-06-09,1.0217,1.02227,1.02063,1.02079,175
2013-06-10,1.02078,1.02142,1.0167,1.01979,1424
2013-06-11,1.0198,1.025,1.0174,1.01888,1432
2013-06-12,1.01887,1.0216,1.01541,1.02049,1426
2013-06-13,1.02045,1.02246,1.0146,1.0166,1431
2013-06-14,1.01661,1.01852,1.01358,1.01696,1241
2013-06-16,1.01736,1.01738,1.01572,1.01591,148
2013-06-17,1.01588,1.02039,1.01485,1.01864,1417
2013-06-18,1.01857,1.02231,1.01754,1.02217,1422
2013-06-19,1.02218,1.02853,1.01724,1.02809,1417
2013-06-20,1.02808,1.03925,1.027,1.03793,1438
2013-06-21,1.03792,1.04872,1.03614,1.04533,1254
2013-06-23,1.04802,1.04821,1.04703,1.04789,176
2013-06-24,1.04794,1.05547,1.04689,1.0498,1434
2013-06-25,1.04981,1.05462,1.04564,1.05232,1435
2013-06-26,1.05231,1.0526,1.04564,1.04684,1438
2013-06-27,1.04683,1.05028,1.04228,1.0486,1439
2013-06-28,1.04857,1.0552,1.04525,1.05141,1253
2013-06-30,1.05285,1.05295,1.05118,1.05209,148
2013-07-01,1.05208,1.05328,1.04857,1.04994,1424
2013-07-02,1.04995,1.05766,1.04959,1.05493,1430
2013-07-03,1.05494,1.05633,1.04972,1.04984,1431
2013-07-04,1.04983,1.05561,1.04705,1.05225,1431
2013-07-05,1.05224,1.0608,1.05098,1.05804,1248
2013-07-07,1.05831,1.05839,1.05713,1.05775,148
2013-07-08,1.05781,1.05842,1.05451,1.0562,1417
2013-07-09,1.05621,1.0573,1.05124,1.05358,1436
2013-07-10,1.05359,1.0539,1.03747,1.03984,1429
2013-07-11,1.03981,1.04349,1.03245,1.0376,1437
2013-07-12,1.03761,1.04031,1.03582,1.03946,1253
2013-07-14,1.03843,1.03952,1.03838,1.03878,173
2013-07-15,1.03879,1.04401,1.03787,1.04361,1426
2013-07-16,1.04362,1.0441,1.03624,1.03786,1426
2013-07-17,1.03785,1.04388,1.03543,1.04033,1423
2013-07-18,1.04034,1.0438,1.0372,1.03771,1433
2013-07-19,1.03774,1.03919,1.03542,1.03666,1258
2013-07-21,1.03632,1.03681,1.03535,1.03536,157
2013-07-22,1.03532,1.03623,1.03202,1.03357,1432
2013-07-23,1.03356,1.03479,1.02763,1.02902,1422
2013-07-24,1.02903,1.03237,1.02613,1.03172,1435
2013-07-25,1.03171,1.03174,1.0254,1.02862,1434
2013-07-26,1.02863,1.03013,1.02605,1.02751,1257
2013-07-28,1.02833,1.02843,1.02657,1.02686,171
2013-07-29,1.02688,1.02819,1.02516,1.02608,1426
2013-07-30,1.02609,1.03093,1.02571,1.02989,1422
2013-07-31,1.02994,1.03346,1.02441,1.02824,1430
2013-08-01,1.02827,1.03499,1.0264,1.03457,1430
2013-08-02,1.03456,1.04016,1.03377,1.03868,1241
2013-08-04,1.039,1.03956,1.03826,1.03873,174
2013-08-05,1.03874,1.04022,1.03566,1.03567,1423
2013-08-06,1.03568,1.03892,1.03468,1.03734,1426
2013-08-07,1.03733,1.04438,1.03725,1.04201,1427
2013-08-08,1.04202,1.04295,1.03028,1.03274,1432
2013-08-09,1.03275,1.03515,1.02736,1.02857,1244
2013-08-11,1.0298,1.03002,1.02791,1.02848,172
2013-08-12,1.02849,1.03153,1.02793,1.03117,1417
2013-08-13,1.03118,1.03471,1.03025,1.03448,1421
2013-08-14,1.03447,1.03683,1.0317,1.03303,1422
2013-08-15,1.03305,1.03627,1.02987,1.03011,1429
2013-08-16,1.03012,1.03588,1.02922,1.03351,1248
2013-08-18,1.03412,1.03415,1.03289,1.03324,167
2013-08-19,1.03323,1.03469,1.03145,1.0345,1416
2013-08-20,1.03452,1.04001,1.03419,1.0395,1433
2013-08-21,1.03953,1.0485,1.03947,1.0484,1437
2013-08-22,1.04841,1.05288,1.04694,1.05157,1435
2013-08-23,1.05158,1.0567,1.04947,1.04955,1254
2013-08-25,1.05085,1.05156,1.05028,1.05034,178
2013-08-26,1.05035,1.05321,1.04959,1.05001,1407
2013-08-27,1.05002,1.05385,1.04705,1.04915,1427
2013-08-28,1.04913,1.05099,1.04729,1.04923,1426
2013-08-29,1.04922,1.05399,1.04788,1.05384,1428
2013-08-30,1.05383,1.05566,1.05074,1.05355,1249
2013-09-01,1.05289,1.05389,1.05237,1.05356,168
2013-09-02,1.05357,1.05562,1.05152,1.05515,1412
2013-09-03,1.0551,1.05583,1.05077,1.05344,1428
2013-09-04,1.05342,1.0541,1.04742,1.04961,1425
2013-09-05,1.04962,1.05147,1.04746,1.04985,1408
2013-09-06,1.04986,1.04999,1.038,1.04039,1241
2013-09-08,1.0413,1.04181,1.03998,1.04126,176
2013-09-09,1.04125,1.04129,1.03584,1.03711,1414
2013-09-10,1.03713,1.03785,1.03293,1.03526,1417
2013-09-11,1.03525,1.03637,1.03082,1.03091,1415
2013-09-12,1.0309,1.03345,1.03045,1.03225,1425
2013-09-13,1.03224,1.03549,1.03212,1.03496,1242
2013-09-15,1.03189,1.03212,1.0303,1.03112,178
2013-09-16,1.03115,1.03251,1.02812,1.03179,1430
2013-09-17,1.03178,1.03332,1.02734,1.02962,1413
2013-09-18,1.02963,1.03167,1.02,1.02213,1420
2013-09-19,1.02212,1.02689,1.01811,1.02658,1434
2013-09-20,1.02659,1.031,1.02619,1.0303,1246
2013-09-22,1.03068,1.03099,1.02972,1.02975,170
2013-09-23,1.02978,1.03047,1.02734,1.0284,1422
2013-09-24,1.02842,1.03095,1.02683,1.03059,1425
2013-09-25,1.03061,1.0321,1.02849,1.03202,1431
2013-09-26,1.03204,1.03391,1.03015,1.03103,1424
2013-09-27,1.03102,1.03307,1.02969,1.0305,1243
2013-09-29,1.03166,1.03178,1.03101,1.03124,175
2013-09-30,1.03123,1.0324,1.02737,1.03213,1428
2013-10-01,1.03205,1.03396,1.02864,1.03367,1432
2013-10-02,1.03366,1.03553,1.03225,1.03245,1429
2013-10-03,1.03244,1.03382,1.03116,1.03269,1423
2013-10-04,1.03268,1.03391,1.02888,1.02935,1242
2013-10-06,1.02956,1.03025,1.02903,1.02979,174
2013-10-07,1.0298,1.03322,1.02952,1.03128,1416
2013-10-08,1.03131,1.03723,1.0306,1.03549,1426
2013-10-09,1.03548,1.04059,1.03548,1.03918,1412
2013-10-10,1.03916,1.04185,1.03705,1.04083,1427
2013-10-11,1.04082,1.04111,1.03387,1.03501,1249
2013-10-13,1.03706,1.03706,1.03575,1.03639,174
2013-10-14,1.0364,1.03687,1.03407,1.03501,1417
2013-10-15,1.035,1.03898,1.03305,1.03679,1429
2013-10-16,1.03675,1.03827,1.03241,1.03276,1424
2013-10-17,1.03275,1.03302,1.02794,1.02991,1423
2013-10-18,1.0299,1.03009,1.02759,1.02853,1241
2013-10-20,1.02896,1.02954,1.02885,1.02942,173
2013-10-21,1.02941,1.0308,1.0288,1.03077,1402
2013-10-22,1.03078,1.03085,1.02697,1.02902,1402
2013-10-23,1.02903,1.03954,1.02813,1.03799,1424
2013-10-24,1.038,1.04364,1.03645,1.04175,1427
2013-10-25,1.04174,1.04593,1.04091,1.04474,1250
2013-10-27,1.04471,1.04491,1.04405,1.04413,177
2013-10-28,1.04412,1.04503,1.04278,1.04438,1410
2013-10-29,1.04439,1.04698,1.04262,1.04696,1423
2013-10-30,1.04695,1.04953,1.04394,1.04788,1425
2013-10-31,1.04789,1.04888,1.0411,1.04293,1428
2013-11-01,1.04299,1.04525,1.04103,1.04205,1230
2013-11-03,1.04178,1.04201,1.04145,1.04155,114
2013-11-04,1.04157,1.0427,1.03967,1.04206,1413
2013-11-05,1.04205,1.04606,1.04155,1.04494,1421
2013-11-06,1.04497,1.04579,1.04104,1.04188,1414
2013-11-07,1.04189,1.04615,1.04044,1.04522,1398
2013-11-08,1.04521,1.05021,1.04442,1.04775,1299
2013-11-10,1.04815,1.04849,1.04802,1.04832,110
2013-11-11,1.04831,1.0484,1.04641,1.04691,1405
2013-11-12,1.0469,1.05072,1.04625,1.04912,1419
2013-11-13,1.04913,1.0495,1.0444,1.04478,1419
2013-11-14,1.04479,1.05245,1.04389,1.04688,1433
2013-11-15,1.04687,1.04833,1.04353,1.0438,1315
2013-11-17,1.04364,1.04383,1.04359,1.0438,118
2013-11-18,1.04379,1.04403,1.04135,1.04312,1419
2013-11-19,1.04311,1.04839,1.04141,1.04542,1429
2013-11-20,1.04541,1.04727,1.04347,1.04555,1429
2013-11-21,1.04558,1.05251,1.0454,1.0518,1427
2013-11-22,1.05181,1.05674,1.05113,1.0513,1309
2013-11-24,1.05299,1.05485,1.05203,1.05466,115
2013-11-25,1.05463,1.05816,1.05239,1.05239,1430
2013-11-26,1.05238,1.05569,1.0519,1.05413,1428
2013-11-27,1.05412,1.06013,1.05302,1.05906,1423
2013-11-28,1.05904,1.05965,1.05698,1.05868,1424
2013-11-29,1.05867,1.06272,1.05579,1.06135,1312
2013-12-01,1.06218,1.06233,1.06156,1.06225,115
2013-12-02,1.06223,1.06527,1.06125,1.06427,1417
2013-12-03,1.06424,1.06712,1.06295,1.06389,1432
2013-12-04,1.06387,1.07059,1.06365,1.06775,1427
2013-12-05,1.06776,1.06978,1.06235,1.06467,1430
2013-12-06,1.06469,1.07068,1.06208,1.06375,1310
2013-12-08,1.0645,1.06542,1.064,1.06538,117
2013-12-09,1.06539,1.06684,1.06241,1.06352,1425
2013-12-10,1.06355,1.06442,1.05997,1.06047,1413
2013-12-11,1.06044,1.06187,1.05832,1.05915,1408
2013-12-12,1.05917,1.06547,1.05595,1.06428,1430
2013-12-13,1.06425,1.06678,1.05799,1.05839,1306
2013-12-15,1.05935,1.05936,1.05849,1.05881,113
2013-12-16,1.05884,1.05956,1.05711,1.05916,1407
2013-12-17,1.05918,1.06165,1.05748,1.06024,1421
2013-12-18,1.06023,1.07183,1.06001,1.07159,1428
2013-12-19,1.0716,1.07262,1.06593,1.06719,1426
2013-12-20,1.06718,1.07361,1.06266,1.06335,1311
2013-12-22,1.0639,1.06428,1.06385,1.06415,114
2013-12-23,1.06417,1.06515,1.05803,1.06153,1417
2013-12-24,1.06152,1.06345,1.06038,1.06234,1174
2013-12-26,1.06369,1.06486,1.06148,1.06485,753
2013-12-27,1.06484,1.07174,1.06182,1.0705,1307
2013-12-29,1.07041,1.07072,1.06938,1.07058,112
2013-12-30,1.07059,1.07265,1.06352,1.06438,1416
2013-12-31,1.0644,1.06558,1.06153,1.06205,1237
2014-01-01,1.06415,1.0647,1.06402,1.06451,59
2014-01-02,1.06451,1.06763,1.05872,1.06685,1384
2014-01-03,1.06683,1.06706,1.06013,1.06335,1312
2014-01-05,1.06338,1.06393,1.06304,1.06309,99
2014-01-06,1.06311,1.06795,1.06077,1.06603,1422
2014-01-07,1.06601,1.07801,1.06581,1.07738,1424
2014-01-08,1.0774,1.08289,1.07721,1.08224,1431
2014-01-09,1.08223,1.08733,1.08179,1.08448,1433
2014-01-10,1.08447,1.09447,1.08363,1.08905,1309
2014-01-12,1.09055,1.09078,1.09032,1.09046,112
2014-01-13,1.09048,1.0928,1.08411,1.0881,1428
2014-01-14,1.08811,1.09576,1.08775,1.09476,1424
2014-01-15,1.09475,1.099,1.0919,1.09475,1433
2014-01-16,1.0948,1.09614,1.09038,1.09319,1426
2014-01-17,1.0932,1.09825,1.09248,1.0962,1307
2014-01-19,1.0964,1.09681,1.09615,1.09652,113
2014-01-20,1.09657,1.0971,1.09284,1.09536,1387
2014-01-21,1.09534,1.10172,1.09459,1.09701,1423
2014-01-22,1.09699,1.11034,1.09522,1.1102,1431
2014-01-23,1.11019,1.11722,1.10908,1.1112,1438
2014-01-24,1.11121,1.11361,1.10507,1.10865,1315
2014-01-26,1.10654,1.10698,1.10605,1.10613,104
2014-01-27,1.10612,1.11177,1.10302,1.11145,1427
2014-01-28,1.11146,1.11755,1.10771,1.11443,1433
2014-01-29,1.11446,1.11855,1.11012,1.11815,1433
2014-01-30,1.11818,1.11975,1.11495,1.11566,1434
2014-01-31,1.11565,1.1223,1.10863,1.1128,1314
2014-02-02,1.11127,1.11261,1.11124,1.1123,118
2014-02-03,1.11225,1.11322,1.10398,1.1108,1427
2014-02-04,1.11079,1.11222,1.1047,1.10838,1424
2014-02-05,1.10834,1.11198,1.10358,1.10779,1435
2014-02-06,1.10783,1.1121,1.10494,1.1069,1423
2014-02-07,1.10689,1.10776,1.09664,1.10305,1308
2014-02-09,1.10369,1.10399,1.10346,1.10374,113
2014-02-10,1.10376,1.10607,1.10173,1.10569,1408
2014-02-11,1.10568,1.10889,1.10017,1.10108,1413
2014-02-12,1.10107,1.10238,1.09748,1.09951,1430
2014-02-13,1.09952,1.10249,1.09531,1.09772,1434
2014-02-14,1.09771,1.09885,1.09391,1.09795,1313
2014-02-16,1.09843,1.09865,1.09715,1.09727,116
2014-02-17,1.09724,1.09815,1.09513,1.09556,1410
2014-02-18,1.09555,1.09753,1.09387,1.09514,1426
2014-02-19,1.09515,1.10852,1.09088,1.10728,1435
2014-02-20,1.10727,1.11113,1.10593,1.11021,1431
2014-02-21,1.11022,1.11935,1.11019,1.11075,1314
2014-02-23,1.11046,1.11139,1.11005,1.11122,117
2014-02-24,1.11121,1.11414,1.10533,1.10588,1419
2014-02-25,1.10587,1.10948,1.1053,1.1084,1418
2014-02-26,1.10841,1.11432,1.10715,1.1136,1416
2014-02-27,1.11361,1.11585,1.11164,1.11216,1418
2014-02-28,1.11217,1.11456,1.10392,1.10625,1308
2014-03-02,1.10773,1.10813,1.10614,1.10626,107
2014-03-03,1.10623,1.11083,1.10377,1.10795,1402
2014-03-04,1.10794,1.11165,1.10608,1.10866,1408
2014-03-05,1.10867,1.10979,1.10241,1.10287,1380
2014-03-06,1.10286,1.10448,1.09539,1.09861,1411
2014-03-07,1.09862,1.10996,1.09793,1.10851,1286
2014-03-09,1.10912,1.10926,1.10858,1.10877,152
2014-03-10,1.10876,1.11292,1.10874,1.11151,1396
2014-03-11,1.11152,1.11295,1.10703,1.11086,1386
2014-03-12,1.11087,1.11525,1.10889,1.11175,1401
2014-03-13,1.11174,1.11205,1.10422,1.10774,1400
2014-03-14,1.10773,1.11094,1.10718,1.10992,1241
2014-03-16,1.1098,1.11065,1.10894,1.10946,163
2014-03-17,1.10945,1.11029,1.10436,1.10579,1390
2014-03-18,1.10581,1.11452,1.10245,1.11268,1381
2014-03-19,1.11267,1.12701,1.11207,1.12419,1396
2014-03-20,1.1242,1.12771,1.12328,1.12404,1394
2014-03-21,1.12403,1.12612,1.11727,1.12251,1239
2014-03-23,1.12081,1.12286,1.12081,1.1225,163
2014-03-24,1.12249,1.1245,1.11822,1.11964,1379
2014-03-25,1.11963,1.12091,1.11539,1.11644,1398
2014-03-26,1.11647,1.11678,1.10794,1.10978,1409
2014-03-27,1.10977,1.11028,1.10126,1.10293,1413
2014-03-28,1.10292,1.10764,1.09994,1.10593,1247
2014-03-30,1.10621,1.10652,1.10493,1.10498,153
2014-03-31,1.10497,1.10657,1.10008,1.1052,1419
2014-04-01,1.10519,1.10684,1.10112,1.10284,1405
2014-04-02,1.10286,1.10462,1.1003,1.10296,1394
2014-04-03,1.10295,1.10441,1.10046,1.10336,1391
2014-04-04,1.10337,1.1035,1.09555,1.09796,1212
2014-04-06,1.09787,1.09827,1.09761,1.09791,149
2014-04-07,1.09792,1.10083,1.09606,1.09757,1347
2014-04-08,1.09755,1.0976,1.09111,1.0929,1379
2014-04-09,1.09289,1.0941,1.08569,1.08796,1394
2014-04-10,1.08795,1.09356,1.08665,1.09321,1399
2014-04-11,1.0932,1.09835,1.0917,1.09775,1224
2014-04-13,1.0976,1.09777,1.09685,1.09743,157
2014-04-14,1.09741,1.09912,1.0941,1.09673,1357
2014-04-15,1.09674,1.10121,1.09624,1.0985,1390
2014-04-16,1.09849,1.10323,1.09586,1.10092,1399
2014-04-17,1.10093,1.10176,1.09823,1.10072,1375
2014-04-18,1.10073,1.10273,1.09971,1.10224,1016
2014-04-20,1.10225,1.10254,1.10186,1.10202,124
2014-04-21,1.10203,1.10297,1.10067,1.10188,1252
2014-04-22,1.10187,1.10407,1.09994,1.10268,1349
2014-04-23,1.10267,1.10517,1.10161,1.10303,1363
2014-04-24,1.10304,1.10372,1.10141,1.10214,1359
2014-04-25,1.10213,1.10457,1.10129,1.10374,1211
2014-04-27,1.1039,1.10392,1.10304,1.10343,149
2014-04-28,1.10343,1.10382,1.10159,1.10237,1362
2014-04-29,1.10238,1.10243,1.09418,1.09522,1356
2014-04-30,1.09519,1.09785,1.09415,1.0965,1373
2014-05-01,1.09649,1.09942,1.09514,1.0963,1363
2014-05-02,1.09629,1.1005,1.09345,1.09704,1205
2014-05-04,1.09801,1.09823,1.09751,1.09758,154
2014-05-05,1.0976,1.09877,1.09477,1.09571,1327
2014-05-06,1.09572,1.09593,1.08729,1.08895,1373
2014-05-07,1.08893,1.09061,1.08745,1.08969,1381
2014-05-08,1.0897,1.09026,1.08129,1.08302,1398
2014-05-09,1.08301,1.09144,1.08155,1.09,1232
2014-05-11,1.08995,1.09,1.08939,1.08982,139
2014-05-12,1.08983,1.09027,1.08734,1.08978,1355
2014-05-13,1.08979,1.09251,1.0886,1.09043,1381
2014-05-14,1.09045,1.09203,1.08683,1.08879,1371
2014-05-15,1.08878,1.08899,1.08505,1.08755,1404
2014-05-16,1.08754,1.08871,1.08546,1.08601,1198
2014-05-18,1.08607,1.08656,1.08566,1.08643,130
2014-05-19,1.08642,1.0875,1.08489,1.0872,1372
2014-05-20,1.08721,1.09156,1.08704,1.09096,1372
2014-05-21,1.09097,1.09403,1.08922,1.09141,1375
2014-05-22,1.0914,1.09296,1.0883,1.08923,1373
2014-05-23,1.08926,1.09077,1.08617,1.08626,1188
2014-05-25,1.08699,1.08717,1.08651,1.08696,110
2014-05-26,1.08703,1.08716,1.08518,1.0856,1161
2014-05-27,1.08565,1.08734,1.08343,1.08546,1338
2014-05-28,1.08544,1.0885,1.08422,1.08709,1377
2014-05-29,1.0871,1.08766,1.08241,1.08376,1372
2014-05-30,1.08374,1.0868,1.08211,1.08445,1212
2014-06-02,1.08985,1.09012,1.08948,1.09011,240
2014-06-03,1.0901,1.09206,1.08896,1.09168,1363
2014-06-04,1.09167,1.09539,1.0915,1.09417,1386
2014-06-05,1.09416,1.09591,1.09153,1.09204,1361
2014-06-06,1.09205,1.09465,1.09053,1.09281,1206
2014-06-08,1.09257,1.09347,1.09255,1.09342,118
2014-06-09,1.09341,1.09393,1.08993,1.09049,1323
2014-06-10,1.09048,1.09198,1.08896,1.08971,1320
2014-06-11,1.08969,1.09034,1.086,1.08676,1340
2014-06-12,1.08675,1.08681,1.08405,1.08554,1355
2014-06-13,1.08553,1.0869,1.08465,1.08536,1220
2014-06-15,1.08551,1.08573,1.08517,1.08573,134
2014-06-16,1.08574,1.08805,1.08344,1.08485,1315
2014-06-17,1.08483,1.08736,1.08467,1.08608,1334
2014-06-18,1.08609,1.0895,1.08338,1.08353,1329
2014-06-19,1.08352,1.0836,1.08089,1.08166,1328
2014-06-20,1.08167,1.08246,1.07503,1.07552,1164
2014-06-22,1.07594,1.07597,1.07516,1.07519,155
2014-06-23,1.07518,1.07523,1.07155,1.073,1356
2014-06-24,1.07297,1.07458,1.07147,1.07431,1313
2014-06-25,1.07433,1.07504,1.07159,1.07223,1321
2014-06-26,1.07225,1.07234,1.06817,1.0692,1309
2014-06-27,1.06918,1.0695,1.06585,1.06646,1160
2014-06-29,1.06671,1.06672,1.06598,1.06655,130
2014-06-30,1.06651,1.06952,1.06455,1.06707,1284
2014-07-01,1.06706,1.06764,1.06274,1.06347,1309
2014-07-02,1.06346,1.06692,1.06253,1.06665,1341
2014-07-03,1.06666,1.0679,1.06191,1.06369,1341
2014-07-04,1.06368,1.06576,1.0629,1.06515,1143
2014-07-06,1.06472,1.06538,1.06465,1.06517,140
2014-07-07,1.06521,1.06831,1.063,1.06821,1339
2014-07-08,1.06819,1.06929,1.06607,1.06711,1373
2014-07-09,1.0671,1.06824,1.06397,1.06485,1350
2014-07-10,1.06484,1.06745,1.06433,1.06484,1376
2014-07-11,1.06483,1.07357,1.06293,1.07337,1166
2014-07-13,1.07351,1.0736,1.07259,1.07275,153
2014-07-14,1.07274,1.07459,1.07088,1.07148,1333
2014-07-15,1.07147,1.07681,1.07143,1.07583,1355
2014-07-16,1.07584,1.07928,1.0722,1.07365,1364
2014-07-17,1.07369,1.07649,1.07265,1.07615,1370
2014-07-18,1.07617,1.07617,1.07072,1.07318,1170
2014-07-20,1.07327,1.07383,1.07295,1.07382,134
2014-07-21,1.07378,1.07507,1.07248,1.07381,1296
2014-07-22,1.07382,1.07581,1.07293,1.07382,1353
2014-07-23,1.07383,1.07443,1.0709,1.07301,1354
2014-07-24,1.073,1.07505,1.07166,1.07435,1336
2014-07-25,1.07434,1.08197,1.0737,1.08113,1166
2014-07-27,1.08162,1.08162,1.08075,1.08105,149
2014-07-28,1.08106,1.0817,1.07953,1.07975,1358
2014-07-29,1.07974,1.08645,1.0796,1.08504,1344
2014-07-30,1.08503,1.09154,1.08488,1.09071,1367
2014-07-31,1.0907,1.09282,1.08753,1.09051,1373
2014-08-01,1.09054,1.09424,1.08835,1.09152,1227
2014-08-03,1.09166,1.09241,1.09144,1.09217,149
2014-08-04,1.0922,1.09327,1.0903,1.09054,1300
2014-08-05,1.09055,1.09752,1.09048,1.09619,1373
2014-08-06,1.09617,1.09844,1.09111,1.09173,1354
2014-08-07,1.09174,1.09369,1.09022,1.09312,1365
2014-08-08,1.09313,1.09825,1.09085,1.09715,1233
2014-08-10,1.0969,1.09717,1.0954,1.09706,145
2014-08-11,1.09705,1.0976,1.09173,1.09265,1331
2014-08-12,1.09266,1.09515,1.09126,1.09255,1331
2014-08-13,1.09256,1.09389,1.09052,1.09138,1334
2014-08-14,1.09139,1.09198,1.08857,1.09058,1351
2014-08-15,1.0906,1.09176,1.0859,1.08957,1174
2014-08-17,1.08851,1.08932,1.08845,1.08922,142
2014-08-18,1.08923,1.08978,1.0874,1.08902,1340
2014-08-19,1.089,1.09482,1.08876,1.09382,1373
2014-08-20,1.09388,1.09725,1.09307,1.09684,1389
2014-08-21,1.09683,1.09851,1.09383,1.09444,1371
2014-08-22,1.09445,1.0979,1.09268,1.09418,1186
2014-08-24,1.09642,1.09682,1.0958,1.09677,169
2014-08-25,1.09676,1.09962,1.09416,1.09933,1392
2014-08-26,1.09934,1.09953,1.09398,1.09497,1387
2014-08-27,1.09496,1.09519,1.08272,1.08669,1413
2014-08-28,1.08667,1.08667,1.08352,1.08549,1396
2014-08-29,1.08548,1.08782,1.08092,1.0877,1212
2014-08-31,1.08734,1.0877,1.08673,1.08758,161
2014-09-01,1.08757,1.08764,1.08549,1.08683,1333
2014-09-02,1.08682,1.09339,1.08655,1.09291,1395
2014-09-03,1.09292,1.09414,1.08696,1.0888,1405
2014-09-04,1.08878,1.09081,1.08196,1.08863,1392
2014-09-05,1.08861,1.09013,1.08389,1.08802,1208
2014-09-07,1.08793,1.08865,1.08781,1.08855,160
2014-09-08,1.08854,1.09818,1.08824,1.09812,1387
2014-09-09,1.0981,1.10303,1.09631,1.09725,1425
2014-09-10,1.09726,1.10129,1.09324,1.09508,1413
2014-09-11,1.09511,1.10576,1.09373,1.10356,1419
2014-09-12,1.10361,1.10966,1.10294,1.10908,1240
2014-09-14,1.10839,1.10908,1.10818,1.10872,160
2014-09-15,1.10872,1.10973,1.10343,1.10497,1413
2014-09-16,1.10496,1.10703,1.09647,1.09739,1419
2014-09-17,1.09732,1.10223,1.09255,1.10088,1396
2014-09-18,1.10087,1.1014,1.09273,1.09419,1411
2014-09-19,1.09417,1.09784,1.08858,1.09615,1255
2014-09-21,1.09672,1.09679,1.09451,1.09466,143
2014-09-22,1.09467,1.10431,1.0925,1.10389,1418
2014-09-23,1.1039,1.10823,1.09852,1.107,1402
2014-09-24,1.10701,1.1121,1.10519,1.10752,1422
2014-09-25,1.10751,1.11261,1.10626,1.11051,1429
2014-09-26,1.11053,1.11675,1.10911,1.11533,1251
2014-09-28,1.11513,1.11643,1.11513,1.11639,157
2014-09-29,1.1164,1.11772,1.11302,1.11581,1420
2014-09-30,1.11584,1.12181,1.11336,1.12065,1416
2014-10-01,1.12064,1.12219,1.11493,1.11515,1409
2014-10-02,1.11516,1.11764,1.10703,1.11572,1407
2014-10-03,1.11573,1.12688,1.11568,1.12432,1243
2014-10-05,1.125,1.12639,1.125,1.12593,157
2014-10-06,1.12594,1.12601,1.11102,1.11445,1417
2014-10-07,1.11447,1.11946,1.11301,1.11591,1431
2014-10-08,1.11593,1.12088,1.10919,1.11032,1430
2014-10-09,1.11033,1.119,1.10805,1.11812,1417
2014-10-10,1.1181,1.12208,1.1159,1.11975,1260
2014-10-12,1.11783,1.12045,1.11782,1.11865,172
2014-10-13,1.11862,1.12182,1.11807,1.12059,1425
2014-10-14,1.12057,1.13169,1.1191,1.1315,1425
2014-10-15,1.13151,1.1384,1.12252,1.12649,1429
2014-10-16,1.1265,1.13599,1.12257,1.12603,1437
2014-10-17,1.12602,1.12822,1.12094,1.12757,1256
2014-10-19,1.1284,1.12932,1.12749,1.129,178
2014-10-20,1.12898,1.12955,1.12507,1.12952,1426
2014-10-21,1.12952,1.12963,1.12026,1.12294,1433
2014-10-22,1.12296,1.12883,1.11841,1.12523,1432
2014-10-23,1.12522,1.12638,1.12074,1.12252,1427
2014-10-24,1.1225,1.1243,1.11946,1.12295,1259
2014-10-26,1.12271,1.1241,1.12271,1.12379,161
2014-10-27,1.12379,1.1255,1.12125,1.1249,1416
2014-10-28,1.12491,1.12517,1.11637,1.11697,1425
2014-10-29,1.11696,1.1225,1.1122,1.11915,1426
2014-10-30,1.11913,1.12227,1.11652,1.11958,1435
2014-10-31,1.11956,1.13325,1.11857,1.12635,1258
2014-11-02,1.12836,1.12883,1.12758,1.1288,119
2014-11-03,1.1288,1.13771,1.12633,1.136,1429
2014-11-04,1.136,1.1427,1.13396,1.13929,1432
2014-11-05,1.13928,1.14667,1.13708,1.13953,1431
2014-11-06,1.13951,1.14438,1.13786,1.14264,1438
2014-11-07,1.14264,1.14485,1.13121,1.13263,1314
2014-11-09,1.13231,1.13319,1.13141,1.13291,109
2014-11-10,1.13291,1.13845,1.13,1.1371,1422
2014-11-11,1.13712,1.14016,1.13177,1.13352,1434
2014-11-12,1.13352,1.1359,1.12812,1.1322,1437
2014-11-13,1.13221,1.13916,1.12989,1.1382,1432
2014-11-14,1.13822,1.1393,1.12642,1.12868,1319
2014-11-16,1.12826,1.12936,1.12772,1.12892,114
2014-11-17,1.12891,1.13277,1.12683,1.12963,1439
2014-11-18,1.12965,1.13238,1.12602,1.13205,1431
2014-11-19,1.13206,1.13593,1.13108,1.13497,1425
2014-11-20,1.13497,1.13692,1.12927,1.13099,1434
2014-11-21,1.13101,1.13259,1.11908,1.1229,1318
2014-11-23,1.12334,1.12414,1.123,1.12314,115
2014-11-24,1.12313,1.13123,1.12247,1.12891,1430
2014-11-25,1.12891,1.13167,1.12323,1.12494,1436
2014-11-26,1.12492,1.12969,1.12281,1.1254,1432
2014-11-27,1.12538,1.13545,1.12352,1.13387,1419
2014-11-28,1.1339,1.14441,1.13352,1.14117,1311
2014-11-30,1.14282,1.14563,1.14269,1.14533,110
2014-12-01,1.14533,1.14589,1.13131,1.13208,1429
2014-12-02,1.1321,1.1424,1.13182,1.14024,1407
2014-12-03,1.14024,1.14183,1.13468,1.13646,1424
2014-12-04,1.13648,1.13972,1.134,1.1387,1431
2014-12-05,1.13878,1.1476,1.13842,1.14309,1301
2014-12-07,1.14363,1.14479,1.14356,1.14458,103
2014-12-08,1.14458,1.14857,1.14267,1.14819,1401
2014-12-09,1.14819,1.15007,1.13971,1.1441,1423
2014-12-10,1.14412,1.15021,1.14358,1.14658,1435
2014-12-11,1.14659,1.15498,1.14484,1.15303,1434
2014-12-12,1.15302,1.15912,1.15158,1.15781,1316
2014-12-14,1.15895,1.15898,1.15624,1.15645,120
2014-12-15,1.15644,1.16729,1.15482,1.16558,1432
2014-12-16,1.16555,1.16649,1.16068,1.16323,1434
2014-12-17,1.16324,1.16714,1.15602,1.16362,1433
2014-12-18,1.16361,1.16456,1.15691,1.15844,1434
2014-12-19,1.15844,1.1633,1.15672,1.15979,1317
2014-12-21,1.16006,1.16155,1.15999,1.16107,111
2014-12-22,1.16107,1.16458,1.15779,1.16428,1407
2014-12-23,1.16429,1.16665,1.1599,1.16184,1404
2014-12-24,1.16183,1.16409,1.15899,1.16246,1096
2014-12-25,1.16145,1.16204,1.16085,1.16204,60
2014-12-26,1.16205,1.16297,1.16034,1.1628,1219
2014-12-28,1.16126,1.16325,1.16126,1.16325,115
2014-12-29,1.16323,1.16478,1.16046,1.16429,1417
2014-12-30,1.16429,1.1651,1.15969,1.16045,1407
2014-12-31,1.16044,1.16273,1.15649,1.16161,1285
2015-01-01,1.16094,1.16236,1.15982,1.16157,117
2015-01-02,1.16159,1.17848,1.16159,1.17812,1288
2015-01-04,1.17798,1.18414,1.17798,1.17932,119
2015-01-05,1.17932,1.18127,1.17434,1.17571,1437
2015-01-06,1.17571,1.18447,1.17307,1.18385,1434
2015-01-07,1.18384,1.18739,1.18123,1.18181,1421
2015-01-08,1.18181,1.18439,1.17965,1.18278,1433
2015-01-09,1.18278,1.189,1.18056,1.18638,1319
2015-01-11,1.18624,1.18631,1.18437,1.18438,114
2015-01-12,1.1844,1.19776,1.18351,1.19688,1421
2015-01-13,1.19689,1.19931,1.1926,1.19546,1436
2015-01-14,1.19546,1.20167,1.19289,1.19457,1439
2015-01-15,1.19457,1.1995,1.18025,1.19586,1430
2015-01-16,1.19585,1.20466,1.19585,1.19824,1310
2015-01-18,1.19766,1.198,1.19697,1.19702,109
2015-01-19,1.19704,1.19853,1.19341,1.19547,1405
2015-01-20,1.19547,1.21143,1.19509,1.21134,1432
2015-01-21,1.21133,1.2394,1.20627,1.23437,1428
2015-01-22,1.23437,1.24193,1.23132,1.23851,1427
2015-01-23,1.2385,1.24583,1.23622,1.24139,1314
2015-01-25,1.24389,1.24596,1.24359,1.2459,115
2015-01-26,1.2459,1.24889,1.2405,1.24786,1418
2015-01-27,1.24785,1.25002,1.23799,1.2396,1430
2015-01-28,1.23957,1.25369,1.23946,1.25246,1409
2015-01-29,1.25246,1.26772,1.25115,1.26128,1431
2015-01-30,1.26128,1.27992,1.261,1.27301,1313
2015-02-01,1.26978,1.2703,1.26809,1.26891,115
2015-02-02,1.26893,1.27729,1.25574,1.25821,1436
2015-02-03,1.25824,1.2644,1.23518,1.24413,1428
2015-02-04,1.24413,1.2592,1.23903,1.25782,1431
2015-02-05,1.25781,1.25862,1.23939,1.24357,1419
2015-02-06,1.24355,1.25461,1.23779,1.25257,1288
2015-02-08,1.25355,1.25376,1.25125,1.25181,115
2015-02-09,1.25181,1.25231,1.24282,1.24748,1399
2015-02-10,1.24748,1.2624,1.24511,1.25854,1406
2015-02-11,1.25853,1.26975,1.25719,1.2618,1419
2015-02-12,1.2618,1.26452,1.24381,1.25094,1418
2015-02-13,1.25096,1.25365,1.24219,1.2446,1319
2015-02-15,1.24401,1.24583,1.24401,1.2454,115
2015-02-16,1.2454,1.24905,1.24204,1.24777,1419
2015-02-17,1.24777,1.24777,1.23624,1.23911,1431
2015-02-18,1.23912,1.24658,1.23808,1.24554,1422
2015-02-19,1.24551,1.25549,1.24366,1.24904,1426
2015-02-20,1.24903,1.25645,1.2422,1.25293,1280
2015-02-22,1.25296,1.25383,1.25224,1.25342,114
2015-02-23,1.25344,1.26243,1.25341,1.2573,1424
2015-02-24,1.25731,1.26633,1.24785,1.24964,1428
2015-02-25,1.24965,1.24966,1.2401,1.24319,1433
2015-02-26,1.24318,1.25347,1.23873,1.25065,1411
2015-02-27,1.25065,1.25301,1.2449,1.25018,1310
2015-03-01,1.25008,1.25166,1.25008,1.25151,114
2015-03-02,1.2515,1.25652,1.24761,1.25416,1434
2015-03-03,1.25417,1.2543,1.24327,1.24839,1427
2015-03-04,1.24841,1.2542,1.24067,1.24255,1434
2015-03-05,1.24254,1.25183,1.24068,1.24838,1432
2015-03-06,1.24837,1.26265,1.24553,1.26213,1311
2015-03-08,1.2616,1.26199,1.26016,1.26045,158
2015-03-09,1.26044,1.2634,1.2573,1.26202,1423
2015-03-10,1.26197,1.26928,1.25971,1.26757,1432
2015-03-11,1.26757,1.27974,1.26642,1.27405,1430
2015-03-12,1.27403,1.27682,1.26174,1.26901,1432
2015-03-13,1.26899,1.28236,1.26881,1.27811,1254
2015-03-15,1.27912,1.28174,1.27851,1.28169,153
2015-03-16,1.28168,1.28184,1.27344,1.27764,1417
2015-03-17,1.27763,1.27971,1.27487,1.27872,1417
2015-03-18,1.27872,1.28347,1.24489,1.25537,1423
2015-03-19,1.25538,1.27579,1.25075,1.27001,1431
2015-03-20,1.26998,1.27234,1.2545,1.25501,1256
2015-03-22,1.25516,1.25847,1.25348,1.25832,168
2015-03-23,1.25832,1.26151,1.24952,1.25218,1434
2015-03-24,1.25218,1.25461,1.24269,1.25084,1424
2015-03-25,1.25082,1.254,1.24729,1.25273,1429
2015-03-26,1.25271,1.25325,1.24101,1.24793,1425
2015-03-27,1.24795,1.26204,1.24677,1.2607,1258
2015-03-29,1.25999,1.26126,1.25951,1.26098,174
2015-03-30,1.26096,1.27062,1.26012,1.26744,1425
2015-03-31,1.26744,1.27838,1.26519,1.26862,1428
2015-04-01,1.26866,1.27099,1.25758,1.26119,1427
2015-04-02,1.26122,1.26555,1.25542,1.25624,1422
2015-04-03,1.25627,1.2574,1.24291,1.2485,1148
2015-04-05,1.24594,1.24961,1.24517,1.24772,163
2015-04-06,1.24774,1.25065,1.24377,1.24762,1347
2015-04-07,1.24764,1.25224,1.24547,1.25028,1422
2015-04-08,1.2503,1.25583,1.23873,1.25431,1432
2015-04-09,1.25432,1.26136,1.25087,1.25799,1421
2015-04-10,1.25802,1.26669,1.25578,1.25587,1257
2015-04-12,1.2578,1.25825,1.25637,1.25753,171
2015-04-13,1.25749,1.26461,1.25622,1.25938,1430
2015-04-14,1.25938,1.26027,1.24449,1.24841,1430
2015-04-15,1.24841,1.25699,1.22804,1.23062,1434
2015-04-16,1.23061,1.23278,1.21427,1.22036,1435
2015-04-17,1.22035,1.22713,1.20874,1.22437,1259
2015-04-19,1.22073,1.2236,1.22064,1.22111,166
2015-04-20,1.22115,1.22594,1.21803,1.22262,1438
2015-04-21,1.22262,1.23055,1.22138,1.22697,1436
2015-04-22,1.22699,1.22873,1.22108,1.22446,1422
2015-04-23,1.22445,1.22687,1.2121,1.21483,1433
2015-04-24,1.2148,1.21862,1.21027,1.21745,1254
2015-04-26,1.21859,1.21904,1.21688,1.2172,162
2015-04-27,1.21718,1.21954,1.20802,1.20941,1437
2015-04-28,1.20942,1.2117,1.20149,1.20382,1424
2015-04-29,1.20382,1.20734,1.19445,1.20212,1436
2015-04-30,1.2021,1.21323,1.19967,1.20783,1433
2015-05-01,1.20783,1.22049,1.20751,1.21579,1243
2015-05-03,1.21522,1.21686,1.21522,1.21627,164
2015-05-04,1.2163,1.21806,1.20876,1.20928,1420
2015-05-05,1.20926,1.21313,1.20023,1.20751,1429
2015-05-06,1.20751,1.20874,1.19401,1.20417,1437
2015-05-07,1.20417,1.21629,1.20347,1.21062,1439
2015-05-08,1.2106,1.21455,1.20456,1.20694,1260
2015-05-10,1.20794,1.20948,1.20794,1.20901,162
2015-05-11,1.209,1.21444,1.20648,1.20953,1424
2015-05-12,1.20951,1.2107,1.19783,1.20059,1422
2015-05-13,1.20066,1.20284,1.19287,1.19567,1424
2015-05-14,1.19566,1.20062,1.19196,1.1985,1424
2015-05-15,1.19851,1.20673,1.19799,1.20114,1258
2015-05-17,1.2001,1.20253,1.2001,1.20149,157
2015-05-18,1.20151,1.21708,1.20144,1.21456,1426
2015-05-19,1.21456,1.22501,1.21291,1.22287,1434
2015-05-20,1.22287,1.22561,1.21681,1.22075,1428
2015-05-21,1.22075,1.22425,1.21711,1.21989,1423
2015-05-22,1.21989,1.23219,1.21728,1.22772,1253
2015-05-24,1.22841,1.23055,1.22815,1.22959,164
2015-05-25,1.22958,1.2319,1.22757,1.23189,1382
2015-05-26,1.23186,1.24475,1.23049,1.24229,1429
2015-05-27,1.24231,1.24921,1.23953,1.24562,1420
2015-05-28,1.24563,1.25381,1.24198,1.24248,1434
2015-05-29,1.24246,1.25272,1.24109,1.2453,1258
2015-05-31,1.24387,1.24645,1.24372,1.24582,158
2015-06-01,1.24584,1.2563,1.24481,1.25254,1426
2015-06-02,1.25255,1.25349,1.23673,1.2416,1432
2015-06-03,1.24151,1.25094,1.2385,1.24555,1419
2015-06-04,1.24557,1.25071,1.24363,1.2496,1425
2015-06-05,1.24962,1.25624,1.24269,1.24341,1249
2015-06-07,1.24328,1.24624,1.24322,1.24616,154
2015-06-08,1.24616,1.24727,1.23829,1.24118,1429
2015-06-09,1.24116,1.24414,1.23074,1.23415,1437
2015-06-10,1.23416,1.23522,1.22018,1.22779,1436
2015-06-11,1.2278,1.23538,1.22641,1.22924,1423
2015-06-12,1.22924,1.23471,1.22775,1.23184,1258
2015-06-14,1.2311,1.23214,1.23034,1.2312,163
2015-06-15,1.23121,1.23606,1.22973,1.23159,1428
2015-06-16,1.23161,1.23463,1.22831,1.22948,1421
2015-06-17,1.22951,1.23464,1.22207,1.22316,1424
2015-06-18,1.22318,1.22504,1.21273,1.22263,1420
2015-06-19,1.22263,1.22953,1.22149,1.22661,1253
2015-06-21,1.22696,1.22767,1.2252,1.2276,166
2015-06-22,1.22763,1.2329,1.22181,1.2314,1418
2015-06-23,1.23141,1.23826,1.23137,1.23231,1422
2015-06-24,1.23233,1.24227,1.22764,1.23852,1425
2015-06-25,1.23851,1.23993,1.23117,1.23314,1416
2015-06-26,1.23314,1.23976,1.23096,1.23164,1255
2015-06-28,1.2336,1.23573,1.23227,1.23535,179
2015-06-29,1.23536,1.24135,1.23038,1.24134,1422
2015-06-30,1.24133,1.25002,1.23629,1.24767,1433
2015-07-01,1.24769,1.25976,1.24751,1.259,1420
2015-07-02,1.25901,1.26331,1.25353,1.25457,1422
2015-07-03,1.25458,1.26023,1.25396,1.2569,1255
2015-07-05,1.25955,1.26149,1.25851,1.26133,174
2015-07-06,1.26134,1.26637,1.25629,1.26609,1432
2015-07-07,1.26607,1.27796,1.26518,1.27206,1438
2015-07-08,1.27205,1.27678,1.26885,1.27308,1435
2015-07-09,1.27309,1.27433,1.2666,1.27096,1434
2015-07-10,1.27094,1.27532,1.26542,1.26567,1259
2015-07-12,1.27004,1.27031,1.26875,1.26972,168
2015-07-13,1.26973,1.279,1.26803,1.27522,1427
2015-07-14,1.27521,1.2805,1.27172,1.27357,1433
2015-07-15,1.27357,1.2958,1.27231,1.29288,1433
2015-07-16,1.29288,1.29694,1.29049,1.29681,1429
2015-07-17,1.29682,1.30076,1.29475,1.29702,1257
2015-07-19,1.29745,1.29886,1.29742,1.2988,143
2015-07-20,1.29881,1.30241,1.29527,1.29964,1429
2015-07-21,1.29965,1.30124,1.29168,1.29417,1428
2015-07-22,1.29417,1.30526,1.29366,1.30417,1435
2015-07-23,1.30416,1.30479,1.29462,1.30212,1425
2015-07-24,1.30212,1.31027,1.30171,1.30463,1259
2015-07-26,1.30393,1.30541,1.30322,1.30417,154
2015-07-27,1.30417,1.30465,1.2979,1.30367,1428
2015-07-28,1.30369,1.30429,1.29114,1.29287,1434
2015-07-29,1.29287,1.2967,1.28607,1.29501,1426
2015-07-30,1.29501,1.30439,1.29491,1.30046,1434
2015-07-31,1.30046,1.30933,1.29404,1.30898,1259
2015-08-02,1.30895,1.31266,1.30789,1.31248,151
2015-08-03,1.31248,1.31757,1.31102,1.31597,1430
2015-08-04,1.31597,1.32015,1.31051,1.31932,1437
2015-08-05,1.31933,1.32133,1.31097,1.31707,1429
2015-08-06,1.31709,1.31965,1.30941,1.31159,1431
2015-08-07,1.31158,1.31836,1.30484,1.31309,1257
2015-08-09,1.31185,1.31487,1.31185,1.31471,163
2015-08-10,1.31469,1.31819,1.29914,1.30115,1429
2015-08-11,1.30115,1.315,1.29952,1.31006,1435
2015-08-12,1.31004,1.31571,1.29517,1.29778,1434
2015-08-13,1.29777,1.30903,1.29591,1.30629,1431
2015-08-14,1.3063,1.30975,1.30161,1.30865,1258
2015-08-16,1.30905,1.31041,1.30896,1.31002,154
2015-08-17,1.31,1.31519,1.30598,1.30956,1432
2015-08-18,1.30954,1.31265,1.30406,1.30602,1410
2015-08-19,1.30602,1.31778,1.30241,1.31247,1435
2015-08-20,1.31246,1.31765,1.30591,1.30774,1426
2015-08-21,1.30773,1.31934,1.30593,1.31864,1218
2015-08-23,1.31803,1.32374,1.31773,1.32196,162
2015-08-24,1.32195,1.3291,1.31436,1.3286,1433
2015-08-25,1.3286,1.3354,1.31442,1.33455,1429
2015-08-26,1.33455,1.3349,1.32504,1.33011,1435
2015-08-27,1.3301,1.33045,1.31787,1.3191,1420
2015-08-28,1.31911,1.33001,1.31669,1.31994,1259
2015-08-30,1.32122,1.32423,1.32092,1.32421,151
2015-08-31,1.32422,1.3327,1.31165,1.3144,1424
2015-09-01,1.31441,1.3259,1.31184,1.32531,1430
2015-09-02,1.32531,1.33241,1.3199,1.32662,1424
2015-09-03,1.3266,1.3289,1.3137,1.31897,1425
2015-09-04,1.31899,1.32895,1.31601,1.32782,1258
2015-09-06,1.32571,1.32787,1.32483,1.32765,169
2015-09-07,1.32765,1.33099,1.32448,1.32985,1357
2015-09-08,1.32984,1.33088,1.31851,1.32009,1415
2015-09-09,1.32015,1.32853,1.31547,1.32801,1429
2015-09-10,1.32801,1.32878,1.31759,1.32309,1428
2015-09-11,1.32306,1.33097,1.32152,1.32585,1247
2015-09-13,1.32504,1.32604,1.32443,1.32465,146
2015-09-14,1.32465,1.32799,1.32242,1.32526,1403
2015-09-15,1.32524,1.32723,1.32265,1.32453,1397
2015-09-16,1.32456,1.32513,1.31599,1.31704,1419
2015-09-17,1.31704,1.32052,1.30732,1.3178,1428
2015-09-18,1.3178,1.32293,1.30121,1.32258,1256
2015-09-20,1.32294,1.32302,1.32138,1.322,154
2015-09-21,1.322,1.32648,1.31758,1.325,1414
2015-09-22,1.32502,1.3298,1.32186,1.32736,1404
2015-09-23,1.3274,1.3357,1.32328,1.33265,1414
2015-09-24,1.33265,1.34165,1.32911,1.33401,1436
2015-09-25,1.334,1.33547,1.32978,1.33352,1255
2015-09-27,1.33344,1.33414,1.33227,1.33365,147
2015-09-28,1.33365,1.33986,1.3317,1.33976,1411
2015-09-29,1.33969,1.34574,1.33717,1.3422,1405
2015-09-30,1.34215,1.34303,1.33069,1.33182,1431
2015-10-01,1.33182,1.33203,1.32187,1.3246,1417
2015-10-02,1.3246,1.3251,1.31508,1.31508,1241
2015-10-04,1.31481,1.31753,1.31471,1.31719,160
2015-10-05,1.31718,1.31741,1.30643,1.30849,1408
2015-10-06,1.30845,1.3134,1.30255,1.30433,1416
2015-10-07,1.30433,1.3072,1.29717,1.30654,1410
2015-10-08,1.30654,1.30739,1.2979,1.29979,1427
2015-10-09,1.29979,1.30004,1.29009,1.29412,1258
2015-10-11,1.29552,1.29604,1.29416,1.29524,154
2015-10-12,1.29523,1.30132,1.29013,1.30126,1394
2015-10-13,1.30125,1.308,1.29563,1.3019,1427
2015-10-14,1.3019,1.30245,1.29112,1.29166,1416
2015-10-15,1.29163,1.29482,1.28315,1.28556,1431
2015-10-16,1.28557,1.2939,1.28522,1.29056,1256
2015-10-18,1.29015,1.29198,1.29,1.29168,152
2015-10-19,1.29172,1.30285,1.29014,1.30222,1430
2015-10-20,1.30221,1.30474,1.2935,1.29867,1426
2015-10-21,1.29867,1.31446,1.29684,1.31341,1433
2015-10-22,1.3134,1.31599,1.30838,1.31065,1435
2015-10-23,1.31064,1.31981,1.30398,1.31647,1256
2015-10-25,1.316,1.31755,1.31566,1.31724,164
2015-10-26,1.31725,1.31839,1.31208,1.31564,1416
2015-10-27,1.31566,1.32733,1.3156,1.32702,1422
2015-10-28,1.32702,1.32796,1.30896,1.31955,1429
2015-10-29,1.31954,1.32383,1.31331,1.31611,1426
2015-10-30,1.3161,1.31924,1.30555,1.30724,1259
2015-11-01,1.30739,1.30784,1.30616,1.30752,116
2015-11-02,1.30752,1.31166,1.30648,1.30941,1421
2015-11-03,1.30943,1.31648,1.30378,1.30658,1429
2015-11-04,1.30658,1.31917,1.3045,1.31571,1437
2015-11-05,1.31572,1.31864,1.31408,1.31621,1424
2015-11-06,1.31619,1.33178,1.3157,1.33039,1315
2015-11-08,1.33028,1.33086,1.32964,1.32974,102
2015-11-09,1.32974,1.331,1.32454,1.32681,1428
2015-11-10,1.32681,1.3297,1.32448,1.32647,1431
2015-11-11,1.32646,1.32832,1.32321,1.32555,1430
2015-11-12,1.32555,1.3341,1.32246,1.3284,1431
2015-11-13,1.3284,1.33495,1.32668,1.33196,1320
2015-11-15,1.33016,1.33253,1.33016,1.33188,108
2015-11-16,1.33188,1.33708,1.32898,1.33328,1430
2015-11-17,1.33327,1.33438,1.32971,1.33177,1431
2015-11-18,1.33177,1.33694,1.3294,1.32994,1436
2015-11-19,1.32995,1.33041,1.32465,1.32948,1429
2015-11-20,1.32947,1.33562,1.32703,1.33438,1320
2015-11-22,1.33341,1.33585,1.33313,1.33576,109
2015-11-23,1.33574,1.34355,1.33352,1.33622,1436
2015-11-24,1.33624,1.33771,1.32841,1.33053,1435
2015-11-25,1.33057,1.33395,1.32799,1.3297,1427
2015-11-26,1.32971,1.33246,1.32843,1.32948,1429
2015-11-27,1.32947,1.33753,1.32926,1.33696,1314
2015-11-29,1.33623,1.33731,1.33594,1.33679,109
2015-11-30,1.33682,1.33931,1.3312,1.33495,1434
2015-12-01,1.33496,1.33966,1.33097,1.33609,1432
2015-12-02,1.33609,1.34074,1.33082,1.33492,1439
2015-12-03,1.33493,1.34001,1.3293,1.33473,1434
2015-12-04,1.33473,1.34161,1.33174,1.33603,1320
2015-12-06,1.33687,1.33917,1.33642,1.33897,98
2015-12-07,1.33898,1.3524,1.33846,1.35091,1436
2015-12-08,1.35093,1.36224,1.35035,1.35797,1434
2015-12-09,1.35797,1.36197,1.35167,1.35673,1435
2015-12-10,1.35675,1.36403,1.35323,1.36337,1434
2015-12-11,1.36339,1.37576,1.36313,1.3755,1319
2015-12-13,1.37176,1.37446,1.37176,1.37373,113
2015-12-14,1.37373,1.37814,1.36766,1.37275,1438
2015-12-15,1.37276,1.37663,1.36728,1.3729,1437
2015-12-16,1.37292,1.38477,1.37276,1.37931,1424
2015-12-17,1.37931,1.39861,1.37823,1.39291,1440
2015-12-18,1.39291,1.40006,1.38542,1.39558,1320
2015-12-20,1.39342,1.39508,1.39261,1.39433,108
2015-12-21,1.39434,1.39937,1.39129,1.39506,1432
2015-12-22,1.39504,1.39643,1.3911,1.39198,1431
2015-12-23,1.39197,1.39369,1.38355,1.38533,1433
2015-12-24,1.38531,1.38745,1.38178,1.38471,1138
2015-12-27,1.38156,1.3843,1.38148,1.38401,103
2015-12-28,1.38401,1.3916,1.38263,1.38945,1412
2015-12-29,1.38954,1.394,1.38158,1.38357,1409
2015-12-30,1.38357,1.39272,1.38286,1.38736,1435
2015-12-31,1.38737,1.39032,1.38215,1.38351,1302
2016-01-03,1.38138,1.38765,1.38138,1.38738,118
2016-01-04,1.38728,1.39832,1.38496,1.39364,1428
2016-01-05,1.39363,1.4019,1.3898,1.39873,1438
2016-01-06,1.39873,1.4109,1.39794,1.40678,1437
2016-01-07,1.40679,1.41698,1.405,1.41045,1439
2016-01-08,1.41045,1.41773,1.40585,1.41702,1320
2016-01-10,1.41648,1.41885,1.41547,1.41835,114
2016-01-11,1.41833,1.42452,1.40652,1.4223,1440
2016-01-12,1.4223,1.43155,1.41764,1.4256,1436
2016-01-13,1.42559,1.43802,1.4187,1.43527,1439
2016-01-14,1.43526,1.43974,1.43346,1.43429,1434
2016-01-15,1.4343,1.45544,1.43429,1.45364,1319
2016-01-17,1.4599,1.46052,1.45612,1.45803,117
2016-01-18,1.45803,1.45829,1.44861,1.45443,1431
2016-01-19,1.45442,1.45893,1.44316,1.45667,1436
2016-01-20,1.45666,1.46898,1.44707,1.44712,1436
2016-01-21,1.44712,1.45408,1.42276,1.427,1438
2016-01-22,1.42699,1.42996,1.41143,1.41172,1320
2016-01-24,1.41432,1.41475,1.41326,1.41433,116
2016-01-25,1.41431,1.42987,1.41261,1.42987,1435
2016-01-26,1.42987,1.43255,1.40444,1.41208,1436
2016-01-27,1.41209,1.41567,1.40278,1.40981,1433
2016-01-28,1.40975,1.41231,1.39477,1.40369,1436
2016-01-29,1.40368,1.41087,1.39657,1.39737,1320
2016-01-31,1.39685,1.39895,1.3967,1.39733,112
2016-02-01,1.39733,1.40622,1.39079,1.39546,1431
2016-02-02,1.39546,1.40817,1.39508,1.40671,1439
2016-02-03,1.40665,1.41023,1.37569,1.37938,1439
2016-02-04,1.37937,1.37937,1.36391,1.37576,1435
2016-02-05,1.37576,1.39191,1.37092,1.39146,1320
2016-02-07,1.38976,1.39036,1.38682,1.38854,113
2016-02-08,1.38854,1.39777,1.38405,1.39284,1439
2016-02-09,1.39286,1.39604,1.37861,1.3883,1438
2016-02-10,1.38833,1.39979,1.38199,1.39233,1427
2016-02-11,1.39231,1.40163,1.38831,1.39171,1440
2016-02-12,1.39172,1.39647,1.38128,1.38434,1320
2016-02-14,1.3851,1.38604,1.38355,1.38378,108
2016-02-15,1.38379,1.38517,1.37978,1.38214,1433
2016-02-16,1.38222,1.39113,1.37064,1.386,1438
2016-02-17,1.38599,1.38986,1.36653,1.36797,1440
2016-02-18,1.36798,1.3751,1.36534,1.37379,1437
2016-02-19,1.37376,1.38466,1.37347,1.37635,1320
2016-02-21,1.37723,1.37926,1.37691,1.37897,97
2016-02-22,1.37896,1.3791,1.36619,1.37034,1429
2016-02-23,1.37035,1.38207,1.36947,1.37962,1433
2016-02-24,1.37962,1.38591,1.36774,1.37034,1438
2016-02-25,1.37033,1.3735,1.35171,1.35428,1439
2016-02-26,1.35427,1.35642,1.35049,1.35116,1320
2016-02-28,1.3513,1.35563,1.3513,1.35507,117
2016-02-29,1.35508,1.35867,1.34814,1.35382,1438
2016-03-01,1.35382,1.35511,1.33859,1.34275,1438
2016-03-02,1.34274,1.34988,1.3412,1.34296,1437
2016-03-03,1.34295,1.34727,1.33712,1.34075,1436
2016-03-04,1.34076,1.3471,1.33109,1.33118,1320
2016-03-06,1.33302,1.33376,1.33203,1.3336,113
2016-03-07,1.3336,1.33773,1.3261,1.32911,1430
2016-03-08,1.32899,1.34269,1.32894,1.34186,1439
2016-03-09,1.34187,1.34462,1.32282,1.32489,1438
2016-03-10,1.32489,1.33978,1.32317,1.33375,1432
2016-03-11,1.33374,1.3343,1.31678,1.32087,1320
2016-03-13,1.32222,1.32449,1.32222,1.32363,154
2016-03-14,1.32363,1.33078,1.32114,1.32755,1436
2016-03-15,1.32756,1.3402,1.327,1.3356,1428
2016-03-16,1.33559,1.34049,1.30924,1.31178,1438
2016-03-17,1.31179,1.31227,1.29455,1.29887,1437
2016-03-18,1.29886,1.30424,1.29228,1.3002,1260
2016-03-20,1.30126,1.30514,1.30121,1.30474,158
2016-03-21,1.30475,1.31023,1.30214,1.30932,1432
2016-03-22,1.30932,1.31382,1.30279,1.30503,1437
2016-03-23,1.30504,1.32192,1.30384,1.32089,1439
2016-03-24,1.32088,1.32964,1.3207,1.3245,1408
2016-03-25,1.3245,1.32844,1.32233,1.32549,1092
2016-03-27,1.32744,1.32844,1.32652,1.3273,161
2016-03-28,1.32729,1.32845,1.31672,1.31764,1416
2016-03-29,1.31767,1.32154,1.30505,1.30637,1439
2016-03-30,1.30635,1.30807,1.29116,1.29771,1435
2016-03-31,1.29768,1.30106,1.28569,1.299,1439
2016-04-01,1.29899,1.3147,1.29683,1.30102,1260
2016-04-03,1.30294,1.30422,1.3019,1.30379,160
2016-04-04,1.30378,1.30875,1.30024,1.30771,1431
2016-04-05,1.3077,1.32188,1.30731,1.31418,1434
2016-04-06,1.31416,1.31862,1.3063,1.30814,1427
2016-04-07,1.30813,1.31803,1.30185,1.31429,1434
2016-04-08,1.31429,1.31434,1.29521,1.2983,1260
2016-04-10,1.29857,1.29988,1.29763,1.29786,153
2016-04-11,1.29793,1.30158,1.28852,1.29097,1425
2016-04-12,1.29097,1.29203,1.275,1.27676,1437
2016-04-13,1.27678,1.28279,1.27447,1.28189,1432
2016-04-14,1.2819,1.28972,1.27818,1.28413,1435
2016-04-15,1.28413,1.29024,1.27969,1.28169,1260
2016-04-17,1.29537,1.29852,1.2929,1.29769,176
2016-04-18,1.29774,1.29901,1.27641,1.27727,1433
2016-04-19,1.27726,1.27853,1.26306,1.26967,1435
2016-04-20,1.26967,1.27298,1.2593,1.26466,1431
2016-04-21,1.26466,1.27499,1.26276,1.27243,1435
2016-04-22,1.27243,1.27581,1.26222,1.26672,1260
2016-04-24,1.26572,1.26728,1.26503,1.26702,170
2016-04-25,1.26701,1.27174,1.26566,1.26769,1436
2016-04-26,1.26768,1.26858,1.25953,1.26111,1432
2016-04-27,1.26108,1.26943,1.25711,1.25823,1437
2016-04-28,1.25823,1.26062,1.25149,1.25499,1422
2016-04-29,1.25498,1.25873,1.24988,1.25543,1260
2016-05-01,1.25547,1.25585,1.25403,1.25423,163
2016-05-02,1.25425,1.25627,1.25133,1.25312,1429
2016-05-03,1.25313,1.27313,1.24607,1.27011,1432
2016-05-04,1.27012,1.28855,1.26969,1.28638,1426
2016-05-05,1.28636,1.28753,1.27857,1.2854,1431
2016-05-06,1.28539,1.29516,1.28354,1.29085,1260
2016-05-08,1.29514,1.29514,1.29175,1.29318,179
2016-05-09,1.29318,1.30149,1.29059,1.29596,1421
2016-05-10,1.29597,1.298,1.29069,1.29169,1427
2016-05-11,1.2917,1.2942,1.28299,1.28638,1431
2016-05-12,1.28637,1.28784,1.27714,1.28423,1423
2016-05-13,1.28423,1.29574,1.28408,1.29407,1260
2016-05-15,1.29456,1.29594,1.29423,1.29551,153
2016-05-16,1.29552,1.29624,1.28753,1.29006,1427
2016-05-17,1.29006,1.29552,1.28371,1.29081,1419
2016-05-18,1.29081,1.30371,1.28939,1.30281,1430
2016-05-19,1.30282,1.31542,1.30278,1.30886,1427
2016-05-20,1.30887,1.31617,1.30768,1.31139,1260
2016-05-22,1.31106,1.31274,1.31106,1.31257,157
2016-05-23,1.31259,1.3174,1.30989,1.3148,1430
2016-05-24,1.31481,1.31881,1.30863,1.3127,1428
2016-05-25,1.31269,1.31333,1.30122,1.30344,1423
2016-05-26,1.30343,1.30348,1.29109,1.29746,1419
2016-05-27,1.29746,1.30681,1.29676,1.3022,1260
2016-05-29,1.30256,1.30565,1.3023,1.30486,163
2016-05-30,1.30487,1.30946,1.3033,1.3041,1430
2016-05-31,1.30409,1.31344,1.30167,1.30752,1427
2016-06-01,1.30751,1.31223,1.30424,1.30757,1426
2016-06-02,1.30756,1.31439,1.30553,1.3096,1425
2016-06-03,1.30965,1.31035,1.29153,1.29353,1260
2016-06-05,1.29408,1.29646,1.29369,1.29577,160
2016-06-06,1.29578,1.29826,1.28033,1.28144,1433
2016-06-07,1.28144,1.28388,1.27306,1.27599,1433
2016-06-08,1.27599,1.27599,1.26547,1.26869,1435
2016-06-09,1.2687,1.27663,1.26704,1.27315,1426
2016-06-10,1.27315,1.27801,1.266,1.27773,1260
2016-06-12,1.27893,1.27893,1.27701,1.27794,172
2016-06-13,1.27795,1.28391,1.27498,1.28314,1432
2016-06-14,1.28315,1.28728,1.28149,1.28616,1428
2016-06-15,1.28616,1.29425,1.2826,1.29111,1434
2016-06-16,1.29112,1.30854,1.2895,1.29102,1429
2016-06-17,1.29102,1.29429,1.28296,1.28908,1260
2016-06-19,1.28468,1.28601,1.28383,1.28498,156
2016-06-20,1.28498,1.28582,1.27724,1.27992,1435
2016-06-21,1.27992,1.28266,1.27625,1.28052,1423
2016-06-22,1.28052,1.28537,1.27421,1.28166,1436
2016-06-23,1.28166,1.28733,1.26782,1.28215,1439
2016-06-24,1.28215,1.30989,1.28134,1.29945,1260
2016-06-26,1.30396,1.30446,1.30126,1.3025,176
2016-06-27,1.30241,1.31199,1.29943,1.30671,1433
2016-06-28,1.3067,1.31076,1.29663,1.30204,1429
2016-06-29,1.30204,1.30422,1.29287,1.29361,1431
2016-06-30,1.29362,1.30161,1.29139,1.29592,1435
2016-07-01,1.29592,1.29746,1.28649,1.29051,1260
2016-07-03,1.2912,1.29223,1.29072,1.29125,144
2016-07-04,1.29124,1.29144,1.28315,1.2869,1409
2016-07-05,1.2869,1.30172,1.28469,1.30039,1404
2016-07-06,1.30039,1.30557,1.29474,1.29639,1428
2016-07-07,1.29638,1.30205,1.28765,1.29978,1436
2016-07-08,1.2998,1.30895,1.29879,1.3035,1259
2016-07-10,1.30432,1.30626,1.30373,1.30487,165
2016-07-11,1.30487,1.31394,1.303,1.31208,1429
2016-07-12,1.31208,1.31324,1.29808,1.30598,1427
2016-07-13,1.30595,1.30831,1.29357,1.29752,1435
2016-07-14,1.29751,1.29759,1.28621,1.29093,1432
2016-07-15,1.29098,1.29876,1.28609,1.29655,1260
2016-07-17,1.29399,1.29626,1.29329,1.29558,158
2016-07-18,1.29559,1.30223,1.29266,1.29578,1428
2016-07-19,1.29576,1.30538,1.29553,1.30265,1402
2016-07-20,1.30267,1.30955,1.30135,1.30694,1431
2016-07-21,1.30692,1.31005,1.30239,1.30727,1417
2016-07-22,1.30726,1.31849,1.30556,1.31215,1258
2016-07-24,1.31239,1.31498,1.31226,1.31364,157
2016-07-25,1.31364,1.32418,1.31234,1.32225,1416
2016-07-26,1.32226,1.32434,1.31701,1.31736,1409
2016-07-27,1.31736,1.32534,1.31327,1.31382,1429
2016-07-28,1.31382,1.31919,1.31009,1.31516,1422
2016-07-29,1.31517,1.3186,1.30014,1.30255,1258
2016-07-31,1.303,1.3062,1.3028,1.30593,156
2016-08-01,1.30592,1.31304,1.30276,1.31232,1422
2016-08-02,1.31237,1.31408,1.30048,1.31053,1420
2016-08-03,1.31055,1.31473,1.30606,1.30717,1429
2016-08-04,1.30717,1.30888,1.29958,1.30155,1399
2016-08-05,1.30155,1.32003,1.30089,1.31665,1242
2016-08-07,1.31751,1.31893,1.31703,1.31827,162
2016-08-08,1.31829,1.31875,1.31361,1.31557,1396
2016-08-09,1.31559,1.31896,1.31092,1.31176,1406
2016-08-10,1.31178,1.31178,1.29898,1.30579,1426
2016-08-11,1.30577,1.30797,1.29579,1.29867,1431
2016-08-12,1.29867,1.29922,1.29241,1.29554,1255
2016-08-14,1.29531,1.29666,1.29456,1.29591,150
2016-08-15,1.29577,1.29749,1.29015,1.29287,1410
2016-08-16,1.29287,1.29337,1.27987,1.28656,1417
2016-08-17,1.28654,1.29172,1.28304,1.2844,1434
2016-08-18,1.2844,1.2853,1.27639,1.27776,1421
2016-08-19,1.27775,1.28917,1.27766,1.28675,1256
2016-08-21,1.2893,1.2896,1.2873,1.28895,146
2016-08-22,1.28896,1.29648,1.28893,1.29402,1424
2016-08-23,1.29401,1.29413,1.28586,1.29196,1423
2016-08-24,1.29195,1.29576,1.29017,1.29326,1423
2016-08-25,1.29327,1.29394,1.28985,1.2914,1426
2016-08-26,1.29143,1.30112,1.28305,1.29999,1244
2016-08-28,1.29901,1.30171,1.29844,1.30164,161
2016-08-29,1.30164,1.30475,1.29966,1.3013,1417
2016-08-30,1.30132,1.31032,1.30094,1.30873,1402
2016-08-31,1.30873,1.31454,1.30796,1.31111,1429
2016-09-01,1.31108,1.31479,1.30825,1.30938,1416
2016-09-02,1.30939,1.31143,1.29812,1.29836,1255
2016-09-04,1.29807,1.29951,1.29807,1.29948,146
2016-09-05,1.29944,1.29948,1.29062,1.29303,1394
2016-09-06,1.29302,1.29314,1.28266,1.28491,1421
2016-09-07,1.28492,1.29139,1.28223,1.28834,1428
2016-09-08,1.28834,1.29379,1.28511,1.29217,1424
2016-09-09,1.29218,1.30527,1.291,1.30471,1257
2016-09-11,1.30496,1.30658,1.30315,1.30486,178
2016-09-12,1.30488,1.31237,1.30304,1.30308,1413
2016-09-13,1.30304,1.319,1.30292,1.31578,1430
2016-09-14,1.31579,1.32083,1.31279,1.31927,1421
2016-09-15,1.31928,1.32356,1.31306,1.31575,1420
2016-09-16,1.31575,1.3248,1.31417,1.32131,1254
2016-09-18,1.32193,1.32238,1.31938,1.32002,143
2016-09-19,1.32006,1.32112,1.31352,1.32025,1399
2016-09-20,1.32026,1.32427,1.3181,1.3182,1414
2016-09-21,1.31822,1.3237,1.30738,1.30825,1434
2016-09-22,1.30826,1.30862,1.30002,1.30489,1423
2016-09-23,1.30487,1.3181,1.30295,1.3164,1258
2016-09-25,1.31578,1.31777,1.31504,1.31509,166
2016-09-26,1.3151,1.32434,1.3136,1.32284,1420
2016-09-27,1.32285,1.32807,1.31636,1.3209,1428
2016-09-28,1.3209,1.32692,1.30517,1.30648,1433
2016-09-29,1.30654,1.31839,1.30478,1.31528,1439
2016-09-30,1.31528,1.31949,1.30861,1.3125,1258
2016-10-02,1.31242,1.31376,1.31082,1.3131,163
2016-10-03,1.31305,1.3144,1.30678,1.31186,1430
2016-10-04,1.31184,1.32152,1.31152,1.31974,1435
2016-10-05,1.31974,1.32316,1.31606,1.31776,1422
2016-10-06,1.31779,1.32484,1.31763,1.32231,1422
2016-10-07,1.3223,1.33127,1.31857,1.32934,1255
2016-10-09,1.32383,1.32624,1.32365,1.32484,155
2016-10-10,1.32485,1.32778,1.31394,1.31685,1418
2016-10-11,1.31686,1.32726,1.31686,1.32297,1424
2016-10-12,1.32296,1.32879,1.32086,1.32771,1433
2016-10-13,1.3277,1.3307,1.31855,1.32021,1420
2016-10-14,1.32021,1.32195,1.31023,1.3136,1260
2016-10-16,1.31226,1.31485,1.31226,1.31419,167
2016-10-17,1.31417,1.31829,1.31149,1.31153,1418
2016-10-18,1.31159,1.31393,1.30547,1.31084,1426
2016-10-19,1.31084,1.3141,1.30056,1.31327,1423
2016-10-20,1.31325,1.32341,1.31271,1.32276,1423
2016-10-21,1.32276,1.33549,1.32256,1.33291,1258
2016-10-23,1.33242,1.33546,1.33242,1.33517,157
2016-10-24,1.33513,1.33973,1.32761,1.33487,1439
2016-10-25,1.33487,1.33709,1.33071,1.33531,1416
2016-10-26,1.33531,1.33847,1.33141,1.33733,1413
2016-10-27,1.33735,1.34068,1.33521,1.33862,1424
2016-10-28,1.33871,1.34332,1.33526,1.33937,1257
2016-10-30,1.34233,1.34243,1.33952,1.3405,164
2016-10-31,1.34051,1.34237,1.33748,1.3419,1418
2016-11-01,1.34191,1.34249,1.33529,1.33926,1428
2016-11-02,1.33928,1.34233,1.33592,1.33954,1428
2016-11-03,1.33954,1.34022,1.33612,1.33921,1413
2016-11-04,1.33922,1.34653,1.33859,1.34001,1260
2016-11-06,1.33405,1.33834,1.33405,1.33587,119
2016-11-07,1.33592,1.34172,1.3357,1.33721,1438
2016-11-08,1.33722,1.33911,1.32836,1.32955,1435
2016-11-09,1.32956,1.35247,1.32636,1.341,1439
2016-11-10,1.34108,1.35085,1.33865,1.34716,1436
2016-11-11,1.34718,1.35482,1.3456,1.35377,1320
2016-11-13,1.34979,1.3527,1.34979,1.35256,116
2016-11-14,1.35257,1.35884,1.35202,1.35381,1434
2016-11-15,1.3538,1.35521,1.34431,1.34546,1425
2016-11-16,1.34549,1.3506,1.34046,1.34265,1439
2016-11-17,1.34268,1.35368,1.33998,1.35357,1434
2016-11-18,1.35357,1.35642,1.34922,1.35001,1320
2016-11-20,1.34947,1.3513,1.34947,1.3508,109
2016-11-21,1.35084,1.35098,1.33863,1.34099,1420
2016-11-22,1.341,1.3467,1.33778,1.34315,1431
2016-11-23,1.34313,1.35163,1.34238,1.35022,1422
2016-11-24,1.3502,1.35353,1.34759,1.34912,1392
2016-11-25,1.34912,1.35341,1.34534,1.35151,1302
2016-11-27,1.34947,1.35368,1.34947,1.35196,115
2016-11-28,1.35202,1.35221,1.33964,1.3403,1428
2016-11-29,1.34035,1.34807,1.33996,1.34308,1410
2016-11-30,1.34311,1.34632,1.33565,1.34255,1433
2016-12-01,1.34255,1.34371,1.33008,1.33069,1433
2016-12-02,1.33071,1.33187,1.32545,1.32858,1318
2016-12-04,1.3287,1.33558,1.32813,1.33257,115
2016-12-05,1.33257,1.33483,1.32356,1.32735,1422
2016-12-06,1.32737,1.33113,1.32522,1.32765,1415
2016-12-07,1.32765,1.32967,1.32227,1.32249,1410
2016-12-08,1.32248,1.32501,1.31839,1.31966,1430
2016-12-09,1.31967,1.32124,1.31526,1.31736,1317
2016-12-11,1.31385,1.31597,1.31135,1.31312,118
2016-12-12,1.31312,1.31521,1.3108,1.31266,1427
2016-12-13,1.31266,1.31398,1.31023,1.31355,1427
2016-12-14,1.31355,1.32948,1.30805,1.32853,1431
2016-12-15,1.32852,1.34173,1.32737,1.33338,1424
2016-12-16,1.33338,1.33922,1.33181,1.33286,1320
2016-12-18,1.33354,1.33422,1.33282,1.334,108
2016-12-19,1.33399,1.34224,1.33172,1.34044,1434
2016-12-20,1.34044,1.34338,1.33587,1.33703,1438
2016-12-21,1.33705,1.34462,1.33576,1.34316,1432
2016-12-22,1.34316,1.35204,1.34168,1.34813,1422
2016-12-23,1.34814,1.35568,1.34795,1.35335,1314
2016-12-25,1.35247,1.35384,1.35174,1.35181,82
2016-12-26,1.35181,1.3542,1.35055,1.35242,399
2016-12-27,1.35244,1.35798,1.35169,1.35755,1404
2016-12-28,1.35755,1.35984,1.35392,1.35524,1426
2016-12-29,1.35523,1.3558,1.34741,1.34796,1430
2016-12-30,1.34797,1.34965,1.34008,1.34282,1317
2017-01-02,1.34366,1.34526,1.33853,1.34403,932
2017-01-03,1.34403,1.34606,1.33984,1.34205,1426
2017-01-04,1.34209,1.34568,1.32812,1.32981,1439
2017-01-05,1.32981,1.33128,1.31914,1.32291,1432
2017-01-06,1.32291,1.32677,1.31772,1.32329,1319
2017-01-08,1.32423,1.32534,1.32396,1.32396,113
2017-01-09,1.324,1.3277,1.31966,1.32148,1434
2017-01-10,1.32147,1.32574,1.31917,1.32453,1424
2017-01-11,1.32452,1.32937,1.31188,1.31639,1432
2017-01-12,1.31639,1.31701,1.30291,1.31505,1432
2017-01-13,1.31509,1.31681,1.31102,1.31121,1317
2017-01-15,1.31319,1.31372,1.31183,1.31275,110
2017-01-16,1.31273,1.31877,1.31244,1.31753,1431
2017-01-17,1.31753,1.31891,1.30183,1.30625,1431
2017-01-18,1.3062,1.32715,1.30488,1.32643,1430
2017-01-19,1.32643,1.33534,1.32527,1.33211,1437
2017-01-20,1.3321,1.33873,1.32839,1.33161,1320
2017-01-22,1.33221,1.33292,1.33027,1.33033,115
2017-01-23,1.33033,1.33347,1.32194,1.3238,1438
2017-01-24,1.32382,1.32988,1.31057,1.31556,1428
2017-01-25,1.31554,1.31624,1.3061,1.30681,1436
2017-01-26,1.30681,1.31302,1.30528,1.30902,1439
2017-01-27,1.30904,1.31539,1.30882,1.31486,1320
2017-01-29,1.31306,1.31411,1.31213,1.31293,99
2017-01-30,1.31292,1.31688,1.30763,1.31031,1434
2017-01-31,1.31031,1.31235,1.29689,1.30387,1439
2017-02-01,1.30389,1.31023,1.30351,1.30481,1437
2017-02-02,1.30488,1.30493,1.29801,1.30283,1425
2017-02-03,1.30283,1.30755,1.29922,1.30201,1320
2017-02-05,1.30245,1.30319,1.30169,1.30187,114
2017-02-06,1.30187,1.31356,1.30069,1.30843,1435
2017-02-07,1.30842,1.32118,1.30775,1.31912,1434
2017-02-08,1.31912,1.31999,1.31345,1.31463,1435
2017-02-09,1.31469,1.3168,1.30939,1.31375,1432
2017-02-10,1.31375,1.3158,1.30629,1.30793,1318
2017-02-12,1.30844,1.31202,1.30817,1.31176,120
2017-02-13,1.31191,1.3121,1.30542,1.30716,1429
2017-02-14,1.30716,1.31063,1.30245,1.30805,1431
2017-02-15,1.30804,1.31197,1.30642,1.30691,1430
2017-02-16,1.30694,1.308,1.30089,1.30756,1426
2017-02-17,1.30757,1.3126,1.30598,1.30897,1319
2017-02-19,1.30963,1.30986,1.30842,1.30892,107
2017-02-20,1.30891,1.31193,1.30739,1.31048,1426
2017-02-21,1.31048,1.31646,1.31026,1.31456,1426
2017-02-22,1.31455,1.32095,1.31099,1.31637,1428
2017-02-23,1.31638,1.31701,1.30824,1.31016,1431
2017-02-24,1.31016,1.31188,1.30568,1.30867,1316
2017-02-26,1.30961,1.31223,1.30961,1.31196,109
2017-02-27,1.31195,1.31911,1.30831,1.31872,1433
2017-02-28,1.31871,1.33148,1.31646,1.33124,1432
2017-03-01,1.33126,1.33574,1.3284,1.33538,1430
2017-03-02,1.33537,1.34017,1.33404,1.33887,1427
2017-03-03,1.33888,1.34366,1.33718,1.33746,1319
2017-03-05,1.33741,1.33853,1.33741,1.33822,103
2017-03-06,1.33817,1.34244,1.33719,1.34,1434
2017-03-07,1.33999,1.3435,1.33828,1.34113,1417
2017-03-08,1.34112,1.35,1.33975,1.34884,1428
2017-03-09,1.34883,1.35349,1.34823,1.35061,1431
2017-03-10,1.35062,1.35135,1.34212,1.34663,1319
2017-03-12,1.34507,1.34649,1.34495,1.34598,167
2017-03-13,1.34598,1.34757,1.34304,1.34512,1423
2017-03-14,1.34512,1.34948,1.34391,1.34703,1431
2017-03-15,1.34703,1.34789,1.32926,1.32956,1433
2017-03-16,1.32955,1.33523,1.32762,1.33215,1435
2017-03-17,1.33215,1.33774,1.33038,1.33437,1247
2017-03-19,1.33427,1.33539,1.33261,1.33345,162
2017-03-20,1.33345,1.33724,1.33035,1.33389,1417
2017-03-21,1.33389,1.33645,1.32642,1.33585,1422
2017-03-22,1.33586,1.3409,1.33201,1.33332,1428
2017-03-23,1.33331,1.33568,1.33156,1.33487,1436
2017-03-24,1.33488,1.33854,1.3347,1.33794,1259
2017-03-26,1.33558,1.33647,1.33236,1.33291,161
2017-03-27,1.3329,1.34033,1.33209,1.33863,1423
2017-03-28,1.33861,1.34141,1.33539,1.33778,1419
2017-03-29,1.33778,1.34005,1.33224,1.33319,1429
2017-03-30,1.3332,1.33515,1.32775,1.33316,1432
2017-03-31,1.33317,1.33674,1.32844,1.33191,1259
2017-04-02,1.33106,1.33265,1.32959,1.33265,142
2017-04-03,1.33264,1.33996,1.33094,1.33851,1412
2017-04-04,1.33846,1.34558,1.3375,1.34009,1417
2017-04-05,1.34016,1.34407,1.33793,1.34355,1418
2017-04-06,1.34356,1.34504,1.33981,1.34195,1421
2017-04-07,1.34195,1.34309,1.33418,1.34085,1258
2017-04-09,1.34,1.3412,1.33946,1.34075,146
2017-04-10,1.34078,1.34259,1.33189,1.33216,1414
2017-04-11,1.33216,1.3357,1.33098,1.33255,1415
2017-04-12,1.33255,1.33389,1.32371,1.32438,1432
2017-04-13,1.32439,1.33378,1.32232,1.33367,1420
2017-04-14,1.33366,1.33366,1.33094,1.33209,1197
2017-04-16,1.33123,1.3322,1.33054,1.33134,154
2017-04-17,1.33136,1.33284,1.32619,1.33241,1418
2017-04-18,1.33242,1.33995,1.3314,1.33822,1415
2017-04-19,1.33822,1.34899,1.3381,1.34828,1427
2017-04-20,1.34829,1.34994,1.34566,1.3475,1432
2017-04-21,1.34753,1.3525,1.34578,1.34922,1253
2017-04-23,1.34611,1.3493,1.3459,1.34845,163
2017-04-24,1.34845,1.35536,1.34104,1.35489,1426
2017-04-25,1.35495,1.36261,1.35429,1.35725,1435
2017-04-26,1.35725,1.36226,1.35421,1.36195,1421
2017-04-27,1.36197,1.36702,1.35297,1.36252,1427
2017-04-28,1.36251,1.36967,1.36247,1.36506,1257
2017-04-30,1.36574,1.36633,1.36365,1.36415,164
2017-05-01,1.36415,1.36866,1.36388,1.36745,1420
2017-05-02,1.36745,1.37576,1.36499,1.37071,1420
2017-05-03,1.37071,1.37399,1.36788,1.37274,1425
2017-05-04,1.37274,1.37761,1.36999,1.37524,1433
2017-05-05,1.37526,1.37929,1.36414,1.36466,1260
2017-05-07,1.36537,1.36744,1.36527,1.36693,170
2017-05-08,1.36694,1.37334,1.36433,1.36919,1436
2017-05-09,1.36918,1.37529,1.36704,1.37085,1439
2017-05-10,1.37086,1.37321,1.36473,1.37112,1436
2017-05-11,1.37112,1.37697,1.36791,1.37023,1429
2017-05-12,1.37024,1.37418,1.36655,1.37083,1258
2017-05-14,1.36945,1.37208,1.36944,1.37176,165
2017-05-15,1.37176,1.37225,1.36014,1.36303,1425
2017-05-16,1.36303,1.36588,1.3575,1.36131,1438
2017-05-17,1.36127,1.36415,1.35711,1.35998,1439
2017-05-18,1.36,1.36691,1.35823,1.36039,1431
2017-05-19,1.36038,1.36105,1.35071,1.35074,1257
2017-05-21,1.35133,1.35235,1.35078,1.35177,153
2017-05-22,1.35173,1.35405,1.34845,1.34925,1421
2017-05-23,1.34925,1.35249,1.34557,1.35218,1430
2017-05-24,1.35215,1.35396,1.34051,1.34132,1429
2017-05-25,1.34134,1.34933,1.3388,1.34843,1433
2017-05-26,1.34843,1.3497,1.34328,1.34437,1258
2017-05-28,1.34464,1.34542,1.34447,1.34529,154
2017-05-29,1.34532,1.34765,1.34273,1.34734,1431
2017-05-30,1.34733,1.35059,1.34512,1.34703,1416
2017-05-31,1.34702,1.35229,1.34364,1.34906,1430
2017-06-01,1.34904,1.35275,1.34716,1.35155,1423
2017-06-02,1.35155,1.35469,1.34779,1.34808,1251
2017-06-04,1.3489,1.34996,1.34884,1.34985,167
2017-06-05,1.34983,1.35008,1.34587,1.34766,1419
2017-06-06,1.34767,1.34861,1.34366,1.34485,1411
2017-06-07,1.34486,1.35256,1.3426,1.35106,1411
2017-06-08,1.35105,1.3539,1.3485,1.35232,1416
2017-06-09,1.35229,1.3528,1.34224,1.34635,1258
2017-06-11,1.34548,1.34631,1.34485,1.34556,147
2017-06-12,1.34556,1.34702,1.33089,1.3311,1413
2017-06-13,1.33111,1.33126,1.32116,1.32413,1414
2017-06-14,1.32413,1.32711,1.3165,1.32424,1409
2017-06-15,1.32424,1.33081,1.32245,1.32569,1411
2017-06-16,1.32571,1.32732,1.32089,1.32099,1253
2017-06-18,1.32128,1.32186,1.32096,1.3214,152
2017-06-19,1.32138,1.32571,1.31909,1.3227,1413
2017-06-20,1.3227,1.32851,1.32038,1.32703,1416
2017-06-21,1.32701,1.33472,1.32677,1.33276,1405
2017-06-22,1.33266,1.33377,1.32077,1.32316,1405
2017-06-23,1.32316,1.33079,1.32101,1.32664,1252
2017-06-25,1.32596,1.32703,1.32568,1.32588,164
2017-06-26,1.32588,1.32653,1.32121,1.32574,1412
2017-06-27,1.32575,1.32605,1.31474,1.3184,1423
2017-06-28,1.31838,1.31838,1.30129,1.30386,1426
2017-06-29,1.30386,1.30433,1.29861,1.29923,1415
2017-06-30,1.29925,1.29998,1.29466,1.29592,1254
2017-07-02,1.29668,1.29775,1.29656,1.29755,150
2017-07-03,1.29756,1.30143,1.29647,1.29909,1398
2017-07-04,1.29904,1.30139,1.29122,1.29327,1425
2017-07-05,1.29327,1.30143,1.29293,1.29612,1409
2017-07-06,1.29614,1.29829,1.29232,1.2979,1405
2017-07-07,1.2979,1.29933,1.28596,1.28727,1258
2017-07-09,1.28795,1.28884,1.2874,1.28817,159
2017-07-10,1.28816,1.29322,1.2871,1.28943,1410
2017-07-11,1.28946,1.29432,1.28847,1.29103,1420
2017-07-12,1.29104,1.29399,1.2681,1.27489,1419
2017-07-13,1.27491,1.27705,1.27194,1.27276,1405
2017-07-14,1.27276,1.27473,1.2641,1.26414,1245
2017-07-16,1.26434,1.26535,1.26397,1.26419,172
2017-07-17,1.26418,1.27007,1.2627,1.26965,1414
2017-07-18,1.26965,1.26967,1.25807,1.26326,1427
2017-07-19,1.26327,1.26523,1.2578,1.26008,1409
2017-07-20,1.26006,1.26401,1.25408,1.25973,1414
2017-07-21,1.25973,1.26086,1.2522,1.25352,1255
2017-07-23,1.25357,1.25454,1.25328,1.25333,149
2017-07-24,1.25335,1.25519,1.2483,1.25056,1418
2017-07-25,1.25057,1.25325,1.24807,1.25079,1422
2017-07-26,1.25076,1.25434,1.2414,1.24516,1425
2017-07-27,1.24518,1.25757,1.24139,1.25394,1418
2017-07-28,1.25393,1.25672,1.24191,1.24306,1254
2017-07-30,1.24419,1.24643,1.24314,1.24624,157
2017-07-31,1.24625,1.25287,1.24455,1.25071,1431
2017-08-01,1.25073,1.25572,1.24505,1.25479,1428
2017-08-02,1.25478,1.25924,1.25388,1.25719,1416
2017-08-03,1.25718,1.26182,1.25525,1.25685,1417
2017-08-04,1.25687,1.26674,1.25559,1.26474,1257
2017-08-06,1.26535,1.26567,1.26327,1.26428,167
2017-08-07,1.26428,1.27142,1.26296,1.26756,1397
2017-08-08,1.26756,1.27052,1.26505,1.26726,1414
2017-08-09,1.26726,1.2721,1.26678,1.26952,1411
2017-08-10,1.26951,1.2746,1.26725,1.27374,1419
2017-08-11,1.27376,1.27526,1.26524,1.26731,1259
2017-08-13,1.26681,1.26857,1.26652,1.26733,158
2017-08-14,1.26736,1.27303,1.26719,1.27289,1412
2017-08-15,1.27289,1.27779,1.27182,1.27535,1416
2017-08-16,1.27536,1.277,1.26099,1.26246,1409
2017-08-17,1.26246,1.26905,1.25886,1.26854,1411
2017-08-18,1.26854,1.26863,1.25566,1.25799,1243
2017-08-20,1.25577,1.2594,1.25577,1.25861,160
2017-08-21,1.25863,1.26066,1.25535,1.25606,1400
2017-08-22,1.25606,1.25947,1.25258,1.25668,1403
2017-08-23,1.25668,1.2598,1.25409,1.25429,1410
2017-08-24,1.2543,1.25611,1.25058,1.25132,1408
2017-08-25,1.25131,1.25393,1.24655,1.24781,1236
2017-08-27,1.24749,1.2477,1.2467,1.24738,146
2017-08-28,1.24737,1.25338,1.24439,1.25132,1426
2017-08-29,1.25131,1.255,1.24418,1.25147,1414
2017-08-30,1.25148,1.26368,1.25002,1.26307,1398
2017-08-31,1.26299,1.26625,1.24734,1.24747,1418
2017-09-01,1.24749,1.24915,1.23404,1.23929,1240
2017-09-03,1.2419,1.242,1.2376,1.2378,170
2017-09-04,1.23782,1.24261,1.23754,1.24161,1373
2017-09-05,1.24162,1.24162,1.23358,1.23688,1413
2017-09-06,1.2369,1.2415,1.21853,1.22353,1430
2017-09-07,1.22353,1.22408,1.21074,1.21105,1417
2017-09-08,1.21108,1.21651,1.20611,1.21512,1259
2017-09-10,1.21558,1.21589,1.21362,1.21513,152
2017-09-11,1.21511,1.21703,1.20972,1.21082,1420
2017-09-12,1.2108,1.21893,1.20821,1.21757,1424
2017-09-13,1.21756,1.22195,1.21304,1.21683,1418
2017-09-14,1.21686,1.22389,1.21566,1.2163,1419
2017-09-15,1.21635,1.2218,1.21195,1.21916,1257
2017-09-17,1.21898,1.2201,1.21844,1.21984,147
2017-09-18,1.21985,1.23373,1.21712,1.22816,1409
2017-09-19,1.22816,1.23085,1.22546,1.22934,1398
2017-09-20,1.22933,1.239,1.21973,1.23438,1417
2017-09-21,1.2344,1.23678,1.23205,1.23247,1408
2017-09-22,1.23246,1.2351,1.22532,1.23335,1254
2017-09-24,1.23332,1.23495,1.23311,1.2346,156
2017-09-25,1.23463,1.23846,1.23128,1.23692,1413
2017-09-26,1.23696,1.24131,1.233,1.23646,1413
2017-09-27,1.23645,1.24839,1.23357,1.24833,1422
2017-09-28,1.24832,1.25193,1.2416,1.24369,1409
2017-09-29,1.24369,1.25315,1.24167,1.24674,1256
2017-10-01,1.24856,1.24856,1.24676,1.24726,167
2017-10-02,1.24726,1.25242,1.24724,1.25176,1409
2017-10-03,1.25176,1.25381,1.24805,1.24891,1414
2017-10-04,1.24892,1.24984,1.24486,1.24806,1394
2017-10-05,1.24805,1.25845,1.24617,1.25686,1399
2017-10-06,1.25681,1.25975,1.25229,1.2525,1252
2017-10-08,1.25271,1.25418,1.25255,1.25365,142
2017-10-09,1.25364,1.25583,1.25253,1.25544,1372
2017-10-10,1.25544,1.25546,1.24834,1.25116,1400
2017-10-11,1.25118,1.25304,1.24479,1.24509,1410
2017-10-12,1.24511,1.24904,1.24328,1.24766,1403
2017-10-13,1.24762,1.25199,1.24522,1.24651,1242
2017-10-15,1.24751,1.2486,1.24675,1.24786,163
2017-10-16,1.24787,1.25579,1.247,1.25244,1397
2017-10-17,1.25245,1.25905,1.2497,1.24976,1397
2017-10-18,1.24977,1.25334,1.24576,1.24658,1404
2017-10-19,1.24659,1.2494,1.24504,1.24803,1411
2017-10-20,1.24804,1.26298,1.24763,1.2621,1255
2017-10-22,1.26175,1.26378,1.26175,1.26369,168
2017-10-23,1.26368,1.266,1.26137,1.26401,1400
2017-10-24,1.26403,1.26929,1.26217,1.26715,1399
2017-10-25,1.26719,1.28164,1.26367,1.27965,1414
2017-10-26,1.27965,1.28573,1.27809,1.28494,1421
2017-10-27,1.28497,1.29167,1.28079,1.2808,1257
2017-10-29,1.28173,1.28323,1.28161,1.28306,155
2017-10-30,1.28306,1.28608,1.28116,1.28261,1399
2017-10-31,1.28266,1.29148,1.28227,1.28919,1414
2017-11-01,1.28918,1.291,1.28538,1.28731,1395
2017-11-02,1.28732,1.28732,1.27989,1.28076,1386
2017-11-03,1.28076,1.28352,1.27152,1.27606,1239
2017-11-05,1.27605,1.27665,1.27581,1.27615,107
2017-11-06,1.27616,1.27824,1.27032,1.27142,1415
2017-11-07,1.27146,1.28193,1.27097,1.27628,1421
2017-11-08,1.27628,1.27741,1.2715,1.27273,1389
2017-11-09,1.27274,1.27406,1.26675,1.26795,1421
2017-11-10,1.26795,1.2696,1.26657,1.26796,1298
2017-11-12,1.26829,1.26932,1.26822,1.26932,99
2017-11-13,1.26932,1.27414,1.26775,1.27367,1392
2017-11-14,1.27367,1.27729,1.27009,1.27376,1405
2017-11-15,1.27371,1.27892,1.27129,1.27666,1415
2017-11-16,1.27667,1.27831,1.27281,1.2758,1385
2017-11-17,1.2758,1.28234,1.27134,1.27603,1309
2017-11-19,1.2765,1.27958,1.27645,1.27934,108
2017-11-20,1.27936,1.28205,1.27544,1.28137,1416
2017-11-21,1.28137,1.28367,1.27488,1.27732,1400
2017-11-22,1.27734,1.27756,1.2692,1.27065,1422
2017-11-23,1.27063,1.27267,1.26724,1.27126,1385
2017-11-24,1.27127,1.27473,1.26929,1.27098,1296
2017-11-26,1.27032,1.2716,1.27026,1.27156,111
2017-11-27,1.27156,1.27702,1.26801,1.27586,1416
2017-11-28,1.27586,1.28243,1.27545,1.28142,1407
2017-11-29,1.28141,1.28746,1.28047,1.28646,1421
2017-11-30,1.28647,1.2909,1.28504,1.28933,1407
2017-12-01,1.28932,1.28976,1.26813,1.26821,1315
2017-12-03,1.26977,1.27195,1.26906,1.27188,112
2017-12-04,1.27189,1.27269,1.26559,1.26767,1419
2017-12-05,1.26766,1.27045,1.26235,1.26946,1416
2017-12-06,1.26946,1.28073,1.26529,1.27874,1415
2017-12-07,1.27876,1.28677,1.27868,1.28573,1393
2017-12-08,1.28572,1.28798,1.28041,1.2845,1271
2017-12-10,1.28517,1.28639,1.28485,1.28611,98
2017-12-11,1.28606,1.28684,1.28307,1.28535,1381
2017-12-12,1.28536,1.28918,1.28129,1.28695,1394
2017-12-13,1.28697,1.28802,1.27918,1.28191,1389
2017-12-14,1.28187,1.28659,1.27134,1.2795,1430
2017-12-15,1.27948,1.28939,1.2739,1.28599,1307
2017-12-17,1.28672,1.28757,1.28648,1.28752,100
2017-12-18,1.28753,1.28811,1.2842,1.28662,1421
2017-12-19,1.28656,1.29198,1.285,1.28795,1406
2017-12-20,1.28795,1.28805,1.28186,1.28269,1414
2017-12-21,1.28267,1.28392,1.26994,1.27387,1405
2017-12-22,1.27387,1.2796,1.26977,1.27194,1279
2017-12-25,1.27129,1.27336,1.27114,1.27154,98
2017-12-26,1.2716,1.27278,1.26795,1.26881,1351
2017-12-27,1.26882,1.26953,1.26272,1.26512,1398
2017-12-28,1.26515,1.26527,1.25615,1.25656,1408
2017-12-29,1.25652,1.25883,1.25148,1.25793,1293
2018-01-01,1.25425,1.25592,1.25425,1.25564,110
2018-01-02,1.25564,1.25566,1.24999,1.25066,1409
2018-01-03,1.25065,1.25534,1.25,1.25469,1398
2018-01-04,1.25478,1.25549,1.24809,1.24911,1427
2018-01-05,1.24911,1.25129,1.23551,1.24114,1305
2018-01-07,1.241,1.24107,1.23942,1.23942,100
2018-01-08,1.23944,1.24492,1.2378,1.24148,1404
2018-01-09,1.2415,1.24777,1.2398,1.24737,1407
2018-01-10,1.24737,1.2583,1.24272,1.2533,1420
2018-01-11,1.25329,1.25898,1.25125,1.2522,1427
2018-01-12,1.25222,1.25561,1.24532,1.24586,1316
2018-01-14,1.24602,1.24672,1.24363,1.24609,116
2018-01-15,1.24608,1.24711,1.24026,1.24284,1421
2018-01-16,1.24282,1.24524,1.23968,1.24254,1421
2018-01-17,1.24255,1.25392,1.23618,1.24436,1436
2018-01-18,1.24437,1.24868,1.24,1.2411,1432
2018-01-19,1.24111,1.25082,1.23997,1.24904,1320
2018-01-21,1.24735,1.24963,1.2473,1.2486,102
2018-01-22,1.24863,1.24963,1.2435,1.24531,1415
2018-01-23,1.24528,1.24908,1.24118,1.2415,1418
2018-01-24,1.24154,1.24248,1.23165,1.23506,1432
2018-01-25,1.23509,1.23908,1.22819,1.23789,1436
2018-01-26,1.23787,1.23837,1.2293,1.23158,1318
2018-01-28,1.23071,1.23312,1.23071,1.23122,109
2018-01-29,1.23125,1.23608,1.23105,1.23354,1426
2018-01-30,1.23353,1.23787,1.23096,1.23352,1429
2018-01-31,1.23352,1.23479,1.22491,1.23047,1432
2018-02-01,1.23046,1.23313,1.22556,1.22586,1429
2018-02-02,1.22588,1.24363,1.22572,1.24213,1318
2018-02-04,1.24332,1.24503,1.24302,1.24342,90
2018-02-05,1.2434,1.2543,1.23974,1.25327,1437
2018-02-06,1.25325,1.25669,1.2487,1.25048,1437
2018-02-07,1.25049,1.25772,1.24967,1.25663,1439
2018-02-08,1.25664,1.26137,1.25462,1.25889,1439
2018-02-09,1.25889,1.26883,1.25604,1.25788,1320
2018-02-11,1.2586,1.25967,1.25855,1.25878,84
2018-02-12,1.25878,1.26226,1.25556,1.25805,1421
2018-02-13,1.25803,1.26249,1.25664,1.25888,1431
2018-02-14,1.25889,1.26489,1.24798,1.24823,1431
2018-02-15,1.24822,1.25372,1.24654,1.24821,1433
2018-02-16,1.24821,1.25672,1.24504,1.25537,1320
2018-02-18,1.25579,1.2564,1.25501,1.25572,108
2018-02-19,1.25573,1.25923,1.25273,1.25676,1421
2018-02-20,1.25676,1.26514,1.25584,1.26483,1425
2018-02-21,1.26487,1.27026,1.26251,1.2699,1426
2018-02-22,1.26989,1.27578,1.26714,1.27144,1432
2018-02-23,1.27145,1.27253,1.26157,1.26299,1313
2018-02-25,1.26375,1.26523,1.26373,1.26482,98
2018-02-26,1.2648,1.27113,1.26148,1.2685,1410
2018-02-27,1.26849,1.27774,1.2668,1.27718,1426
2018-02-28,1.27717,1.28413,1.27614,1.28351,1431
2018-03-01,1.28349,1.2895,1.28087,1.28308,1417
2018-03-02,1.28309,1.29154,1.28196,1.2877,1310
2018-03-04,1.2873,1.2898,1.28686,1.28874,114
2018-03-05,1.28874,1.30005,1.28779,1.29804,1428
2018-03-06,1.29802,1.2995,1.28621,1.29482,1436
2018-03-07,1.29483,1.30005,1.28896,1.29048,1429
2018-03-08,1.2905,1.29611,1.2867,1.28962,1430
2018-03-09,1.28961,1.29088,1.28076,1.28088,1318
2018-03-11,1.28098,1.28179,1.28074,1.28126,154
2018-03-12,1.28127,1.28455,1.2803,1.28427,1408
2018-03-13,1.28429,1.29842,1.28299,1.29563,1427
2018-03-14,1.29564,1.29757,1.2921,1.2955,1419
2018-03-15,1.2955,1.30671,1.29454,1.30527,1423
2018-03-16,1.30541,1.30987,1.30473,1.30916,1255
2018-03-18,1.30891,1.30978,1.30866,1.3093,167
2018-03-19,1.30931,1.31246,1.30465,1.3082,1419
2018-03-20,1.3082,1.31028,1.30528,1.3074,1414
2018-03-21,1.30741,1.30757,1.28897,1.2897,1419
2018-03-22,1.28971,1.29483,1.28295,1.29298,1430
2018-03-23,1.29297,1.2935,1.2824,1.28925,1256
2018-03-25,1.28862,1.28889,1.2873,1.28808,168
2018-03-26,1.28807,1.29221,1.28362,1.28363,1411
2018-03-27,1.28368,1.29027,1.2815,1.28795,1429
2018-03-28,1.28794,1.29331,1.28631,1.2917,1425
2018-03-29,1.29172,1.29386,1.28617,1.28867,1406
2018-03-30,1.28884,1.28997,1.28605,1.28938,1197
2018-04-01,1.28939,1.28979,1.28828,1.2893,159
2018-04-02,1.2893,1.29433,1.28624,1.29217,1402
2018-04-03,1.29216,1.29216,1.27812,1.2807,1395
2018-04-04,1.28069,1.28475,1.27517,1.27543,1414
2018-04-05,1.27541,1.28063,1.27443,1.27701,1405
2018-04-06,1.277,1.27955,1.27329,1.27776,1253
2018-04-08,1.27632,1.27837,1.2759,1.27827,159
2018-04-09,1.27828,1.28186,1.26876,1.27026,1396
2018-04-10,1.27031,1.27055,1.2588,1.25936,1416
2018-04-11,1.25937,1.26234,1.2544,1.25696,1393
2018-04-12,1.25698,1.26221,1.25615,1.25882,1408
2018-04-13,1.25881,1.26172,1.25521,1.26023,1254
2018-04-15,1.25955,1.26083,1.25907,1.26031,160
2018-04-16,1.26036,1.2623,1.2561,1.25678,1398
2018-04-17,1.25674,1.25795,1.25268,1.25582,1398
2018-04-18,1.25581,1.2659,1.25482,1.2627,1400
2018-04-19,1.26272,1.2676,1.25853,1.26661,1427
2018-04-20,1.2666,1.2764,1.26324,1.27638,1248
2018-04-22,1.27492,1.27699,1.27492,1.27687,142
2018-04-23,1.27685,1.28575,1.27505,1.28448,1413
2018-04-24,1.28447,1.28607,1.28123,1.28215,1407
2018-04-25,1.28219,1.28973,1.28204,1.28367,1413
2018-04-26,1.28367,1.28851,1.28211,1.28721,1410
2018-04-27,1.28721,1.28998,1.28245,1.28245,1244
2018-04-29,1.28352,1.2845,1.2833,1.28417,156
2018-04-30,1.28418,1.28741,1.2805,1.28326,1417
2018-05-01,1.28326,1.29134,1.28204,1.28456,1404
2018-05-02,1.28458,1.28875,1.28032,1.28841,1426
2018-05-03,1.2884,1.29083,1.28161,1.28506,1424
2018-05-04,1.28503,1.29172,1.2836,1.28415,1251
2018-05-06,1.28452,1.2856,1.28444,1.28559,176
2018-05-07,1.28562,1.28992,1.28392,1.28801,1412
2018-05-08,1.288,1.2997,1.28759,1.29477,1411
2018-05-09,1.29476,1.29748,1.2825,1.28495,1410
2018-05-10,1.28496,1.28498,1.27427,1.2771,1420
2018-05-11,1.2771,1.27997,1.27291,1.27911,1251
2018-05-13,1.27797,1.27933,1.27785,1.27809,171
2018-05-14,1.2781,1.2812,1.275,1.28011,1414
2018-05-15,1.28006,1.29241,1.27919,1.28724,1420
2018-05-16,1.28722,1.28757,1.27775,1.27836,1419
2018-05-17,1.2784,1.28462,1.27496,1.28352,1427
2018-05-18,1.28357,1.29107,1.27908,1.28827,1248
2018-05-20,1.28741,1.28832,1.28705,1.28767,165
2018-05-21,1.28768,1.28903,1.27756,1.27763,1405
2018-05-22,1.27766,1.28253,1.27422,1.28168,1426
2018-05-23,1.28167,1.29154,1.2812,1.28364,1427
2018-05-24,1.28365,1.29201,1.2836,1.28858,1429
2018-05-25,1.28859,1.29882,1.28813,1.29729,1251
2018-05-27,1.29628,1.29789,1.29583,1.29765,170
2018-05-28,1.29765,1.30217,1.29721,1.29919,1407
2018-05-29,1.29918,1.30465,1.29683,1.30291,1425
2018-05-30,1.3029,1.30399,1.28358,1.28937,1426
2018-05-31,1.28938,1.29902,1.28181,1.29438,1425
2018-06-01,1.29437,1.30075,1.29312,1.29488,1255
2018-06-03,1.29494,1.29641,1.29491,1.2956,151
2018-06-04,1.29559,1.29597,1.28996,1.29232,1416
2018-06-05,1.29232,1.30666,1.2914,1.29412,1425
2018-06-06,1.29413,1.29623,1.2857,1.29464,1416
2018-06-07,1.29465,1.3001,1.29354,1.29819,1422
2018-06-08,1.2982,1.30385,1.29213,1.29272,1254
2018-06-10,1.29977,1.29977,1.29649,1.29683,164
2018-06-11,1.29684,1.30273,1.2955,1.29868,1414
2018-06-12,1.29876,1.30295,1.29789,1.30144,1418
2018-06-13,1.30148,1.30515,1.29552,1.29746,1409
2018-06-14,1.29747,1.31173,1.29495,1.31162,1423
2018-06-15,1.31164,1.3205,1.31143,1.31765,1252
2018-06-17,1.31839,1.32027,1.31839,1.31976,159
2018-06-18,1.31978,1.32369,1.3159,1.32114,1404
2018-06-19,1.32116,1.32914,1.31969,1.32776,1418
2018-06-20,1.32775,1.33212,1.32687,1.33066,1428
2018-06-21,1.33073,1.33344,1.32834,1.33185,1424
2018-06-22,1.33184,1.3382,1.32583,1.32672,1256
2018-06-24,1.32665,1.32811,1.32657,1.32784,170
2018-06-25,1.32783,1.33246,1.32712,1.32976,1427
2018-06-26,1.32976,1.33288,1.32802,1.33006,1426
2018-06-27,1.33006,1.33858,1.32771,1.33304,1431
2018-06-28,1.33302,1.33511,1.3241,1.32544,1418
2018-06-29,1.32542,1.32689,1.31301,1.31334,1260
2018-07-01,1.31471,1.31594,1.31389,1.31477,169
2018-07-02,1.3149,1.32249,1.31463,1.31874,1416
2018-07-03,1.31875,1.32075,1.31321,1.3143,1428
2018-07-04,1.31429,1.31612,1.31115,1.31398,1401
2018-07-05,1.314,1.316,1.31152,1.31374,1416
2018-07-06,1.31374,1.31502,1.30763,1.30846,1252
2018-07-08,1.30869,1.30997,1.30865,1.30954,166
2018-07-09,1.30954,1.31226,1.3066,1.31106,1402
2018-07-10,1.31107,1.31463,1.31005,1.31444,1426
2018-07-11,1.31444,1.32172,1.30638,1.32074,1428
2018-07-12,1.32073,1.32153,1.31491,1.31644,1430
2018-07-13,1.31645,1.32083,1.315,1.31577,1256
2018-07-15,1.3157,1.31614,1.31504,1.31574,166
2018-07-16,1.31577,1.31612,1.31095,1.31367,1420
2018-07-17,1.31366,1.32185,1.31106,1.32032,1426
2018-07-18,1.32031,1.32594,1.31615,1.31684,1428
2018-07-19,1.31685,1.32891,1.316,1.32601,1430
2018-07-20,1.32601,1.32895,1.31146,1.31397,1259
2018-07-22,1.31312,1.31398,1.31154,1.31198,173
2018-07-23,1.31199,1.31792,1.31142,1.31708,1426
2018-07-24,1.31709,1.31912,1.31353,1.31521,1417
2018-07-25,1.31521,1.31663,1.30245,1.30389,1417
2018-07-26,1.30385,1.30928,1.30245,1.30695,1415
2018-07-27,1.30695,1.30771,1.30412,1.30533,1257
2018-07-29,1.30505,1.30645,1.305,1.30644,156
2018-07-30,1.30643,1.30785,1.29941,1.30272,1414
2018-07-31,1.30272,1.30957,1.29823,1.30184,1421
2018-08-01,1.30196,1.30325,1.29752,1.29988,1413
2018-08-02,1.29984,1.30392,1.29934,1.30245,1420
2018-08-03,1.30243,1.30391,1.29676,1.29862,1248
2018-08-05,1.29923,1.30186,1.2989,1.30143,149
2018-08-06,1.30145,1.30395,1.29872,1.30015,1397
2018-08-07,1.30016,1.30748,1.2962,1.30583,1419
2018-08-08,1.30583,1.31194,1.30063,1.30204,1419
2018-08-09,1.30205,1.30639,1.30001,1.30458,1403
2018-08-10,1.30457,1.31529,1.30396,1.31374,1258
2018-08-12,1.31636,1.31645,1.31369,1.31487,174
2018-08-13,1.31486,1.31704,1.31036,1.31314,1436
2018-08-14,1.31323,1.31363,1.30504,1.30576,1418
2018-08-15,1.30577,1.31746,1.30541,1.31469,1428
2018-08-16,1.3147,1.31746,1.31134,1.316,1422
2018-08-17,1.31596,1.31689,1.3052,1.30578,1254
2018-08-19,1.30594,1.30626,1.30542,1.30599,166
2018-08-20,1.306,1.30919,1.30362,1.30418,1414
2018-08-21,1.30416,1.30574,1.30134,1.30347,1428
2018-08-22,1.3035,1.30421,1.29867,1.30077,1420
2018-08-23,1.30077,1.31024,1.30077,1.30991,1428
2018-08-24,1.30995,1.3103,1.30109,1.30239,1254
2018-08-26,1.30151,1.3024,1.30088,1.30098,157
2018-08-27,1.301,1.30671,1.29535,1.29626,1426
2018-08-28,1.29623,1.29818,1.28869,1.29278,1417
2018-08-29,1.29277,1.29624,1.29029,1.29047,1413
2018-08-30,1.29051,1.3,1.29051,1.29864,1421
2018-08-31,1.29869,1.30881,1.29857,1.30328,1256
2018-09-02,1.3074,1.3074,1.30507,1.30627,149
2018-09-03,1.30628,1.31026,1.30443,1.30951,1383
2018-09-04,1.30953,1.32076,1.30922,1.31742,1430
2018-09-05,1.31739,1.32062,1.31583,1.31744,1426
2018-09-06,1.31743,1.32259,1.31276,1.31549,1427
2018-09-07,1.31551,1.319,1.31098,1.31525,1255
2018-09-09,1.3163,1.31759,1.31605,1.31713,167
2018-09-10,1.31713,1.31977,1.31512,1.31627,1404
2018-09-11,1.31625,1.31742,1.30421,1.30627,1415
2018-09-12,1.30628,1.30781,1.29804,1.3002,1418
2018-09-13,1.30023,1.30253,1.29757,1.30052,1422
2018-09-14,1.30052,1.3054,1.29827,1.30325,1247
2018-09-16,1.30327,1.30451,1.30322,1.30436,149
2018-09-17,1.30436,1.30642,1.30027,1.30636,1420
2018-09-18,1.30634,1.30635,1.29687,1.29723,1423
2018-09-19,1.29729,1.30141,1.29,1.29183,1428
2018-09-20,1.29184,1.29276,1.28846,1.29096,1412
2018-09-21,1.29094,1.2943,1.28853,1.29139,1254
2018-09-23,1.29246,1.2926,1.29131,1.29146,155
2018-09-24,1.29146,1.2956,1.29092,1.29492,1410
2018-09-25,1.2949,1.29724,1.29356,1.29574,1401
2018-09-26,1.29573,1.3044,1.29447,1.30371,1418
2018-09-27,1.30371,1.30816,1.30161,1.30356,1414
2018-09-28,1.30359,1.30386,1.2904,1.2905,1247
2018-09-30,1.28475,1.28844,1.2836,1.28362,170
2018-10-01,1.28362,1.2862,1.27817,1.28129,1415
2018-10-02,1.28131,1.28408,1.2799,1.282,1410
2018-10-03,1.282,1.2884,1.28068,1.28806,1421
2018-10-04,1.28805,1.29376,1.28569,1.29205,1422
2018-10-05,1.29202,1.29547,1.28866,1.29338,1242
2018-10-07,1.29427,1.29525,1.2932,1.29475,168
2018-10-08,1.29475,1.301,1.29437,1.29559,1396
2018-10-09,1.2956,1.30031,1.29354,1.2938,1405
2018-10-10,1.29381,1.30685,1.29265,1.30518,1427
2018-10-11,1.30519,1.30713,1.30145,1.30312,1419
2018-10-12,1.30317,1.30518,1.30025,1.30186,1256
2018-10-14,1.3017,1.30293,1.30142,1.30233,171
2018-10-15,1.30235,1.30508,1.29547,1.29942,1431
2018-10-16,1.29941,1.29988,1.2916,1.29359,1422
2018-10-17,1.29356,1.30285,1.29326,1.30251,1424
2018-10-18,1.3025,1.30877,1.30183,1.30783,1418
2018-10-19,1.30782,1.31319,1.30275,1.30997,1255
2018-10-21,1.30915,1.31094,1.30889,1.31041,159
2018-10-22,1.31044,1.31264,1.30792,1.30985,1423
2018-10-23,1.30986,1.31219,1.30756,1.30815,1405
2018-10-24,1.30816,1.30997,1.29696,1.30475,1422
2018-10-25,1.30473,1.30982,1.30149,1.30707,1419
2018-10-26,1.30707,1.3159,1.3068,1.31009,1258
2018-10-28,1.30888,1.3099,1.30888,1.30974,163
2018-10-29,1.30971,1.31489,1.3082,1.31294,1425
2018-10-30,1.31297,1.31469,1.31003,1.31159,1427
2018-10-31,1.31157,1.31698,1.31073,1.31581,1424
2018-11-01,1.31579,1.31684,1.30683,1.3091,1412
2018-11-02,1.3091,1.31186,1.30482,1.3106,1246
2018-11-04,1.30891,1.31033,1.30886,1.31005,110
2018-11-05,1.31005,1.31156,1.30708,1.31108,1415
2018-11-06,1.31105,1.31445,1.31058,1.31156,1402
2018-11-07,1.31158,1.31582,1.30561,1.31158,1436
2018-11-08,1.31163,1.3183,1.30873,1.31438,1425
2018-11-09,1.31441,1.32324,1.31437,1.32066,1312
2018-11-11,1.32012,1.32068,1.31932,1.31934,104
2018-11-12,1.31935,1.32489,1.31825,1.3243,1420
2018-11-13,1.32431,1.32633,1.32147,1.32241,1407
2018-11-14,1.3224,1.32633,1.32073,1.32471,1416
2018-11-15,1.32473,1.32487,1.31558,1.31728,1422
2018-11-16,1.31729,1.31864,1.31267,1.31431,1311
2018-11-18,1.3152,1.31541,1.31409,1.31468,101
2018-11-19,1.31467,1.32014,1.31462,1.31719,1417
2018-11-20,1.31721,1.33176,1.31551,1.33058,1414
2018-11-21,1.33062,1.3317,1.32237,1.32276,1408
2018-11-22,1.32277,1.32449,1.31808,1.31908,1402
2018-11-23,1.3191,1.32582,1.3186,1.3235,1299
2018-11-25,1.32204,1.32295,1.32191,1.32267,111
2018-11-26,1.32266,1.32608,1.31868,1.32537,1408
2018-11-27,1.32536,1.33281,1.32354,1.32967,1399
2018-11-28,1.32968,1.33592,1.32418,1.32769,1402
2018-11-29,1.32773,1.33122,1.32532,1.32752,1416
2018-11-30,1.32751,1.33329,1.32738,1.32881,1304
2018-12-02,1.32344,1.32644,1.32333,1.32551,113
2018-12-03,1.32553,1.32676,1.31595,1.3199,1423
2018-12-04,1.31994,1.32664,1.3164,1.32564,1423
2018-12-05,1.32569,1.33991,1.32524,1.33622,1424
2018-12-06,1.33627,1.34444,1.33623,1.33912,1418
2018-12-07,1.33912,1.34,1.32531,1.33206,1302
2018-12-09,1.33319,1.33332,1.332,1.33292,112
2018-12-10,1.33294,1.34164,1.32924,1.33979,1415
2018-12-11,1.33981,1.34237,1.33774,1.33787,1412
2018-12-12,1.33789,1.33872,1.33221,1.33499,1409
2018-12-13,1.33501,1.33835,1.3338,1.33508,1415
2018-12-14,1.3351,1.34014,1.33467,1.33794,1302
2018-12-16,1.33796,1.33883,1.33789,1.33866,120
2018-12-17,1.33866,1.34205,1.33722,1.34126,1440
2018-12-18,1.34124,1.3496,1.33904,1.34547,1440
2018-12-19,1.34547,1.35071,1.34151,1.34745,1439
2018-12-20,1.34744,1.35304,1.3446,1.34982,1440
2018-12-21,1.34981,1.36017,1.34925,1.35996,1320
2018-12-23,1.3596,1.35984,1.35904,1.35971,118
2018-12-24,1.35971,1.36154,1.35644,1.36029,1415
2018-12-25,1.36029,1.36078,1.35705,1.35855,582
2018-12-26,1.35856,1.36179,1.35658,1.35739,1440
2018-12-27,1.35739,1.36606,1.35732,1.36208,1440
2018-12-28,1.36208,1.36612,1.35944,1.36366,1320
2018-12-30,1.36378,1.36396,1.36247,1.36253,97
2018-12-31,1.36253,1.36644,1.36088,1.36348,1319
2019-01-01,1.36234,1.36349,1.36207,1.36254,114
2019-01-02,1.36256,1.36622,1.35688,1.36309,1440
2019-01-03,1.36311,1.36448,1.34688,1.34793,1440
2019-01-04,1.34793,1.34911,1.33725,1.33737,1320
2019-01-06,1.33746,1.33883,1.33666,1.33688,118
2019-01-07,1.33687,1.33775,1.32782,1.32964,1440
2019-01-08,1.32965,1.33227,1.32422,1.32443,1440
2019-01-09,1.32443,1.32552,1.31797,1.32129,1440
2019-01-10,1.32127,1.32588,1.32077,1.32384,1438
2019-01-11,1.32384,1.32782,1.31829,1.32648,1320
2019-01-13,1.32567,1.32683,1.32566,1.32683,118
2019-01-14,1.32682,1.32972,1.32523,1.32772,1440
2019-01-15,1.3277,1.32939,1.32259,1.32608,1440
2019-01-16,1.32608,1.32839,1.32349,1.32585,1440
2019-01-17,1.32585,1.33185,1.3248,1.32812,1440
2019-01-18,1.32812,1.32839,1.32314,1.32643,1320
2019-01-20,1.32599,1.32774,1.32598,1.32761,115
2019-01-21,1.32761,1.33181,1.32513,1.32973,1439
2019-01-22,1.32975,1.33583,1.32961,1.33565,1440
2019-01-23,1.33565,1.33707,1.33047,1.33413,1440
2019-01-24,1.33413,1.33748,1.3329,1.335,1439
2019-01-25,1.33502,1.33562,1.32134,1.32155,1313
2019-01-27,1.32193,1.32227,1.3211,1.32224,112
2019-01-28,1.32223,1.32854,1.32029,1.32615,1440
2019-01-29,1.32615,1.32845,1.32413,1.32716,1440
2019-01-30,1.32717,1.32813,1.31184,1.3143,1439
2019-01-31,1.31429,1.31648,1.31194,1.31264,1440
2019-02-01,1.31268,1.31571,1.30682,1.30982,1320
2019-02-03,1.30899,1.30996,1.30872,1.30994,120
2019-02-04,1.30993,1.31469,1.30851,1.31159,1440
2019-02-05,1.31158,1.31529,1.31017,1.31268,1440
2019-02-06,1.31269,1.32186,1.31242,1.32155,1440
2019-02-07,1.32155,1.33169,1.3215,1.33109,1440
2019-02-08,1.33109,1.33288,1.32319,1.32767,1320
2019-02-10,1.32667,1.32776,1.3266,1.3276,120
2019-02-11,1.3276,1.33186,1.32614,1.3303,1440
2019-02-12,1.3303,1.33141,1.32247,1.32298,1440
2019-02-13,1.323,1.32684,1.31957,1.32593,1440
2019-02-14,1.32591,1.33399,1.32286,1.32972,1440
2019-02-15,1.32972,1.33126,1.32439,1.32439,1320
2019-02-17,1.32492,1.32541,1.32392,1.32408,120
2019-02-18,1.32407,1.32436,1.32246,1.32349,1440
2019-02-19,1.32349,1.3281,1.32052,1.32101,1440
2019-02-20,1.32101,1.32138,1.31498,1.31714,1440
2019-02-21,1.31714,1.32345,1.31625,1.32259,1440
2019-02-22,1.32261,1.32418,1.31325,1.31334,1320
2019-02-24,1.31336,1.3138,1.31305,1.31318,120
2019-02-25,1.31318,1.31972,1.31123,1.31849,1440
2019-02-26,1.31849,1.32355,1.31548,1.31639,1440
2019-02-27,1.31639,1.31759,1.31177,1.31454,1439
2019-02-28,1.31454,1.32071,1.31398,1.31643,1440
2019-03-01,1.31643,1.33065,1.31295,1.32979,1320
2019-03-03,1.32739,1.32851,1.32739,1.32841,120
2019-03-04,1.32841,1.33374,1.32746,1.3312,1440
2019-03-05,1.3312,1.33597,1.33097,1.33559,1440
2019-03-06,1.3356,1.34569,1.33541,1.34436,1440
2019-03-07,1.34431,1.34672,1.34131,1.34442,1439
2019-03-08,1.34442,1.34661,1.33897,1.34189,1320
2019-03-10,1.34149,1.34297,1.34149,1.34286,180
2019-03-11,1.34286,1.34397,1.33847,1.33986,1440
2019-03-12,1.33986,1.34169,1.335,1.33557,1440
2019-03-13,1.33556,1.33708,1.32868,1.33034,1440
2019-03-14,1.33032,1.33468,1.32998,1.33253,1440
2019-03-15,1.33254,1.33708,1.32888,1.33342,1200
2019-03-17,1.33318,1.33437,1.3331,1.33429,240
2019-03-18,1.33427,1.33652,1.33012,1.33395,1439
2019-03-19,1.33395,1.33404,1.32502,1.33379,1439
2019-03-20,1.33379,1.3347,1.32572,1.32787,1439
2019-03-21,1.32788,1.33993,1.32787,1.33689,1437
2019-03-22,1.33689,1.34289,1.33516,1.34278,1200
2019-03-24,1.34244,1.34386,1.34158,1.34383,240
2019-03-25,1.34383,1.34443,1.33899,1.33924,1440
2019-03-26,1.33925,1.34116,1.33716,1.33822,1440
2019-03-27,1.33821,1.34396,1.33767,1.34172,1439
2019-03-28,1.34172,1.34505,1.33959,1.34273,1440
2019-03-29,1.34273,1.34419,1.33412,1.33496,1200
2019-03-31,1.33465,1.33515,1.33413,1.33509,120
2019-04-01,1.33493,1.33706,1.32973,1.33135,1440
2019-04-02,1.33135,1.33736,1.33058,1.33431,1440
2019-04-03,1.33431,1.33528,1.32958,1.33448,1439
2019-04-04,1.33447,1.33725,1.3342,1.33649,1440
2019-04-05,1.33651,1.34026,1.33484,1.33799,1260
2019-04-07,1.33838,1.33871,1.33702,1.33729,175
2019-04-08,1.33728,1.33855,1.33044,1.33137,1440
2019-04-09,1.33137,1.33318,1.32837,1.33294,1439
2019-04-10,1.33294,1.33596,1.33057,1.33186,1440
2019-04-11,1.33186,1.33956,1.33164,1.33773,1440
2019-04-12,1.33771,1.3385,1.33121,1.33188,1260
2019-04-14,1.33298,1.3336,1.3325,1.33331,175
2019-04-15,1.3333,1.33902,1.32969,1.3369,1440
2019-04-16,1.33692,1.34027,1.33457,1.33586,1440
2019-04-17,1.33587,1.33721,1.32741,1.33502,1440
2019-04-18,1.33502,1.33994,1.3344,1.33746,1435
2019-04-19,1.33744,1.33937,1.33649,1.33879,1259
2019-04-21,1.33825,1.33895,1.33773,1.33814,178
2019-04-22,1.33814,1.33833,1.3335,1.33458,1439
2019-04-23,1.33458,1.34429,1.33447,1.34289,1440
2019-04-24,1.3429,1.35207,1.34286,1.3493,1437
2019-04-25,1.3493,1.35165,1.34754,1.34793,1439
2019-04-26,1.34793,1.34976,1.34515,1.3455,1260
2019-04-28,1.34534,1.34642,1.34534,1.34618,178
2019-04-29,1.34619,1.34793,1.34394,1.34545,1440
2019-04-30,1.34546,1.34798,1.33809,1.33892,1440
2019-05-01,1.33893,1.34611,1.33766,1.34386,1440
2019-05-02,1.34387,1.34763,1.34303,1.347,1440
2019-05-03,1.34701,1.34897,1.34059,1.34184,1260
2019-05-05,1.3459,1.34724,1.34541,1.34714,178
2019-05-06,1.34714,1.34937,1.34318,1.34487,1440
2019-05-07,1.34486,1.34886,1.34092,1.34715,1440
2019-05-08,1.34717,1.34864,1.34444,1.34735,1440
2019-05-09,1.34735,1.35048,1.34588,1.34659,1437
2019-05-10,1.34657,1.34804,1.33799,1.34122,1260
2019-05-12,1.34204,1.34415,1.34156,1.34414,173
2019-05-13,1.34415,1.34871,1.34199,1.34785,1440
2019-05-14,1.34785,1.34867,1.34556,1.34604,1440
2019-05-15,1.34604,1.34932,1.34268,1.34422,1439
2019-05-16,1.34421,1.34693,1.34004,1.3463,1440
2019-05-17,1.3463,1.35133,1.34344,1.34639,1260
2019-05-19,1.34397,1.34561,1.34396,1.34464,180
2019-05-20,1.34464,1.3447,1.34159,1.3427,1439
2019-05-21,1.34268,1.34332,1.33953,1.34034,1440
2019-05-22,1.34033,1.34388,1.33571,1.34383,1440
2019-05-23,1.34384,1.3502,1.34367,1.34737,1440
2019-05-24,1.34737,1.3482,1.34298,1.34404,1260
2019-05-27,1.34463,1.34525,1.34358,1.34366,839
2019-05-28,1.34365,1.34985,1.3433,1.34894,1439
2019-05-29,1.34894,1.35464,1.34818,1.35137,1439
2019-05-30,1.35137,1.35323,1.34852,1.35322,1439
2019-05-31,1.35321,1.35644,1.35073,1.3515,1260
2019-06-02,1.35174,1.35264,1.3517,1.35212,180
2019-06-03,1.3521,1.35245,1.34344,1.34412,1440
2019-06-04,1.34412,1.34491,1.33811,1.3392,1439
2019-06-05,1.33921,1.34297,1.33624,1.3422,1438
2019-06-06,1.34221,1.343,1.33526,1.33565,1439
2019-06-07,1.33564,1.33656,1.32597,1.32597,1260
2019-06-09,1.32387,1.32708,1.32377,1.32685,180
2019-06-10,1.32685,1.32807,1.3251,1.32649,1440
2019-06-11,1.32649,1.33085,1.32499,1.32803,1439
2019-06-12,1.32802,1.33445,1.32731,1.33344,1440
2019-06-13,1.33346,1.33394,1.32999,1.33274,1438
2019-06-14,1.33274,1.34223,1.3327,1.3408,1260
2019-06-16,1.34069,1.34129,1.34061,1.34097,180
2019-06-17,1.34097,1.34196,1.33926,1.34106,1440
2019-06-18,1.34103,1.3432,1.33722,1.33728,1440
2019-06-19,1.33728,1.33831,1.32693,1.327,1440
2019-06-20,1.327,1.32704,1.31508,1.3184,1440
2019-06-21,1.31841,1.32289,1.31618,1.32174,1260
2019-06-23,1.32124,1.32167,1.31995,1.31998,178
2019-06-24,1.31999,1.32142,1.31773,1.31838,1440
2019-06-25,1.31837,1.32079,1.3152,1.31769,1440
2019-06-26,1.3177,1.31952,1.31065,1.31228,1440
2019-06-27,1.31228,1.31376,1.30914,1.3094,1440
2019-06-28,1.3094,1.31009,1.30591,1.30862,1259
2019-06-30,1.30781,1.30915,1.30727,1.30909,180
2019-07-01,1.30909,1.31448,1.30849,1.31345,1440
2019-07-02,1.31345,1.31381,1.30961,1.30995,1440
2019-07-03,1.30995,1.3119,1.30552,1.3057,1440
2019-07-04,1.3057,1.30793,1.30373,1.30488,1439
2019-07-05,1.30488,1.31362,1.30479,1.30772,1260
2019-07-07,1.30683,1.30783,1.30683,1.30778,178
2019-07-08,1.30776,1.31034,1.30489,1.31032,1440
2019-07-09,1.31033,1.31409,1.30975,1.3127,1440
2019-07-10,1.31268,1.31437,1.30618,1.30734,1440
2019-07-11,1.30734,1.30911,1.30415,1.30688,1440
2019-07-12,1.30688,1.30694,1.30176,1.30262,1260
2019-07-14,1.30268,1.30366,1.30249,1.30339,173
2019-07-15,1.3034,1.3053,1.30209,1.30483,1440
2019-07-16,1.30484,1.30914,1.30224,1.3086,1440
2019-07-17,1.3086,1.30933,1.30351,1.30545,1440
2019-07-18,1.30542,1.30952,1.30153,1.30349,1439
2019-07-19,1.30348,1.31095,1.30248,1.30565,1260
2019-07-21,1.30584,1.30619,1.30531,1.3054,171
2019-07-22,1.3054,1.31295,1.30401,1.31294,1440
2019-07-23,1.31294,1.31637,1.31216,1.31399,1440
2019-07-24,1.31399,1.31505,1.31184,1.31429,1439
2019-07-25,1.3143,1.31669,1.3115,1.31612,1439
2019-07-26,1.3161,1.31988,1.31565,1.31654,1260
2019-07-28,1.31624,1.31709,1.31601,1.31695,168
2019-07-29,1.31692,1.31821,1.31486,1.3165,1439
2019-07-30,1.3165,1.31916,1.31435,1.31482,1440
2019-07-31,1.31483,1.32141,1.31048,1.31949,1439
2019-08-01,1.31949,1.32472,1.31822,1.32129,1440
2019-08-02,1.32129,1.32657,1.3199,1.32014,1260
2019-08-04,1.32093,1.32143,1.31977,1.32027,174
2019-08-05,1.32028,1.32471,1.31773,1.3214,1436
2019-08-06,1.3214,1.32908,1.31866,1.32806,1438
2019-08-07,1.32807,1.33446,1.32691,1.33131,1436
2019-08-08,1.33132,1.33136,1.3221,1.32291,1440
2019-08-09,1.32292,1.32744,1.31957,1.32205,1260
2019-08-11,1.31984,1.32193,1.31984,1.3217,177
2019-08-12,1.3217,1.325,1.32128,1.32365,1436
2019-08-13,1.32365,1.32927,1.31841,1.3214,1440
2019-08-14,1.3214,1.33253,1.32101,1.33106,1439
2019-08-15,1.33108,1.33391,1.32851,1.33168,1440
2019-08-16,1.3317,1.33245,1.32598,1.32642,1260
2019-08-18,1.32618,1.32716,1.32562,1.32668,166
2019-08-19,1.32668,1.33367,1.32506,1.33296,1438
2019-08-20,1.33296,1.33456,1.33082,1.33176,1439
2019-08-21,1.33176,1.33189,1.32538,1.3288,1440
2019-08-22,1.32879,1.33149,1.32749,1.32954,1440
2019-08-23,1.32954,1.33389,1.32765,1.32808,1260
2019-08-25,1.32903,1.33192,1.32903,1.3315,178
2019-08-26,1.33148,1.33159,1.32464,1.32521,1440
2019-08-27,1.32521,1.33006,1.32247,1.3285,1440
2019-08-28,1.32849,1.33179,1.32837,1.33063,1440
2019-08-29,1.33063,1.33186,1.32723,1.32831,1438
2019-08-30,1.32831,1.33333,1.3247,1.33085,1260
2019-09-01,1.33157,1.33257,1.33153,1.33178,172
2019-09-02,1.33177,1.33607,1.33119,1.33337,1437
2019-09-03,1.33335,1.33823,1.33228,1.33386,1437
2019-09-04,1.33384,1.33393,1.32182,1.32253,1440
2019-09-05,1.32251,1.32461,1.3191,1.323,1439
2019-09-06,1.32298,1.32461,1.31576,1.31653,1260
2019-09-08,1.31762,1.31763,1.31647,1.31685,179
2019-09-09,1.31683,1.31765,1.31388,1.31691,1440
2019-09-10,1.31691,1.31912,1.31333,1.31462,1439
2019-09-11,1.31459,1.32141,1.3139,1.31844,1440
2019-09-12,1.31843,1.32203,1.31764,1.32115,1439
2019-09-13,1.32115,1.32872,1.32097,1.32852,1260
2019-09-15,1.32211,1.32477,1.32093,1.32147,180
2019-09-16,1.32146,1.32709,1.32141,1.32415,1440
2019-09-17,1.32414,1.32994,1.32328,1.32419,1440
2019-09-18,1.32419,1.33097,1.32378,1.32984,1435
2019-09-19,1.32984,1.33068,1.32415,1.32592,1439
2019-09-20,1.32589,1.33006,1.3254,1.32614,1260
2019-09-22,1.32597,1.3272,1.32597,1.32679,171
2019-09-23,1.32679,1.33046,1.32541,1.3261,1440
2019-09-24,1.32609,1.32743,1.32316,1.32405,1440
2019-09-25,1.32403,1.32881,1.32394,1.3259,1437
2019-09-26,1.32588,1.32759,1.32315,1.3269,1440
2019-09-27,1.32689,1.32777,1.32135,1.32464,1260
2019-09-29,1.32344,1.32395,1.32332,1.32363,171
2019-09-30,1.32362,1.32594,1.3224,1.32423,1440
2019-10-01,1.32423,1.32899,1.32093,1.32177,1439
2019-10-02,1.32176,1.33343,1.32055,1.33283,1440
2019-10-03,1.3328,1.33476,1.33092,1.3337,1440
2019-10-04,1.33369,1.33384,1.32989,1.33037,1260
2019-10-06,1.33226,1.3324,1.33045,1.3306,174
2019-10-07,1.33059,1.33303,1.32899,1.3304,1438
2019-10-08,1.33037,1.33363,1.32874,1.33208,1440
2019-10-09,1.33208,1.33453,1.32947,1.33352,1440
2019-10-10,1.3335,1.33444,1.32684,1.32874,1435
2019-10-11,1.32874,1.32998,1.31707,1.31995,1260
2019-10-13,1.32016,1.32027,1.31912,1.3202,166
2019-10-14,1.32019,1.3239,1.31997,1.32261,1440
2019-10-15,1.3226,1.32392,1.3194,1.32048,1440
2019-10-16,1.3205,1.32334,1.31841,1.32038,1440
2019-10-17,1.32037,1.32115,1.31306,1.31355,1440
2019-10-18,1.31355,1.31453,1.31191,1.31218,1260
2019-10-20,1.31334,1.31378,1.31286,1.31317,175
2019-10-21,1.31313,1.31364,1.30816,1.30872,1439
2019-10-22,1.30869,1.31224,1.30707,1.30942,1439
2019-10-23,1.3094,1.31089,1.30681,1.30751,1440
2019-10-24,1.30751,1.30928,1.30526,1.30708,1440
2019-10-25,1.30708,1.30762,1.30546,1.30546,1260
2019-10-27,1.30616,1.30688,1.30551,1.30677,221
2019-10-28,1.30678,1.30779,1.30489,1.3053,1440
2019-10-29,1.30529,1.31003,1.30417,1.30851,1440
2019-10-30,1.30853,1.32081,1.30744,1.31658,1440
2019-10-31,1.31654,1.31779,1.3135,1.31635,1440
2019-11-01,1.31634,1.3196,1.31384,1.31393,1200
2019-11-03,1.31363,1.31437,1.31356,1.31415,120
2019-11-04,1.31415,1.31602,1.313,1.31522,1439
2019-11-05,1.3152,1.3178,1.31151,1.31537,1440
2019-11-06,1.31537,1.31926,1.3153,1.31857,1440
2019-11-07,1.31857,1.31967,1.31596,1.31743,1440
2019-11-08,1.31741,1.32368,1.31719,1.32258,1320
2019-11-10,1.32196,1.32283,1.32184,1.32266,113
2019-11-11,1.32266,1.32372,1.32123,1.32337,1440
2019-11-12,1.32336,1.32571,1.32162,1.32363,1440
2019-11-13,1.32361,1.32679,1.32312,1.32516,1440
2019-11-14,1.32515,1.32704,1.32435,1.32492,1440
2019-11-15,1.32492,1.32515,1.32162,1.3221,1320
2019-11-17,1.32234,1.32243,1.322,1.3224,116
2019-11-18,1.32238,1.32351,1.32,1.32066,1438
2019-11-19,1.32065,1.32721,1.31903,1.32718,1438
2019-11-20,1.32717,1.33273,1.327,1.33034,1440
2019-11-21,1.33032,1.33248,1.32694,1.32803,1440
2019-11-22,1.32805,1.33014,1.3254,1.32964,1320
2019-11-24,1.32964,1.33011,1.32917,1.32971,118
2019-11-25,1.32969,1.33188,1.32847,1.33033,1440
2019-11-26,1.33031,1.33159,1.32674,1.32701,1439
2019-11-27,1.32703,1.32894,1.32599,1.32849,1440
2019-11-28,1.32848,1.3299,1.32786,1.32802,1438
2019-11-29,1.32802,1.33134,1.32707,1.32727,1320
2019-12-01,1.32723,1.32887,1.32719,1.32851,113
2019-12-02,1.32849,1.33086,1.32754,1.33058,1437
2019-12-03,1.33057,1.33206,1.3283,1.32916,1440
2019-12-04,1.32914,1.32976,1.31917,1.31925,1438
2019-12-05,1.31924,1.31928,1.31581,1.31764,1440
2019-12-06,1.31762,1.32696,1.31712,1.32484,1320
2019-12-08,1.32524,1.3259,1.32476,1.32509,119
2019-12-09,1.32509,1.32648,1.32222,1.32374,1439
2019-12-10,1.32375,1.32497,1.3224,1.32341,1440
2019-12-11,1.3234,1.32393,1.31618,1.31732,1440
2019-12-12,1.3173,1.31936,1.31504,1.31538,1440
2019-12-13,1.31537,1.32047,1.31517,1.31655,1320
2019-12-15,1.31734,1.31859,1.31729,1.31856,117
2019-12-16,1.31857,1.31858,1.31147,1.31649,1440
2019-12-17,1.31646,1.31848,1.31452,1.31608,1440
2019-12-18,1.31609,1.31756,1.31022,1.31141,1440
2019-12-19,1.3114,1.31378,1.31075,1.31235,1440
2019-12-20,1.31232,1.31809,1.31231,1.31486,1320
2019-12-22,1.31475,1.3152,1.31402,1.3145,119
2019-12-23,1.31451,1.31764,1.31408,1.3147,1438
2019-12-24,1.31471,1.31678,1.31464,1.31568,1379
2019-12-25,1.31569,1.31653,1.31454,1.31553,580
2019-12-26,1.31553,1.31573,1.31033,1.31104,1430
2019-12-27,1.31102,1.31202,1.30638,1.30779,1320
2019-12-29,1.30728,1.30764,1.30686,1.30751,117
2019-12-30,1.30751,1.30841,1.30502,1.30612,1440
2019-12-31,1.3061,1.30612,1.29514,1.29886,1319
2020-01-01,1.29842,1.29863,1.29745,1.29754,120
2020-01-02,1.29754,1.30078,1.29684,1.29836,1439
2020-01-03,1.29836,1.30072,1.29608,1.29972,1320
2020-01-05,1.29868,1.29896,1.29848,1.29891,118
2020-01-06,1.29887,1.29896,1.29599,1.29636,1440
2020-01-07,1.29634,1.30293,1.29566,1.30007,1439
2020-01-08,1.30004,1.30434,1.2976,1.30358,1438
2020-01-09,1.30359,1.31046,1.30258,1.30628,1440
2020-01-10,1.30624,1.30753,1.30285,1.30492,1320
2020-01-12,1.30516,1.30667,1.30505,1.30664,120
2020-01-13,1.30665,1.30672,1.30312,1.30562,1440
2020-01-14,1.30562,1.30792,1.30465,1.30673,1437
2020-01-15,1.3067,1.30778,1.30346,1.30397,1439
2020-01-16,1.30397,1.3056,1.30319,1.3041,1439
2020-01-17,1.30408,1.30748,1.30338,1.30639,1320
2020-01-19,1.30586,1.30673,1.30586,1.30642,118
2020-01-20,1.30642,1.3072,1.30434,1.30451,1434
2020-01-21,1.30451,1.30797,1.30441,1.30735,1439
2020-01-22,1.30734,1.31523,1.30356,1.31418,1440
2020-01-23,1.31418,1.31713,1.31236,1.31274,1440
2020-01-24,1.31274,1.31525,1.31179,1.31428,1319
2020-01-26,1.31514,1.3162,1.3149,1.31611,118
2020-01-27,1.3161,1.31994,1.31473,1.31875,1439
2020-01-28,1.31875,1.32054,1.3154,1.31636,1440
2020-01-29,1.31636,1.32093,1.31582,1.31977,1439
2020-01-30,1.31976,1.32263,1.319,1.32119,1440
2020-01-31,1.32119,1.32532,1.3195,1.32347,1320
2020-02-02,1.32374,1.32443,1.32353,1.32414,119
2020-02-03,1.32414,1.33034,1.32316,1.32952,1439
2020-02-04,1.32951,1.33016,1.32633,1.32826,1439
2020-02-05,1.32826,1.33024,1.32626,1.32859,1440
2020-02-06,1.32857,1.33089,1.327,1.32869,1440
2020-02-07,1.32869,1.33208,1.3278,1.33042,1320
2020-02-09,1.32997,1.33114,1.32997,1.33114,120
2020-02-10,1.33113,1.33291,1.3288,1.33176,1438
2020-02-11,1.33173,1.33197,1.32761,1.32897,1421
2020-02-12,1.329,1.32956,1.32356,1.32558,1277
2020-02-13,1.32558,1.32709,1.324,1.32658,1440
2020-02-14,1.32658,1.32688,1.32355,1.32483,1320
2020-02-16,1.32495,1.32514,1.32442,1.32447,120
2020-02-17,1.32445,1.32499,1.32248,1.32371,1437
2020-02-18,1.32372,1.32782,1.3234,1.32539,1440
2020-02-19,1.3254,1.32558,1.32149,1.32217,1435
2020-02-20,1.32215,1.32686,1.32115,1.3261,1435
2020-02-21,1.3261,1.32682,1.32018,1.32189,1320
2020-02-23,1.32504,1.32582,1.3243,1.32533,120
2020-02-24,1.32531,1.33073,1.32473,1.3287,1440
2020-02-25,1.32869,1.33054,1.3267,1.32797,1440
2020-02-26,1.32797,1.33469,1.32711,1.33435,1440
2020-02-27,1.33435,1.33937,1.33163,1.33877,1439
2020-02-28,1.33876,1.34642,1.33854,1.33965,1320
2020-03-01,1.3433,1.34392,1.34041,1.34056,118
2020-03-02,1.34051,1.34149,1.33146,1.33245,1435
2020-03-03,1.33245,1.33905,1.33186,1.33769,1439
2020-03-04,1.33769,1.34311,1.3328,1.33862,1439
2020-03-05,1.33859,1.34381,1.33859,1.33917,1440
2020-03-06,1.33917,1.34392,1.33793,1.34156,1320
2020-03-08,1.35447,1.36272,1.35376,1.36064,240
2020-03-09,1.36071,1.37588,1.35173,1.36552,1440
2020-03-10,1.36552,1.37957,1.36086,1.3735,1440
2020-03-11,1.3735,1.37943,1.36811,1.37783,1440
2020-03-12,1.37783,1.39614,1.37071,1.39325,1439
2020-03-13,1.39321,1.3995,1.37815,1.38008,1200
2020-03-15,1.38878,1.38878,1.37296,1.38216,236
2020-03-16,1.38216,1.40189,1.3821,1.39922,1440
2020-03-17,1.39922,1.42763,1.396,1.42328,1438
2020-03-18,1.42329,1.46503,1.41658,1.45449,1439
2020-03-19,1.45449,1.46675,1.44202,1.44924,1437
2020-03-20,1.44923,1.44954,1.41486,1.43309,1200
2020-03-22,1.43525,1.44882,1.43514,1.44646,234
2020-03-23,1.44652,1.45594,1.43351,1.44514,1437
2020-03-24,1.44515,1.45312,1.43743,1.44543,1440
2020-03-25,1.44543,1.44543,1.41772,1.42237,1440
2020-03-26,1.42236,1.42752,1.40095,1.40579,1440
2020-03-27,1.40579,1.4154,1.39206,1.39783,1200
2020-03-29,1.40159,1.40752,1.40067,1.40724,118
2020-03-30,1.40484,1.41896,1.40111,1.418,1436
2020-03-31,1.418,1.43487,1.40104,1.40762,1440
2020-04-01,1.40763,1.42713,1.40651,1.41511,1439
2020-04-02,1.41512,1.42986,1.40781,1.41292,1440
2020-04-03,1.41298,1.42238,1.40938,1.41964,1260
2020-04-05,1.42242,1.42611,1.42209,1.4253,178
2020-04-06,1.42531,1.42588,1.4081,1.41119,1440
2020-04-07,1.41119,1.41221,1.39444,1.40148,1440
2020-04-08,1.40149,1.40809,1.39905,1.40019,1440
2020-04-09,1.40019,1.40774,1.39305,1.39864,1440
2020-04-10,1.39863,1.40083,1.39449,1.39503,1251
2020-04-12,1.39244,1.39997,1.39235,1.39685,176
2020-04-13,1.39685,1.39871,1.38551,1.38734,1440
2020-04-14,1.3874,1.39245,1.38622,1.38804,1440
2020-04-15,1.38799,1.41319,1.38793,1.41176,1440
2020-04-16,1.41175,1.41821,1.40144,1.40379,1440
2020-04-17,1.40375,1.41174,1.39963,1.39976,1260
2020-04-19,1.40154,1.40517,1.40153,1.40516,175
2020-04-20,1.40516,1.41531,1.4031,1.41294,1438
2020-04-21,1.41294,1.42645,1.41127,1.41913,1440
2020-04-22,1.41907,1.42374,1.41146,1.41843,1440
2020-04-23,1.41845,1.41978,1.39996,1.40651,1436
2020-04-24,1.4065,1.41198,1.40231,1.40923,1260
2020-04-26,1.40839,1.41168,1.40804,1.41093,164
2020-04-27,1.41091,1.41146,1.40144,1.40365,1440
2020-04-28,1.4037,1.40725,1.39354,1.39827,1440
2020-04-29,1.39827,1.39858,1.38745,1.38753,1440
2020-04-30,1.38755,1.39685,1.38498,1.39518,1440
2020-05-01,1.39518,1.41089,1.39489,1.40861,1260
2020-05-03,1.40835,1.4137,1.40772,1.4135,173
2020-05-04,1.41348,1.41522,1.40509,1.40838,1439
2020-05-05,1.40838,1.40947,1.40076,1.40399,1440
2020-05-06,1.404,1.41726,1.40224,1.41636,1440
2020-05-07,1.41634,1.41634,1.39524,1.39733,1440
2020-05-08,1.39732,1.39762,1.39083,1.39238,1260
2020-05-10,1.39323,1.39459,1.39242,1.39264,178
2020-05-11,1.39264,1.40423,1.38996,1.40201,1440
2020-05-12,1.40201,1.40836,1.3972,1.40831,1440
2020-05-13,1.40828,1.41148,1.40061,1.40904,1439
2020-05-14,1.40901,1.41408,1.40315,1.40335,1440
2020-05-15,1.40333,1.41167,1.40182,1.41045,1260
2020-05-17,1.40932,1.41141,1.4087,1.40927,170
2020-05-18,1.40925,1.40964,1.39357,1.39393,1439
2020-05-19,1.39393,1.39692,1.38662,1.39378,1440
2020-05-20,1.3938,1.39502,1.38677,1.39055,1439
2020-05-21,1.39056,1.39701,1.38908,1.39463,1434
2020-05-22,1.39463,1.40484,1.39409,1.40002,1260
2020-05-24,1.39882,1.40024,1.3982,1.39853,176
2020-05-25,1.39852,1.40071,1.39684,1.39709,1435
2020-05-26,1.39709,1.39766,1.37568,1.37844,1439
2020-05-27,1.37842,1.38224,1.37272,1.37547,1439
2020-05-28,1.37548,1.37895,1.3734,1.37756,1440
2020-05-29,1.37756,1.38323,1.37141,1.3766,1259
2020-05-31,1.37761,1.38004,1.37504,1.37784,179
2020-06-01,1.37784,1.37819,1.35581,1.35824,1440
2020-06-02,1.35822,1.35822,1.34834,1.351,1437
2020-06-03,1.35098,1.35723,1.34796,1.34937,1440
2020-06-04,1.3494,1.35409,1.34675,1.35025,1439
2020-06-05,1.35025,1.35126,1.33912,1.34203,1260
2020-06-07,1.34084,1.34206,1.33915,1.33971,179
2020-06-08,1.33969,1.34365,1.33564,1.33703,1440
2020-06-09,1.33704,1.34877,1.33593,1.34229,1439
2020-06-10,1.3423,1.34375,1.33149,1.34267,1440
2020-06-11,1.34267,1.36511,1.34004,1.3638,1439
2020-06-12,1.3638,1.36662,1.35269,1.3586,1260
2020-06-14,1.36009,1.36417,1.35941,1.36353,172
2020-06-15,1.36352,1.36857,1.35296,1.35304,1439
2020-06-16,1.35305,1.36224,1.35044,1.35361,1440
2020-06-17,1.35365,1.35942,1.35117,1.35779,1439
2020-06-18,1.35778,1.36159,1.35208,1.35928,1440
2020-06-19,1.35928,1.36173,1.35465,1.3605,1260
2020-06-21,1.36131,1.36297,1.36108,1.36187,169
2020-06-22,1.36187,1.36253,1.35,1.35036,1439
2020-06-23,1.35036,1.35703,1.34854,1.35408,1440
2020-06-24,1.35408,1.36465,1.35271,1.3645,1440
2020-06-25,1.36449,1.36698,1.36072,1.36379,1438
2020-06-26,1.36382,1.37151,1.36275,1.36844,1260
2020-06-28,1.36681,1.36977,1.36681,1.36797,170
2020-06-29,1.36799,1.3705,1.36468,1.3656,1440
2020-06-30,1.3656,1.36991,1.35694,1.35745,1439
2020-07-01,1.35745,1.36012,1.35453,1.35923,1440
2020-07-02,1.35929,1.36237,1.35596,1.35708,1440
2020-07-03,1.35707,1.35812,1.35421,1.35423,1260
2020-07-05,1.35589,1.35617,1.35447,1.35489,174
2020-07-06,1.35489,1.35595,1.35193,1.35387,1435
2020-07-07,1.35387,1.36094,1.35245,1.36043,1437
2020-07-08,1.36043,1.36236,1.34922,1.35172,1439
2020-07-09,1.35172,1.3594,1.34906,1.35811,1440
2020-07-10,1.3581,1.36311,1.35748,1.35918,1258
2020-07-12,1.35838,1.35985,1.35838,1.35985,179
2020-07-13,1.35985,1.36122,1.35362,1.36106,1438
2020-07-14,1.36108,1.3646,1.35948,1.35987,1438
2020-07-15,1.35988,1.36067,1.35041,1.35069,1439
2020-07-16,1.35072,1.3581,1.3501,1.35739,1439
2020-07-17,1.35739,1.35888,1.35648,1.3578,1260
2020-07-19,1.35709,1.35864,1.35709,1.3574,178
2020-07-20,1.35742,1.35999,1.35238,1.35251,1439
2020-07-21,1.35251,1.35256,1.3425,1.34463,1440
2020-07-22,1.34468,1.34827,1.33992,1.34182,1438
2020-07-23,1.34182,1.34272,1.33509,1.34033,1439
2020-07-24,1.34033,1.3445,1.33767,1.34141,1260
2020-07-26,1.34207,1.34307,1.341,1.34195,180
2020-07-27,1.34194,1.34204,1.33377,1.3339,1440
2020-07-28,1.3339,1.34068,1.33307,1.33801,1439
2020-07-29,1.33802,1.33866,1.33321,1.33427,1440
2020-07-30,1.33424,1.34595,1.33338,1.3414,1436
2020-07-31,1.3414,1.34356,1.33718,1.34097,1260
2020-08-02,1.34001,1.34066,1.33894,1.34007,177
2020-08-03,1.34005,1.34509,1.33797,1.33949,1436
2020-08-04,1.33949,1.34202,1.32943,1.32966,1440
2020-08-05,1.32966,1.33075,1.32332,1.32659,1440
2020-08-06,1.32659,1.33249,1.32435,1.33179,1438
2020-08-07,1.3318,1.33982,1.33052,1.33819,1260
2020-08-09,1.33894,1.33932,1.33617,1.33873,176
2020-08-10,1.33872,1.33945,1.33335,1.33532,1436
2020-08-11,1.33532,1.33549,1.327,1.3311,1440
2020-08-12,1.33111,1.33467,1.32276,1.32423,1440
2020-08-13,1.32426,1.32512,1.31914,1.3221,1439
2020-08-14,1.3221,1.32715,1.32057,1.32623,1260
2020-08-16,1.3256,1.32666,1.3228,1.32534,150
2020-08-17,1.32536,1.32621,1.31916,1.32217,1439
2020-08-18,1.32216,1.32225,1.31516,1.31584,1440
2020-08-19,1.31585,1.32266,1.3133,1.32109,1439
2020-08-20,1.32109,1.32443,1.31679,1.3174,1439
2020-08-21,1.3174,1.32339,1.31586,1.3173,1260
2020-08-23,1.31748,1.31842,1.31694,1.31794,173
2020-08-24,1.31794,1.3238,1.3134,1.32175,1431
2020-08-25,1.32176,1.3239,1.3159,1.31652,1428
2020-08-26,1.31653,1.32048,1.31315,1.31402,1425
2020-08-27,1.31403,1.31662,1.31013,1.31229,1431
2020-08-28,1.3123,1.31325,1.30468,1.30968,1260
2020-08-30,1.30918,1.30923,1.30799,1.30818,158
2020-08-31,1.30819,1.31042,1.30199,1.30383,1437
2020-09-01,1.30384,1.30865,1.29938,1.30545,1439
2020-09-02,1.30542,1.30951,1.30368,1.3047,1432
2020-09-03,1.3047,1.31618,1.30468,1.31373,1436
2020-09-04,1.31373,1.31397,1.30439,1.30605,1258
2020-09-06,1.30479,1.30834,1.30429,1.30757,172
2020-09-07,1.3076,1.3116,1.30664,1.30957,1410
2020-09-08,1.30956,1.32573,1.30858,1.32398,1436
2020-09-09,1.32399,1.3259,1.31408,1.31529,1431
2020-09-10,1.31529,1.32024,1.31186,1.3189,1435
2020-09-11,1.3189,1.32072,1.31504,1.31763,1257
2020-09-13,1.31805,1.31915,1.31772,1.31806,174
2020-09-14,1.31806,1.31964,1.31528,1.31764,1432
2020-09-15,1.31763,1.32021,1.31344,1.31941,1435
2020-09-16,1.31941,1.32004,1.31272,1.31802,1437
2020-09-17,1.31801,1.32467,1.31448,1.31499,1431
2020-09-18,1.315,1.32087,1.31368,1.32017,1260
2020-09-20,1.31958,1.32082,1.31844,1.31977,169
2020-09-21,1.31977,1.332,1.31707,1.33018,1435
2020-09-22,1.33018,1.33455,1.32833,1.32975,1438
2020-09-23,1.32974,1.3394,1.32936,1.33874,1437
2020-09-24,1.33872,1.34177,1.3325,1.33498,1435
2020-09-25,1.335,1.34178,1.33385,1.33835,1259
2020-09-27,1.33806,1.33867,1.33737,1.33807,174
2020-09-28,1.33808,1.34033,1.33539,1.33577,1435
2020-09-29,1.33577,1.34183,1.33517,1.33837,1435
2020-09-30,1.33837,1.34201,1.33014,1.33078,1436
2020-10-01,1.33082,1.3322,1.32666,1.32857,1434
2020-10-02,1.32859,1.3331,1.32813,1.33053,1259
2020-10-04,1.32964,1.33027,1.32915,1.32927,173
2020-10-05,1.32927,1.32938,1.32531,1.32581,1433
2020-10-06,1.32579,1.33237,1.32416,1.33208,1434
2020-10-07,1.33205,1.33403,1.32511,1.32588,1433
2020-10-08,1.32592,1.32652,1.31902,1.31916,1436
2020-10-09,1.31918,1.31956,1.31091,1.31136,1254
2020-10-11,1.31286,1.31338,1.31114,1.31313,169
2020-10-12,1.31315,1.31428,1.31009,1.3112,1415
2020-10-13,1.3112,1.31466,1.30987,1.31405,1434
2020-10-14,1.31403,1.31627,1.31158,1.31513,1438
2020-10-15,1.31515,1.32591,1.31448,1.3228,1435
2020-10-16,1.32279,1.32373,1.31768,1.31899,1259
2020-10-18,1.31878,1.3193,1.31783,1.31803,175
2020-10-19,1.31804,1.31978,1.31502,1.31897,1438
2020-10-20,1.31898,1.32035,1.31041,1.31192,1436
2020-10-21,1.31194,1.31605,1.30806,1.31544,1435
2020-10-22,1.31545,1.3177,1.31236,1.31361,1436
2020-10-23,1.31363,1.31601,1.31089,1.31216,1259
2020-10-25,1.31296,1.31609,1.31242,1.31487,228
2020-10-26,1.31485,1.32249,1.31396,1.31933,1433
2020-10-27,1.31934,1.32003,1.31418,1.31945,1437
2020-10-28,1.31944,1.33333,1.31791,1.33135,1439
2020-10-29,1.33136,1.33897,1.32778,1.3315,1430
2020-10-30,1.3315,1.33487,1.32795,1.33185,1200
2020-11-01,1.33151,1.33702,1.33103,1.33685,108
2020-11-02,1.33685,1.337,1.32122,1.32202,1439
2020-11-03,1.32202,1.32337,1.30996,1.31024,1437
2020-11-04,1.31023,1.3299,1.30952,1.31264,1437
2020-11-05,1.31265,1.3178,1.30279,1.30829,1439
2020-11-06,1.30826,1.30968,1.30189,1.30535,1320
2020-11-08,1.30396,1.30517,1.30185,1.30226,119
2020-11-09,1.30227,1.30308,1.2928,1.30072,1426
2020-11-10,1.30072,1.30507,1.29843,1.3031,1434
2020-11-11,1.30309,1.3077,1.30081,1.30584,1432
2020-11-12,1.30582,1.31495,1.30556,1.31369,1431
2020-11-13,1.3137,1.31721,1.31157,1.31283,1320
2020-11-15,1.31363,1.3138,1.31176,1.31237,116
2020-11-16,1.31237,1.31276,1.30652,1.30749,1431
2020-11-17,1.30748,1.31164,1.30631,1.3105,1437
2020-11-18,1.31055,1.31174,1.30336,1.30883,1424
2020-11-19,1.30884,1.3123,1.3052,1.30871,1436
2020-11-20,1.30871,1.30965,1.30387,1.30927,1320
2020-11-22,1.30844,1.30936,1.30808,1.30843,120
2020-11-23,1.30843,1.31123,1.30451,1.30742,1432
2020-11-24,1.3074,1.30905,1.29928,1.29957,1436
2020-11-25,1.29959,1.30288,1.2986,1.30018,1433
2020-11-26,1.30017,1.30227,1.29901,1.30206,1425
2020-11-27,1.30205,1.30247,1.29717,1.29866,1315
2020-11-29,1.29964,1.29972,1.29767,1.29829,96
2020-11-30,1.2983,1.29936,1.29808,1.29892,298
2020-12-01,1.29908,1.29915,1.29274,1.29333,1437
2020-12-02,1.29333,1.29585,1.29097,1.29169,1425
2020-12-03,1.29171,1.29409,1.28519,1.28677,1434
2020-12-04,1.28679,1.28736,1.2772,1.27774,1319
2020-12-06,1.2779,1.27898,1.27742,1.27814,106
2020-12-07,1.27813,1.2833,1.27769,1.28032,1427
2020-12-08,1.28035,1.28255,1.27675,1.28159,1417
2020-12-09,1.28158,1.28329,1.27689,1.28274,1425
2020-12-10,1.28272,1.28273,1.27065,1.27412,1420
2020-12-11,1.27411,1.27922,1.27191,1.27652,1319
2020-12-13,1.27536,1.27607,1.27442,1.27508,114
2020-12-14,1.27508,1.27895,1.27197,1.27606,1414
2020-12-15,1.27605,1.27713,1.26876,1.26989,1421
2020-12-16,1.26991,1.27893,1.26987,1.2747,1433
2020-12-17,1.27473,1.27502,1.26883,1.27319,1423
2020-12-18,1.2732,1.27982,1.2728,1.27855,1319
2020-12-20,1.27978,1.28111,1.27852,1.281,116
2020-12-21,1.28101,1.29569,1.28059,1.28523,1436
2020-12-22,1.28523,1.29334,1.28469,1.28919,1424
2020-12-23,1.28922,1.29146,1.2834,1.28427,1429
2020-12-24,1.2843,1.28795,1.28126,1.28562,1355
2020-12-25,1.28557,1.28703,1.2843,1.28636,289
2020-12-27,1.28448,1.28552,1.28323,1.28402,107
2020-12-28,1.28401,1.28755,1.28134,1.2843,1423
2020-12-29,1.28427,1.28433,1.27797,1.2822,1420
2020-12-30,1.28224,1.28266,1.2749,1.27512,1433
2020-12-31,1.2751,1.27696,1.27138,1.27333,1318
2021-01-03,1.27136,1.27347,1.27136,1.27229,116
2021-01-04,1.27228,1.27976,1.26647,1.27809,1434
2021-01-05,1.27809,1.27894,1.26557,1.26758,1427
2021-01-06,1.26758,1.27234,1.26296,1.26647,1431
2021-01-07,1.26653,1.27336,1.26642,1.26848,1429
2021-01-08,1.26848,1.27427,1.26583,1.26846,1320
2021-01-10,1.27015,1.27338,1.26867,1.27268,120
2021-01-11,1.2727,1.28349,1.27184,1.27731,1434
2021-01-12,1.2773,1.27912,1.27065,1.27071,1428
2021-01-13,1.27071,1.27465,1.26799,1.26971,1430
2021-01-14,1.26972,1.27073,1.26245,1.26468,1428
2021-01-15,1.26469,1.2764,1.26357,1.27276,1320
2021-01-17,1.27287,1.27715,1.27258,1.27714,115
2021-01-18,1.27715,1.27988,1.2742,1.2749,1432
2021-01-19,1.27488,1.27638,1.27149,1.27211,1425
2021-01-20,1.27211,1.27323,1.2606,1.26282,1430
2021-01-21,1.26284,1.26491,1.25885,1.26487,1428
2021-01-22,1.26488,1.27403,1.2641,1.27287,1314
2021-01-24,1.27134,1.27365,1.27076,1.27262,118
2021-01-25,1.27256,1.27788,1.2687,1.27375,1432
2021-01-26,1.27376,1.27822,1.26894,1.26923,1436
2021-01-27,1.26923,1.28225,1.26847,1.2818,1438
2021-01-28,1.2818,1.2881,1.27878,1.28303,1437
2021-01-29,1.283,1.28743,1.27373,1.27718,1320
2021-01-31,1.27865,1.2819,1.27856,1.28004,118
2021-02-01,1.28007,1.28642,1.27611,1.2849,1433
2021-02-02,1.2849,1.28695,1.27785,1.27867,1427
2021-02-03,1.27869,1.2811,1.2763,1.27844,1427
2021-02-04,1.27844,1.28451,1.2777,1.28249,1435
2021-02-05,1.28249,1.28325,1.2752,1.27532,1320
2021-02-07,1.27565,1.27665,1.27537,1.27602,115
2021-02-08,1.27599,1.27824,1.27342,1.27386,1422
2021-02-09,1.2739,1.2766,1.26889,1.2698,1432
2021-02-10,1.2698,1.27104,1.26672,1.26968,1426
2021-02-11,1.26969,1.27104,1.26599,1.26996,1421
2021-02-12,1.26997,1.27628,1.26765,1.26908,1313
2021-02-14,1.26833,1.269,1.2682,1.26886,113
2021-02-15,1.26888,1.26912,1.26306,1.26353,1402
2021-02-16,1.26354,1.27121,1.26092,1.27118,1430
2021-02-17,1.27121,1.2746,1.26867,1.26998,1435
2021-02-18,1.26995,1.27306,1.2665,1.2681,1433
2021-02-19,1.26808,1.27137,1.25941,1.26108,1319
2021-02-21,1.26113,1.2618,1.25974,1.26007,120
2021-02-22,1.26009,1.26535,1.25801,1.2611,1438
2021-02-23,1.2611,1.26469,1.25785,1.25945,1427
2021-02-24,1.25944,1.2598,1.25046,1.25124,1435
2021-02-25,1.25124,1.26144,1.24676,1.26136,1438
2021-02-26,1.26135,1.27484,1.25868,1.27346,1320
2021-02-28,1.27284,1.2737,1.26922,1.26972,112
2021-03-01,1.26972,1.27129,1.26398,1.26404,1435
2021-03-02,1.26407,1.2698,1.25997,1.26357,1436
2021-03-03,1.26356,1.26748,1.25927,1.26745,1431
2021-03-04,1.26747,1.26936,1.25749,1.26791,1436
2021-03-05,1.26792,1.2737,1.26454,1.2653,1320
2021-03-07,1.26505,1.26565,1.26219,1.26321,120
2021-03-08,1.26319,1.26998,1.26254,1.2658,1435
2021-03-09,1.26582,1.26855,1.25902,1.2646,1437
2021-03-10,1.26459,1.2683,1.26081,1.2621,1436
2021-03-11,1.26211,1.26249,1.25202,1.25362,1430
2021-03-12,1.25361,1.25729,1.24618,1.24733,1319
2021-03-14,1.24735,1.24821,1.24599,1.24701,235
2021-03-15,1.24701,1.25128,1.24404,1.2482,1433
2021-03-16,1.2482,1.24999,1.24334,1.24493,1434
2021-03-17,1.24494,1.24931,1.23774,1.23833,1436
2021-03-18,1.23834,1.25264,1.23647,1.25007,1433
2021-03-19,1.25009,1.25475,1.24616,1.24978,1200
2021-03-21,1.25185,1.25312,1.25159,1.25225,233
2021-03-22,1.25224,1.2541,1.24731,1.25263,1429
2021-03-23,1.25267,1.25976,1.25205,1.2583,1433
2021-03-24,1.25829,1.26086,1.25426,1.25678,1429
2021-03-25,1.25676,1.26284,1.25461,1.25989,1429
2021-03-26,1.25987,1.26081,1.25603,1.25807,1194
2021-03-28,1.25694,1.25804,1.25694,1.25795,100
2021-03-29,1.25849,1.26267,1.25797,1.259,1427
2021-03-30,1.25901,1.26468,1.25801,1.26214,1432
2021-03-31,1.26213,1.26285,1.25391,1.25643,1427
2021-04-01,1.25645,1.26017,1.25397,1.2547,1424
2021-04-02,1.25469,1.25814,1.25278,1.25695,1206
2021-04-04,1.25724,1.25881,1.25629,1.25642,168
2021-04-05,1.25641,1.25942,1.25016,1.252,1421
2021-04-06,1.25202,1.25826,1.25165,1.25717,1431
2021-04-07,1.25719,1.26345,1.25656,1.26133,1432
2021-04-08,1.26132,1.26268,1.25558,1.25634,1424
2021-04-09,1.25632,1.26106,1.25251,1.25264,1256
2021-04-11,1.25336,1.25372,1.25257,1.25335,169
2021-04-12,1.25336,1.25736,1.25303,1.25625,1427
2021-04-13,1.25624,1.26288,1.25266,1.25368,1427
2021-04-14,1.25369,1.2576,1.24998,1.2517,1427
2021-04-15,1.25176,1.25582,1.24765,1.25451,1434
2021-04-16,1.2545,1.25591,1.24939,1.25056,1258
2021-04-18,1.25045,1.25183,1.25044,1.25183,163
2021-04-19,1.25183,1.25438,1.24709,1.25233,1430
2021-04-20,1.25229,1.26231,1.24784,1.26118,1434
2021-04-21,1.26118,1.26532,1.24595,1.2504,1420
2021-04-22,1.25042,1.25346,1.24727,1.25024,1431
2021-04-23,1.25024,1.25092,1.24605,1.24744,1259
2021-04-25,1.24758,1.24894,1.24742,1.24891,172
2021-04-26,1.24892,1.24904,1.23839,1.23958,1419
2021-04-27,1.23958,1.24184,1.23882,1.24065,1418
2021-04-28,1.24067,1.24177,1.23013,1.23028,1423
2021-04-29,1.2303,1.23215,1.22744,1.22758,1414
2021-04-30,1.2276,1.23223,1.22656,1.22865,1252
2021-05-02,1.22875,1.22906,1.22787,1.22799,156
2021-05-03,1.22797,1.23186,1.22664,1.228,1419
2021-05-04,1.22797,1.23513,1.22768,1.2301,1417
2021-05-05,1.2301,1.23059,1.22514,1.22686,1418
2021-05-06,1.22683,1.22879,1.21415,1.2156,1429
2021-05-07,1.21553,1.21932,1.21195,1.21246,1245
2021-05-09,1.21208,1.21332,1.21097,1.2116,177
2021-05-10,1.21161,1.21301,1.20785,1.20938,1427
2021-05-11,1.20938,1.21259,1.20777,1.20973,1421
2021-05-12,1.20973,1.21376,1.20455,1.21202,1423
2021-05-13,1.21202,1.22025,1.21035,1.21702,1427
2021-05-14,1.21702,1.21785,1.20804,1.21007,1260
2021-05-16,1.21104,1.21185,1.21038,1.21122,146
2021-05-17,1.21123,1.21359,1.20604,1.20616,1425
2021-05-18,1.20618,1.2081,1.20124,1.20726,1425
2021-05-19,1.20724,1.21429,1.20536,1.21311,1428
2021-05-20,1.21313,1.21441,1.2049,1.20629,1415
2021-05-21,1.20629,1.20943,1.20271,1.20614,1257
2021-05-23,1.20662,1.20766,1.2056,1.20697,159
2021-05-24,1.20699,1.20851,1.20404,1.20499,1418
2021-05-25,1.20497,1.20781,1.20286,1.2066,1425
2021-05-26,1.20661,1.21356,1.20429,1.21298,1436
2021-05-27,1.21298,1.21418,1.20562,1.20706,1415
2021-05-28,1.20706,1.21197,1.20626,1.20693,1259
2021-05-30,1.20648,1.20799,1.20647,1.2078,157
2021-05-31,1.20779,1.20857,1.20694,1.20774,240
2021-06-01,1.20606,1.20772,1.20064,1.20706,1416
2021-06-02,1.20705,1.20914,1.2029,1.20402,1409
2021-06-03,1.20403,1.21196,1.20298,1.21093,1392
2021-06-04,1.21094,1.21328,1.20701,1.20726,1254
2021-06-06,1.20697,1.20797,1.20697,1.20756,153
2021-06-07,1.20755,1.21063,1.20567,1.20865,1423
2021-06-08,1.20867,1.21171,1.20707,1.21127,1406
2021-06-09,1.21132,1.21173,1.20576,1.21144,1411
2021-06-10,1.21143,1.21246,1.20696,1.20958,1419
2021-06-11,1.20957,1.2177,1.20797,1.21583,1256
2021-06-13,1.21584,1.21641,1.2154,1.21598,153
2021-06-14,1.21594,1.21712,1.21277,1.21427,1412
2021-06-15,1.21425,1.22037,1.21291,1.21855,1432
2021-06-16,1.21855,1.22832,1.21564,1.2278,1439
2021-06-17,1.22785,1.23777,1.22619,1.23451,1435
2021-06-18,1.23451,1.24804,1.23387,1.24601,1259
2021-06-20,1.24638,1.24666,1.24412,1.24501,173
2021-06-21,1.24501,1.24866,1.23529,1.23693,1436
2021-06-22,1.23697,1.24029,1.23013,1.23108,1427
2021-06-23,1.23107,1.23282,1.22519,1.23047,1420
2021-06-24,1.23047,1.23406,1.22821,1.23219,1424
2021-06-25,1.23219,1.23293,1.22717,1.2291,1256
2021-06-27,1.22919,1.23046,1.22901,1.22908,163
2021-06-28,1.22908,1.23476,1.22873,1.23347,1409
2021-06-29,1.23347,1.24027,1.23312,1.23966,1432
2021-06-30,1.23965,1.24232,1.23552,1.23937,1422
2021-07-01,1.23935,1.24452,1.23644,1.24403,1418
2021-07-02,1.24404,1.24493,1.23088,1.23206,1256
2021-07-04,1.23192,1.23322,1.23164,1.23307,160
2021-07-05,1.23307,1.23713,1.23235,1.23406,1413
2021-07-06,1.23407,1.24944,1.23023,1.24581,1423
2021-07-07,1.24583,1.2519,1.24227,1.24818,1421
2021-07-08,1.24818,1.25899,1.2478,1.25307,1431
2021-07-09,1.25307,1.25564,1.24402,1.24412,1260
2021-07-11,1.24432,1.24549,1.24422,1.24482,160
2021-07-12,1.24483,1.25141,1.2448,1.24558,1422
2021-07-13,1.24562,1.25393,1.24418,1.25213,1431
2021-07-14,1.25213,1.25258,1.24256,1.25159,1429
2021-07-15,1.25158,1.26131,1.25008,1.25914,1431
2021-07-16,1.25915,1.26204,1.25605,1.26117,1259
2021-07-18,1.26059,1.26226,1.26025,1.26173,173
2021-07-19,1.26174,1.28072,1.2617,1.27496,1430
2021-07-20,1.27496,1.27864,1.26708,1.26752,1430
2021-07-21,1.26753,1.27297,1.25252,1.2571,1427
2021-07-22,1.2571,1.2594,1.25286,1.25636,1419
2021-07-23,1.25636,1.26067,1.25545,1.25581,1254
2021-07-25,1.25567,1.25725,1.25567,1.25679,171
2021-07-26,1.2568,1.259,1.25276,1.25426,1426
2021-07-27,1.25429,1.26041,1.25376,1.25908,1431
2021-07-28,1.25906,1.26022,1.25151,1.25198,1432
2021-07-29,1.25196,1.25299,1.24312,1.24491,1427
2021-07-30,1.24495,1.24909,1.24217,1.24661,1259
2021-08-01,1.24784,1.24803,1.24639,1.24669,170
2021-08-02,1.24668,1.25145,1.24525,1.25008,1413
2021-08-03,1.25008,1.25754,1.24888,1.2533,1419
2021-08-04,1.25332,1.25625,1.25152,1.2544,1423
2021-08-05,1.2544,1.25448,1.24743,1.25013,1405
2021-08-06,1.25013,1.25809,1.24941,1.25509,1257
2021-08-08,1.2546,1.25793,1.2544,1.25724,156
2021-08-09,1.25723,1.25875,1.25312,1.2575,1414
2021-08-10,1.25751,1.25891,1.25159,1.25191,1429
2021-08-11,1.25192,1.2548,1.2489,1.25074,1400
2021-08-12,1.25073,1.2533,1.25003,1.25198,1425
2021-08-13,1.25197,1.25319,1.25011,1.25102,1254
2021-08-15,1.25143,1.25197,1.25115,1.25181,149
2021-08-16,1.2518,1.25839,1.25169,1.25712,1419
2021-08-17,1.25711,1.26486,1.25701,1.26268,1422
2021-08-18,1.26269,1.2663,1.25977,1.26629,1431
2021-08-19,1.26628,1.28324,1.26595,1.28312,1430
2021-08-20,1.2831,1.29487,1.28138,1.28199,1260
2021-08-22,1.28083,1.28325,1.28083,1.28254,164
2021-08-23,1.28256,1.28259,1.26422,1.26527,1421
2021-08-24,1.26527,1.26575,1.25783,1.25967,1412
2021-08-25,1.25968,1.26433,1.25854,1.25889,1426
2021-08-26,1.25888,1.26952,1.25882,1.26856,1413
2021-08-27,1.26855,1.27077,1.26051,1.26104,1259
2021-08-29,1.26169,1.26223,1.26078,1.26117,167
2021-08-30,1.26117,1.26337,1.25731,1.26087,1399
2021-08-31,1.26089,1.26529,1.25688,1.26162,1424
2021-09-01,1.26165,1.26366,1.258,1.26212,1418
2021-09-02,1.26211,1.26377,1.25477,1.25527,1412
2021-09-03,1.25524,1.25586,1.24932,1.25213,1258
2021-09-05,1.2525,1.25311,1.25124,1.25309,151
2021-09-06,1.25306,1.25587,1.25228,1.2534,1412
2021-09-07,1.25342,1.26555,1.2519,1.26463,1416
2021-09-08,1.26461,1.27617,1.26258,1.26936,1420
2021-09-09,1.26937,1.27272,1.26222,1.26653,1425
2021-09-10,1.26654,1.26944,1.25821,1.26898,1258
2021-09-12,1.26809,1.26877,1.26731,1.26799,167
2021-09-13,1.26799,1.26948,1.26375,1.26483,1403
2021-09-14,1.26485,1.26979,1.26008,1.26907,1423
2021-09-15,1.26905,1.2708,1.26173,1.26181,1426
2021-09-16,1.26182,1.26992,1.26159,1.26815,1418
2021-09-17,1.26811,1.27722,1.26361,1.27655,1260
2021-09-19,1.27575,1.27779,1.27373,1.27656,167
2021-09-20,1.27656,1.28956,1.27593,1.28025,1431
2021-09-21,1.28024,1.28482,1.27421,1.28163,1434
2021-09-22,1.28163,1.28258,1.26975,1.27859,1430
2021-09-23,1.27861,1.27956,1.2633,1.26622,1418
2021-09-24,1.26622,1.27299,1.26405,1.26471,1260
2021-09-26,1.26482,1.26569,1.26396,1.26495,171
2021-09-27,1.26495,1.26723,1.26095,1.26262,1420
2021-09-28,1.2626,1.27067,1.25935,1.26769,1431
2021-09-29,1.26769,1.27742,1.26679,1.2754,1437
2021-09-30,1.27539,1.27567,1.26296,1.2684,1431
2021-10-01,1.26844,1.27383,1.26274,1.26416,1260
2021-10-03,1.26397,1.26445,1.26133,1.26263,165
2021-10-04,1.26261,1.26542,1.25573,1.25893,1417
2021-10-05,1.25897,1.26293,1.25449,1.25831,1419
2021-10-06,1.25832,1.26476,1.25808,1.25855,1425
2021-10-07,1.25859,1.25991,1.25396,1.25472,1425
2021-10-08,1.25473,1.25622,1.24512,1.2466,1260
2021-10-10,1.24728,1.24861,1.24647,1.24842,171
2021-10-11,1.24844,1.24915,1.24458,1.24807,1417
2021-10-12,1.24807,1.24979,1.24339,1.24772,1415
2021-10-13,1.24769,1.24783,1.24297,1.24383,1421
2021-10-14,1.24383,1.24385,1.23543,1.2375,1433
2021-10-15,1.23751,1.2397,1.23361,1.2358,1259
2021-10-17,1.23641,1.23741,1.23482,1.23739,164
2021-10-18,1.23739,1.24094,1.23504,1.23722,1427
2021-10-19,1.23723,1.23738,1.23109,1.23551,1414
2021-10-20,1.23549,1.23663,1.23068,1.23248,1431
2021-10-21,1.23248,1.23834,1.22879,1.23707,1423
2021-10-22,1.23709,1.23896,1.23203,1.2362,1260
2021-10-24,1.23645,1.23789,1.23634,1.23714,156
2021-10-25,1.23719,1.23995,1.23377,1.23787,1419
2021-10-26,1.23787,1.23958,1.23499,1.2391,1423
2021-10-27,1.2391,1.2431,1.22997,1.23696,1432
2021-10-28,1.23697,1.2382,1.23293,1.23468,1425
2021-10-29,1.23467,1.24079,1.23273,1.23823,1260
2021-10-31,1.23804,1.23896,1.23723,1.2387,232
2021-11-01,1.23872,1.2403,1.23514,1.23749,1412
2021-11-02,1.23749,1.24244,1.23719,1.24138,1418
2021-11-03,1.24137,1.24569,1.23768,1.23876,1412
2021-11-04,1.23876,1.24713,1.23874,1.24547,1429
2021-11-05,1.24546,1.24793,1.24355,1.24512,1200
2021-11-07,1.24458,1.24547,1.24442,1.2451,105
2021-11-08,1.2451,1.24653,1.24354,1.24421,1429
2021-11-09,1.24418,1.24858,1.24282,1.24362,1434
2021-11-10,1.24356,1.25034,1.23869,1.24869,1433
2021-11-11,1.24869,1.25964,1.24816,1.25886,1418
2021-11-12,1.25887,1.26043,1.25408,1.25452,1319
2021-11-14,1.25404,1.25506,1.25374,1.25454,111
2021-11-15,1.25457,1.25555,1.25011,1.25143,1423
2021-11-16,1.25145,1.25679,1.24922,1.25656,1430
2021-11-17,1.25659,1.26221,1.25399,1.2611,1433
2021-11-18,1.26109,1.26467,1.25926,1.26037,1425
2021-11-19,1.26035,1.26621,1.25842,1.26378,1320
2021-11-21,1.2639,1.26547,1.2639,1.26542,116
2021-11-22,1.26538,1.27048,1.26277,1.27014,1433
2021-11-23,1.27015,1.27446,1.26595,1.26759,1438
2021-11-24,1.26758,1.27098,1.26506,1.26615,1424
2021-11-25,1.26616,1.26766,1.26401,1.2664,1436
2021-11-26,1.26638,1.27991,1.26606,1.27858,1320
2021-11-28,1.27439,1.27632,1.27247,1.27251,120
2021-11-29,1.27253,1.2793,1.27199,1.27376,1432
2021-11-30,1.27377,1.28367,1.27316,1.27745,1438
2021-12-01,1.27745,1.28294,1.27124,1.28112,1437
2021-12-02,1.28112,1.28368,1.2778,1.28175,1438
2021-12-03,1.28176,1.28537,1.27435,1.28431,1319
2021-12-05,1.28286,1.28365,1.28171,1.28174,113
2021-12-06,1.28173,1.28422,1.27526,1.2762,1437
2021-12-07,1.27619,1.27672,1.26343,1.26459,1435
2021-12-08,1.2646,1.26661,1.26063,1.26517,1437
2021-12-09,1.26517,1.27215,1.26495,1.27061,1438
2021-12-10,1.27065,1.27389,1.26789,1.27203,1320
2021-12-12,1.27251,1.27304,1.27171,1.27207,104
2021-12-13,1.27206,1.28209,1.27052,1.28079,1421
2021-12-14,1.28079,1.28673,1.27968,1.28669,1430
2021-12-15,1.28666,1.29373,1.28277,1.28368,1429
2021-12-16,1.28367,1.28573,1.27632,1.27806,1431
2021-12-17,1.27803,1.29011,1.27779,1.28893,1320
2021-12-19,1.28885,1.29015,1.2874,1.28987,120
2021-12-20,1.28987,1.29633,1.28865,1.29362,1434
2021-12-21,1.29361,1.29456,1.29096,1.2923,1438
2021-12-22,1.2923,1.29236,1.28305,1.28514,1436
2021-12-23,1.28513,1.28532,1.27976,1.28263,1422
2021-12-24,1.28264,1.28343,1.27848,1.27981,1304
2021-12-26,1.28038,1.28167,1.28035,1.28154,110
2021-12-27,1.28155,1.28468,1.27726,1.27877,1418
2021-12-28,1.2788,1.28313,1.27816,1.28148,1410
2021-12-29,1.2815,1.28345,1.27825,1.27828,1418
2021-12-30,1.27827,1.28123,1.27333,1.27449,1431
2021-12-31,1.2745,1.27504,1.26201,1.26377,1316
2022-01-02,1.26327,1.26595,1.26243,1.2659,102
2022-01-03,1.26588,1.27785,1.26445,1.2751,1437
2022-01-04,1.2751,1.27655,1.26668,1.27045,1435
2022-01-05,1.27044,1.27658,1.26912,1.27597,1435
2022-01-06,1.27598,1.28134,1.27062,1.27298,1435
2022-01-07,1.27301,1.27304,1.26314,1.26388,1320
2022-01-09,1.26405,1.26558,1.26326,1.26475,109
2022-01-10,1.26474,1.26973,1.26097,1.26655,1436
2022-01-11,1.26653,1.26698,1.25666,1.25773,1439
2022-01-12,1.25776,1.25793,1.2495,1.25028,1433
2022-01-13,1.25022,1.25203,1.24527,1.25079,1433
2022-01-14,1.25079,1.257,1.24702,1.25462,1319
2022-01-16,1.25359,1.25563,1.25306,1.2541,116
2022-01-17,1.25411,1.25515,1.24996,1.25156,1428
2022-01-18,1.25155,1.2563,1.24856,1.24975,1437
2022-01-19,1.24977,1.25243,1.24497,1.25104,1440
2022-01-20,1.25098,1.25148,1.24528,1.25003,1439
2022-01-21,1.25003,1.25872,1.24979,1.25738,1320
2022-01-23,1.25782,1.25802,1.2561,1.2561,116
2022-01-24,1.25615,1.27014,1.25539,1.26256,1440
2022-01-25,1.26254,1.26687,1.25969,1.26166,1440
2022-01-26,1.26166,1.26877,1.2559,1.26558,1436
2022-01-27,1.26564,1.27476,1.26496,1.27466,1439
2022-01-28,1.27466,1.27962,1.27124,1.27621,1320
2022-01-30,1.2767,1.27762,1.27588,1.27593,113
2022-01-31,1.27591,1.27749,1.26814,1.27174,1436
2022-02-01,1.27171,1.2726,1.26546,1.26898,1439
2022-02-02,1.26897,1.27059,1.26494,1.26865,1438
2022-02-03,1.2686,1.2715,1.26573,1.26784,1438
2022-02-04,1.26784,1.27871,1.26624,1.27619,1320
2022-02-06,1.27434,1.27518,1.27434,1.27457,119
2022-02-07,1.27455,1.27559,1.26572,1.26653,1438
2022-02-08,1.26655,1.27204,1.2664,1.27058,1436
2022-02-09,1.27053,1.27148,1.2665,1.26758,1438
2022-02-10,1.26757,1.2734,1.26355,1.27335,1438
2022-02-11,1.27333,1.27533,1.2669,1.27317,1320
2022-02-13,1.27305,1.27412,1.27199,1.27238,117
2022-02-14,1.27238,1.27835,1.27191,1.27288,1435
2022-02-15,1.27285,1.27742,1.27005,1.27247,1431
2022-02-16,1.27248,1.27252,1.26634,1.26955,1435
2022-02-17,1.26957,1.27338,1.2674,1.27084,1434
2022-02-18,1.27085,1.27605,1.26729,1.27503,1320
2022-02-20,1.2745,1.27611,1.2743,1.27561,116
2022-02-21,1.27559,1.27656,1.27213,1.27569,1432
2022-02-22,1.27567,1.27827,1.27183,1.27666,1436
2022-02-23,1.27666,1.2768,1.26812,1.27334,1440
2022-02-24,1.27335,1.28771,1.27312,1.28073,1437
2022-02-25,1.28072,1.28201,1.26931,1.26933,1320
2022-02-27,1.2761,1.27669,1.27302,1.27553,117
2022-02-28,1.27556,1.28095,1.26592,1.26668,1430
2022-03-01,1.26663,1.27497,1.26529,1.27241,1432
2022-03-02,1.27235,1.27447,1.26274,1.26462,1438
2022-03-03,1.2646,1.26923,1.25865,1.26706,1435
2022-03-04,1.26706,1.27914,1.26692,1.27249,1320
2022-03-06,1.27206,1.27556,1.27121,1.27142,117
2022-03-07,1.27144,1.28201,1.26848,1.27986,1440
2022-03-08,1.27986,1.29006,1.27955,1.28904,1435
2022-03-09,1.28909,1.2892,1.27976,1.27986,1432
2022-03-10,1.27987,1.28415,1.27499,1.27559,1432
2022-03-11,1.27558,1.27935,1.26933,1.27465,1320
2022-03-13,1.27183,1.27468,1.27182,1.27393,218
2022-03-14,1.27391,1.28266,1.27375,1.2825,1430
2022-03-15,1.28249,1.28709,1.2758,1.2772,1426
2022-03-16,1.27718,1.2778,1.26685,1.26693,1437
2022-03-17,1.2669,1.26982,1.26122,1.26286,1437
2022-03-18,1.26282,1.26463,1.25888,1.26009,1199
2022-03-20,1.26001,1.26124,1.25951,1.26013,229
2022-03-21,1.26014,1.26214,1.25647,1.26007,1431
2022-03-22,1.26006,1.26237,1.25639,1.25799,1435
2022-03-23,1.25798,1.26053,1.25418,1.25674,1415
2022-03-24,1.25672,1.25857,1.25091,1.25398,1431
2022-03-25,1.25398,1.25526,1.2465,1.24732,1200
2022-03-27,1.24841,1.24856,1.2468,1.24843,115
2022-03-28,1.24864,1.25924,1.24729,1.25212,1431
2022-03-29,1.25211,1.25297,1.24692,1.24979,1427
2022-03-30,1.24978,1.25082,1.24293,1.24833,1426
2022-03-31,1.24834,1.25329,1.24637,1.25016,1429
2022-04-01,1.25012,1.25392,1.248,1.2509,1260
2022-04-03,1.25112,1.2527,1.25091,1.25267,159
2022-04-04,1.25265,1.25282,1.24678,1.24856,1410
2022-04-05,1.24858,1.24975,1.24024,1.24841,1413
2022-04-06,1.24841,1.25663,1.24787,1.25637,1430
2022-04-07,1.25634,1.26112,1.25378,1.25867,1427
2022-04-08,1.25863,1.26187,1.25639,1.25639,1260
2022-04-10,1.25635,1.25806,1.25606,1.25803,170
2022-04-11,1.25806,1.26439,1.25723,1.26396,1433
2022-04-12,1.26397,1.26613,1.2581,1.26347,1426
2022-04-13,1.26348,1.26759,1.25546,1.25679,1428
2022-04-14,1.25675,1.26418,1.25205,1.26086,1424
2022-04-15,1.26092,1.26205,1.25903,1.26083,1253
2022-04-17,1.26091,1.26212,1.26064,1.26141,155
2022-04-18,1.26138,1.26435,1.25992,1.26001,1431
2022-04-19,1.26003,1.26466,1.2568,1.26041,1435
2022-04-20,1.26041,1.26241,1.24718,1.24874,1428
2022-04-21,1.24872,1.25922,1.24583,1.25918,1435
2022-04-22,1.25917,1.27257,1.25845,1.27087,1260
2022-04-24,1.27186,1.27275,1.26951,1.27231,176
2022-04-25,1.27226,1.27769,1.2715,1.27378,1435
2022-04-26,1.27376,1.28279,1.26837,1.28061,1437
2022-04-27,1.2806,1.28537,1.27777,1.28146,1424
2022-04-28,1.28149,1.28792,1.27906,1.28034,1428
2022-04-29,1.28034,1.286,1.27183,1.28536,1260
2022-05-01,1.28291,1.28617,1.28246,1.28547,163
2022-05-02,1.28549,1.29135,1.2846,1.28705,1426
2022-05-03,1.28705,1.28931,1.28248,1.28336,1422
2022-05-04,1.28336,1.28533,1.27293,1.27374,1423
2022-05-05,1.27374,1.28677,1.27132,1.28275,1420
2022-05-06,1.28272,1.29123,1.28123,1.28994,1260
2022-05-08,1.29044,1.29198,1.29012,1.29183,172
2022-05-09,1.29184,1.30182,1.29075,1.30098,1436
2022-05-10,1.30101,1.3052,1.29613,1.30315,1426
2022-05-11,1.30316,1.30388,1.29206,1.2995,1435
2022-05-12,1.29947,1.30761,1.29765,1.30249,1420
2022-05-13,1.30258,1.30307,1.28983,1.29024,1260
2022-05-15,1.29126,1.29187,1.28997,1.29048,167
2022-05-16,1.29053,1.29811,1.2836,1.28497,1433
2022-05-17,1.28498,1.2858,1.28034,1.28057,1423
2022-05-18,1.28055,1.28952,1.27946,1.28878,1433
2022-05-19,1.28874,1.28877,1.27824,1.28185,1432
2022-05-20,1.28184,1.28679,1.2776,1.28357,1260
2022-05-22,1.28305,1.28427,1.28113,1.28149,166
2022-05-23,1.28149,1.28182,1.27622,1.2787,1428
2022-05-24,1.27875,1.28722,1.27787,1.28228,1427
2022-05-25,1.28229,1.28845,1.28019,1.28196,1430
2022-05-26,1.28194,1.2848,1.27677,1.27745,1435
2022-05-27,1.27744,1.27824,1.27172,1.27197,1260
2022-05-29,1.27176,1.27284,1.27147,1.27252,170
2022-05-30,1.2725,1.2726,1.26503,1.26567,1434
2022-05-31,1.26567,1.26864,1.26287,1.26367,1437
2022-06-01,1.26364,1.26763,1.26054,1.26671,1430
2022-06-02,1.26667,1.26855,1.25639,1.25709,1431
2022-06-03,1.25711,1.2595,1.25508,1.25911,1260
2022-06-05,1.25932,1.25963,1.25785,1.25875,165
2022-06-06,1.25876,1.26008,1.25348,1.25817,1437
2022-06-07,1.25816,1.26181,1.25232,1.2536,1423
2022-06-08,1.25358,1.25646,1.25172,1.25536,1432
2022-06-09,1.25533,1.27046,1.25488,1.27022,1428
2022-06-10,1.27022,1.28121,1.26808,1.27745,1260
2022-06-12,1.27753,1.28003,1.27726,1.27962,165
2022-06-13,1.27967,1.29002,1.27931,1.289,1426
2022-06-14,1.28899,1.29746,1.28658,1.29474,1434
2022-06-15,1.2947,1.29952,1.2862,1.28716,1433
2022-06-16,1.28711,1.297,1.286,1.2955,1424
2022-06-17,1.29547,1.30785,1.29401,1.30211,1260
2022-06-19,1.30212,1.30361,1.29953,1.30002,164
2022-06-20,1.30002,1.30247,1.29749,1.29837,1425
2022-06-21,1.29838,1.29847,1.29054,1.29322,1436
2022-06-22,1.29323,1.29959,1.29115,1.29624,1424
2022-06-23,1.29628,1.30172,1.29358,1.29894,1435
2022-06-24,1.29896,1.29992,1.28878,1.28878,1260
2022-06-26,1.28905,1.28994,1.28837,1.28987,171
2022-06-27,1.28989,1.29159,1.28637,1.28713,1425
2022-06-28,1.28712,1.28943,1.28189,1.28733,1427
2022-06-29,1.28734,1.28998,1.28436,1.28834,1425
2022-06-30,1.28834,1.29328,1.28608,1.28721,1427
2022-07-01,1.28721,1.29657,1.28662,1.28854,1260
2022-07-03,1.28747,1.28933,1.28686,1.28886,151
2022-07-04,1.28892,1.29024,1.28367,1.28579,1418
2022-07-05,1.28579,1.30832,1.28431,1.30317,1435
2022-07-06,1.30318,1.30775,1.30114,1.30371,1436
2022-07-07,1.3037,1.30554,1.29624,1.29673,1422
2022-07-08,1.29671,1.30346,1.29355,1.29365,1260
2022-07-10,1.29442,1.29553,1.29398,1.29476,172
2022-07-11,1.29477,1.30514,1.29466,1.2997,1430
2022-07-12,1.2997,1.30502,1.29837,1.30324,1439
2022-07-13,1.30324,1.30601,1.2936,1.29993,1436
2022-07-14,1.29991,1.32233,1.29708,1.31075,1439
2022-07-15,1.31076,1.31351,1.30131,1.3022,1259
2022-07-17,1.30153,1.30235,1.30049,1.30073,175
2022-07-18,1.30073,1.30244,1.2898,1.29791,1435
2022-07-19,1.29791,1.29881,1.28654,1.28733,1427
2022-07-20,1.28735,1.29064,1.28544,1.28863,1426
2022-07-21,1.28866,1.29366,1.28592,1.28795,1436
2022-07-22,1.28796,1.29274,1.28217,1.29117,1260
2022-07-24,1.29182,1.29254,1.29114,1.29254,166
2022-07-25,1.29252,1.2946,1.28343,1.28507,1428
2022-07-26,1.28506,1.29008,1.28153,1.28752,1431
2022-07-27,1.28753,1.29109,1.28078,1.28176,1434
2022-07-28,1.28177,1.28696,1.27945,1.28063,1435
2022-07-29,1.28063,1.28547,1.27881,1.27925,1260
2022-07-31,1.27974,1.28203,1.27946,1.28138,154
2022-08-01,1.28138,1.28555,1.27668,1.28435,1433
2022-08-02,1.28435,1.28886,1.28331,1.28871,1438
2022-08-03,1.28875,1.28913,1.28317,1.28544,1433
2022-08-04,1.28546,1.28755,1.28175,1.2869,1438
2022-08-05,1.28691,1.29841,1.28633,1.29289,1259
2022-08-07,1.29268,1.29464,1.29251,1.29431,172
2022-08-08,1.29431,1.29495,1.28381,1.28549,1437
2022-08-09,1.28549,1.28999,1.28428,1.28849,1429
2022-08-10,1.28848,1.28947,1.27505,1.27739,1436
2022-08-11,1.27739,1.27912,1.27272,1.2763,1438
2022-08-12,1.27628,1.28024,1.27386,1.27721,1260
2022-08-14,1.27664,1.27803,1.27557,1.278,172
2022-08-15,1.27801,1.29335,1.27715,1.29042,1431
2022-08-16,1.29041,1.29279,1.28302,1.28452,1433
2022-08-17,1.28451,1.29359,1.28265,1.29178,1431
2022-08-18,1.29179,1.29668,1.288,1.29468,1430
2022-08-19,1.29468,1.30085,1.29446,1.29918,1260
2022-08-21,1.29842,1.30035,1.29786,1.29999,174
2022-08-22,1.29998,1.30604,1.29708,1.30487,1434
2022-08-23,1.30487,1.30626,1.29331,1.29586,1432
2022-08-24,1.29587,1.30181,1.29555,1.29703,1424
2022-08-25,1.29702,1.2975,1.28945,1.29387,1435
2022-08-26,1.2939,1.30425,1.29036,1.30314,1260
2022-08-28,1.30302,1.30675,1.30278,1.30618,177
2022-08-29,1.30615,1.30751,1.29899,1.30016,1435
2022-08-30,1.30016,1.31076,1.29714,1.30903,1424
2022-08-31,1.3091,1.31448,1.30625,1.31422,1437
2022-09-01,1.31422,1.32074,1.31398,1.31476,1436
2022-09-02,1.31476,1.31691,1.30739,1.31239,1260
2022-09-04,1.31245,1.31477,1.3122,1.31417,175
2022-09-05,1.31417,1.31731,1.31259,1.31295,1426
2022-09-06,1.31295,1.31697,1.30956,1.31548,1431
2022-09-07,1.31548,1.32082,1.31096,1.31289,1436
2022-09-08,1.31289,1.31588,1.30762,1.30809,1432
2022-09-09,1.30808,1.30821,1.29813,1.30192,1260
2022-09-11,1.3044,1.30441,1.30148,1.30232,173
2022-09-12,1.30233,1.30357,1.29628,1.29809,1436
2022-09-13,1.29808,1.31806,1.29533,1.31667,1436
2022-09-14,1.31667,1.32057,1.31384,1.31593,1428
2022-09-15,1.31591,1.32515,1.31537,1.32483,1436
2022-09-16,1.32483,1.33071,1.32274,1.32628,1260
2022-09-18,1.32633,1.3277,1.3251,1.32578,171
2022-09-19,1.32579,1.33434,1.32419,1.32426,1431
2022-09-20,1.32427,1.33746,1.32265,1.33639,1434
2022-09-21,1.33639,1.34848,1.33568,1.34783,1426
2022-09-22,1.34783,1.35439,1.34081,1.34723,1422
2022-09-23,1.34723,1.36118,1.34672,1.3579,1260
2022-09-25,1.35983,1.36138,1.35758,1.35786,146
2022-09-26,1.35786,1.38076,1.35584,1.37118,1425
2022-09-27,1.37118,1.3775,1.36389,1.37224,1434
2022-09-28,1.37224,1.38326,1.36007,1.3629,1432
2022-09-29,1.36289,1.37551,1.36265,1.36744,1436
2022-09-30,1.36741,1.38376,1.36575,1.38305,1260
2022-10-02,1.38085,1.38274,1.37773,1.37828,170
2022-10-03,1.37828,1.38051,1.36187,1.36255,1436
2022-10-04,1.36255,1.36636,1.35021,1.35068,1433
2022-10-05,1.35068,1.36949,1.35028,1.35956,1432
2022-10-06,1.35956,1.37546,1.3564,1.37411,1432
2022-10-07,1.37413,1.37605,1.3675,1.37372,1260
2022-10-09,1.37465,1.37537,1.37296,1.37311,117
2022-10-10,1.3731,1.37821,1.37021,1.37721,1435
2022-10-11,1.3772,1.38547,1.3714,1.37919,1430
2022-10-12,1.37919,1.38298,1.37593,1.38177,1436
2022-10-13,1.38189,1.39769,1.37059,1.37636,1425
2022-10-14,1.3764,1.38975,1.37029,1.38773,1260
2022-10-16,1.38695,1.38783,1.38507,1.38542,157
2022-10-17,1.3854,1.38591,1.3698,1.37137,1428
2022-10-18,1.37138,1.38099,1.36565,1.37263,1421
2022-10-19,1.37266,1.38087,1.37183,1.37731,1430
2022-10-20,1.37729,1.3806,1.36503,1.37769,1421
2022-10-21,1.37767,1.38537,1.36287,1.3637,1259
2022-10-23,1.36323,1.36654,1.36058,1.36467,167
2022-10-24,1.36467,1.37738,1.3644,1.36973,1429
2022-10-25,1.36972,1.37472,1.36002,1.36179,1432
2022-10-26,1.3618,1.36501,1.35068,1.35492,1424
2022-10-27,1.35493,1.3626,1.34946,1.35626,1437
2022-10-28,1.35622,1.36341,1.35242,1.35898,1260
2022-10-30,1.36083,1.36191,1.3593,1.36147,203
2022-10-31,1.3615,1.36844,1.36061,1.36148,1420
2022-11-01,1.36148,1.36681,1.35291,1.3616,1410
2022-11-02,1.3616,1.37237,1.35474,1.37062,1435
2022-11-03,1.37064,1.38075,1.36818,1.37387,1424
2022-11-04,1.37386,1.3743,1.34684,1.34747,1196
2022-11-06,1.35279,1.35345,1.34972,1.3512,105
2022-11-07,1.3512,1.35522,1.34644,1.34914,1417
2022-11-08,1.34916,1.35261,1.33866,1.34156,1414
2022-11-09,1.34157,1.3541,1.341,1.35265,1430
2022-11-10,1.35264,1.35698,1.33074,1.33309,1420
2022-11-11,1.33309,1.33596,1.32353,1.32477,1320
2022-11-13,1.32686,1.33043,1.32616,1.32646,106
2022-11-14,1.32642,1.33248,1.32384,1.33234,1420
2022-11-15,1.33235,1.33355,1.32254,1.32738,1419
2022-11-16,1.32735,1.33463,1.32272,1.33352,1419
2022-11-17,1.33351,1.34006,1.33038,1.33234,1414
2022-11-18,1.33236,1.34083,1.32995,1.33713,1320
2022-11-20,1.33594,1.33836,1.33594,1.3377,104
2022-11-21,1.33768,1.34942,1.3376,1.34462,1430
2022-11-22,1.34461,1.34498,1.33622,1.33622,1419
2022-11-23,1.33622,1.34394,1.33383,1.33386,1409
2022-11-24,1.33387,1.33615,1.33156,1.33369,1400
2022-11-25,1.33368,1.33976,1.33163,1.33682,1319
2022-11-27,1.33904,1.34101,1.33673,1.34091,108
2022-11-28,1.34091,1.35043,1.33996,1.34895,1422
2022-11-29,1.34896,1.3645,1.34086,1.35842,1406
2022-11-30,1.35841,1.3592,1.34078,1.34142,1438
2022-12-01,1.34147,1.347,1.33942,1.34353,1427
2022-12-02,1.34352,1.35198,1.34196,1.34652,1320
2022-12-04,1.34611,1.34729,1.34456,1.3446,81
2022-12-05,1.34463,1.36043,1.33842,1.35875,1422
2022-12-06,1.35874,1.3675,1.35697,1.3649,1422
2022-12-07,1.36491,1.36991,1.3588,1.36523,1429
2022-12-08,1.36522,1.36882,1.35603,1.35984,1427
2022-12-09,1.35981,1.36904,1.35682,1.36415,1320
2022-12-11,1.36261,1.36604,1.36167,1.36566,112
2022-12-12,1.36566,1.36823,1.3618,1.36302,1426
2022-12-13,1.36302,1.36435,1.35213,1.35556,1431
2022-12-14,1.35555,1.36117,1.35182,1.35502,1432
2022-12-15,1.35501,1.36738,1.35401,1.36562,1428
2022-12-16,1.36562,1.37046,1.36172,1.36956,1320
2022-12-18,1.36759,1.36887,1.36749,1.36886,99
2022-12-19,1.36888,1.36939,1.36227,1.36427,1428
2022-12-20,1.36426,1.37039,1.35791,1.36004,1417
2022-12-21,1.36001,1.36375,1.35887,1.36154,1430
2022-12-22,1.36156,1.36839,1.35702,1.36363,1420
2022-12-23,1.36364,1.3658,1.35623,1.35939,1318
2022-12-25,1.35943,1.3613,1.35902,1.3613,32
2022-12-26,1.36108,1.36108,1.35569,1.35571,1332
2022-12-27,1.35571,1.35678,1.34838,1.35243,1431
2022-12-28,1.35246,1.36112,1.3485,1.36002,1410
2022-12-29,1.36002,1.36083,1.35376,1.35541,1427
2022-12-30,1.3554,1.35813,1.35133,1.3546,1317
2023-01-01,1.35256,1.35289,1.35175,1.35282,35
2023-01-02,1.35282,1.3583,1.35221,1.35627,1183
2023-01-03,1.35629,1.36849,1.35221,1.36725,1424
2023-01-04,1.36724,1.36736,1.34693,1.34851,1420
2023-01-05,1.34851,1.35949,1.34788,1.35625,1435
2023-01-06,1.35625,1.36643,1.34328,1.34426,1320
2023-01-08,1.34359,1.34436,1.3432,1.34358,101
2023-01-09,1.34358,1.34438,1.33567,1.33937,1415
2023-01-10,1.33935,1.34451,1.33755,1.3434,1430
2023-01-11,1.34341,1.34448,1.34039,1.34293,1431
2023-01-12,1.34296,1.34586,1.33445,1.33772,1425
2023-01-13,1.33769,1.34391,1.33209,1.33919,1320
2023-01-15,1.33847,1.33986,1.33847,1.33985,94
2023-01-16,1.33984,1.34178,1.33519,1.3399,1425
2023-01-17,1.3399,1.34363,1.33686,1.33907,1410
2023-01-18,1.33907,1.34998,1.33498,1.34957,1425
2023-01-19,1.34959,1.35201,1.3446,1.34636,1431
2023-01-20,1.34638,1.3497,1.33715,1.33779,1320
2023-01-22,1.33768,1.33814,1.33656,1.33704,100
2023-01-23,1.33702,1.34171,1.33413,1.33707,1429
2023-01-24,1.33706,1.34131,1.33463,1.33712,1422
2023-01-25,1.33711,1.34276,1.33394,1.3381,1409
2023-01-26,1.33809,1.34076,1.33024,1.3317,1431
2023-01-27,1.3317,1.33463,1.32999,1.33051,1257
2023-01-29,1.33108,1.33135,1.33009,1.33056,97
2023-01-30,1.33051,1.33924,1.32989,1.3384,1423
2023-01-31,1.33841,1.34709,1.32983,1.33075,1431
2023-02-01,1.33075,1.33796,1.3263,1.32738,1427
2023-02-02,1.32738,1.3347,1.32616,1.33174,1437
2023-02-03,1.33174,1.34255,1.33174,1.3399,1320
2023-02-05,1.34096,1.34202,1.33987,1.34025,106
2023-02-06,1.34026,1.34749,1.33957,1.34421,1417
2023-02-07,1.34421,1.34685,1.33789,1.33899,1427
2023-02-08,1.33904,1.34503,1.33595,1.34453,1433
2023-02-09,1.34454,1.34627,1.33719,1.34484,1432
2023-02-10,1.34482,1.34718,1.33374,1.33401,1320
2023-02-12,1.33434,1.33573,1.3341,1.33569,94
2023-02-13,1.33569,1.33794,1.33245,1.33345,1414
2023-02-14,1.33347,1.33903,1.32733,1.33406,1426
2023-02-15,1.33406,1.34397,1.33396,1.33916,1427
2023-02-16,1.33915,1.3479,1.33566,1.3473,1435
2023-02-17,1.3473,1.35369,1.3464,1.34733,1319
2023-02-19,1.3475,1.34848,1.34746,1.34822,60
2023-02-20,1.34821,1.34943,1.34469,1.34535,1014
2023-02-21,1.34534,1.3544,1.34407,1.35303,1002
2023-02-22,1.35329,1.35676,1.35219,1.35452,1018
2023-02-23,1.35453,1.35719,1.35154,1.35422,1008
2023-02-24,1.35431,1.36529,1.35266,1.36049,960
2023-02-26,1.36047,1.36055,1.35946,1.35962,60
2023-02-27,1.35966,1.36238,1.35575,1.35684,1009
2023-02-28,1.35752,1.36456,1.35633,1.36396,1017
2023-03-01,1.3645,1.36587,1.35838,1.35941,1012
2023-03-02,1.35898,1.36411,1.35816,1.35909,1006
2023-03-03,1.35974,1.36391,1.35544,1.35927,960
2023-03-05,1.35994,1.36053,1.35893,1.36012,51
2023-03-06,1.36049,1.36283,1.35814,1.36084,993
2023-03-07,1.36158,1.3756,1.35991,1.375,1017
2023-03-08,1.375,1.38145,1.37447,1.37962,1008
2023-03-09,1.37992,1.38366,1.37519,1.3831,1020
2023-03-10,1.3831,1.38615,1.37733,1.38196,960
2023-03-12,1.37998,1.38058,1.37563,1.37618,173
2023-03-13,1.37616,1.38013,1.36767,1.37412,1020
2023-03-14,1.37412,1.37501,1.36561,1.36925,1020
2023-03-15,1.36926,1.38133,1.36591,1.37439,1020
2023-03-16,1.37438,1.37874,1.37133,1.37299,1014
2023-03-17,1.37301,1.37597,1.36769,1.37178,840
2023-03-19,1.37199,1.3724,1.36853,1.36908,161
2023-03-20,1.36909,1.37465,1.36509,1.36768,1020
2023-03-21,1.36768,1.37365,1.36437,1.37102,1020
2023-03-22,1.37103,1.37437,1.36741,1.37053,1019
2023-03-23,1.37052,1.37246,1.3631,1.37146,1020
2023-03-24,1.37148,1.38,1.3709,1.37383,900
2023-03-26,1.37354,1.37382,1.37268,1.37299,59
2023-03-27,1.37291,1.37448,1.36493,1.36623,1017
2023-03-28,1.36546,1.36947,1.35939,1.35996,1019
2023-03-29,1.35931,1.36161,1.35556,1.35561,1015
2023-03-30,1.35666,1.35809,1.35154,1.35214,1015
2023-03-31,1.35221,1.3564,1.3507,1.35132,960
2023-04-02,1.3493,1.35147,1.34906,1.34926,59
2023-04-03,1.35038,1.3536,1.34148,1.3437,1013
2023-04-04,1.34368,1.34581,1.34056,1.34415,1018
2023-04-05,1.34391,1.34826,1.34245,1.34502,1019
2023-04-06,1.34546,1.35054,1.34527,1.34949,1416
2023-04-09,1.35156,1.35175,1.34984,1.35026,60
2023-04-10,1.35043,1.35525,1.34844,1.3503,1017
2023-04-11,1.35031,1.3514,1.34608,1.34633,1019
2023-04-12,1.34634,1.34805,1.34292,1.34394,951
2023-04-13,1.34393,1.34478,1.33328,1.33406,1019
2023-04-14,1.33403,1.33954,1.33001,1.33569,960
2023-04-16,1.3359,1.33672,1.33533,1.33656,108
2023-04-17,1.33657,1.34165,1.3342,1.3394,1014
2023-04-18,1.33939,1.33992,1.33589,1.33877,1019
2023-04-19,1.3391,1.34666,1.33841,1.3464,1018
2023-04-20,1.34693,1.3484,1.34479,1.3478,1011
2023-04-21,1.34806,1.35633,1.34743,1.3534,899
2023-04-23,1.35246,1.35435,1.35235,1.35335,109
2023-04-24,1.35407,1.35669,1.35222,1.3535,1013
2023-04-25,1.35337,1.36461,1.35242,1.36171,1014
2023-04-26,1.36185,1.36473,1.35989,1.36308,1016
2023-04-27,1.36307,1.36451,1.35886,1.35997,1020
2023-04-28,1.35995,1.36675,1.35358,1.35412,960
2023-04-30,1.35333,1.35608,1.35309,1.35607,109
2023-05-01,1.35608,1.35829,1.35299,1.35407,956
2023-05-02,1.35525,1.36328,1.35277,1.36225,1010
2023-05-03,1.36203,1.36389,1.35812,1.36235,1019
2023-05-04,1.36306,1.36324,1.35186,1.35287,1020
2023-05-05,1.35234,1.3529,1.33708,1.33711,959
2023-05-07,1.33792,1.33823,1.33714,1.33797,113
2023-05-08,1.33795,1.33869,1.3322,1.33711,1017
2023-05-09,1.33717,1.34059,1.33648,1.33749,1014
2023-05-10,1.33748,1.33974,1.33343,1.33723,1014
2023-05-11,1.33723,1.34952,1.33625,1.3488,1010
2023-05-12,1.34948,1.35621,1.34793,1.35514,900
2023-05-14,1.35481,1.35594,1.35481,1.35552,58
2023-05-15,1.35557,1.35674,1.346,1.34649,955
2023-05-16,1.34664,1.34933,1.34035,1.34771,1018
2023-05-17,1.34768,1.35355,1.34367,1.34596,1013
2023-05-18,1.34667,1.35242,1.34515,1.34977,1016
2023-05-19,1.34975,1.35232,1.34684,1.35077,900
2023-05-21,1.34887,1.35046,1.3486,1.3496,109
2023-05-22,1.34891,1.35172,1.34846,1.35029,1012
2023-05-23,1.35029,1.35482,1.3485,1.34998,1010
2023-05-24,1.35004,1.36023,1.34954,1.359,1019
2023-05-25,1.35896,1.36467,1.35859,1.36435,1014
2023-05-26,1.36435,1.36542,1.36003,1.3615,900
2023-05-28,1.36062,1.36155,1.3601,1.36075,115
2023-05-29,1.36086,1.3613,1.35783,1.36039,997
2023-05-30,1.36044,1.36125,1.35667,1.35995,1014
2023-05-31,1.35996,1.36509,1.35649,1.35657,1020
2023-06-01,1.35661,1.35846,1.34377,1.34443,1013
2023-06-02,1.34443,1.34507,1.34062,1.34263,958
2023-06-04,1.34256,1.34296,1.34176,1.34177,60
2023-06-05,1.34285,1.34612,1.34186,1.34423,1005
2023-06-06,1.34485,1.34521,1.33896,1.33976,1018
2023-06-07,1.33976,1.34263,1.33468,1.33709,1013
2023-06-08,1.3371,1.3371,1.33336,1.3356,1014
2023-06-09,1.3362,1.33709,1.33126,1.33379,958
2023-06-11,1.3334,1.33458,1.33337,1.33417,59
2023-06-12,1.33371,1.33832,1.33145,1.33647,1009
2023-06-13,1.33642,1.33781,1.32854,1.33115,1013
2023-06-14,1.33137,1.33355,1.32717,1.33271,1020
2023-06-15,1.3327,1.33541,1.32097,1.3215,1018
2023-06-16,1.32228,1.32389,1.31795,1.31995,898
2023-06-18,1.31809,1.31997,1.31807,1.31987,112
2023-06-19,1.31987,1.32284,1.31787,1.32102,1001
2023-06-20,1.32102,1.32692,1.32048,1.3228,1015
2023-06-21,1.3225,1.32455,1.31572,1.31605,1016
2023-06-22,1.31605,1.31732,1.31381,1.31457,1018
2023-06-23,1.31469,1.32256,1.31425,1.31764,960
2023-06-25,1.31772,1.31794,1.31609,1.31648,89
2023-06-26,1.31648,1.31727,1.31353,1.31491,1016
2023-06-27,1.31513,1.31947,1.3116,1.31904,1012
2023-06-28,1.31966,1.32753,1.31885,1.3254,1018
2023-06-29,1.32524,1.3285,1.32386,1.32518,1014
2023-06-30,1.32507,1.32846,1.32061,1.32382,900
2023-07-02,1.32398,1.32505,1.32398,1.32497,54
2023-07-03,1.32494,1.32729,1.32297,1.3246,998
2023-07-04,1.32478,1.32564,1.32026,1.32206,993
2023-07-05,1.32246,1.32928,1.32197,1.32849,1006
2023-07-06,1.32848,1.33719,1.32785,1.33653,1011
2023-07-07,1.33645,1.33867,1.32651,1.32789,900
2023-07-09,1.32776,1.32788,1.32745,1.32759,60
2023-07-10,1.32783,1.33041,1.32719,1.32763,1017
2023-07-11,1.32738,1.32855,1.32247,1.32258,1009
2023-07-12,1.32288,1.32336,1.31563,1.31832,1010
2023-07-13,1.31835,1.31943,1.31037,1.31128,1014
2023-07-14,1.31127,1.32199,1.3092,1.32097,900
2023-07-16,1.32016,1.32317,1.3196,1.32264,106
2023-07-17,1.32264,1.32318,1.31603,1.31959,1006
2023-07-18,1.32014,1.32428,1.31615,1.31661,1010
2023-07-19,1.31663,1.31866,1.31552,1.31604,1019
2023-07-20,1.31629,1.31936,1.31224,1.31739,1009
2023-07-21,1.31737,1.32259,1.31526,1.32165,899
2023-07-23,1.32153,1.32256,1.32057,1.32253,91
2023-07-24,1.32253,1.32284,1.31499,1.31749,1016
2023-07-25,1.3175,1.32091,1.31464,1.3187,1014
2023-07-26,1.3187,1.32356,1.31716,1.31998,1018
2023-07-27,1.32045,1.32359,1.31575,1.32233,1014
2023-07-28,1.32277,1.32526,1.32,1.32484,960
2023-07-30,1.32247,1.32516,1.32247,1.32516,170
2023-07-31,1.32517,1.32611,1.31507,1.31941,1427
2023-08-01,1.3194,1.32995,1.31853,1.32692,1435
2023-08-02,1.32691,1.33527,1.3269,1.3344,1423
2023-08-03,1.33437,1.33776,1.33283,1.33506,1423
2023-08-04,1.33506,1.33937,1.33187,1.33794,1258
2023-08-06,1.33617,1.33803,1.33614,1.33748,169
2023-08-07,1.33751,1.3399,1.33553,1.33714,1415
2023-08-08,1.33711,1.35015,1.33669,1.34257,1429
2023-08-09,1.34259,1.34538,1.34036,1.34191,1427
2023-08-10,1.34191,1.34494,1.33722,1.34438,1423
2023-08-11,1.34438,1.34655,1.3412,1.34374,1259
2023-08-13,1.34321,1.34452,1.34321,1.344,174
2023-08-14,1.344,1.34796,1.34375,1.34588,1427
2023-08-15,1.3459,1.35013,1.34388,1.34902,1430
2023-08-16,1.34899,1.35446,1.34748,1.35367,1431
2023-08-17,1.35367,1.35522,1.34957,1.3545,1429
2023-08-18,1.35451,1.35745,1.35239,1.35495,1260
2023-08-20,1.35427,1.35499,1.35411,1.35411,177
2023-08-21,1.35413,1.35723,1.34956,1.3546,1424
2023-08-22,1.35462,1.35645,1.35127,1.35495,1423
2023-08-23,1.35494,1.36035,1.35199,1.35233,1436
2023-08-24,1.35234,1.35885,1.35094,1.35864,1430
2023-08-25,1.35862,1.36395,1.35688,1.36011,1257
2023-08-27,1.35851,1.36004,1.35851,1.35948,166
2023-08-28,1.35947,1.36115,1.35698,1.36005,1431
2023-08-29,1.36003,1.36371,1.35487,1.35588,1424
2023-08-30,1.35588,1.35765,1.35126,1.35342,1418
2023-08-31,1.35342,1.35574,1.35036,1.35101,1421
2023-09-01,1.351,1.36123,1.34889,1.35873,1254
2023-09-03,1.35843,1.35982,1.35843,1.35943,166
2023-09-04,1.35941,1.36043,1.3575,1.35992,1357
2023-09-05,1.3599,1.36691,1.35962,1.36391,1423
2023-09-06,1.36391,1.36762,1.3622,1.36392,1430
2023-09-07,1.36391,1.36941,1.36316,1.36824,1424
2023-09-08,1.36826,1.36894,1.36074,1.36354,1255
2023-09-10,1.36303,1.36371,1.36252,1.36283,177
2023-09-11,1.36282,1.36354,1.35605,1.35795,1429
2023-09-12,1.35796,1.35927,1.35431,1.35526,1426
2023-09-13,1.35526,1.35867,1.35205,1.35525,1428
2023-09-14,1.35523,1.35537,1.3493,1.35153,1409
2023-09-15,1.35152,1.35494,1.34936,1.35213,1253
2023-09-17,1.35178,1.35263,1.35161,1.35222,160
2023-09-18,1.35222,1.3528,1.34714,1.34864,1414
2023-09-19,1.34863,1.3488,1.33787,1.34427,1427
2023-09-20,1.34426,1.34778,1.33951,1.3477,1430
2023-09-21,1.34772,1.35234,1.34601,1.34773,1429
2023-09-22,1.34772,1.34911,1.34231,1.34783,1258
2023-09-24,1.34661,1.34803,1.34636,1.34772,174
2023-09-25,1.34773,1.34914,1.34485,1.34504,1361
2023-09-26,1.34504,1.35279,1.34495,1.35192,1434
2023-09-27,1.35189,1.35427,1.34923,1.35004,1436
2023-09-28,1.35001,1.35158,1.34702,1.34906,1435
2023-09-29,1.34908,1.35844,1.34163,1.35749,1258
2023-10-01,1.35646,1.35812,1.35596,1.35733,176
2023-10-02,1.35731,1.36843,1.35612,1.36756,1434
2023-10-03,1.36756,1.37357,1.36753,1.3709,1436
2023-10-04,1.37091,1.37792,1.36897,1.37442,1431
2023-10-05,1.3744,1.37851,1.37022,1.37067,1434
2023-10-06,1.37065,1.3745,1.36436,1.36594,1259
2023-10-08,1.36695,1.36787,1.36606,1.36622,177
2023-10-09,1.36621,1.3676,1.35776,1.35803,1430
2023-10-10,1.358,1.36168,1.35688,1.35838,1431
2023-10-11,1.35839,1.36232,1.35709,1.35957,1432
2023-10-12,1.35957,1.37,1.35779,1.36847,1427
2023-10-13,1.36842,1.36887,1.36361,1.36515,1258
2023-10-15,1.3645,1.36569,1.36403,1.36434,171
2023-10-16,1.36433,1.36551,1.36049,1.36153,1428
2023-10-17,1.36153,1.37025,1.3608,1.36525,1429
2023-10-18,1.36526,1.37163,1.36166,1.3713,1436
2023-10-19,1.37132,1.37406,1.36787,1.37154,1437
2023-10-20,1.37158,1.37338,1.36692,1.37118,1258
2023-10-22,1.37007,1.37161,1.368,1.37052,175
2023-10-23,1.37053,1.37363,1.36671,1.36883,1426
2023-10-24,1.36882,1.37544,1.36605,1.37418,1433
2023-10-25,1.37417,1.38098,1.37298,1.38025,1437
2023-10-26,1.38023,1.38436,1.37892,1.38164,1427
2023-10-27,1.3816,1.38798,1.37958,1.38682,1259
2023-10-29,1.38541,1.38726,1.38534,1.38584,235
2023-10-30,1.38582,1.38657,1.38129,1.38343,1427
2023-10-31,1.38345,1.38917,1.38131,1.38817,1429
2023-11-01,1.38817,1.38986,1.38287,1.3829,1430
2023-11-02,1.38292,1.38518,1.3735,1.3757,1430
2023-11-03,1.37571,1.37595,1.36521,1.36528,1196
2023-11-05,1.36531,1.36644,1.36531,1.36605,117
2023-11-06,1.36601,1.37025,1.36288,1.36975,1435
2023-11-07,1.36973,1.37824,1.36934,1.37683,1432
2023-11-08,1.37686,1.38141,1.3754,1.37902,1420
2023-11-09,1.37904,1.38159,1.3746,1.38087,1431
2023-11-10,1.38087,1.38542,1.37906,1.37942,1316
2023-11-12,1.3795,1.38014,1.37848,1.37972,117
2023-11-13,1.37972,1.38313,1.37767,1.38008,1431
2023-11-14,1.38009,1.3843,1.36831,1.36995,1432
2023-11-15,1.36998,1.37096,1.3654,1.36832,1438
2023-11-16,1.36832,1.37766,1.36767,1.3752,1431
2023-11-17,1.3752,1.37708,1.37075,1.37116,1320
2023-11-19,1.37082,1.37204,1.37067,1.37203,114
2023-11-20,1.37201,1.3749,1.36891,1.37263,1434
2023-11-21,1.37263,1.37308,1.36806,1.37002,1434
2023-11-22,1.37003,1.3765,1.36854,1.36923,1436
2023-11-23,1.36925,1.37107,1.36505,1.36957,1391
2023-11-24,1.36957,1.37113,1.35934,1.36262,1311
2023-11-26,1.36322,1.36366,1.36236,1.3631,114
2023-11-27,1.36316,1.36606,1.36048,1.36057,1430
2023-11-28,1.36052,1.36133,1.35597,1.35654,1433
2023-11-29,1.35651,1.36146,1.35405,1.35919,1429
2023-11-30,1.35921,1.36261,1.35519,1.35567,1439
2023-12-01,1.35568,1.35569,1.34864,1.3491,1319
2023-12-03,1.35003,1.35017,1.34793,1.34892,119
2023-12-04,1.34891,1.35618,1.34861,1.35391,1434
2023-12-05,1.35393,1.35944,1.35362,1.35919,1431
2023-12-06,1.35918,1.35962,1.35483,1.35919,1432
2023-12-07,1.35918,1.36189,1.35833,1.35964,1434
2023-12-08,1.35963,1.36091,1.355,1.3577,1319
2023-12-10,1.35801,1.35876,1.35794,1.35811,118
2023-12-11,1.35812,1.3604,1.35498,1.35781,1432
2023-12-12,1.3578,1.36182,1.35445,1.35854,1437
2023-12-13,1.35852,1.36081,1.34943,1.35095,1434
2023-12-14,1.35095,1.35096,1.33937,1.34042,1437
2023-12-15,1.34041,1.34144,1.33498,1.33754,1319
2023-12-17,1.33681,1.33818,1.33646,1.33818,116
2023-12-18,1.33817,1.34091,1.33493,1.33979,1424
2023-12-19,1.33979,1.34,1.33302,1.33382,1434
2023-12-20,1.33382,1.337,1.33113,1.33591,1437
2023-12-21,1.33592,1.33596,1.32751,1.32837,1437
2023-12-22,1.32836,1.32923,1.32184,1.32636,1318
2023-12-24,1.32525,1.32525,1.32525,1.32525,1
2023-12-25,1.32591,1.32884,1.32452,1.32521,314
2023-12-26,1.32521,1.32618,1.31915,1.31963,1425
2023-12-27,1.31963,1.3219,1.31767,1.32052,1433
2023-12-28,1.32054,1.32349,1.3182,1.323,1434
2023-12-29,1.32296,1.32646,1.31774,1.3248,1317
2024-01-01,1.32229,1.32485,1.32229,1.32442,112
2024-01-02,1.32441,1.33336,1.3228,1.33216,1431
2024-01-03,1.33216,1.33715,1.33174,1.33479,1431
2024-01-04,1.33482,1.33659,1.33168,1.33558,1432
2024-01-05,1.33557,1.33987,1.32868,1.3355,1317
2024-01-07,1.3341,1.33652,1.33409,1.33597,115
2024-01-08,1.33597,1.34044,1.33439,1.33509,1434
2024-01-09,1.33511,1.34144,1.334,1.3389,1431
2024-01-10,1.3389,1.33942,1.3365,1.33794,1431
2024-01-11,1.33794,1.34424,1.33501,1.33781,1430
2024-01-12,1.33779,1.34114,1.33426,1.34054,1319
2024-01-14,1.34008,1.34117,1.33941,1.34067,116
2024-01-15,1.34068,1.34477,1.33813,1.34358,1413
2024-01-16,1.34361,1.35016,1.34356,1.34889,1434
2024-01-17,1.34888,1.35415,1.34797,1.35016,1438
2024-01-18,1.35014,1.3528,1.34799,1.34848,1440
2024-01-19,1.34849,1.35018,1.34262,1.34265,1318
2024-01-21,1.34279,1.3438,1.34254,1.34317,118
2024-01-22,1.3432,1.34826,1.34144,1.34778,1430
2024-01-23,1.34777,1.34915,1.34528,1.34563,1433
2024-01-24,1.34564,1.35281,1.34292,1.35254,1433
2024-01-25,1.35253,1.35342,1.34676,1.34797,1431
2024-01-26,1.34796,1.34827,1.34136,1.34485,1319
2024-01-28,1.34522,1.34572,1.34442,1.34556,116
2024-01-29,1.34557,1.34647,1.34081,1.34114,1430
2024-01-30,1.34113,1.34458,1.3395,1.34016,1436
2024-01-31,1.34014,1.34457,1.33581,1.34316,1434
2024-02-01,1.34317,1.34636,1.33673,1.3384,1438
2024-02-02,1.33841,1.34753,1.33653,1.34589,1319
2024-02-04,1.34556,1.34747,1.34556,1.34703,116
2024-02-05,1.34701,1.35435,1.34659,1.35429,1430
2024-02-06,1.35429,1.3543,1.34759,1.34895,1437
2024-02-07,1.34896,1.3492,1.34546,1.34622,1436
2024-02-08,1.34621,1.34925,1.34475,1.34597,1432
2024-02-09,1.34597,1.34812,1.34124,1.34568,1318
2024-02-11,1.34596,1.34649,1.34561,1.34574,116
2024-02-12,1.34575,1.34748,1.34297,1.34551,1423
2024-02-13,1.34551,1.35858,1.34333,1.35657,1433
2024-02-14,1.35659,1.3572,1.35304,1.35382,1428
2024-02-15,1.35385,1.35513,1.34605,1.34654,1437
2024-02-16,1.34654,1.35072,1.34651,1.34817,1317
2024-02-18,1.34728,1.3487,1.34709,1.34777,116
2024-02-19,1.34778,1.35005,1.34674,1.34991,1369
2024-02-20,1.34992,1.35294,1.34716,1.3523,1432
2024-02-21,1.35231,1.35358,1.34871,1.34949,1434
2024-02-22,1.34946,1.35072,1.34404,1.34825,1434
2024-02-23,1.34825,1.35171,1.34611,1.3502,1318
2024-02-25,1.34913,1.35106,1.349,1.35103,117
2024-02-26,1.35105,1.35282,1.34996,1.35013,1435
2024-02-27,1.35014,1.35389,1.34841,1.35311,1437
2024-02-28,1.35313,1.36056,1.35267,1.35773,1439
2024-02-29,1.35773,1.35971,1.35406,1.35681,1436
2024-03-01,1.35682,1.36012,1.35446,1.3558,1315
2024-03-03,1.3549,1.35559,1.35451,1.35516,117
2024-03-04,1.35512,1.35835,1.35451,1.35754,1432
2024-03-05,1.35755,1.36047,1.35548,1.35894,1429
2024-03-06,1.35897,1.35996,1.34985,1.35119,1431
2024-03-07,1.35118,1.35251,1.34525,1.34529,1432
2024-03-08,1.34529,1.34975,1.34194,1.34811,1316
2024-03-10,1.34767,1.34912,1.34767,1.34785,234
2024-03-11,1.34786,1.35095,1.34689,1.348,1424
2024-03-12,1.34797,1.35251,1.34662,1.34925,1427
2024-03-13,1.34922,1.3498,1.34586,1.34678,1430
2024-03-14,1.34675,1.35417,1.34589,1.35403,1433
2024-03-15,1.35404,1.35514,1.35096,1.3537,1197
2024-03-17,1.35323,1.35504,1.35293,1.35443,230
2024-03-18,1.35442,1.35514,1.35203,1.35428,1428
2024-03-19,1.35428,1.36128,1.35342,1.3575,1429
2024-03-20,1.35747,1.36044,1.34702,1.34716,1429
2024-03-21,1.34718,1.35411,1.34554,1.35226,1429
2024-03-22,1.35228,1.36138,1.35212,1.35991,1199
2024-03-24,1.35988,1.36139,1.35954,1.36118,234
2024-03-25,1.36118,1.36126,1.35698,1.35786,1421
2024-03-26,1.35787,1.35907,1.35522,1.3588,1418
2024-03-27,1.3588,1.36078,1.35639,1.35832,1430
2024-03-28,1.35833,1.36135,1.35245,1.35372,1416
2024-03-29,1.35371,1.35608,1.35298,1.35333,1005
2024-03-31,1.35441,1.35517,1.35197,1.35306,114
2024-04-01,1.35216,1.35861,1.35145,1.35737,1423
2024-04-02,1.35739,1.35839,1.3556,1.35644,1421
2024-04-03,1.35644,1.35886,1.3511,1.35238,1430
2024-04-04,1.35237,1.35587,1.34775,1.35434,1432
2024-04-05,1.35433,1.3647,1.35398,1.35882,1258
2024-04-07,1.35908,1.36054,1.35863,1.36038,179
2024-04-08,1.36039,1.36162,1.35682,1.35705,1431
2024-04-09,1.35703,1.35983,1.35466,1.35729,1424
2024-04-10,1.35726,1.37022,1.35556,1.36883,1431
2024-04-11,1.36883,1.37254,1.36604,1.36868,1438
2024-04-12,1.36868,1.37869,1.36816,1.37715,1260
2024-04-14,1.37758,1.37788,1.37542,1.3759,178
2024-04-15,1.37589,1.37932,1.37247,1.37865,1438
2024-04-16,1.37864,1.38457,1.37736,1.38189,1436
2024-04-17,1.38191,1.38376,1.37593,1.37713,1439
2024-04-18,1.3771,1.37812,1.37413,1.37704,1436
2024-04-19,1.37706,1.38042,1.37231,1.37478,1259
2024-04-21,1.37327,1.37522,1.37318,1.37391,175
2024-04-22,1.37392,1.37493,1.36864,1.36996,1438
2024-04-23,1.36996,1.3714,1.36533,1.36614,1430
2024-04-24,1.36614,1.37284,1.36544,1.37039,1433
2024-04-25,1.37036,1.37307,1.36472,1.36589,1426
2024-04-26,1.36587,1.36953,1.36316,1.36698,1259
2024-04-28,1.36679,1.36684,1.36555,1.36557,169
2024-04-29,1.36556,1.36764,1.36313,1.36673,1430
2024-04-30,1.36673,1.37842,1.36622,1.37771,1432
2024-05-01,1.37772,1.37826,1.3703,1.37247,1430
2024-05-02,1.37246,1.37365,1.36653,1.36658,1435
2024-05-03,1.36659,1.36913,1.36092,1.36839,1260
2024-05-05,1.36749,1.3692,1.3673,1.36915,177
2024-05-06,1.36915,1.36968,1.36474,1.36704,1433
2024-05-07,1.36701,1.37407,1.36604,1.37329,1427
2024-05-08,1.37336,1.37622,1.37137,1.37278,1431
2024-05-09,1.3728,1.37376,1.36713,1.36775,1431
2024-05-10,1.36775,1.369,1.3632,1.36704,1252
2024-05-12,1.36655,1.36777,1.36646,1.36772,176
2024-05-13,1.36774,1.36893,1.36602,1.3666,1428
2024-05-14,1.3666,1.36899,1.36321,1.36534,1421
2024-05-15,1.36536,1.36603,1.35895,1.35976,1420
2024-05-16,1.35974,1.36407,1.35893,1.36147,1415
2024-05-17,1.36146,1.36433,1.36006,1.36109,1257
2024-05-19,1.36126,1.36138,1.36048,1.36086,167
2024-05-20,1.36086,1.36349,1.35958,1.3623,1404
2024-05-21,1.36231,1.3675,1.36145,1.36404,1428
2024-05-22,1.36404,1.36978,1.36231,1.369,1433
2024-05-23,1.36898,1.37431,1.36562,1.37324,1434
2024-05-24,1.37324,1.37383,1.36476,1.36635,1260
2024-05-26,1.3663,1.36705,1.36587,1.36696,177
2024-05-27,1.36696,1.36703,1.36276,1.36282,1415
2024-05-28,1.36283,1.36533,1.36142,1.36467,1433
2024-05-29,1.36467,1.37211,1.3646,1.37168,1432
2024-05-30,1.37167,1.37345,1.36597,1.36834,1432
2024-05-31,1.36834,1.36893,1.36188,1.36266,1260
2024-06-02,1.36276,1.36328,1.36186,1.36187,180
2024-06-03,1.36187,1.36684,1.36024,1.36285,1435
2024-06-04,1.36285,1.36987,1.362,1.36765,1422
2024-06-05,1.36765,1.37411,1.3665,1.36899,1438
2024-06-06,1.36894,1.37098,1.36608,1.36681,1431
2024-06-07,1.36684,1.37672,1.36625,1.37631,1259
2024-06-09,1.37592,1.3768,1.37573,1.37585,178
2024-06-10,1.37586,1.37814,1.37532,1.37598,1432
2024-06-11,1.37599,1.37913,1.37476,1.37547,1406
2024-06-12,1.37547,1.37602,1.36796,1.37213,1433
2024-06-13,1.37213,1.3763,1.37142,1.37439,1431
2024-06-14,1.37439,1.3779,1.37272,1.37301,1260
2024-06-16,1.37303,1.37382,1.37249,1.37344,175
2024-06-17,1.37344,1.37639,1.37126,1.37136,1427
2024-06-18,1.37134,1.37562,1.37085,1.37166,1431
2024-06-19,1.37167,1.37254,1.36976,1.37064,1384
2024-06-20,1.37062,1.37204,1.36798,1.36841,1427
2024-06-21,1.36843,1.37177,1.36741,1.36941,1258
2024-06-23,1.36887,1.37021,1.36875,1.37003,174
2024-06-24,1.37002,1.37079,1.36494,1.36576,1414
2024-06-25,1.36577,1.36802,1.36191,1.36615,1425
2024-06-26,1.36613,1.37073,1.36499,1.37044,1419
2024-06-27,1.37046,1.3712,1.36754,1.36992,1421
2024-06-28,1.3699,1.37337,1.3655,1.36781,1260
2024-06-30,1.36687,1.36754,1.36628,1.36742,179
2024-07-01,1.36738,1.37483,1.36628,1.37379,1426
2024-07-02,1.37377,1.37549,1.36668,1.36771,1433
2024-07-03,1.36769,1.36863,1.36169,1.36332,1416
2024-07-04,1.36332,1.36386,1.36056,1.36148,1376
2024-07-05,1.36147,1.36529,1.36018,1.36408,1258
2024-07-07,1.3643,1.36456,1.36386,1.36402,179
2024-07-08,1.36402,1.36468,1.36238,1.363,1429
2024-07-09,1.36298,1.3648,1.36266,1.36316,1434
2024-07-10,1.36315,1.36426,1.36075,1.36183,1427
2024-07-11,1.36185,1.36474,1.35884,1.36241,1436
2024-07-12,1.36239,1.36388,1.36109,1.36302,1258
2024-07-14,1.36431,1.36525,1.36188,1.36469,178
2024-07-15,1.36469,1.36885,1.36307,1.36775,1427
2024-07-16,1.36773,1.37074,1.36626,1.36703,1436
2024-07-17,1.36705,1.37011,1.36561,1.36787,1435
2024-07-18,1.36787,1.37181,1.367,1.37032,1429
2024-07-19,1.37032,1.37472,1.37021,1.37255,1260
2024-07-21,1.37159,1.3725,1.3705,1.37077,171
2024-07-22,1.3708,1.37744,1.3707,1.3761,1412
2024-07-23,1.3761,1.37868,1.37521,1.37856,1436
2024-07-24,1.37856,1.38161,1.37767,1.38115,1437
2024-07-25,1.38116,1.38486,1.37963,1.38186,1428
2024-07-26,1.38187,1.38487,1.38069,1.3834,1259
2024-07-28,1.3831,1.38349,1.38243,1.38304,174
2024-07-29,1.38304,1.38646,1.38156,1.38558,1427
2024-07-30,1.38558,1.38641,1.38374,1.3848,1437
2024-07-31,1.38477,1.38584,1.37867,1.38079,1434
2024-08-01,1.38078,1.38888,1.37941,1.38805,1437
2024-08-02,1.38805,1.38878,1.38334,1.38728,1260
2024-08-04,1.38632,1.38846,1.38492,1.38826,177
2024-08-05,1.38822,1.39464,1.38012,1.38049,1435
2024-08-06,1.3805,1.38554,1.37562,1.37873,1439
2024-08-07,1.37872,1.37903,1.37204,1.37518,1437
2024-08-08,1.37517,1.37652,1.37259,1.37355,1437
2024-08-09,1.37357,1.37533,1.37176,1.37286,1259
2024-08-11,1.37334,1.37405,1.37148,1.37349,169
2024-08-12,1.37352,1.37473,1.37179,1.37415,1429
2024-08-13,1.37413,1.37471,1.36997,1.37095,1421
2024-08-14,1.37096,1.37241,1.36883,1.37168,1431
2024-08-15,1.37167,1.37379,1.36949,1.37339,1423
2024-08-16,1.3734,1.37367,1.36759,1.36759,1258
2024-08-18,1.36789,1.36836,1.36748,1.36784,169
2024-08-19,1.36783,1.36847,1.36289,1.36312,1430
2024-08-20,1.36311,1.36409,1.36043,1.36171,1433
2024-08-21,1.36171,1.36231,1.35751,1.35836,1430
2024-08-22,1.35841,1.36184,1.35709,1.36037,1433
2024-08-23,1.36037,1.36049,1.34983,1.35067,1259
2024-08-25,1.34934,1.35151,1.34934,1.35084,175
2024-08-26,1.35083,1.35138,1.34628,1.34813,1435
2024-08-27,1.34814,1.34878,1.34298,1.34473,1431
2024-08-28,1.34473,1.34877,1.34405,1.34767,1430
2024-08-29,1.34769,1.34906,1.34497,1.34888,1431
2024-08-30,1.34886,1.35089,1.34645,1.34923,1260
2024-09-01,1.34837,1.34925,1.34811,1.34906,170
2024-09-02,1.34907,1.35051,1.34847,1.34978,1364
2024-09-03,1.34977,1.35619,1.34916,1.35436,1435
2024-09-04,1.35436,1.35651,1.34993,1.35081,1435
2024-09-05,1.35081,1.35247,1.3498,1.34983,1429
2024-09-06,1.34982,1.3582,1.34652,1.35705,1260
2024-09-08,1.35588,1.35695,1.35585,1.35631,176
2024-09-09,1.35632,1.35766,1.35458,1.35637,1418
2024-09-10,1.35637,1.3615,1.35612,1.36098,1425
2024-09-11,1.36098,1.36225,1.35663,1.3578,1435
2024-09-12,1.3578,1.36041,1.35643,1.35744,1431
2024-09-13,1.35745,1.35997,1.35647,1.35834,1259
2024-09-15,1.35934,1.35944,1.35771,1.35783,173
2024-09-16,1.35783,1.36072,1.35661,1.35866,1426
2024-09-17,1.35867,1.36163,1.35796,1.35934,1429
2024-09-18,1.35934,1.36225,1.35396,1.36082,1427
2024-09-19,1.36081,1.36471,1.35325,1.35628,1432
2024-09-20,1.35627,1.35892,1.35415,1.3568,1260
2024-09-22,1.35558,1.35683,1.35546,1.35655,175
2024-09-23,1.35656,1.35818,1.34865,1.35293,1433
2024-09-24,1.35295,1.35311,1.342,1.34202,1436
2024-09-25,1.34203,1.34868,1.3419,1.34835,1439
2024-09-26,1.34834,1.34893,1.34571,1.34759,1437
2024-09-27,1.34758,1.35263,1.3463,1.35142,1260
2024-09-29,1.35061,1.35146,1.35042,1.35095,177
2024-09-30,1.35095,1.35372,1.34893,1.35251,1436
2024-10-01,1.35255,1.35392,1.34803,1.34941,1425
2024-10-02,1.34939,1.35095,1.34718,1.35066,1437
2024-10-03,1.35065,1.35592,1.35053,1.35479,1435
2024-10-04,1.35478,1.35905,1.35443,1.35735,1260
2024-10-06,1.35553,1.35824,1.35546,1.35808,175
2024-10-07,1.35809,1.36389,1.35717,1.36203,1436
2024-10-08,1.36202,1.36748,1.36107,1.36544,1433
2024-10-09,1.36545,1.37184,1.36466,1.3709,1437
2024-10-10,1.37098,1.37749,1.37043,1.37459,1431
2024-10-11,1.37458,1.37831,1.37244,1.37567,1258
2024-10-13,1.37528,1.37792,1.37505,1.37779,118
2024-10-14,1.37823,1.38049,1.377,1.3802,1433
2024-10-15,1.38018,1.38381,1.37694,1.37802,1434
2024-10-16,1.378,1.37926,1.37488,1.37557,1430
2024-10-17,1.37558,1.38007,1.37467,1.37959,1433
2024-10-18,1.3796,1.38145,1.3785,1.37921,1260
2024-10-20,1.37981,1.38055,1.37978,1.37996,178
2024-10-21,1.37995,1.38492,1.37991,1.3833,1434
2024-10-22,1.38332,1.38373,1.38116,1.38176,1432
2024-10-23,1.38176,1.38622,1.38156,1.3837,1436
2024-10-24,1.3837,1.38682,1.3812,1.38532,1435
2024-10-25,1.38532,1.38971,1.38376,1.38904,1260
2024-10-27,1.38851,1.38976,1.38791,1.3896,215
2024-10-28,1.3896,1.39079,1.38812,1.38898,1431
2024-10-29,1.38899,1.3929,1.38761,1.39122,1437
2024-10-30,1.39125,1.39405,1.38945,1.39147,1440
2024-10-31,1.39148,1.39448,1.38903,1.39304,1437
2024-11-01,1.39309,1.39586,1.39021,1.39517,1200
2024-11-03,1.39218,1.39266,1.39158,1.39207,116
2024-11-04,1.39208,1.39221,1.38744,1.39006,1439
2024-11-05,1.39004,1.39063,1.38152,1.38338,1436
2024-11-06,1.3834,1.39581,1.38317,1.39476,1440
2024-11-07,1.39476,1.39476,1.38414,1.38676,1437
2024-11-08,1.38676,1.39194,1.38661,1.38964,959
2024-11-10,1.39079,1.39132,1.39036,1.391,116
2024-11-11,1.39101,1.39502,1.39042,1.39238,1080
2024-11-12,1.39201,1.3967,1.39162,1.3945,1436
2024-11-13,1.39449,1.40026,1.39302,1.39918,1435
2024-11-14,1.39917,1.4071,1.39875,1.40611,1440
2024-11-15,1.40611,1.41052,1.40327,1.40885,1020
2024-11-17,1.40876,1.40906,1.40803,1.40859,119
2024-11-18,1.40858,1.41023,1.40003,1.40221,1434
2024-11-19,1.4022,1.40361,1.39509,1.39551,1438
2024-11-20,1.39552,1.40142,1.39502,1.39682,1437
2024-11-21,1.39683,1.39838,1.39307,1.39838,1436
2024-11-22,1.39838,1.40205,1.39573,1.39744,1320
2024-11-24,1.39486,1.3952,1.39323,1.39333,118
2024-11-25,1.39332,1.41204,1.39269,1.40981,1437
2024-11-26,1.40982,1.41774,1.40473,1.40518,1438
2024-11-27,1.40519,1.40774,1.40086,1.40256,1434
2024-11-28,1.40255,1.40312,1.39978,1.40078,1429
2024-11-29,1.40077,1.40453,1.39801,1.39887,1320
2024-12-01,1.39892,1.40177,1.39892,1.40134,119
2024-12-02,1.40135,1.40891,1.40125,1.4046,1434
2024-12-03,1.40461,1.40755,1.40086,1.4065,1438
2024-12-04,1.4065,1.40827,1.40515,1.40715,1436
2024-12-05,1.40715,1.40791,1.40099,1.40191,1435
2024-12-06,1.4019,1.41641,1.40189,1.4153,1320
2024-12-08,1.41515,1.41642,1.41473,1.41475,117
2024-12-09,1.41472,1.41747,1.4093,1.41743,1437
2024-12-10,1.41742,1.41947,1.4155,1.41744,1437
2024-12-11,1.41744,1.4193,1.41193,1.41488,1437
2024-12-12,1.41453,1.42275,1.41308,1.42151,1427
2024-12-13,1.42155,1.42446,1.42089,1.42293,1320
2024-12-15,1.42265,1.42372,1.42243,1.42255,116
2024-12-16,1.42257,1.42704,1.42163,1.4234,1437
2024-12-17,1.4234,1.43232,1.42313,1.43097,1439
2024-12-18,1.43097,1.44666,1.43043,1.44613,1437
2024-12-19,1.44612,1.44612,1.43438,1.44023,1437
2024-12-20,1.44024,1.44351,1.43349,1.43735,1320
2024-12-22,1.43612,1.43718,1.43583,1.43598,115
2024-12-23,1.43599,1.44329,1.43484,1.43738,1435
2024-12-24,1.43737,1.44198,1.43443,1.43488,1339
2024-12-25,1.43439,1.43724,1.43439,1.43535,247
2024-12-26,1.43535,1.44199,1.43494,1.44091,1434
2024-12-27,1.44093,1.44489,1.43742,1.44081,1320
2024-12-29,1.44125,1.44149,1.44016,1.44022,120
2024-12-30,1.44023,1.44324,1.43443,1.43499,1433
2024-12-31,1.43499,1.44089,1.43375,1.43814,1317
2025-01-01,1.43748,1.43839,1.4372,1.43746,112
2025-01-02,1.43744,1.44417,1.43684,1.4404,1435
2025-01-03,1.44039,1.4463,1.43826,1.44398,1320
2025-01-05,1.44367,1.4449,1.44293,1.44382,116
2025-01-06,1.44382,1.44442,1.42791,1.4341,1434
2025-01-07,1.4341,1.43706,1.42973,1.43652,1437
2025-01-08,1.43652,1.44092,1.43387,1.43765,1435
2025-01-09,1.43764,1.44045,1.43646,1.44011,1437
2025-01-10,1.44011,1.44422,1.43749,1.44167,1320
2025-01-12,1.44199,1.44226,1.4411,1.44147,116
2025-01-13,1.44148,1.44467,1.43423,1.4364,1437
2025-01-14,1.4364,1.44098,1.43446,1.43514,1436
2025-01-15,1.43515,1.43663,1.43017,1.43246,1437
2025-01-16,1.43246,1.44025,1.43218,1.43941,1435
2025-01-17,1.4394,1.44845,1.43819,1.44743,1320
2025-01-19,1.44592,1.44849,1.44592,1.44702,117
2025-01-20,1.44703,1.44779,1.42605,1.4302,1434
2025-01-21,1.43019,1.4515,1.42888,1.43404,1438
2025-01-22,1.43404,1.44035,1.43004,1.43953,1436
2025-01-23,1.43952,1.4413,1.43336,1.43772,1438
2025-01-24,1.43772,1.43832,1.43143,1.43415,1320
2025-01-26,1.43587,1.4387,1.4357,1.43856,116
2025-01-27,1.43858,1.44151,1.4333,1.44048,1433
2025-01-28,1.44049,1.44194,1.43684,1.44024,1437
2025-01-29,1.44022,1.4471,1.43911,1.43962,1438
2025-01-30,1.43962,1.45941,1.43962,1.44924,1439
2025-01-31,1.44924,1.45589,1.43701,1.45257,1320
2025-02-02,1.47352,1.47498,1.47031,1.47123,120
2025-02-03,1.47123,1.47926,1.43853,1.44208,1436
2025-02-04,1.44209,1.4502,1.43013,1.43385,1434
2025-02-05,1.43385,1.43438,1.42693,1.43147,1439
2025-02-06,1.43148,1.43661,1.43008,1.43071,1439
2025-02-07,1.43073,1.43443,1.4273,1.42862,1320
2025-02-09,1.43522,1.43793,1.433,1.43324,119
2025-02-10,1.43322,1.43586,1.4304,1.43386,1437
2025-02-11,1.43381,1.43451,1.42786,1.42865,1438
2025-02-12,1.42864,1.43419,1.4255,1.42997,1439
2025-02-13,1.42998,1.43032,1.41825,1.41922,1434
2025-02-14,1.41925,1.41998,1.41503,1.41803,1320
2025-02-16,1.41682,1.41891,1.41682,1.41807,113
2025-02-17,1.41812,1.41936,1.4159,1.41845,1422
2025-02-18,1.41846,1.42123,1.41792,1.41896,1436
2025-02-19,1.41896,1.4245,1.4175,1.42406,1430
2025-02-20,1.42407,1.42442,1.41658,1.41745,1439
2025-02-21,1.41747,1.42357,1.41676,1.42189,1320
2025-02-23,1.42197,1.42255,1.42044,1.42101,115
2025-02-24,1.42101,1.42786,1.41814,1.42774,1434
2025-02-25,1.42773,1.43169,1.42391,1.43014,1431
2025-02-26,1.43013,1.43677,1.42933,1.4338,1433
2025-02-27,1.43379,1.44485,1.43217,1.44461,1431
2025-02-28,1.44457,1.44714,1.43993,1.4462,1320
2025-03-02,1.44422,1.44489,1.4435,1.44431,116
2025-03-03,1.44431,1.45413,1.43682,1.44935,1437
2025-03-04,1.44936,1.45425,1.437,1.43982,1435
2025-03-05,1.43979,1.44495,1.43294,1.43395,1435
2025-03-06,1.43394,1.43764,1.4238,1.42926,1437
2025-03-07,1.42928,1.4426,1.42788,1.43649,1314
2025-03-09,1.43507,1.4387,1.43502,1.43628,236
2025-03-10,1.43629,1.44722,1.43526,1.44294,1427
2025-03-11,1.44293,1.45205,1.43786,1.44286,1436
2025-03-12,1.44287,1.44844,1.43527,1.43622,1431
2025-03-13,1.43621,1.4451,1.43601,1.44315,1437
2025-03-14,1.44313,1.44411,1.43547,1.43672,1200
2025-03-16,1.43731,1.43763,1.43573,1.43697,240
2025-03-17,1.43695,1.43799,1.4275,1.42938,1430
2025-03-18,1.4294,1.4319,1.42598,1.42975,1434
2025-03-19,1.42973,1.43485,1.42973,1.43222,1434
2025-03-20,1.43223,1.44012,1.43122,1.43205,1434
2025-03-21,1.43205,1.43725,1.43131,1.43473,1200
2025-03-23,1.43501,1.43514,1.43262,1.43317,232
2025-03-24,1.43316,1.43503,1.42887,1.43201,1433
2025-03-25,1.43203,1.43321,1.42701,1.42863,1436
2025-03-26,1.42864,1.4316,1.42346,1.42867,1440
2025-03-27,1.42866,1.43286,1.42591,1.43099,1437
2025-03-28,1.43099,1.43325,1.42759,1.43157,1200
2025-03-30,1.42982,1.43287,1.4292,1.43178,114
2025-03-31,1.43092,1.43958,1.42987,1.43902,1439
2025-04-01,1.43904,1.44146,1.42882,1.42934,1438
2025-04-02,1.42935,1.43659,1.42146,1.42164,1436
2025-04-03,1.42163,1.42581,1.40269,1.40828,1437
2025-04-04,1.40828,1.4258,1.40528,1.42232,1258
2025-04-06,1.42579,1.42691,1.4204,1.42414,174
2025-04-07,1.42412,1.42959,1.41782,1.42383,1435
2025-04-08,1.42385,1.42713,1.41427,1.42557,1437
2025-04-09,1.42557,1.42731,1.40733,1.41021,1435
2025-04-10,1.41024,1.41095,1.39506,1.39519,1438
2025-04-11,1.39519,1.39842,1.38388,1.38597,1260
2025-04-13,1.38506,1.38838,1.38506,1.38741,174
2025-04-14,1.38742,1.39102,1.38281,1.39007,1436
2025-04-15,1.39006,1.39771,1.38495,1.39574,1436
2025-04-16,1.39576,1.39592,1.38518,1.38592,1435
2025-04-17,1.38591,1.39057,1.38273,1.38423,1434
2025-04-18,1.38422,1.38691,1.38315,1.38413,1259
2025-04-20,1.38392,1.38429,1.38215,1.38246,170
2025-04-21,1.38247,1.38492,1.37805,1.3833,1435
2025-04-22,1.3833,1.38611,1.37923,1.38481,1439
2025-04-23,1.38478,1.39043,1.37978,1.38745,1439
2025-04-24,1.38743,1.38986,1.38393,1.38549,1439
2025-04-25,1.38549,1.38919,1.38491,1.38517,1260
2025-04-27,1.38565,1.38718,1.38491,1.38703,171
2025-04-28,1.38704,1.38922,1.3816,1.38315,1428
2025-04-29,1.38317,1.38709,1.3808,1.38254,1437
2025-04-30,1.38255,1.38549,1.37694,1.37933,1436
2025-05-01,1.37932,1.38619,1.37836,1.38479,1436
2025-05-02,1.38479,1.38492,1.37596,1.38119,1260
2025-05-04,1.37899,1.38273,1.37868,1.38241,172
2025-05-05,1.38242,1.38294,1.37859,1.3822,1433
2025-05-06,1.3822,1.38445,1.37499,1.37707,1434
2025-05-07,1.37707,1.3839,1.37671,1.38356,1430
2025-05-08,1.38357,1.39326,1.3813,1.39232,1434
2025-05-09,1.39231,1.39442,1.39059,1.39356,1260
2025-05-11,1.38971,1.39321,1.38971,1.39275,176
2025-05-12,1.39274,1.40153,1.39133,1.39735,1433
2025-05-13,1.39734,1.40159,1.39263,1.39327,1437
2025-05-14,1.39327,1.39857,1.39012,1.39776,1433
2025-05-15,1.39776,1.40042,1.39513,1.39557,1429
2025-05-16,1.39556,1.3995,1.39347,1.3964,1260
2025-05-18,1.39653,1.39678,1.39508,1.39523,175
2025-05-19,1.39524,1.39724,1.39169,1.39574,1431
2025-05-20,1.3958,1.3968,1.39073,1.3908,1437
2025-05-21,1.39082,1.39105,1.38137,1.3861,1437
2025-05-22,1.38611,1.38884,1.38456,1.38579,1437
2025-05-23,1.38581,1.38582,1.37088,1.3732,1260
2025-05-25,1.3714,1.37377,1.3714,1.37355,171
2025-05-26,1.37355,1.37388,1.36857,1.37356,1422
2025-05-27,1.37356,1.38353,1.37215,1.38092,1433
2025-05-28,1.38092,1.38606,1.38009,1.38532,1435
2025-05-29,1.3853,1.3861,1.37845,1.38065,1436
2025-05-30,1.38063,1.38297,1.37136,1.37373,1260
2025-06-01,1.37361,1.37388,1.37217,1.37247,176
2025-06-02,1.37247,1.37284,1.36738,1.37103,1437
2025-06-03,1.37103,1.37423,1.37007,1.37148,1422
2025-06-04,1.37149,1.37313,1.36521,1.36808,1438
2025-06-05,1.36808,1.36835,1.36341,1.36668,1432
2025-06-06,1.36667,1.37038,1.36597,1.36942,1260
2025-06-08,1.36898,1.36993,1.36893,1.36919,169
2025-06-09,1.36918,1.37069,1.36689,1.37002,1437
2025-06-10,1.36999,1.37282,1.36636,1.3668,1437
2025-06-11,1.36679,1.36898,1.36493,1.36656,1434
2025-06-12,1.36656,1.36748,1.35946,1.35952,1438
2025-06-13,1.35954,1.36512,1.35658,1.35801,1260
2025-06-15,1.35779,1.35954,1.35758,1.35821,171
2025-06-16,1.35823,1.36064,1.35394,1.35727,1438
2025-06-17,1.35726,1.36927,1.35559,1.3683,1433
2025-06-18,1.3683,1.37029,1.36338,1.36959,1439
2025-06-19,1.36958,1.37461,1.36934,1.36948,1436
2025-06-20,1.3695,1.37468,1.36865,1.37287,1260
2025-06-22,1.37449,1.37605,1.37374,1.37405,170
2025-06-23,1.37405,1.37979,1.37213,1.37294,1436
2025-06-24,1.37293,1.37339,1.36779,1.37256,1434
2025-06-25,1.37257,1.37542,1.37112,1.37118,1435
2025-06-26,1.37119,1.37226,1.36173,1.36417,1431
2025-06-27,1.36416,1.3759,1.36272,1.36771,1259
2025-06-29,1.36852,1.36913,1.36727,1.36815,178
2025-06-30,1.36815,1.36992,1.35996,1.36059,1437
2025-07-01,1.36061,1.36666,1.35905,1.36441,1436
2025-07-02,1.36442,1.36583,1.35795,1.35877,1432
2025-07-03,1.35878,1.36234,1.35558,1.35744,1434
2025-07-04,1.35744,1.36165,1.35662,1.35893,1260
2025-07-06,1.35822,1.36077,1.35815,1.36031,175
2025-07-07,1.36029,1.36851,1.35968,1.36647,1433
2025-07-08,1.36647,1.36939,1.36377,1.36686,1435
2025-07-09,1.36685,1.37098,1.3665,1.36855,1435
2025-07-10,1.36856,1.3708,1.36522,1.3655,1433
2025-07-11,1.3655,1.37302,1.36513,1.36857,1260
2025-07-13,1.36973,1.37006,1.36846,1.36864,176
2025-07-14,1.36863,1.37085,1.36696,1.37055,1437
2025-07-15,1.37054,1.37295,1.3671,1.37159,1439
2025-07-16,1.37158,1.3755,1.36786,1.36894,1433
2025-07-17,1.36894,1.37741,1.36886,1.3736,1435
2025-07-18,1.37359,1.37421,1.3695,1.37254,1258
2025-07-20,1.37108,1.37297,1.37071,1.3723,176
2025-07-21,1.37232,1.37342,1.36744,1.36756,1435
2025-07-22,1.36756,1.36949,1.35951,1.36041,1432
2025-07-23,1.36042,1.36287,1.3575,1.36014,1436
2025-07-24,1.36014,1.36542,1.35961,1.36399,1437
2025-07-25,1.364,1.37252,1.36373,1.36962,1260
2025-07-27,1.36988,1.37039,1.36947,1.3702,175
2025-07-28,1.3702,1.37417,1.36882,1.3734,1433
2025-07-29,1.37339,1.37879,1.37303,1.37741,1432
2025-07-30,1.37741,1.38447,1.3758,1.38261,1437
2025-07-31,1.38259,1.38704,1.3813,1.38574,1435
2025-08-01,1.38574,1.38787,1.37623,1.3785,1260
2025-08-03,1.37749,1.37861,1.37655,1.37774,179
2025-08-04,1.37776,1.37944,1.37579,1.37688,1440
2025-08-05,1.37687,1.38099,1.37627,1.37708,1436
2025-08-06,1.37713,1.3779,1.37347,1.37392,1436
2025-08-07,1.37393,1.37733,1.37211,1.37319,1437
2025-08-08,1.3732,1.37629,1.37253,1.37529,1259
2025-08-10,1.37492,1.37548,1.37484,1.37528,174
2025-08-11,1.37529,1.3795,1.37445,1.37743,1436
2025-08-12,1.37743,1.38057,1.37536,1.37697,1438
2025-08-13,1.37698,1.37814,1.37509,1.3752,1438
2025-08-14,1.3752,1.38191,1.3744,1.38129,1437
2025-08-15,1.38128,1.38188,1.37872,1.38182,1260
2025-08-17,1.38118,1.38168,1.38093,1.38149,177
2025-08-18,1.3815,1.38309,1.37825,1.38022,1438
2025-08-19,1.38021,1.38696,1.38008,1.38661,1435
2025-08-20,1.38662,1.3883,1.38531,1.38738,1439
2025-08-21,1.38737,1.39122,1.38721,1.39011,1440
2025-08-22,1.39013,1.39242,1.3814,1.38257,1260
2025-08-24,1.38158,1.3833,1.38125,1.38292,174
2025-08-25,1.38297,1.38635,1.38163,1.38584,1437
2025-08-26,1.38584,1.38674,1.38217,1.38344,1439
2025-08-27,1.38343,1.38575,1.37803,1.37808,1437
2025-08-28,1.37808,1.37874,1.37408,1.37516,1438
2025-08-29,1.37514,1.37787,1.37262,1.37407,1260
2025-08-31,1.372,1.37426,1.372,1.37385,172
2025-09-01,1.37386,1.37617,1.3732,1.37479,1425
2025-09-02,1.37478,1.38143,1.3745,1.37842,1438
2025-09-03,1.37843,1.38073,1.37824,1.37927,1435
2025-09-04,1.37926,1.3845,1.37918,1.38149,1438
2025-09-05,1.38149,1.38537,1.37575,1.38257,1260
2025-09-07,1.38292,1.3844,1.38288,1.3835,179
2025-09-08,1.38352,1.38431,1.37878,1.37952,1436
2025-09-09,1.37953,1.38593,1.3793,1.38459,1438
2025-09-10,1.38461,1.38696,1.38301,1.38603,1436
2025-09-11,1.38603,1.38911,1.38256,1.38343,1438
2025-09-12,1.38343,1.38633,1.3832,1.3843,1259
2025-09-14,1.38273,1.38422,1.38273,1.38389,175
2025-09-15,1.38388,1.38455,1.37664,1.37743,1439
2025-09-16,1.37743,1.37776,1.37338,1.37388,1439
2025-09-17,1.37385,1.37869,1.37261,1.37704,1439
2025-09-18,1.37704,1.38095,1.37652,1.37916,1438
2025-09-19,1.37915,1.3825,1.37685,1.3778,1260
2025-09-21,1.37745,1.37849,1.37745,1.37821,175
2025-09-22,1.37821,1.38312,1.37813,1.38249,1440
2025-09-23,1.38249,1.38495,1.3811,1.38384,1435
2025-09-24,1.38383,1.39064,1.38371,1.3896,1440
2025-09-25,1.38957,1.39491,1.38845,1.39409,1436
2025-09-26,1.39412,1.39581,1.39313,1.39386,1260
2025-09-28,1.39247,1.39466,1.39233,1.39375,173
2025-09-29,1.39375,1.39392,1.38991,1.39173,1436
2025-09-30,1.39172,1.39356,1.38959,1.39236,1440
2025-10-01,1.39237,1.39566,1.39063,1.39402,1436
2025-10-02,1.39402,1.39859,1.3932,1.39602,1435
2025-10-03,1.39603,1.39688,1.39392,1.39448,1260
2025-10-05,1.39481,1.39673,1.3948,1.39642,175
2025-10-06,1.3964,1.39672,1.39396,1.39446,1435
2025-10-07,1.39445,1.39622,1.39383,1.39526,1437
2025-10-08,1.39525,1.39706,1.39313,1.39547,1436
2025-10-09,1.39546,1.40333,1.39328,1.40193,1436
2025-10-10,1.40195,1.40336,1.39753,1.40008,1260
2025-10-12,1.39879,1.40038,1.39878,1.39986,178
2025-10-13,1.39986,1.40397,1.39826,1.40392,1438
2025-10-14,1.40391,1.40795,1.40296,1.40455,1436
2025-10-15,1.40457,1.40592,1.40262,1.40458,1440
2025-10-16,1.40459,1.40606,1.40218,1.40456,1438
2025-10-17,1.40457,1.40669,1.40075,1.40155,1260
2025-10-19,1.40147,1.40205,1.40095,1.40157,180
2025-10-20,1.40156,1.40507,1.4005,1.4033,1435
2025-10-21,1.40328,1.40655,1.40027,1.40193,1439
2025-10-22,1.40195,1.40319,1.39753,1.39893,1435
2025-10-23,1.39892,1.40042,1.39728,1.39867,1438
2025-10-24,1.39867,1.40385,1.39835,1.39914,1260
2025-10-26,1.4004,1.40083,1.39847,1.39852,240
2025-10-27,1.39852,1.40079,1.39697,1.3985,1439
2025-10-28,1.39849,1.4005,1.39327,1.39385,1440
2025-10-29,1.39386,1.39545,1.38874,1.39359,1439
2025-10-30,1.39359,1.40137,1.39263,1.39807,1437
2025-10-31,1.39807,1.40348,1.39785,1.4009,1200
2025-11-02,1.40075,1.40176,1.40051,1.40155,116
2025-11-03,1.40155,1.40754,1.4008,1.40551,1434
2025-11-04,1.40552,1.41072,1.40536,1.41011,1438
2025-11-05,1.41013,1.414,1.4101,1.41022,1438
2025-11-06,1.41022,1.41396,1.40895,1.41117,1436
2025-11-07,1.41119,1.41259,1.40267,1.40376,1320
2025-11-09,1.40516,1.40523,1.40364,1.40439,116
2025-11-10,1.40439,1.40458,1.40005,1.40255,1440
2025-11-11,1.40254,1.40407,1.39999,1.40157,1435
2025-11-12,1.40157,1.40213,1.39894,1.40095,1440
2025-11-13,1.40095,1.40376,1.39846,1.40364,1436
2025-11-14,1.40365,1.4045,1.40136,1.40209,1320
2025-11-16,1.40125,1.40262,1.40103,1.40181,115
2025-11-17,1.4018,1.40576,1.40155,1.40506,1437
2025-11-18,1.4051,1.40618,1.39709,1.39851,1439
2025-11-19,1.39853,1.40649,1.39845,1.40435,1435
2025-11-20,1.40435,1.41066,1.40393,1.40913,1438
2025-11-21,1.40916,1.41305,1.40811,1.41001,1320
2025-11-23,1.40941,1.40994,1.40909,1.40947,117
2025-11-24,1.40947,1.41185,1.40911,1.41096,1439
2025-11-25,1.41098,1.41243,1.40888,1.4103,1437
2025-11-26,1.41029,1.41045,1.40319,1.40389,1437
2025-11-27,1.40391,1.40498,1.40241,1.40261,1432
2025-11-28,1.4026,1.4051,1.39377,1.39752,1320
2025-11-30,1.39735,1.3978,1.39648,1.39698,118
2025-12-01,1.39698,1.40014,1.39544,1.40012,1433
2025-12-02,1.40011,1.4014,1.3964,1.39693,1438
2025-12-03,1.39694,1.39748,1.39379,1.3953,1435
2025-12-04,1.3953,1.3977,1.39247,1.39593,1437
2025-12-05,1.39595,1.39595,1.38102,1.3811,1320
2025-12-07,1.38171,1.38351,1.38171,1.38347,116
2025-12-08,1.38348,1.38592,1.37993,1.38485,1437
2025-12-09,1.38485,1.38605,1.38232,1.38455,1438
2025-12-10,1.38455,1.38715,1.37834,1.37892,1438
2025-12-11,1.37891,1.38224,1.37564,1.37753,1437
2025-12-12,1.37755,1.37944,1.37529,1.37694,1320
2025-12-14,1.37618,1.37731,1.37589,1.37678,116
2025-12-15,1.37679,1.3788,1.37472,1.37691,1437
2025-12-16,1.3769,1.37807,1.37298,1.3755,1439
2025-12-17,1.37551,1.37978,1.3755,1.37832,1438
2025-12-18,1.37833,1.37955,1.37556,1.3777,1438
2025-12-19,1.3777,1.38054,1.37546,1.38,1320
2025-12-21,1.37796,1.38031,1.37796,1.37903,114
2025-12-22,1.37902,1.38004,1.37353,1.37491,1436
2025-12-23,1.37491,1.37491,1.36836,1.36853,1434
2025-12-24,1.36847,1.36888,1.3661,1.36667,1357
2025-12-25,1.36667,1.36821,1.36606,1.36734,304
2025-12-26,1.36732,1.36846,1.3642,1.36717,1320
2025-12-28,1.36592,1.36764,1.36509,1.36684,115
2025-12-29,1.36684,1.37007,1.36569,1.36875,1437
2025-12-30,1.36875,1.37083,1.36786,1.36952,1433
2025-12-31,1.36952,1.37276,1.36878,1.37231,1318
