Date,open,high,low,close,n_bars
2010-01-03,92.97,93.09,92.69,92.74,103
2010-01-04,92.75,93.21,92.19,92.48,1258
2010-01-05,92.47,92.52,91.25,91.56,1291
2010-01-06,91.57,92.74,91.52,92.36,1260
2010-01-07,92.35,93.77,92.11,93.45,1318
2010-01-08,93.46,93.67,92.28,92.65,1221
2010-01-10,92.6,92.62,92.22,92.36,99
2010-01-11,92.35,92.66,91.81,92.11,1234
2010-01-12,92.1,92.43,90.72,91.1,1334
2010-01-13,91.11,91.56,90.9,91.38,1287
2010-01-14,91.4,92.03,90.84,91.27,1305
2010-01-15,91.28,91.32,90.6,90.83,1223
2010-01-17,90.78,91.0,90.74,90.85,86
2010-01-18,90.84,91.06,90.57,90.7,1134
2010-01-19,90.71,91.26,90.31,91.21,1291
2010-01-20,91.2,91.46,90.79,91.21,1278
2010-01-21,91.2,91.87,89.87,90.45,1372
2010-01-22,90.44,90.55,89.78,89.81,1272
2010-01-24,90.23,90.23,89.87,90.0,110
2010-01-25,90.01,90.47,89.82,90.41,1255
2010-01-26,90.4,90.55,89.34,89.65,1334
2010-01-27,89.64,90.08,89.14,89.97,1362
2010-01-28,89.96,90.55,89.63,89.79,1348
2010-01-29,89.8,90.92,89.58,90.26,1257
2010-01-31,89.89,90.29,89.88,90.24,105
2010-02-01,90.25,90.94,89.99,90.77,1277
2010-02-02,90.76,90.91,90.26,90.44,1264
2010-02-03,90.43,91.28,90.07,90.86,1258
2010-02-04,90.85,91.07,88.55,89.37,1310
2010-02-05,89.38,89.89,88.82,89.24,1282
2010-02-07,89.43,89.46,89.14,89.26,109
2010-02-08,89.27,89.56,89.14,89.23,1267
2010-02-09,89.22,89.94,89.22,89.81,1320
2010-02-10,89.8,90.06,89.24,89.92,1304
2010-02-11,89.91,90.14,89.57,89.82,1208
2010-02-12,89.81,90.42,89.59,89.97,1155
2010-02-14,90.11,90.11,89.98,90.06,81
2010-02-15,90.07,90.23,89.91,90.06,1061
2010-02-16,90.05,90.51,89.7,90.25,1225
2010-02-17,90.24,91.38,90.15,91.08,1252
2010-02-18,91.09,92.09,90.56,91.97,1292
2010-02-19,91.96,92.15,91.49,91.52,1274
2010-02-21,91.52,91.74,91.48,91.62,103
2010-02-22,91.63,91.9,91.02,91.26,1259
2010-02-23,91.27,91.29,89.9,90.16,1297
2010-02-24,90.17,90.36,89.76,90.29,1202
2010-02-25,90.28,90.29,88.8,89.29,1326
2010-02-26,89.27,89.5,88.74,88.96,1196
2010-02-28,88.86,89.1,88.85,88.87,109
2010-03-01,88.86,89.48,88.81,89.18,1229
2010-03-02,89.17,89.37,88.55,88.77,1262
2010-03-03,88.76,88.99,88.32,88.6,1250
2010-03-04,88.58,89.25,88.14,89.17,1236
2010-03-05,89.16,90.59,89.15,90.28,1127
2010-03-07,90.4,90.68,90.35,90.61,111
2010-03-08,90.6,90.66,90.15,90.3,1231
2010-03-09,90.31,90.31,89.63,90.0,1260
2010-03-10,90.01,90.82,89.94,90.49,1183
2010-03-11,90.5,90.74,90.21,90.67,1226
2010-03-12,90.66,91.08,90.17,90.55,1144
2010-03-14,90.84,90.84,90.54,90.71,123
2010-03-15,90.7,90.8,90.27,90.33,1200
2010-03-16,90.34,90.73,89.98,90.31,1225
2010-03-17,90.32,90.71,90.03,90.42,1272
2010-03-18,90.41,90.8,89.76,90.48,1261
2010-03-19,90.49,90.72,90.33,90.54,1054
2010-03-21,90.49,90.56,90.43,90.44,93
2010-03-22,90.45,90.77,89.83,90.32,1114
2010-03-23,90.33,90.47,90.13,90.41,1167
2010-03-24,90.4,92.4,90.38,92.02,1280
2010-03-25,92.01,92.95,91.76,92.52,1319
2010-03-26,92.53,92.89,92.3,92.49,1145
2010-03-28,92.44,92.49,92.35,92.4,133
2010-03-29,92.41,92.79,92.35,92.42,1212
2010-03-30,92.41,93.02,92.12,92.93,1249
2010-03-31,92.92,93.64,92.81,93.52,1312
2010-04-01,93.51,94.04,93.28,93.73,1236
2010-04-02,93.74,94.69,93.67,94.61,924
2010-04-04,94.68,94.78,94.53,94.53,140
2010-04-05,94.52,94.59,94.08,94.28,1098
2010-04-06,94.27,94.29,93.56,93.62,1282
2010-04-07,93.63,94.27,93.15,93.2,1303
2010-04-08,93.21,93.52,92.83,93.42,1261
2010-04-09,93.41,93.78,93.11,93.18,1117
2010-04-11,92.91,93.27,92.9,93.09,167
2010-04-12,93.08,93.61,93.05,93.2,1237
2010-04-13,93.21,93.41,92.57,93.23,1278
2010-04-14,93.24,93.72,92.82,93.3,1245
2010-04-15,93.29,93.52,92.86,93.13,1248
2010-04-16,93.12,93.12,91.9,92.17,1188
2010-04-18,91.86,92.11,91.82,91.95,160
2010-04-19,91.96,92.54,91.59,92.48,1321
2010-04-20,92.47,93.39,92.47,93.12,1260
2010-04-21,93.11,93.45,92.93,93.0,1274
2010-04-22,92.99,93.63,92.74,93.53,1335
2010-04-23,93.52,94.33,93.31,93.96,1130
2010-04-25,94.0,94.18,93.93,94.17,141
2010-04-26,94.16,94.36,93.81,93.87,1277
2010-04-27,93.88,94.03,92.81,93.19,1335
2010-04-28,93.18,94.32,92.99,94.01,1349
2010-04-29,94.0,94.26,93.85,93.96,1201
2010-04-30,93.95,94.58,93.83,93.84,1156
2010-05-02,93.9,94.13,93.86,94.12,140
2010-05-03,94.13,94.79,93.84,94.66,1130
2010-05-04,94.65,94.98,94.32,94.9,1293
2010-05-05,94.89,94.98,93.54,93.87,1325
2010-05-06,93.88,93.98,88.26,91.36,1411
2010-05-07,91.35,93.11,90.84,91.6,1259
2010-05-09,92.44,92.73,91.69,92.18,177
2010-05-10,92.19,93.54,91.83,93.01,1386
2010-05-11,93.02,93.26,92.21,92.81,1397
2010-05-12,92.82,93.28,92.45,93.19,1325
2010-05-13,93.2,93.64,92.58,92.61,1333
2010-05-14,92.6,93.09,91.8,92.45,1213
2010-05-16,92.25,92.41,92.18,92.25,123
2010-05-17,92.26,92.69,91.76,92.54,1382
2010-05-18,92.53,92.97,91.86,91.86,1396
2010-05-19,91.85,92.15,90.94,91.77,1415
2010-05-20,91.78,91.88,88.96,89.85,1417
2010-05-21,89.86,90.46,89.21,89.96,1253
2010-05-23,90.3,90.37,89.93,90.16,150
2010-05-24,90.15,90.61,89.73,90.07,1383
2010-05-25,90.08,90.48,89.25,90.31,1413
2010-05-26,90.32,90.66,89.79,89.97,1400
2010-05-27,89.96,91.07,89.9,90.97,1380
2010-05-28,90.98,91.4,90.59,91.05,1209
2010-05-30,91.0,91.25,90.91,91.21,94
2010-05-31,91.22,91.6,90.91,91.14,1184
2010-06-01,91.15,91.45,90.53,91.14,1359
2010-06-02,91.15,92.34,91.01,92.07,1350
2010-06-03,92.08,92.79,92.03,92.58,1316
2010-06-04,92.59,92.87,91.41,91.9,1199
2010-06-06,91.74,91.94,91.48,91.61,153
2010-06-07,91.62,92.07,90.97,91.56,1380
2010-06-08,91.57,91.91,90.82,91.32,1380
2010-06-09,91.34,91.66,91.04,91.33,1354
2010-06-10,91.34,91.54,90.84,91.46,1345
2010-06-11,91.45,91.77,91.24,91.64,1187
2010-06-13,91.82,91.83,91.59,91.64,136
2010-06-14,91.65,92.1,91.41,91.62,1300
2010-06-15,91.63,91.68,91.07,91.51,1284
2010-06-16,91.5,91.81,91.08,91.31,1256
2010-06-17,91.3,91.41,90.5,90.87,1300
2010-06-18,90.86,90.94,90.43,90.7,1104
2010-06-20,90.28,90.57,90.25,90.54,170
2010-06-21,90.55,91.47,90.33,91.01,1293
2010-06-22,91.0,91.09,90.32,90.37,1268
2010-06-23,90.38,90.56,89.73,89.95,1246
2010-06-24,89.94,89.96,89.22,89.56,1278
2010-06-25,89.57,89.77,89.21,89.23,1158
2010-06-27,89.27,89.41,89.27,89.29,121
2010-06-28,89.28,89.46,89.06,89.38,1156
2010-06-29,89.39,89.41,88.28,88.59,1306
2010-06-30,88.6,88.76,88.36,88.52,1307
2010-07-01,88.51,88.52,86.96,87.75,1385
2010-07-02,87.74,88.2,87.31,87.74,1174
2010-07-04,87.71,87.82,87.64,87.74,106
2010-07-05,87.75,87.99,87.44,87.5,1004
2010-07-06,87.51,87.97,87.34,87.65,1295
2010-07-07,87.64,87.83,87.01,87.82,1290
2010-07-08,87.83,88.63,87.79,88.51,1309
2010-07-09,88.5,88.69,88.36,88.61,1110
2010-07-11,88.72,88.83,88.57,88.83,121
2010-07-12,88.82,89.14,88.38,88.74,1237
2010-07-13,88.73,88.85,88.02,88.81,1379
2010-07-14,88.8,89.1,88.06,88.3,1309
2010-07-15,88.3,88.4,87.22,87.42,1379
2010-07-16,87.42,87.49,86.25,86.57,1212
2010-07-18,86.51,86.66,86.47,86.53,123
2010-07-19,86.52,87.21,86.52,86.75,1308
2010-07-20,86.76,87.56,86.73,87.4,1357
2010-07-21,87.39,87.43,86.78,86.84,1338
2010-07-22,86.84,87.22,86.33,87.2,1343
2010-07-23,87.2,87.49,86.72,87.39,1218
2010-07-25,87.48,87.66,87.41,87.66,143
2010-07-26,87.65,87.71,86.81,86.89,1311
2010-07-27,86.9,87.96,86.82,87.76,1280
2010-07-28,87.76,88.11,87.24,87.42,1345
2010-07-29,87.41,87.44,86.56,86.74,1308
2010-07-30,86.75,86.8,85.93,86.46,1192
2010-08-01,86.34,86.52,86.32,86.51,105
2010-08-02,86.51,86.87,86.31,86.52,1273
2010-08-03,86.52,86.59,85.66,85.86,1313
2010-08-04,85.87,86.39,85.31,86.33,1325
2010-08-05,86.34,86.44,85.7,85.8,1300
2010-08-06,85.8,86.17,85.01,85.49,1153
2010-08-08,85.4,85.45,85.29,85.34,112
2010-08-09,85.35,86.04,85.33,85.92,1229
2010-08-10,85.93,86.22,85.16,85.3,1296
2010-08-11,85.31,85.46,84.72,85.12,1378
2010-08-12,85.12,86.17,84.92,86.15,1330
2010-08-13,86.16,86.36,85.56,86.17,1161
2010-08-15,86.16,86.23,85.91,85.96,132
2010-08-16,85.97,85.97,85.1,85.17,1260
2010-08-17,85.18,85.67,85.17,85.6,1308
2010-08-18,85.59,85.6,85.18,85.46,1308
2010-08-19,85.46,85.91,84.88,85.19,1320
2010-08-20,85.2,85.81,85.19,85.56,1162
2010-08-22,85.57,85.7,85.49,85.55,131
2010-08-23,85.54,85.63,85.05,85.07,1270
2010-08-24,85.08,85.15,83.58,84.17,1361
2010-08-25,84.17,84.82,84.04,84.77,1360
2010-08-26,84.78,84.87,84.26,84.31,1330
2010-08-27,84.31,85.44,84.27,85.22,1206
2010-08-29,85.31,85.73,85.31,85.58,144
2010-08-30,85.59,85.89,84.48,84.59,1335
2010-08-31,84.6,84.65,83.82,84.12,1312
2010-09-01,84.11,84.65,83.66,84.5,1341
2010-09-02,84.5,84.54,83.99,84.36,1289
2010-09-03,84.35,85.22,84.16,84.29,1129
2010-09-05,84.14,84.47,84.13,84.45,112
2010-09-06,84.46,84.48,84.03,84.16,1080
2010-09-07,84.15,84.25,83.5,83.74,1311
2010-09-08,83.73,84.03,83.33,83.98,1326
2010-09-09,83.99,84.02,83.48,83.9,1335
2010-09-10,83.91,84.37,83.74,84.14,1188
2010-09-12,84.22,84.35,84.16,84.23,131
2010-09-13,84.23,84.27,83.49,83.59,1329
2010-09-14,83.6,83.7,82.91,83.07,1328
2010-09-15,83.07,85.76,82.86,85.6,1396
2010-09-16,85.59,85.92,85.21,85.8,1336
2010-09-17,85.8,85.92,85.58,85.85,1178
2010-09-19,85.74,85.77,85.67,85.74,85
2010-09-20,85.73,85.79,85.5,85.71,1121
2010-09-21,85.71,85.71,84.96,84.98,1304
2010-09-22,84.98,85.0,84.26,84.58,1319
2010-09-23,84.59,84.66,84.25,84.55,1234
2010-09-24,84.55,85.38,84.1,84.2,1170
2010-09-26,84.23,84.38,84.2,84.32,132
2010-09-27,84.31,84.36,84.1,84.25,1304
2010-09-28,84.26,84.33,83.68,83.93,1288
2010-09-29,83.92,84.07,83.49,83.76,1301
2010-09-30,83.75,83.79,83.15,83.5,1311
2010-10-01,83.5,83.54,83.15,83.21,1166
2010-10-03,83.24,83.39,83.21,83.33,114
2010-10-04,83.34,83.86,83.17,83.57,1234
2010-10-05,83.56,83.97,82.95,83.15,1211
2010-10-06,83.14,83.23,82.75,82.97,1168
2010-10-07,82.96,83.02,82.1,82.35,1192
2010-10-08,82.36,82.55,81.71,81.91,1066
2010-10-10,81.94,81.96,81.37,81.81,130
2010-10-11,81.82,82.35,81.82,82.3,1011
2010-10-12,82.29,82.3,81.65,81.79,1205
2010-10-13,81.8,82.0,81.69,81.71,1106
2010-10-14,81.7,81.71,80.88,81.57,1223
2010-10-15,81.58,81.61,80.86,81.44,1019
2010-10-17,81.37,81.48,81.25,81.32,107
2010-10-18,81.33,81.4,81.12,81.17,1140
2010-10-19,81.18,81.91,81.14,81.45,1243
2010-10-20,81.44,81.46,80.83,81.1,1148
2010-10-21,81.09,81.82,80.91,81.26,1242
2010-10-22,81.27,81.49,80.98,81.36,1021
2010-10-24,81.27,81.44,81.27,81.3,115
2010-10-25,81.31,81.31,80.4,80.8,1188
2010-10-26,80.79,81.64,80.6,81.4,1213
2010-10-27,81.41,81.97,81.36,81.57,1274
2010-10-28,81.58,81.69,80.86,80.92,1178
2010-10-29,80.93,81.06,80.37,80.38,1055
2010-10-31,80.29,80.4,80.23,80.39,125
2010-11-01,80.4,81.42,80.32,80.57,1135
2010-11-02,80.56,80.95,80.46,80.66,1127
2010-11-03,80.65,81.57,80.59,81.06,1128
2010-11-04,81.05,81.21,80.57,80.77,1242
2010-11-05,80.76,81.46,80.6,81.26,1149
2010-11-07,81.23,81.29,81.14,81.15,93
2010-11-08,81.16,81.43,80.99,81.09,1145
2010-11-09,81.1,81.95,80.52,81.57,1311
2010-11-10,81.58,82.78,81.55,82.21,1341
2010-11-11,82.2,82.59,82.03,82.41,1231
2010-11-12,82.42,82.65,81.64,82.51,1217
2010-11-14,82.46,82.51,82.42,82.48,96
2010-11-15,82.47,83.25,82.38,83.15,1316
2010-11-16,83.16,83.58,82.84,83.37,1311
2010-11-17,83.38,83.54,83.02,83.12,1209
2010-11-18,83.13,83.77,83.09,83.53,1214
2010-11-19,83.54,83.63,83.13,83.54,1102
2010-11-21,83.51,83.52,83.36,83.47,97
2010-11-22,83.48,83.54,83.22,83.3,1177
2010-11-23,83.31,83.83,82.78,83.26,1194
2010-11-24,83.27,83.65,82.93,83.52,1235
2010-11-25,83.51,83.69,83.39,83.64,1035
2010-11-26,83.63,84.18,83.63,84.1,1080
2010-11-28,84.05,84.17,83.89,84.17,103
2010-11-29,84.18,84.39,83.81,84.26,1171
2010-11-30,84.25,84.26,83.41,83.67,1252
2010-12-01,83.68,84.38,83.37,84.12,1241
2010-12-02,84.11,84.35,83.47,83.74,1180
2010-12-03,83.75,83.83,82.51,82.52,1090
2010-12-05,82.65,82.79,82.65,82.78,86
2010-12-06,82.77,82.98,82.56,82.67,1159
2010-12-07,82.68,83.65,82.33,83.48,1236
2010-12-08,83.47,84.29,83.47,84.1,1298
2010-12-09,84.09,84.1,83.5,83.82,1273
2010-12-10,83.83,84.01,83.44,83.94,1098
2010-12-12,83.98,84.01,83.95,83.97,82
2010-12-13,83.98,84.34,83.1,83.44,1210
2010-12-14,83.43,83.82,82.83,83.8,1208
2010-12-15,83.81,84.5,83.64,84.26,1275
2010-12-16,84.27,84.44,83.88,84.04,1218
2010-12-17,84.03,84.2,83.68,83.98,1116
2010-12-19,83.94,84.08,83.94,84.01,71
2010-12-20,84.02,84.11,83.62,83.77,1149
2010-12-21,83.78,83.89,83.49,83.8,1150
2010-12-22,83.79,83.84,83.4,83.55,1086
2010-12-23,83.54,83.56,82.85,83.02,1087
2010-12-24,83.01,83.16,82.85,82.85,773
2010-12-26,82.77,82.95,82.77,82.94,70
2010-12-27,82.93,82.96,82.64,82.74,1000
2010-12-28,82.73,82.76,81.8,82.35,1184
2010-12-29,82.34,82.36,81.6,81.62,1093
2010-12-30,81.61,81.84,81.28,81.49,1134
2010-12-31,81.5,81.53,80.93,81.18,853
2011-01-02,81.22,81.24,80.92,81.12,89
2011-01-03,81.13,81.75,81.12,81.66,965
2011-01-04,81.67,82.27,81.6,82.04,1229
2011-01-05,82.05,83.37,81.87,83.18,1239
2011-01-06,83.17,83.38,82.87,83.3,1257
2011-01-07,83.29,83.67,82.84,83.16,1107
2011-01-09,83.22,83.25,83.04,83.04,94
2011-01-10,83.03,83.27,82.66,82.71,1064
2011-01-11,82.72,83.48,82.71,83.35,1198
2011-01-12,83.34,83.45,82.8,83.07,1233
2011-01-13,83.08,83.14,82.54,82.76,1215
2011-01-14,82.77,83.05,82.4,82.86,1182
2011-01-16,82.79,82.94,82.79,82.88,62
2011-01-17,82.89,83.0,82.34,82.66,1060
2011-01-18,82.67,82.82,82.32,82.61,1211
2011-01-19,82.62,82.68,81.84,82.15,1267
2011-01-20,82.14,83.11,82.04,82.94,1231
2011-01-21,82.93,83.08,82.52,82.56,1141
2011-01-23,82.54,82.68,82.53,82.59,90
2011-01-24,82.58,82.91,82.29,82.53,1159
2011-01-25,82.54,82.65,81.97,82.26,1266
2011-01-26,82.25,82.6,81.97,82.16,1223
2011-01-27,82.15,83.2,82.01,82.88,1207
2011-01-28,82.89,82.89,81.98,82.12,1150
2011-01-30,82.0,82.16,81.98,82.09,94
2011-01-31,82.1,82.25,81.9,82.09,1203
2011-02-01,82.1,82.14,81.3,81.39,1237
2011-02-02,81.4,81.85,81.35,81.49,1189
2011-02-03,81.5,82.05,81.39,81.65,1131
2011-02-04,81.64,82.46,81.11,82.17,1064
2011-02-06,82.17,82.27,82.16,82.22,80
2011-02-07,82.23,82.46,82.15,82.29,1132
2011-02-08,82.28,82.41,81.76,82.29,1174
2011-02-09,82.3,82.66,82.19,82.41,1226
2011-02-10,82.4,83.38,82.37,83.34,1201
2011-02-11,83.33,83.66,83.23,83.43,1072
2011-02-13,83.48,83.52,83.4,83.43,101
2011-02-14,83.44,83.48,83.08,83.4,1165
2011-02-15,83.41,83.9,83.19,83.7,1201
2011-02-16,83.71,83.96,83.48,83.6,1215
2011-02-17,83.59,83.74,83.15,83.28,1106
2011-02-18,83.29,83.52,83.02,83.17,1063
2011-02-20,83.08,83.16,83.01,83.1,88
2011-02-21,83.09,83.53,83.05,83.07,991
2011-02-22,83.06,83.42,82.57,82.76,1298
2011-02-23,82.77,82.88,82.31,82.43,1228
2011-02-24,82.44,82.45,81.61,82.05,1291
2011-02-25,82.04,82.04,81.63,81.67,1059
2011-02-27,81.68,81.75,81.62,81.62,81
2011-02-28,81.61,81.97,81.61,81.87,1181
2011-03-01,81.86,82.23,81.78,81.9,1197
2011-03-02,81.89,82.11,81.56,81.83,1110
2011-03-03,81.82,82.51,81.71,82.36,1099
2011-03-04,82.35,83.05,82.21,82.3,995
2011-03-06,82.32,82.35,82.2,82.34,83
2011-03-07,82.35,82.38,81.94,82.28,1088
2011-03-08,82.29,82.84,82.2,82.81,1058
2011-03-09,82.82,82.92,82.57,82.82,1129
2011-03-10,82.83,83.16,82.69,82.91,1200
2011-03-11,82.9,83.29,81.64,81.87,1082
2011-03-13,81.65,81.9,80.6,81.29,169
2011-03-14,81.3,82.45,81.28,81.82,1267
2011-03-15,81.81,82.04,80.6,81.06,1355
2011-03-16,81.05,81.16,76.49,79.13,1361
2011-03-17,79.12,79.73,78.25,79.52,1403
2011-03-18,79.51,81.98,79.16,80.59,1229
2011-03-20,80.88,81.01,80.72,81.01,157
2011-03-21,81.02,81.31,80.8,81.22,1162
2011-03-22,81.21,81.21,80.84,81.04,1133
2011-03-23,81.03,81.06,80.69,80.87,1173
2011-03-24,80.86,81.04,80.75,81.01,1106
2011-03-25,81.02,81.48,80.86,81.35,959
2011-03-27,81.4,81.6,81.3,81.57,132
2011-03-28,81.56,81.84,81.51,81.71,1054
2011-03-29,81.7,82.52,81.53,82.49,1097
2011-03-30,82.5,83.2,82.41,83.13,1259
2011-03-31,83.14,83.43,82.55,83.41,1256
2011-04-01,83.4,84.72,83.34,84.05,1101
2011-04-03,84.18,84.37,84.1,84.16,140
2011-04-04,84.15,84.47,83.85,84.34,1124
2011-04-05,84.35,85.23,84.15,84.97,1206
2011-04-06,84.98,85.51,84.83,85.43,1239
2011-04-07,85.44,85.47,84.58,84.88,1282
2011-04-08,84.89,85.38,84.67,84.76,1131
2011-04-10,84.86,85.15,84.8,85.12,133
2011-04-11,85.11,85.12,84.35,84.44,1213
2011-04-12,84.43,84.56,83.45,83.74,1350
2011-04-13,83.75,84.25,83.56,83.73,1285
2011-04-14,83.72,83.82,82.94,83.66,1312
2011-04-15,83.67,83.75,82.95,83.13,1094
2011-04-17,83.22,83.25,83.0,83.08,122
2011-04-18,83.09,83.19,82.17,82.47,1284
2011-04-19,82.48,82.87,82.35,82.76,1230
2011-04-20,82.77,83.09,82.24,82.49,1275
2011-04-21,82.48,82.48,81.61,81.86,1191
2011-04-22,81.87,82.1,81.66,81.88,813
2011-04-24,81.82,82.05,81.79,82.03,111
2011-04-25,82.04,82.42,81.62,81.66,1116
2011-04-26,81.65,81.96,81.25,81.37,1248
2011-04-27,81.35,82.78,81.34,82.24,1251
2011-04-28,82.23,82.23,81.39,81.6,1213
2011-04-29,81.59,81.61,81.03,81.18,937
2011-05-01,81.11,81.34,81.08,81.22,129
2011-05-02,81.21,81.68,80.99,81.22,1203
2011-05-03,81.23,81.23,80.69,81.03,1125
2011-05-04,81.02,81.18,80.42,80.6,1157
2011-05-05,80.59,80.64,79.56,80.31,1276
2011-05-06,80.32,80.93,80.2,80.62,1196
2011-05-08,80.62,80.83,80.61,80.78,151
2011-05-09,80.77,80.82,80.15,80.16,1259
2011-05-10,80.17,81.08,80.16,80.96,1253
2011-05-11,80.95,81.31,80.61,81.03,1280
2011-05-12,81.02,81.33,80.7,80.99,1207
2011-05-13,81.0,81.08,80.33,80.8,1116
2011-05-15,80.87,80.95,80.62,80.71,122
2011-05-16,80.72,81.06,80.66,80.85,1186
2011-05-17,80.84,81.76,80.82,81.49,1281
2011-05-18,81.48,81.8,80.93,81.72,1241
2011-05-19,81.73,82.22,81.46,81.72,1256
2011-05-20,81.71,81.85,81.47,81.69,1059
2011-05-22,81.79,81.8,81.57,81.65,125
2011-05-23,81.64,82.08,81.31,81.97,1264
2011-05-24,81.98,82.2,81.6,82.05,1212
2011-05-25,82.06,82.16,81.78,82.02,1216
2011-05-26,82.01,82.02,81.08,81.12,1265
2011-05-27,81.13,81.28,80.7,80.78,1094
2011-05-29,80.73,80.93,80.71,80.86,121
2011-05-30,80.87,81.01,80.75,80.86,1008
2011-05-31,80.85,81.76,80.7,81.34,1132
2011-06-01,81.35,81.49,80.66,80.93,1235
2011-06-02,80.94,81.31,80.56,80.87,1228
2011-06-03,80.88,80.88,80.04,80.26,1070
2011-06-05,80.23,80.32,80.17,80.22,112
2011-06-06,80.21,80.38,79.97,80.1,1125
2011-06-07,80.11,80.32,79.97,80.17,1155
2011-06-08,80.18,80.2,79.69,79.86,1252
2011-06-09,79.85,80.46,79.83,80.35,1256
2011-06-10,80.34,80.39,79.96,80.32,1091
2011-06-12,80.31,80.41,80.25,80.35,117
2011-06-13,80.34,80.68,80.08,80.19,1172
2011-06-14,80.18,80.63,80.1,80.49,1194
2011-06-15,80.48,81.05,80.37,80.84,1245
2011-06-16,80.83,81.02,80.47,80.57,1254
2011-06-17,80.58,80.66,80.0,80.03,1087
2011-06-19,80.13,80.17,80.05,80.15,126
2011-06-20,80.14,80.35,80.01,80.19,1101
2011-06-21,80.18,80.32,80.04,80.24,1021
2011-06-22,80.23,80.41,80.0,80.36,1027
2011-06-23,80.37,80.79,80.33,80.48,1160
2011-06-24,80.47,80.59,80.12,80.41,1012
2011-06-26,80.31,80.49,80.31,80.45,116
2011-06-27,80.46,80.97,80.45,80.75,1115
2011-06-28,80.76,81.26,80.65,81.04,1114
2011-06-29,81.05,81.17,80.55,80.74,1102
2011-06-30,80.73,80.85,80.25,80.69,1202
2011-07-01,80.68,81.13,80.54,80.82,970
2011-07-03,80.81,80.9,80.75,80.82,107
2011-07-04,80.81,80.86,80.53,80.78,990
2011-07-05,80.77,81.18,80.77,81.07,1105
2011-07-06,81.06,81.09,80.76,80.87,1065
2011-07-07,80.86,81.4,80.78,81.26,1029
2011-07-08,81.25,81.47,80.49,80.58,905
2011-07-10,80.55,80.67,80.5,80.66,106
2011-07-11,80.65,80.82,80.1,80.33,1060
2011-07-12,80.34,80.35,78.49,79.45,1270
2011-07-13,79.46,79.56,78.64,78.85,1259
2011-07-14,78.84,79.6,78.46,78.99,1225
2011-07-15,79.0,79.27,78.98,79.12,963
2011-07-17,79.1,79.14,79.0,79.06,115
2011-07-18,79.07,79.17,78.94,79.03,973
2011-07-19,79.04,79.27,78.81,79.17,1089
2011-07-20,79.16,79.31,78.7,78.81,1106
2011-07-21,78.8,79.02,78.21,78.54,1198
2011-07-22,78.53,78.72,78.27,78.53,955
2011-07-24,78.32,78.46,78.13,78.37,151
2011-07-25,78.38,78.55,78.04,78.3,1081
2011-07-26,78.29,78.63,77.82,77.98,1085
2011-07-27,77.99,78.16,77.56,77.93,1103
2011-07-28,77.92,78.01,77.62,77.82,1143
2011-07-29,77.83,77.85,76.72,76.78,1065
2011-07-31,77.15,77.64,77.13,77.34,165
2011-08-01,77.33,78.04,76.29,77.56,1314
2011-08-02,77.57,77.81,76.95,77.28,1303
2011-08-03,77.27,77.37,76.77,77.12,1299
2011-08-04,77.11,80.23,76.99,79.08,1408
2011-08-05,79.09,79.4,78.31,78.39,1194
2011-08-07,78.0,78.46,77.92,78.22,173
2011-08-08,78.24,78.33,77.49,77.66,1349
2011-08-09,77.65,77.84,76.69,77.13,1406
2011-08-10,77.12,77.14,76.34,76.82,1346
2011-08-11,76.81,77.22,76.3,76.93,1305
2011-08-12,76.92,77.01,76.5,76.7,1069
2011-08-14,76.84,76.93,76.78,76.87,122
2011-08-15,76.86,77.09,76.58,76.8,1109
2011-08-16,76.81,76.92,76.64,76.73,1051
2011-08-17,76.72,76.78,76.4,76.61,1029
2011-08-18,76.6,76.7,76.44,76.62,1108
2011-08-19,76.63,76.96,75.94,76.53,1083
2011-08-21,76.75,76.87,76.71,76.84,132
2011-08-22,76.85,77.2,76.55,76.91,1051
2011-08-23,76.9,76.91,76.46,76.64,1108
2011-08-24,76.65,77.07,76.46,77.01,1094
2011-08-25,77.02,77.69,76.83,77.4,1100
2011-08-26,77.39,77.45,76.49,76.66,1006
2011-08-28,76.74,76.8,76.61,76.74,118
2011-08-29,76.75,77.01,76.57,76.94,996
2011-08-30,76.93,76.94,76.61,76.71,1032
2011-08-31,76.7,76.83,76.42,76.75,1043
2011-09-01,76.74,77.23,76.7,76.88,1113
2011-09-02,76.9,76.96,76.55,76.79,938
2011-09-04,76.9,76.95,76.81,76.83,122
2011-09-05,76.84,76.97,76.68,76.92,887
2011-09-06,76.91,77.72,76.71,77.52,1134
2011-09-07,77.53,77.54,77.06,77.34,1129
2011-09-08,77.35,77.59,77.13,77.56,1154
2011-09-09,77.57,77.85,77.08,77.6,1058
2011-09-11,77.46,77.56,77.42,77.46,145
2011-09-12,77.47,77.58,76.74,77.18,1147
2011-09-13,77.17,77.24,76.79,76.94,1073
2011-09-14,76.93,77.06,76.59,76.71,1078
2011-09-15,76.72,77.28,76.55,76.71,1021
2011-09-16,76.7,76.96,76.66,76.78,954
2011-09-18,76.93,76.96,76.86,76.95,101
2011-09-19,76.94,76.97,76.32,76.67,965
2011-09-20,76.68,76.75,76.35,76.39,1052
2011-09-21,76.4,76.72,76.11,76.62,1168
2011-09-22,76.63,76.96,76.1,76.25,1222
2011-09-23,76.24,76.88,76.14,76.6,968
2011-09-25,76.46,76.66,76.43,76.65,131
2011-09-26,76.64,76.75,76.21,76.43,1205
2011-09-27,76.42,76.92,76.26,76.69,1139
2011-09-28,76.7,76.7,76.33,76.53,1170
2011-09-29,76.52,77.02,76.4,76.72,1120
2011-09-30,76.71,77.19,76.49,77.04,1035
2011-10-02,77.09,77.25,77.06,77.19,130
2011-10-03,77.2,77.21,76.5,76.6,1213
2011-10-04,76.61,76.97,76.53,76.82,1098
2011-10-05,76.79,77.06,76.61,76.8,1034
2011-10-06,76.79,76.83,76.55,76.67,1007
2011-10-07,76.66,76.9,76.58,76.73,904
2011-10-09,76.78,76.81,76.72,76.79,92
2011-10-10,76.78,76.84,76.56,76.65,829
2011-10-11,76.66,76.75,76.59,76.69,871
2011-10-12,76.71,77.48,76.3,77.09,1051
2011-10-13,77.1,77.22,76.67,76.89,1034
2011-10-14,76.9,77.44,76.85,77.21,867
2011-10-16,77.08,77.25,77.06,77.21,117
2011-10-17,77.22,77.44,76.59,76.82,1010
2011-10-18,76.83,76.9,76.62,76.77,1035
2011-10-19,76.76,76.85,76.65,76.83,873
2011-10-20,76.82,77.08,76.67,76.87,973
2011-10-21,76.86,76.87,75.81,76.28,866
2011-10-23,76.2,76.47,76.15,76.41,125
2011-10-24,76.4,76.43,75.98,76.19,1007
2011-10-25,76.2,76.29,75.73,76.11,1016
2011-10-26,76.1,76.31,75.71,76.16,1052
2011-10-27,76.15,76.27,75.65,75.96,1138
2011-10-28,75.95,75.99,75.67,75.81,826
2011-10-30,75.63,75.79,75.63,75.76,118
2011-10-31,75.75,79.52,75.56,78.3,1176
2011-11-01,78.31,78.98,78.0,78.3,1177
2011-11-02,78.29,78.31,77.93,78.13,1012
2011-11-03,78.14,78.15,77.88,78.05,853
2011-11-04,78.04,78.26,77.98,78.22,727
2011-11-06,78.18,78.18,78.11,78.15,53
2011-11-07,78.14,78.17,77.97,78.07,854
2011-11-08,78.08,78.08,77.59,77.7,904
2011-11-09,77.71,77.88,77.53,77.76,1012
2011-11-10,77.77,77.86,77.5,77.65,1016
2011-11-11,77.66,77.66,77.04,77.19,860
2011-11-13,77.24,77.26,77.08,77.16,78
2011-11-14,77.15,77.23,76.8,77.08,909
2011-11-15,77.09,77.48,76.9,77.08,1024
2011-11-16,77.07,77.14,76.85,77.06,942
2011-11-17,77.05,77.07,76.91,76.96,919
2011-11-18,76.97,77.02,76.57,76.89,916
2011-11-20,76.87,76.91,76.84,76.84,77
2011-11-21,76.85,76.98,76.75,76.93,899
2011-11-22,76.92,77.32,76.83,76.97,935
2011-11-23,76.98,77.57,76.92,77.27,853
2011-11-24,77.26,77.27,77.0,77.18,895
2011-11-25,77.17,77.78,77.17,77.72,968
2011-11-27,77.56,77.72,77.45,77.67,106
2011-11-28,77.68,78.23,77.57,78.08,974
2011-11-29,78.07,78.28,77.61,77.96,1023
2011-11-30,77.97,78.15,77.28,77.58,1038
2011-12-01,77.59,77.8,77.48,77.76,965
2011-12-02,77.75,78.07,77.72,77.98,834
2011-12-04,78.035,78.101,77.873,78.085,119
2011-12-05,78.083,78.09,77.685,77.797,1396
2011-12-06,77.801,77.847,77.631,77.742,1400
2011-12-07,77.744,77.779,77.615,77.671,1383
2011-12-08,77.67,77.786,77.123,77.675,1399
2011-12-09,77.674,77.773,77.487,77.632,1306
2011-12-11,77.673,77.673,77.532,77.609,110
2011-12-12,77.61,77.99,77.576,77.942,1384
2011-12-13,77.944,78.013,77.633,77.958,1396
2011-12-14,77.96,78.146,77.915,78.115,1400
2011-12-15,78.114,78.118,77.728,77.842,1396
2011-12-16,77.84,77.954,77.608,77.756,1291
2011-12-18,77.782,77.823,77.721,77.812,100
2011-12-19,77.813,78.156,77.792,78.007,1402
2011-12-20,78.009,78.048,77.707,77.848,1406
2011-12-21,77.847,78.101,77.679,78.073,1402
2011-12-22,78.075,78.2,77.993,78.157,1358
2011-12-23,78.159,78.215,77.997,78.078,1215
2011-12-26,77.973,78.02,77.872,77.997,757
2011-12-27,77.995,78.018,77.786,77.87,1346
2011-12-28,77.869,78.029,77.556,77.936,1354
2011-12-29,77.934,77.939,77.58,77.663,1380
2011-12-30,77.661,77.732,76.87,76.901,1294
2012-01-02,76.948,77.002,76.857,76.938,856
2012-01-03,76.937,76.954,76.616,76.726,1392
2012-01-04,76.724,76.824,76.601,76.714,1385
2012-01-05,76.716,77.235,76.65,77.163,1397
2012-01-06,77.162,77.329,76.952,76.958,1277
2012-01-08,76.897,76.951,76.784,76.933,118
2012-01-09,76.929,77.001,76.763,76.867,1341
2012-01-10,76.866,76.896,76.767,76.852,1367
2012-01-11,76.854,77.032,76.827,76.863,1366
2012-01-12,76.864,76.972,76.66,76.783,1394
2012-01-13,76.782,76.996,76.654,76.954,1282
2012-01-15,77.056,77.056,76.874,76.918,118
2012-01-16,76.915,76.927,76.692,76.82,1371
2012-01-17,76.821,76.87,76.546,76.813,1381
2012-01-18,76.81,76.864,76.646,76.782,1395
2012-01-19,76.784,77.309,76.691,77.071,1398
2012-01-20,77.07,77.297,76.906,77.003,1289
2012-01-22,76.951,77.038,76.928,76.966,115
2012-01-23,76.964,77.073,76.857,76.995,1385
2012-01-24,76.994,77.847,76.949,77.677,1381
2012-01-25,77.679,78.274,77.554,77.769,1432
2012-01-26,77.774,77.797,77.285,77.457,1408
2012-01-27,77.458,77.458,76.643,76.684,1301
2012-01-29,76.679,76.765,76.679,76.737,108
2012-01-30,76.735,76.769,76.207,76.366,1404
2012-01-31,76.368,76.41,76.151,76.263,1424
2012-02-01,76.265,76.344,76.017,76.187,1397
2012-02-02,76.191,76.233,76.037,76.177,1361
2012-02-03,76.175,76.729,76.133,76.597,1267
2012-02-05,76.591,76.602,76.528,76.557,116
2012-02-06,76.556,76.794,76.486,76.559,1388
2012-02-07,76.562,76.958,76.509,76.764,1407
2012-02-08,76.763,77.179,76.7,77.061,1406
2012-02-09,77.062,77.72,77.034,77.649,1407
2012-02-10,77.651,77.798,77.511,77.6,1293
2012-02-12,77.555,77.715,77.555,77.701,116
2012-02-13,77.702,77.773,77.355,77.507,1390
2012-02-14,77.506,78.537,77.504,78.402,1424
2012-02-15,78.404,78.654,78.173,78.487,1424
2012-02-16,78.485,78.956,78.355,78.824,1412
2012-02-17,78.825,79.605,78.822,79.541,1312
2012-02-19,79.598,79.88,79.573,79.776,120
2012-02-20,79.777,79.78,79.354,79.607,1405
2012-02-21,79.606,79.855,79.546,79.842,1414
2012-02-22,79.839,80.395,79.767,80.26,1424
2012-02-23,80.261,80.333,79.846,79.934,1420
2012-02-24,79.935,81.206,79.932,81.18,1313
2012-02-26,81.242,81.664,81.24,81.472,120
2012-02-27,81.474,81.482,80.122,80.459,1432
2012-02-28,80.46,80.777,80.007,80.469,1431
2012-02-29,80.471,81.385,80.244,81.276,1435
2012-03-01,81.275,81.311,80.83,81.08,1422
2012-03-02,81.082,81.863,81.081,81.794,1315
2012-03-04,81.761,81.858,81.541,81.61,114
2012-03-05,81.609,81.777,81.146,81.526,1426
2012-03-06,81.525,81.563,80.579,80.629,1436
2012-03-07,80.63,81.353,80.578,81.348,1427
2012-03-08,81.346,81.722,81.173,81.589,1427
2012-03-09,81.588,82.637,81.458,82.45,1317
2012-03-11,82.497,82.529,82.342,82.347,164
2012-03-12,82.344,82.427,82.104,82.366,1415
2012-03-13,82.363,83.074,81.958,82.949,1428
2012-03-14,82.95,83.897,82.945,83.825,1424
2012-03-15,83.824,84.17,83.187,83.491,1429
2012-03-16,83.489,83.933,83.176,83.426,1252
2012-03-18,83.386,83.56,83.357,83.453,169
2012-03-19,83.451,83.559,83.012,83.371,1398
2012-03-20,83.373,83.825,83.309,83.664,1395
2012-03-21,83.662,84.086,83.127,83.191,1427
2012-03-22,83.19,83.456,82.317,82.517,1435
2012-03-23,82.513,82.941,81.966,82.346,1258
2012-03-25,82.4,82.622,82.366,82.593,175
2012-03-26,82.578,83.028,82.551,83.01,1430
2012-03-27,83.011,83.377,82.633,83.062,1432
2012-03-28,83.063,83.171,82.601,82.832,1433
2012-03-29,82.833,82.866,81.915,82.285,1431
2012-03-30,82.284,82.876,81.823,82.845,1257
2012-04-01,83.019,83.051,82.75,82.877,177
2012-04-02,82.875,83.295,81.547,81.623,1433
2012-04-03,81.624,82.986,81.624,82.843,1431
2012-04-04,82.847,82.926,82.087,82.43,1423
2012-04-05,82.426,82.445,81.819,82.205,1421
2012-04-06,82.206,82.547,81.312,81.633,1213
2012-04-08,81.502,81.575,81.191,81.286,162
2012-04-09,81.287,81.663,81.22,81.633,1420
2012-04-10,81.632,81.856,80.613,80.674,1435
2012-04-11,80.673,81.114,80.564,80.993,1421
2012-04-12,80.989,81.123,80.728,80.933,1424
2012-04-13,80.934,81.186,80.818,80.92,1246
2012-04-15,80.841,80.945,80.841,80.912,171
2012-04-16,80.911,80.991,80.29,80.398,1430
2012-04-17,80.399,81.099,80.362,81.054,1424
2012-04-18,81.055,81.555,80.996,81.305,1427
2012-04-19,81.306,81.726,81.257,81.617,1430
2012-04-20,81.618,81.771,81.472,81.515,1245
2012-04-22,81.505,81.655,81.49,81.59,164
2012-04-23,81.589,81.59,80.964,81.082,1407
2012-04-24,81.083,81.428,80.848,81.392,1417
2012-04-25,81.391,81.685,81.064,81.312,1421
2012-04-26,81.313,81.416,80.659,81.061,1430
2012-04-27,81.058,81.434,80.22,80.262,1251
2012-04-29,80.263,80.38,80.25,80.353,166
2012-04-30,80.354,80.363,79.728,79.926,1402
2012-05-01,79.928,80.294,79.634,80.215,1414
2012-05-02,80.217,80.604,80.045,80.127,1405
2012-05-03,80.128,80.545,80.103,80.218,1371
2012-05-04,80.217,80.384,79.793,79.839,1217
2012-05-06,79.84,79.887,79.635,79.816,177
2012-05-07,79.817,79.989,79.717,79.923,1403
2012-05-08,79.922,80.07,79.703,79.873,1418
2012-05-09,79.869,79.932,79.422,79.707,1428
2012-05-10,79.704,80.011,79.596,79.874,1431
2012-05-11,79.871,79.984,79.719,79.933,1247
2012-05-13,79.978,80.045,79.883,80.022,172
2012-05-14,80.021,80.176,79.674,79.86,1423
2012-05-15,79.862,80.329,79.803,80.302,1432
2012-05-16,80.304,80.544,80.188,80.355,1430
2012-05-17,80.358,80.367,79.126,79.407,1436
2012-05-18,79.408,79.456,78.991,79.007,1257
2012-05-20,79.116,79.244,79.098,79.173,175
2012-05-21,79.172,79.44,79.113,79.406,1427
2012-05-22,79.407,80.14,79.294,80.001,1433
2012-05-23,80.002,80.054,79.205,79.442,1431
2012-05-24,79.441,79.678,79.335,79.66,1430
2012-05-25,79.656,79.813,79.491,79.674,1256
2012-05-27,79.704,79.72,79.539,79.6,175
2012-05-28,79.604,79.623,79.327,79.569,1391
2012-05-29,79.57,79.631,79.365,79.519,1432
2012-05-30,79.512,79.554,78.858,78.968,1437
2012-05-31,78.969,78.985,78.204,78.541,1436
2012-06-01,78.543,78.712,77.654,78.004,1260
2012-06-03,78.076,78.222,78.053,78.063,173
2012-06-04,78.064,78.437,77.978,78.347,1433
2012-06-05,78.346,78.959,78.097,78.734,1429
2012-06-06,78.733,79.382,78.603,79.286,1435
2012-06-07,79.283,79.784,79.197,79.697,1433
2012-06-08,79.699,79.722,79.103,79.467,1260
2012-06-10,79.612,79.697,79.385,79.551,178
2012-06-11,79.552,79.715,79.223,79.305,1435
2012-06-12,79.304,79.683,79.158,79.522,1437
2012-06-13,79.521,79.736,79.29,79.371,1435
2012-06-14,79.373,79.469,79.151,79.421,1437
2012-06-15,79.42,79.501,78.602,78.699,1260
2012-06-17,78.799,79.167,78.798,79.063,179
2012-06-18,79.064,79.297,78.851,79.015,1411
2012-06-19,79.016,79.117,78.837,79.053,1421
2012-06-20,79.054,79.692,78.785,79.429,1414
2012-06-21,79.428,80.326,79.38,80.043,1433
2012-06-22,80.044,80.559,80.042,80.415,1242
2012-06-24,80.422,80.613,80.416,80.566,148
2012-06-25,80.565,80.565,79.431,79.65,1418
2012-06-26,79.649,79.778,79.224,79.456,1414
2012-06-27,79.458,79.858,79.347,79.666,1418
2012-06-28,79.668,79.682,79.214,79.297,1423
2012-06-29,79.298,79.982,79.126,79.785,1258
2012-07-01,79.851,79.971,79.807,79.834,172
2012-07-02,79.835,79.852,79.304,79.446,1408
2012-07-03,79.448,79.922,79.431,79.845,1389
2012-07-04,79.846,79.958,79.584,79.941,1385
2012-07-05,79.937,80.088,79.552,79.861,1424
2012-07-06,79.859,80.013,79.487,79.649,1249
2012-07-08,79.61,79.721,79.417,79.491,173
2012-07-09,79.49,79.764,79.469,79.559,1409
2012-07-10,79.558,79.568,79.204,79.349,1409
2012-07-11,79.348,79.779,79.126,79.599,1413
2012-07-12,79.597,79.941,79.169,79.316,1407
2012-07-13,79.315,79.385,79.064,79.166,1247
2012-07-15,79.264,79.28,79.113,79.173,161
2012-07-16,79.175,79.195,78.679,78.829,1379
2012-07-17,78.831,79.163,78.81,79.073,1405
2012-07-18,79.072,79.116,78.746,78.791,1409
2012-07-19,78.79,78.791,78.428,78.737,1413
2012-07-20,78.736,78.794,78.444,78.482,1243
2012-07-22,78.447,78.526,78.373,78.462,172
2012-07-23,78.463,78.463,77.936,78.285,1408
2012-07-24,78.283,78.336,78.073,78.113,1411
2012-07-25,78.114,78.269,78.062,78.102,1413
2012-07-26,78.1,78.345,78.007,78.313,1407
2012-07-27,78.312,78.67,78.067,78.461,1252
2012-07-29,78.437,78.533,78.42,78.494,165
2012-07-30,78.496,78.525,78.104,78.121,1392
2012-07-31,78.122,78.296,78.033,78.122,1418
2012-08-01,78.121,78.495,77.904,78.375,1413
2012-08-02,78.378,78.531,78.108,78.219,1399
2012-08-03,78.217,78.765,78.062,78.442,1240
2012-08-05,78.594,78.634,78.487,78.605,168
2012-08-06,78.603,78.609,78.135,78.204,1399
2012-08-07,78.205,78.728,78.151,78.601,1414
2012-08-08,78.602,78.627,78.227,78.406,1408
2012-08-09,78.407,78.783,78.284,78.583,1413
2012-08-10,78.581,78.635,78.154,78.27,1232
2012-08-12,78.21,78.291,78.21,78.247,151
2012-08-13,78.246,78.368,78.156,78.333,1374
2012-08-14,78.318,78.926,78.314,78.822,1404
2012-08-15,78.826,79.042,78.581,78.999,1395
2012-08-16,78.997,79.397,78.987,79.258,1421
2012-08-17,79.261,79.567,79.223,79.554,1239
2012-08-19,79.552,79.566,79.425,79.518,158
2012-08-20,79.52,79.65,79.312,79.338,1392
2012-08-21,79.337,79.518,79.206,79.244,1402
2012-08-22,79.242,79.366,78.278,78.539,1406
2012-08-23,78.535,78.687,78.353,78.582,1407
2012-08-24,78.58,78.715,78.448,78.667,1219
2012-08-26,78.696,78.773,78.624,78.741,161
2012-08-27,78.744,78.834,78.645,78.752,1340
2012-08-28,78.751,78.762,78.449,78.565,1393
2012-08-29,78.562,78.78,78.474,78.721,1381
2012-08-30,78.72,78.724,78.488,78.531,1377
2012-08-31,78.532,78.603,78.181,78.378,1244
2012-09-02,78.339,78.346,78.266,78.297,158
2012-09-03,78.298,78.391,78.186,78.333,1354
2012-09-04,78.332,78.475,78.278,78.47,1409
2012-09-05,78.473,78.528,78.293,78.414,1394
2012-09-06,78.416,79.023,78.372,78.884,1420
2012-09-07,78.882,79.012,78.009,78.211,1257
2012-09-09,78.244,78.28,78.19,78.225,160
2012-09-10,78.228,78.32,78.176,78.229,1397
2012-09-11,78.23,78.24,77.693,77.756,1415
2012-09-12,77.754,77.958,77.733,77.817,1420
2012-09-13,77.815,77.815,77.122,77.643,1421
2012-09-14,77.634,78.387,77.509,78.379,1256
2012-09-16,78.336,78.461,78.306,78.332,176
2012-09-17,78.334,78.92,78.157,78.667,1419
2012-09-18,78.674,78.866,78.48,78.759,1425
2012-09-19,78.76,79.21,78.249,78.387,1433
2012-09-20,78.385,78.452,78.013,78.203,1428
2012-09-21,78.205,78.362,78.103,78.155,1245
2012-09-23,78.155,78.192,78.08,78.118,162
2012-09-24,78.12,78.143,77.797,77.865,1412
2012-09-25,77.866,77.92,77.653,77.734,1425
2012-09-26,77.732,77.9,77.582,77.682,1414
2012-09-27,77.68,77.747,77.554,77.608,1417
2012-09-28,77.61,78.099,77.428,77.943,1257
2012-09-30,77.968,77.991,77.924,77.953,154
2012-10-01,77.957,78.138,77.78,78.042,1402
2012-10-02,78.04,78.243,77.967,78.212,1411
2012-10-03,78.213,78.575,78.106,78.436,1408
2012-10-04,78.435,78.708,78.292,78.508,1416
2012-10-05,78.506,78.862,78.268,78.659,1245
2012-10-07,78.651,78.751,78.632,78.703,170
2012-10-08,78.701,78.702,78.071,78.288,1374
2012-10-09,78.287,78.424,78.143,78.232,1411
2012-10-10,78.231,78.363,78.026,78.071,1418
2012-10-11,78.07,78.578,77.937,78.407,1415
2012-10-12,78.408,78.527,78.278,78.439,1228
2012-10-14,78.438,78.477,78.402,78.466,158
2012-10-15,78.468,78.852,78.32,78.785,1405
2012-10-16,78.784,78.958,78.713,78.85,1411
2012-10-17,78.851,79.127,78.605,79.054,1424
2012-10-18,79.061,79.455,78.985,79.312,1421
2012-10-19,79.313,79.423,79.13,79.3,1237
2012-10-21,79.273,79.285,79.225,79.253,163
2012-10-22,79.258,79.998,79.207,79.979,1410
2012-10-23,79.982,79.983,79.705,79.816,1410
2012-10-24,79.813,79.917,79.683,79.845,1396
2012-10-25,79.848,80.37,79.82,80.215,1412
2012-10-26,80.216,80.267,79.485,79.638,1244
2012-10-28,79.605,79.741,79.593,79.641,174
2012-10-29,79.642,79.835,79.519,79.767,1376
2012-10-30,79.769,80.121,79.27,79.669,1388
2012-10-31,79.668,79.952,79.512,79.854,1382
2012-11-01,79.856,80.216,79.838,80.211,1407
2012-11-02,80.21,80.666,80.186,80.416,1228
2012-11-04,80.426,80.529,80.424,80.502,120
2012-11-05,80.503,80.553,80.126,80.153,1395
2012-11-06,80.156,80.435,79.954,80.278,1405
2012-11-07,80.277,80.396,79.751,79.975,1426
2012-11-08,79.972,79.992,79.313,79.48,1417
2012-11-09,79.481,79.602,79.068,79.476,1310
2012-11-11,79.481,79.487,79.395,79.456,118
2012-11-12,79.455,79.612,79.348,79.6,1362
2012-11-13,79.598,79.632,79.202,79.453,1401
2012-11-14,79.455,80.299,79.386,80.194,1418
2012-11-15,80.19,81.453,80.116,81.118,1429
2012-11-16,81.117,81.431,80.887,81.308,1314
2012-11-18,81.381,81.553,81.315,81.545,118
2012-11-19,81.551,81.58,81.079,81.357,1413
2012-11-20,81.358,81.765,81.129,81.728,1413
2012-11-21,81.727,82.579,81.703,82.566,1421
2012-11-22,82.564,82.827,82.256,82.357,1414
2012-11-23,82.356,82.477,82.055,82.385,1288
2012-11-25,82.341,82.567,82.326,82.552,118
2012-11-26,82.555,82.613,81.85,81.868,1412
2012-11-27,81.869,82.307,81.867,82.08,1409
2012-11-28,82.081,82.204,81.679,82.149,1423
2012-11-29,82.15,82.207,81.904,82.135,1416
2012-11-30,82.133,82.738,82.037,82.471,1311
2012-12-02,82.379,82.495,82.353,82.468,118
2012-12-03,82.466,82.467,81.986,82.14,1408
2012-12-04,82.142,82.182,81.71,81.829,1428
2012-12-05,81.825,82.471,81.786,82.43,1415
2012-12-06,82.431,82.608,82.192,82.44,1399
2012-12-07,82.441,82.82,82.167,82.477,1256
2012-12-09,82.513,82.633,82.499,82.557,120
2012-12-10,82.556,82.583,82.107,82.355,1399
2012-12-11,82.357,82.566,82.296,82.52,1419
2012-12-12,82.522,83.287,82.493,83.215,1423
2012-12-13,83.214,83.668,83.18,83.666,1433
2012-12-14,83.664,83.953,83.31,83.51,1317
2012-12-16,84.302,84.304,83.978,84.144,120
2012-12-17,84.148,84.153,83.605,83.914,1423
2012-12-18,83.915,84.354,83.815,84.351,1429
2012-12-19,84.35,84.607,83.935,84.227,1433
2012-12-20,84.225,84.444,83.851,84.422,1427
2012-12-21,84.423,84.431,83.85,84.219,1315
2012-12-23,84.364,84.456,84.323,84.413,119
2012-12-24,84.415,84.865,84.315,84.842,1213
2012-12-26,85.305,85.72,85.245,85.684,773
2012-12-27,85.685,86.627,85.583,86.488,1433
2012-12-28,86.487,86.544,85.87,85.951,1307
2012-12-30,85.794,85.996,85.657,85.962,115
2012-12-31,85.963,86.78,85.86,86.741,1304
2013-01-01,86.68,86.839,86.578,86.606,118
2013-01-02,86.607,87.346,86.532,87.27,1432
2013-01-03,87.271,87.764,86.759,87.708,1426
2013-01-04,87.706,88.399,87.554,88.143,1318
2013-01-06,88.111,88.366,88.111,88.204,120
2013-01-07,88.203,88.221,87.227,87.259,1431
2013-01-08,87.258,87.798,86.821,86.91,1437
2013-01-09,86.915,88.182,86.895,88.113,1436
2013-01-10,88.112,89.339,87.974,89.295,1439
2013-01-11,89.288,89.438,88.734,89.165,1315
2013-01-13,89.292,89.665,89.234,89.494,118
2013-01-14,89.491,89.635,89.075,89.444,1435
2013-01-15,89.443,89.621,88.28,88.75,1435
2013-01-16,88.751,88.768,87.785,88.665,1440
2013-01-17,88.664,90.124,88.126,89.809,1439
2013-01-18,89.81,90.198,89.627,90.083,1319
2013-01-20,90.081,90.241,90.081,90.174,118
2013-01-21,90.173,90.173,89.33,89.621,1425
2013-01-22,89.618,90.116,88.356,88.513,1439
2013-01-23,88.519,88.77,88.052,88.573,1437
2013-01-24,88.572,90.679,88.408,90.537,1438
2013-01-25,90.536,91.186,90.28,90.888,1320
2013-01-27,91.045,91.245,91.006,91.179,118
2013-01-28,91.178,91.178,90.395,90.435,1432
2013-01-29,90.426,91.008,90.32,90.775,1436
2013-01-30,90.778,91.396,90.748,91.001,1436
2013-01-31,91.0,91.836,90.736,91.704,1438
2013-02-01,91.705,92.954,91.61,92.82,1316
2013-02-03,92.769,92.894,92.739,92.752,117
2013-02-04,92.75,93.172,91.974,92.153,1440
2013-02-05,92.152,93.779,92.116,93.574,1440
2013-02-06,93.575,94.05,93.265,93.424,1440
2013-02-07,93.422,93.907,93.074,93.604,1435
2013-02-08,93.603,93.713,92.164,92.658,1315
2013-02-10,92.731,92.735,92.359,92.54,116
2013-02-11,92.539,94.453,92.446,94.182,1433
2013-02-12,94.18,94.399,92.944,93.31,1439
2013-02-13,93.311,93.771,92.815,93.228,1436
2013-02-14,93.229,93.702,92.666,92.944,1439
2013-02-15,92.937,93.832,92.217,93.532,1320
2013-02-17,93.686,93.944,93.684,93.757,120
2013-02-18,93.756,94.207,93.557,93.603,1425
2013-02-19,93.6,93.912,93.285,93.701,1435
2013-02-20,93.7,94.029,93.128,93.667,1436
2013-02-21,93.66,93.855,92.765,93.141,1437
2013-02-22,93.14,93.504,92.916,93.403,1319
2013-02-24,94.528,94.542,94.124,94.224,120
2013-02-25,94.222,94.297,90.879,92.354,1440
2013-02-26,92.359,92.738,91.118,92.105,1440
2013-02-27,92.103,92.428,91.128,92.315,1439
2013-02-28,92.307,92.841,92.001,92.576,1440
2013-03-01,92.575,93.676,92.433,93.579,1317
2013-03-03,93.634,93.644,93.356,93.537,120
2013-03-04,93.536,93.715,93.163,93.402,1436
2013-03-05,93.405,93.512,92.907,93.281,1433
2013-03-06,93.279,94.106,92.988,93.922,1436
2013-03-07,93.923,95.085,93.785,94.891,1436
2013-03-08,94.89,96.556,94.838,95.985,1318
2013-03-10,95.978,96.248,95.939,96.182,178
2013-03-11,96.183,96.701,95.959,96.629,1439
2013-03-12,96.628,96.679,95.631,95.83,1435
2013-03-13,95.827,96.255,95.438,96.016,1424
2013-03-14,96.013,96.584,95.673,95.937,1439
2013-03-15,95.938,96.267,95.069,95.265,1260
2013-03-17,94.349,94.98,94.077,94.89,180
2013-03-18,94.892,95.59,94.302,95.351,1439
2013-03-19,95.352,95.738,94.715,95.054,1440
2013-03-20,95.052,96.125,94.82,95.931,1437
2013-03-21,95.928,96.026,94.544,94.91,1438
2013-03-22,94.909,95.054,94.187,94.46,1258
2013-03-24,94.401,94.899,94.359,94.837,180
2013-03-25,94.838,94.952,93.524,93.935,1438
2013-03-26,93.934,94.696,93.859,94.624,1438
2013-03-27,94.625,94.901,94.011,94.312,1436
2013-03-28,94.313,94.424,93.868,94.171,1433
2013-03-29,94.17,94.27,93.93,94.2,1229
2013-03-31,94.27,94.366,94.23,94.262,177
2013-04-01,94.264,94.353,93.046,93.177,1433
2013-04-02,93.175,93.551,92.559,93.339,1436
2013-04-03,93.333,93.68,92.706,92.855,1434
2013-04-04,92.854,96.457,92.727,96.414,1439
2013-04-05,96.416,97.823,95.747,97.555,1260
2013-04-07,98.201,98.839,98.067,98.79,180
2013-04-08,98.786,99.654,98.288,99.325,1440
2013-04-09,99.326,99.494,98.583,98.97,1438
2013-04-10,98.969,99.866,98.905,99.677,1438
2013-04-11,99.675,99.938,99.104,99.627,1402
2013-04-12,99.629,99.725,98.081,98.365,1259
2013-04-14,98.205,98.592,98.177,98.436,180
2013-04-15,98.435,98.704,95.795,96.798,1440
2013-04-16,96.793,98.15,96.578,97.61,1439
2013-04-17,97.615,98.424,97.203,98.058,1440
2013-04-18,98.052,98.522,97.623,98.21,1438
2013-04-19,98.201,99.675,98.098,99.509,1260
2013-04-21,99.81,99.878,99.72,99.806,177
2013-04-22,99.807,99.877,98.975,99.188,1439
2013-04-23,99.19,99.703,98.473,99.647,1438
2013-04-24,99.641,99.752,99.181,99.422,1434
2013-04-25,99.421,99.548,98.976,99.331,1438
2013-04-26,99.33,99.372,97.548,98.035,1260
2013-04-28,97.937,97.999,97.672,97.855,180
2013-04-29,97.856,98.192,97.343,97.876,1436
2013-04-30,97.875,98.117,96.998,97.265,1433
2013-05-01,97.261,97.668,97.013,97.131,1438
2013-05-02,97.13,98.385,97.088,97.935,1433
2013-05-03,97.937,99.26,97.928,98.985,1256
2013-05-05,99.175,99.199,99.091,99.11,176
2013-05-06,99.111,99.446,99.05,99.358,1426
2013-05-07,99.356,99.375,98.632,98.782,1437
2013-05-08,98.778,99.142,98.574,98.875,1432
2013-05-09,98.876,100.844,98.639,100.819,1438
2013-05-10,100.823,101.974,100.725,101.604,1258
2013-05-12,101.879,102.145,101.741,101.933,180
2013-05-13,101.932,102.036,101.507,101.671,1436
2013-05-14,101.67,102.425,101.251,102.182,1439
2013-05-15,102.181,102.755,101.843,102.235,1439
2013-05-16,102.231,102.675,101.823,102.13,1435
2013-05-17,102.124,103.299,102.1,103.203,1254
2013-05-19,102.752,102.935,102.025,102.721,179
2013-05-20,102.72,102.895,102.068,102.148,1439
2013-05-21,102.147,102.877,102.144,102.424,1433
2013-05-22,102.425,103.727,102.34,103.175,1439
2013-05-23,103.174,103.563,100.822,102.414,1440
2013-05-24,102.418,102.578,100.655,101.31,1260
2013-05-26,101.043,101.29,100.952,101.094,177
2013-05-27,101.09,101.23,100.737,101.108,1402
2013-05-28,101.109,102.51,101.105,102.51,1436
2013-05-29,102.512,102.516,100.705,100.938,1438
2013-05-30,100.942,101.793,100.459,101.102,1440
2013-05-31,101.104,101.275,100.213,100.49,1260
2013-06-02,100.44,100.632,100.377,100.481,179
2013-06-03,100.483,100.714,98.861,99.728,1438
2013-06-04,99.727,100.408,99.325,100.263,1438
2013-06-05,100.265,100.454,98.853,99.007,1439
2013-06-06,99.006,99.459,95.892,97.353,1440
2013-06-07,97.357,97.777,94.986,97.555,1260
2013-06-09,97.843,98.417,97.737,98.357,179
2013-06-10,98.354,99.275,97.701,98.899,1440
2013-06-11,98.898,98.973,95.583,96.251,1440
2013-06-12,96.248,97.01,95.13,95.478,1440
2013-06-13,95.476,95.802,93.778,95.574,1440
2013-06-14,95.572,95.573,93.976,94.08,1260
2013-06-16,94.17,94.422,94.108,94.325,168
2013-06-17,94.324,95.208,94.228,94.562,1439
2013-06-18,94.564,95.758,94.528,95.579,1440
2013-06-19,95.581,97.021,94.825,96.575,1440
2013-06-20,96.573,98.276,96.195,97.004,1439
2013-06-21,97.007,98.126,96.91,97.887,1260
2013-06-23,97.914,98.501,97.886,98.383,179
2013-06-24,98.385,98.691,97.21,97.615,1440
2013-06-25,97.616,98.227,96.952,98.154,1440
2013-06-26,98.153,98.161,97.23,97.635,1438
2013-06-27,97.634,98.603,97.556,98.494,1438
2013-06-28,98.493,99.441,98.453,99.135,1259
2013-06-30,99.229,99.532,99.185,99.441,178
2013-07-01,99.438,99.858,99.169,99.61,1432
2013-07-02,99.611,100.848,99.501,100.753,1436
2013-07-03,100.752,100.814,99.25,99.804,1437
2013-07-04,99.803,100.325,99.484,100.238,1440
2013-07-05,100.239,101.22,99.88,101.182,1259
2013-07-07,101.256,101.524,101.215,101.483,176
2013-07-08,101.484,101.485,100.762,100.932,1439
2013-07-09,100.93,101.29,100.82,101.173,1437
2013-07-10,101.171,101.183,98.241,99.004,1440
2013-07-11,99.001,99.618,98.262,98.822,1438
2013-07-12,98.825,99.687,98.668,99.205,1260
2013-07-14,99.359,99.382,99.15,99.193,174
2013-07-15,99.192,100.475,99.068,99.946,1435
2013-07-16,99.945,100.021,98.884,99.107,1438
2013-07-17,99.108,99.939,99.032,99.571,1437
2013-07-18,99.573,100.646,99.456,100.554,1438
2013-07-19,100.556,100.857,99.8,100.64,1260
2013-07-21,100.435,100.616,100.17,100.372,176
2013-07-22,100.371,100.371,99.218,99.318,1437
2013-07-23,99.319,100.173,99.136,99.504,1436
2013-07-24,99.505,100.446,99.414,100.393,1437
2013-07-25,100.395,100.412,98.872,99.246,1439
2013-07-26,99.248,99.353,97.952,98.28,1260
2013-07-28,98.064,98.337,97.766,97.955,179
2013-07-29,97.958,98.194,97.626,98.034,1435
2013-07-30,98.039,98.454,97.75,98.004,1435
2013-07-31,98.005,98.541,97.575,97.837,1440
2013-08-01,97.835,99.563,97.647,99.417,1439
2013-08-02,99.421,99.944,98.653,98.945,1259
2013-08-04,98.926,99.045,98.862,98.923,178
2013-08-05,98.921,99.143,98.185,98.239,1435
2013-08-06,98.24,98.576,97.095,97.337,1440
2013-08-07,97.34,97.522,96.314,96.557,1440
2013-08-08,96.559,96.928,95.799,96.754,1439
2013-08-09,96.751,96.961,96.119,96.219,1260
2013-08-11,96.314,96.394,95.915,96.05,177
2013-08-12,96.048,97.298,95.973,97.184,1440
2013-08-13,97.185,98.334,97.133,98.125,1432
2013-08-14,98.124,98.418,97.756,97.773,1433
2013-08-15,97.774,98.642,97.042,97.066,1439
2013-08-16,97.06,97.767,97.048,97.515,1256
2013-08-18,97.62,97.745,97.532,97.666,167
2013-08-19,97.667,98.116,97.35,97.598,1438
2013-08-20,97.596,97.854,96.903,97.313,1437
2013-08-21,97.315,97.975,97.114,97.796,1439
2013-08-22,97.797,98.916,97.747,98.865,1437
2013-08-23,98.867,99.141,98.381,98.71,1258
2013-08-25,98.57,98.812,98.556,98.711,179
2013-08-26,98.717,98.834,98.185,98.269,1429
2013-08-27,98.27,98.38,96.81,96.877,1439
2013-08-28,96.88,97.83,96.869,97.734,1437
2013-08-29,97.736,98.513,97.442,98.306,1438
2013-08-30,98.301,98.469,97.877,98.164,1260
2013-09-01,98.424,98.439,98.268,98.378,179
2013-09-02,98.379,99.664,98.346,99.565,1433
2013-09-03,99.56,99.853,99.161,99.548,1437
2013-09-04,99.546,99.816,99.314,99.725,1436
2013-09-05,99.726,100.217,99.56,100.109,1435
2013-09-06,100.107,100.118,98.534,99.108,1260
2013-09-08,99.71,100.096,99.575,100.001,180
2013-09-09,100.0,100.049,99.327,99.71,1439
2013-09-10,99.711,100.455,99.465,100.289,1437
2013-09-11,100.29,100.6,99.702,99.786,1438
2013-09-12,99.784,99.891,99.005,99.563,1440
2013-09-13,99.561,99.97,99.186,99.365,1253
2013-09-15,98.692,99.075,98.449,98.996,180
2013-09-16,98.995,99.174,98.637,99.088,1425
2013-09-17,99.082,99.373,99.046,99.142,1435
2013-09-18,99.14,99.327,97.752,98.174,1437
2013-09-19,98.175,99.612,97.976,99.389,1439
2013-09-20,99.39,99.659,99.165,99.318,1256
2013-09-22,99.255,99.352,99.204,99.285,175
2013-09-23,99.286,99.288,98.64,98.73,1421
2013-09-24,98.732,99.166,98.469,98.717,1433
2013-09-25,98.72,98.806,98.376,98.423,1431
2013-09-26,98.425,99.124,98.26,98.91,1438
2013-09-27,98.906,98.974,98.087,98.265,1253
2013-09-29,97.655,97.922,97.652,97.801,180
2013-09-30,97.803,98.483,97.49,98.368,1437
2013-10-01,98.37,98.72,97.649,97.934,1435
2013-10-02,97.933,98.076,97.135,97.346,1436
2013-10-03,97.345,97.863,96.921,97.245,1438
2013-10-04,97.244,97.477,96.945,97.46,1260
2013-10-06,97.217,97.334,97.134,97.271,179
2013-10-07,97.272,97.272,96.559,96.687,1439
2013-10-08,96.686,97.241,96.656,96.91,1437
2013-10-09,96.916,97.633,96.91,97.495,1439
2013-10-10,97.496,98.324,97.461,98.225,1438
2013-10-11,98.23,98.587,98.184,98.575,1257
2013-10-13,98.247,98.341,98.123,98.315,179
2013-10-14,98.317,98.695,98.088,98.621,1414
2013-10-15,98.62,98.694,97.986,98.57,1435
2013-10-16,98.567,98.973,98.24,98.951,1436
2013-10-17,98.952,98.996,97.731,97.995,1434
2013-10-18,97.993,98.148,97.55,97.719,1249
2013-10-20,97.869,97.95,97.774,97.949,178
2013-10-21,97.948,98.232,97.9,98.19,1434
2013-10-22,98.191,98.474,97.865,98.13,1428
2013-10-23,98.131,98.185,97.15,97.422,1434
2013-10-24,97.419,97.608,97.163,97.386,1433
2013-10-25,97.385,97.482,96.933,97.412,1255
2013-10-27,97.734,97.741,97.453,97.59,180
2013-10-28,97.591,97.779,97.436,97.621,1426
2013-10-29,97.619,98.27,97.451,98.187,1435
2013-10-30,98.185,98.669,98.046,98.463,1434
2013-10-31,98.465,98.499,98.079,98.324,1433
2013-11-01,98.325,98.841,97.798,98.681,1256
2013-11-03,98.807,98.807,98.658,98.702,119
2013-11-04,98.701,98.835,98.528,98.628,1430
2013-11-05,98.627,98.636,98.16,98.465,1433
2013-11-06,98.464,98.745,98.399,98.65,1424
2013-11-07,98.649,99.371,97.616,98.157,1414
2013-11-08,98.156,99.216,97.968,99.055,1317
2013-11-10,99.22,99.225,99.115,99.199,119
2013-11-11,99.2,99.29,98.917,99.15,1419
2013-11-12,99.151,99.79,99.142,99.562,1433
2013-11-13,99.563,99.651,99.096,99.231,1437
2013-11-14,99.229,100.25,99.127,100.211,1438
2013-11-15,100.212,100.424,99.93,100.174,1309
2013-11-17,100.263,100.382,100.2,100.345,119
2013-11-18,100.343,100.343,99.781,99.856,1438
2013-11-19,99.859,100.247,99.563,100.163,1437
2013-11-20,100.16,100.245,99.78,100.238,1437
2013-11-21,100.234,101.345,100.163,101.284,1438
2013-11-22,101.282,101.345,100.947,101.253,1314
2013-11-24,101.296,101.316,101.204,101.256,120
2013-11-25,101.254,101.909,101.13,101.372,1437
2013-11-26,101.374,101.642,101.14,101.24,1437
2013-11-27,101.239,102.271,101.235,102.193,1433
2013-11-28,102.191,102.364,101.927,102.289,1430
2013-11-29,102.288,102.602,102.108,102.422,1313
2013-12-01,102.495,102.585,102.437,102.485,118
2013-12-02,102.483,103.12,102.217,102.927,1425
2013-12-03,102.928,103.37,101.969,102.31,1438
2013-12-04,102.312,102.827,101.811,102.374,1437
2013-12-05,102.375,102.432,101.617,101.721,1438
2013-12-06,101.719,102.954,101.697,102.895,1319
2013-12-08,103.015,103.215,102.925,103.126,119
2013-12-09,103.124,103.336,102.881,103.253,1437
2013-12-10,103.252,103.384,102.567,102.789,1438
2013-12-11,102.791,102.931,102.15,102.524,1439
2013-12-12,102.521,103.647,102.459,103.571,1440
2013-12-13,103.568,103.913,102.982,103.233,1318
2013-12-15,103.272,103.282,103.105,103.259,120
2013-12-16,103.258,103.258,102.635,103.029,1434
2013-12-17,103.027,103.1,102.494,102.627,1436
2013-12-18,102.628,104.357,102.628,104.202,1440
2013-12-19,104.204,104.337,103.773,104.286,1438
2013-12-20,104.285,104.626,103.85,104.08,1319
2013-12-22,103.995,104.058,103.977,104.024,115
2013-12-23,104.023,104.225,103.766,104.169,1418
2013-12-24,104.17,104.402,104.134,104.255,1187
2013-12-26,104.776,104.921,104.678,104.9,772
2013-12-27,104.903,105.176,104.64,105.16,1318
2013-12-29,105.195,105.356,105.158,105.292,120
2013-12-30,105.29,105.405,104.901,104.903,1431
2013-12-31,104.902,105.318,104.855,105.283,1248
2014-01-01,105.243,105.397,105.24,105.324,107
2014-01-02,105.326,105.433,104.537,104.834,1414
2014-01-03,104.826,104.877,104.066,104.833,1317
2014-01-05,104.822,104.925,104.801,104.905,120
2014-01-06,104.907,104.94,103.901,104.214,1436
2014-01-07,104.215,104.726,104.17,104.709,1434
2014-01-08,104.707,105.115,104.654,104.833,1437
2014-01-09,104.832,105.05,104.57,104.825,1438
2014-01-10,104.824,105.339,103.82,104.174,1311
2014-01-12,103.98,104.127,103.93,103.932,120
2014-01-13,103.934,104.022,102.847,103.104,1436
2014-01-14,103.109,104.282,103.01,104.182,1438
2014-01-15,104.18,104.686,104.082,104.581,1438
2014-01-16,104.58,104.914,104.142,104.285,1436
2014-01-17,104.283,104.466,104.187,104.285,1315
2014-01-19,104.208,104.313,104.199,104.236,120
2014-01-20,104.24,104.261,103.853,104.239,1425
2014-01-21,104.24,104.74,104.017,104.214,1434
2014-01-22,104.216,104.683,103.962,104.645,1436
2014-01-23,104.644,104.833,102.964,103.379,1439
2014-01-24,103.377,103.576,101.993,102.32,1320
2014-01-26,102.221,102.224,101.766,102.096,120
2014-01-27,102.095,102.921,102.049,102.662,1440
2014-01-28,102.658,103.436,102.517,103.234,1440
2014-01-29,103.236,103.356,101.835,102.275,1436
2014-01-30,102.276,102.883,102.079,102.726,1436
2014-01-31,102.732,102.925,101.945,102.045,1319
2014-02-02,101.996,102.233,101.966,102.232,120
2014-02-03,102.233,102.401,100.769,101.174,1440
2014-02-04,101.17,101.757,100.748,101.684,1440
2014-02-05,101.685,101.685,100.794,101.461,1437
2014-02-06,101.462,102.164,101.234,102.033,1439
2014-02-07,102.035,102.57,101.437,102.345,1317
2014-02-09,102.533,102.636,102.437,102.499,120
2014-02-10,102.496,102.522,101.984,102.13,1427
2014-02-11,102.131,102.694,102.068,102.522,1410
2014-02-12,102.519,102.64,102.215,102.458,1432
2014-02-13,102.459,102.524,101.687,102.169,1437
2014-02-14,102.17,102.4,101.561,101.83,1315
2014-02-16,101.63,101.808,101.528,101.53,120
2014-02-17,101.531,102.126,101.378,102.071,1415
2014-02-18,102.066,102.733,101.752,102.305,1435
2014-02-19,102.304,102.458,101.843,102.302,1435
2014-02-20,102.303,102.41,101.661,102.312,1433
2014-02-21,102.313,102.82,102.311,102.495,1315
2014-02-23,102.471,102.58,102.47,102.529,117
2014-02-24,102.53,102.672,102.157,102.5,1432
2014-02-25,102.501,102.618,101.999,102.147,1430
2014-02-26,102.145,102.602,102.094,102.293,1433
2014-02-27,102.295,102.436,101.715,102.108,1438
2014-02-28,102.107,102.285,101.546,101.765,1319
2014-03-02,101.485,101.66,101.247,101.329,120
2014-03-03,101.332,101.564,101.192,101.409,1429
2014-03-04,101.408,102.279,101.408,102.204,1433
2014-03-05,102.202,102.541,102.108,102.354,1425
2014-03-06,102.355,103.159,102.321,103.052,1434
2014-03-07,103.051,103.752,102.832,103.27,1317
2014-03-09,103.031,103.252,103.019,103.17,175
2014-03-10,103.171,103.397,102.927,103.25,1424
2014-03-11,103.251,103.416,102.772,102.842,1423
2014-03-12,102.844,103.092,102.541,102.814,1426
2014-03-13,102.815,102.855,101.534,101.769,1432
2014-03-14,101.77,101.846,101.2,101.35,1258
2014-03-16,101.266,101.431,101.264,101.352,169
2014-03-17,101.349,101.906,101.334,101.892,1432
2014-03-18,101.891,101.933,101.27,101.466,1413
2014-03-19,101.465,102.674,101.29,102.427,1433
2014-03-20,102.428,102.538,102.203,102.395,1415
2014-03-21,102.394,102.394,102.009,102.271,1240
2014-03-23,102.148,102.28,102.096,102.261,168
2014-03-24,102.263,102.639,102.122,102.235,1413
2014-03-25,102.234,102.48,102.086,102.29,1410
2014-03-26,102.289,102.463,101.851,101.908,1428
2014-03-27,101.906,102.423,101.712,102.154,1434
2014-03-28,102.155,102.97,102.026,102.819,1251
2014-03-30,102.95,102.953,102.844,102.891,174
2014-03-31,102.89,103.431,102.787,103.207,1433
2014-04-01,103.209,103.702,103.081,103.635,1430
2014-04-02,103.633,103.925,103.578,103.862,1417
2014-04-03,103.861,104.104,103.804,103.89,1415
2014-04-04,103.889,104.12,103.191,103.28,1249
2014-04-06,103.273,103.381,103.262,103.313,170
2014-04-07,103.312,103.327,102.986,103.061,1418
2014-04-08,103.059,103.064,101.542,101.946,1437
2014-04-09,101.945,102.15,101.713,102.118,1433
2014-04-10,102.119,102.127,101.322,101.385,1435
2014-04-11,101.38,101.856,101.317,101.597,1256
2014-04-13,101.62,101.633,101.417,101.44,178
2014-04-14,101.439,102.003,101.409,101.907,1417
2014-04-15,101.906,101.985,101.493,101.87,1425
2014-04-16,101.872,102.356,101.863,102.203,1427
2014-04-17,102.205,102.457,101.857,102.449,1412
2014-04-18,102.448,102.561,102.354,102.42,1041
2014-04-20,102.442,102.616,102.385,102.551,156
2014-04-21,102.552,102.698,102.492,102.675,1375
2014-04-22,102.673,102.716,102.405,102.62,1419
2014-04-23,102.622,102.684,102.158,102.486,1429
2014-04-24,102.487,102.636,102.079,102.3,1423
2014-04-25,102.297,102.489,101.954,102.178,1247
2014-04-27,102.184,102.194,102.094,102.099,162
2014-04-28,102.096,102.616,102.038,102.516,1419
2014-04-29,102.517,102.773,102.467,102.556,1362
2014-04-30,102.557,102.648,102.021,102.221,1425
2014-05-01,102.22,102.359,102.122,102.27,1388
2014-05-02,102.271,103.011,102.123,102.189,1248
2014-05-04,102.147,102.253,102.142,102.2,159
2014-05-05,102.198,102.217,101.855,102.132,1385
2014-05-06,102.133,102.145,101.489,101.718,1411
2014-05-07,101.717,101.989,101.423,101.863,1425
2014-05-08,101.862,101.948,101.452,101.583,1426
2014-05-09,101.582,101.844,101.539,101.797,1247
2014-05-11,101.872,101.912,101.789,101.875,162
2014-05-12,101.874,102.216,101.842,102.178,1407
2014-05-13,102.179,102.355,102.053,102.226,1419
2014-05-14,102.225,102.225,101.711,101.773,1420
2014-05-15,101.771,102.106,101.304,101.479,1420
2014-05-16,101.478,101.664,101.354,101.497,1248
2014-05-18,101.54,101.557,101.476,101.533,168
2014-05-19,101.532,101.589,101.094,101.462,1412
2014-05-20,101.461,101.59,101.18,101.261,1414
2014-05-21,101.262,101.608,100.815,101.425,1428
2014-05-22,101.424,101.808,101.348,101.769,1429
2014-05-23,101.773,102.0,101.585,101.957,1247
2014-05-25,101.928,101.993,101.926,101.969,161
2014-05-26,101.97,102.042,101.832,101.904,1312
2014-05-27,101.903,102.132,101.717,101.978,1429
2014-05-28,101.977,102.022,101.628,101.711,1421
2014-05-29,101.712,101.784,101.42,101.721,1416
2014-05-30,101.72,101.836,101.487,101.747,1251
2014-06-02,102.427,102.439,102.352,102.434,287
2014-06-03,102.43,102.58,102.263,102.555,1417
2014-06-04,102.552,102.787,102.43,102.668,1418
2014-06-05,102.667,102.725,102.33,102.416,1429
2014-06-06,102.417,102.602,102.106,102.469,1250
2014-06-08,102.504,102.638,102.494,102.621,172
2014-06-09,102.619,102.636,102.367,102.479,1391
2014-06-10,102.48,102.496,102.206,102.302,1415
2014-06-11,102.305,102.384,101.853,101.993,1418
2014-06-12,101.991,102.133,101.597,101.707,1427
2014-06-13,101.709,102.13,101.709,102.042,1249
2014-06-15,102.064,102.07,101.935,101.965,168
2014-06-16,101.963,101.968,101.713,101.874,1398
2014-06-17,101.875,102.234,101.861,102.169,1396
2014-06-18,102.168,102.32,101.873,101.903,1419
2014-06-19,101.904,101.992,101.731,101.909,1412
2014-06-20,101.908,102.187,101.807,102.058,1233
2014-06-22,102.084,102.105,102.053,102.079,153
2014-06-23,102.078,102.127,101.809,101.875,1389
2014-06-24,101.874,102.159,101.81,101.913,1406
2014-06-25,101.912,101.945,101.617,101.814,1404
2014-06-26,101.815,101.825,101.479,101.635,1398
2014-06-27,101.634,101.639,101.306,101.386,1239
2014-06-29,101.4,101.463,101.375,101.425,168
2014-06-30,101.426,101.456,101.229,101.301,1382
2014-07-01,101.3,101.583,101.286,101.544,1416
2014-07-02,101.546,101.837,101.401,101.824,1401
2014-07-03,101.823,102.258,101.774,102.196,1395
2014-07-04,102.194,102.206,101.963,102.055,1143
2014-07-06,102.055,102.13,102.042,102.11,168
2014-07-07,102.111,102.192,101.777,101.81,1403
2014-07-08,101.808,101.852,101.457,101.458,1397
2014-07-09,101.46,101.851,101.438,101.521,1416
2014-07-10,101.52,101.561,101.058,101.293,1409
2014-07-11,101.294,101.383,101.208,101.263,1231
2014-07-13,101.373,101.399,101.324,101.357,167
2014-07-14,101.356,101.614,101.329,101.526,1382
2014-07-15,101.527,101.739,101.426,101.659,1409
2014-07-16,101.662,101.783,101.608,101.636,1418
2014-07-17,101.637,101.652,101.079,101.219,1428
2014-07-18,101.218,101.44,101.169,101.335,1246
2014-07-20,101.326,101.369,101.325,101.347,163
2014-07-21,101.348,101.426,101.188,101.423,1360
2014-07-22,101.425,101.594,101.324,101.477,1398
2014-07-23,101.476,101.549,101.307,101.513,1405
2014-07-24,101.514,101.849,101.407,101.758,1401
2014-07-25,101.759,101.93,101.707,101.83,1244
2014-07-27,101.781,101.815,101.744,101.745,164
2014-07-28,101.744,101.898,101.741,101.821,1405
2014-07-29,101.822,102.151,101.819,102.066,1413
2014-07-30,102.065,103.081,102.028,102.839,1411
2014-07-31,102.838,102.997,102.715,102.765,1425
2014-08-01,102.764,103.019,102.328,102.617,1248
2014-08-03,102.553,102.612,102.507,102.563,168
2014-08-04,102.562,102.721,102.398,102.539,1393
2014-08-05,102.538,102.916,102.454,102.586,1414
2014-08-06,102.587,102.615,101.774,102.134,1411
2014-08-07,102.133,102.451,101.99,102.124,1410
2014-08-08,102.125,102.128,101.502,102.033,1256
2014-08-10,102.171,102.171,102.075,102.147,170
2014-08-11,102.146,102.254,102.014,102.214,1391
2014-08-12,102.213,102.355,102.083,102.277,1408
2014-08-13,102.276,102.535,102.216,102.409,1392
2014-08-14,102.407,102.647,102.302,102.503,1394
2014-08-15,102.502,102.708,102.13,102.348,1233
2014-08-17,102.323,102.419,102.302,102.407,173
2014-08-18,102.405,102.628,102.239,102.618,1383
2014-08-19,102.619,102.958,102.512,102.937,1394
2014-08-20,102.938,103.839,102.896,103.698,1419
2014-08-21,103.699,103.952,103.591,103.845,1403
2014-08-22,103.847,104.185,103.493,103.933,1239
2014-08-24,104.258,104.265,104.142,104.197,178
2014-08-25,104.19,104.252,103.854,104.063,1402
2014-08-26,104.064,104.163,103.74,104.086,1421
2014-08-27,104.084,104.153,103.772,103.868,1393
2014-08-28,103.867,103.881,103.546,103.711,1411
2014-08-29,103.71,104.106,103.676,104.076,1247
2014-08-31,104.173,104.202,104.115,104.157,168
2014-09-01,104.158,104.361,104.093,104.345,1355
2014-09-02,104.344,105.263,104.325,105.233,1415
2014-09-03,105.234,105.301,104.733,104.882,1426
2014-09-04,104.883,105.698,104.751,105.581,1427
2014-09-05,105.58,105.581,104.674,105.08,1252
2014-09-07,104.994,105.22,104.993,105.175,176
2014-09-08,105.173,106.159,104.984,106.118,1417
2014-09-09,106.117,106.465,105.945,106.114,1435
2014-09-10,106.113,106.877,106.033,106.83,1434
2014-09-11,106.831,107.19,106.632,107.113,1433
2014-09-12,107.112,107.385,107.044,107.334,1256
2014-09-14,107.198,107.343,107.189,107.32,171
2014-09-15,107.322,107.355,107.001,107.139,1425
2014-09-16,107.138,107.323,106.802,107.141,1429
2014-09-17,107.143,108.671,107.127,108.539,1433
2014-09-18,108.54,108.95,108.365,108.799,1432
2014-09-19,108.798,109.45,108.583,109.027,1259
2014-09-21,109.027,109.177,108.903,108.94,171
2014-09-22,108.937,109.185,108.657,108.735,1430
2014-09-23,108.736,108.984,108.244,108.547,1427
2014-09-24,108.545,109.33,108.483,109.318,1433
2014-09-25,109.317,109.364,108.47,108.619,1433
2014-09-26,108.62,109.524,108.469,109.281,1256
2014-09-28,109.294,109.508,109.261,109.391,177
2014-09-29,109.392,109.736,109.122,109.396,1426
2014-09-30,109.395,109.841,109.177,109.654,1433
2014-10-01,109.655,110.08,108.858,109.002,1440
2014-10-02,109.001,109.07,108.0,108.504,1433
2014-10-03,108.505,109.894,108.502,109.75,1257
2014-10-05,109.706,109.841,109.705,109.802,176
2014-10-06,109.801,109.801,108.644,108.866,1435
2014-10-07,108.865,109.225,107.745,108.061,1438
2014-10-08,108.059,108.733,107.821,108.145,1438
2014-10-09,108.146,108.307,107.52,107.823,1428
2014-10-10,107.825,108.145,107.614,107.645,1260
2014-10-12,107.544,107.603,107.25,107.331,179
2014-10-13,107.33,107.564,106.752,107.051,1439
2014-10-14,107.048,107.396,106.663,107.31,1440
2014-10-15,107.311,107.488,105.189,105.999,1440
2014-10-16,106.0,106.486,105.498,106.43,1435
2014-10-17,106.431,106.933,106.125,106.871,1260
2014-10-19,107.208,107.237,106.996,107.162,180
2014-10-20,107.163,107.392,106.782,106.899,1439
2014-10-21,106.899,107.113,106.252,107.014,1440
2014-10-22,107.016,107.375,106.789,107.153,1438
2014-10-23,107.153,108.355,107.105,108.165,1439
2014-10-24,108.166,108.276,107.786,108.148,1260
2014-10-26,108.353,108.353,108.14,108.182,179
2014-10-27,108.184,108.184,107.606,107.843,1436
2014-10-28,107.844,108.187,107.693,108.127,1433
2014-10-29,108.127,108.962,107.942,108.837,1439
2014-10-30,108.837,109.463,108.796,109.228,1437
2014-10-31,109.227,112.475,109.196,112.292,1260
2014-11-02,112.698,112.982,112.689,112.834,119
2014-11-03,112.833,114.212,112.572,113.708,1440
2014-11-04,113.707,113.787,113.17,113.52,1439
2014-11-05,113.518,114.841,113.471,114.659,1439
2014-11-06,114.659,115.514,114.061,115.183,1440
2014-11-07,115.183,115.576,114.253,114.581,1320
2014-11-09,114.511,114.565,114.371,114.529,119
2014-11-10,114.53,114.908,113.858,114.801,1438
2014-11-11,114.799,116.103,114.635,115.743,1440
2014-11-12,115.742,115.879,114.887,115.595,1440
2014-11-13,115.596,115.884,115.309,115.8,1440
2014-11-14,115.804,116.823,115.724,116.267,1320
2014-11-16,116.471,117.051,116.357,116.878,120
2014-11-17,116.877,116.879,115.455,116.636,1440
2014-11-18,116.635,117.047,116.338,116.878,1440
2014-11-19,116.877,118.271,116.814,118.129,1440
2014-11-20,118.127,118.979,117.744,118.247,1439
2014-11-21,118.247,118.267,117.356,117.771,1320
2014-11-23,117.886,117.94,117.734,117.785,119
2014-11-24,117.787,118.576,117.579,118.456,1440
2014-11-25,118.456,118.456,117.69,117.804,1439
2014-11-26,117.806,117.901,117.439,117.621,1440
2014-11-27,117.623,117.989,117.236,117.875,1432
2014-11-28,117.876,118.771,117.858,118.601,1318
2014-11-30,118.73,118.926,118.717,118.859,120
2014-12-01,118.857,119.14,117.864,118.318,1439
2014-12-02,118.323,119.285,118.223,119.19,1440
2014-12-03,119.193,119.882,119.129,119.862,1438
2014-12-04,119.862,120.25,119.339,119.802,1440
2014-12-05,119.802,121.686,119.705,121.451,1320
2014-12-07,121.584,121.843,121.532,121.606,120
2014-12-08,121.608,121.697,120.204,120.642,1439
2014-12-09,120.64,121.003,117.944,119.351,1440
2014-12-10,119.352,119.913,117.594,117.599,1440
2014-12-11,117.6,119.556,117.439,118.997,1440
2014-12-12,118.998,119.207,118.05,118.758,1320
2014-12-14,118.671,118.68,117.777,118.165,120
2014-12-15,118.167,119.057,117.563,117.763,1437
2014-12-16,117.763,117.964,115.564,116.62,1440
2014-12-17,116.62,119.006,116.445,118.769,1439
2014-12-18,118.771,119.311,118.26,118.948,1438
2014-12-19,118.947,119.621,118.818,119.46,1319
2014-12-21,119.524,119.573,119.437,119.524,118
2014-12-22,119.525,120.183,119.313,120.152,1436
2014-12-23,120.152,120.826,120.052,120.672,1434
2014-12-24,120.673,120.704,120.277,120.447,1141
2014-12-25,120.246,120.415,120.216,120.383,60
2014-12-26,120.383,120.462,120.152,120.322,1301
2014-12-28,120.324,120.444,120.313,120.421,119
2014-12-29,120.419,120.735,120.173,120.636,1437
2014-12-30,120.638,120.676,118.863,119.47,1438
2014-12-31,119.468,119.942,119.249,119.692,1316
2015-01-01,119.666,119.967,119.666,119.885,150
2015-01-02,119.885,120.742,119.822,120.445,1318
2015-01-04,120.491,120.597,120.316,120.395,120
2015-01-05,120.4,120.647,119.259,119.422,1440
2015-01-06,119.422,119.508,118.054,118.661,1440
2015-01-07,118.659,119.647,118.643,119.281,1439
2015-01-08,119.281,119.962,119.158,119.798,1438
2015-01-09,119.799,119.852,118.416,118.416,1320
2015-01-11,118.317,118.432,118.126,118.231,120
2015-01-12,118.235,119.317,118.1,118.337,1440
2015-01-13,118.337,118.848,117.54,117.812,1439
2015-01-14,117.817,117.926,116.073,117.433,1440
2015-01-15,117.431,117.943,115.893,116.134,1440
2015-01-16,116.134,117.764,115.851,117.562,1320
2015-01-18,117.454,117.616,117.361,117.591,119
2015-01-19,117.592,117.823,116.922,117.744,1438
2015-01-20,117.743,118.867,117.694,118.66,1439
2015-01-21,118.66,118.759,117.182,117.847,1439
2015-01-22,117.85,118.814,117.251,118.712,1440
2015-01-23,118.712,118.734,117.536,117.764,1319
2015-01-25,117.512,117.734,117.264,117.421,120
2015-01-26,117.422,118.623,117.377,118.521,1438
2015-01-27,118.519,118.658,117.338,117.783,1440
2015-01-28,117.784,118.262,117.251,117.588,1440
2015-01-29,117.587,118.489,117.556,118.271,1440
2015-01-30,118.271,118.288,117.299,117.476,1320
2015-02-01,116.93,117.254,116.93,117.191,120
2015-02-02,117.191,117.878,117.116,117.595,1438
2015-02-03,117.593,117.743,116.876,117.661,1440
2015-02-04,117.661,117.997,117.072,117.299,1440
2015-02-05,117.302,117.596,117.022,117.536,1440
2015-02-06,117.538,119.22,117.176,119.114,1320
2015-02-08,119.029,119.094,118.891,118.962,119
2015-02-09,118.961,119.048,118.332,118.593,1438
2015-02-10,118.59,119.617,118.399,119.361,1437
2015-02-11,119.36,120.478,119.284,120.203,1439
2015-02-12,120.205,120.373,118.511,118.93,1440
2015-02-13,118.931,119.198,118.41,118.705,1320
2015-02-15,118.448,118.782,118.443,118.628,118
2015-02-16,118.628,118.774,118.28,118.483,1439
2015-02-17,118.486,119.417,118.236,119.212,1439
2015-02-18,119.21,119.415,118.544,118.714,1440
2015-02-19,118.714,119.18,118.435,118.983,1435
2015-02-20,118.983,119.189,118.301,118.991,1320
2015-02-22,119.053,119.102,119.003,119.077,119
2015-02-23,119.075,119.353,118.736,118.912,1439
2015-02-24,118.914,119.837,118.764,118.869,1438
2015-02-25,118.867,119.063,118.626,118.824,1438
2015-02-26,118.824,119.503,118.679,119.383,1439
2015-02-27,119.382,119.799,119.114,119.592,1320
2015-03-01,119.704,119.853,119.629,119.832,120
2015-03-02,119.833,120.264,119.663,120.211,1439
2015-03-03,120.211,120.211,119.379,119.633,1440
2015-03-04,119.634,119.824,119.467,119.643,1437
2015-03-05,119.642,120.392,119.627,120.06,1439
2015-03-06,120.06,121.28,119.899,120.784,1318
2015-03-08,120.843,120.865,120.694,120.742,179
2015-03-09,120.743,121.615,120.611,121.429,1440
2015-03-10,121.428,122.015,120.852,121.054,1439
2015-03-11,121.053,121.624,121.019,121.412,1439
2015-03-12,121.414,121.67,120.672,121.326,1440
2015-03-13,121.325,121.572,121.135,121.413,1260
2015-03-15,121.374,121.444,121.301,121.317,176
2015-03-16,121.32,121.456,121.09,121.374,1439
2015-03-17,121.374,121.517,121.114,121.298,1438
2015-03-18,121.299,121.408,119.301,120.074,1438
2015-03-19,120.075,121.032,119.673,120.749,1440
2015-03-20,120.751,121.199,119.9,120.029,1260
2015-03-22,119.872,120.108,119.81,120.019,180
2015-03-23,120.023,120.165,119.576,119.761,1440
2015-03-24,119.76,119.983,119.221,119.785,1439
2015-03-25,119.782,119.826,119.234,119.513,1439
2015-03-26,119.513,119.517,118.328,119.196,1440
2015-03-27,119.199,119.49,118.929,119.116,1259
2015-03-29,119.211,119.329,119.106,119.246,178
2015-03-30,119.247,120.227,119.121,120.023,1437
2015-03-31,120.025,120.364,119.779,119.979,1440
2015-04-01,119.974,120.329,119.416,119.583,1439
2015-04-02,119.584,119.896,119.452,119.693,1435
2015-04-03,119.695,119.863,118.72,118.937,1237
2015-04-05,118.858,118.956,118.8,118.859,176
2015-04-06,118.855,119.681,118.823,119.485,1430
2015-04-07,119.487,120.445,119.451,120.28,1437
2015-04-08,120.282,120.318,119.641,120.102,1438
2015-04-09,120.103,120.74,119.859,120.556,1438
2015-04-10,120.557,120.624,120.055,120.176,1260
2015-04-12,120.336,120.336,120.181,120.198,162
2015-04-13,120.199,120.847,119.708,120.05,1438
2015-04-14,120.052,120.12,119.07,119.451,1438
2015-04-15,119.454,119.745,118.789,119.144,1436
2015-04-16,119.144,119.47,118.796,119.059,1438
2015-04-17,119.061,119.263,118.568,118.87,1260
2015-04-19,118.988,119.011,118.802,118.844,180
2015-04-20,118.845,119.433,118.532,119.215,1438
2015-04-21,119.218,119.833,119.218,119.662,1437
2015-04-22,119.662,120.004,119.348,119.948,1438
2015-04-23,119.949,120.092,119.425,119.567,1440
2015-04-24,119.568,119.632,118.828,118.944,1260
2015-04-26,118.862,118.957,118.862,118.924,174
2015-04-27,118.923,119.433,118.775,119.133,1437
2015-04-28,119.133,119.197,118.773,118.832,1438
2015-04-29,118.832,119.36,118.608,118.983,1437
2015-04-30,118.982,119.896,118.496,119.473,1438
2015-05-01,119.473,120.288,119.467,120.14,1254
2015-05-03,120.211,120.248,120.136,120.141,177
2015-05-04,120.141,120.274,119.997,120.113,1434
2015-05-05,120.114,120.504,119.726,119.941,1433
2015-05-06,119.94,120.046,119.206,119.396,1438
2015-05-07,119.395,119.86,119.055,119.719,1440
2015-05-08,119.719,120.233,119.591,119.838,1259
2015-05-10,119.642,119.857,119.642,119.805,176
2015-05-11,119.807,120.167,119.717,120.122,1436
2015-05-12,120.123,120.275,119.77,119.849,1438
2015-05-13,119.851,119.972,119.035,119.19,1439
2015-05-14,119.191,119.337,118.887,119.217,1440
2015-05-15,119.218,119.927,119.176,119.218,1260
2015-05-17,119.264,119.426,119.258,119.351,168
2015-05-18,119.351,120.035,119.341,119.914,1436
2015-05-19,119.917,120.74,119.83,120.645,1439
2015-05-20,120.646,121.481,120.646,121.212,1439
2015-05-21,121.209,121.259,120.846,121.055,1439
2015-05-22,121.056,121.572,120.639,121.517,1260
2015-05-24,121.494,121.602,121.485,121.561,178
2015-05-25,121.562,121.777,121.445,121.653,1430
2015-05-26,121.652,123.319,121.648,122.991,1440
2015-05-27,122.99,124.068,122.776,123.732,1440
2015-05-28,123.731,124.459,123.492,123.811,1440
2015-05-29,123.81,124.184,123.606,124.153,1260
2015-05-31,124.102,124.253,124.064,124.246,168
2015-06-01,124.25,124.917,123.862,124.865,1440
2015-06-02,124.864,125.05,123.753,124.052,1440
2015-06-03,124.054,124.681,123.788,124.305,1436
2015-06-04,124.308,124.679,123.779,124.391,1440
2015-06-05,124.393,125.854,124.358,125.578,1260
2015-06-07,125.573,125.678,125.537,125.624,177
2015-06-08,125.623,125.633,124.293,124.579,1440
2015-06-09,124.578,124.737,123.86,124.352,1437
2015-06-10,124.353,124.619,122.458,122.881,1440
2015-06-11,122.883,124.126,122.86,123.597,1440
2015-06-12,123.598,123.816,123.14,123.382,1259
2015-06-14,123.194,123.351,123.123,123.295,180
2015-06-15,123.296,123.66,123.296,123.421,1436
2015-06-16,123.422,123.798,123.29,123.454,1437
2015-06-17,123.454,124.443,123.21,123.572,1440
2015-06-18,123.57,123.585,122.48,123.0,1438
2015-06-19,123.001,123.215,122.561,122.667,1260
2015-06-21,122.943,122.977,122.685,122.775,178
2015-06-22,122.776,123.418,122.56,123.418,1436
2015-06-23,123.416,124.186,123.372,123.874,1438
2015-06-24,123.873,124.376,123.715,123.861,1438
2015-06-25,123.86,123.957,123.318,123.593,1437
2015-06-26,123.594,123.99,123.221,123.836,1258
2015-06-28,122.721,122.787,122.103,122.596,180
2015-06-29,122.594,123.193,122.321,122.668,1439
2015-06-30,122.667,122.726,121.941,122.414,1440
2015-07-01,122.414,123.332,122.392,123.331,1438
2015-07-02,123.33,123.727,122.954,123.059,1436
2015-07-03,123.059,123.185,122.601,122.832,1258
2015-07-05,121.884,122.444,121.845,122.424,180
2015-07-06,122.423,122.928,122.188,122.666,1439
2015-07-07,122.666,122.881,122.009,122.537,1440
2015-07-08,122.537,122.554,120.412,120.889,1436
2015-07-09,120.888,121.806,120.583,121.71,1438
2015-07-10,121.706,122.877,121.506,122.793,1260
2015-07-12,122.179,122.748,122.179,122.503,179
2015-07-13,122.503,123.642,122.412,123.611,1439
2015-07-14,123.614,123.728,122.919,123.331,1434
2015-07-15,123.333,123.972,123.259,123.914,1437
2015-07-16,123.915,124.203,123.741,124.169,1436
2015-07-17,124.171,124.23,123.916,124.077,1260
2015-07-19,124.018,124.168,124.011,124.143,165
2015-07-20,124.143,124.378,124.083,124.303,1435
2015-07-21,124.303,124.476,123.761,123.868,1437
2015-07-22,123.87,124.151,123.571,124.065,1438
2015-07-23,124.065,124.187,123.674,123.884,1436
2015-07-24,123.882,124.096,123.596,123.763,1258
2015-07-26,123.718,123.835,123.678,123.767,171
2015-07-27,123.765,123.79,123.008,123.274,1434
2015-07-28,123.275,123.792,123.076,123.574,1439
2015-07-29,123.574,124.02,123.33,123.948,1437
2015-07-30,123.947,124.581,123.946,124.076,1435
2015-07-31,124.077,124.374,123.519,123.851,1260
2015-08-02,123.882,124.064,123.861,124.042,172
2015-08-03,124.041,124.271,123.855,123.95,1434
2015-08-04,123.948,124.402,123.799,124.29,1440
2015-08-05,124.292,125.011,124.02,124.779,1439
2015-08-06,124.778,124.961,124.54,124.752,1434
2015-08-07,124.753,125.071,124.103,124.178,1260
2015-08-09,124.15,124.336,124.149,124.335,174
2015-08-10,124.334,124.783,124.279,124.631,1435
2015-08-11,124.63,125.207,124.587,125.095,1432
2015-08-12,125.096,125.279,123.792,124.297,1428
2015-08-13,124.297,124.627,124.068,124.39,1425
2015-08-14,124.391,124.531,124.055,124.272,1258
2015-08-16,124.27,124.365,124.217,124.365,163
2015-08-17,124.365,124.574,124.22,124.443,1431
2015-08-18,124.441,124.513,124.183,124.39,1432
2015-08-19,124.389,124.469,123.69,123.93,1439
2015-08-20,123.93,124.155,123.33,123.449,1436
2015-08-21,123.449,123.495,121.814,121.987,1220
2015-08-23,121.866,122.02,121.181,121.733,176
2015-08-24,121.733,121.932,116.132,118.885,1440
2015-08-25,118.885,120.397,118.452,118.567,1440
2015-08-26,118.567,120.367,118.567,120.055,1440
2015-08-27,120.055,121.4,119.793,121.019,1440
2015-08-28,121.02,121.739,120.654,121.696,1260
2015-08-30,121.655,121.655,121.191,121.297,173
2015-08-31,121.297,121.418,120.878,121.107,1435
2015-09-01,121.108,121.139,119.226,119.72,1439
2015-09-02,119.72,120.656,119.696,120.623,1438
2015-09-03,120.623,120.698,119.639,120.116,1435
2015-09-04,120.118,120.126,118.596,119.009,1260
2015-09-06,118.914,119.21,118.852,119.155,175
2015-09-07,119.151,119.588,118.801,119.429,1420
2015-09-08,119.429,120.226,118.853,120.107,1437
2015-09-09,120.105,121.196,120.071,120.245,1439
2015-09-10,120.246,121.327,119.978,120.661,1438
2015-09-11,120.659,120.967,120.36,120.561,1260
2015-09-13,120.509,120.843,120.481,120.806,171
2015-09-14,120.805,120.805,119.852,120.362,1436
2015-09-15,120.361,120.653,119.401,120.427,1433
2015-09-16,120.425,120.726,120.107,120.544,1431
2015-09-17,120.546,120.992,119.793,120.092,1436
2015-09-18,120.093,120.415,119.055,119.978,1260
2015-09-20,120.11,120.15,119.949,120.011,176
2015-09-21,120.012,120.658,119.725,120.505,1432
2015-09-22,120.506,120.542,119.695,120.087,1439
2015-09-23,120.086,120.544,119.626,120.224,1435
2015-09-24,120.224,120.391,119.225,120.268,1440
2015-09-25,120.268,121.233,120.024,120.558,1260
2015-09-27,120.498,120.59,120.358,120.393,177
2015-09-28,120.393,120.465,119.696,119.822,1436
2015-09-29,119.823,120.159,119.248,119.878,1437
2015-09-30,119.878,120.349,119.55,119.874,1437
2015-10-01,119.875,120.277,119.492,119.828,1436
2015-10-02,119.834,120.404,118.681,119.873,1260
2015-10-04,119.982,120.042,119.881,120.036,172
2015-10-05,120.037,120.55,119.869,120.473,1439
2015-10-06,120.472,120.567,120.108,120.254,1436
2015-10-07,120.256,120.358,119.747,119.936,1437
2015-10-08,119.935,120.108,119.626,119.938,1437
2015-10-09,119.937,120.346,119.835,120.242,1260
2015-10-11,120.171,120.263,120.167,120.191,170
2015-10-12,120.193,120.221,119.893,120.048,1428
2015-10-13,120.05,120.05,119.552,119.74,1437
2015-10-14,119.739,119.766,118.63,118.854,1434
2015-10-15,118.852,119.168,118.063,119.077,1438
2015-10-16,119.079,119.658,118.904,119.417,1259
2015-10-18,119.373,119.434,119.28,119.296,176
2015-10-19,119.298,119.607,119.141,119.511,1433
2015-10-20,119.51,119.962,119.412,119.794,1431
2015-10-21,119.796,120.091,119.794,119.86,1430
2015-10-22,119.862,120.946,119.615,120.887,1440
2015-10-23,120.886,121.474,120.227,121.46,1260
2015-10-25,121.424,121.499,121.29,121.321,175
2015-10-26,121.318,121.335,120.599,120.967,1437
2015-10-27,120.969,120.989,120.16,120.482,1439
2015-10-28,120.48,121.258,120.207,120.88,1440
2015-10-29,120.879,121.182,120.584,121.038,1437
2015-10-30,121.039,121.489,120.278,120.602,1260
2015-11-01,120.345,120.575,120.345,120.503,120
2015-11-02,120.505,120.81,120.255,120.79,1440
2015-11-03,120.792,121.231,120.596,121.085,1432
2015-11-04,121.087,121.716,121.001,121.525,1438
2015-11-05,121.528,122.003,121.387,121.69,1438
2015-11-06,121.694,123.266,121.631,123.11,1319
2015-11-08,123.278,123.34,123.198,123.198,119
2015-11-09,123.195,123.604,122.976,123.05,1434
2015-11-10,123.052,123.437,123.041,123.089,1438
2015-11-11,123.089,123.205,122.739,122.751,1436
2015-11-12,122.753,123.071,122.555,122.59,1438
2015-11-13,122.589,122.988,122.44,122.557,1319
2015-11-15,122.232,122.447,122.224,122.302,120
2015-11-16,122.302,123.332,122.298,123.264,1433
2015-11-17,123.263,123.49,123.184,123.44,1439
2015-11-18,123.441,123.751,123.22,123.517,1438
2015-11-19,123.519,123.563,122.623,122.905,1438
2015-11-20,122.907,123.051,122.723,122.75,1317
2015-11-22,122.825,122.939,122.825,122.933,119
2015-11-23,122.933,123.26,122.781,122.946,1438
2015-11-24,122.945,122.961,122.307,122.517,1435
2015-11-25,122.517,122.934,122.257,122.68,1436
2015-11-26,122.684,122.701,122.5,122.637,1437
2015-11-27,122.637,122.878,122.304,122.712,1318
2015-11-29,122.803,122.846,122.736,122.833,115
2015-11-30,122.831,123.339,122.686,123.212,1438
2015-12-01,123.211,123.275,122.642,122.91,1435
2015-12-02,122.91,123.67,122.826,123.24,1437
2015-12-03,123.242,123.562,122.297,122.646,1438
2015-12-04,122.646,123.376,122.476,123.089,1318
2015-12-06,123.172,123.227,123.153,123.196,119
2015-12-07,123.195,123.474,123.152,123.298,1435
2015-12-08,123.298,123.324,122.721,122.931,1438
2015-12-09,122.929,123.046,121.074,121.692,1439
2015-12-10,121.689,121.865,121.244,121.703,1439
2015-12-11,121.702,122.229,120.581,120.955,1320
2015-12-13,121.15,121.152,120.638,120.89,120
2015-12-14,120.89,121.353,120.342,121.116,1440
2015-12-15,121.12,121.791,120.573,121.671,1439
2015-12-16,121.671,122.493,121.386,122.482,1439
2015-12-17,122.485,122.876,122.219,122.454,1440
2015-12-18,122.456,123.553,121.055,121.148,1320
2015-12-20,121.225,121.381,121.189,121.293,119
2015-12-21,121.293,121.503,120.841,121.206,1438
2015-12-22,121.207,121.308,120.722,121.024,1437
2015-12-23,121.025,121.054,120.813,120.945,1423
2015-12-24,120.946,120.971,120.249,120.274,1140
2015-12-27,120.213,120.271,120.148,120.244,106
2015-12-28,120.248,120.63,120.204,120.341,1433
2015-12-29,120.343,120.576,120.234,120.521,1431
2015-12-30,120.525,120.653,120.351,120.461,1433
2015-12-31,120.461,120.497,120.003,120.235,1286
2016-01-03,120.172,120.381,120.171,120.314,118
2016-01-04,120.317,120.464,118.701,119.469,1438
2016-01-05,119.475,119.7,118.793,119.11,1437
2016-01-06,119.108,119.16,118.25,118.622,1439
2016-01-07,118.623,118.753,117.327,117.525,1439
2016-01-08,117.531,118.836,117.206,117.214,1320
2016-01-10,117.202,117.202,116.69,117.058,120
2016-01-11,117.059,118.023,116.972,117.684,1439
2016-01-12,117.682,118.071,117.223,117.834,1440
2016-01-13,117.834,118.377,117.37,117.413,1440
2016-01-14,117.414,118.281,117.293,118.223,1440
2016-01-15,118.224,118.261,116.508,117.014,1320
2016-01-17,116.676,117.052,116.665,116.997,120
2016-01-18,117.001,117.439,116.923,117.398,1438
2016-01-19,117.397,118.113,117.232,117.565,1440
2016-01-20,117.564,117.567,115.974,117.197,1438
2016-01-21,117.2,117.936,116.469,117.927,1439
2016-01-22,117.926,118.878,117.538,118.752,1320
2016-01-24,118.647,118.789,118.56,118.56,118
2016-01-25,118.56,118.855,118.171,118.233,1437
2016-01-26,118.233,118.62,117.656,118.387,1440
2016-01-27,118.385,119.065,118.043,118.479,1437
2016-01-28,118.481,118.991,118.414,118.926,1439
2016-01-29,118.927,121.686,118.44,121.12,1320
2016-01-31,121.3,121.487,121.157,121.347,120
2016-02-01,121.344,121.44,120.678,120.854,1440
2016-02-02,120.856,121.013,119.678,119.848,1439
2016-02-03,119.849,120.043,117.05,118.166,1439
2016-02-04,118.165,118.211,116.527,116.853,1440
2016-02-05,116.853,117.428,116.29,116.797,1320
2016-02-07,116.794,117.002,116.788,116.947,120
2016-02-08,116.948,117.524,115.173,115.664,1440
2016-02-09,115.663,115.664,114.204,115.182,1440
2016-02-10,115.182,115.216,113.116,113.24,1440
2016-02-11,113.241,113.486,110.983,112.489,1438
2016-02-12,112.488,113.539,111.667,113.209,1320
2016-02-14,113.381,113.708,113.292,113.678,119
2016-02-15,113.675,114.729,113.272,114.351,1439
2016-02-16,114.351,114.873,113.593,114.133,1440
2016-02-17,114.132,114.502,113.374,114.291,1440
2016-02-18,114.29,114.318,113.142,113.253,1440
2016-02-19,113.256,113.295,112.306,112.577,1320
2016-02-21,112.553,112.64,112.424,112.521,120
2016-02-22,112.526,113.387,112.507,112.954,1440
2016-02-23,112.953,113.0,111.772,111.908,1440
2016-02-24,111.909,112.263,111.039,112.062,1440
2016-02-25,112.061,113.162,111.981,113.139,1440
2016-02-26,113.138,113.988,112.56,113.948,1319
2016-02-28,113.945,113.983,113.558,113.713,118
2016-02-29,113.715,113.856,112.189,112.41,1439
2016-03-01,112.416,114.185,112.157,113.915,1440
2016-03-02,113.917,114.554,113.215,113.487,1440
2016-03-03,113.489,114.269,113.296,113.69,1440
2016-03-04,113.69,114.256,113.122,113.711,1320
2016-03-06,113.915,113.931,113.756,113.827,120
2016-03-07,113.828,113.859,113.225,113.494,1440
2016-03-08,113.492,113.513,112.425,112.693,1440
2016-03-09,112.691,113.453,112.229,113.232,1440
2016-03-10,113.232,114.445,112.606,112.847,1440
2016-03-11,112.848,113.918,112.757,113.794,1320
2016-03-13,113.93,113.953,113.641,113.774,176
2016-03-14,113.772,114.005,113.507,113.825,1433
2016-03-15,113.825,114.128,112.632,113.103,1439
2016-03-16,113.102,113.817,112.328,112.795,1438
2016-03-17,112.795,112.955,110.667,111.362,1435
2016-03-18,111.366,111.758,110.818,111.537,1260
2016-03-20,111.531,111.596,111.334,111.44,173
2016-03-21,111.441,112.173,111.219,112.145,1439
2016-03-22,112.143,112.488,111.377,112.252,1437
2016-03-23,112.252,112.904,112.139,112.422,1439
2016-03-24,112.422,113.005,112.292,112.832,1435
2016-03-25,112.837,113.32,112.809,113.081,1205
2016-03-27,113.181,113.481,113.122,113.461,169
2016-03-28,113.463,113.687,113.149,113.367,1418
2016-03-29,113.368,113.802,112.61,112.675,1440
2016-03-30,112.675,112.698,112.016,112.38,1438
2016-03-31,112.381,112.656,112.109,112.514,1438
2016-04-01,112.516,112.532,111.584,111.604,1260
2016-04-03,111.598,111.793,111.561,111.693,174
2016-04-04,111.691,111.74,111.095,111.225,1437
2016-04-05,111.225,111.272,109.948,110.374,1440
2016-04-06,110.374,110.638,109.34,109.719,1440
2016-04-07,109.719,109.9,107.67,108.475,1440
2016-04-08,108.48,109.098,108.012,108.058,1260
2016-04-10,107.952,108.329,107.952,108.29,178
2016-04-11,108.29,108.439,107.629,107.949,1432
2016-04-12,107.95,108.784,107.889,108.699,1440
2016-04-13,108.699,109.458,108.537,109.432,1439
2016-04-14,109.43,109.544,108.895,109.332,1438
2016-04-15,109.335,109.73,108.601,108.757,1260
2016-04-17,108.184,108.459,107.99,108.065,177
2016-04-18,108.064,109.158,107.835,109.086,1433
2016-04-19,109.086,109.485,108.788,109.213,1436
2016-04-20,109.212,109.895,108.762,109.863,1439
2016-04-21,109.863,109.865,109.322,109.46,1438
2016-04-22,109.461,111.81,109.26,111.792,1260
2016-04-24,111.855,111.884,111.436,111.449,173
2016-04-25,111.449,111.485,110.839,111.125,1439
2016-04-26,111.124,111.475,110.67,111.215,1437
2016-04-27,111.216,111.754,111.028,111.524,1439
2016-04-28,111.523,111.884,107.866,108.102,1438
2016-04-29,108.104,108.111,106.268,106.361,1260
2016-05-01,106.234,106.722,106.224,106.433,177
2016-05-02,106.433,106.819,106.138,106.407,1439
2016-05-03,106.407,107.456,105.549,106.662,1440
2016-05-04,106.661,107.361,106.248,106.936,1440
2016-05-05,106.936,107.498,106.804,107.348,1437
2016-05-06,107.349,107.417,106.434,107.115,1258
2016-05-08,107.061,107.386,107.06,107.36,176
2016-05-09,107.361,108.602,107.232,108.362,1439
2016-05-10,108.364,109.37,108.297,109.217,1438
2016-05-11,109.218,109.219,108.354,108.42,1436
2016-05-12,108.424,109.395,108.228,109.093,1435
2016-05-13,109.091,109.55,108.512,108.616,1260
2016-05-15,108.614,108.69,108.467,108.661,177
2016-05-16,108.663,109.104,108.622,109.088,1435
2016-05-17,109.086,109.651,108.841,109.016,1434
2016-05-18,109.017,110.258,108.722,110.175,1437
2016-05-19,110.178,110.382,109.697,109.917,1432
2016-05-20,109.917,110.585,109.848,110.1,1259
2016-05-22,110.121,110.241,109.999,110.027,170
2016-05-23,110.029,110.085,109.11,109.372,1433
2016-05-24,109.374,110.187,109.169,110.161,1434
2016-05-25,110.161,110.447,109.864,110.132,1438
2016-05-26,110.131,110.207,109.417,109.708,1437
2016-05-27,109.709,110.445,109.474,110.247,1258
2016-05-29,110.396,110.854,110.362,110.774,173
2016-05-30,110.775,111.446,110.716,110.843,1432
2016-05-31,110.843,111.349,110.502,110.633,1439
2016-06-01,110.634,110.827,109.05,109.463,1438
2016-06-02,109.466,109.466,108.524,108.861,1436
2016-06-03,108.862,109.135,106.465,106.465,1260
2016-06-05,106.551,106.831,106.365,106.672,175
2016-06-06,106.671,107.654,106.525,107.454,1439
2016-06-07,107.455,107.903,107.151,107.295,1435
2016-06-08,107.293,107.298,106.594,106.77,1440
2016-06-09,106.77,107.174,106.257,107.106,1436
2016-06-10,107.104,107.259,106.556,106.924,1260
2016-06-12,106.81,106.859,106.378,106.481,166
2016-06-13,106.487,106.636,105.735,106.186,1437
2016-06-14,106.188,106.419,105.626,106.082,1438
2016-06-15,106.081,106.397,105.434,105.887,1439
2016-06-16,105.889,105.889,103.55,104.769,1439
2016-06-17,104.769,104.828,104.083,104.125,1260
2016-06-19,104.679,104.802,104.41,104.626,175
2016-06-20,104.626,104.842,103.77,103.82,1438
2016-06-21,103.827,105.054,103.585,104.71,1436
2016-06-22,104.711,104.971,104.313,104.659,1440
2016-06-23,104.658,106.812,103.084,104.929,1440
2016-06-24,104.927,105.707,98.979,102.144,1260
2016-06-26,101.508,102.306,101.497,102.198,177
2016-06-27,102.195,102.471,101.396,101.807,1438
2016-06-28,101.804,102.84,101.555,102.696,1437
2016-06-29,102.697,103.013,102.172,102.784,1439
2016-06-30,102.788,103.396,102.361,103.088,1440
2016-07-01,103.093,103.163,102.442,102.498,1259
2016-07-03,102.598,102.668,102.448,102.481,170
2016-07-04,102.482,102.801,102.418,102.524,1429
2016-07-05,102.518,102.524,101.056,101.161,1437
2016-07-06,101.159,101.462,100.199,101.134,1438
2016-07-07,101.135,101.251,100.596,100.758,1433
2016-07-08,100.757,101.277,99.991,100.505,1259
2016-07-10,100.613,100.8,100.532,100.697,172
2016-07-11,100.696,102.891,100.557,102.506,1437
2016-07-12,102.505,104.985,102.448,104.722,1432
2016-07-13,104.721,104.861,103.899,104.042,1435
2016-07-14,104.045,105.937,103.983,105.147,1435
2016-07-15,105.137,106.314,104.625,104.825,1259
2016-07-17,105.32,106.009,105.314,105.397,173
2016-07-18,105.4,106.327,105.27,106.167,1435
2016-07-19,106.175,106.529,105.646,106.118,1433
2016-07-20,106.119,107.431,105.829,107.186,1439
2016-07-21,107.187,107.49,105.421,105.789,1439
2016-07-22,105.788,106.398,105.566,106.061,1259
2016-07-24,106.12,106.413,106.087,106.282,169
2016-07-25,106.284,106.721,105.563,105.592,1435
2016-07-26,105.591,105.635,103.99,104.847,1440
2016-07-27,104.854,106.54,104.813,104.918,1439
2016-07-28,104.916,105.504,103.364,104.829,1438
2016-07-29,104.828,105.608,101.968,102.03,1260
2016-07-31,102.268,102.55,102.004,102.333,177
2016-08-01,102.338,102.682,102.115,102.308,1435
2016-08-02,102.323,102.828,100.678,101.076,1436
2016-08-03,101.08,101.567,100.747,101.342,1433
2016-08-04,101.34,101.665,100.861,101.199,1430
2016-08-05,101.198,102.058,100.871,101.803,1259
2016-08-07,101.977,102.258,101.859,102.048,178
2016-08-08,102.047,102.655,101.908,102.281,1427
2016-08-09,102.287,102.528,101.79,101.925,1437
2016-08-10,101.927,101.932,100.966,101.135,1438
2016-08-11,101.137,102.053,101.022,101.826,1430
2016-08-12,101.828,102.269,100.831,101.269,1259
2016-08-14,101.143,101.414,101.115,101.256,172
2016-08-15,101.261,101.451,100.868,101.264,1432
2016-08-16,101.265,101.265,99.54,100.166,1435
2016-08-17,100.166,101.163,99.677,99.893,1433
2016-08-18,99.894,100.492,99.644,100.131,1438
2016-08-19,100.133,100.457,100.026,100.198,1259
2016-08-21,100.75,100.763,100.277,100.56,179
2016-08-22,100.559,100.93,100.211,100.269,1431
2016-08-23,100.267,100.381,99.939,100.296,1435
2016-08-24,100.296,100.606,100.092,100.561,1431
2016-08-25,100.566,100.615,100.3,100.563,1427
2016-08-26,100.563,101.943,100.06,101.795,1256
2016-08-28,102.038,102.095,101.828,101.917,178
2016-08-29,101.915,102.389,101.776,101.831,1432
2016-08-30,101.831,103.135,101.751,102.885,1430
2016-08-31,102.883,103.53,102.858,103.313,1438
2016-09-01,103.315,103.997,103.06,103.253,1439
2016-09-02,103.252,104.319,102.8,103.944,1260
2016-09-04,104.084,104.127,103.915,103.929,165
2016-09-05,103.927,104.045,103.145,103.503,1418
2016-09-06,103.503,103.806,101.246,101.589,1438
2016-09-07,101.591,101.857,101.202,101.835,1434
2016-09-08,101.842,102.596,101.411,102.302,1440
2016-09-09,102.31,103.054,101.964,102.661,1260
2016-09-11,102.552,102.623,102.3,102.472,176
2016-09-12,102.473,102.664,101.564,101.736,1438
2016-09-13,101.734,102.746,101.42,102.493,1440
2016-09-14,102.497,103.356,102.249,102.551,1433
2016-09-15,102.555,102.752,101.736,101.984,1439
2016-09-16,101.989,102.461,101.772,102.225,1259
2016-09-18,102.115,102.414,102.115,102.316,177
2016-09-19,102.314,102.369,101.579,101.899,1434
2016-09-20,101.906,102.061,101.496,101.611,1434
2016-09-21,101.611,102.783,100.244,100.39,1438
2016-09-22,100.395,100.929,100.097,100.833,1435
2016-09-23,100.834,101.244,100.674,101.029,1259
2016-09-25,101.039,101.056,100.849,100.915,164
2016-09-26,100.916,101.078,100.247,100.374,1440
2016-09-27,100.381,100.987,100.082,100.487,1431
2016-09-28,100.491,101.012,100.411,100.94,1439
2016-09-29,100.943,101.839,100.836,101.196,1436
2016-09-30,101.2,101.779,100.745,101.315,1260
2016-10-02,101.213,101.586,101.181,101.533,175
2016-10-03,101.538,101.854,101.208,101.837,1437
2016-10-04,101.835,102.966,101.824,102.867,1437
2016-10-05,102.866,103.666,102.67,103.447,1431
2016-10-06,103.445,104.157,103.348,103.751,1436
2016-10-07,103.755,103.986,102.857,102.875,1260
2016-10-09,103.25,103.306,102.948,103.032,167
2016-10-10,103.04,103.784,102.807,103.704,1427
2016-10-11,103.702,104.07,103.171,103.358,1437
2016-10-12,103.359,104.48,103.296,104.303,1435
2016-10-13,104.304,104.634,103.332,103.725,1432
2016-10-14,103.737,104.475,103.631,104.136,1260
2016-10-16,104.313,104.365,104.04,104.043,158
2016-10-17,104.041,104.37,103.762,103.857,1426
2016-10-18,103.855,104.198,103.68,103.864,1430
2016-10-19,103.865,103.947,103.166,103.392,1435
2016-10-20,103.393,104.168,103.393,104.112,1434
2016-10-21,104.112,104.2,103.52,103.784,1260
2016-10-23,103.823,103.992,103.809,103.917,169
2016-10-24,103.916,104.375,103.719,104.324,1439
2016-10-25,104.322,104.874,104.053,104.167,1434
2016-10-26,104.164,104.671,104.022,104.561,1439
2016-10-27,104.565,105.347,104.295,105.22,1432
2016-10-28,105.222,105.532,104.462,104.697,1257
2016-10-30,104.403,104.682,104.403,104.566,176
2016-10-31,104.568,105.229,104.524,104.822,1438
2016-11-01,104.821,105.115,103.797,104.081,1440
2016-11-02,104.086,104.165,103.018,103.383,1432
2016-11-03,103.386,103.44,102.549,103.064,1437
2016-11-04,103.062,103.353,102.831,103.088,1260
2016-11-06,104.062,104.48,103.775,104.154,120
2016-11-07,104.159,104.63,103.837,104.453,1440
2016-11-08,104.463,105.235,104.294,104.98,1440
2016-11-09,104.975,105.897,101.186,105.803,1439
2016-11-10,105.807,106.944,104.962,106.803,1440
2016-11-11,106.808,106.932,106.031,106.623,1320
2016-11-13,106.84,106.899,106.731,106.882,119
2016-11-14,106.884,108.54,106.844,108.21,1437
2016-11-15,108.213,109.335,107.768,108.986,1439
2016-11-16,108.995,109.754,108.602,108.774,1440
2016-11-17,108.775,110.335,108.551,110.24,1440
2016-11-18,110.244,110.949,109.798,110.862,1320
2016-11-20,110.908,111.114,110.896,110.936,119
2016-11-21,110.939,111.363,110.457,110.653,1440
2016-11-22,110.668,111.356,110.267,110.977,1438
2016-11-23,110.975,112.971,110.855,112.553,1440
2016-11-24,112.551,113.528,112.41,113.258,1435
2016-11-25,113.265,113.898,112.555,113.21,1315
2016-11-27,112.8,112.971,112.582,112.642,118
2016-11-28,112.644,112.795,111.358,111.666,1440
2016-11-29,111.673,113.335,111.673,112.463,1438
2016-11-30,112.469,114.824,112.054,114.682,1440
2016-12-01,114.683,114.723,113.831,113.897,1438
2016-12-02,113.899,114.203,113.327,113.488,1320
2016-12-04,113.273,113.564,112.869,113.516,120
2016-12-05,113.53,114.773,113.154,113.857,1440
2016-12-06,113.859,114.185,113.501,114.041,1439
2016-12-07,114.046,114.399,113.412,113.732,1438
2016-12-08,113.733,114.374,113.13,114.057,1439
2016-12-09,114.059,115.367,114.008,115.258,1320
2016-12-11,115.393,115.54,115.359,115.416,120
2016-12-12,115.417,116.121,114.73,114.976,1438
2016-12-13,114.978,115.476,114.775,115.216,1439
2016-12-14,115.217,117.395,114.769,117.205,1440
2016-12-15,117.206,118.663,117.191,118.251,1440
2016-12-16,118.252,118.426,117.468,117.87,1320
2016-12-18,117.926,117.968,117.711,117.806,118
2016-12-19,117.808,117.838,116.546,117.018,1439
2016-12-20,117.023,118.241,116.991,117.829,1439
2016-12-21,117.829,118.067,117.108,117.617,1436
2016-12-22,117.618,117.875,117.267,117.526,1430
2016-12-23,117.529,117.561,117.171,117.284,1312
2016-12-25,117.154,117.363,117.107,117.313,88
2016-12-26,117.313,117.321,117.0,117.192,478
2016-12-27,117.193,117.616,117.191,117.478,1432
2016-12-28,117.479,117.811,116.843,117.082,1440
2016-12-29,117.084,117.088,116.04,116.306,1438
2016-12-30,116.326,117.194,116.113,117.004,1318
2017-01-02,116.858,117.662,116.858,117.45,994
2017-01-03,117.453,118.605,117.224,117.632,1435
2017-01-04,117.635,118.184,117.052,117.131,1439
2017-01-05,117.132,117.132,115.069,115.341,1440
2017-01-06,115.341,117.179,115.24,116.947,1318
2017-01-08,117.002,117.232,116.996,117.147,119
2017-01-09,117.147,117.531,115.645,115.984,1440
2017-01-10,115.993,116.343,115.196,115.869,1438
2017-01-11,115.87,116.87,114.244,115.096,1440
2017-01-12,115.096,115.231,113.755,114.667,1440
2017-01-13,114.671,115.443,114.168,114.449,1320
2017-01-15,114.316,114.471,114.092,114.219,120
2017-01-16,114.214,114.451,113.622,114.156,1432
2017-01-17,114.159,114.278,112.564,112.89,1439
2017-01-18,112.894,114.837,112.641,114.712,1439
2017-01-19,114.706,115.616,114.4,114.938,1437
2017-01-20,114.936,115.384,114.209,114.582,1320
2017-01-22,114.239,114.418,113.755,113.804,120
2017-01-23,113.807,114.073,112.522,112.782,1439
2017-01-24,112.791,113.987,112.553,113.862,1438
2017-01-25,113.855,113.982,113.036,113.272,1438
2017-01-26,113.27,114.854,113.05,114.419,1440
2017-01-27,114.421,115.374,114.392,115.068,1320
2017-01-29,114.723,114.951,114.573,114.652,120
2017-01-30,114.651,114.935,113.45,113.681,1438
2017-01-31,113.679,113.962,112.079,112.773,1439
2017-02-01,112.772,113.951,112.742,113.295,1435
2017-02-02,113.293,113.299,112.051,112.81,1440
2017-02-03,112.81,113.467,112.315,112.567,1320
2017-02-05,112.439,112.704,112.432,112.647,119
2017-02-06,112.649,112.775,111.622,111.829,1440
2017-02-07,111.828,112.577,111.591,112.379,1439
2017-02-08,112.386,112.545,111.63,111.968,1440
2017-02-09,111.967,113.467,111.884,113.43,1440
2017-02-10,113.427,113.855,112.86,113.186,1320
2017-02-12,113.545,113.965,113.453,113.93,117
2017-02-13,113.93,114.166,113.437,113.684,1440
2017-02-14,113.682,114.497,113.248,114.285,1440
2017-02-15,114.287,114.956,113.868,114.123,1437
2017-02-16,114.125,114.16,113.085,113.318,1440
2017-02-17,113.32,113.5,112.618,112.817,1320
2017-02-19,112.85,112.98,112.791,112.917,120
2017-02-20,112.92,113.296,112.835,113.271,1433
2017-02-21,113.27,113.777,113.236,113.671,1438
2017-02-22,113.672,113.678,112.906,113.409,1440
2017-02-23,113.41,113.421,112.551,112.696,1439
2017-02-24,112.695,112.953,111.935,112.11,1319
2017-02-26,112.129,112.316,112.128,112.179,119
2017-02-27,112.186,112.842,111.917,112.745,1440
2017-02-28,112.745,113.109,111.689,113.093,1440
2017-03-01,113.093,114.139,112.766,114.116,1440
2017-03-02,114.115,114.589,113.827,114.352,1439
2017-03-03,114.35,114.747,113.81,113.99,1320
2017-03-05,113.868,114.135,113.8,113.814,118
2017-03-06,113.811,114.1,113.557,113.902,1438
2017-03-07,113.901,114.153,113.728,113.92,1436
2017-03-08,113.919,114.755,113.607,114.412,1440
2017-03-09,114.413,115.194,114.363,115.14,1440
2017-03-10,115.138,115.503,114.655,114.698,1319
2017-03-12,114.718,114.882,114.67,114.758,169
2017-03-13,114.757,114.975,114.481,114.913,1437
2017-03-14,114.913,115.193,114.517,114.654,1432
2017-03-15,114.653,114.883,113.172,113.389,1439
2017-03-16,113.387,113.536,112.902,113.352,1440
2017-03-17,113.353,113.491,112.563,112.662,1259
2017-03-19,112.666,112.753,112.574,112.676,174
2017-03-20,112.675,112.895,112.436,112.561,1430
2017-03-21,112.56,112.865,111.43,111.53,1438
2017-03-22,111.529,111.765,110.73,111.368,1440
2017-03-23,111.371,111.578,110.627,110.991,1440
2017-03-24,110.996,111.48,110.625,111.294,1260
2017-03-26,110.887,111.039,110.416,110.55,174
2017-03-27,110.549,110.825,110.11,110.766,1435
2017-03-28,110.766,111.239,110.177,111.229,1438
2017-03-29,111.227,111.314,110.715,111.148,1434
2017-03-30,111.148,111.94,110.94,111.736,1436
2017-03-31,111.734,112.195,111.241,111.382,1260
2017-04-02,111.392,111.5,111.223,111.27,162
2017-04-03,111.269,111.585,110.681,110.683,1434
2017-04-04,110.682,110.909,110.268,110.843,1430
2017-04-05,110.846,111.452,110.356,110.395,1440
2017-04-06,110.398,111.142,110.289,110.885,1435
2017-04-07,110.887,111.364,110.131,111.058,1260
2017-04-09,111.035,111.361,111.009,111.22,174
2017-04-10,111.22,111.578,110.656,110.69,1438
2017-04-11,110.691,110.845,109.532,109.558,1438
2017-04-12,109.558,109.866,108.842,108.888,1437
2017-04-13,108.887,109.392,108.721,109.114,1433
2017-04-14,109.114,109.221,108.547,108.55,1246
2017-04-16,108.697,108.809,108.234,108.308,178
2017-04-17,108.317,109.165,108.131,109.124,1435
2017-04-18,109.126,109.222,108.32,108.543,1438
2017-04-19,108.541,109.18,108.41,108.829,1437
2017-04-20,108.83,109.486,108.719,109.38,1437
2017-04-21,109.385,109.389,108.879,109.06,1259
2017-04-23,110.496,110.534,109.936,110.025,180
2017-04-24,110.019,110.346,109.591,109.629,1437
2017-04-25,109.627,111.187,109.623,111.076,1440
2017-04-26,111.073,111.779,110.848,111.173,1440
2017-04-27,111.176,111.599,111.04,111.217,1434
2017-04-28,111.218,111.715,111.069,111.479,1260
2017-04-30,111.288,111.449,111.205,111.307,166
2017-05-01,111.306,111.943,111.299,111.814,1430
2017-05-02,111.817,112.304,111.816,111.972,1433
2017-05-03,111.972,112.829,111.968,112.799,1439
2017-05-04,112.798,113.047,112.317,112.545,1433
2017-05-05,112.544,112.801,112.087,112.694,1260
2017-05-07,112.932,112.96,112.619,112.662,179
2017-05-08,112.662,113.293,112.395,113.22,1438
2017-05-09,113.221,114.327,113.133,113.697,1439
2017-05-10,113.701,114.366,113.648,114.335,1440
2017-05-11,114.336,114.347,113.458,113.819,1434
2017-05-12,113.822,113.951,113.197,113.342,1260
2017-05-14,113.125,113.348,113.125,113.265,178
2017-05-15,113.264,113.849,113.233,113.645,1439
2017-05-16,113.643,113.771,112.62,112.688,1440
2017-05-17,112.687,112.732,110.523,111.064,1440
2017-05-18,111.063,111.732,110.234,111.433,1439
2017-05-19,111.434,111.697,111.041,111.237,1259
2017-05-21,110.988,111.326,110.988,111.282,177
2017-05-22,111.28,111.606,110.859,110.902,1440
2017-05-23,110.903,111.988,110.903,111.959,1438
2017-05-24,111.958,112.125,111.475,111.54,1440
2017-05-25,111.542,111.949,111.511,111.738,1438
2017-05-26,111.743,111.804,110.878,111.294,1259
2017-05-28,111.222,111.32,111.151,111.251,159
2017-05-29,111.254,111.465,111.163,111.187,1438
2017-05-30,111.189,111.232,110.665,110.836,1440
2017-05-31,110.844,111.226,110.48,110.797,1440
2017-06-01,110.798,111.479,110.769,111.442,1440
2017-06-02,111.443,111.709,110.33,110.368,1260
2017-06-04,110.341,110.556,110.341,110.467,174
2017-06-05,110.466,110.729,110.306,110.389,1436
2017-06-06,110.394,110.442,109.226,109.496,1439
2017-06-07,109.495,109.919,109.113,109.916,1438
2017-06-08,109.916,110.382,109.38,109.872,1439
2017-06-09,109.871,110.809,109.863,110.33,1260
2017-06-11,110.283,110.438,110.276,110.307,169
2017-06-12,110.308,110.333,109.631,109.926,1439
2017-06-13,109.931,110.268,109.912,110.063,1433
2017-06-14,110.066,110.341,108.814,109.443,1439
2017-06-15,109.442,110.995,109.395,110.995,1439
2017-06-16,110.992,111.416,110.646,110.834,1259
2017-06-18,110.887,110.978,110.725,110.972,166
2017-06-19,110.971,111.738,110.908,111.692,1439
2017-06-20,111.693,111.785,111.269,111.337,1437
2017-06-21,111.336,111.736,111.067,111.326,1438
2017-06-22,111.326,111.445,110.95,111.296,1438
2017-06-23,111.296,111.428,111.151,111.241,1258
2017-06-25,111.154,111.323,111.137,111.236,167
2017-06-26,111.235,111.944,111.211,111.867,1434
2017-06-27,111.87,112.465,111.461,112.196,1437
2017-06-28,112.196,112.413,111.829,112.353,1439
2017-06-29,112.353,112.925,111.811,111.991,1438
2017-06-30,111.996,112.602,111.73,112.365,1260
2017-07-02,112.088,112.388,112.073,112.242,175
2017-07-03,112.244,113.47,112.196,113.381,1439
2017-07-04,113.387,113.392,112.738,112.965,1429
2017-07-05,112.968,113.683,112.824,113.198,1439
2017-07-06,113.202,113.468,112.885,113.153,1439
2017-07-07,113.153,114.177,113.152,113.878,1259
2017-07-09,113.866,114.065,113.866,113.972,177
2017-07-10,113.971,114.3,113.906,114.06,1437
2017-07-11,114.066,114.493,113.716,113.746,1440
2017-07-12,113.746,113.805,112.925,113.326,1431
2017-07-13,113.328,113.523,112.862,113.419,1436
2017-07-14,113.42,113.575,112.267,112.509,1259
2017-07-16,112.456,112.618,112.397,112.409,168
2017-07-17,112.41,112.866,112.326,112.601,1427
2017-07-18,112.6,112.621,111.685,111.991,1437
2017-07-19,111.99,112.231,111.553,111.884,1437
2017-07-20,111.883,112.415,111.48,111.888,1439
2017-07-21,111.889,112.076,111.011,111.113,1258
2017-07-23,111.086,111.2,110.92,110.934,165
2017-07-24,110.935,111.316,110.62,111.235,1439
2017-07-25,111.241,112.027,110.828,112.008,1439
2017-07-26,112.007,112.199,111.047,111.158,1439
2017-07-27,111.158,111.709,110.78,111.092,1440
2017-07-28,111.09,111.285,110.55,110.664,1260
2017-07-30,110.628,110.674,110.487,110.507,167
2017-07-31,110.506,110.769,110.211,110.354,1438
2017-08-01,110.355,110.586,109.926,110.439,1440
2017-08-02,110.436,110.981,110.284,110.755,1437
2017-08-03,110.757,110.822,109.844,109.888,1438
2017-08-04,109.887,111.047,109.847,110.651,1259
2017-08-06,110.72,110.848,110.675,110.808,165
2017-08-07,110.808,110.917,110.645,110.763,1429
2017-08-08,110.766,110.826,110.063,110.103,1433
2017-08-09,110.104,110.161,109.558,110.037,1435
2017-08-10,110.034,110.177,109.08,109.099,1440
2017-08-11,109.094,109.4,108.735,109.168,1260
2017-08-13,109.158,109.253,109.042,109.253,173
2017-08-14,109.258,109.955,109.2,109.932,1438
2017-08-15,109.938,110.847,109.924,110.591,1437
2017-08-16,110.592,110.947,109.981,109.996,1439
2017-08-17,109.997,110.368,109.293,109.336,1439
2017-08-18,109.338,109.597,108.601,109.184,1260
2017-08-20,109.353,109.42,109.241,109.33,161
2017-08-21,109.329,109.374,108.635,108.996,1436
2017-08-22,108.997,109.752,108.997,109.73,1436
2017-08-23,109.731,109.823,108.847,108.899,1437
2017-08-24,108.898,109.612,108.898,109.515,1440
2017-08-25,109.517,109.841,109.111,109.341,1258
2017-08-27,109.154,109.349,109.154,109.338,168
2017-08-28,109.339,109.411,108.331,108.726,1438
2017-08-29,108.725,109.896,108.265,109.766,1439
2017-08-30,109.768,110.509,109.668,110.47,1440
2017-08-31,110.467,110.669,109.88,110.131,1440
2017-09-01,110.132,110.475,109.562,110.235,1256
2017-09-03,109.49,109.891,109.484,109.807,180
2017-09-04,109.806,109.932,109.382,109.805,1417
2017-09-05,109.804,109.804,108.511,108.605,1440
2017-09-06,108.604,109.396,108.454,109.16,1434
2017-09-07,109.159,109.218,108.048,108.28,1438
2017-09-08,108.268,108.483,107.319,107.809,1260
2017-09-10,108.172,108.488,108.115,108.243,178
2017-09-11,108.244,109.504,108.213,109.4,1435
2017-09-12,109.401,110.289,109.288,110.23,1438
2017-09-13,110.231,110.688,109.903,110.497,1439
2017-09-14,110.496,111.041,109.547,109.935,1439
2017-09-15,109.937,111.331,109.9,110.81,1260
2017-09-17,111.056,111.235,110.992,111.173,168
2017-09-18,111.175,111.661,111.13,111.483,1437
2017-09-19,111.483,111.879,111.201,111.588,1436
2017-09-20,111.592,112.577,111.109,112.547,1437
2017-09-21,112.548,112.714,112.135,112.456,1430
2017-09-22,112.453,112.554,111.651,111.98,1258
2017-09-24,112.14,112.477,112.114,112.443,174
2017-09-25,112.444,112.526,111.474,111.735,1440
2017-09-26,111.735,112.475,111.497,112.382,1437
2017-09-27,112.386,113.254,112.271,112.884,1439
2017-09-28,112.883,113.208,112.251,112.478,1438
2017-09-29,112.479,112.737,112.216,112.483,1260
2017-10-01,112.627,112.697,112.448,112.656,170
2017-10-02,112.657,113.058,112.53,112.773,1428
2017-10-03,112.771,113.194,112.666,112.853,1437
2017-10-04,112.852,112.936,112.322,112.819,1426
2017-10-05,112.818,112.916,112.411,112.787,1428
2017-10-06,112.784,113.436,112.604,112.618,1258
2017-10-08,112.567,112.669,112.326,112.538,170
2017-10-09,112.542,112.746,112.507,112.672,1430
2017-10-10,112.676,112.825,111.988,112.353,1433
2017-10-11,112.352,112.583,112.08,112.444,1434
2017-10-12,112.442,112.463,112.124,112.239,1426
2017-10-13,112.237,112.257,111.69,111.778,1257
2017-10-15,111.729,111.973,111.729,111.874,172
2017-10-16,111.875,112.285,111.651,112.182,1429
2017-10-17,112.183,112.477,112.034,112.212,1428
2017-10-18,112.211,113.09,112.132,113.009,1424
2017-10-19,113.015,113.146,112.297,112.677,1432
2017-10-20,112.679,113.567,112.602,113.493,1259
2017-10-22,113.849,114.097,113.778,114.054,178
2017-10-23,114.05,114.07,113.243,113.332,1437
2017-10-24,113.332,114.018,113.246,113.94,1437
2017-10-25,113.945,114.24,113.48,113.579,1437
2017-10-26,113.579,114.148,113.34,114.115,1439
2017-10-27,114.126,114.451,113.643,113.657,1260
2017-10-29,113.717,113.8,113.677,113.721,170
2017-10-30,113.718,113.834,112.983,113.013,1432
2017-10-31,113.016,113.73,112.956,113.653,1438
2017-11-01,113.651,114.278,113.627,114.17,1438
2017-11-02,114.171,114.216,113.539,114.018,1431
2017-11-03,114.017,114.424,113.63,114.038,1256
2017-11-05,114.0,114.204,114.0,114.17,119
2017-11-06,114.171,114.732,113.69,113.77,1439
2017-11-07,113.769,114.339,113.655,113.746,1440
2017-11-08,113.751,113.972,113.393,113.916,1437
2017-11-09,113.914,114.067,113.09,113.362,1439
2017-11-10,113.353,113.634,113.219,113.498,1320
2017-11-12,113.471,113.704,113.468,113.694,116
2017-11-13,113.697,113.712,113.243,113.604,1437
2017-11-14,113.605,113.909,113.307,113.414,1438
2017-11-15,113.415,113.493,112.478,112.764,1439
2017-11-16,112.763,113.328,112.733,113.045,1439
2017-11-17,113.045,113.049,111.943,112.057,1320
2017-11-19,112.113,112.193,111.884,112.017,119
2017-11-20,112.019,112.716,111.944,112.553,1435
2017-11-21,112.553,112.701,112.173,112.337,1437
2017-11-22,112.336,112.349,111.14,111.282,1439
2017-11-23,111.281,111.38,111.067,111.256,1413
2017-11-24,111.263,111.621,111.252,111.488,1312
2017-11-26,111.478,111.69,111.475,111.662,119
2017-11-27,111.661,111.661,110.84,111.137,1439
2017-11-28,111.136,111.659,110.929,111.631,1439
2017-11-29,111.626,112.148,111.373,112.005,1439
2017-11-30,112.004,112.693,111.735,112.584,1437
2017-12-01,112.584,112.872,111.409,112.173,1320
2017-12-03,112.772,112.894,112.638,112.89,120
2017-12-04,112.888,113.089,112.364,112.494,1440
2017-12-05,112.495,112.864,112.376,112.466,1439
2017-12-06,112.465,112.532,111.991,112.308,1440
2017-12-07,112.309,113.207,112.309,113.202,1433
2017-12-08,113.204,113.586,113.108,113.448,1320
2017-12-10,113.513,113.627,113.498,113.562,109
2017-12-11,113.563,113.687,113.24,113.547,1435
2017-12-12,113.545,113.75,113.369,113.535,1433
2017-12-13,113.534,113.536,112.458,112.767,1440
2017-12-14,112.766,112.882,112.064,112.39,1440
2017-12-15,112.392,112.742,112.03,112.567,1320
2017-12-17,112.694,112.745,112.48,112.727,119
2017-12-18,112.733,112.828,112.306,112.575,1432
2017-12-19,112.574,113.076,112.51,113.003,1434
2017-12-20,113.001,113.464,112.855,113.247,1436
2017-12-21,113.249,113.634,113.198,113.319,1436
2017-12-22,113.316,113.446,113.248,113.254,1318
2017-12-25,113.195,113.328,113.162,113.307,111
2017-12-26,113.308,113.352,113.118,113.209,1404
2017-12-27,113.21,113.377,113.113,113.217,1438
2017-12-28,113.218,113.265,112.663,112.876,1429
2017-12-29,112.88,112.968,112.47,112.661,1317
2018-01-01,112.645,112.787,112.576,112.771,118
2018-01-02,112.772,112.789,112.054,112.255,1433
2018-01-03,112.253,112.622,112.189,112.606,1428
2018-01-04,112.609,112.863,112.487,112.801,1434
2018-01-05,112.803,113.307,112.723,113.023,1319
2018-01-07,113.116,113.18,113.005,113.159,113
2018-01-08,113.157,113.384,112.88,113.148,1426
2018-01-09,113.147,113.178,112.365,112.773,1437
2018-01-10,112.775,112.78,111.27,111.459,1437
2018-01-11,111.457,111.874,111.042,111.285,1440
2018-01-12,111.286,111.694,110.914,111.027,1320
2018-01-14,111.08,111.164,110.974,111.14,117
2018-01-15,111.142,111.182,110.327,110.617,1431
2018-01-16,110.616,110.98,110.245,110.394,1438
2018-01-17,110.394,111.39,110.192,111.354,1440
2018-01-18,111.354,111.481,110.694,111.038,1439
2018-01-19,111.039,111.129,110.49,110.764,1320
2018-01-21,110.533,110.803,110.502,110.687,119
2018-01-22,110.688,111.221,110.592,110.981,1438
2018-01-23,110.979,111.176,110.062,110.122,1440
2018-01-24,110.123,110.296,108.966,109.319,1440
2018-01-25,109.319,109.719,108.5,109.671,1440
2018-01-26,109.669,109.769,108.281,108.553,1320
2018-01-28,108.674,108.779,108.59,108.605,117
2018-01-29,108.607,109.201,108.508,108.944,1438
2018-01-30,108.943,109.203,108.413,108.742,1440
2018-01-31,108.746,109.443,108.594,109.194,1439
2018-02-01,109.192,109.749,109.093,109.397,1440
2018-02-02,109.399,110.479,109.279,110.125,1320
2018-02-04,110.179,110.28,110.022,110.034,118
2018-02-05,110.027,110.263,108.99,109.052,1440
2018-02-06,109.054,109.707,108.454,109.627,1440
2018-02-07,109.635,109.701,108.918,109.154,1439
2018-02-08,109.152,109.782,108.495,108.553,1439
2018-02-09,108.556,109.307,108.045,108.755,1320
2018-02-11,108.873,108.881,108.696,108.8,108
2018-02-12,108.801,108.807,108.436,108.718,1435
2018-02-13,108.717,108.765,107.406,107.765,1439
2018-02-14,107.766,107.901,106.42,106.548,1437
2018-02-15,106.549,106.888,106.022,106.104,1440
2018-02-16,106.103,106.398,105.55,106.176,1320
2018-02-18,106.291,106.364,106.137,106.262,116
2018-02-19,106.267,106.737,106.093,106.717,1423
2018-02-20,106.718,107.393,106.642,107.392,1435
2018-02-21,107.391,107.901,107.288,107.578,1439
2018-02-22,107.58,107.761,106.592,106.838,1437
2018-02-23,106.839,107.131,106.51,106.85,1320
2018-02-25,107.133,107.133,106.906,107.076,120
2018-02-26,107.076,107.09,106.374,107.069,1434
2018-02-27,107.068,107.673,106.783,107.427,1439
2018-02-28,107.428,107.526,106.564,106.635,1439
2018-03-01,106.636,107.204,106.073,106.171,1440
2018-03-02,106.171,106.291,105.25,105.718,1320
2018-03-04,105.419,105.677,105.419,105.56,120
2018-03-05,105.562,106.278,105.35,106.255,1439
2018-03-06,106.256,106.461,105.455,105.579,1440
2018-03-07,105.581,106.219,105.504,106.18,1437
2018-03-08,106.178,106.439,105.891,106.421,1440
2018-03-09,106.419,107.051,106.349,106.78,1320
2018-03-11,106.62,106.968,106.62,106.902,156
2018-03-12,106.9,106.97,106.258,106.289,1430
2018-03-13,106.296,107.293,106.252,106.527,1436
2018-03-14,106.529,106.747,106.064,106.162,1437
2018-03-15,106.161,106.413,105.784,106.308,1438
2018-03-16,106.309,106.333,105.601,105.976,1259
2018-03-18,105.904,106.068,105.897,105.957,168
2018-03-19,105.96,106.306,105.676,106.016,1439
2018-03-20,106.016,106.603,105.982,106.476,1428
2018-03-21,106.476,106.638,105.88,105.94,1423
2018-03-22,105.938,105.968,104.635,104.958,1439
2018-03-23,104.959,105.285,104.657,104.709,1260
2018-03-25,104.64,104.867,104.627,104.839,173
2018-03-26,104.831,105.544,104.724,105.541,1435
2018-03-27,105.545,105.901,105.316,105.476,1440
2018-03-28,105.477,107.009,105.423,106.803,1440
2018-03-29,106.804,106.931,106.265,106.485,1434
2018-03-30,106.486,106.512,106.119,106.247,1226
2018-04-01,106.206,106.397,106.187,106.319,158
2018-04-02,106.32,106.446,105.654,105.795,1420
2018-04-03,105.796,106.654,105.69,106.441,1437
2018-04-04,106.442,106.845,105.988,106.786,1437
2018-04-05,106.787,107.491,106.709,107.106,1439
2018-04-06,107.104,107.458,106.777,106.903,1259
2018-04-08,106.933,107.037,106.799,106.956,164
2018-04-09,106.955,107.201,106.614,106.754,1438
2018-04-10,106.753,107.398,106.616,107.128,1437
2018-04-11,107.129,107.15,106.65,106.825,1430
2018-04-12,106.824,107.425,106.698,107.249,1436
2018-04-13,107.252,107.777,107.249,107.326,1257
2018-04-15,107.467,107.606,107.435,107.52,172
2018-04-16,107.52,107.52,107.034,107.052,1432
2018-04-17,107.057,107.206,106.881,107.02,1430
2018-04-18,107.021,107.383,107.006,107.354,1431
2018-04-19,107.356,107.514,107.237,107.445,1436
2018-04-20,107.443,107.854,107.392,107.626,1260
2018-04-22,107.757,107.886,107.653,107.879,170
2018-04-23,107.879,108.787,107.732,108.772,1430
2018-04-24,108.771,109.197,108.541,108.8,1434
2018-04-25,108.801,109.466,108.785,109.372,1439
2018-04-26,109.375,109.454,109.063,109.3,1415
2018-04-27,109.298,109.535,108.966,109.011,1259
2018-04-29,109.062,109.178,109.022,109.093,153
2018-04-30,109.091,109.451,109.019,109.311,1416
2018-05-01,109.31,109.917,109.254,109.87,1432
2018-05-02,109.869,110.033,109.593,109.839,1433
2018-05-03,109.839,109.853,108.927,109.103,1431
2018-05-04,109.102,109.269,108.644,109.104,1257
2018-05-06,109.108,109.199,109.037,109.14,164
2018-05-07,109.143,109.394,108.756,108.945,1425
2018-05-08,108.944,109.348,108.828,109.034,1434
2018-05-09,109.033,109.87,109.0,109.84,1424
2018-05-10,109.846,110.015,109.313,109.455,1430
2018-05-11,109.456,109.566,109.15,109.363,1256
2018-05-13,109.315,109.403,109.249,109.312,157
2018-05-14,109.314,109.747,109.205,109.729,1424
2018-05-15,109.73,110.452,109.66,110.293,1439
2018-05-16,110.295,110.402,110.037,110.368,1434
2018-05-17,110.367,110.859,110.07,110.845,1431
2018-05-18,110.846,111.079,110.609,110.755,1257
2018-05-20,110.871,110.899,110.818,110.892,170
2018-05-21,110.891,111.393,110.889,110.998,1436
2018-05-22,110.998,111.183,110.721,110.735,1434
2018-05-23,110.737,110.879,109.554,109.876,1439
2018-05-24,109.875,109.93,108.951,109.313,1437
2018-05-25,109.312,109.741,109.118,109.391,1257
2018-05-27,109.737,109.828,109.59,109.612,179
2018-05-28,109.612,109.746,109.231,109.4,1423
2018-05-29,109.4,109.401,108.109,108.405,1440
2018-05-30,108.407,109.071,108.381,108.724,1440
2018-05-31,108.725,109.001,108.386,108.778,1432
2018-06-01,108.783,109.732,108.731,109.504,1259
2018-06-03,109.431,109.617,109.431,109.608,155
2018-06-04,109.605,109.992,109.369,109.966,1434
2018-06-05,109.965,110.001,109.471,109.883,1432
2018-06-06,109.884,110.263,109.792,110.134,1432
2018-06-07,110.133,110.219,109.472,109.716,1433
2018-06-08,109.723,109.85,109.195,109.527,1260
2018-06-10,109.287,109.48,109.264,109.461,173
2018-06-11,109.46,110.425,109.389,110.389,1433
2018-06-12,110.39,110.54,110.096,110.451,1434
2018-06-13,110.45,110.845,110.08,110.238,1438
2018-06-14,110.237,110.691,109.916,110.633,1439
2018-06-15,110.636,110.901,110.386,110.627,1256
2018-06-17,110.665,110.73,110.577,110.639,175
2018-06-18,110.639,110.665,110.102,110.133,1435
2018-06-19,110.137,110.213,109.549,110.087,1438
2018-06-20,110.087,110.449,109.852,110.374,1439
2018-06-21,110.373,110.756,109.826,109.955,1432
2018-06-22,109.953,110.217,109.8,109.938,1259
2018-06-24,109.831,110.012,109.813,109.942,178
2018-06-25,109.943,110.033,109.365,109.637,1436
2018-06-26,109.638,110.21,109.366,110.123,1438
2018-06-27,110.124,110.487,109.683,110.218,1438
2018-06-28,110.22,110.647,109.965,110.486,1437
2018-06-29,110.494,110.939,110.373,110.67,1260
2018-07-01,110.584,110.815,110.564,110.73,179
2018-07-02,110.734,111.061,110.601,110.878,1433
2018-07-03,110.879,111.132,110.393,110.415,1424
2018-07-04,110.411,110.553,110.279,110.504,1431
2018-07-05,110.504,110.717,110.289,110.565,1429
2018-07-06,110.567,110.783,110.379,110.443,1260
2018-07-08,110.41,110.471,110.357,110.437,179
2018-07-09,110.439,110.978,110.348,110.954,1437
2018-07-10,110.959,111.352,110.793,110.851,1439
2018-07-11,110.852,112.171,110.765,111.975,1440
2018-07-12,111.976,112.703,111.962,112.667,1430
2018-07-13,112.674,112.799,112.275,112.352,1259
2018-07-15,112.188,112.463,112.188,112.398,177
2018-07-16,112.4,112.561,112.218,112.383,1432
2018-07-17,112.384,113.074,112.224,113.018,1440
2018-07-18,113.019,113.136,112.708,112.8,1435
2018-07-19,112.801,113.175,112.048,112.362,1437
2018-07-20,112.363,112.619,111.379,111.379,1260
2018-07-22,111.371,111.499,111.054,111.057,172
2018-07-23,111.058,111.54,110.749,111.464,1438
2018-07-24,111.466,111.466,110.96,111.278,1432
2018-07-25,111.276,111.381,110.664,110.856,1440
2018-07-26,110.856,111.247,110.587,111.154,1427
2018-07-27,111.159,111.248,110.794,111.016,1258
2018-07-29,110.918,111.01,110.909,110.942,174
2018-07-30,110.945,111.163,110.889,110.995,1430
2018-07-31,110.997,111.956,110.743,111.833,1431
2018-08-01,111.832,112.15,111.388,111.638,1435
2018-08-02,111.638,111.734,111.307,111.701,1435
2018-08-03,111.703,111.878,111.1,111.213,1257
2018-08-05,111.214,111.261,111.15,111.235,173
2018-08-06,111.234,111.526,111.166,111.334,1430
2018-08-07,111.334,111.476,110.99,111.348,1424
2018-08-08,111.347,111.435,110.835,110.908,1436
2018-08-09,110.908,111.182,110.706,111.08,1431
2018-08-10,111.082,111.14,110.509,110.778,1258
2018-08-12,110.435,110.742,110.427,110.627,179
2018-08-13,110.629,110.934,110.108,110.626,1434
2018-08-14,110.626,111.313,110.585,111.254,1435
2018-08-15,111.255,111.428,110.431,110.575,1438
2018-08-16,110.576,111.118,110.456,111.01,1430
2018-08-17,111.015,111.049,110.313,110.469,1258
2018-08-19,110.585,110.585,110.467,110.478,161
2018-08-20,110.48,110.682,109.914,109.95,1436
2018-08-21,109.95,110.543,109.773,110.116,1438
2018-08-22,110.116,110.676,110.025,110.589,1429
2018-08-23,110.584,111.403,110.548,111.366,1432
2018-08-24,111.368,111.484,111.102,111.21,1258
2018-08-26,111.312,111.346,111.222,111.291,160
2018-08-27,111.29,111.339,110.934,111.133,1432
2018-08-28,111.132,111.354,110.953,111.149,1430
2018-08-29,111.148,111.825,111.12,111.683,1437
2018-08-30,111.683,111.754,110.944,111.007,1437
2018-08-31,111.013,111.134,110.684,111.018,1258
2018-09-02,111.065,111.184,111.036,111.142,155
2018-09-03,111.141,111.172,110.849,111.083,1402
2018-09-04,111.082,111.531,110.898,111.462,1436
2018-09-05,111.463,111.754,111.399,111.446,1436
2018-09-06,111.446,111.455,110.458,110.49,1433
2018-09-07,110.489,111.245,110.377,110.976,1259
2018-09-09,111.036,111.084,110.876,110.921,166
2018-09-10,110.921,111.247,110.848,111.142,1423
2018-09-11,111.145,111.649,111.142,111.629,1430
2018-09-12,111.63,111.63,111.112,111.214,1430
2018-09-13,111.213,112.053,111.167,112.023,1434
2018-09-14,112.025,112.166,111.751,112.027,1259
2018-09-16,111.995,112.053,111.936,111.964,165
2018-09-17,111.962,112.12,111.667,111.69,1419
2018-09-18,111.687,112.388,111.661,112.28,1433
2018-09-19,112.279,112.444,112.16,112.333,1435
2018-09-20,112.332,112.582,112.042,112.49,1435
2018-09-21,112.493,112.871,112.46,112.549,1260
2018-09-23,112.401,112.566,112.399,112.529,176
2018-09-24,112.53,112.853,112.431,112.779,1422
2018-09-25,112.778,112.996,112.738,112.98,1422
2018-09-26,112.978,113.131,112.611,112.705,1430
2018-09-27,112.713,113.464,112.558,113.39,1431
2018-09-28,113.388,113.707,113.318,113.668,1259
2018-09-30,113.714,113.843,113.686,113.795,173
2018-10-01,113.794,114.059,113.727,113.953,1416
2018-10-02,113.952,114.01,113.527,113.563,1429
2018-10-03,113.563,114.548,113.52,114.508,1438
2018-10-04,114.505,114.52,113.63,113.893,1431
2018-10-05,113.894,114.099,113.558,113.688,1259
2018-10-07,113.767,113.782,113.647,113.708,160
2018-10-08,113.707,113.94,112.819,113.12,1425
2018-10-09,113.119,113.389,112.868,113.017,1438
2018-10-10,113.018,113.283,112.053,112.082,1439
2018-10-11,112.081,112.532,111.83,112.089,1437
2018-10-12,112.085,112.494,111.878,112.173,1260
2018-10-14,112.135,112.231,112.12,112.207,162
2018-10-15,112.207,112.223,111.623,111.836,1436
2018-10-16,111.847,112.391,111.806,112.342,1437
2018-10-17,112.343,112.713,112.012,112.622,1438
2018-10-18,112.622,112.725,111.947,112.196,1434
2018-10-19,112.197,112.645,112.19,112.514,1260
2018-10-21,112.559,112.596,112.413,112.46,164
2018-10-22,112.46,112.884,112.35,112.756,1419
2018-10-23,112.757,112.795,111.952,112.451,1435
2018-10-24,112.452,112.742,111.98,111.996,1440
2018-10-25,111.997,112.671,111.817,112.349,1440
2018-10-26,112.358,112.44,111.374,111.885,1260
2018-10-28,111.856,111.967,111.799,111.918,162
2018-10-29,111.917,112.556,111.774,112.322,1436
2018-10-30,112.321,113.158,112.301,113.063,1438
2018-10-31,113.064,113.381,112.803,112.852,1440
2018-11-01,112.852,113.0,112.559,112.732,1433
2018-11-02,112.733,113.319,112.654,113.171,1256
2018-11-04,113.139,113.22,113.116,113.132,115
2018-11-05,113.133,113.333,113.072,113.261,1435
2018-11-06,113.26,113.503,113.097,113.339,1438
2018-11-07,113.339,113.815,112.945,113.566,1440
2018-11-08,113.566,114.082,113.544,113.953,1437
2018-11-09,113.96,114.008,113.636,113.798,1320
2018-11-11,113.837,113.886,113.798,113.844,118
2018-11-12,113.843,114.204,113.66,113.69,1438
2018-11-13,113.686,114.145,113.578,113.792,1440
2018-11-14,113.794,114.005,113.296,113.561,1437
2018-11-15,113.56,113.705,113.097,113.562,1435
2018-11-16,113.559,113.609,112.64,112.803,1319
2018-11-18,112.755,112.831,112.607,112.723,120
2018-11-19,112.722,112.872,112.396,112.453,1438
2018-11-20,112.452,112.835,112.303,112.707,1438
2018-11-21,112.707,113.218,112.694,113.031,1436
2018-11-22,113.029,113.129,112.883,112.983,1424
2018-11-23,112.984,113.008,112.659,112.925,1308
2018-11-25,112.885,112.933,112.877,112.911,116
2018-11-26,112.912,113.648,112.901,113.503,1437
2018-11-27,113.504,113.842,113.414,113.796,1430
2018-11-28,113.791,114.034,113.435,113.562,1433
2018-11-29,113.564,113.61,113.192,113.411,1435
2018-11-30,113.41,113.713,113.34,113.54,1319
2018-12-02,113.632,113.819,113.583,113.772,120
2018-12-03,113.77,113.775,113.375,113.588,1433
2018-12-04,113.589,113.634,112.573,112.687,1440
2018-12-05,112.688,113.24,112.671,113.042,1430
2018-12-06,113.043,113.154,112.233,112.717,1440
2018-12-07,112.72,112.925,112.551,112.65,1320
2018-12-09,112.611,112.681,112.423,112.517,116
2018-12-10,112.518,113.364,112.238,113.194,1439
2018-12-11,113.193,113.463,113.004,113.373,1437
2018-12-12,113.373,113.517,113.138,113.282,1437
2018-12-13,113.283,113.706,113.283,113.569,1435
2018-12-14,113.568,113.673,113.212,113.352,1320
2018-12-16,113.345,113.405,113.302,113.405,119
2018-12-17,113.405,113.52,112.682,112.837,1439
2018-12-18,112.836,112.838,112.249,112.518,1439
2018-12-19,112.517,112.665,112.088,112.404,1439
2018-12-20,112.404,112.604,110.813,111.175,1440
2018-12-21,111.175,111.459,110.934,111.211,1320
2018-12-23,110.941,111.19,110.935,111.076,118
2018-12-24,111.076,111.155,110.268,110.295,1431
2018-12-25,110.296,110.444,109.999,110.434,597
2018-12-26,110.436,111.408,110.279,111.218,1440
2018-12-27,111.224,111.232,110.455,110.843,1439
2018-12-28,110.846,110.94,110.142,110.239,1320
2018-12-30,110.231,110.419,110.231,110.32,118
2018-12-31,110.32,110.475,109.556,109.6,1317
2019-01-01,109.648,109.726,109.606,109.67,119
2019-01-02,109.669,109.68,104.736,107.427,1439
2019-01-03,107.433,108.304,106.746,107.849,1439
2019-01-04,107.848,108.589,107.512,108.518,1320
2019-01-06,108.503,108.622,108.352,108.55,119
2019-01-07,108.55,108.747,108.019,108.626,1438
2019-01-08,108.627,109.087,108.441,108.751,1437
2019-01-09,108.752,109.001,107.971,108.185,1439
2019-01-10,108.184,108.518,107.769,108.282,1438
2019-01-11,108.284,108.597,108.145,108.528,1320
2019-01-13,108.499,108.555,108.395,108.451,117
2019-01-14,108.451,108.481,107.986,108.237,1439
2019-01-15,108.236,108.765,108.196,108.653,1439
2019-01-16,108.653,109.195,108.37,109.04,1440
2019-01-17,109.041,109.398,108.686,109.142,1440
2019-01-18,109.145,109.889,109.13,109.769,1320
2019-01-20,109.679,109.767,109.656,109.681,119
2019-01-21,109.68,109.72,109.474,109.673,1439
2019-01-22,109.673,109.693,109.146,109.357,1440
2019-01-23,109.357,109.999,109.355,109.5,1440
2019-01-24,109.502,109.799,109.421,109.597,1440
2019-01-25,109.596,109.949,109.453,109.539,1313
2019-01-27,109.543,109.576,109.395,109.414,118
2019-01-28,109.414,109.525,109.16,109.256,1440
2019-01-29,109.257,109.541,109.129,109.427,1440
2019-01-30,109.426,109.743,108.808,108.977,1440
2019-01-31,108.976,109.002,108.497,108.846,1439
2019-02-01,108.846,109.58,108.725,109.504,1320
2019-02-03,109.51,109.533,109.432,109.445,115
2019-02-04,109.443,110.161,109.44,109.978,1440
2019-02-05,109.979,110.041,109.778,109.942,1440
2019-02-06,109.942,110.051,109.56,109.986,1440
2019-02-07,109.986,110.086,109.605,109.754,1440
2019-02-08,109.753,109.897,109.648,109.724,1319
2019-02-10,109.729,109.865,109.729,109.813,118
2019-02-11,109.816,110.492,109.774,110.393,1436
2019-02-12,110.394,110.651,110.344,110.513,1438
2019-02-13,110.514,111.052,110.497,110.93,1438
2019-02-14,110.929,111.128,110.404,110.54,1440
2019-02-15,110.539,110.645,110.252,110.458,1320
2019-02-17,110.439,110.576,110.439,110.574,120
2019-02-18,110.572,110.652,110.457,110.595,1437
2019-02-19,110.595,110.823,110.453,110.58,1440
2019-02-20,110.58,110.95,110.576,110.75,1433
2019-02-21,110.751,110.855,110.568,110.705,1435
2019-02-22,110.708,110.905,110.557,110.637,1318
2019-02-24,110.649,110.797,110.647,110.773,120
2019-02-25,110.773,111.234,110.577,111.04,1437
2019-02-26,111.04,111.076,110.424,110.554,1434
2019-02-27,110.552,111.074,110.351,110.863,1440
2019-02-28,110.863,111.493,110.661,111.363,1434
2019-03-01,111.362,112.077,111.358,111.906,1319
2019-03-03,111.851,111.964,111.756,111.936,120
2019-03-04,111.936,112.013,111.64,111.78,1438
2019-03-05,111.78,112.137,111.762,111.868,1439
2019-03-06,111.865,111.922,111.612,111.625,1439
2019-03-07,111.623,111.857,111.482,111.643,1437
2019-03-08,111.642,111.648,110.778,111.156,1319
2019-03-10,111.128,111.158,110.879,110.886,180
2019-03-11,110.886,111.438,110.879,111.422,1438
2019-03-12,111.421,111.466,111.11,111.301,1433
2019-03-13,111.301,111.465,111.006,111.215,1439
2019-03-14,111.215,111.896,111.214,111.857,1439
2019-03-15,111.855,111.901,111.384,111.471,1199
2019-03-17,111.46,111.579,111.46,111.548,234
2019-03-18,111.547,111.628,111.248,111.298,1438
2019-03-19,111.299,111.623,111.158,111.614,1439
2019-03-20,111.614,111.695,110.535,110.67,1438
2019-03-21,110.67,110.958,110.298,110.754,1440
2019-03-22,110.753,110.84,109.741,109.925,1200
2019-03-24,109.916,110.139,109.752,109.811,240
2019-03-25,109.81,110.241,109.708,110.181,1438
2019-03-26,110.181,110.69,109.993,110.546,1440
2019-03-27,110.546,110.713,110.235,110.305,1440
2019-03-28,110.306,110.929,110.018,110.848,1438
2019-03-29,110.849,110.949,110.553,110.825,1200
2019-03-31,111.008,111.055,110.866,110.941,119
2019-04-01,110.986,111.454,110.81,111.449,1437
2019-04-02,111.449,111.449,111.248,111.308,1439
2019-04-03,111.309,111.578,111.208,111.395,1438
2019-04-04,111.395,111.683,111.334,111.654,1437
2019-04-05,111.652,111.822,111.549,111.688,1256
2019-04-07,111.665,111.746,111.647,111.713,173
2019-04-08,111.713,111.713,111.283,111.45,1436
2019-04-09,111.449,111.579,110.979,111.091,1436
2019-04-10,111.091,111.28,110.843,110.987,1437
2019-04-11,110.987,111.696,110.987,111.646,1435
2019-04-12,111.644,112.093,111.637,111.993,1259
2019-04-14,111.955,112.055,111.947,112.037,179
2019-04-15,112.037,112.095,111.886,111.949,1437
2019-04-16,111.949,112.045,111.846,111.994,1437
2019-04-17,111.994,112.165,111.921,112.033,1434
2019-04-18,112.034,112.046,111.766,111.991,1434
2019-04-19,111.99,112.005,111.859,111.859,1255
2019-04-21,111.854,111.945,111.844,111.914,180
2019-04-22,111.915,111.991,111.887,111.932,1429
2019-04-23,111.932,112.032,111.651,111.88,1438
2019-04-24,111.88,112.399,111.681,112.118,1440
2019-04-25,112.119,112.239,111.368,111.543,1439
2019-04-26,111.543,112.031,111.428,111.526,1260
2019-04-28,111.533,111.612,111.533,111.601,175
2019-04-29,111.6,111.898,111.577,111.681,1435
2019-04-30,111.682,111.687,111.235,111.398,1436
2019-05-01,111.397,111.613,111.051,111.448,1430
2019-05-02,111.449,111.664,111.372,111.496,1433
2019-05-03,111.495,111.699,111.068,111.09,1255
2019-05-05,110.604,110.843,110.529,110.635,180
2019-05-06,110.638,110.958,110.28,110.801,1438
2019-05-07,110.803,110.852,110.17,110.265,1439
2019-05-08,110.264,110.269,109.902,110.029,1440
2019-05-09,110.028,110.083,109.472,109.827,1438
2019-05-10,109.826,110.049,109.474,109.94,1260
2019-05-12,109.746,109.834,109.634,109.644,179
2019-05-13,109.645,109.805,109.019,109.159,1440
2019-05-14,109.161,109.772,109.151,109.675,1439
2019-05-15,109.676,109.701,109.153,109.47,1438
2019-05-16,109.47,109.967,109.336,109.881,1439
2019-05-17,109.88,110.194,109.493,110.054,1260
2019-05-19,110.103,110.214,110.015,110.17,179
2019-05-20,110.173,110.318,109.809,110.085,1437
2019-05-21,110.086,110.672,110.043,110.565,1439
2019-05-22,110.565,110.625,110.205,110.217,1435
2019-05-23,110.219,110.363,109.457,109.556,1440
2019-05-24,109.56,109.745,109.273,109.285,1259
2019-05-26,109.398,109.398,109.398,109.398,1
2019-05-27,109.4,109.584,109.357,109.512,1437
2019-05-28,109.512,109.629,109.21,109.355,1438
2019-05-29,109.356,109.699,109.149,109.561,1440
2019-05-30,109.561,109.925,109.32,109.336,1438
2019-05-31,109.336,109.399,108.277,108.278,1260
2019-06-02,108.275,108.348,108.173,108.223,180
2019-06-03,108.223,108.445,107.883,108.036,1438
2019-06-04,108.036,108.358,107.845,108.257,1438
2019-06-05,108.257,108.485,107.815,108.322,1438
2019-06-06,108.323,108.562,108.025,108.456,1440
2019-06-07,108.457,108.617,107.88,108.189,1258
2019-06-09,108.474,108.553,108.415,108.45,180
2019-06-10,108.448,108.716,108.312,108.358,1436
2019-06-11,108.36,108.8,108.356,108.475,1438
2019-06-12,108.478,108.562,108.218,108.492,1439
2019-06-13,108.492,108.536,108.164,108.323,1439
2019-06-14,108.322,108.587,108.158,108.55,1260
2019-06-16,108.493,108.589,108.469,108.574,179
2019-06-17,108.573,108.724,108.516,108.546,1437
2019-06-18,108.545,108.676,108.06,108.582,1440
2019-06-19,108.583,108.617,107.9,108.114,1439
2019-06-20,108.112,108.119,107.209,107.299,1440
2019-06-21,107.299,107.734,107.048,107.303,1260
2019-06-23,107.263,107.377,107.263,107.302,177
2019-06-24,107.303,107.537,107.248,107.334,1439
2019-06-25,107.335,107.409,106.778,107.174,1440
2019-06-26,107.175,107.849,107.16,107.746,1439
2019-06-27,107.745,108.161,107.647,107.752,1440
2019-06-28,107.755,107.935,107.561,107.908,1260
2019-06-30,108.15,108.51,108.148,108.378,180
2019-07-01,108.378,108.533,108.102,108.376,1439
2019-07-02,108.374,108.474,107.766,107.834,1439
2019-07-03,107.834,107.886,107.532,107.768,1437
2019-07-04,107.769,107.842,107.707,107.822,1427
2019-07-05,107.824,108.637,107.803,108.454,1259
2019-07-07,108.411,108.586,108.408,108.488,178
2019-07-08,108.487,108.805,108.28,108.723,1439
2019-07-09,108.723,108.963,108.716,108.933,1435
2019-07-10,108.934,108.99,108.313,108.337,1439
2019-07-11,108.336,108.609,107.859,108.591,1440
2019-07-12,108.591,108.607,107.804,107.884,1260
2019-07-14,107.861,107.936,107.797,107.83,180
2019-07-15,107.829,108.108,107.807,107.907,1438
2019-07-16,107.906,108.375,107.876,108.198,1437
2019-07-17,108.2,108.325,107.857,107.933,1436
2019-07-18,107.933,108.016,107.211,107.403,1440
2019-07-19,107.403,107.978,107.329,107.698,1260
2019-07-21,107.711,107.828,107.699,107.821,179
2019-07-22,107.823,108.067,107.713,107.903,1439
2019-07-23,107.905,108.287,107.825,108.235,1440
2019-07-24,108.236,108.276,107.933,108.192,1440
2019-07-25,108.193,108.755,108.042,108.676,1438
2019-07-26,108.676,108.828,108.559,108.662,1260
2019-07-28,108.62,108.695,108.589,108.636,176
2019-07-29,108.635,108.899,108.42,108.855,1438
2019-07-30,108.855,108.948,108.452,108.565,1439
2019-07-31,108.563,108.997,108.49,108.817,1439
2019-08-01,108.819,109.318,107.219,107.441,1440
2019-08-02,107.442,107.494,106.508,106.55,1260
2019-08-04,106.549,106.681,106.527,106.566,177
2019-08-05,106.568,106.623,105.519,105.607,1438
2019-08-06,105.608,107.087,105.567,106.325,1440
2019-08-07,106.325,106.376,105.495,106.11,1440
2019-08-08,106.11,106.301,105.718,105.883,1440
2019-08-09,105.885,106.077,105.268,105.638,1260
2019-08-11,105.545,105.691,105.311,105.389,180
2019-08-12,105.389,105.578,105.049,105.382,1440
2019-08-13,105.382,106.973,105.065,106.602,1440
2019-08-14,106.603,106.624,105.65,105.913,1440
2019-08-15,105.913,106.777,105.702,106.092,1439
2019-08-16,106.092,106.494,106.025,106.358,1260
2019-08-18,106.245,106.472,106.245,106.433,178
2019-08-19,106.431,106.696,106.245,106.565,1439
2019-08-20,106.566,106.691,106.161,106.272,1440
2019-08-21,106.273,106.646,106.273,106.601,1438
2019-08-22,106.601,106.653,106.251,106.48,1439
2019-08-23,106.479,106.734,105.254,105.363,1260
2019-08-25,104.947,105.002,104.453,104.846,180
2019-08-26,104.848,106.413,104.846,105.966,1440
2019-08-27,105.966,106.069,105.59,105.749,1438
2019-08-28,105.748,106.229,105.651,106.081,1440
2019-08-29,106.079,106.681,105.829,106.458,1440
2019-08-30,106.458,106.544,106.103,106.228,1260
2019-09-01,106.061,106.167,105.915,106.134,178
2019-09-02,106.133,106.399,106.056,106.195,1440
2019-09-03,106.197,106.385,105.737,105.85,1437
2019-09-04,105.852,106.445,105.83,106.338,1440
2019-09-05,106.338,107.232,106.33,107.072,1440
2019-09-06,107.071,107.101,106.622,106.914,1260
2019-09-08,106.82,106.971,106.811,106.943,157
2019-09-09,106.943,107.367,106.761,107.343,1439
2019-09-10,107.342,107.626,107.19,107.601,1440
2019-09-11,107.599,108.047,107.545,108.014,1439
2019-09-12,108.015,108.192,107.521,108.183,1439
2019-09-13,108.186,108.259,107.906,108.057,1260
2019-09-15,107.476,107.914,107.457,107.759,180
2019-09-16,107.758,108.186,107.496,108.149,1439
2019-09-17,108.149,108.371,108.022,108.095,1440
2019-09-18,108.095,108.475,108.094,108.435,1440
2019-09-19,108.434,108.471,107.786,108.067,1440
2019-09-20,108.066,108.086,107.524,107.535,1260
2019-09-22,107.714,107.755,107.608,107.653,178
2019-09-23,107.653,107.768,107.31,107.595,1440
2019-09-24,107.595,107.797,106.961,107.167,1438
2019-09-25,107.166,107.883,107.0,107.704,1440
2019-09-26,107.703,107.957,107.424,107.749,1438
2019-09-27,107.749,108.18,107.656,107.862,1260
2019-09-29,107.96,108.02,107.854,107.946,176
2019-09-30,107.945,108.178,107.743,108.058,1437
2019-10-01,108.059,108.47,107.626,107.747,1438
2019-10-02,107.747,107.892,107.046,107.163,1440
2019-10-03,107.164,107.297,106.483,106.83,1439
2019-10-04,106.832,107.134,106.577,106.89,1260
2019-10-06,106.651,106.854,106.649,106.76,179
2019-10-07,106.763,107.464,106.689,107.252,1439
2019-10-08,107.255,107.444,106.806,106.942,1440
2019-10-09,106.942,107.628,106.942,107.233,1440
2019-10-10,107.235,108.018,107.167,107.868,1439
2019-10-11,107.872,108.628,107.848,108.358,1260
2019-10-13,108.343,108.521,108.32,108.476,175
2019-10-14,108.476,108.478,108.032,108.398,1438
2019-10-15,108.398,108.899,108.155,108.8,1437
2019-10-16,108.799,108.85,108.56,108.683,1438
2019-10-17,108.681,108.939,108.451,108.592,1440
2019-10-18,108.593,108.721,108.371,108.371,1260
2019-10-20,108.453,108.494,108.291,108.41,178
2019-10-21,108.408,108.663,108.371,108.605,1440
2019-10-22,108.604,108.727,108.437,108.487,1437
2019-10-23,108.486,108.703,108.25,108.637,1440
2019-10-24,108.636,108.753,108.496,108.614,1438
2019-10-25,108.611,108.773,108.51,108.655,1260
2019-10-27,108.74,108.786,108.669,108.773,240
2019-10-28,108.772,109.068,108.657,109.007,1437
2019-10-29,109.009,109.021,108.752,108.837,1438
2019-10-30,108.837,109.287,108.719,108.798,1439
2019-10-31,108.8,108.802,107.925,107.93,1440
2019-11-01,107.93,108.323,107.887,108.168,1199
2019-11-03,108.218,108.249,108.182,108.217,120
2019-11-04,108.217,108.75,108.206,108.703,1436
2019-11-05,108.705,109.242,108.647,109.145,1439
2019-11-06,109.145,109.182,108.817,108.918,1438
2019-11-07,108.917,109.487,108.647,109.273,1439
2019-11-08,109.275,109.476,109.078,109.217,1320
2019-11-10,109.195,109.254,109.175,109.206,120
2019-11-11,109.204,109.245,108.894,109.043,1437
2019-11-12,109.043,109.292,108.922,108.997,1437
2019-11-13,108.995,109.149,108.654,108.798,1440
2019-11-14,108.799,108.863,108.237,108.496,1440
2019-11-15,108.495,108.855,108.452,108.773,1319
2019-11-17,108.782,108.805,108.668,108.7,120
2019-11-18,108.699,109.073,108.512,108.666,1437
2019-11-19,108.667,108.836,108.386,108.473,1437
2019-11-20,108.474,108.738,108.348,108.472,1439
2019-11-21,108.472,108.697,108.279,108.579,1440
2019-11-22,108.579,108.73,108.477,108.619,1319
2019-11-24,108.673,108.751,108.611,108.724,119
2019-11-25,108.722,109.012,108.691,108.998,1437
2019-11-26,108.998,109.208,108.874,109.096,1438
2019-11-27,109.096,109.609,109.066,109.372,1437
2019-11-28,109.373,109.545,109.337,109.519,1432
2019-11-29,109.517,109.669,109.396,109.469,1317
2019-12-01,109.509,109.564,109.475,109.532,120
2019-12-02,109.533,109.727,108.924,109.023,1436
2019-12-03,109.025,109.206,108.484,108.662,1438
2019-12-04,108.662,108.962,108.427,108.831,1437
2019-12-05,108.83,108.997,108.655,108.728,1437
2019-12-06,108.728,108.923,108.511,108.534,1319
2019-12-08,108.614,108.661,108.587,108.641,120
2019-12-09,108.641,108.677,108.43,108.585,1434
2019-12-10,108.587,108.855,108.512,108.768,1434
2019-12-11,108.772,108.796,108.464,108.556,1430
2019-12-12,108.553,109.579,108.456,109.405,1438
2019-12-13,109.405,109.707,109.205,109.32,1319
2019-12-15,109.267,109.443,109.267,109.382,120
2019-12-16,109.384,109.676,109.355,109.581,1433
2019-12-17,109.582,109.633,109.443,109.523,1432
2019-12-18,109.523,109.628,109.4,109.547,1435
2019-12-19,109.548,109.685,109.181,109.388,1437
2019-12-20,109.387,109.525,109.256,109.429,1313
2019-12-22,109.4,109.538,109.365,109.498,120
2019-12-23,109.499,109.501,109.339,109.391,1431
2019-12-24,109.39,109.441,109.325,109.382,1368
2019-12-25,109.381,109.414,109.273,109.37,578
2019-12-26,109.37,109.684,109.363,109.527,1420
2019-12-27,109.527,109.591,109.388,109.421,1314
2019-12-29,109.408,109.472,109.406,109.436,119
2019-12-30,109.435,109.451,108.768,108.871,1439
2019-12-31,108.874,108.876,108.47,108.619,1245
2020-01-01,108.73,108.759,108.575,108.723,120
2020-01-02,108.722,108.864,108.211,108.544,1433
2020-01-03,108.543,108.562,107.839,108.047,1320
2020-01-05,107.838,107.981,107.77,107.968,120
2020-01-06,107.971,108.505,107.913,108.413,1439
2020-01-07,108.413,108.629,107.828,107.996,1437
2020-01-08,107.996,109.244,107.651,109.037,1440
2020-01-09,109.037,109.581,109.031,109.496,1436
2020-01-10,109.497,109.689,109.432,109.451,1318
2020-01-12,109.528,109.593,109.504,109.552,119
2020-01-13,109.551,110.03,109.534,110.01,1424
2020-01-14,110.012,110.212,109.817,109.852,1437
2020-01-15,109.853,110.001,109.788,109.883,1430
2020-01-16,109.885,110.236,109.873,110.18,1432
2020-01-17,110.179,110.29,110.047,110.102,1312
2020-01-19,110.083,110.193,110.079,110.186,120
2020-01-20,110.186,110.217,110.112,110.174,1408
2020-01-21,110.177,110.223,109.761,109.912,1440
2020-01-22,109.91,110.097,109.66,109.736,1439
2020-01-23,109.736,109.764,109.266,109.566,1439
2020-01-24,109.566,109.653,109.172,109.267,1317
2020-01-26,108.916,109.045,108.731,108.799,120
2020-01-27,108.801,109.137,108.793,108.932,1439
2020-01-28,108.931,109.265,108.756,109.135,1439
2020-01-29,109.135,109.26,108.948,108.988,1439
2020-01-30,108.989,109.046,108.583,108.89,1440
2020-01-31,108.89,109.136,108.308,108.308,1319
2020-02-02,108.416,108.471,108.315,108.387,120
2020-02-03,108.388,108.798,108.366,108.619,1437
2020-02-04,108.619,109.543,108.548,109.443,1439
2020-02-05,109.442,109.845,109.303,109.819,1433
2020-02-06,109.817,110.021,109.781,109.963,1437
2020-02-07,109.963,110.005,109.532,109.699,1320
2020-02-09,109.686,109.778,109.561,109.619,119
2020-02-10,109.619,109.878,109.606,109.767,1436
2020-02-11,109.764,109.962,109.725,109.843,1415
2020-02-12,109.841,110.133,109.799,109.87,1439
2020-02-13,109.871,109.987,109.619,109.771,1440
2020-02-14,109.77,109.912,109.698,109.729,1320
2020-02-16,109.847,109.85,109.751,109.795,120
2020-02-17,109.793,109.96,109.719,109.836,1417
2020-02-18,109.839,109.947,109.657,109.92,1433
2020-02-19,109.921,111.591,109.863,111.197,1439
2020-02-20,111.198,112.224,111.11,111.971,1434
2020-02-21,111.971,112.185,111.472,111.542,1320
2020-02-23,111.256,111.599,111.246,111.547,120
2020-02-24,111.547,111.681,110.332,110.853,1439
2020-02-25,110.854,111.041,109.89,110.291,1440
2020-02-26,110.292,110.701,110.13,110.382,1440
2020-02-27,110.382,110.403,109.331,109.621,1440
2020-02-28,109.619,109.667,107.51,107.994,1320
2020-03-01,107.434,107.77,107.369,107.674,120
2020-03-02,107.674,108.578,107.401,108.526,1439
2020-03-03,108.523,108.527,106.846,107.068,1437
2020-03-04,107.066,107.742,107.031,107.714,1440
2020-03-05,107.716,107.717,105.968,106.263,1438
2020-03-06,106.262,106.342,104.993,105.283,1320
2020-03-08,104.211,104.596,103.517,104.132,240
2020-03-09,104.134,104.21,101.18,103.383,1440
2020-03-10,103.383,105.919,103.057,104.92,1440
2020-03-11,104.921,105.331,104.092,104.6,1440
2020-03-12,104.601,106.099,103.08,105.08,1440
2020-03-13,105.08,108.501,104.68,107.899,1200
2020-03-15,107.078,107.283,105.727,106.913,238
2020-03-16,106.909,107.567,105.146,106.59,1436
2020-03-17,106.589,107.862,106.162,107.377,1439
2020-03-18,107.378,108.953,106.751,108.804,1439
2020-03-19,108.804,111.361,108.45,111.142,1440
2020-03-20,111.142,111.503,109.329,110.659,1200
2020-03-22,110.749,111.25,110.256,110.536,237
2020-03-23,110.535,111.596,109.667,110.455,1435
2020-03-24,110.453,111.713,110.082,111.004,1440
2020-03-25,111.004,111.679,110.59,110.746,1440
2020-03-26,110.747,110.853,108.878,109.044,1435
2020-03-27,109.043,109.08,107.755,107.9,1200
2020-03-29,107.69,107.975,107.606,107.661,120
2020-03-30,107.455,108.293,107.12,108.071,1436
2020-03-31,108.071,108.727,107.4,107.509,1437
2020-04-01,107.506,107.939,106.915,107.292,1440
2020-04-02,107.292,108.199,107.013,108.029,1440
2020-04-03,108.027,108.677,107.799,108.509,1260
2020-04-05,108.344,108.74,108.344,108.71,176
2020-04-06,108.714,109.381,108.667,109.126,1440
2020-04-07,109.128,109.145,108.611,108.672,1439
2020-04-08,108.672,109.102,108.503,108.933,1440
2020-04-09,108.933,109.061,108.207,108.546,1437
2020-04-10,108.547,108.586,108.327,108.338,1258
2020-04-12,108.383,108.526,108.252,108.342,176
2020-04-13,108.342,108.381,107.5,107.625,1439
2020-04-14,107.626,107.758,106.98,107.11,1428
2020-04-15,107.112,107.87,106.926,107.615,1431
2020-04-16,107.616,108.083,107.163,107.931,1440
2020-04-17,107.933,107.951,107.3,107.506,1260
2020-04-19,107.472,107.705,107.381,107.696,171
2020-04-20,107.694,107.949,107.595,107.675,1437
2020-04-21,107.675,107.892,107.281,107.716,1437
2020-04-22,107.716,107.938,107.514,107.83,1434
2020-04-23,107.828,108.042,107.347,107.656,1435
2020-04-24,107.661,107.759,107.368,107.491,1259
2020-04-26,107.533,107.603,107.405,107.508,178
2020-04-27,107.508,107.622,106.993,107.295,1437
2020-04-28,107.296,107.338,106.559,106.756,1439
2020-04-29,106.758,106.772,106.357,106.611,1429
2020-04-30,106.609,107.499,106.405,107.281,1428
2020-05-01,107.28,107.406,106.605,106.871,1260
2020-05-03,106.831,106.943,106.711,106.73,168
2020-05-04,106.731,107.069,106.634,106.696,1435
2020-05-05,106.696,106.894,106.416,106.449,1432
2020-05-06,106.449,106.449,105.986,106.214,1436
2020-05-07,106.215,106.655,106.135,106.369,1439
2020-05-08,106.372,106.747,106.22,106.608,1260
2020-05-10,106.516,106.957,106.486,106.921,179
2020-05-11,106.924,107.768,106.775,107.597,1433
2020-05-12,107.595,107.685,107.121,107.169,1440
2020-05-13,107.177,107.267,106.742,106.933,1436
2020-05-14,106.932,107.374,106.775,107.355,1438
2020-05-15,107.354,107.433,106.855,107.034,1259
2020-05-17,107.084,107.282,107.078,107.212,173
2020-05-18,107.214,107.505,107.068,107.383,1430
2020-05-19,107.385,108.088,107.303,107.822,1439
2020-05-20,107.823,107.983,107.336,107.593,1431
2020-05-21,107.595,107.848,107.548,107.644,1439
2020-05-22,107.644,107.762,107.322,107.597,1258
2020-05-24,107.56,107.78,107.541,107.749,177
2020-05-25,107.748,107.779,107.626,107.688,1433
2020-05-26,107.688,107.922,107.402,107.495,1435
2020-05-27,107.495,107.947,107.365,107.81,1439
2020-05-28,107.81,107.901,107.57,107.642,1432
2020-05-29,107.645,107.894,107.079,107.767,1260
2020-05-31,107.678,107.814,107.647,107.709,178
2020-06-01,107.712,107.856,107.376,107.559,1439
2020-06-02,107.559,108.837,107.518,108.83,1438
2020-06-03,108.829,109.04,108.422,109.001,1438
2020-06-04,109.001,109.2,108.615,109.146,1440
2020-06-05,109.146,109.849,109.044,109.581,1260
2020-06-07,109.563,109.693,109.551,109.622,177
2020-06-08,109.621,109.624,108.234,108.419,1440
2020-06-09,108.418,108.418,107.62,107.798,1438
2020-06-10,107.797,107.874,106.897,107.0,1440
2020-06-11,107.002,107.234,106.571,106.805,1439
2020-06-12,106.807,107.552,106.584,107.379,1260
2020-06-14,107.295,107.567,107.272,107.324,171
2020-06-15,107.325,107.499,107.0,107.484,1439
2020-06-16,107.484,107.639,107.211,107.397,1440
2020-06-17,107.397,107.441,106.866,106.876,1439
2020-06-18,106.876,107.128,106.668,107.002,1437
2020-06-19,107.004,107.046,106.766,106.856,1258
2020-06-21,106.769,106.886,106.742,106.837,174
2020-06-22,106.84,107.011,106.768,106.897,1438
2020-06-23,106.897,107.221,106.072,106.425,1440
2020-06-24,106.426,107.148,106.383,107.027,1438
2020-06-25,107.03,107.451,107.019,107.159,1439
2020-06-26,107.158,107.359,106.799,107.206,1259
2020-06-28,107.069,107.235,107.064,107.231,179
2020-06-29,107.23,107.884,107.04,107.583,1438
2020-06-30,107.583,107.994,107.521,107.993,1440
2020-07-01,107.991,108.164,107.337,107.371,1436
2020-07-02,107.371,107.723,107.33,107.498,1409
2020-07-03,107.498,107.566,107.435,107.494,1251
2020-07-05,107.448,107.596,107.421,107.584,177
2020-07-06,107.585,107.772,107.257,107.359,1430
2020-07-07,107.359,107.79,107.245,107.574,1435
2020-07-08,107.575,107.711,107.201,107.283,1428
2020-07-09,107.284,107.396,107.097,107.235,1436
2020-07-10,107.236,107.263,106.638,106.917,1260
2020-07-12,106.886,106.934,106.854,106.914,172
2020-07-13,106.914,107.317,106.787,107.281,1439
2020-07-14,107.281,107.434,107.118,107.246,1435
2020-07-15,107.245,107.309,106.666,106.9,1427
2020-07-16,106.899,107.4,106.832,107.284,1440
2020-07-17,107.287,107.361,106.939,107.018,1257
2020-07-19,107.026,107.103,107.014,107.102,167
2020-07-20,107.102,107.538,107.035,107.19,1439
2020-07-21,107.19,107.365,106.681,106.826,1435
2020-07-22,106.824,107.289,106.71,107.173,1426
2020-07-23,107.173,107.229,106.711,106.845,1431
2020-07-24,106.844,106.849,105.682,106.123,1260
2020-07-26,106.022,106.107,105.872,105.993,179
2020-07-27,105.992,106.051,105.116,105.275,1436
2020-07-28,105.278,105.686,104.956,105.11,1429
2020-07-29,105.111,105.242,104.772,105.047,1438
2020-07-30,105.046,105.294,104.656,104.687,1439
2020-07-31,104.687,106.055,104.186,105.819,1260
2020-08-02,105.772,105.901,105.707,105.869,174
2020-08-03,105.867,106.471,105.58,106.032,1432
2020-08-04,106.032,106.194,105.614,105.63,1427
2020-08-05,105.629,105.872,105.319,105.561,1429
2020-08-06,105.563,105.697,105.301,105.58,1436
2020-08-07,105.581,106.055,105.479,105.911,1260
2020-08-09,105.861,105.945,105.711,105.855,174
2020-08-10,105.852,106.201,105.708,105.994,1437
2020-08-11,105.994,106.683,105.928,106.49,1439
2020-08-12,106.49,107.014,106.456,106.842,1433
2020-08-13,106.842,107.049,106.565,106.978,1437
2020-08-14,106.981,107.039,106.436,106.582,1260
2020-08-16,106.558,106.64,106.52,106.558,172
2020-08-17,106.559,106.654,105.942,106.003,1437
2020-08-18,106.002,106.006,105.202,105.233,1429
2020-08-19,105.236,106.151,105.101,106.084,1439
2020-08-20,106.084,106.215,105.653,105.678,1437
2020-08-21,105.677,106.072,105.441,105.783,1259
2020-08-23,105.757,105.924,105.739,105.875,179
2020-08-24,105.875,106.008,105.688,105.998,1435
2020-08-25,105.999,106.577,105.871,106.395,1425
2020-08-26,106.394,106.556,105.838,105.872,1437
2020-08-27,105.87,106.701,105.602,106.653,1440
2020-08-28,106.654,106.946,105.199,105.328,1260
2020-08-30,105.438,105.804,105.325,105.537,176
2020-08-31,105.537,106.096,105.292,105.997,1428
2020-09-01,105.997,106.152,105.59,105.896,1427
2020-09-02,105.896,106.302,105.852,106.209,1440
2020-09-03,106.208,106.552,106.001,106.089,1434
2020-09-04,106.089,106.504,106.061,106.222,1258
2020-09-06,106.217,106.318,106.21,106.314,177
2020-09-07,106.312,106.386,106.132,106.304,1428
2020-09-08,106.301,106.382,105.829,105.97,1439
2020-09-09,105.969,106.273,105.79,106.233,1433
2020-09-10,106.235,106.302,105.981,106.147,1438
2020-09-11,106.15,106.264,106.056,106.142,1254
2020-09-13,106.069,106.156,106.069,106.151,166
2020-09-14,106.151,106.164,105.548,105.728,1422
2020-09-15,105.729,105.814,105.3,105.4,1413
2020-09-16,105.4,105.402,104.8,105.062,1438
2020-09-17,105.061,105.173,104.525,104.693,1428
2020-09-18,104.694,104.87,104.272,104.564,1258
2020-09-20,104.5,104.568,104.43,104.534,178
2020-09-21,104.534,104.891,103.999,104.69,1424
2020-09-22,104.692,105.076,104.405,105.056,1433
2020-09-23,105.058,105.494,104.927,105.31,1437
2020-09-24,105.31,105.531,105.205,105.439,1428
2020-09-25,105.437,105.7,105.239,105.535,1257
2020-09-27,105.448,105.691,105.448,105.581,172
2020-09-28,105.581,105.665,105.262,105.443,1434
2020-09-29,105.443,105.734,105.34,105.675,1424
2020-09-30,105.677,105.803,105.401,105.449,1438
2020-10-01,105.448,105.727,105.416,105.55,1434
2020-10-02,105.548,105.665,104.942,105.29,1260
2020-10-04,105.278,105.591,105.258,105.514,179
2020-10-05,105.514,105.794,105.493,105.708,1432
2020-10-06,105.708,105.745,105.469,105.642,1437
2020-10-07,105.641,106.107,105.627,105.969,1431
2020-10-08,105.969,106.106,105.923,106.027,1428
2020-10-09,106.027,106.029,105.579,105.589,1257
2020-10-11,105.716,105.798,105.596,105.625,180
2020-10-12,105.623,105.659,105.241,105.338,1423
2020-10-13,105.339,105.627,105.282,105.468,1402
2020-10-14,105.468,105.514,105.036,105.14,1429
2020-10-15,105.141,105.493,105.118,105.356,1429
2020-10-16,105.357,105.441,105.19,105.361,1250
2020-10-18,105.376,105.469,105.334,105.43,163
2020-10-19,105.431,105.502,105.3,105.458,1426
2020-10-20,105.458,105.747,105.42,105.477,1421
2020-10-21,105.478,105.491,104.341,104.681,1432
2020-10-22,104.681,104.936,104.476,104.904,1431
2020-10-23,104.906,104.916,104.546,104.681,1250
2020-10-25,104.673,104.756,104.65,104.673,233
2020-10-26,104.674,105.054,104.654,104.81,1413
2020-10-27,104.808,104.835,104.388,104.465,1420
2020-10-28,104.465,104.506,104.113,104.411,1433
2020-10-29,104.412,104.728,104.025,104.553,1427
2020-10-30,104.553,104.742,104.124,104.623,1198
2020-11-01,104.518,104.693,104.514,104.58,120
2020-11-02,104.582,104.948,104.582,104.723,1432
2020-11-03,104.723,104.82,104.432,104.543,1433
2020-11-04,104.544,105.344,104.151,104.439,1439
2020-11-05,104.438,104.474,103.442,103.607,1440
2020-11-06,103.607,103.759,103.176,103.329,1319
2020-11-08,103.322,103.335,103.19,103.255,119
2020-11-09,103.256,105.647,103.239,105.138,1437
2020-11-10,105.138,105.487,104.82,105.261,1436
2020-11-11,105.259,105.676,105.004,105.415,1437
2020-11-12,105.416,105.477,105.063,105.098,1435
2020-11-13,105.1,105.149,104.562,104.592,1316
2020-11-15,104.727,104.734,104.563,104.676,120
2020-11-16,104.675,105.136,104.362,104.531,1436
2020-11-17,104.53,104.566,104.069,104.174,1424
2020-11-18,104.174,104.174,103.651,103.894,1429
2020-11-19,103.895,104.216,103.717,103.81,1436
2020-11-20,103.81,103.911,103.702,103.813,1311
2020-11-22,103.763,103.862,103.742,103.818,119
2020-11-23,103.818,104.636,103.68,104.53,1414
2020-11-24,104.528,104.761,104.145,104.508,1437
2020-11-25,104.509,104.597,104.255,104.401,1434
2020-11-26,104.401,104.403,104.218,104.257,1428
2020-11-27,104.259,104.27,103.906,104.025,1315
2020-11-29,104.052,104.161,104.003,104.088,117
2020-11-30,104.089,104.108,103.831,103.878,300
2020-12-01,104.304,104.578,104.182,104.298,1434
2020-12-02,104.298,104.751,104.224,104.448,1430
2020-12-03,104.445,104.534,103.67,103.833,1430
2020-12-04,103.835,104.242,103.738,104.131,1316
2020-12-06,104.065,104.236,104.027,104.206,119
2020-12-07,104.206,104.312,103.922,104.006,1432
2020-12-08,104.007,104.206,103.955,104.14,1424
2020-12-09,104.139,104.405,104.051,104.285,1431
2020-12-10,104.285,104.579,104.172,104.179,1433
2020-12-11,104.178,104.178,103.822,103.996,1315
2020-12-13,103.992,104.018,103.852,103.964,119
2020-12-14,103.965,104.102,103.512,104.008,1424
2020-12-15,104.008,104.152,103.607,103.647,1427
2020-12-16,103.647,103.918,103.26,103.475,1430
2020-12-17,103.475,103.561,102.873,103.148,1430
2020-12-18,103.149,103.595,103.121,103.281,1316
2020-12-20,103.498,103.557,103.278,103.478,120
2020-12-21,103.478,103.89,103.251,103.338,1433
2020-12-22,103.34,103.735,103.28,103.513,1431
2020-12-23,103.515,103.652,103.355,103.533,1420
2020-12-24,103.532,103.767,103.501,103.637,1396
2020-12-25,103.631,103.651,103.423,103.423,470
2020-12-27,103.511,103.599,103.503,103.527,120
2020-12-28,103.526,103.898,103.405,103.691,1428
2020-12-29,103.692,103.804,103.463,103.552,1422
2020-12-30,103.553,103.583,102.961,103.127,1433
2020-12-31,103.127,103.316,102.996,103.301,1292
2021-01-03,103.097,103.316,103.097,103.247,116
2021-01-04,103.247,103.263,102.712,103.135,1430
2021-01-05,103.135,103.19,102.604,102.685,1434
2021-01-06,102.684,103.444,102.591,103.023,1438
2021-01-07,103.021,103.957,102.951,103.801,1430
2021-01-08,103.801,104.092,103.603,103.885,1319
2021-01-10,103.882,104.097,103.881,104.085,119
2021-01-11,104.086,104.397,104.033,104.14,1432
2021-01-12,104.14,104.332,103.72,103.747,1432
2021-01-13,103.749,103.997,103.525,103.826,1432
2021-01-14,103.827,104.196,103.563,103.84,1437
2021-01-15,103.838,103.912,103.616,103.75,1316
2021-01-17,103.817,103.926,103.813,103.916,119
2021-01-18,103.916,103.931,103.637,103.705,1424
2021-01-19,103.705,104.085,103.652,103.899,1426
2021-01-20,103.898,103.929,103.445,103.558,1428
2021-01-21,103.557,103.668,103.327,103.51,1433
2021-01-22,103.509,103.887,103.492,103.727,1308
2021-01-24,103.781,103.825,103.756,103.789,116
2021-01-25,103.789,103.936,103.672,103.761,1432
2021-01-26,103.763,103.828,103.554,103.601,1413
2021-01-27,103.599,104.2,103.586,104.142,1432
2021-01-28,104.142,104.462,104.134,104.303,1433
2021-01-29,104.301,104.94,104.285,104.638,1319
2021-01-31,104.776,104.815,104.679,104.717,115
2021-02-01,104.715,105.035,104.608,104.883,1428
2021-02-02,104.883,105.173,104.828,105.031,1435
2021-02-03,105.03,105.104,104.922,104.996,1425
2021-02-04,104.996,105.644,104.975,105.575,1427
2021-02-05,105.574,105.769,105.319,105.319,1312
2021-02-07,105.316,105.432,105.316,105.395,120
2021-02-08,105.395,105.671,105.15,105.214,1419
2021-02-09,105.212,105.228,104.497,104.584,1428
2021-02-10,104.583,104.842,104.408,104.618,1421
2021-02-11,104.618,104.804,104.549,104.75,1411
2021-02-12,104.751,105.181,104.737,104.909,1303
2021-02-14,104.891,105.083,104.891,105.067,120
2021-02-15,105.065,105.417,104.979,105.371,1424
2021-02-16,105.372,106.224,105.179,106.117,1436
2021-02-17,106.117,106.213,105.777,105.852,1427
2021-02-18,105.854,105.924,105.598,105.654,1424
2021-02-19,105.653,105.742,105.24,105.386,1315
2021-02-21,105.383,105.622,105.382,105.536,118
2021-02-22,105.534,105.845,104.924,105.007,1430
2021-02-23,105.007,105.429,104.922,105.296,1415
2021-02-24,105.296,106.104,105.268,105.955,1436
2021-02-25,105.958,106.413,105.844,106.391,1432
2021-02-26,106.39,106.692,105.848,106.509,1320
2021-02-28,106.481,106.588,106.47,106.481,120
2021-03-01,106.48,106.888,106.364,106.845,1432
2021-03-02,106.844,106.957,106.673,106.759,1430
2021-03-03,106.758,107.153,106.699,107.069,1425
2021-03-04,107.069,108.012,106.965,107.949,1435
2021-03-05,107.949,108.644,107.819,108.329,1319
2021-03-07,108.313,108.475,108.308,108.404,118
2021-03-08,108.404,108.952,108.309,108.926,1432
2021-03-09,108.927,109.233,108.415,108.577,1432
2021-03-10,108.576,108.919,108.337,108.45,1427
2021-03-11,108.451,108.811,108.355,108.573,1434
2021-03-12,108.572,109.165,108.516,108.999,1318
2021-03-14,108.981,109.146,108.927,109.059,227
2021-03-15,109.06,109.364,108.914,109.233,1422
2021-03-16,109.232,109.287,108.771,109.122,1429
2021-03-17,109.122,109.325,108.702,108.955,1434
2021-03-18,108.957,109.303,108.624,109.072,1432
2021-03-19,109.07,109.128,108.607,108.837,1199
2021-03-21,108.616,108.934,108.582,108.907,236
2021-03-22,108.908,108.955,108.618,108.839,1425
2021-03-23,108.837,108.873,108.405,108.606,1429
2021-03-24,108.607,108.956,108.45,108.878,1435
2021-03-25,108.877,109.313,108.858,109.274,1426
2021-03-26,109.272,109.847,109.174,109.613,1199
2021-03-28,109.717,109.764,109.639,109.763,115
2021-03-29,109.791,109.884,109.372,109.835,1423
2021-03-30,109.837,110.426,109.786,110.305,1424
2021-03-31,110.306,110.965,110.273,110.758,1433
2021-04-01,110.758,110.847,110.545,110.612,1415
2021-04-02,110.612,110.748,110.373,110.638,1249
2021-04-04,110.613,110.75,110.613,110.678,170
2021-04-05,110.679,110.721,109.959,110.194,1429
2021-04-06,110.195,110.551,109.669,109.796,1436
2021-04-07,109.796,109.941,109.578,109.856,1426
2021-04-08,109.856,109.903,108.997,109.33,1430
2021-04-09,109.332,109.96,109.213,109.65,1258
2021-04-11,109.666,109.753,109.613,109.721,165
2021-04-12,109.72,109.77,109.245,109.381,1412
2021-04-13,109.381,109.751,108.887,108.924,1420
2021-04-14,108.924,109.094,108.751,108.893,1412
2021-04-15,108.893,108.957,108.611,108.69,1432
2021-04-16,108.69,108.964,108.61,108.75,1251
2021-04-18,108.768,108.834,108.667,108.722,172
2021-04-19,108.723,108.767,108.008,108.108,1418
2021-04-20,108.108,108.548,107.97,108.132,1435
2021-04-21,108.132,108.28,107.874,108.042,1416
2021-04-22,108.042,108.231,107.813,107.986,1433
2021-04-23,107.986,108.146,107.476,107.864,1248
2021-04-25,107.907,107.962,107.863,107.882,168
2021-04-26,107.881,108.209,107.64,108.198,1416
2021-04-27,108.199,108.777,108.099,108.75,1431
2021-04-28,108.749,109.077,108.5,108.506,1429
2021-04-29,108.505,109.223,108.435,108.906,1422
2021-04-30,108.904,109.364,108.711,109.296,1258
2021-05-02,109.283,109.353,109.272,109.287,163
2021-05-03,109.285,109.696,108.895,109.087,1407
2021-05-04,109.088,109.488,109.042,109.332,1419
2021-05-05,109.331,109.48,109.143,109.22,1415
2021-05-06,109.22,109.428,109.0,109.051,1416
2021-05-07,109.05,109.287,108.337,108.565,1259
2021-05-09,108.55,108.619,108.467,108.573,178
2021-05-10,108.574,109.056,108.556,108.846,1425
2021-05-11,108.848,108.982,108.349,108.716,1423
2021-05-12,108.715,109.708,108.661,109.662,1433
2021-05-13,109.664,109.784,109.405,109.517,1411
2021-05-14,109.517,109.656,109.186,109.322,1249
2021-05-16,109.26,109.423,109.184,109.419,163
2021-05-17,109.42,109.501,109.073,109.24,1419
2021-05-18,109.241,109.283,108.83,108.867,1422
2021-05-19,108.868,109.335,108.571,109.262,1426
2021-05-20,109.261,109.296,108.748,108.861,1420
2021-05-21,108.862,109.004,108.609,108.929,1255
2021-05-23,108.895,108.995,108.88,108.916,169
2021-05-24,108.914,108.991,108.695,108.851,1418
2021-05-25,108.847,109.07,108.559,108.791,1418
2021-05-26,108.794,109.178,108.723,109.17,1420
2021-05-27,109.171,109.923,109.036,109.809,1427
2021-05-28,109.81,110.198,109.742,109.809,1255
2021-05-30,109.798,109.934,109.798,109.908,161
2021-05-31,109.908,109.935,109.635,109.69,240
2021-06-01,109.493,109.706,109.33,109.495,1405
2021-06-02,109.495,109.884,109.481,109.596,1404
2021-06-03,109.595,110.329,109.565,110.29,1388
2021-06-04,110.291,110.328,109.363,109.476,1247
2021-06-06,109.58,109.635,109.411,109.619,160
2021-06-07,109.618,109.637,109.187,109.273,1406
2021-06-08,109.272,109.558,109.198,109.47,1398
2021-06-09,109.47,109.66,109.224,109.613,1413
2021-06-10,109.614,109.794,109.305,109.393,1422
2021-06-11,109.393,109.842,109.317,109.621,1249
2021-06-13,109.601,109.734,109.601,109.714,171
2021-06-14,109.715,110.098,109.611,110.042,1418
2021-06-15,110.043,110.166,109.986,110.082,1408
2021-06-16,110.081,110.8,109.803,110.77,1435
2021-06-17,110.772,110.822,110.166,110.325,1439
2021-06-18,110.324,110.482,109.941,110.137,1259
2021-06-20,110.147,110.284,110.147,110.203,169
2021-06-21,110.204,110.38,109.714,110.377,1434
2021-06-22,110.378,110.791,110.211,110.653,1432
2021-06-23,110.653,111.105,110.645,111.012,1432
2021-06-24,111.013,111.114,110.689,110.919,1427
2021-06-25,110.92,110.983,110.48,110.74,1249
2021-06-27,110.729,110.858,110.729,110.81,161
2021-06-28,110.81,110.976,110.496,110.605,1405
2021-06-29,110.605,110.759,110.431,110.534,1403
2021-06-30,110.535,111.137,110.419,111.13,1428
2021-07-01,111.131,111.639,111.026,111.571,1417
2021-07-02,111.571,111.657,110.95,111.01,1254
2021-07-04,110.9,111.157,110.9,111.14,169
2021-07-05,111.141,111.189,110.796,110.916,1413
2021-07-06,110.917,110.929,110.521,110.601,1428
2021-07-07,110.601,110.816,110.394,110.635,1427
2021-07-08,110.634,110.648,109.533,109.801,1434
2021-07-09,109.802,110.257,109.761,110.094,1253
2021-07-11,110.115,110.246,110.101,110.216,168
2021-07-12,110.217,110.403,109.976,110.328,1429
2021-07-13,110.329,110.646,110.197,110.597,1420
2021-07-14,110.597,110.698,109.927,109.996,1433
2021-07-15,109.996,110.088,109.713,109.78,1431
2021-07-16,109.777,110.341,109.731,110.066,1252
2021-07-18,110.026,110.097,109.849,109.876,171
2021-07-19,109.876,110.033,109.063,109.528,1417
2021-07-20,109.528,109.956,109.328,109.919,1430
2021-07-21,109.917,110.387,109.8,110.248,1425
2021-07-22,110.248,110.357,110.013,110.141,1421
2021-07-23,110.141,110.592,110.112,110.508,1245
2021-07-25,110.466,110.568,110.463,110.546,157
2021-07-26,110.543,110.583,110.116,110.306,1425
2021-07-27,110.307,110.329,109.583,109.806,1431
2021-07-28,109.807,110.288,109.743,109.891,1428
2021-07-29,109.89,109.911,109.401,109.41,1434
2021-07-30,109.41,109.826,109.36,109.672,1257
2021-08-01,109.669,109.77,109.55,109.714,160
2021-08-02,109.712,109.745,109.186,109.27,1414
2021-08-03,109.271,109.333,108.875,108.991,1421
2021-08-04,108.989,109.673,108.721,109.534,1431
2021-08-05,109.534,109.789,109.403,109.751,1423
2021-08-06,109.753,110.356,109.698,110.199,1251
2021-08-08,110.296,110.306,110.188,110.262,161
2021-08-09,110.263,110.352,110.026,110.321,1403
2021-08-10,110.322,110.601,110.301,110.598,1414
2021-08-11,110.598,110.801,110.307,110.376,1424
2021-08-12,110.374,110.546,110.315,110.401,1392
2021-08-13,110.402,110.458,109.544,109.562,1250
2021-08-15,109.599,109.751,109.553,109.627,159
2021-08-16,109.627,109.627,109.113,109.3,1405
2021-08-17,109.299,109.654,109.116,109.538,1417
2021-08-18,109.537,110.064,109.478,109.84,1432
2021-08-19,109.84,110.228,109.483,109.769,1425
2021-08-20,109.769,109.885,109.569,109.7,1244
2021-08-22,109.73,109.881,109.659,109.84,164
2021-08-23,109.841,110.146,109.649,109.676,1424
2021-08-24,109.676,109.881,109.412,109.73,1409
2021-08-25,109.727,110.124,109.684,109.978,1417
2021-08-26,109.978,110.229,109.926,110.048,1427
2021-08-27,110.048,110.267,109.762,109.762,1254
2021-08-29,109.848,109.876,109.77,109.863,160
2021-08-30,109.862,109.982,109.702,109.945,1397
2021-08-31,109.946,110.079,109.585,110.056,1420
2021-09-01,110.056,110.419,109.88,110.093,1429
2021-09-02,110.092,110.122,109.913,109.946,1410
2021-09-03,109.946,110.072,109.59,109.677,1243
2021-09-05,109.689,109.786,109.655,109.78,154
2021-09-06,109.779,109.946,109.746,109.824,1428
2021-09-07,109.823,110.323,109.685,110.297,1431
2021-09-08,110.297,110.446,110.141,110.22,1427
2021-09-09,110.22,110.272,109.62,109.772,1423
2021-09-10,109.771,109.991,109.695,109.892,1249
2021-09-12,109.873,109.928,109.8,109.916,174
2021-09-13,109.916,110.158,109.888,109.995,1400
2021-09-14,109.995,110.161,109.526,109.715,1423
2021-09-15,109.714,109.743,109.112,109.383,1418
2021-09-16,109.382,109.827,109.212,109.697,1416
2021-09-17,109.697,110.08,109.667,109.896,1251
2021-09-19,109.887,109.999,109.876,109.979,163
2021-09-20,109.978,110.036,109.321,109.436,1422
2021-09-21,109.435,109.705,109.133,109.152,1418
2021-09-22,109.152,109.9,109.119,109.823,1419
2021-09-23,109.822,110.348,109.755,110.328,1419
2021-09-24,110.328,110.794,110.311,110.686,1256
2021-09-26,110.626,110.797,110.619,110.766,176
2021-09-27,110.766,111.064,110.533,110.963,1430
2021-09-28,110.963,111.638,110.934,111.528,1422
2021-09-29,111.526,112.048,111.204,111.936,1430
2021-09-30,111.936,112.078,111.238,111.464,1437
2021-10-01,111.463,111.487,110.905,110.997,1258
2021-10-03,110.893,111.026,110.891,110.949,172
2021-10-04,110.949,111.301,110.821,110.969,1436
2021-10-05,110.968,111.562,110.869,111.486,1432
2021-10-06,111.485,111.787,111.199,111.406,1422
2021-10-07,111.404,111.675,111.228,111.661,1426
2021-10-08,111.661,112.252,111.51,112.215,1257
2021-10-10,112.098,112.326,112.098,112.274,173
2021-10-11,112.273,113.413,112.174,113.39,1428
2021-10-12,113.387,113.786,113.0,113.537,1437
2021-10-13,113.537,113.804,113.21,113.307,1425
2021-10-14,113.307,113.886,113.276,113.832,1433
2021-10-15,113.831,114.462,113.81,114.228,1257
2021-10-17,114.213,114.362,114.147,114.332,164
2021-10-18,114.331,114.451,114.014,114.288,1428
2021-10-19,114.286,114.58,113.878,114.545,1426
2021-10-20,114.544,114.7,114.079,114.387,1433
2021-10-21,114.386,114.407,113.648,113.849,1436
2021-10-22,113.846,114.206,113.413,113.486,1259
2021-10-24,113.551,113.692,113.46,113.668,177
2021-10-25,113.669,113.922,113.513,113.763,1433
2021-10-26,113.763,114.312,113.718,114.183,1427
2021-10-27,114.183,114.22,113.387,113.771,1426
2021-10-28,113.77,113.866,113.255,113.614,1438
2021-10-29,113.617,114.095,113.392,113.965,1260
2021-10-31,114.048,114.255,114.046,114.07,240
2021-11-01,114.068,114.442,113.938,114.098,1437
2021-11-02,114.098,114.132,113.461,113.865,1432
2021-11-03,113.865,114.217,113.72,114.137,1435
2021-11-04,114.135,114.277,113.506,113.731,1440
2021-11-05,113.731,114.029,113.299,113.317,1200
2021-11-07,113.347,113.527,113.347,113.476,116
2021-11-08,113.474,113.665,113.079,113.255,1434
2021-11-09,113.254,113.26,112.723,112.913,1439
2021-11-10,112.914,114.015,112.774,113.906,1439
2021-11-11,113.905,114.155,113.805,114.044,1419
2021-11-12,114.042,114.3,113.76,113.846,1315
2021-11-14,113.919,114.045,113.909,113.983,117
2021-11-15,113.981,114.214,113.751,114.131,1437
2021-11-16,114.129,114.969,114.101,114.904,1435
2021-11-17,114.903,114.947,113.931,114.189,1438
2021-11-18,114.19,114.485,113.876,114.284,1438
2021-11-19,114.282,114.538,113.585,113.948,1320
2021-11-21,113.924,114.142,113.924,114.14,119
2021-11-22,114.142,114.96,114.02,114.789,1439
2021-11-23,114.788,115.218,114.481,115.142,1438
2021-11-24,115.141,115.522,114.825,115.408,1433
2021-11-25,115.407,115.446,115.029,115.074,1431
2021-11-26,115.074,115.113,113.052,113.254,1315
2021-11-28,113.676,113.87,113.318,113.721,120
2021-11-29,113.719,113.955,112.988,113.804,1440
2021-11-30,113.804,113.89,112.53,113.3,1440
2021-12-01,113.3,113.626,112.621,112.882,1440
2021-12-02,112.879,113.33,112.705,113.022,1438
2021-12-03,113.021,113.611,112.558,112.711,1320
2021-12-05,112.841,113.079,112.824,113.042,119
2021-12-06,113.044,113.553,112.848,113.466,1432
2021-12-07,113.468,113.778,113.398,113.527,1435
2021-12-08,113.527,113.954,113.31,113.682,1438
2021-12-09,113.684,113.81,113.271,113.438,1430
2021-12-10,113.439,113.791,113.22,113.374,1317
2021-12-12,113.267,113.516,113.247,113.51,120
2021-12-13,113.513,113.724,113.37,113.577,1434
2021-12-14,113.578,113.757,113.427,113.738,1432
2021-12-15,113.739,114.272,113.627,114.143,1428
2021-12-16,114.142,114.247,113.559,113.664,1432
2021-12-17,113.664,113.857,113.138,113.672,1320
2021-12-19,113.56,113.714,113.51,113.516,119
2021-12-20,113.516,113.731,113.325,113.664,1418
2021-12-21,113.664,114.219,113.552,113.991,1437
2021-12-22,113.993,114.369,113.993,114.126,1429
2021-12-23,114.126,114.474,114.105,114.461,1421
2021-12-24,114.461,114.512,114.274,114.274,1315
2021-12-26,114.32,114.419,114.308,114.34,115
2021-12-27,114.34,114.914,114.319,114.791,1389
2021-12-28,114.791,114.949,114.704,114.768,1421
2021-12-29,114.767,115.037,114.666,114.947,1431
2021-12-30,114.949,115.206,114.944,115.065,1410
2021-12-31,115.063,115.196,115.004,115.101,1296
2022-01-02,115.039,115.154,115.007,115.142,111
2022-01-03,115.14,115.366,114.946,115.33,1422
2022-01-04,115.33,116.352,115.289,116.172,1434
2022-01-05,116.174,116.241,115.619,116.124,1430
2022-01-06,116.124,116.183,115.624,115.864,1436
2022-01-07,115.864,116.046,115.507,115.529,1317
2022-01-09,115.569,115.666,115.553,115.62,118
2022-01-10,115.621,115.849,115.041,115.277,1423
2022-01-11,115.279,115.679,115.124,115.333,1432
2022-01-12,115.332,115.471,114.379,114.672,1433
2022-01-13,114.675,114.699,113.998,114.114,1435
2022-01-14,114.116,114.265,113.48,114.187,1320
2022-01-16,114.12,114.339,114.119,114.308,116
2022-01-17,114.309,114.649,114.274,114.573,1374
2022-01-18,114.572,115.056,114.448,114.556,1434
2022-01-19,114.555,114.787,114.205,114.347,1440
2022-01-20,114.347,114.546,113.858,113.992,1436
2022-01-21,113.99,114.032,113.603,113.656,1320
2022-01-23,113.639,113.801,113.629,113.787,116
2022-01-24,113.787,114.095,113.466,114.013,1436
2022-01-25,114.012,114.155,113.667,113.892,1438
2022-01-26,113.895,114.742,113.776,114.721,1435
2022-01-27,114.719,115.489,114.474,115.35,1440
2022-01-28,115.35,115.685,115.121,115.181,1320
2022-01-30,115.258,115.374,115.24,115.262,120
2022-01-31,115.261,115.59,114.923,115.12,1424
2022-02-01,115.119,115.191,114.566,114.733,1420
2022-02-02,114.733,114.802,114.15,114.379,1433
2022-02-03,114.378,114.986,114.325,114.957,1428
2022-02-04,114.956,115.428,114.773,115.154,1319
2022-02-06,115.238,115.322,115.198,115.225,120
2022-02-07,115.225,115.376,114.913,115.063,1434
2022-02-08,115.063,115.679,115.059,115.535,1438
2022-02-09,115.533,115.601,115.32,115.598,1433
2022-02-10,115.598,116.337,115.481,116.051,1437
2022-02-11,116.052,116.174,115.009,115.411,1320
2022-02-13,115.318,115.592,115.315,115.584,120
2022-02-14,115.583,115.746,115.01,115.538,1437
2022-02-15,115.539,115.873,115.257,115.639,1432
2022-02-16,115.64,115.789,115.336,115.39,1431
2022-02-17,115.391,115.536,114.796,114.861,1434
2022-02-18,114.859,115.296,114.787,114.991,1319
2022-02-20,115.022,115.057,114.869,114.963,118
2022-02-21,114.961,115.123,114.498,114.608,1434
2022-02-22,114.608,115.242,114.519,115.099,1434
2022-02-23,115.097,115.199,114.873,114.898,1435
2022-02-24,114.895,115.694,114.406,115.549,1431
2022-02-25,115.548,115.759,115.145,115.501,1318
2022-02-27,115.148,115.765,115.148,115.588,120
2022-02-28,115.587,115.69,114.86,115.085,1439
2022-03-01,115.086,115.289,114.698,114.84,1437
2022-03-02,114.838,115.686,114.791,115.515,1426
2022-03-03,115.515,115.806,115.383,115.48,1437
2022-03-04,115.484,115.556,114.649,114.789,1319
2022-03-06,114.895,114.958,114.82,114.952,119
2022-03-07,114.952,115.471,114.831,115.365,1439
2022-03-08,115.365,115.789,115.322,115.724,1439
2022-03-09,115.723,115.947,115.554,115.908,1437
2022-03-10,115.906,116.222,115.812,116.18,1433
2022-03-11,116.18,117.355,116.144,117.224,1320
2022-03-13,117.317,117.61,117.309,117.53,234
2022-03-14,117.529,118.299,117.468,118.201,1439
2022-03-15,118.201,118.449,117.695,118.418,1431
2022-03-16,118.419,119.122,118.173,118.885,1440
2022-03-17,118.885,118.914,118.365,118.696,1429
2022-03-18,118.692,119.399,118.655,119.116,1199
2022-03-20,119.099,119.306,118.979,119.18,228
2022-03-21,119.18,120.074,119.103,119.943,1432
2022-03-22,119.944,121.411,119.823,121.118,1438
2022-03-23,121.115,121.201,120.591,120.979,1431
2022-03-24,120.978,122.433,120.95,122.053,1435
2022-03-25,122.053,122.239,121.178,121.999,1200
2022-03-27,121.999,122.295,121.983,122.272,118
2022-03-28,122.268,125.097,122.141,123.602,1435
2022-03-29,123.601,124.301,121.978,123.126,1413
2022-03-30,123.125,123.125,121.309,122.019,1435
2022-03-31,122.022,122.453,121.281,121.743,1433
2022-04-01,121.743,123.033,121.742,122.477,1260
2022-04-03,122.569,122.729,122.492,122.634,178
2022-04-04,122.632,122.958,122.262,122.798,1438
2022-04-05,122.796,123.712,122.37,123.657,1429
2022-04-06,123.656,124.05,123.452,123.724,1416
2022-04-07,123.724,124.229,123.469,124.095,1428
2022-04-08,124.096,124.676,123.663,124.279,1260
2022-04-10,124.009,124.427,124.008,124.399,179
2022-04-11,124.395,125.77,124.283,125.482,1433
2022-04-12,125.482,125.758,124.762,125.428,1438
2022-04-13,125.429,126.313,125.347,125.361,1435
2022-04-14,125.364,126.208,125.081,126.171,1425
2022-04-15,126.173,126.681,126.056,126.352,1259
2022-04-17,126.334,126.73,126.334,126.611,163
2022-04-18,126.61,127.222,126.239,127.142,1436
2022-04-19,127.143,129.405,126.986,129.328,1439
2022-04-20,129.328,129.404,127.457,127.979,1436
2022-04-21,127.978,128.705,127.801,128.436,1436
2022-04-22,128.439,129.107,127.734,128.449,1260
2022-04-24,128.426,128.852,128.395,128.606,162
2022-04-25,128.605,128.867,127.52,127.772,1438
2022-04-26,127.779,128.201,126.941,127.264,1438
2022-04-27,127.262,128.591,127.243,128.439,1435
2022-04-28,128.446,131.251,128.349,130.784,1434
2022-04-29,130.782,130.821,129.314,129.824,1260
2022-05-01,129.723,130.298,129.723,129.998,177
2022-05-02,129.997,130.476,129.61,130.101,1438
2022-05-03,130.101,130.288,129.698,130.123,1439
2022-05-04,130.123,130.379,128.619,129.231,1433
2022-05-05,129.234,130.557,128.751,130.32,1436
2022-05-06,130.321,130.807,130.142,130.502,1259
2022-05-08,130.494,130.787,130.45,130.737,169
2022-05-09,130.737,131.345,130.111,130.379,1436
2022-05-10,130.376,130.551,129.793,130.366,1434
2022-05-11,130.366,130.811,129.444,129.844,1436
2022-05-12,129.844,129.907,127.517,128.602,1439
2022-05-13,128.602,129.452,128.345,129.182,1259
2022-05-15,129.19,129.499,129.181,129.407,165
2022-05-16,129.407,129.639,128.698,128.948,1434
2022-05-17,128.948,129.78,128.826,129.422,1437
2022-05-18,129.422,129.461,127.907,127.928,1440
2022-05-19,127.929,128.942,127.024,127.849,1435
2022-05-20,127.851,128.297,127.527,127.772,1259
2022-05-22,127.891,128.057,127.769,127.89,173
2022-05-23,127.89,127.954,127.15,127.817,1433
2022-05-24,127.816,128.083,126.359,126.734,1438
2022-05-25,126.732,127.494,126.651,127.15,1430
2022-05-26,127.15,127.58,126.55,127.103,1438
2022-05-27,127.103,127.255,126.676,127.087,1260
2022-05-29,127.0,127.343,127.0,127.271,176
2022-05-30,127.268,127.874,126.858,127.779,1429
2022-05-31,127.779,128.888,127.634,128.737,1432
2022-06-01,128.737,130.238,128.734,130.124,1440
2022-06-02,130.125,130.218,129.51,129.936,1434
2022-06-03,129.934,130.98,129.682,130.781,1260
2022-06-05,130.892,130.996,130.705,130.72,171
2022-06-06,130.72,132.301,130.429,132.173,1439
2022-06-07,132.173,132.997,132.09,132.821,1438
2022-06-08,132.82,134.53,132.717,134.456,1437
2022-06-09,134.454,134.555,133.182,134.39,1435
2022-06-10,134.391,134.48,133.362,134.384,1260
2022-06-12,134.298,134.85,134.296,134.787,174
2022-06-13,134.786,135.196,133.59,134.236,1437
2022-06-14,134.235,135.586,133.869,135.274,1438
2022-06-15,135.274,135.304,133.506,134.046,1439
2022-06-16,134.045,134.675,131.492,132.415,1438
2022-06-17,132.414,135.421,132.174,134.878,1259
2022-06-19,134.907,135.381,134.902,135.297,175
2022-06-20,135.297,135.44,134.531,135.097,1420
2022-06-21,135.102,136.708,134.92,136.314,1438
2022-06-22,136.313,136.625,135.68,135.989,1436
2022-06-23,135.99,136.197,134.263,134.818,1437
2022-06-24,134.817,135.398,134.348,135.162,1259
2022-06-26,134.974,135.216,134.963,135.055,148
2022-06-27,135.055,135.55,134.518,135.437,1435
2022-06-28,135.435,136.382,135.108,136.043,1440
2022-06-29,136.043,137.002,135.772,136.621,1439
2022-06-30,136.62,136.806,135.55,135.797,1437
2022-07-01,135.796,135.985,134.74,135.214,1260
2022-07-03,135.288,135.314,134.989,135.001,161
2022-07-04,134.999,135.973,134.78,135.863,1427
2022-07-05,135.862,136.359,135.421,135.538,1438
2022-07-06,135.54,136.128,134.949,135.951,1431
2022-07-07,135.95,136.219,135.548,135.918,1432
2022-07-08,135.918,136.565,135.327,136.02,1260
2022-07-10,135.953,136.354,135.871,136.294,177
2022-07-11,136.294,137.752,136.225,137.413,1439
2022-07-12,137.412,137.532,136.47,136.732,1439
2022-07-13,136.734,137.867,136.69,137.63,1439
2022-07-14,137.629,139.387,137.588,138.975,1434
2022-07-15,138.973,139.087,138.385,138.453,1260
2022-07-17,138.499,138.568,138.274,138.294,160
2022-07-18,138.293,138.455,137.889,138.256,1439
2022-07-19,138.256,138.391,137.38,138.186,1436
2022-07-20,138.184,138.471,137.899,138.416,1435
2022-07-21,138.417,138.875,137.02,137.078,1435
2022-07-22,137.078,137.953,135.565,135.999,1260
2022-07-24,136.119,136.416,136.03,136.34,179
2022-07-25,136.341,136.788,135.887,136.408,1434
2022-07-26,136.409,136.988,136.276,136.961,1436
2022-07-27,136.959,137.462,136.078,136.113,1438
2022-07-28,136.115,136.417,134.199,134.401,1437
2022-07-29,134.399,134.674,132.503,133.209,1260
2022-07-31,133.199,133.562,133.194,133.368,174
2022-08-01,133.367,133.409,131.372,131.4,1433
2022-08-02,131.402,133.601,130.392,133.34,1436
2022-08-03,133.341,134.546,132.281,133.926,1437
2022-08-04,133.925,134.422,132.518,132.617,1436
2022-08-05,132.617,135.499,132.565,134.953,1260
2022-08-07,135.015,135.308,134.892,135.059,169
2022-08-08,135.059,135.58,134.353,134.835,1429
2022-08-09,134.834,135.199,134.664,135.192,1431
2022-08-10,135.206,135.3,132.025,132.81,1436
2022-08-11,132.809,133.308,131.731,133.005,1435
2022-08-12,133.007,133.892,132.898,133.388,1260
2022-08-14,133.319,133.594,133.216,133.313,170
2022-08-15,133.313,133.538,132.552,133.132,1437
2022-08-16,133.132,134.682,132.948,134.28,1429
2022-08-17,134.279,135.497,133.903,134.953,1432
2022-08-18,134.954,135.9,134.646,135.803,1436
2022-08-19,135.804,137.228,135.803,136.878,1260
2022-08-21,136.809,137.076,136.809,137.021,168
2022-08-22,137.02,137.647,136.697,137.575,1434
2022-08-23,137.577,137.705,135.804,136.739,1435
2022-08-24,136.739,137.241,136.171,137.094,1422
2022-08-25,137.096,137.196,136.317,136.56,1437
2022-08-26,136.562,137.755,136.193,137.752,1260
2022-08-28,137.641,138.208,137.558,138.161,177
2022-08-29,138.16,138.999,138.083,138.641,1432
2022-08-30,138.643,139.076,138.05,138.758,1433
2022-08-31,138.758,139.444,138.268,139.329,1439
2022-09-01,139.33,140.27,139.061,140.084,1319
2022-09-02,140.084,140.798,139.866,140.144,1259
2022-09-04,140.099,140.55,140.089,140.537,177
2022-09-05,140.536,140.659,140.115,140.429,1429
2022-09-06,140.431,143.589,140.245,143.158,1437
2022-09-07,143.158,144.989,142.926,144.088,1439
2022-09-08,144.09,144.555,143.314,143.874,1439
2022-09-09,143.872,143.957,141.499,142.564,1260
2022-09-11,142.087,142.755,142.085,142.561,178
2022-09-12,142.561,143.493,142.158,142.58,1438
2022-09-13,142.579,144.955,141.607,144.453,1440
2022-09-14,144.452,144.849,142.55,142.917,1437
2022-09-15,142.919,143.799,142.904,143.337,1434
2022-09-16,143.333,143.689,142.825,142.873,1260
2022-09-18,142.876,143.121,142.639,142.754,154
2022-09-19,142.755,143.643,142.679,143.178,1436
2022-09-20,143.178,143.92,142.93,143.58,1440
2022-09-21,143.581,144.7,143.34,144.24,1435
2022-09-22,144.24,145.901,140.346,142.268,1431
2022-09-23,142.267,143.457,141.759,143.296,1260
2022-09-25,143.703,143.703,143.184,143.52,175
2022-09-26,143.518,144.784,143.417,144.465,1435
2022-09-27,144.472,144.902,144.055,144.705,1439
2022-09-28,144.704,144.848,143.906,144.41,1435
2022-09-29,144.412,144.81,144.201,144.419,1438
2022-09-30,144.419,144.808,144.2,144.698,1260
2022-10-02,144.613,144.886,144.613,144.801,161
2022-10-03,144.805,145.318,144.152,144.522,1437
2022-10-04,144.522,144.931,143.769,143.852,1438
2022-10-05,143.852,144.843,143.521,144.436,1436
2022-10-06,144.433,145.14,144.381,145.042,1437
2022-10-07,145.044,145.439,144.55,145.218,1260
2022-10-09,145.309,145.487,145.286,145.461,132
2022-10-10,145.461,145.801,145.232,145.668,1439
2022-10-11,145.668,145.947,145.424,145.888,1439
2022-10-12,145.887,146.968,145.813,146.773,1437
2022-10-13,146.774,147.672,146.443,147.306,1434
2022-10-14,147.308,148.86,147.086,148.725,1260
2022-10-16,148.544,148.716,148.413,148.635,178
2022-10-17,148.635,149.089,148.425,148.971,1432
2022-10-18,148.97,149.387,148.135,149.211,1436
2022-10-19,149.211,149.904,149.098,149.825,1440
2022-10-20,149.824,150.285,149.551,150.172,1429
2022-10-21,150.172,151.941,146.182,147.569,1260
2022-10-23,147.63,149.705,145.394,147.615,169
2022-10-24,147.615,149.456,147.361,148.887,1428
2022-10-25,148.884,149.058,147.512,147.978,1433
2022-10-26,147.977,148.41,146.078,146.084,1435
2022-10-27,146.082,146.936,145.105,146.277,1435
2022-10-28,146.281,147.86,145.972,147.464,1260
2022-10-30,147.752,148.273,147.471,148.218,228
2022-10-31,148.22,148.848,147.731,148.728,1435
2022-11-01,148.729,148.733,146.986,147.224,1435
2022-11-02,147.23,147.998,145.667,147.343,1433
2022-11-03,147.343,148.449,147.108,148.2,1434
2022-11-04,148.199,148.231,146.553,146.625,1196
2022-11-06,147.173,147.173,146.683,146.841,118
2022-11-07,146.843,147.568,146.081,146.624,1438
2022-11-08,146.624,146.932,145.198,145.292,1434
2022-11-09,145.292,146.793,145.167,146.199,1437
2022-11-10,146.198,146.588,140.202,141.734,1439
2022-11-11,141.736,142.479,138.46,138.762,1320
2022-11-13,139.099,139.907,139.024,139.607,120
2022-11-14,139.609,140.793,138.794,140.093,1439
2022-11-15,140.092,140.624,137.671,138.96,1431
2022-11-16,138.955,140.288,138.862,139.324,1439
2022-11-17,139.326,140.736,138.874,140.42,1439
2022-11-18,140.422,140.498,139.631,140.341,1320
2022-11-20,140.267,140.405,140.157,140.26,106
2022-11-21,140.261,142.251,140.189,142.089,1439
2022-11-22,142.087,142.24,141.082,141.159,1437
2022-11-23,141.159,141.61,139.162,139.246,1439
2022-11-24,139.242,139.491,138.049,138.602,1435
2022-11-25,138.602,139.594,138.369,139.072,1320
2022-11-27,139.199,139.418,139.008,139.373,116
2022-11-28,139.374,139.375,137.497,138.72,1436
2022-11-29,138.719,139.35,137.864,138.749,1439
2022-11-30,138.749,139.892,137.259,137.355,1428
2022-12-01,137.355,137.538,135.033,135.149,1434
2022-12-02,135.148,135.981,133.618,134.271,1320
2022-12-04,134.479,134.593,134.247,134.475,110
2022-12-05,134.479,136.859,134.127,136.581,1437
2022-12-06,136.576,137.426,135.96,136.886,1436
2022-12-07,136.883,137.854,136.215,136.38,1433
2022-12-08,136.378,137.243,136.27,136.638,1435
2022-12-09,136.635,136.909,135.602,136.543,1320
2022-12-11,136.464,136.832,136.419,136.714,117
2022-12-12,136.715,137.848,136.617,137.51,1439
2022-12-13,137.511,137.969,134.65,135.573,1429
2022-12-14,135.573,135.987,134.509,135.363,1440
2022-12-15,135.363,138.171,135.281,137.747,1425
2022-12-16,137.746,137.786,136.293,136.669,1320
2022-12-18,135.813,136.604,135.813,136.568,119
2022-12-19,136.568,137.159,135.749,136.972,1438
2022-12-20,136.971,137.472,130.566,131.888,1438
2022-12-21,131.89,132.526,131.491,132.393,1433
2022-12-22,132.394,132.721,131.641,132.373,1438
2022-12-23,132.373,133.136,132.291,132.872,1320
2022-12-25,132.703,132.819,132.646,132.754,73
2022-12-26,132.754,133.19,132.305,132.763,1379
2022-12-27,132.762,133.592,132.632,133.486,1434
2022-12-28,133.487,134.498,133.397,134.028,1437
2022-12-29,134.028,134.195,132.864,132.917,1439
2022-12-30,132.918,132.957,130.776,131.106,1319
2023-01-01,130.925,130.962,130.716,130.87,83
2023-01-02,130.886,131.403,130.535,130.79,1387
2023-01-03,130.789,131.466,129.507,131.293,1435
2023-01-04,131.296,132.715,129.923,132.249,1437
2023-01-05,132.243,134.053,131.681,133.318,1434
2023-01-06,133.318,134.773,131.993,132.03,1320
2023-01-08,131.899,132.285,131.786,131.802,111
2023-01-09,131.805,132.653,131.304,131.729,1435
2023-01-10,131.731,132.477,131.38,132.102,1438
2023-01-11,132.103,132.871,131.776,131.898,1440
2023-01-12,131.896,132.034,128.859,129.174,1434
2023-01-13,129.172,129.346,127.454,127.853,1320
2023-01-15,127.749,128.148,127.704,128.05,113
2023-01-16,128.05,128.863,127.218,128.337,1427
2023-01-17,128.337,129.155,127.986,128.283,1436
2023-01-18,128.288,131.572,127.561,128.552,1440
2023-01-19,128.552,128.816,127.757,128.371,1436
2023-01-20,128.371,130.611,128.34,129.464,1320
2023-01-22,129.459,129.654,129.309,129.39,116
2023-01-23,129.389,130.885,129.038,130.594,1433
2023-01-24,130.593,131.116,129.723,130.21,1434
2023-01-25,130.214,130.581,129.224,129.256,1436
2023-01-26,129.257,130.618,129.02,129.803,1425
2023-01-27,129.804,130.265,129.496,129.801,1320
2023-01-29,129.685,129.89,129.616,129.834,115
2023-01-30,129.835,130.567,129.2,130.482,1433
2023-01-31,130.48,130.504,129.743,130.111,1425
2023-02-01,130.109,130.408,128.418,128.603,1431
2023-02-02,128.603,129.133,128.08,128.763,1435
2023-02-03,128.763,131.202,128.327,131.156,1320
2023-02-05,132.471,132.476,131.508,132.057,120
2023-02-06,132.06,132.9,131.579,132.624,1433
2023-02-07,132.623,132.623,130.472,131.055,1437
2023-02-08,131.054,131.537,130.591,131.388,1439
2023-02-09,131.388,131.824,130.339,131.515,1440
2023-02-10,131.513,131.885,129.801,131.347,1320
2023-02-12,131.238,131.648,131.207,131.551,112
2023-02-13,131.549,132.907,131.444,132.333,1439
2023-02-14,132.335,133.314,131.499,132.99,1435
2023-02-15,132.989,134.357,132.542,133.904,1440
2023-02-16,133.905,134.461,133.602,134.074,1440
2023-02-17,134.074,135.116,134.052,134.092,1320
2023-02-19,134.198,134.292,134.196,134.254,57
2023-02-20,134.31,134.538,133.92,134.334,1013
2023-02-21,134.334,135.171,134.148,134.994,1075
2023-02-22,134.989,135.061,134.391,134.932,1020
2023-02-23,134.932,135.302,134.486,134.688,960
2023-02-24,134.623,136.503,134.054,136.402,959
2023-02-27,136.423,136.554,135.914,136.184,951
2023-02-28,136.321,136.917,135.781,136.191,1010
2023-03-01,136.344,136.468,135.394,136.107,1009
2023-03-02,136.19,137.1,136.049,136.718,1020
2023-03-03,136.716,136.768,135.794,135.831,960
2023-03-05,135.971,135.977,135.885,135.885,58
2023-03-06,136.016,136.169,135.364,135.934,1012
2023-03-07,135.995,137.438,135.537,137.387,1020
2023-03-08,137.392,137.91,136.477,137.223,1020
2023-03-09,137.223,137.254,135.997,136.149,1002
2023-03-10,136.365,136.992,134.285,134.858,960
2023-03-12,134.542,134.968,133.525,134.375,178
2023-03-13,134.377,134.831,132.282,133.236,960
2023-03-14,133.237,134.901,133.185,134.431,1020
2023-03-15,134.43,135.112,132.403,133.331,1020
2023-03-16,133.329,133.792,131.715,133.388,1020
2023-03-17,133.388,133.464,131.619,131.986,900
2023-03-19,131.792,132.629,131.641,132.611,173
2023-03-20,132.61,132.647,130.538,131.168,1016
2023-03-21,131.168,132.699,131.029,132.525,1020
2023-03-22,132.526,133.0,130.837,130.896,1020
2023-03-23,130.895,131.66,130.416,130.519,1020
2023-03-24,130.519,130.826,129.671,130.749,840
2023-03-26,130.564,130.877,130.564,130.791,60
2023-03-27,130.849,131.76,130.496,131.463,1020
2023-03-28,131.235,131.293,130.405,130.859,1019
2023-03-29,131.047,132.889,130.923,132.656,1020
2023-03-30,132.546,132.965,132.2,132.614,1020
2023-03-31,133.197,133.592,132.681,132.756,900
2023-04-02,133.279,133.381,133.129,133.352,60
2023-04-03,133.35,133.755,132.169,132.32,1014
2023-04-04,132.322,133.078,131.521,131.683,1020
2023-04-05,131.431,131.842,130.815,130.937,1015
2023-04-06,130.937,131.921,130.774,131.673,1435
2023-04-09,131.981,132.164,131.952,132.1,60
2023-04-10,132.099,133.854,131.993,133.526,1020
2023-04-11,133.469,133.778,132.983,133.599,1015
2023-04-12,133.599,134.043,132.73,133.057,1020
2023-04-13,133.086,133.39,132.016,132.582,1019
2023-04-14,132.486,133.813,132.168,133.748,960
2023-04-16,133.812,133.922,133.747,133.901,60
2023-04-17,133.986,134.571,133.709,134.444,958
2023-04-18,134.454,134.703,133.918,134.028,1020
2023-04-19,134.041,135.133,133.951,134.721,1020
2023-04-20,134.712,134.972,134.011,134.171,1020
2023-04-21,133.997,134.46,133.548,134.073,900
2023-04-23,134.012,134.118,134.007,134.073,60
2023-04-24,133.964,134.696,133.888,134.086,1018
2023-04-25,134.086,134.479,133.438,133.707,1020
2023-04-26,133.707,133.881,133.013,133.461,1019
2023-04-27,133.462,134.178,133.204,133.912,1019
2023-04-28,133.804,136.56,133.335,136.253,900
2023-04-30,136.195,136.33,136.155,136.214,60
2023-05-01,136.404,137.539,136.254,137.429,1019
2023-05-02,137.521,137.772,136.315,136.522,1019
2023-05-03,136.468,136.572,134.387,134.575,960
2023-05-04,134.549,134.866,133.498,134.289,1020
2023-05-05,134.161,135.067,133.882,134.857,900
2023-05-07,134.794,135.296,134.794,135.193,109
2023-05-08,135.192,135.225,134.64,135.013,1017
2023-05-09,135.084,135.324,134.721,135.202,960
2023-05-10,135.292,135.469,134.016,134.101,1020
2023-05-11,134.101,134.842,133.743,134.518,1020
2023-05-12,134.491,135.752,134.401,135.7,900
2023-05-14,135.646,135.896,135.64,135.824,112
2023-05-15,135.823,136.324,135.708,136.023,1020
2023-05-16,136.031,136.682,135.685,136.425,1017
2023-05-17,136.425,137.664,136.303,137.603,1019
2023-05-18,137.602,138.723,137.285,138.65,1020
2023-05-19,138.624,138.663,137.423,137.964,900
2023-05-21,137.963,138.002,137.573,137.693,110
2023-05-22,137.693,138.797,137.492,138.663,1019
2023-05-23,138.663,138.909,138.24,138.53,1019
2023-05-24,138.611,139.477,138.231,139.21,1020
2023-05-25,139.294,140.228,139.261,140.022,1020
2023-05-26,140.023,140.724,139.492,140.569,899
2023-05-28,140.633,140.863,140.625,140.759,60
2023-05-29,140.883,140.917,140.112,140.47,1016
2023-05-30,140.471,140.932,139.57,139.793,1014
2023-05-31,139.793,140.391,139.146,139.188,1020
2023-06-01,139.135,139.947,138.676,138.741,1020
2023-06-02,138.741,140.07,138.603,139.911,960
2023-06-04,139.965,140.096,139.965,140.062,60
2023-06-05,140.213,140.453,139.322,139.415,1018
2023-06-06,139.414,139.992,139.095,139.587,1015
2023-06-07,139.524,140.245,139.022,140.009,1020
2023-06-08,139.913,140.094,138.835,138.874,1019
2023-06-09,138.887,139.723,138.862,139.399,900
2023-06-11,139.383,139.484,139.372,139.421,60
2023-06-12,139.372,139.765,139.159,139.553,1013
2023-06-13,139.458,140.296,139.039,140.163,1019
2023-06-14,140.147,140.201,139.281,139.968,1020
2023-06-15,139.968,141.503,139.94,140.132,1020
2023-06-16,140.265,141.911,139.85,141.795,959
2023-06-18,141.675,141.954,141.673,141.862,111
2023-06-19,141.861,141.991,141.441,141.898,1010
2023-06-20,141.905,142.252,141.248,141.341,1020
2023-06-21,141.335,142.368,141.332,141.686,1020
2023-06-22,141.684,143.162,141.609,143.067,1020
2023-06-23,143.028,143.866,142.685,143.789,900
2023-06-25,143.594,143.718,143.457,143.462,60
2023-06-26,143.538,143.659,142.935,143.46,1016
2023-06-27,143.462,144.086,143.281,143.96,1019
2023-06-28,143.873,144.615,143.728,144.389,1014
2023-06-29,144.388,144.897,144.133,144.76,1020
2023-06-30,144.792,145.067,144.223,144.223,960
2023-07-02,144.276,144.352,144.276,144.339,60
2023-07-03,144.394,144.881,143.984,144.645,1018
2023-07-04,144.597,144.675,144.229,144.405,1010
2023-07-05,144.406,144.734,144.077,144.498,1020
2023-07-06,144.5,144.651,143.552,143.974,1019
2023-07-07,143.974,144.196,142.069,142.083,960
2023-07-09,142.091,142.287,142.064,142.21,103
2023-07-10,142.21,143.005,141.213,141.315,1020
2023-07-11,141.307,141.459,140.206,140.218,1020
2023-07-12,140.12,140.162,138.156,138.324,1020
2023-07-13,138.324,138.83,137.889,138.067,1020
2023-07-14,138.061,139.156,137.237,138.743,960
2023-07-16,138.678,138.83,138.674,138.758,60
2023-07-17,138.685,139.197,137.996,138.715,1020
2023-07-18,138.719,139.19,137.812,139.021,1019
2023-07-19,139.021,139.992,138.848,139.607,1019
2023-07-20,139.605,140.497,139.107,139.934,1020
2023-07-21,139.843,141.952,139.747,141.76,958
2023-07-23,141.703,141.781,141.701,141.749,60
2023-07-24,141.751,141.811,140.844,141.52,1019
2023-07-25,141.541,141.735,140.862,140.911,1015
2023-07-26,140.911,141.184,139.923,140.368,1019
2023-07-27,140.368,141.26,138.7,138.869,1018
2023-07-28,138.869,141.079,138.061,140.996,900
2023-07-30,140.921,141.147,140.749,140.755,179
2023-07-31,140.753,142.689,140.689,142.324,1437
2023-08-01,142.324,143.543,142.254,142.96,1436
2023-08-02,142.96,143.475,142.23,143.354,1438
2023-08-03,143.35,143.888,142.062,142.603,1437
2023-08-04,142.602,142.903,141.549,141.697,1260
2023-08-06,141.666,141.941,141.649,141.871,171
2023-08-07,141.871,142.583,141.511,142.537,1440
2023-08-08,142.536,143.492,142.527,143.259,1439
2023-08-09,143.259,143.758,142.998,143.718,1438
2023-08-10,143.718,144.87,143.281,144.852,1436
2023-08-11,144.851,144.999,144.417,144.876,1259
2023-08-13,144.805,144.99,144.805,144.853,168
2023-08-14,144.853,145.577,144.65,145.435,1439
2023-08-15,145.433,145.864,145.103,145.62,1438
2023-08-16,145.617,146.405,145.306,146.332,1439
2023-08-17,146.333,146.559,145.574,145.71,1437
2023-08-18,145.708,145.793,144.927,145.328,1260
2023-08-20,145.259,145.486,145.259,145.324,172
2023-08-21,145.323,146.402,145.142,146.246,1438
2023-08-22,146.248,146.397,145.494,145.775,1433
2023-08-23,145.776,145.813,144.538,144.679,1439
2023-08-24,144.679,146.074,144.614,146.049,1437
2023-08-25,146.051,146.634,145.719,146.389,1260
2023-08-27,146.394,146.613,146.391,146.546,175
2023-08-28,146.547,146.742,146.271,146.462,1437
2023-08-29,146.46,147.374,145.667,145.982,1440
2023-08-30,145.981,146.535,145.558,146.086,1432
2023-08-31,146.087,146.227,145.348,145.486,1438
2023-09-01,145.485,146.292,144.441,146.162,1259
2023-09-03,146.17,146.247,146.022,146.066,171
2023-09-04,146.065,146.553,146.035,146.538,1407
2023-09-05,146.538,147.801,146.486,147.457,1438
2023-09-06,147.456,147.816,147.016,147.713,1436
2023-09-07,147.713,147.872,147.042,147.334,1439
2023-09-08,147.334,147.87,146.584,147.798,1260
2023-09-10,146.981,147.271,146.664,147.127,180
2023-09-11,147.128,147.144,145.9,146.671,1439
2023-09-12,146.672,147.233,146.436,147.159,1435
2023-09-13,147.158,147.745,147.097,147.331,1437
2023-09-14,147.329,147.564,147.016,147.46,1421
2023-09-15,147.46,147.95,147.336,147.819,1254
2023-09-17,147.674,147.877,147.664,147.863,176
2023-09-18,147.864,147.873,147.533,147.613,1427
2023-09-19,147.613,147.92,147.503,147.758,1437
2023-09-20,147.757,148.356,147.472,148.319,1433
2023-09-21,148.318,148.457,147.319,147.645,1439
2023-09-22,147.646,148.418,147.506,148.341,1260
2023-09-24,148.207,148.444,148.207,148.432,174
2023-09-25,148.433,148.961,148.284,148.821,1385
2023-09-26,148.822,149.185,148.701,149.052,1440
2023-09-27,149.059,149.708,148.86,149.494,1440
2023-09-28,149.494,149.559,149.143,149.334,1438
2023-09-29,149.33,149.5,148.525,149.334,1260
2023-10-01,149.606,149.631,149.429,149.528,178
2023-10-02,149.528,149.876,149.454,149.861,1434
2023-10-03,149.86,150.159,147.277,149.176,1440
2023-10-04,149.178,149.317,148.733,148.98,1437
2023-10-05,148.983,149.116,148.257,148.47,1439
2023-10-06,148.469,149.535,148.463,149.268,1260
2023-10-08,149.062,149.239,148.986,149.151,180
2023-10-09,149.146,149.223,148.291,148.333,1435
2023-10-10,148.332,149.097,148.161,148.626,1434
2023-10-11,148.625,149.323,148.422,149.035,1440
2023-10-12,149.034,149.827,148.952,149.784,1437
2023-10-13,149.786,149.827,149.451,149.506,1260
2023-10-15,149.341,149.631,149.337,149.56,176
2023-10-16,149.558,149.764,149.373,149.58,1431
2023-10-17,149.579,149.85,148.739,149.76,1437
2023-10-18,149.76,149.936,149.481,149.77,1440
2023-10-19,149.767,149.959,149.663,149.804,1435
2023-10-20,149.805,149.992,149.639,149.803,1260
2023-10-22,149.839,149.892,149.72,149.884,167
2023-10-23,149.884,149.989,149.554,149.774,1438
2023-10-24,149.773,149.929,149.32,149.855,1433
2023-10-25,149.856,150.315,149.793,150.095,1438
2023-10-26,150.094,150.776,149.83,150.363,1436
2023-10-27,150.364,150.411,149.459,149.599,1260
2023-10-29,149.47,149.812,149.47,149.8,233
2023-10-30,149.801,149.853,148.804,149.415,1437
2023-10-31,149.416,151.716,149.326,151.367,1440
2023-11-01,151.366,151.431,150.331,150.343,1439
2023-11-02,150.345,150.58,149.843,150.393,1435
2023-11-03,150.393,150.464,149.181,149.318,1195
2023-11-05,149.319,149.479,149.311,149.454,118
2023-11-06,149.453,150.08,149.375,149.985,1438
2023-11-07,149.985,150.691,149.96,150.396,1436
2023-11-08,150.396,151.056,150.349,150.852,1438
2023-11-09,150.851,151.386,150.768,151.346,1438
2023-11-10,151.345,151.6,151.22,151.472,1319
2023-11-12,151.42,151.508,151.418,151.462,116
2023-11-13,151.461,151.907,151.202,151.649,1438
2023-11-14,151.648,151.782,150.154,150.484,1438
2023-11-15,150.483,151.42,150.047,151.208,1440
2023-11-16,151.209,151.429,150.285,150.704,1432
2023-11-17,150.704,150.774,149.196,149.506,1319
2023-11-19,149.575,149.962,149.442,149.96,115
2023-11-20,149.959,149.988,148.1,148.383,1438
2023-11-21,148.383,148.594,147.149,148.147,1438
2023-11-22,148.146,149.747,148.029,149.461,1437
2023-11-23,149.46,149.691,148.887,149.64,1420
2023-11-24,149.638,149.711,149.196,149.386,1316
2023-11-26,149.391,149.587,149.391,149.58,118
2023-11-27,149.579,149.674,148.361,148.414,1438
2023-11-28,148.415,148.829,147.016,147.065,1439
2023-11-29,147.063,147.902,146.67,147.056,1437
2023-11-30,147.057,148.52,146.865,147.999,1440
2023-12-01,147.996,148.345,146.659,146.772,1318
2023-12-03,146.667,146.769,146.228,146.362,114
2023-12-04,146.361,147.451,146.223,147.302,1440
2023-12-05,147.302,147.388,146.558,147.184,1439
2023-12-06,147.186,147.497,146.893,147.18,1438
2023-12-07,147.179,147.185,141.615,144.238,1440
2023-12-08,144.237,145.214,142.497,144.902,1320
2023-12-10,144.889,145.066,144.808,144.988,119
2023-12-11,144.987,146.588,144.866,146.049,1440
2023-12-12,146.049,146.123,144.731,145.297,1439
2023-12-13,145.296,145.993,142.084,142.787,1440
2023-12-14,142.787,142.908,140.956,142.279,1436
2023-12-15,142.277,142.464,141.428,142.141,1319
2023-12-17,142.038,142.37,142.024,142.328,120
2023-12-18,142.328,143.156,142.071,142.691,1438
2023-12-19,142.686,144.954,142.244,143.919,1438
2023-12-20,143.925,144.095,143.26,143.525,1439
2023-12-21,143.525,143.567,142.011,142.07,1438
2023-12-22,142.069,142.662,141.864,142.412,1319
2023-12-24,142.26,142.417,142.26,142.407,23
2023-12-25,142.408,142.479,142.101,142.24,460
2023-12-26,142.239,142.633,142.09,142.487,1433
2023-12-27,142.487,142.848,141.379,141.44,1440
2023-12-28,141.439,141.666,140.248,141.437,1433
2023-12-29,141.436,141.912,140.797,140.98,1319
2024-01-01,140.843,141.128,140.811,141.11,109
2024-01-02,141.11,142.216,141.096,142.173,1436
2024-01-03,142.174,143.731,141.858,142.995,1440
2024-01-04,142.995,144.85,142.853,144.772,1439
2024-01-05,144.772,145.976,143.806,144.603,1320
2024-01-07,144.453,144.917,144.382,144.721,115
2024-01-08,144.721,144.797,143.661,144.224,1440
2024-01-09,144.223,144.623,143.419,144.431,1438
2024-01-10,144.431,145.828,144.416,145.723,1440
2024-01-11,145.724,146.414,144.938,145.1,1440
2024-01-12,145.1,145.566,144.354,144.904,1320
2024-01-14,144.78,145.171,144.78,145.148,113
2024-01-15,145.149,145.941,144.933,145.79,1437
2024-01-16,145.79,147.31,145.583,147.242,1440
2024-01-17,147.242,148.524,147.097,148.134,1440
2024-01-18,148.134,148.299,147.654,148.122,1440
2024-01-19,148.122,148.802,147.838,148.04,1320
2024-01-21,148.207,148.259,148.001,148.123,120
2024-01-22,148.124,148.302,147.615,148.145,1440
2024-01-23,148.144,148.694,146.975,148.248,1436
2024-01-24,148.235,148.26,146.648,147.586,1439
2024-01-25,147.585,147.936,147.081,147.721,1438
2024-01-26,147.721,148.209,147.393,148.149,1320
2024-01-28,148.087,148.185,148.023,148.18,109
2024-01-29,148.178,148.333,147.25,147.485,1439
2024-01-30,147.486,147.926,147.096,147.332,1440
2024-01-31,147.333,147.898,146.007,147.006,1440
2024-02-01,147.005,147.114,145.896,146.459,1437
2024-02-02,146.46,148.583,146.24,148.308,1318
2024-02-04,148.381,148.673,148.33,148.512,119
2024-02-05,148.512,148.892,148.266,148.664,1436
2024-02-06,148.663,148.787,147.74,147.818,1439
2024-02-07,147.82,148.257,147.618,148.085,1440
2024-02-08,148.086,149.477,147.93,149.261,1437
2024-02-09,149.262,149.575,149.005,149.256,1320
2024-02-11,149.213,149.314,149.078,149.179,113
2024-02-12,149.179,149.478,148.926,149.404,1437
2024-02-13,149.404,150.883,149.224,150.723,1439
2024-02-14,150.722,150.775,150.343,150.556,1440
2024-02-15,150.555,150.555,149.523,149.959,1438
2024-02-16,149.958,150.645,149.923,150.181,1320
2024-02-18,150.078,150.195,150.032,150.148,118
2024-02-19,150.147,150.301,149.871,150.271,1410
2024-02-20,150.27,150.437,149.683,149.964,1440
2024-02-21,149.966,150.391,149.851,150.339,1440
2024-02-22,150.338,150.688,150.015,150.473,1438
2024-02-23,150.473,150.767,150.292,150.473,1318
2024-02-25,150.46,150.562,150.336,150.5,118
2024-02-26,150.501,150.837,150.292,150.572,1440
2024-02-27,150.57,150.609,150.073,150.513,1430
2024-02-28,150.516,150.842,150.373,150.658,1438
2024-02-29,150.656,150.656,149.208,150.068,1436
2024-03-01,150.07,150.72,150.05,150.064,1320
2024-03-03,149.944,150.153,149.944,150.13,119
2024-03-04,150.129,150.568,149.837,150.453,1439
2024-03-05,150.457,150.545,149.701,150.049,1435
2024-03-06,150.05,150.084,149.094,149.261,1438
2024-03-07,149.259,149.259,147.582,147.864,1436
2024-03-08,147.862,148.117,146.481,147.03,1319
2024-03-10,146.915,147.126,146.671,146.762,227
2024-03-11,146.762,147.144,146.483,146.868,1436
2024-03-12,146.871,148.161,146.852,147.369,1436
2024-03-13,147.368,148.045,147.232,147.594,1439
2024-03-14,147.593,148.534,147.43,148.444,1436
2024-03-15,148.447,149.163,148.03,148.982,1200
2024-03-17,148.944,149.287,148.932,149.277,229
2024-03-18,149.282,149.328,148.907,149.208,1436
2024-03-19,149.207,151.34,149.001,151.153,1431
2024-03-20,151.155,151.816,150.542,150.619,1438
2024-03-21,150.622,151.752,150.263,151.528,1439
2024-03-22,151.529,151.862,151.003,151.431,1199
2024-03-24,151.305,151.435,151.084,151.305,233
2024-03-25,151.304,151.544,151.052,151.283,1437
2024-03-26,151.283,151.602,151.206,151.515,1437
2024-03-27,151.516,151.97,151.025,151.413,1437
2024-03-28,151.414,151.544,151.149,151.316,1438
2024-03-29,151.316,151.474,151.167,151.307,1190
2024-03-31,151.246,151.361,151.219,151.352,118
2024-04-01,151.401,151.771,151.248,151.594,1436
2024-04-02,151.594,151.801,151.461,151.545,1439
2024-04-03,151.545,151.953,151.439,151.581,1439
2024-04-04,151.581,151.77,151.119,151.293,1437
2024-04-05,151.292,151.75,150.81,151.617,1260
2024-04-07,151.569,151.729,151.54,151.68,177
2024-04-08,151.679,151.941,151.67,151.832,1435
2024-04-09,151.833,151.935,151.568,151.776,1438
2024-04-10,151.777,153.238,151.68,152.951,1440
2024-04-11,152.951,153.318,152.759,153.194,1439
2024-04-12,153.195,153.383,152.59,153.24,1260
2024-04-14,153.034,153.32,152.966,153.308,179
2024-04-15,153.305,154.445,153.279,154.213,1438
2024-04-16,154.216,154.784,153.898,154.699,1438
2024-04-17,154.698,154.733,154.157,154.339,1439
2024-04-18,154.338,154.679,153.956,154.613,1430
2024-04-19,154.614,154.672,153.586,154.562,1260
2024-04-21,154.547,154.69,154.387,154.633,177
2024-04-22,154.637,154.848,154.584,154.813,1427
2024-04-23,154.813,154.875,154.55,154.748,1434
2024-04-24,154.747,155.372,154.739,155.268,1433
2024-04-25,155.268,155.747,155.243,155.621,1436
2024-04-26,155.621,158.439,154.965,158.291,1260
2024-04-28,157.806,158.431,157.703,158.2,178
2024-04-29,158.201,160.203,154.523,156.332,1439
2024-04-30,156.325,157.842,156.166,157.747,1436
2024-05-01,157.747,157.985,152.989,155.727,1439
2024-05-02,155.726,156.283,152.876,153.134,1436
2024-05-03,153.132,153.446,151.857,153.008,1260
2024-05-05,152.886,153.703,152.764,153.655,169
2024-05-06,153.658,154.281,153.318,154.239,1431
2024-05-07,154.239,154.84,153.87,154.771,1436
2024-05-08,154.771,155.683,154.688,155.376,1430
2024-05-09,155.375,155.951,155.152,155.394,1435
2024-05-10,155.396,155.903,155.358,155.761,1258
2024-05-12,155.629,155.833,155.629,155.83,172
2024-05-13,155.83,156.247,155.502,156.228,1434
2024-05-14,156.228,156.783,156.223,156.521,1422
2024-05-15,156.521,156.56,154.151,154.3,1440
2024-05-16,154.301,155.532,153.598,155.399,1436
2024-05-17,155.397,155.977,155.247,155.603,1259
2024-05-19,155.534,155.819,155.525,155.763,173
2024-05-20,155.763,156.402,155.493,156.401,1434
2024-05-21,156.4,156.545,155.841,156.271,1432
2024-05-22,156.271,156.84,156.139,156.732,1436
2024-05-23,156.733,157.194,156.528,156.991,1437
2024-05-24,156.991,157.145,156.82,156.943,1255
2024-05-26,156.806,156.944,156.787,156.866,175
2024-05-27,156.867,156.956,156.661,156.836,1427
2024-05-28,156.838,157.286,156.579,157.271,1432
2024-05-29,157.272,157.707,156.894,157.626,1436
2024-05-30,157.624,157.625,156.37,156.992,1436
2024-05-31,156.991,157.364,156.557,157.279,1259
2024-06-02,157.124,157.338,157.11,157.182,176
2024-06-03,157.182,157.47,155.948,156.089,1438
2024-06-04,156.091,156.484,154.548,155.116,1426
2024-06-05,155.113,156.485,155.094,155.913,1434
2024-06-06,155.912,156.445,155.354,155.678,1440
2024-06-07,155.676,157.076,155.119,156.7,1260
2024-06-09,156.717,156.94,156.564,156.822,177
2024-06-10,156.821,157.193,156.719,157.044,1433
2024-06-11,157.042,157.402,156.803,157.112,1428
2024-06-12,157.111,157.37,155.716,156.801,1436
2024-06-13,156.8,157.311,156.579,157.122,1436
2024-06-14,157.123,158.255,156.795,157.36,1260
2024-06-16,157.253,157.662,157.235,157.556,174
2024-06-17,157.56,157.959,157.155,157.695,1430
2024-06-18,157.695,158.229,157.515,157.864,1437
2024-06-19,157.87,158.131,157.602,157.956,1425
2024-06-20,157.955,158.95,157.954,158.935,1437
2024-06-21,158.936,159.835,158.669,159.765,1258
2024-06-23,159.751,159.905,159.596,159.897,177
2024-06-24,159.897,159.927,158.74,159.697,1435
2024-06-25,159.7,159.756,159.186,159.699,1435
2024-06-26,159.7,160.865,159.663,160.627,1435
2024-06-27,160.627,160.822,160.28,160.703,1436
2024-06-28,160.704,161.282,160.261,160.802,1260
2024-06-30,160.811,160.941,160.683,160.922,170
2024-07-01,160.922,161.728,160.737,161.513,1435
2024-07-02,161.513,161.742,161.266,161.488,1435
2024-07-03,161.489,161.949,160.768,161.586,1430
2024-07-04,161.585,161.601,160.946,161.36,1423
2024-07-05,161.361,161.394,160.33,160.719,1260
2024-07-07,160.721,160.819,160.575,160.638,179
2024-07-08,160.637,161.117,160.26,160.859,1434
2024-07-09,160.859,161.515,160.739,161.33,1430
2024-07-10,161.329,161.804,161.301,161.592,1434
2024-07-11,161.594,161.758,157.409,158.273,1436
2024-07-12,158.275,159.384,157.359,157.7,1260
2024-07-14,158.068,158.419,157.979,158.287,177
2024-07-15,158.286,158.365,157.163,158.15,1435
2024-07-16,158.15,158.854,158.104,158.36,1440
2024-07-17,158.361,158.624,155.37,155.675,1439
2024-07-18,155.675,157.397,155.457,157.176,1435
2024-07-19,157.176,157.862,156.952,157.475,1258
2024-07-21,157.329,157.499,157.155,157.424,171
2024-07-22,157.423,157.61,156.284,156.903,1437
2024-07-23,156.901,156.927,155.528,155.76,1437
2024-07-24,155.761,155.99,153.105,153.916,1438
2024-07-25,153.914,154.318,151.941,153.7,1433
2024-07-26,153.699,154.737,153.096,153.718,1260
2024-07-28,153.652,154.212,153.475,154.143,177
2024-07-29,154.149,154.351,153.014,153.835,1439
2024-07-30,153.833,155.213,152.417,152.658,1436
2024-07-31,152.658,153.894,149.606,149.786,1440
2024-08-01,149.786,150.89,148.508,149.208,1438
2024-08-02,149.205,149.772,146.417,146.498,1260
2024-08-04,146.441,146.563,145.279,145.589,177
2024-08-05,145.589,145.94,141.676,145.794,1200
2024-08-06,145.8,146.365,144.045,144.738,1437
2024-08-07,144.743,147.897,144.543,146.283,1439
2024-08-08,146.297,147.813,145.426,147.694,1437
2024-08-09,147.694,147.768,146.267,146.634,1260
2024-08-11,146.484,147.128,146.468,147.072,174
2024-08-12,147.071,148.222,146.698,147.022,1439
2024-08-13,147.023,147.945,146.596,146.943,1437
2024-08-14,146.944,147.578,146.068,147.272,1438
2024-08-15,147.273,149.396,147.053,149.227,1430
2024-08-16,149.227,149.268,147.569,147.587,1260
2024-08-18,147.555,148.051,147.484,147.963,176
2024-08-19,147.962,148.0,145.182,146.709,1434
2024-08-20,146.711,147.345,144.943,145.322,1439
2024-08-21,145.322,146.889,144.45,145.123,1437
2024-08-22,145.122,146.525,144.939,146.208,1439
2024-08-23,146.208,146.481,144.047,144.352,1260
2024-08-25,144.227,144.34,143.558,143.919,177
2024-08-26,143.92,144.652,143.444,144.504,1438
2024-08-27,144.504,145.175,143.679,143.965,1436
2024-08-28,143.964,145.036,143.908,144.435,1439
2024-08-29,144.435,145.553,144.269,144.891,1438
2024-08-30,144.89,146.246,144.653,146.113,1260
2024-09-01,145.971,146.597,145.931,146.4,166
2024-09-02,146.401,147.172,145.773,146.748,1411
2024-09-03,146.751,147.207,145.089,145.363,1436
2024-09-04,145.365,145.552,143.183,143.335,1434
2024-09-05,143.334,144.228,142.847,143.385,1433
2024-09-06,143.386,144.041,141.762,142.251,1260
2024-09-08,142.172,142.525,141.948,142.487,171
2024-09-09,142.487,143.795,142.414,143.181,1438
2024-09-10,143.18,143.708,142.192,142.229,1435
2024-09-11,142.231,142.674,140.707,142.635,1435
2024-09-12,142.637,143.044,141.426,141.509,1435
2024-09-13,141.509,141.557,140.281,140.78,1260
2024-09-15,140.704,140.898,140.451,140.844,169
2024-09-16,140.845,141.24,139.576,140.796,1433
2024-09-17,140.795,142.464,140.32,142.006,1428
2024-09-18,142.008,142.751,140.435,142.699,1439
2024-09-19,142.698,143.944,142.039,142.862,1427
2024-09-20,142.86,144.495,141.736,143.808,1260
2024-09-22,143.754,144.089,143.669,144.079,173
2024-09-23,144.086,144.459,143.162,143.633,1423
2024-09-24,143.632,144.679,142.887,142.946,1437
2024-09-25,142.945,144.841,142.906,144.714,1433
2024-09-26,144.714,145.212,144.109,145.082,1421
2024-09-27,145.081,146.491,142.066,142.15,1260
2024-09-29,142.129,142.952,142.094,142.786,151
2024-09-30,142.786,143.915,141.642,143.714,1436
2024-10-01,143.714,144.529,142.969,143.723,1430
2024-10-02,143.724,146.91,143.53,146.575,1429
2024-10-03,146.577,147.239,146.301,146.842,1435
2024-10-04,146.841,149.004,145.918,148.631,1260
2024-10-06,148.653,149.125,148.653,148.794,179
2024-10-07,148.792,148.792,147.57,148.127,1432
2024-10-08,148.129,148.382,147.343,148.141,1429
2024-10-09,148.141,149.365,148.01,149.16,1434
2024-10-10,149.152,149.565,148.226,148.707,1437
2024-10-11,148.712,149.282,148.401,149.091,1260
2024-10-13,149.029,149.391,148.987,149.305,168
2024-10-14,149.306,149.981,149.14,149.715,1434
2024-10-15,149.722,149.758,148.848,149.088,1432
2024-10-16,149.089,149.805,148.861,149.562,1435
2024-10-17,149.563,150.321,149.24,150.101,1437
2024-10-18,150.103,150.155,149.363,149.503,1260
2024-10-20,149.439,149.641,149.412,149.602,175
2024-10-21,149.603,150.884,149.086,150.62,1439
2024-10-22,150.62,151.144,150.494,151.106,960
2024-10-23,151.152,153.185,151.135,152.769,1411
2024-10-24,152.767,152.792,151.552,151.789,1431
2024-10-25,151.792,152.378,151.452,152.244,1260
2024-10-27,153.176,153.479,152.652,153.463,240
2024-10-28,153.464,153.879,152.407,153.015,1435
2024-10-29,153.015,153.865,152.754,153.252,1426
2024-10-30,153.252,153.579,152.778,153.524,1437
2024-10-31,153.525,153.611,151.874,152.032,960
2024-11-01,152.029,153.093,151.789,152.946,1200
2024-11-03,152.26,152.551,152.181,152.288,120
2024-11-04,152.288,152.29,151.531,152.276,1435
2024-11-05,152.276,152.543,151.334,151.44,1438
2024-11-06,151.439,154.697,151.283,154.31,1439
2024-11-07,154.307,154.708,152.689,153.172,1432
2024-11-08,153.173,153.366,152.139,152.608,1320
2024-11-10,152.631,152.946,152.602,152.907,118
2024-11-11,152.91,153.952,152.87,153.521,1437
2024-11-12,153.52,154.923,153.403,154.656,1434
2024-11-13,154.656,155.622,154.338,155.416,1439
2024-11-14,155.416,156.535,155.404,156.481,1319
2024-11-15,156.48,156.746,153.858,154.248,1320
2024-11-17,154.349,154.746,154.222,154.64,116
2024-11-18,154.639,155.356,153.838,154.613,1436
2024-11-19,154.614,154.797,153.279,154.718,1424
2024-11-20,154.72,155.886,154.584,155.272,1436
2024-11-21,155.271,155.299,153.905,154.154,1437
2024-11-22,154.155,155.022,153.963,154.73,1320
2024-11-24,154.117,154.389,154.052,154.147,120
2024-11-25,154.148,154.722,153.548,154.38,1435
2024-11-26,154.38,154.413,152.93,152.931,1438
2024-11-27,152.93,153.032,150.453,151.337,1437
2024-11-28,151.338,151.948,150.983,151.185,1411
2024-11-29,151.182,151.206,149.464,149.724,1320
2024-12-01,149.514,150.066,149.486,149.865,114
2024-12-02,149.865,150.747,149.077,149.515,1440
2024-12-03,149.516,150.234,148.646,149.613,1430
2024-12-04,149.613,151.228,149.52,150.547,1438
2024-12-05,150.547,150.695,149.654,150.118,1434
2024-12-06,150.121,150.698,149.36,149.989,1320
2024-12-08,149.864,150.072,149.84,149.89,115
2024-12-09,149.89,151.43,149.689,151.387,1435
2024-12-10,151.387,152.18,150.894,151.838,1417
2024-12-11,151.839,152.856,151.004,152.254,1435
2024-12-12,152.242,152.771,151.798,152.589,1405
2024-12-13,152.595,153.798,152.553,153.683,1320
2024-12-15,153.573,153.697,153.431,153.452,108
2024-12-16,153.454,154.476,153.322,154.094,1435
2024-12-17,154.091,154.342,153.159,153.568,1432
2024-12-18,153.569,154.864,153.332,154.665,1437
2024-12-19,154.663,157.804,154.463,157.647,1437
2024-12-20,157.647,157.924,155.951,156.407,1320
2024-12-22,156.249,156.563,156.238,156.563,108
2024-12-23,156.563,157.266,156.337,157.181,1429
2024-12-24,157.181,157.393,156.887,157.056,1359
2024-12-25,157.056,157.346,156.929,157.121,501
2024-12-26,157.121,158.083,157.069,157.764,1432
2024-12-27,157.763,157.948,157.35,157.764,1320
2024-12-29,157.679,157.898,157.652,157.898,112
2024-12-30,157.897,158.071,156.669,157.003,1419
2024-12-31,157.005,157.546,156.02,157.197,1319
2025-01-01,157.151,157.776,157.151,157.7,114
2025-01-02,157.7,157.849,156.435,157.353,1428
2025-01-03,157.359,157.49,156.87,157.242,1320
2025-01-05,157.18,157.527,157.139,157.504,101
2025-01-06,157.505,157.959,156.24,157.737,1429
2025-01-07,157.737,158.423,157.362,158.223,1438
2025-01-08,158.22,158.55,157.898,158.188,1435
2025-01-09,158.186,158.324,157.574,158.041,1438
2025-01-10,158.04,158.877,157.222,157.657,1320
2025-01-12,157.596,157.93,157.596,157.909,112
2025-01-13,157.909,157.964,156.91,157.305,1437
2025-01-14,157.309,158.195,157.032,158.045,1439
2025-01-15,158.053,158.082,155.935,156.219,1440
2025-01-16,156.218,156.528,155.086,155.364,1430
2025-01-17,155.363,156.372,154.977,156.241,1320
2025-01-19,156.187,156.58,156.154,156.306,115
2025-01-20,156.313,156.46,155.159,155.271,1431
2025-01-21,155.272,156.232,154.772,155.74,1435
2025-01-22,155.74,156.706,155.35,156.431,1430
2025-01-23,156.431,156.751,155.742,156.135,1438
2025-01-24,156.133,156.575,154.837,155.92,1320
2025-01-26,155.675,155.831,155.569,155.72,120
2025-01-27,155.719,156.244,153.71,154.914,1439
2025-01-28,154.912,155.976,154.793,155.56,1419
2025-01-29,155.563,155.787,154.937,155.176,1437
2025-01-30,155.174,155.203,153.788,154.086,1434
2025-01-31,154.088,155.217,153.91,155.182,1320
2025-02-02,154.771,155.43,154.755,155.344,120
2025-02-03,155.358,155.882,154.004,155.268,1433
2025-02-04,155.263,155.521,154.03,154.131,1437
2025-02-05,154.132,154.355,152.109,152.65,1431
2025-02-06,152.648,152.897,151.152,151.166,1432
2025-02-07,151.167,152.421,150.927,151.377,1320
2025-02-09,151.198,151.88,151.156,151.872,120
2025-02-10,151.875,152.536,151.567,151.788,1437
2025-02-11,151.786,152.767,151.647,152.765,1436
2025-02-12,152.765,154.801,152.726,154.232,1436
2025-02-13,154.23,154.664,152.688,152.985,1437
2025-02-14,152.996,153.097,152.023,152.254,1320
2025-02-16,152.2,152.391,151.965,152.006,119
2025-02-17,152.004,152.113,151.23,151.436,1430
2025-02-18,151.435,152.219,151.413,151.92,1436
2025-02-19,151.92,152.306,151.119,151.218,1426
2025-02-20,151.218,151.232,149.274,149.478,1433
2025-02-21,149.478,150.732,148.922,149.262,1320
2025-02-23,149.175,149.403,149.09,149.399,116
2025-02-24,149.401,149.91,148.841,149.908,1436
2025-02-25,149.909,150.298,148.562,149.049,1437
2025-02-26,149.047,149.884,148.618,148.876,1421
2025-02-27,148.877,150.161,148.781,150.084,1427
2025-02-28,150.086,150.987,149.098,150.545,1320
2025-03-02,150.644,151.019,150.632,150.806,109
2025-03-03,150.807,151.301,149.097,149.306,1438
2025-03-04,149.317,149.97,148.096,149.827,1434
2025-03-05,149.824,150.182,148.392,148.882,1439
2025-03-06,148.88,149.331,147.308,148.145,1437
2025-03-07,148.146,148.198,146.944,148.018,1314
2025-03-09,147.908,147.946,147.227,147.294,219
2025-03-10,147.289,147.79,146.538,146.748,1430
2025-03-11,146.746,148.151,146.593,148.13,1431
2025-03-12,148.131,149.194,147.844,148.108,1429
2025-03-13,148.108,148.354,147.411,148.295,1422
2025-03-14,148.294,149.02,148.152,148.606,1199
2025-03-16,148.753,148.883,148.459,148.791,233
2025-03-17,148.791,149.486,148.26,149.461,1435
2025-03-18,149.46,149.934,149.094,149.603,1430
2025-03-19,149.607,150.146,148.276,148.298,1433
2025-03-20,148.299,149.03,148.178,148.989,1433
2025-03-21,148.989,149.66,148.602,149.269,1200
2025-03-23,149.329,149.778,149.329,149.738,216
2025-03-24,149.737,150.942,149.491,150.933,1427
2025-03-25,150.931,150.935,149.546,150.174,1434
2025-03-26,150.175,150.743,150.017,150.48,1438
2025-03-27,150.479,151.208,150.058,150.961,1435
2025-03-28,150.96,150.975,149.682,149.818,1200
2025-03-30,149.721,149.796,149.397,149.478,112
2025-03-31,149.617,150.264,148.698,149.946,1435
2025-04-01,149.946,149.99,148.97,149.75,1429
2025-04-02,149.749,150.484,147.683,147.878,1440
2025-04-03,147.876,148.335,145.183,146.253,1422
2025-04-04,146.252,147.429,144.55,146.95,1258
2025-04-06,145.475,145.684,144.813,145.434,179
2025-04-07,145.429,148.147,145.069,147.79,1435
2025-04-08,147.789,147.963,145.598,145.849,1420
2025-04-09,145.848,148.277,143.992,147.4,1410
2025-04-10,147.402,147.46,143.712,143.749,1434
2025-04-11,143.754,144.199,142.06,143.436,1260
2025-04-13,143.876,144.06,143.503,143.691,177
2025-04-14,143.692,144.08,142.227,143.215,1422
2025-04-15,143.214,143.592,142.596,143.157,1426
2025-04-16,143.157,143.17,141.611,141.925,1429
2025-04-17,141.927,143.087,141.845,142.372,1434
2025-04-18,142.351,142.442,142.091,142.096,1258
2025-04-20,142.065,142.129,141.496,141.588,175
2025-04-21,141.589,141.589,140.467,140.871,1434
2025-04-22,140.872,143.218,139.885,142.701,1439
2025-04-23,142.701,143.571,141.527,143.194,1433
2025-04-24,143.192,143.338,142.276,142.851,1439
2025-04-25,142.853,144.029,142.817,143.623,1260
2025-04-27,143.539,143.877,143.449,143.85,172
2025-04-28,143.851,143.893,141.938,142.179,1420
2025-04-29,142.18,142.756,141.968,142.259,1436
2025-04-30,142.259,143.188,142.17,143.019,1436
2025-05-01,143.018,145.734,142.878,145.404,1434
2025-05-02,145.406,145.924,143.727,144.905,1259
2025-05-04,144.662,144.989,144.509,144.648,161
2025-05-05,144.649,144.797,143.539,143.702,1439
2025-05-06,143.702,144.275,142.353,143.087,1438
2025-05-07,143.089,143.997,142.745,143.861,1438
2025-05-08,143.86,146.176,143.443,145.95,1439
2025-05-09,145.948,146.185,144.823,145.299,1260
2025-05-11,146.213,146.233,145.698,145.838,176
2025-05-12,145.836,148.651,145.715,148.256,1437
2025-05-13,148.257,148.272,147.299,147.521,1438
2025-05-14,147.521,147.67,145.601,146.635,1436
2025-05-15,146.636,146.749,145.409,145.569,1433
2025-05-16,145.571,146.097,144.92,145.581,1259
2025-05-18,145.284,145.447,145.003,145.234,176
2025-05-19,145.236,145.342,144.66,144.975,1436
2025-05-20,144.976,145.512,144.089,144.318,1440
2025-05-21,144.319,144.398,143.282,143.693,1434
2025-05-22,143.691,144.328,142.802,143.857,1438
2025-05-23,143.859,144.013,142.422,142.538,1260
2025-05-25,142.441,143.08,142.409,142.822,173
2025-05-26,142.821,143.032,142.225,142.628,1421
2025-05-27,142.627,144.46,142.112,144.133,1436
2025-05-28,144.133,146.023,143.851,145.717,1438
2025-05-29,145.724,146.285,143.741,143.751,1437
2025-05-30,143.751,144.442,143.437,144.006,1260
2025-06-01,143.795,143.986,143.716,143.792,174
2025-06-02,143.798,143.798,142.378,142.425,1436
2025-06-03,142.425,144.107,142.423,143.818,1435
2025-06-04,143.818,144.392,142.53,142.724,1436
2025-06-05,142.724,143.975,142.569,143.553,1435
2025-06-06,143.554,145.086,143.527,144.816,1260
2025-06-08,144.807,144.809,144.6,144.692,163
2025-06-09,144.69,144.947,143.974,144.563,1436
2025-06-10,144.564,145.287,144.402,144.84,1435
2025-06-11,144.836,145.463,144.116,144.181,1434
2025-06-12,144.18,144.344,143.074,143.094,1434
2025-06-13,143.094,144.481,142.79,144.038,1260
2025-06-15,143.946,144.749,143.86,144.568,176
2025-06-16,144.568,144.875,143.651,144.682,1439
2025-06-17,144.682,145.432,144.383,145.382,1433
2025-06-18,145.384,145.44,144.327,144.953,1436
2025-06-19,144.953,145.77,144.734,145.232,1435
2025-06-20,145.228,146.214,145.12,146.054,1260
2025-06-22,146.671,146.671,146.207,146.211,173
2025-06-23,146.21,148.025,145.696,145.92,1428
2025-06-24,145.92,145.937,144.512,144.933,1440
2025-06-25,144.934,145.949,144.606,144.912,1439
2025-06-26,144.911,144.965,143.75,144.673,1431
2025-06-27,144.666,144.945,144.176,144.614,1260
2025-06-29,144.3,144.663,144.298,144.503,178
2025-06-30,144.5,144.762,143.774,143.805,1438
2025-07-01,143.806,143.933,142.679,143.371,1432
2025-07-02,143.372,144.244,143.319,143.519,1434
2025-07-03,143.519,145.232,143.443,144.707,1420
2025-07-04,144.707,144.79,144.181,144.417,1260
2025-07-06,144.376,144.632,144.314,144.487,165
2025-07-07,144.487,146.239,144.223,145.879,1438
2025-07-08,145.878,146.976,145.83,146.868,1430
2025-07-09,146.866,147.182,146.07,146.105,1438
2025-07-10,146.103,146.786,145.753,146.278,1437
2025-07-11,146.276,147.52,146.245,147.379,1260
2025-07-13,147.135,147.568,147.135,147.293,172
2025-07-14,147.292,147.887,146.849,147.783,1425
2025-07-15,147.782,149.019,147.552,148.778,1436
2025-07-16,148.781,149.184,146.908,147.994,1436
2025-07-17,147.995,149.087,147.982,148.443,1431
2025-07-18,148.443,148.882,148.185,148.749,1260
2025-07-20,147.902,148.662,147.894,148.453,175
2025-07-21,148.453,148.559,147.084,147.398,1428
2025-07-22,147.399,147.947,146.245,146.761,1430
2025-07-23,146.755,147.215,146.107,146.346,1434
2025-07-24,146.35,147.231,145.853,147.007,1439
2025-07-25,147.009,147.939,146.808,147.612,1259
2025-07-27,147.694,147.875,147.617,147.782,167
2025-07-28,147.781,148.636,147.518,148.457,1431
2025-07-29,148.459,148.806,148.156,148.424,1436
2025-07-30,148.426,149.532,147.802,149.225,1433
2025-07-31,149.223,150.878,148.585,150.81,1435
2025-08-01,150.807,150.916,147.29,147.375,1260
2025-08-03,147.24,147.383,147.056,147.345,174
2025-08-04,147.347,148.087,146.693,146.791,1436
2025-08-05,146.789,147.834,146.617,147.526,1432
2025-08-06,147.524,147.885,146.974,147.197,1437
2025-08-07,147.192,147.711,146.691,146.801,1437
2025-08-08,146.797,147.901,146.718,147.667,1260
2025-08-10,147.47,147.787,147.466,147.655,165
2025-08-11,147.654,148.25,147.349,148.149,1434
2025-08-12,148.155,148.517,147.577,147.774,1427
2025-08-13,147.767,148.168,147.087,147.121,1436
2025-08-14,147.119,147.962,146.213,147.682,1429
2025-08-15,147.683,147.726,146.736,147.177,1259
2025-08-17,147.152,147.383,147.08,147.232,171
2025-08-18,147.229,147.984,147.118,147.918,1435
2025-08-19,147.918,148.112,147.446,147.739,1435
2025-08-20,147.742,147.813,146.87,147.3,1435
2025-08-21,147.301,148.454,147.254,148.384,1437
2025-08-22,148.385,148.777,146.572,146.875,1260
2025-08-24,146.829,147.3,146.758,147.265,176
2025-08-25,147.265,147.936,147.097,147.815,1434
2025-08-26,147.81,147.907,146.984,147.474,1436
2025-08-27,147.475,148.183,147.203,147.336,1435
2025-08-28,147.335,147.489,146.66,146.831,1433
2025-08-29,146.831,147.408,146.763,146.992,1260
2025-08-31,147.04,147.187,146.921,147.12,156
2025-09-01,147.121,147.378,146.785,147.092,1429
2025-09-02,147.094,148.939,147.089,148.583,1431
2025-09-03,148.582,149.136,147.88,147.973,1435
2025-09-04,147.973,148.777,147.789,148.422,1435
2025-09-05,148.419,148.438,146.816,147.392,1260
2025-09-07,148.088,148.47,147.913,148.315,176
2025-09-08,148.315,148.576,147.213,147.373,1437
2025-09-09,147.374,147.469,146.309,147.393,1437
2025-09-10,147.391,147.647,147.084,147.351,1432
2025-09-11,147.355,148.179,146.985,147.229,1434
2025-09-12,147.226,148.072,147.166,147.645,1260
2025-09-14,147.403,147.776,147.367,147.675,168
2025-09-15,147.677,147.689,147.232,147.401,1433
2025-09-16,147.406,147.538,146.277,146.412,1437
2025-09-17,146.411,147.048,145.481,146.883,1440
2025-09-18,146.88,148.267,146.845,147.963,1435
2025-09-19,147.966,148.281,147.197,147.892,1260
2025-09-21,147.867,148.11,147.851,148.099,170
2025-09-22,148.105,148.376,147.65,147.73,1434
2025-09-23,147.731,147.926,147.459,147.602,1435
2025-09-24,147.601,148.915,147.517,148.779,1438
2025-09-25,148.783,149.955,148.558,149.875,1438
2025-09-26,149.874,149.951,149.404,149.489,1260
2025-09-28,149.399,149.513,149.339,149.412,167
2025-09-29,149.412,149.421,148.439,148.617,1436
2025-09-30,148.619,148.845,147.649,148.025,1435
2025-10-01,148.024,148.226,146.587,147.108,1431
2025-10-02,147.108,147.514,146.599,147.156,1437
2025-10-03,147.155,147.814,147.067,147.399,1260
2025-10-05,149.491,149.657,149.044,149.583,180
2025-10-06,149.58,150.475,149.447,150.363,1439
2025-10-07,150.36,152.093,150.247,152.056,1430
2025-10-08,152.057,152.998,152.056,152.708,1436
2025-10-09,152.714,153.272,152.108,153.026,1432
2025-10-10,153.024,153.163,151.119,151.119,1260
2025-10-12,151.822,152.275,151.74,152.065,176
2025-10-13,152.069,152.46,151.721,152.457,1437
2025-10-14,152.458,152.612,151.604,151.702,1436
2025-10-15,151.705,151.83,150.75,150.987,1440
2025-10-16,150.994,151.397,150.05,150.148,1436
2025-10-17,150.148,150.636,149.378,150.583,1260
2025-10-19,150.353,150.965,150.324,150.917,171
2025-10-20,150.917,151.2,150.273,150.82,1435
2025-10-21,150.821,152.174,150.469,151.878,1429
2025-10-22,151.877,152.045,151.487,151.986,1437
2025-10-23,151.986,152.797,151.971,152.609,1435
2025-10-24,152.609,153.061,152.251,152.81,1260
2025-10-26,152.805,153.177,152.79,152.891,237
2025-10-27,152.888,153.255,152.395,152.496,1428
2025-10-28,152.498,152.512,151.537,151.634,1433
2025-10-29,151.635,153.059,151.551,152.634,1432
2025-10-30,152.637,154.444,152.162,153.895,1432
2025-10-31,153.891,154.412,153.652,153.936,1200
2025-11-02,153.939,154.25,153.939,154.199,115
2025-11-03,154.201,154.296,153.899,154.208,1429
2025-11-04,154.211,154.482,153.314,153.548,1431
2025-11-05,153.549,154.356,152.957,154.088,1427
2025-11-06,154.089,154.14,152.817,152.954,1437
2025-11-07,152.953,153.595,152.856,153.378,1320
2025-11-09,153.687,153.865,153.541,153.826,119
2025-11-10,153.828,154.249,153.402,154.15,1432
2025-11-11,154.151,154.492,153.667,154.081,1434
2025-11-12,154.084,155.044,154.049,154.708,1439
2025-11-13,154.709,155.015,154.126,154.631,1439
2025-11-14,154.634,154.763,153.615,154.508,1319
2025-11-16,154.453,154.636,154.442,154.592,116
2025-11-17,154.592,155.301,154.415,155.278,1435
2025-11-18,155.278,155.732,154.815,155.532,1439
2025-11-19,155.527,157.183,155.212,156.997,1440
2025-11-20,156.998,157.892,156.879,157.386,1437
2025-11-21,157.384,157.541,156.2,156.378,1320
2025-11-23,156.27,156.707,156.27,156.687,116
2025-11-24,156.686,157.186,156.499,156.908,1434
2025-11-25,156.904,156.983,155.801,156.198,1437
2025-11-26,156.198,156.734,155.651,156.22,1438
2025-11-27,156.219,156.404,155.72,156.289,1428
2025-11-28,156.291,156.582,155.981,156.137,1319
2025-11-30,156.055,156.151,155.905,155.909,120
2025-12-01,155.907,155.991,154.662,155.561,1435
2025-12-02,155.56,156.18,155.46,155.764,1435
2025-12-03,155.764,155.812,155.009,155.112,1439
2025-12-04,155.114,155.541,154.507,155.133,1440
2025-12-05,155.132,155.492,154.343,155.298,1320
2025-12-07,155.159,155.381,155.149,155.313,115
2025-12-08,155.31,155.983,154.9,155.845,1440
2025-12-09,155.846,156.953,155.744,156.805,1436
2025-12-10,156.805,156.936,155.626,155.751,1435
2025-12-11,155.749,156.163,154.948,155.505,1438
2025-12-12,155.502,156.127,155.459,155.8,1320
2025-12-14,155.816,155.909,155.749,155.867,115
2025-12-15,155.869,155.986,154.835,155.034,1435
2025-12-16,155.034,155.12,154.393,154.772,1436
2025-12-17,154.771,155.749,154.512,155.489,1431
2025-12-18,155.488,155.974,155.282,155.575,1439
2025-12-19,155.579,157.778,155.556,157.737,1320
2025-12-21,157.659,157.703,157.318,157.623,117
2025-12-22,157.623,157.659,156.706,156.92,1436
2025-12-23,156.92,156.927,155.651,156.169,1440
2025-12-24,156.169,156.279,155.552,155.884,1372
2025-12-25,155.88,156.129,155.464,156.102,446
2025-12-26,156.103,156.732,155.987,156.561,1320
2025-12-28,156.389,156.549,156.389,156.484,116
2025-12-29,156.485,156.51,155.915,155.99,1437
2025-12-30,155.994,156.564,155.742,156.4,1433
2025-12-31,156.394,156.994,156.329,156.671,1318
